<gpx xmlns:ns3="http://www.garmin.com/xmlschemas/TrackPointExtension/v1" xmlns="http://www.topografix.com/GPX/1/1" xmlns:xsi="http://www.w3.org/2001/XMLSchema-instance" xmlns:ns2="http://www.garmin.com/xmlschemas/GpxExtensions/v3" creator="Garmin Connect" version="1.1" xsi:schemaLocation="http://www.topografix.com/GPX/1/1 http://www.topografix.com/GPX/11.xsd">
  <extensions>
<distance>6024.13</distance>
<average_hr>169.0</average_hr>
<average_speed>3.4059998989105225</average_speed>
<start_time>2026-03-12T10:22:18+00:00</start_time>
<end_time>2026-03-12T10:51:46.842000+00:00</end_time>
<moving_time>1766.967</moving_time>
<elapsed_time>1768.842</elapsed_time>
</extensions>
<metadata>
    <link href="connect.garmin.com">
      <text>Garmin Connect</text>
    </link>
    <time>2026-03-12T10:22:18.000Z</time>
  </metadata>
  <trk>
    <name>Wanzhou Running</name>
    <type>running</type>
    <trkseg>
      <trkpt lat="30.75177001766860485076904296875" lon="108.445250652730464935302734375">
        <ele>424.600006103515625</ele>
        <time>2026-03-12T10:22:18.000Z</time>
        <extensions>
          <ns3:TrackPointExtension>
            <ns3:hr>66</ns3:hr>
            <ns3:cad>57</ns3:cad>
          </ns3:TrackPointExtension>
        </extensions>
      </trkpt>
      <trkpt lat="30.75175073929131031036376953125" lon="108.44526615925133228302001953125">
        <ele>424.600006103515625</ele>
        <time>2026-03-12T10:22:19.000Z</time>
        <extensions>
          <ns3:TrackPointExtension>
            <ns3:hr>66</ns3:hr>
            <ns3:cad>57</ns3:cad>
          </ns3:TrackPointExtension>
        </extensions>
      </trkpt>
      <trkpt lat="30.751732885837554931640625" lon="108.44529247842729091644287109375">
        <ele>424.600006103515625</ele>
        <time>2026-03-12T10:22:20.000Z</time>
        <extensions>
          <ns3:TrackPointExtension>
            <ns3:hr>67</ns3:hr>
            <ns3:cad>0</ns3:cad>
          </ns3:TrackPointExtension>
        </extensions>
      </trkpt>
      <trkpt lat="30.75171033851802349090576171875" lon="108.44531276263296604156494140625">
        <ele>424.600006103515625</ele>
        <time>2026-03-12T10:22:21.000Z</time>
        <extensions>
          <ns3:TrackPointExtension>
            <ns3:hr>67</ns3:hr>
            <ns3:cad>0</ns3:cad>
          </ns3:TrackPointExtension>
        </extensions>
      </trkpt>
      <trkpt lat="30.75169273652136325836181640625" lon="108.4453413449227809906005859375">
        <ele>424.600006103515625</ele>
        <time>2026-03-12T10:22:22.000Z</time>
        <extensions>
          <ns3:TrackPointExtension>
            <ns3:hr>67</ns3:hr>
            <ns3:cad>0</ns3:cad>
          </ns3:TrackPointExtension>
        </extensions>
      </trkpt>
      <trkpt lat="30.75167681090533733367919921875" lon="108.44536523334681987762451171875">
        <ele>424.600006103515625</ele>
        <time>2026-03-12T10:22:23.000Z</time>
        <extensions>
          <ns3:TrackPointExtension>
            <ns3:hr>67</ns3:hr>
            <ns3:cad>94</ns3:cad>
          </ns3:TrackPointExtension>
        </extensions>
      </trkpt>
      <trkpt lat="30.751662813127040863037109375" lon="108.4453959949314594268798828125">
        <ele>424.600006103515625</ele>
        <time>2026-03-12T10:22:24.000Z</time>
        <extensions>
          <ns3:TrackPointExtension>
            <ns3:hr>68</ns3:hr>
            <ns3:cad>94</ns3:cad>
          </ns3:TrackPointExtension>
        </extensions>
      </trkpt>
      <trkpt lat="30.7516509108245372772216796875" lon="108.44541938044130802154541015625">
        <ele>424.600006103515625</ele>
        <time>2026-03-12T10:22:25.000Z</time>
        <extensions>
          <ns3:TrackPointExtension>
            <ns3:hr>69</ns3:hr>
            <ns3:cad>94</ns3:cad>
          </ns3:TrackPointExtension>
        </extensions>
      </trkpt>
      <trkpt lat="30.7516378350555896759033203125" lon="108.44545257277786731719970703125">
        <ele>424.600006103515625</ele>
        <time>2026-03-12T10:22:26.000Z</time>
        <extensions>
          <ns3:TrackPointExtension>
            <ns3:hr>70</ns3:hr>
            <ns3:cad>94</ns3:cad>
          </ns3:TrackPointExtension>
        </extensions>
      </trkpt>
      <trkpt lat="30.75163037516176700592041015625" lon="108.445479311048984527587890625">
        <ele>424.600006103515625</ele>
        <time>2026-03-12T10:22:27.000Z</time>
        <extensions>
          <ns3:TrackPointExtension>
            <ns3:hr>72</ns3:hr>
            <ns3:cad>94</ns3:cad>
          </ns3:TrackPointExtension>
        </extensions>
      </trkpt>
      <trkpt lat="30.75161931104958057403564453125" lon="108.4455136768519878387451171875">
        <ele>424.600006103515625</ele>
        <time>2026-03-12T10:22:28.000Z</time>
        <extensions>
          <ns3:TrackPointExtension>
            <ns3:hr>73</ns3:hr>
            <ns3:cad>94</ns3:cad>
          </ns3:TrackPointExtension>
        </extensions>
      </trkpt>
      <trkpt lat="30.751615203917026519775390625" lon="108.44553991220891475677490234375">
        <ele>424.600006103515625</ele>
        <time>2026-03-12T10:22:29.000Z</time>
        <extensions>
          <ns3:TrackPointExtension>
            <ns3:hr>74</ns3:hr>
            <ns3:cad>93</ns3:cad>
          </ns3:TrackPointExtension>
        </extensions>
      </trkpt>
      <trkpt lat="30.75160237960517406463623046875" lon="108.44557327218353748321533203125">
        <ele>424.600006103515625</ele>
        <time>2026-03-12T10:22:30.000Z</time>
        <extensions>
          <ns3:TrackPointExtension>
            <ns3:hr>75</ns3:hr>
            <ns3:cad>93</ns3:cad>
          </ns3:TrackPointExtension>
        </extensions>
      </trkpt>
      <trkpt lat="30.75160422362387180328369140625" lon="108.445599339902400970458984375">
        <ele>424.600006103515625</ele>
        <time>2026-03-12T10:22:31.000Z</time>
        <extensions>
          <ns3:TrackPointExtension>
            <ns3:hr>77</ns3:hr>
            <ns3:cad>93</ns3:cad>
          </ns3:TrackPointExtension>
        </extensions>
      </trkpt>
      <trkpt lat="30.751595087349414825439453125" lon="108.4456293471157550811767578125">
        <ele>424.600006103515625</ele>
        <time>2026-03-12T10:22:32.000Z</time>
        <extensions>
          <ns3:TrackPointExtension>
            <ns3:hr>78</ns3:hr>
            <ns3:cad>94</ns3:cad>
          </ns3:TrackPointExtension>
        </extensions>
      </trkpt>
      <trkpt lat="30.75159852392971515655517578125" lon="108.44565943814814090728759765625">
        <ele>424.600006103515625</ele>
        <time>2026-03-12T10:22:33.000Z</time>
        <extensions>
          <ns3:TrackPointExtension>
            <ns3:hr>80</ns3:hr>
            <ns3:cad>94</ns3:cad>
          </ns3:TrackPointExtension>
        </extensions>
      </trkpt>
      <trkpt lat="30.75159919448196887969970703125" lon="108.44568743370473384857177734375">
        <ele>424.600006103515625</ele>
        <time>2026-03-12T10:22:34.000Z</time>
        <extensions>
          <ns3:TrackPointExtension>
            <ns3:hr>83</ns3:hr>
            <ns3:cad>92</ns3:cad>
          </ns3:TrackPointExtension>
        </extensions>
      </trkpt>
      <trkpt lat="30.75160724110901355743408203125" lon="108.4457185305655002593994140625">
        <ele>424.600006103515625</ele>
        <time>2026-03-12T10:22:35.000Z</time>
        <extensions>
          <ns3:TrackPointExtension>
            <ns3:hr>85</ns3:hr>
            <ns3:cad>92</ns3:cad>
          </ns3:TrackPointExtension>
        </extensions>
      </trkpt>
      <trkpt lat="30.751612186431884765625" lon="108.44574518501758575439453125">
        <ele>424.600006103515625</ele>
        <time>2026-03-12T10:22:36.000Z</time>
        <extensions>
          <ns3:TrackPointExtension>
            <ns3:hr>87</ns3:hr>
            <ns3:cad>92</ns3:cad>
          </ns3:TrackPointExtension>
        </extensions>
      </trkpt>
      <trkpt lat="30.75162568129599094390869140625" lon="108.44577913172543048858642578125">
        <ele>424.600006103515625</ele>
        <time>2026-03-12T10:22:37.000Z</time>
        <extensions>
          <ns3:TrackPointExtension>
            <ns3:hr>89</ns3:hr>
            <ns3:cad>93</ns3:cad>
          </ns3:TrackPointExtension>
        </extensions>
      </trkpt>
      <trkpt lat="30.75163858942687511444091796875" lon="108.4458030201494693756103515625">
        <ele>424.600006103515625</ele>
        <time>2026-03-12T10:22:38.000Z</time>
        <extensions>
          <ns3:TrackPointExtension>
            <ns3:hr>91</ns3:hr>
            <ns3:cad>93</ns3:cad>
          </ns3:TrackPointExtension>
        </extensions>
      </trkpt>
      <trkpt lat="30.751650072634220123291015625" lon="108.44583780504763126373291015625">
        <ele>424.600006103515625</ele>
        <time>2026-03-12T10:22:39.000Z</time>
        <extensions>
          <ns3:TrackPointExtension>
            <ns3:hr>94</ns3:hr>
            <ns3:cad>93</ns3:cad>
          </ns3:TrackPointExtension>
        </extensions>
      </trkpt>
      <trkpt lat="30.751662813127040863037109375" lon="108.44586110673844814300537109375">
        <ele>424.600006103515625</ele>
        <time>2026-03-12T10:22:40.000Z</time>
        <extensions>
          <ns3:TrackPointExtension>
            <ns3:hr>97</ns3:hr>
            <ns3:cad>94</ns3:cad>
          </ns3:TrackPointExtension>
        </extensions>
      </trkpt>
      <trkpt lat="30.75167463161051273345947265625" lon="108.44589245505630970001220703125">
        <ele>424.600006103515625</ele>
        <time>2026-03-12T10:22:41.000Z</time>
        <extensions>
          <ns3:TrackPointExtension>
            <ns3:hr>102</ns3:hr>
            <ns3:cad>93</ns3:cad>
          </ns3:TrackPointExtension>
        </extensions>
      </trkpt>
      <trkpt lat="30.75169307179749011993408203125" lon="108.445911817252635955810546875">
        <ele>424.79998779296875</ele>
        <time>2026-03-12T10:22:42.000Z</time>
        <extensions>
          <ns3:TrackPointExtension>
            <ns3:hr>107</ns3:hr>
            <ns3:cad>92</ns3:cad>
          </ns3:TrackPointExtension>
        </extensions>
      </trkpt>
      <trkpt lat="30.751707740128040313720703125" lon="108.44593922607600688934326171875">
        <ele>424.600006103515625</ele>
        <time>2026-03-12T10:22:43.000Z</time>
        <extensions>
          <ns3:TrackPointExtension>
            <ns3:hr>112</ns3:hr>
            <ns3:cad>92</ns3:cad>
          </ns3:TrackPointExtension>
        </extensions>
      </trkpt>
      <trkpt lat="30.7517283596098423004150390625" lon="108.44595800153911113739013671875">
        <ele>424.600006103515625</ele>
        <time>2026-03-12T10:22:44.000Z</time>
        <extensions>
          <ns3:TrackPointExtension>
            <ns3:hr>115</ns3:hr>
            <ns3:cad>92</ns3:cad>
          </ns3:TrackPointExtension>
        </extensions>
      </trkpt>
      <trkpt lat="30.75174453668296337127685546875" lon="108.4459847398102283477783203125">
        <ele>424.79998779296875</ele>
        <time>2026-03-12T10:22:45.000Z</time>
        <extensions>
          <ns3:TrackPointExtension>
            <ns3:hr>116</ns3:hr>
            <ns3:cad>92</ns3:cad>
          </ns3:TrackPointExtension>
        </extensions>
      </trkpt>
      <trkpt lat="30.75176783837378025054931640625" lon="108.44600711949169635772705078125">
        <ele>424.600006103515625</ele>
        <time>2026-03-12T10:22:46.000Z</time>
        <extensions>
          <ns3:TrackPointExtension>
            <ns3:hr>118</ns3:hr>
            <ns3:cad>92</ns3:cad>
          </ns3:TrackPointExtension>
        </extensions>
      </trkpt>
      <trkpt lat="30.75178493745625019073486328125" lon="108.44602757133543491363525390625">
        <ele>424.600006103515625</ele>
        <time>2026-03-12T10:22:47.000Z</time>
        <extensions>
          <ns3:TrackPointExtension>
            <ns3:hr>119</ns3:hr>
            <ns3:cad>92</ns3:cad>
          </ns3:TrackPointExtension>
        </extensions>
      </trkpt>
      <trkpt lat="30.7518074847757816314697265625" lon="108.44605137594044208526611328125">
        <ele>424.600006103515625</ele>
        <time>2026-03-12T10:22:48.000Z</time>
        <extensions>
          <ns3:TrackPointExtension>
            <ns3:hr>120</ns3:hr>
            <ns3:cad>91</ns3:cad>
          </ns3:TrackPointExtension>
        </extensions>
      </trkpt>
      <trkpt lat="30.7518225722014904022216796875" lon="108.44606881029903888702392578125">
        <ele>424.600006103515625</ele>
        <time>2026-03-12T10:22:49.000Z</time>
        <extensions>
          <ns3:TrackPointExtension>
            <ns3:hr>120</ns3:hr>
            <ns3:cad>91</ns3:cad>
          </ns3:TrackPointExtension>
        </extensions>
      </trkpt>
      <trkpt lat="30.75185014866292476654052734375" lon="108.44608859159052371978759765625">
        <ele>424.600006103515625</ele>
        <time>2026-03-12T10:22:50.000Z</time>
        <extensions>
          <ns3:TrackPointExtension>
            <ns3:hr>121</ns3:hr>
            <ns3:cad>93</ns3:cad>
          </ns3:TrackPointExtension>
        </extensions>
      </trkpt>
      <trkpt lat="30.75187026523053646087646484375" lon="108.44609898515045642852783203125">
        <ele>424.600006103515625</ele>
        <time>2026-03-12T10:22:51.000Z</time>
        <extensions>
          <ns3:TrackPointExtension>
            <ns3:hr>122</ns3:hr>
            <ns3:cad>94</ns3:cad>
          </ns3:TrackPointExtension>
        </extensions>
      </trkpt>
      <trkpt lat="30.75189314782619476318359375" lon="108.446117341518402099609375">
        <ele>424.600006103515625</ele>
        <time>2026-03-12T10:22:52.000Z</time>
        <extensions>
          <ns3:TrackPointExtension>
            <ns3:hr>123</ns3:hr>
            <ns3:cad>94</ns3:cad>
          </ns3:TrackPointExtension>
        </extensions>
      </trkpt>
      <trkpt lat="30.75191862881183624267578125" lon="108.446127735078334808349609375">
        <ele>424.79998779296875</ele>
        <time>2026-03-12T10:22:53.000Z</time>
        <extensions>
          <ns3:TrackPointExtension>
            <ns3:hr>124</ns3:hr>
            <ns3:cad>93</ns3:cad>
          </ns3:TrackPointExtension>
        </extensions>
      </trkpt>
      <trkpt lat="30.75193933211266994476318359375" lon="108.446138799190521240234375">
        <ele>424.79998779296875</ele>
        <time>2026-03-12T10:22:54.000Z</time>
        <extensions>
          <ns3:TrackPointExtension>
            <ns3:hr>125</ns3:hr>
            <ns3:cad>92</ns3:cad>
          </ns3:TrackPointExtension>
        </extensions>
      </trkpt>
      <trkpt lat="30.75196288526058197021484375" lon="108.446146510541439056396484375">
        <ele>424.79998779296875</ele>
        <time>2026-03-12T10:22:55.000Z</time>
        <extensions>
          <ns3:TrackPointExtension>
            <ns3:hr>126</ns3:hr>
            <ns3:cad>92</ns3:cad>
          </ns3:TrackPointExtension>
        </extensions>
      </trkpt>
      <trkpt lat="30.7519855163991451263427734375" lon="108.4461537189781665802001953125">
        <ele>424.79998779296875</ele>
        <time>2026-03-12T10:22:56.000Z</time>
        <extensions>
          <ns3:TrackPointExtension>
            <ns3:hr>127</ns3:hr>
            <ns3:cad>92</ns3:cad>
          </ns3:TrackPointExtension>
        </extensions>
      </trkpt>
      <trkpt lat="30.7520143501460552215576171875" lon="108.44615690410137176513671875">
        <ele>424.79998779296875</ele>
        <time>2026-03-12T10:22:57.000Z</time>
        <extensions>
          <ns3:TrackPointExtension>
            <ns3:hr>128</ns3:hr>
            <ns3:cad>92</ns3:cad>
          </ns3:TrackPointExtension>
        </extensions>
      </trkpt>
      <trkpt lat="30.75203387998044490814208984375" lon="108.44615866430103778839111328125">
        <ele>424.79998779296875</ele>
        <time>2026-03-12T10:22:58.000Z</time>
        <extensions>
          <ns3:TrackPointExtension>
            <ns3:hr>129</ns3:hr>
            <ns3:cad>92</ns3:cad>
          </ns3:TrackPointExtension>
        </extensions>
      </trkpt>
      <trkpt lat="30.75206288136541843414306640625" lon="108.44615933485329151153564453125">
        <ele>424.79998779296875</ele>
        <time>2026-03-12T10:22:59.000Z</time>
        <extensions>
          <ns3:TrackPointExtension>
            <ns3:hr>131</ns3:hr>
            <ns3:cad>94</ns3:cad>
          </ns3:TrackPointExtension>
        </extensions>
      </trkpt>
      <trkpt lat="30.7520844228565692901611328125" lon="108.44615849666297435760498046875">
        <ele>424.79998779296875</ele>
        <time>2026-03-12T10:23:00.000Z</time>
        <extensions>
          <ns3:TrackPointExtension>
            <ns3:hr>134</ns3:hr>
            <ns3:cad>94</ns3:cad>
          </ns3:TrackPointExtension>
        </extensions>
      </trkpt>
      <trkpt lat="30.752115435898303985595703125" lon="108.44615799374878406524658203125">
        <ele>424.79998779296875</ele>
        <time>2026-03-12T10:23:01.000Z</time>
        <extensions>
          <ns3:TrackPointExtension>
            <ns3:hr>136</ns3:hr>
            <ns3:cad>94</ns3:cad>
          </ns3:TrackPointExtension>
        </extensions>
      </trkpt>
      <trkpt lat="30.75213530100882053375244140625" lon="108.44615447334945201873779296875">
        <ele>424.79998779296875</ele>
        <time>2026-03-12T10:23:02.000Z</time>
        <extensions>
          <ns3:TrackPointExtension>
            <ns3:hr>137</ns3:hr>
            <ns3:cad>94</ns3:cad>
          </ns3:TrackPointExtension>
        </extensions>
      </trkpt>
      <trkpt lat="30.75216346420347690582275390625" lon="108.4461589157581329345703125">
        <ele>424.79998779296875</ele>
        <time>2026-03-12T10:23:03.000Z</time>
        <extensions>
          <ns3:TrackPointExtension>
            <ns3:hr>137</ns3:hr>
            <ns3:cad>93</ns3:cad>
          </ns3:TrackPointExtension>
        </extensions>
      </trkpt>
      <trkpt lat="30.75218282639980316162109375" lon="108.446155227720737457275390625">
        <ele>424.79998779296875</ele>
        <time>2026-03-12T10:23:04.000Z</time>
        <extensions>
          <ns3:TrackPointExtension>
            <ns3:hr>137</ns3:hr>
            <ns3:cad>93</ns3:cad>
          </ns3:TrackPointExtension>
        </extensions>
      </trkpt>
      <trkpt lat="30.75221073813736438751220703125" lon="108.4461587481200695037841796875">
        <ele>424.79998779296875</ele>
        <time>2026-03-12T10:23:05.000Z</time>
        <extensions>
          <ns3:TrackPointExtension>
            <ns3:hr>137</ns3:hr>
            <ns3:cad>93</ns3:cad>
          </ns3:TrackPointExtension>
        </extensions>
      </trkpt>
      <trkpt lat="30.75223219580948352813720703125" lon="108.44615246169269084930419921875">
        <ele>424.79998779296875</ele>
        <time>2026-03-12T10:23:06.000Z</time>
        <extensions>
          <ns3:TrackPointExtension>
            <ns3:hr>136</ns3:hr>
            <ns3:cad>93</ns3:cad>
          </ns3:TrackPointExtension>
        </extensions>
      </trkpt>
      <trkpt lat="30.75225734151899814605712890625" lon="108.44615824520587921142578125">
        <ele>424.79998779296875</ele>
        <time>2026-03-12T10:23:07.000Z</time>
        <extensions>
          <ns3:TrackPointExtension>
            <ns3:hr>136</ns3:hr>
            <ns3:cad>93</ns3:cad>
          </ns3:TrackPointExtension>
        </extensions>
      </trkpt>
      <trkpt lat="30.75228349305689334869384765625" lon="108.4461557306349277496337890625">
        <ele>424.79998779296875</ele>
        <time>2026-03-12T10:23:08.000Z</time>
        <extensions>
          <ns3:TrackPointExtension>
            <ns3:hr>135</ns3:hr>
            <ns3:cad>93</ns3:cad>
          </ns3:TrackPointExtension>
        </extensions>
      </trkpt>
      <trkpt lat="30.7523055374622344970703125" lon="108.44615380279719829559326171875">
        <ele>424.79998779296875</ele>
        <time>2026-03-12T10:23:09.000Z</time>
        <extensions>
          <ns3:TrackPointExtension>
            <ns3:hr>133</ns3:hr>
            <ns3:cad>92</ns3:cad>
          </ns3:TrackPointExtension>
        </extensions>
      </trkpt>
      <trkpt lat="30.752333700656890869140625" lon="108.44615095295011997222900390625">
        <ele>424.79998779296875</ele>
        <time>2026-03-12T10:23:10.000Z</time>
        <extensions>
          <ns3:TrackPointExtension>
            <ns3:hr>132</ns3:hr>
            <ns3:cad>91</ns3:cad>
          </ns3:TrackPointExtension>
        </extensions>
      </trkpt>
      <trkpt lat="30.75235172174870967864990234375" lon="108.44614751636981964111328125">
        <ele>424.79998779296875</ele>
        <time>2026-03-12T10:23:11.000Z</time>
        <extensions>
          <ns3:TrackPointExtension>
            <ns3:hr>132</ns3:hr>
            <ns3:cad>91</ns3:cad>
          </ns3:TrackPointExtension>
        </extensions>
      </trkpt>
      <trkpt lat="30.752380304038524627685546875" lon="108.44614684581756591796875">
        <ele>424.79998779296875</ele>
        <time>2026-03-12T10:23:12.000Z</time>
        <extensions>
          <ns3:TrackPointExtension>
            <ns3:hr>132</ns3:hr>
            <ns3:cad>93</ns3:cad>
          </ns3:TrackPointExtension>
        </extensions>
      </trkpt>
      <trkpt lat="30.75240184552967548370361328125" lon="108.44614525325596332550048828125">
        <ele>424.79998779296875</ele>
        <time>2026-03-12T10:23:13.000Z</time>
        <extensions>
          <ns3:TrackPointExtension>
            <ns3:hr>133</ns3:hr>
            <ns3:cad>94</ns3:cad>
          </ns3:TrackPointExtension>
        </extensions>
      </trkpt>
      <trkpt lat="30.75243369676172733306884765625" lon="108.4461503662168979644775390625">
        <ele>424.79998779296875</ele>
        <time>2026-03-12T10:23:14.000Z</time>
        <extensions>
          <ns3:TrackPointExtension>
            <ns3:hr>133</ns3:hr>
            <ns3:cad>94</ns3:cad>
          </ns3:TrackPointExtension>
        </extensions>
      </trkpt>
      <trkpt lat="30.75245372951030731201171875" lon="108.44614273868501186370849609375">
        <ele>424.79998779296875</ele>
        <time>2026-03-12T10:23:15.000Z</time>
        <extensions>
          <ns3:TrackPointExtension>
            <ns3:hr>133</ns3:hr>
            <ns3:cad>94</ns3:cad>
          </ns3:TrackPointExtension>
        </extensions>
      </trkpt>
      <trkpt lat="30.75248298235237598419189453125" lon="108.44614860601723194122314453125">
        <ele>424.79998779296875</ele>
        <time>2026-03-12T10:23:16.000Z</time>
        <extensions>
          <ns3:TrackPointExtension>
            <ns3:hr>133</ns3:hr>
            <ns3:cad>92</ns3:cad>
          </ns3:TrackPointExtension>
        </extensions>
      </trkpt>
      <trkpt lat="30.7525075413286685943603515625" lon="108.4461456723511219024658203125">
        <ele>424.79998779296875</ele>
        <time>2026-03-12T10:23:17.000Z</time>
        <extensions>
          <ns3:TrackPointExtension>
            <ns3:hr>133</ns3:hr>
            <ns3:cad>91</ns3:cad>
          </ns3:TrackPointExtension>
        </extensions>
      </trkpt>
      <trkpt lat="30.75253327377140522003173828125" lon="108.446148522198200225830078125">
        <ele>424.79998779296875</ele>
        <time>2026-03-12T10:23:18.000Z</time>
        <extensions>
          <ns3:TrackPointExtension>
            <ns3:hr>134</ns3:hr>
            <ns3:cad>91</ns3:cad>
          </ns3:TrackPointExtension>
        </extensions>
      </trkpt>
      <trkpt lat="30.7525601796805858612060546875" lon="108.446145169436931610107421875">
        <ele>424.79998779296875</ele>
        <time>2026-03-12T10:23:19.000Z</time>
        <extensions>
          <ns3:TrackPointExtension>
            <ns3:hr>136</ns3:hr>
            <ns3:cad>92</ns3:cad>
          </ns3:TrackPointExtension>
        </extensions>
      </trkpt>
      <trkpt lat="30.75258289463818073272705078125" lon="108.4461428225040435791015625">
        <ele>424.79998779296875</ele>
        <time>2026-03-12T10:23:20.000Z</time>
        <extensions>
          <ns3:TrackPointExtension>
            <ns3:hr>137</ns3:hr>
            <ns3:cad>92</ns3:cad>
          </ns3:TrackPointExtension>
        </extensions>
      </trkpt>
      <trkpt lat="30.75261206366121768951416015625" lon="108.446143157780170440673828125">
        <ele>424.79998779296875</ele>
        <time>2026-03-12T10:23:21.000Z</time>
        <extensions>
          <ns3:TrackPointExtension>
            <ns3:hr>137</ns3:hr>
            <ns3:cad>92</ns3:cad>
          </ns3:TrackPointExtension>
        </extensions>
      </trkpt>
      <trkpt lat="30.752634108066558837890625" lon="108.446139134466648101806640625">
        <ele>424.79998779296875</ele>
        <time>2026-03-12T10:23:22.000Z</time>
        <extensions>
          <ns3:TrackPointExtension>
            <ns3:hr>137</ns3:hr>
            <ns3:cad>92</ns3:cad>
          </ns3:TrackPointExtension>
        </extensions>
      </trkpt>
      <trkpt lat="30.7526627741754055023193359375" lon="108.44614525325596332550048828125">
        <ele>424.79998779296875</ele>
        <time>2026-03-12T10:23:23.000Z</time>
        <extensions>
          <ns3:TrackPointExtension>
            <ns3:hr>138</ns3:hr>
            <ns3:cad>92</ns3:cad>
          </ns3:TrackPointExtension>
        </extensions>
      </trkpt>
      <trkpt lat="30.75268481858074665069580078125" lon="108.446142487227916717529296875">
        <ele>424.79998779296875</ele>
        <time>2026-03-12T10:23:24.000Z</time>
        <extensions>
          <ns3:TrackPointExtension>
            <ns3:hr>138</ns3:hr>
            <ns3:cad>92</ns3:cad>
          </ns3:TrackPointExtension>
        </extensions>
      </trkpt>
      <trkpt lat="30.75271281413733959197998046875" lon="108.446152210235595703125">
        <ele>424.79998779296875</ele>
        <time>2026-03-12T10:23:25.000Z</time>
        <extensions>
          <ns3:TrackPointExtension>
            <ns3:hr>139</ns3:hr>
            <ns3:cad>92</ns3:cad>
          </ns3:TrackPointExtension>
        </extensions>
      </trkpt>
      <trkpt lat="30.7527348585426807403564453125" lon="108.4461535513401031494140625">
        <ele>424.79998779296875</ele>
        <time>2026-03-12T10:23:26.000Z</time>
        <extensions>
          <ns3:TrackPointExtension>
            <ns3:hr>140</ns3:hr>
            <ns3:cad>93</ns3:cad>
          </ns3:TrackPointExtension>
        </extensions>
      </trkpt>
      <trkpt lat="30.752759166061878204345703125" lon="108.44616101123392581939697265625">
        <ele>424.79998779296875</ele>
        <time>2026-03-12T10:23:27.000Z</time>
        <extensions>
          <ns3:TrackPointExtension>
            <ns3:hr>140</ns3:hr>
            <ns3:cad>94</ns3:cad>
          </ns3:TrackPointExtension>
        </extensions>
      </trkpt>
      <trkpt lat="30.75278305448591709136962890625" lon="108.446161933243274688720703125">
        <ele>424.79998779296875</ele>
        <time>2026-03-12T10:23:28.000Z</time>
        <extensions>
          <ns3:TrackPointExtension>
            <ns3:hr>140</ns3:hr>
            <ns3:cad>93</ns3:cad>
          </ns3:TrackPointExtension>
        </extensions>
      </trkpt>
      <trkpt lat="30.75280451215803623199462890625" lon="108.4461669623851776123046875">
        <ele>424.79998779296875</ele>
        <time>2026-03-12T10:23:29.000Z</time>
        <extensions>
          <ns3:TrackPointExtension>
            <ns3:hr>140</ns3:hr>
            <ns3:cad>93</ns3:cad>
          </ns3:TrackPointExtension>
        </extensions>
      </trkpt>
      <trkpt lat="30.75283133424818515777587890625" lon="108.44616754911839962005615234375">
        <ele>424.79998779296875</ele>
        <time>2026-03-12T10:23:30.000Z</time>
        <extensions>
          <ns3:TrackPointExtension>
            <ns3:hr>139</ns3:hr>
            <ns3:cad>93</ns3:cad>
          </ns3:TrackPointExtension>
        </extensions>
      </trkpt>
      <trkpt lat="30.75285111553966999053955078125" lon="108.44616838730871677398681640625">
        <ele>424.79998779296875</ele>
        <time>2026-03-12T10:23:31.000Z</time>
        <extensions>
          <ns3:TrackPointExtension>
            <ns3:hr>139</ns3:hr>
            <ns3:cad>93</ns3:cad>
          </ns3:TrackPointExtension>
        </extensions>
      </trkpt>
      <trkpt lat="30.75287961401045322418212890625" lon="108.44616503454744815826416015625">
        <ele>424.79998779296875</ele>
        <time>2026-03-12T10:23:32.000Z</time>
        <extensions>
          <ns3:TrackPointExtension>
            <ns3:hr>138</ns3:hr>
            <ns3:cad>94</ns3:cad>
          </ns3:TrackPointExtension>
        </extensions>
      </trkpt>
      <trkpt lat="30.75290643610060214996337890625" lon="108.44616151414811611175537109375">
        <ele>424.79998779296875</ele>
        <time>2026-03-12T10:23:33.000Z</time>
        <extensions>
          <ns3:TrackPointExtension>
            <ns3:hr>137</ns3:hr>
            <ns3:cad>93</ns3:cad>
          </ns3:TrackPointExtension>
        </extensions>
      </trkpt>
      <trkpt lat="30.7529318332672119140625" lon="108.446163274347782135009765625">
        <ele>424.79998779296875</ele>
        <time>2026-03-12T10:23:34.000Z</time>
        <extensions>
          <ns3:TrackPointExtension>
            <ns3:hr>137</ns3:hr>
            <ns3:cad>92</ns3:cad>
          </ns3:TrackPointExtension>
        </extensions>
      </trkpt>
      <trkpt lat="30.75295672751963138580322265625" lon="108.44615799374878406524658203125">
        <ele>424.79998779296875</ele>
        <time>2026-03-12T10:23:35.000Z</time>
        <extensions>
          <ns3:TrackPointExtension>
            <ns3:hr>136</ns3:hr>
            <ns3:cad>92</ns3:cad>
          </ns3:TrackPointExtension>
        </extensions>
      </trkpt>
      <trkpt lat="30.75297969393432140350341796875" lon="108.44615380279719829559326171875">
        <ele>424.79998779296875</ele>
        <time>2026-03-12T10:23:36.000Z</time>
        <extensions>
          <ns3:TrackPointExtension>
            <ns3:hr>136</ns3:hr>
            <ns3:cad>92</ns3:cad>
          </ns3:TrackPointExtension>
        </extensions>
      </trkpt>
      <trkpt lat="30.75300198979675769805908203125" lon="108.44614751636981964111328125">
        <ele>424.79998779296875</ele>
        <time>2026-03-12T10:23:37.000Z</time>
        <extensions>
          <ns3:TrackPointExtension>
            <ns3:hr>136</ns3:hr>
            <ns3:cad>92</ns3:cad>
          </ns3:TrackPointExtension>
        </extensions>
      </trkpt>
      <trkpt lat="30.75302294455468654632568359375" lon="108.44614475034177303314208984375">
        <ele>424.79998779296875</ele>
        <time>2026-03-12T10:23:38.000Z</time>
        <extensions>
          <ns3:TrackPointExtension>
            <ns3:hr>137</ns3:hr>
            <ns3:cad>92</ns3:cad>
          </ns3:TrackPointExtension>
        </extensions>
      </trkpt>
      <trkpt lat="30.753050856292247772216796875" lon="108.446128405630588531494140625">
        <ele>424.79998779296875</ele>
        <time>2026-03-12T10:23:39.000Z</time>
        <extensions>
          <ns3:TrackPointExtension>
            <ns3:hr>137</ns3:hr>
            <ns3:cad>95</ns3:cad>
          </ns3:TrackPointExtension>
        </extensions>
      </trkpt>
      <trkpt lat="30.75306795537471771240234375" lon="108.44611289910972118377685546875">
        <ele>424.79998779296875</ele>
        <time>2026-03-12T10:23:40.000Z</time>
        <extensions>
          <ns3:TrackPointExtension>
            <ns3:hr>137</ns3:hr>
            <ns3:cad>95</ns3:cad>
          </ns3:TrackPointExtension>
        </extensions>
      </trkpt>
      <trkpt lat="30.75308865867555141448974609375" lon="108.4460880048573017120361328125">
        <ele>424.600006103515625</ele>
        <time>2026-03-12T10:23:41.000Z</time>
        <extensions>
          <ns3:TrackPointExtension>
            <ns3:hr>137</ns3:hr>
            <ns3:cad>95</ns3:cad>
          </ns3:TrackPointExtension>
        </extensions>
      </trkpt>
      <trkpt lat="30.753101147711277008056640625" lon="108.44606998376548290252685546875">
        <ele>424.600006103515625</ele>
        <time>2026-03-12T10:23:42.000Z</time>
        <extensions>
          <ns3:TrackPointExtension>
            <ns3:hr>136</ns3:hr>
            <ns3:cad>95</ns3:cad>
          </ns3:TrackPointExtension>
        </extensions>
      </trkpt>
      <trkpt lat="30.75312553904950618743896484375" lon="108.44605187885463237762451171875">
        <ele>424.600006103515625</ele>
        <time>2026-03-12T10:23:43.000Z</time>
        <extensions>
          <ns3:TrackPointExtension>
            <ns3:hr>136</ns3:hr>
            <ns3:cad>95</ns3:cad>
          </ns3:TrackPointExtension>
        </extensions>
      </trkpt>
      <trkpt lat="30.7531422190368175506591796875" lon="108.4460403956472873687744140625">
        <ele>424.600006103515625</ele>
        <time>2026-03-12T10:23:44.000Z</time>
        <extensions>
          <ns3:TrackPointExtension>
            <ns3:hr>136</ns3:hr>
            <ns3:cad>94</ns3:cad>
          </ns3:TrackPointExtension>
        </extensions>
      </trkpt>
      <trkpt lat="30.75317080132663249969482421875" lon="108.4460259787738323211669921875">
        <ele>424.600006103515625</ele>
        <time>2026-03-12T10:23:45.000Z</time>
        <extensions>
          <ns3:TrackPointExtension>
            <ns3:hr>136</ns3:hr>
            <ns3:cad>93</ns3:cad>
          </ns3:TrackPointExtension>
        </extensions>
      </trkpt>
      <trkpt lat="30.753189660608768463134765625" lon="108.44600527547299861907958984375">
        <ele>424.79998779296875</ele>
        <time>2026-03-12T10:23:46.000Z</time>
        <extensions>
          <ns3:TrackPointExtension>
            <ns3:hr>136</ns3:hr>
            <ns3:cad>93</ns3:cad>
          </ns3:TrackPointExtension>
        </extensions>
      </trkpt>
      <trkpt lat="30.753211118280887603759765625" lon="108.44598180614411830902099609375">
        <ele>424.79998779296875</ele>
        <time>2026-03-12T10:23:47.000Z</time>
        <extensions>
          <ns3:TrackPointExtension>
            <ns3:hr>137</ns3:hr>
            <ns3:cad>93</ns3:cad>
          </ns3:TrackPointExtension>
        </extensions>
      </trkpt>
      <trkpt lat="30.7532206736505031585693359375" lon="108.4459549002349376678466796875">
        <ele>424.79998779296875</ele>
        <time>2026-03-12T10:23:48.000Z</time>
        <extensions>
          <ns3:TrackPointExtension>
            <ns3:hr>137</ns3:hr>
            <ns3:cad>93</ns3:cad>
          </ns3:TrackPointExtension>
        </extensions>
      </trkpt>
      <trkpt lat="30.75323232449591159820556640625" lon="108.44592715613543987274169921875">
        <ele>424.79998779296875</ele>
        <time>2026-03-12T10:23:49.000Z</time>
        <extensions>
          <ns3:TrackPointExtension>
            <ns3:hr>137</ns3:hr>
            <ns3:cad>93</ns3:cad>
          </ns3:TrackPointExtension>
        </extensions>
      </trkpt>
      <trkpt lat="30.753239281475543975830078125" lon="108.4458995796740055084228515625">
        <ele>424.79998779296875</ele>
        <time>2026-03-12T10:23:50.000Z</time>
        <extensions>
          <ns3:TrackPointExtension>
            <ns3:hr>138</ns3:hr>
            <ns3:cad>93</ns3:cad>
          </ns3:TrackPointExtension>
        </extensions>
      </trkpt>
      <trkpt lat="30.75325562618672847747802734375" lon="108.445876948535442352294921875">
        <ele>424.79998779296875</ele>
        <time>2026-03-12T10:23:51.000Z</time>
        <extensions>
          <ns3:TrackPointExtension>
            <ns3:hr>138</ns3:hr>
            <ns3:cad>93</ns3:cad>
          </ns3:TrackPointExtension>
        </extensions>
      </trkpt>
      <trkpt lat="30.75326979160308837890625" lon="108.4458496235311031341552734375">
        <ele>424.79998779296875</ele>
        <time>2026-03-12T10:23:52.000Z</time>
        <extensions>
          <ns3:TrackPointExtension>
            <ns3:hr>139</ns3:hr>
            <ns3:cad>93</ns3:cad>
          </ns3:TrackPointExtension>
        </extensions>
      </trkpt>
      <trkpt lat="30.75328253209590911865234375" lon="108.44582623802125453948974609375">
        <ele>424.79998779296875</ele>
        <time>2026-03-12T10:23:53.000Z</time>
        <extensions>
          <ns3:TrackPointExtension>
            <ns3:hr>140</ns3:hr>
            <ns3:cad>93</ns3:cad>
          </ns3:TrackPointExtension>
        </extensions>
      </trkpt>
      <trkpt lat="30.753292925655841827392578125" lon="108.44579623080790042877197265625">
        <ele>424.79998779296875</ele>
        <time>2026-03-12T10:23:54.000Z</time>
        <extensions>
          <ns3:TrackPointExtension>
            <ns3:hr>141</ns3:hr>
            <ns3:cad>93</ns3:cad>
          </ns3:TrackPointExtension>
        </extensions>
      </trkpt>
      <trkpt lat="30.75329937972128391265869140625" lon="108.4457726776599884033203125">
        <ele>424.600006103515625</ele>
        <time>2026-03-12T10:23:55.000Z</time>
        <extensions>
          <ns3:TrackPointExtension>
            <ns3:hr>141</ns3:hr>
            <ns3:cad>93</ns3:cad>
          </ns3:TrackPointExtension>
        </extensions>
      </trkpt>
      <trkpt lat="30.7533001340925693511962890625" lon="108.44573956914246082305908203125">
        <ele>424.600006103515625</ele>
        <time>2026-03-12T10:23:56.000Z</time>
        <extensions>
          <ns3:TrackPointExtension>
            <ns3:hr>142</ns3:hr>
            <ns3:cad>93</ns3:cad>
          </ns3:TrackPointExtension>
        </extensions>
      </trkpt>
      <trkpt lat="30.75329351238906383514404296875" lon="108.44571526162326335906982421875">
        <ele>424.600006103515625</ele>
        <time>2026-03-12T10:23:57.000Z</time>
        <extensions>
          <ns3:TrackPointExtension>
            <ns3:hr>142</ns3:hr>
            <ns3:cad>93</ns3:cad>
          </ns3:TrackPointExtension>
        </extensions>
      </trkpt>
      <trkpt lat="30.753293596208095550537109375" lon="108.4456816501915454864501953125">
        <ele>424.79998779296875</ele>
        <time>2026-03-12T10:23:58.000Z</time>
        <extensions>
          <ns3:TrackPointExtension>
            <ns3:hr>143</ns3:hr>
            <ns3:cad>93</ns3:cad>
          </ns3:TrackPointExtension>
        </extensions>
      </trkpt>
      <trkpt lat="30.7532894052565097808837890625" lon="108.44565725885331630706787109375">
        <ele>424.79998779296875</ele>
        <time>2026-03-12T10:23:59.000Z</time>
        <extensions>
          <ns3:TrackPointExtension>
            <ns3:hr>144</ns3:hr>
            <ns3:cad>93</ns3:cad>
          </ns3:TrackPointExtension>
        </extensions>
      </trkpt>
      <trkpt lat="30.75329485349357128143310546875" lon="108.4456216357648372650146484375">
        <ele>424.600006103515625</ele>
        <time>2026-03-12T10:24:00.000Z</time>
        <extensions>
          <ns3:TrackPointExtension>
            <ns3:hr>144</ns3:hr>
            <ns3:cad>93</ns3:cad>
          </ns3:TrackPointExtension>
        </extensions>
      </trkpt>
      <trkpt lat="30.75328948907554149627685546875" lon="108.44559338875114917755126953125">
        <ele>424.600006103515625</ele>
        <time>2026-03-12T10:24:01.000Z</time>
        <extensions>
          <ns3:TrackPointExtension>
            <ns3:hr>145</ns3:hr>
            <ns3:cad>93</ns3:cad>
          </ns3:TrackPointExtension>
        </extensions>
      </trkpt>
      <trkpt lat="30.753292925655841827392578125" lon="108.44556002877652645111083984375">
        <ele>424.600006103515625</ele>
        <time>2026-03-12T10:24:02.000Z</time>
        <extensions>
          <ns3:TrackPointExtension>
            <ns3:hr>145</ns3:hr>
            <ns3:cad>93</ns3:cad>
          </ns3:TrackPointExtension>
        </extensions>
      </trkpt>
      <trkpt lat="30.75329233892261981964111328125" lon="108.445533625781536102294921875">
        <ele>424.600006103515625</ele>
        <time>2026-03-12T10:24:03.000Z</time>
        <extensions>
          <ns3:TrackPointExtension>
            <ns3:hr>145</ns3:hr>
            <ns3:cad>93</ns3:cad>
          </ns3:TrackPointExtension>
        </extensions>
      </trkpt>
      <trkpt lat="30.75329753570258617401123046875" lon="108.4455029480159282684326171875">
        <ele>424.79998779296875</ele>
        <time>2026-03-12T10:24:04.000Z</time>
        <extensions>
          <ns3:TrackPointExtension>
            <ns3:hr>146</ns3:hr>
            <ns3:cad>93</ns3:cad>
          </ns3:TrackPointExtension>
        </extensions>
      </trkpt>
      <trkpt lat="30.7532947696745395660400390625" lon="108.445473276078701019287109375">
        <ele>424.79998779296875</ele>
        <time>2026-03-12T10:24:05.000Z</time>
        <extensions>
          <ns3:TrackPointExtension>
            <ns3:hr>146</ns3:hr>
            <ns3:cad>94</ns3:cad>
          </ns3:TrackPointExtension>
        </extensions>
      </trkpt>
      <trkpt lat="30.75329099781811237335205078125" lon="108.44544435851275920867919921875">
        <ele>424.79998779296875</ele>
        <time>2026-03-12T10:24:06.000Z</time>
        <extensions>
          <ns3:TrackPointExtension>
            <ns3:hr>146</ns3:hr>
            <ns3:cad>94</ns3:cad>
          </ns3:TrackPointExtension>
        </extensions>
      </trkpt>
      <trkpt lat="30.75328177772462368011474609375" lon="108.44541485421359539031982421875">
        <ele>424.600006103515625</ele>
        <time>2026-03-12T10:24:07.000Z</time>
        <extensions>
          <ns3:TrackPointExtension>
            <ns3:hr>147</ns3:hr>
            <ns3:cad>94</ns3:cad>
          </ns3:TrackPointExtension>
        </extensions>
      </trkpt>
      <trkpt lat="30.75327255763113498687744140625" lon="108.44538836739957332611083984375">
        <ele>424.600006103515625</ele>
        <time>2026-03-12T10:24:08.000Z</time>
        <extensions>
          <ns3:TrackPointExtension>
            <ns3:hr>146</ns3:hr>
            <ns3:cad>93</ns3:cad>
          </ns3:TrackPointExtension>
        </extensions>
      </trkpt>
      <trkpt lat="30.75325713492929935455322265625" lon="108.44536221586167812347412109375">
        <ele>424.79998779296875</ele>
        <time>2026-03-12T10:24:09.000Z</time>
        <extensions>
          <ns3:TrackPointExtension>
            <ns3:hr>146</ns3:hr>
            <ns3:cad>93</ns3:cad>
          </ns3:TrackPointExtension>
        </extensions>
      </trkpt>
      <trkpt lat="30.75324405916035175323486328125" lon="108.44534075818955898284912109375">
        <ele>424.600006103515625</ele>
        <time>2026-03-12T10:24:10.000Z</time>
        <extensions>
          <ns3:TrackPointExtension>
            <ns3:hr>147</ns3:hr>
            <ns3:cad>93</ns3:cad>
          </ns3:TrackPointExtension>
        </extensions>
      </trkpt>
      <trkpt lat="30.7532273791730403900146484375" lon="108.44530790112912654876708984375">
        <ele>424.600006103515625</ele>
        <time>2026-03-12T10:24:11.000Z</time>
        <extensions>
          <ns3:TrackPointExtension>
            <ns3:hr>147</ns3:hr>
            <ns3:cad>92</ns3:cad>
          </ns3:TrackPointExtension>
        </extensions>
      </trkpt>
      <trkpt lat="30.753214471042156219482421875" lon="108.4452871978282928466796875">
        <ele>424.600006103515625</ele>
        <time>2026-03-12T10:24:12.000Z</time>
        <extensions>
          <ns3:TrackPointExtension>
            <ns3:hr>146</ns3:hr>
            <ns3:cad>92</ns3:cad>
          </ns3:TrackPointExtension>
        </extensions>
      </trkpt>
      <trkpt lat="30.75319812633097171783447265625" lon="108.44525660388171672821044921875">
        <ele>424.600006103515625</ele>
        <time>2026-03-12T10:24:13.000Z</time>
        <extensions>
          <ns3:TrackPointExtension>
            <ns3:hr>146</ns3:hr>
            <ns3:cad>92</ns3:cad>
          </ns3:TrackPointExtension>
        </extensions>
      </trkpt>
      <trkpt lat="30.753182284533977508544921875" lon="108.44523933716118335723876953125">
        <ele>424.79998779296875</ele>
        <time>2026-03-12T10:24:14.000Z</time>
        <extensions>
          <ns3:TrackPointExtension>
            <ns3:hr>146</ns3:hr>
            <ns3:cad>92</ns3:cad>
          </ns3:TrackPointExtension>
        </extensions>
      </trkpt>
      <trkpt lat="30.75316585600376129150390625" lon="108.44520932994782924652099609375">
        <ele>424.600006103515625</ele>
        <time>2026-03-12T10:24:15.000Z</time>
        <extensions>
          <ns3:TrackPointExtension>
            <ns3:hr>147</ns3:hr>
            <ns3:cad>92</ns3:cad>
          </ns3:TrackPointExtension>
        </extensions>
      </trkpt>
      <trkpt lat="30.7531445659697055816650390625" lon="108.4451933205127716064453125">
        <ele>424.600006103515625</ele>
        <time>2026-03-12T10:24:16.000Z</time>
        <extensions>
          <ns3:TrackPointExtension>
            <ns3:hr>147</ns3:hr>
            <ns3:cad>93</ns3:cad>
          </ns3:TrackPointExtension>
        </extensions>
      </trkpt>
      <trkpt lat="30.75312151573598384857177734375" lon="108.4451693482697010040283203125">
        <ele>424.600006103515625</ele>
        <time>2026-03-12T10:24:17.000Z</time>
        <extensions>
          <ns3:TrackPointExtension>
            <ns3:hr>146</ns3:hr>
            <ns3:cad>94</ns3:cad>
          </ns3:TrackPointExtension>
        </extensions>
      </trkpt>
      <trkpt lat="30.75309737585484981536865234375" lon="108.44515350647270679473876953125">
        <ele>424.600006103515625</ele>
        <time>2026-03-12T10:24:18.000Z</time>
        <extensions>
          <ns3:TrackPointExtension>
            <ns3:hr>146</ns3:hr>
            <ns3:cad>94</ns3:cad>
          </ns3:TrackPointExtension>
        </extensions>
      </trkpt>
      <trkpt lat="30.7530748285353183746337890625" lon="108.445135988295078277587890625">
        <ele>424.600006103515625</ele>
        <time>2026-03-12T10:24:19.000Z</time>
        <extensions>
          <ns3:TrackPointExtension>
            <ns3:hr>146</ns3:hr>
            <ns3:cad>94</ns3:cad>
          </ns3:TrackPointExtension>
        </extensions>
      </trkpt>
      <trkpt lat="30.7530466653406620025634765625" lon="108.4451334737241268157958984375">
        <ele>424.600006103515625</ele>
        <time>2026-03-12T10:24:20.000Z</time>
        <extensions>
          <ns3:TrackPointExtension>
            <ns3:hr>147</ns3:hr>
            <ns3:cad>94</ns3:cad>
          </ns3:TrackPointExtension>
        </extensions>
      </trkpt>
      <trkpt lat="30.75302160345017910003662109375" lon="108.4451343119144439697265625">
        <ele>424.600006103515625</ele>
        <time>2026-03-12T10:24:21.000Z</time>
        <extensions>
          <ns3:TrackPointExtension>
            <ns3:hr>146</ns3:hr>
            <ns3:cad>93</ns3:cad>
          </ns3:TrackPointExtension>
        </extensions>
      </trkpt>
      <trkpt lat="30.75299243442714214324951171875" lon="108.445135988295078277587890625">
        <ele>424.79998779296875</ele>
        <time>2026-03-12T10:24:22.000Z</time>
        <extensions>
          <ns3:TrackPointExtension>
            <ns3:hr>146</ns3:hr>
            <ns3:cad>93</ns3:cad>
          </ns3:TrackPointExtension>
        </extensions>
      </trkpt>
      <trkpt lat="30.75297047384083271026611328125" lon="108.44513808377087116241455078125">
        <ele>424.79998779296875</ele>
        <time>2026-03-12T10:24:23.000Z</time>
        <extensions>
          <ns3:TrackPointExtension>
            <ns3:hr>146</ns3:hr>
            <ns3:cad>92</ns3:cad>
          </ns3:TrackPointExtension>
        </extensions>
      </trkpt>
      <trkpt lat="30.75294281356036663055419921875" lon="108.4451351501047611236572265625">
        <ele>424.79998779296875</ele>
        <time>2026-03-12T10:24:24.000Z</time>
        <extensions>
          <ns3:TrackPointExtension>
            <ns3:hr>147</ns3:hr>
            <ns3:cad>91</ns3:cad>
          </ns3:TrackPointExtension>
        </extensions>
      </trkpt>
      <trkpt lat="30.75291909277439117431640625" lon="108.4451391734182834625244140625">
        <ele>424.79998779296875</ele>
        <time>2026-03-12T10:24:25.000Z</time>
        <extensions>
          <ns3:TrackPointExtension>
            <ns3:hr>146</ns3:hr>
            <ns3:cad>91</ns3:cad>
          </ns3:TrackPointExtension>
        </extensions>
      </trkpt>
      <trkpt lat="30.7528902590274810791015625" lon="108.44513640739023685455322265625">
        <ele>424.79998779296875</ele>
        <time>2026-03-12T10:24:26.000Z</time>
        <extensions>
          <ns3:TrackPointExtension>
            <ns3:hr>146</ns3:hr>
            <ns3:cad>92</ns3:cad>
          </ns3:TrackPointExtension>
        </extensions>
      </trkpt>
      <trkpt lat="30.75286821462213993072509765625" lon="108.44514260999858379364013671875">
        <ele>424.79998779296875</ele>
        <time>2026-03-12T10:24:27.000Z</time>
        <extensions>
          <ns3:TrackPointExtension>
            <ns3:hr>147</ns3:hr>
            <ns3:cad>92</ns3:cad>
          </ns3:TrackPointExtension>
        </extensions>
      </trkpt>
      <trkpt lat="30.7528424821794033050537109375" lon="108.4451428614556789398193359375">
        <ele>424.600006103515625</ele>
        <time>2026-03-12T10:24:28.000Z</time>
        <extensions>
          <ns3:TrackPointExtension>
            <ns3:hr>146</ns3:hr>
            <ns3:cad>92</ns3:cad>
          </ns3:TrackPointExtension>
        </extensions>
      </trkpt>
      <trkpt lat="30.752818174660205841064453125" lon="108.4451462142169475555419921875">
        <ele>424.600006103515625</ele>
        <time>2026-03-12T10:24:29.000Z</time>
        <extensions>
          <ns3:TrackPointExtension>
            <ns3:hr>146</ns3:hr>
            <ns3:cad>94</ns3:cad>
          </ns3:TrackPointExtension>
        </extensions>
      </trkpt>
      <trkpt lat="30.752794705331325531005859375" lon="108.445144034922122955322265625">
        <ele>424.600006103515625</ele>
        <time>2026-03-12T10:24:30.000Z</time>
        <extensions>
          <ns3:TrackPointExtension>
            <ns3:hr>146</ns3:hr>
            <ns3:cad>94</ns3:cad>
          </ns3:TrackPointExtension>
        </extensions>
      </trkpt>
      <trkpt lat="30.75277081690728664398193359375" lon="108.445145376026630401611328125">
        <ele>424.600006103515625</ele>
        <time>2026-03-12T10:24:31.000Z</time>
        <extensions>
          <ns3:TrackPointExtension>
            <ns3:hr>147</ns3:hr>
            <ns3:cad>94</ns3:cad>
          </ns3:TrackPointExtension>
        </extensions>
      </trkpt>
      <trkpt lat="30.75274634175002574920654296875" lon="108.4451423585414886474609375">
        <ele>424.600006103515625</ele>
        <time>2026-03-12T10:24:32.000Z</time>
        <extensions>
          <ns3:TrackPointExtension>
            <ns3:hr>146</ns3:hr>
            <ns3:cad>93</ns3:cad>
          </ns3:TrackPointExtension>
        </extensions>
      </trkpt>
      <trkpt lat="30.7527214474976062774658203125" lon="108.4451408497989177703857421875">
        <ele>424.600006103515625</ele>
        <time>2026-03-12T10:24:33.000Z</time>
        <extensions>
          <ns3:TrackPointExtension>
            <ns3:hr>146</ns3:hr>
            <ns3:cad>93</ns3:cad>
          </ns3:TrackPointExtension>
        </extensions>
      </trkpt>
      <trkpt lat="30.75269990600645542144775390625" lon="108.44514411874115467071533203125">
        <ele>424.600006103515625</ele>
        <time>2026-03-12T10:24:34.000Z</time>
        <extensions>
          <ns3:TrackPointExtension>
            <ns3:hr>146</ns3:hr>
            <ns3:cad>91</ns3:cad>
          </ns3:TrackPointExtension>
        </extensions>
      </trkpt>
      <trkpt lat="30.75267367064952850341796875" lon="108.44513959251344203948974609375">
        <ele>424.600006103515625</ele>
        <time>2026-03-12T10:24:35.000Z</time>
        <extensions>
          <ns3:TrackPointExtension>
            <ns3:hr>147</ns3:hr>
            <ns3:cad>91</ns3:cad>
          </ns3:TrackPointExtension>
        </extensions>
      </trkpt>
      <trkpt lat="30.7526515424251556396484375" lon="108.4451477229595184326171875">
        <ele>424.600006103515625</ele>
        <time>2026-03-12T10:24:36.000Z</time>
        <extensions>
          <ns3:TrackPointExtension>
            <ns3:hr>147</ns3:hr>
            <ns3:cad>91</ns3:cad>
          </ns3:TrackPointExtension>
        </extensions>
      </trkpt>
      <trkpt lat="30.75262580998241901397705078125" lon="108.44514302909374237060546875">
        <ele>424.600006103515625</ele>
        <time>2026-03-12T10:24:37.000Z</time>
        <extensions>
          <ns3:TrackPointExtension>
            <ns3:hr>147</ns3:hr>
            <ns3:cad>91</ns3:cad>
          </ns3:TrackPointExtension>
        </extensions>
      </trkpt>
      <trkpt lat="30.7526000775396823883056640625" lon="108.44514646567404270172119140625">
        <ele>424.600006103515625</ele>
        <time>2026-03-12T10:24:38.000Z</time>
        <extensions>
          <ns3:TrackPointExtension>
            <ns3:hr>147</ns3:hr>
            <ns3:cad>92</ns3:cad>
          </ns3:TrackPointExtension>
        </extensions>
      </trkpt>
      <trkpt lat="30.7525762729346752166748046875" lon="108.4451385028660297393798828125">
        <ele>424.600006103515625</ele>
        <time>2026-03-12T10:24:39.000Z</time>
        <extensions>
          <ns3:TrackPointExtension>
            <ns3:hr>147</ns3:hr>
            <ns3:cad>93</ns3:cad>
          </ns3:TrackPointExtension>
        </extensions>
      </trkpt>
      <trkpt lat="30.7525517977774143218994140625" lon="108.44514143653213977813720703125">
        <ele>424.600006103515625</ele>
        <time>2026-03-12T10:24:40.000Z</time>
        <extensions>
          <ns3:TrackPointExtension>
            <ns3:hr>147</ns3:hr>
            <ns3:cad>95</ns3:cad>
          </ns3:TrackPointExtension>
        </extensions>
      </trkpt>
      <trkpt lat="30.7525276578962802886962890625" lon="108.445141352713108062744140625">
        <ele>424.600006103515625</ele>
        <time>2026-03-12T10:24:41.000Z</time>
        <extensions>
          <ns3:TrackPointExtension>
            <ns3:hr>146</ns3:hr>
            <ns3:cad>95</ns3:cad>
          </ns3:TrackPointExtension>
        </extensions>
      </trkpt>
      <trkpt lat="30.75250024907290935516357421875" lon="108.44514160417020320892333984375">
        <ele>424.399993896484375</ele>
        <time>2026-03-12T10:24:42.000Z</time>
        <extensions>
          <ns3:TrackPointExtension>
            <ns3:hr>145</ns3:hr>
            <ns3:cad>93</ns3:cad>
          </ns3:TrackPointExtension>
        </extensions>
      </trkpt>
      <trkpt lat="30.75247677974402904510498046875" lon="108.44514227472245693206787109375">
        <ele>424.399993896484375</ele>
        <time>2026-03-12T10:24:43.000Z</time>
        <extensions>
          <ns3:TrackPointExtension>
            <ns3:hr>144</ns3:hr>
            <ns3:cad>93</ns3:cad>
          </ns3:TrackPointExtension>
        </extensions>
      </trkpt>
      <trkpt lat="30.752446018159389495849609375" lon="108.44514294527471065521240234375">
        <ele>424.399993896484375</ele>
        <time>2026-03-12T10:24:44.000Z</time>
        <extensions>
          <ns3:TrackPointExtension>
            <ns3:hr>144</ns3:hr>
            <ns3:cad>93</ns3:cad>
          </ns3:TrackPointExtension>
        </extensions>
      </trkpt>
      <trkpt lat="30.75242280028760433197021484375" lon="108.44514797441661357879638671875">
        <ele>424.399993896484375</ele>
        <time>2026-03-12T10:24:45.000Z</time>
        <extensions>
          <ns3:TrackPointExtension>
            <ns3:hr>144</ns3:hr>
            <ns3:cad>93</ns3:cad>
          </ns3:TrackPointExtension>
        </extensions>
      </trkpt>
      <trkpt lat="30.752391703426837921142578125" lon="108.4451465494930744171142578125">
        <ele>424.399993896484375</ele>
        <time>2026-03-12T10:24:46.000Z</time>
        <extensions>
          <ns3:TrackPointExtension>
            <ns3:hr>144</ns3:hr>
            <ns3:cad>92</ns3:cad>
          </ns3:TrackPointExtension>
        </extensions>
      </trkpt>
      <trkpt lat="30.7523672282695770263671875" lon="108.44515233300626277923583984375">
        <ele>424.399993896484375</ele>
        <time>2026-03-12T10:24:47.000Z</time>
        <extensions>
          <ns3:TrackPointExtension>
            <ns3:hr>144</ns3:hr>
            <ns3:cad>92</ns3:cad>
          </ns3:TrackPointExtension>
        </extensions>
      </trkpt>
      <trkpt lat="30.75233797542750835418701171875" lon="108.44514730386435985565185546875">
        <ele>424.399993896484375</ele>
        <time>2026-03-12T10:24:48.000Z</time>
        <extensions>
          <ns3:TrackPointExtension>
            <ns3:hr>145</ns3:hr>
            <ns3:cad>92</ns3:cad>
          </ns3:TrackPointExtension>
        </extensions>
      </trkpt>
      <trkpt lat="30.7523137517273426055908203125" lon="108.4451485611498355865478515625">
        <ele>424.399993896484375</ele>
        <time>2026-03-12T10:24:49.000Z</time>
        <extensions>
          <ns3:TrackPointExtension>
            <ns3:hr>145</ns3:hr>
            <ns3:cad>92</ns3:cad>
          </ns3:TrackPointExtension>
        </extensions>
      </trkpt>
      <trkpt lat="30.752287097275257110595703125" lon="108.445144705474376678466796875">
        <ele>424.399993896484375</ele>
        <time>2026-03-12T10:24:50.000Z</time>
        <extensions>
          <ns3:TrackPointExtension>
            <ns3:hr>145</ns3:hr>
            <ns3:cad>94</ns3:cad>
          </ns3:TrackPointExtension>
        </extensions>
      </trkpt>
      <trkpt lat="30.7522627897560596466064453125" lon="108.4451477229595184326171875">
        <ele>424.20001220703125</ele>
        <time>2026-03-12T10:24:51.000Z</time>
        <extensions>
          <ns3:TrackPointExtension>
            <ns3:hr>146</ns3:hr>
            <ns3:cad>94</ns3:cad>
          </ns3:TrackPointExtension>
        </extensions>
      </trkpt>
      <trkpt lat="30.7522384822368621826171875" lon="108.44514730386435985565185546875">
        <ele>424.399993896484375</ele>
        <time>2026-03-12T10:24:52.000Z</time>
        <extensions>
          <ns3:TrackPointExtension>
            <ns3:hr>146</ns3:hr>
            <ns3:cad>94</ns3:cad>
          </ns3:TrackPointExtension>
        </extensions>
      </trkpt>
      <trkpt lat="30.75220956467092037200927734375" lon="108.4451495669782161712646484375">
        <ele>424.20001220703125</ele>
        <time>2026-03-12T10:24:53.000Z</time>
        <extensions>
          <ns3:TrackPointExtension>
            <ns3:hr>146</ns3:hr>
            <ns3:cad>93</ns3:cad>
          </ns3:TrackPointExtension>
        </extensions>
      </trkpt>
      <trkpt lat="30.75218953192234039306640625" lon="108.44514378346502780914306640625">
        <ele>424.20001220703125</ele>
        <time>2026-03-12T10:24:54.000Z</time>
        <extensions>
          <ns3:TrackPointExtension>
            <ns3:hr>146</ns3:hr>
            <ns3:cad>92</ns3:cad>
          </ns3:TrackPointExtension>
        </extensions>
      </trkpt>
      <trkpt lat="30.75215960852801799774169921875" lon="108.4451344795525074005126953125">
        <ele>424.20001220703125</ele>
        <time>2026-03-12T10:24:55.000Z</time>
        <extensions>
          <ns3:TrackPointExtension>
            <ns3:hr>146</ns3:hr>
            <ns3:cad>92</ns3:cad>
          </ns3:TrackPointExtension>
        </extensions>
      </trkpt>
      <trkpt lat="30.75213781557977199554443359375" lon="108.4451338090002536773681640625">
        <ele>424.20001220703125</ele>
        <time>2026-03-12T10:24:56.000Z</time>
        <extensions>
          <ns3:TrackPointExtension>
            <ns3:hr>146</ns3:hr>
            <ns3:cad>92</ns3:cad>
          </ns3:TrackPointExtension>
        </extensions>
      </trkpt>
      <trkpt lat="30.7521078921854496002197265625" lon="108.445126600563526153564453125">
        <ele>424.20001220703125</ele>
        <time>2026-03-12T10:24:57.000Z</time>
        <extensions>
          <ns3:TrackPointExtension>
            <ns3:hr>146</ns3:hr>
            <ns3:cad>92</ns3:cad>
          </ns3:TrackPointExtension>
        </extensions>
      </trkpt>
      <trkpt lat="30.75208651833236217498779296875" lon="108.4451324678957462310791015625">
        <ele>424.20001220703125</ele>
        <time>2026-03-12T10:24:58.000Z</time>
        <extensions>
          <ns3:TrackPointExtension>
            <ns3:hr>146</ns3:hr>
            <ns3:cad>92</ns3:cad>
          </ns3:TrackPointExtension>
        </extensions>
      </trkpt>
      <trkpt lat="30.75205810368061065673828125" lon="108.445129282772541046142578125">
        <ele>424.20001220703125</ele>
        <time>2026-03-12T10:24:59.000Z</time>
        <extensions>
          <ns3:TrackPointExtension>
            <ns3:hr>146</ns3:hr>
            <ns3:cad>92</ns3:cad>
          </ns3:TrackPointExtension>
        </extensions>
      </trkpt>
      <trkpt lat="30.7520341314375400543212890625" lon="108.4451371617615222930908203125">
        <ele>424.20001220703125</ele>
        <time>2026-03-12T10:25:00.000Z</time>
        <extensions>
          <ns3:TrackPointExtension>
            <ns3:hr>146</ns3:hr>
            <ns3:cad>92</ns3:cad>
          </ns3:TrackPointExtension>
        </extensions>
      </trkpt>
      <trkpt lat="30.75200454331934452056884765625" lon="108.445134647190570831298828125">
        <ele>424.20001220703125</ele>
        <time>2026-03-12T10:25:01.000Z</time>
        <extensions>
          <ns3:TrackPointExtension>
            <ns3:hr>146</ns3:hr>
            <ns3:cad>92</ns3:cad>
          </ns3:TrackPointExtension>
        </extensions>
      </trkpt>
      <trkpt lat="30.75197696685791015625" lon="108.445137999951839447021484375">
        <ele>424.20001220703125</ele>
        <time>2026-03-12T10:25:02.000Z</time>
        <extensions>
          <ns3:TrackPointExtension>
            <ns3:hr>146</ns3:hr>
            <ns3:cad>92</ns3:cad>
          </ns3:TrackPointExtension>
        </extensions>
      </trkpt>
      <trkpt lat="30.7519509829580783843994140625" lon="108.4451391734182834625244140625">
        <ele>424.20001220703125</ele>
        <time>2026-03-12T10:25:03.000Z</time>
        <extensions>
          <ns3:TrackPointExtension>
            <ns3:hr>146</ns3:hr>
            <ns3:cad>92</ns3:cad>
          </ns3:TrackPointExtension>
        </extensions>
      </trkpt>
      <trkpt lat="30.7519233226776123046875" lon="108.44514596275985240936279296875">
        <ele>424.20001220703125</ele>
        <time>2026-03-12T10:25:04.000Z</time>
        <extensions>
          <ns3:TrackPointExtension>
            <ns3:hr>147</ns3:hr>
            <ns3:cad>92</ns3:cad>
          </ns3:TrackPointExtension>
        </extensions>
      </trkpt>
      <trkpt lat="30.7519016973674297332763671875" lon="108.44515048898756504058837890625">
        <ele>424.20001220703125</ele>
        <time>2026-03-12T10:25:05.000Z</time>
        <extensions>
          <ns3:TrackPointExtension>
            <ns3:hr>147</ns3:hr>
            <ns3:cad>92</ns3:cad>
          </ns3:TrackPointExtension>
        </extensions>
      </trkpt>
      <trkpt lat="30.7518742047250270843505859375" lon="108.4451606310904026031494140625">
        <ele>424.20001220703125</ele>
        <time>2026-03-12T10:25:06.000Z</time>
        <extensions>
          <ns3:TrackPointExtension>
            <ns3:hr>147</ns3:hr>
            <ns3:cad>92</ns3:cad>
          </ns3:TrackPointExtension>
        </extensions>
      </trkpt>
      <trkpt lat="30.75185433961451053619384765625" lon="108.445175550878047943115234375">
        <ele>424.20001220703125</ele>
        <time>2026-03-12T10:25:07.000Z</time>
        <extensions>
          <ns3:TrackPointExtension>
            <ns3:hr>147</ns3:hr>
            <ns3:cad>92</ns3:cad>
          </ns3:TrackPointExtension>
        </extensions>
      </trkpt>
      <trkpt lat="30.75182852335274219512939453125" lon="108.44519357196986675262451171875">
        <ele>424.20001220703125</ele>
        <time>2026-03-12T10:25:08.000Z</time>
        <extensions>
          <ns3:TrackPointExtension>
            <ns3:hr>147</ns3:hr>
            <ns3:cad>94</ns3:cad>
          </ns3:TrackPointExtension>
        </extensions>
      </trkpt>
      <trkpt lat="30.7518131844699382781982421875" lon="108.445209078490734100341796875">
        <ele>424.399993896484375</ele>
        <time>2026-03-12T10:25:09.000Z</time>
        <extensions>
          <ns3:TrackPointExtension>
            <ns3:hr>147</ns3:hr>
            <ns3:cad>94</ns3:cad>
          </ns3:TrackPointExtension>
        </extensions>
      </trkpt>
      <trkpt lat="30.7517878711223602294921875" lon="108.44522760249674320220947265625">
        <ele>424.600006103515625</ele>
        <time>2026-03-12T10:25:10.000Z</time>
        <extensions>
          <ns3:TrackPointExtension>
            <ns3:hr>147</ns3:hr>
            <ns3:cad>92</ns3:cad>
          </ns3:TrackPointExtension>
        </extensions>
      </trkpt>
      <trkpt lat="30.75177202932536602020263671875" lon="108.44524763524532318115234375">
        <ele>424.600006103515625</ele>
        <time>2026-03-12T10:25:11.000Z</time>
        <extensions>
          <ns3:TrackPointExtension>
            <ns3:hr>147</ns3:hr>
            <ns3:cad>92</ns3:cad>
          </ns3:TrackPointExtension>
        </extensions>
      </trkpt>
      <trkpt lat="30.7517494820058345794677734375" lon="108.44526766799390316009521484375">
        <ele>424.600006103515625</ele>
        <time>2026-03-12T10:25:12.000Z</time>
        <extensions>
          <ns3:TrackPointExtension>
            <ns3:hr>147</ns3:hr>
            <ns3:cad>92</ns3:cad>
          </ns3:TrackPointExtension>
        </extensions>
      </trkpt>
      <trkpt lat="30.751735903322696685791015625" lon="108.44529231078922748565673828125">
        <ele>424.600006103515625</ele>
        <time>2026-03-12T10:25:13.000Z</time>
        <extensions>
          <ns3:TrackPointExtension>
            <ns3:hr>147</ns3:hr>
            <ns3:cad>92</ns3:cad>
          </ns3:TrackPointExtension>
        </extensions>
      </trkpt>
      <trkpt lat="30.7517183013260364532470703125" lon="108.4453113377094268798828125">
        <ele>424.399993896484375</ele>
        <time>2026-03-12T10:25:14.000Z</time>
        <extensions>
          <ns3:TrackPointExtension>
            <ns3:hr>146</ns3:hr>
            <ns3:cad>92</ns3:cad>
          </ns3:TrackPointExtension>
        </extensions>
      </trkpt>
      <trkpt lat="30.75169675983488559722900390625" lon="108.4453383274376392364501953125">
        <ele>424.399993896484375</ele>
        <time>2026-03-12T10:25:15.000Z</time>
        <extensions>
          <ns3:TrackPointExtension>
            <ns3:hr>146</ns3:hr>
            <ns3:cad>94</ns3:cad>
          </ns3:TrackPointExtension>
        </extensions>
      </trkpt>
      <trkpt lat="30.75168234296143054962158203125" lon="108.44535626471042633056640625">
        <ele>424.399993896484375</ele>
        <time>2026-03-12T10:25:16.000Z</time>
        <extensions>
          <ns3:TrackPointExtension>
            <ns3:hr>146</ns3:hr>
            <ns3:cad>94</ns3:cad>
          </ns3:TrackPointExtension>
        </extensions>
      </trkpt>
      <trkpt lat="30.7516653276979923248291015625" lon="108.44538300298154354095458984375">
        <ele>424.399993896484375</ele>
        <time>2026-03-12T10:25:17.000Z</time>
        <extensions>
          <ns3:TrackPointExtension>
            <ns3:hr>147</ns3:hr>
            <ns3:cad>92</ns3:cad>
          </ns3:TrackPointExtension>
        </extensions>
      </trkpt>
      <trkpt lat="30.7516525872051715850830078125" lon="108.4454057179391384124755859375">
        <ele>424.399993896484375</ele>
        <time>2026-03-12T10:25:18.000Z</time>
        <extensions>
          <ns3:TrackPointExtension>
            <ns3:hr>147</ns3:hr>
            <ns3:cad>92</ns3:cad>
          </ns3:TrackPointExtension>
        </extensions>
      </trkpt>
      <trkpt lat="30.75163356028497219085693359375" lon="108.44543404877185821533203125">
        <ele>424.399993896484375</ele>
        <time>2026-03-12T10:25:19.000Z</time>
        <extensions>
          <ns3:TrackPointExtension>
            <ns3:hr>147</ns3:hr>
            <ns3:cad>93</ns3:cad>
          </ns3:TrackPointExtension>
        </extensions>
      </trkpt>
      <trkpt lat="30.7516244240105152130126953125" lon="108.44545994885265827178955078125">
        <ele>424.399993896484375</ele>
        <time>2026-03-12T10:25:20.000Z</time>
        <extensions>
          <ns3:TrackPointExtension>
            <ns3:hr>147</ns3:hr>
            <ns3:cad>94</ns3:cad>
          </ns3:TrackPointExtension>
        </extensions>
      </trkpt>
      <trkpt lat="30.75160757638514041900634765625" lon="108.4454881958663463592529296875">
        <ele>424.399993896484375</ele>
        <time>2026-03-12T10:25:21.000Z</time>
        <extensions>
          <ns3:TrackPointExtension>
            <ns3:hr>147</ns3:hr>
            <ns3:cad>94</ns3:cad>
          </ns3:TrackPointExtension>
        </extensions>
      </trkpt>
      <trkpt lat="30.75160053558647632598876953125" lon="108.4455178678035736083984375">
        <ele>424.399993896484375</ele>
        <time>2026-03-12T10:25:22.000Z</time>
        <extensions>
          <ns3:TrackPointExtension>
            <ns3:hr>147</ns3:hr>
            <ns3:cad>92</ns3:cad>
          </ns3:TrackPointExtension>
        </extensions>
      </trkpt>
      <trkpt lat="30.7515862025320529937744140625" lon="108.4455458633601665496826171875">
        <ele>424.399993896484375</ele>
        <time>2026-03-12T10:25:23.000Z</time>
        <extensions>
          <ns3:TrackPointExtension>
            <ns3:hr>147</ns3:hr>
            <ns3:cad>92</ns3:cad>
          </ns3:TrackPointExtension>
        </extensions>
      </trkpt>
      <trkpt lat="30.7515781559050083160400390625" lon="108.44557561911642551422119140625">
        <ele>424.399993896484375</ele>
        <time>2026-03-12T10:25:24.000Z</time>
        <extensions>
          <ns3:TrackPointExtension>
            <ns3:hr>147</ns3:hr>
            <ns3:cad>92</ns3:cad>
          </ns3:TrackPointExtension>
        </extensions>
      </trkpt>
      <trkpt lat="30.7515731267631053924560546875" lon="108.44560361467301845550537109375">
        <ele>424.399993896484375</ele>
        <time>2026-03-12T10:25:25.000Z</time>
        <extensions>
          <ns3:TrackPointExtension>
            <ns3:hr>148</ns3:hr>
            <ns3:cad>94</ns3:cad>
          </ns3:TrackPointExtension>
        </extensions>
      </trkpt>
      <trkpt lat="30.7515737973153591156005859375" lon="108.4456390701234340667724609375">
        <ele>424.600006103515625</ele>
        <time>2026-03-12T10:25:26.000Z</time>
        <extensions>
          <ns3:TrackPointExtension>
            <ns3:hr>148</ns3:hr>
            <ns3:cad>94</ns3:cad>
          </ns3:TrackPointExtension>
        </extensions>
      </trkpt>
      <trkpt lat="30.75157488696277141571044921875" lon="108.4456638805568218231201171875">
        <ele>424.600006103515625</ele>
        <time>2026-03-12T10:25:27.000Z</time>
        <extensions>
          <ns3:TrackPointExtension>
            <ns3:hr>148</ns3:hr>
            <ns3:cad>93</ns3:cad>
          </ns3:TrackPointExtension>
        </extensions>
      </trkpt>
      <trkpt lat="30.75157790444791316986083984375" lon="108.445695899426937103271484375">
        <ele>424.600006103515625</ele>
        <time>2026-03-12T10:25:28.000Z</time>
        <extensions>
          <ns3:TrackPointExtension>
            <ns3:hr>148</ns3:hr>
            <ns3:cad>92</ns3:cad>
          </ns3:TrackPointExtension>
        </extensions>
      </trkpt>
      <trkpt lat="30.751584358513355255126953125" lon="108.44572314061224460601806640625">
        <ele>424.600006103515625</ele>
        <time>2026-03-12T10:25:29.000Z</time>
        <extensions>
          <ns3:TrackPointExtension>
            <ns3:hr>147</ns3:hr>
            <ns3:cad>92</ns3:cad>
          </ns3:TrackPointExtension>
        </extensions>
      </trkpt>
      <trkpt lat="30.75159139931201934814453125" lon="108.4457552433013916015625">
        <ele>424.600006103515625</ele>
        <time>2026-03-12T10:25:30.000Z</time>
        <extensions>
          <ns3:TrackPointExtension>
            <ns3:hr>147</ns3:hr>
            <ns3:cad>92</ns3:cad>
          </ns3:TrackPointExtension>
        </extensions>
      </trkpt>
      <trkpt lat="30.751595757901668548583984375" lon="108.445780389010906219482421875">
        <ele>424.600006103515625</ele>
        <time>2026-03-12T10:25:31.000Z</time>
        <extensions>
          <ns3:TrackPointExtension>
            <ns3:hr>147</ns3:hr>
            <ns3:cad>92</ns3:cad>
          </ns3:TrackPointExtension>
        </extensions>
      </trkpt>
      <trkpt lat="30.75160003267228603363037109375" lon="108.4458120726048946380615234375">
        <ele>424.600006103515625</ele>
        <time>2026-03-12T10:25:32.000Z</time>
        <extensions>
          <ns3:TrackPointExtension>
            <ns3:hr>147</ns3:hr>
            <ns3:cad>92</ns3:cad>
          </ns3:TrackPointExtension>
        </extensions>
      </trkpt>
      <trkpt lat="30.7516116835176944732666015625" lon="108.44583964906632900238037109375">
        <ele>424.600006103515625</ele>
        <time>2026-03-12T10:25:33.000Z</time>
        <extensions>
          <ns3:TrackPointExtension>
            <ns3:hr>147</ns3:hr>
            <ns3:cad>92</ns3:cad>
          </ns3:TrackPointExtension>
        </extensions>
      </trkpt>
      <trkpt lat="30.75161981396377086639404296875" lon="108.4458660520613193511962890625">
        <ele>424.79998779296875</ele>
        <time>2026-03-12T10:25:34.000Z</time>
        <extensions>
          <ns3:TrackPointExtension>
            <ns3:hr>147</ns3:hr>
            <ns3:cad>92</ns3:cad>
          </ns3:TrackPointExtension>
        </extensions>
      </trkpt>
      <trkpt lat="30.7516374997794628143310546875" lon="108.4458942152559757232666015625">
        <ele>424.79998779296875</ele>
        <time>2026-03-12T10:25:35.000Z</time>
        <extensions>
          <ns3:TrackPointExtension>
            <ns3:hr>146</ns3:hr>
            <ns3:cad>92</ns3:cad>
          </ns3:TrackPointExtension>
        </extensions>
      </trkpt>
      <trkpt lat="30.7516478933393955230712890625" lon="108.445913158357143402099609375">
        <ele>424.79998779296875</ele>
        <time>2026-03-12T10:25:36.000Z</time>
        <extensions>
          <ns3:TrackPointExtension>
            <ns3:hr>146</ns3:hr>
            <ns3:cad>92</ns3:cad>
          </ns3:TrackPointExtension>
        </extensions>
      </trkpt>
      <trkpt lat="30.7516633160412311553955078125" lon="108.445944003760814666748046875">
        <ele>424.79998779296875</ele>
        <time>2026-03-12T10:25:37.000Z</time>
        <extensions>
          <ns3:TrackPointExtension>
            <ns3:hr>146</ns3:hr>
            <ns3:cad>92</ns3:cad>
          </ns3:TrackPointExtension>
        </extensions>
      </trkpt>
      <trkpt lat="30.75167982839047908782958984375" lon="108.445965461432933807373046875">
        <ele>424.600006103515625</ele>
        <time>2026-03-12T10:25:38.000Z</time>
        <extensions>
          <ns3:TrackPointExtension>
            <ns3:hr>146</ns3:hr>
            <ns3:cad>92</ns3:cad>
          </ns3:TrackPointExtension>
        </extensions>
      </trkpt>
      <trkpt lat="30.7516985200345516204833984375" lon="108.44599387608468532562255859375">
        <ele>424.600006103515625</ele>
        <time>2026-03-12T10:25:39.000Z</time>
        <extensions>
          <ns3:TrackPointExtension>
            <ns3:hr>146</ns3:hr>
            <ns3:cad>92</ns3:cad>
          </ns3:TrackPointExtension>
        </extensions>
      </trkpt>
      <trkpt lat="30.75171737931668758392333984375" lon="108.44600527547299861907958984375">
        <ele>424.79998779296875</ele>
        <time>2026-03-12T10:25:40.000Z</time>
        <extensions>
          <ns3:TrackPointExtension>
            <ns3:hr>146</ns3:hr>
            <ns3:cad>92</ns3:cad>
          </ns3:TrackPointExtension>
        </extensions>
      </trkpt>
      <trkpt lat="30.7517390884459018707275390625" lon="108.44602673314511775970458984375">
        <ele>424.79998779296875</ele>
        <time>2026-03-12T10:25:41.000Z</time>
        <extensions>
          <ns3:TrackPointExtension>
            <ns3:hr>146</ns3:hr>
            <ns3:cad>92</ns3:cad>
          </ns3:TrackPointExtension>
        </extensions>
      </trkpt>
      <trkpt lat="30.7517615519464015960693359375" lon="108.4460377134382724761962890625">
        <ele>424.79998779296875</ele>
        <time>2026-03-12T10:25:42.000Z</time>
        <extensions>
          <ns3:TrackPointExtension>
            <ns3:hr>147</ns3:hr>
            <ns3:cad>94</ns3:cad>
          </ns3:TrackPointExtension>
        </extensions>
      </trkpt>
      <trkpt lat="30.751785524189472198486328125" lon="108.44605489633977413177490234375">
        <ele>424.79998779296875</ele>
        <time>2026-03-12T10:25:43.000Z</time>
        <extensions>
          <ns3:TrackPointExtension>
            <ns3:hr>146</ns3:hr>
            <ns3:cad>94</ns3:cad>
          </ns3:TrackPointExtension>
        </extensions>
      </trkpt>
      <trkpt lat="30.75180790387094020843505859375" lon="108.446071408689022064208984375">
        <ele>424.79998779296875</ele>
        <time>2026-03-12T10:25:44.000Z</time>
        <extensions>
          <ns3:TrackPointExtension>
            <ns3:hr>146</ns3:hr>
            <ns3:cad>93</ns3:cad>
          </ns3:TrackPointExtension>
        </extensions>
      </trkpt>
      <trkpt lat="30.75182852335274219512939453125" lon="108.44609043560922145843505859375">
        <ele>424.79998779296875</ele>
        <time>2026-03-12T10:25:45.000Z</time>
        <extensions>
          <ns3:TrackPointExtension>
            <ns3:hr>146</ns3:hr>
            <ns3:cad>93</ns3:cad>
          </ns3:TrackPointExtension>
        </extensions>
      </trkpt>
      <trkpt lat="30.75185157358646392822265625" lon="108.4461091272532939910888671875">
        <ele>424.79998779296875</ele>
        <time>2026-03-12T10:25:46.000Z</time>
        <extensions>
          <ns3:TrackPointExtension>
            <ns3:hr>147</ns3:hr>
            <ns3:cad>93</ns3:cad>
          </ns3:TrackPointExtension>
        </extensions>
      </trkpt>
      <trkpt lat="30.7518683373928070068359375" lon="108.4461218677461147308349609375">
        <ele>424.79998779296875</ele>
        <time>2026-03-12T10:25:47.000Z</time>
        <extensions>
          <ns3:TrackPointExtension>
            <ns3:hr>147</ns3:hr>
            <ns3:cad>94</ns3:cad>
          </ns3:TrackPointExtension>
        </extensions>
      </trkpt>
      <trkpt lat="30.75189608149230480194091796875" lon="108.44614055939018726348876953125">
        <ele>424.79998779296875</ele>
        <time>2026-03-12T10:25:48.000Z</time>
        <extensions>
          <ns3:TrackPointExtension>
            <ns3:hr>147</ns3:hr>
            <ns3:cad>93</ns3:cad>
          </ns3:TrackPointExtension>
        </extensions>
      </trkpt>
      <trkpt lat="30.75191686861217021942138671875" lon="108.4461463429033756256103515625">
        <ele>424.79998779296875</ele>
        <time>2026-03-12T10:25:49.000Z</time>
        <extensions>
          <ns3:TrackPointExtension>
            <ns3:hr>148</ns3:hr>
            <ns3:cad>94</ns3:cad>
          </ns3:TrackPointExtension>
        </extensions>
      </trkpt>
      <trkpt lat="30.75194855220615863800048828125" lon="108.44615430571138858795166015625">
        <ele>424.79998779296875</ele>
        <time>2026-03-12T10:25:50.000Z</time>
        <extensions>
          <ns3:TrackPointExtension>
            <ns3:hr>148</ns3:hr>
            <ns3:cad>94</ns3:cad>
          </ns3:TrackPointExtension>
        </extensions>
      </trkpt>
      <trkpt lat="30.7519704289734363555908203125" lon="108.446155227720737457275390625">
        <ele>424.79998779296875</ele>
        <time>2026-03-12T10:25:51.000Z</time>
        <extensions>
          <ns3:TrackPointExtension>
            <ns3:hr>148</ns3:hr>
            <ns3:cad>94</ns3:cad>
          </ns3:TrackPointExtension>
        </extensions>
      </trkpt>
      <trkpt lat="30.75200219638645648956298828125" lon="108.44615933485329151153564453125">
        <ele>424.79998779296875</ele>
        <time>2026-03-12T10:25:52.000Z</time>
        <extensions>
          <ns3:TrackPointExtension>
            <ns3:hr>148</ns3:hr>
            <ns3:cad>92</ns3:cad>
          </ns3:TrackPointExtension>
        </extensions>
      </trkpt>
      <trkpt lat="30.75202683918178081512451171875" lon="108.44615547917783260345458984375">
        <ele>424.79998779296875</ele>
        <time>2026-03-12T10:25:53.000Z</time>
        <extensions>
          <ns3:TrackPointExtension>
            <ns3:hr>149</ns3:hr>
            <ns3:cad>92</ns3:cad>
          </ns3:TrackPointExtension>
        </extensions>
      </trkpt>
      <trkpt lat="30.75205667875707149505615234375" lon="108.44616319052875041961669921875">
        <ele>424.79998779296875</ele>
        <time>2026-03-12T10:25:54.000Z</time>
        <extensions>
          <ns3:TrackPointExtension>
            <ns3:hr>149</ns3:hr>
            <ns3:cad>92</ns3:cad>
          </ns3:TrackPointExtension>
        </extensions>
      </trkpt>
      <trkpt lat="30.75208249501883983612060546875" lon="108.44615883193910121917724609375">
        <ele>424.79998779296875</ele>
        <time>2026-03-12T10:25:55.000Z</time>
        <extensions>
          <ns3:TrackPointExtension>
            <ns3:hr>149</ns3:hr>
            <ns3:cad>92</ns3:cad>
          </ns3:TrackPointExtension>
        </extensions>
      </trkpt>
      <trkpt lat="30.75210797600448131561279296875" lon="108.4461637772619724273681640625">
        <ele>424.79998779296875</ele>
        <time>2026-03-12T10:25:56.000Z</time>
        <extensions>
          <ns3:TrackPointExtension>
            <ns3:hr>149</ns3:hr>
            <ns3:cad>93</ns3:cad>
          </ns3:TrackPointExtension>
        </extensions>
      </trkpt>
      <trkpt lat="30.7521337084472179412841796875" lon="108.44616251997649669647216796875">
        <ele>424.79998779296875</ele>
        <time>2026-03-12T10:25:57.000Z</time>
        <extensions>
          <ns3:TrackPointExtension>
            <ns3:hr>149</ns3:hr>
            <ns3:cad>93</ns3:cad>
          </ns3:TrackPointExtension>
        </extensions>
      </trkpt>
      <trkpt lat="30.75215759687125682830810546875" lon="108.4461671300232410430908203125">
        <ele>424.79998779296875</ele>
        <time>2026-03-12T10:25:58.000Z</time>
        <extensions>
          <ns3:TrackPointExtension>
            <ns3:hr>149</ns3:hr>
            <ns3:cad>93</ns3:cad>
          </ns3:TrackPointExtension>
        </extensions>
      </trkpt>
      <trkpt lat="30.7521836645901203155517578125" lon="108.4461678005754947662353515625">
        <ele>424.79998779296875</ele>
        <time>2026-03-12T10:25:59.000Z</time>
        <extensions>
          <ns3:TrackPointExtension>
            <ns3:hr>149</ns3:hr>
            <ns3:cad>93</ns3:cad>
          </ns3:TrackPointExtension>
        </extensions>
      </trkpt>
      <trkpt lat="30.75220554135739803314208984375" lon="108.44617190770804882049560546875">
        <ele>424.79998779296875</ele>
        <time>2026-03-12T10:26:00.000Z</time>
        <extensions>
          <ns3:TrackPointExtension>
            <ns3:hr>149</ns3:hr>
            <ns3:cad>93</ns3:cad>
          </ns3:TrackPointExtension>
        </extensions>
      </trkpt>
      <trkpt lat="30.75223538093268871307373046875" lon="108.44617031514644622802734375">
        <ele>424.79998779296875</ele>
        <time>2026-03-12T10:26:01.000Z</time>
        <extensions>
          <ns3:TrackPointExtension>
            <ns3:hr>150</ns3:hr>
            <ns3:cad>93</ns3:cad>
          </ns3:TrackPointExtension>
        </extensions>
      </trkpt>
      <trkpt lat="30.75225650332868099212646484375" lon="108.446171991527080535888671875">
        <ele>424.79998779296875</ele>
        <time>2026-03-12T10:26:02.000Z</time>
        <extensions>
          <ns3:TrackPointExtension>
            <ns3:hr>150</ns3:hr>
            <ns3:cad>93</ns3:cad>
          </ns3:TrackPointExtension>
        </extensions>
      </trkpt>
      <trkpt lat="30.752287097275257110595703125" lon="108.44616704620420932769775390625">
        <ele>424.79998779296875</ele>
        <time>2026-03-12T10:26:03.000Z</time>
        <extensions>
          <ns3:TrackPointExtension>
            <ns3:hr>150</ns3:hr>
            <ns3:cad>93</ns3:cad>
          </ns3:TrackPointExtension>
        </extensions>
      </trkpt>
      <trkpt lat="30.75231014750897884368896484375" lon="108.4461621008813381195068359375">
        <ele>424.79998779296875</ele>
        <time>2026-03-12T10:26:04.000Z</time>
        <extensions>
          <ns3:TrackPointExtension>
            <ns3:hr>149</ns3:hr>
            <ns3:cad>93</ns3:cad>
          </ns3:TrackPointExtension>
        </extensions>
      </trkpt>
      <trkpt lat="30.75234166346490383148193359375" lon="108.4461629390716552734375">
        <ele>424.79998779296875</ele>
        <time>2026-03-12T10:26:05.000Z</time>
        <extensions>
          <ns3:TrackPointExtension>
            <ns3:hr>149</ns3:hr>
            <ns3:cad>93</ns3:cad>
          </ns3:TrackPointExtension>
        </extensions>
      </trkpt>
      <trkpt lat="30.7523623667657375335693359375" lon="108.44615816138684749603271484375">
        <ele>424.79998779296875</ele>
        <time>2026-03-12T10:26:06.000Z</time>
        <extensions>
          <ns3:TrackPointExtension>
            <ns3:hr>149</ns3:hr>
            <ns3:cad>93</ns3:cad>
          </ns3:TrackPointExtension>
        </extensions>
      </trkpt>
      <trkpt lat="30.75239111669361591339111328125" lon="108.4461641125380992889404296875">
        <ele>424.79998779296875</ele>
        <time>2026-03-12T10:26:07.000Z</time>
        <extensions>
          <ns3:TrackPointExtension>
            <ns3:hr>148</ns3:hr>
            <ns3:cad>93</ns3:cad>
          </ns3:TrackPointExtension>
        </extensions>
      </trkpt>
      <trkpt lat="30.75241156853735446929931640625" lon="108.446159251034259796142578125">
        <ele>424.79998779296875</ele>
        <time>2026-03-12T10:26:08.000Z</time>
        <extensions>
          <ns3:TrackPointExtension>
            <ns3:hr>147</ns3:hr>
            <ns3:cad>93</ns3:cad>
          </ns3:TrackPointExtension>
        </extensions>
      </trkpt>
      <trkpt lat="30.7524378038942813873291015625" lon="108.44616302289068698883056640625">
        <ele>424.79998779296875</ele>
        <time>2026-03-12T10:26:09.000Z</time>
        <extensions>
          <ns3:TrackPointExtension>
            <ns3:hr>146</ns3:hr>
            <ns3:cad>93</ns3:cad>
          </ns3:TrackPointExtension>
        </extensions>
      </trkpt>
      <trkpt lat="30.752461440861225128173828125" lon="108.44616101123392581939697265625">
        <ele>424.79998779296875</ele>
        <time>2026-03-12T10:26:10.000Z</time>
        <extensions>
          <ns3:TrackPointExtension>
            <ns3:hr>145</ns3:hr>
            <ns3:cad>93</ns3:cad>
          </ns3:TrackPointExtension>
        </extensions>
      </trkpt>
      <trkpt lat="30.7524850778281688690185546875" lon="108.44616570509970188140869140625">
        <ele>424.79998779296875</ele>
        <time>2026-03-12T10:26:11.000Z</time>
        <extensions>
          <ns3:TrackPointExtension>
            <ns3:hr>144</ns3:hr>
            <ns3:cad>93</ns3:cad>
          </ns3:TrackPointExtension>
        </extensions>
      </trkpt>
      <trkpt lat="30.752510726451873779296875" lon="108.4461671300232410430908203125">
        <ele>424.79998779296875</ele>
        <time>2026-03-12T10:26:12.000Z</time>
        <extensions>
          <ns3:TrackPointExtension>
            <ns3:hr>144</ns3:hr>
            <ns3:cad>94</ns3:cad>
          </ns3:TrackPointExtension>
        </extensions>
      </trkpt>
      <trkpt lat="30.75253310613334178924560546875" lon="108.44616897404193878173828125">
        <ele>424.79998779296875</ele>
        <time>2026-03-12T10:26:13.000Z</time>
        <extensions>
          <ns3:TrackPointExtension>
            <ns3:hr>143</ns3:hr>
            <ns3:cad>94</ns3:cad>
          </ns3:TrackPointExtension>
        </extensions>
      </trkpt>
      <trkpt lat="30.752559341490268707275390625" lon="108.44616386108100414276123046875">
        <ele>424.79998779296875</ele>
        <time>2026-03-12T10:26:14.000Z</time>
        <extensions>
          <ns3:TrackPointExtension>
            <ns3:hr>143</ns3:hr>
            <ns3:cad>94</ns3:cad>
          </ns3:TrackPointExtension>
        </extensions>
      </trkpt>
      <trkpt lat="30.75258054770529270172119140625" lon="108.44616201706230640411376953125">
        <ele>424.79998779296875</ele>
        <time>2026-03-12T10:26:15.000Z</time>
        <extensions>
          <ns3:TrackPointExtension>
            <ns3:hr>143</ns3:hr>
            <ns3:cad>94</ns3:cad>
          </ns3:TrackPointExtension>
        </extensions>
      </trkpt>
      <trkpt lat="30.752609632909297943115234375" lon="108.44615933485329151153564453125">
        <ele>424.79998779296875</ele>
        <time>2026-03-12T10:26:16.000Z</time>
        <extensions>
          <ns3:TrackPointExtension>
            <ns3:hr>143</ns3:hr>
            <ns3:cad>93</ns3:cad>
          </ns3:TrackPointExtension>
        </extensions>
      </trkpt>
      <trkpt lat="30.752628743648529052734375" lon="108.44615715555846691131591796875">
        <ele>424.79998779296875</ele>
        <time>2026-03-12T10:26:17.000Z</time>
        <extensions>
          <ns3:TrackPointExtension>
            <ns3:hr>143</ns3:hr>
            <ns3:cad>93</ns3:cad>
          </ns3:TrackPointExtension>
        </extensions>
      </trkpt>
      <trkpt lat="30.75265665538609027862548828125" lon="108.44615765847265720367431640625">
        <ele>424.79998779296875</ele>
        <time>2026-03-12T10:26:18.000Z</time>
        <extensions>
          <ns3:TrackPointExtension>
            <ns3:hr>143</ns3:hr>
            <ns3:cad>93</ns3:cad>
          </ns3:TrackPointExtension>
        </extensions>
      </trkpt>
      <trkpt lat="30.75267761014401912689208984375" lon="108.4461570717394351959228515625">
        <ele>424.79998779296875</ele>
        <time>2026-03-12T10:26:19.000Z</time>
        <extensions>
          <ns3:TrackPointExtension>
            <ns3:hr>143</ns3:hr>
            <ns3:cad>93</ns3:cad>
          </ns3:TrackPointExtension>
        </extensions>
      </trkpt>
      <trkpt lat="30.75270912609994411468505859375" lon="108.4461610950529575347900390625">
        <ele>424.79998779296875</ele>
        <time>2026-03-12T10:26:20.000Z</time>
        <extensions>
          <ns3:TrackPointExtension>
            <ns3:hr>143</ns3:hr>
            <ns3:cad>93</ns3:cad>
          </ns3:TrackPointExtension>
        </extensions>
      </trkpt>
      <trkpt lat="30.7527341879904270172119140625" lon="108.44616151414811611175537109375">
        <ele>424.79998779296875</ele>
        <time>2026-03-12T10:26:21.000Z</time>
        <extensions>
          <ns3:TrackPointExtension>
            <ns3:hr>143</ns3:hr>
            <ns3:cad>93</ns3:cad>
          </ns3:TrackPointExtension>
        </extensions>
      </trkpt>
      <trkpt lat="30.7527626864612102508544921875" lon="108.44616201706230640411376953125">
        <ele>424.79998779296875</ele>
        <time>2026-03-12T10:26:22.000Z</time>
        <extensions>
          <ns3:TrackPointExtension>
            <ns3:hr>144</ns3:hr>
            <ns3:cad>94</ns3:cad>
          </ns3:TrackPointExtension>
        </extensions>
      </trkpt>
      <trkpt lat="30.75278841890394687652587890625" lon="108.44615899957716464996337890625">
        <ele>424.79998779296875</ele>
        <time>2026-03-12T10:26:23.000Z</time>
        <extensions>
          <ns3:TrackPointExtension>
            <ns3:hr>144</ns3:hr>
            <ns3:cad>94</ns3:cad>
          </ns3:TrackPointExtension>
        </extensions>
      </trkpt>
      <trkpt lat="30.75281423516571521759033203125" lon="108.44616352580487728118896484375">
        <ele>424.79998779296875</ele>
        <time>2026-03-12T10:26:24.000Z</time>
        <extensions>
          <ns3:TrackPointExtension>
            <ns3:hr>144</ns3:hr>
            <ns3:cad>94</ns3:cad>
          </ns3:TrackPointExtension>
        </extensions>
      </trkpt>
      <trkpt lat="30.75283803977072238922119140625" lon="108.44616117887198925018310546875">
        <ele>424.79998779296875</ele>
        <time>2026-03-12T10:26:25.000Z</time>
        <extensions>
          <ns3:TrackPointExtension>
            <ns3:hr>144</ns3:hr>
            <ns3:cad>93</ns3:cad>
          </ns3:TrackPointExtension>
        </extensions>
      </trkpt>
      <trkpt lat="30.75286368839442729949951171875" lon="108.44616302289068698883056640625">
        <ele>424.79998779296875</ele>
        <time>2026-03-12T10:26:26.000Z</time>
        <extensions>
          <ns3:TrackPointExtension>
            <ns3:hr>145</ns3:hr>
            <ns3:cad>92</ns3:cad>
          </ns3:TrackPointExtension>
        </extensions>
      </trkpt>
      <trkpt lat="30.75289092957973480224609375" lon="108.44616201706230640411376953125">
        <ele>424.79998779296875</ele>
        <time>2026-03-12T10:26:27.000Z</time>
        <extensions>
          <ns3:TrackPointExtension>
            <ns3:hr>145</ns3:hr>
            <ns3:cad>92</ns3:cad>
          </ns3:TrackPointExtension>
        </extensions>
      </trkpt>
      <trkpt lat="30.75291096232831478118896484375" lon="108.44616084359586238861083984375">
        <ele>424.79998779296875</ele>
        <time>2026-03-12T10:26:28.000Z</time>
        <extensions>
          <ns3:TrackPointExtension>
            <ns3:hr>145</ns3:hr>
            <ns3:cad>92</ns3:cad>
          </ns3:TrackPointExtension>
        </extensions>
      </trkpt>
      <trkpt lat="30.75293912552297115325927734375" lon="108.44616335816681385040283203125">
        <ele>424.79998779296875</ele>
        <time>2026-03-12T10:26:29.000Z</time>
        <extensions>
          <ns3:TrackPointExtension>
            <ns3:hr>145</ns3:hr>
            <ns3:cad>92</ns3:cad>
          </ns3:TrackPointExtension>
        </extensions>
      </trkpt>
      <trkpt lat="30.7529604993760585784912109375" lon="108.44616570509970188140869140625">
        <ele>424.79998779296875</ele>
        <time>2026-03-12T10:26:30.000Z</time>
        <extensions>
          <ns3:TrackPointExtension>
            <ns3:hr>144</ns3:hr>
            <ns3:cad>93</ns3:cad>
          </ns3:TrackPointExtension>
        </extensions>
      </trkpt>
      <trkpt lat="30.75299126096069812774658203125" lon="108.44616604037582874298095703125">
        <ele>424.79998779296875</ele>
        <time>2026-03-12T10:26:31.000Z</time>
        <extensions>
          <ns3:TrackPointExtension>
            <ns3:hr>144</ns3:hr>
            <ns3:cad>94</ns3:cad>
          </ns3:TrackPointExtension>
        </extensions>
      </trkpt>
      <trkpt lat="30.75301355682313442230224609375" lon="108.44615933485329151153564453125">
        <ele>425</ele>
        <time>2026-03-12T10:26:32.000Z</time>
        <extensions>
          <ns3:TrackPointExtension>
            <ns3:hr>144</ns3:hr>
            <ns3:cad>93</ns3:cad>
          </ns3:TrackPointExtension>
        </extensions>
      </trkpt>
      <trkpt lat="30.753046162426471710205078125" lon="108.4461513720452785491943359375">
        <ele>425</ele>
        <time>2026-03-12T10:26:33.000Z</time>
        <extensions>
          <ns3:TrackPointExtension>
            <ns3:hr>144</ns3:hr>
            <ns3:cad>94</ns3:cad>
          </ns3:TrackPointExtension>
        </extensions>
      </trkpt>
      <trkpt lat="30.753065608441829681396484375" lon="108.44613804481923580169677734375">
        <ele>425</ele>
        <time>2026-03-12T10:26:34.000Z</time>
        <extensions>
          <ns3:TrackPointExtension>
            <ns3:hr>145</ns3:hr>
            <ns3:cad>93</ns3:cad>
          </ns3:TrackPointExtension>
        </extensions>
      </trkpt>
      <trkpt lat="30.753085054457187652587890625" lon="108.44611256383359432220458984375">
        <ele>425</ele>
        <time>2026-03-12T10:26:35.000Z</time>
        <extensions>
          <ns3:TrackPointExtension>
            <ns3:hr>144</ns3:hr>
            <ns3:cad>93</ns3:cad>
          </ns3:TrackPointExtension>
        </extensions>
      </trkpt>
      <trkpt lat="30.75309771113097667694091796875" lon="108.4460893459618091583251953125">
        <ele>425</ele>
        <time>2026-03-12T10:26:36.000Z</time>
        <extensions>
          <ns3:TrackPointExtension>
            <ns3:hr>144</ns3:hr>
            <ns3:cad>93</ns3:cad>
          </ns3:TrackPointExtension>
        </extensions>
      </trkpt>
      <trkpt lat="30.7531180791556835174560546875" lon="108.446070738136768341064453125">
        <ele>425</ele>
        <time>2026-03-12T10:26:37.000Z</time>
        <extensions>
          <ns3:TrackPointExtension>
            <ns3:hr>143</ns3:hr>
            <ns3:cad>93</ns3:cad>
          </ns3:TrackPointExtension>
        </extensions>
      </trkpt>
      <trkpt lat="30.75314230285584926605224609375" lon="108.44605171121656894683837890625">
        <ele>425.20001220703125</ele>
        <time>2026-03-12T10:26:38.000Z</time>
        <extensions>
          <ns3:TrackPointExtension>
            <ns3:hr>143</ns3:hr>
            <ns3:cad>92</ns3:cad>
          </ns3:TrackPointExtension>
        </extensions>
      </trkpt>
      <trkpt lat="30.7531636767089366912841796875" lon="108.44603846780955791473388671875">
        <ele>425.20001220703125</ele>
        <time>2026-03-12T10:26:39.000Z</time>
        <extensions>
          <ns3:TrackPointExtension>
            <ns3:hr>143</ns3:hr>
            <ns3:cad>92</ns3:cad>
          </ns3:TrackPointExtension>
        </extensions>
      </trkpt>
      <trkpt lat="30.75318823568522930145263671875" lon="108.44601742923259735107421875">
        <ele>425.20001220703125</ele>
        <time>2026-03-12T10:26:40.000Z</time>
        <extensions>
          <ns3:TrackPointExtension>
            <ns3:hr>143</ns3:hr>
            <ns3:cad>92</ns3:cad>
          </ns3:TrackPointExtension>
        </extensions>
      </trkpt>
      <trkpt lat="30.753205083310604095458984375" lon="108.4459994919598102569580078125">
        <ele>425.20001220703125</ele>
        <time>2026-03-12T10:26:41.000Z</time>
        <extensions>
          <ns3:TrackPointExtension>
            <ns3:hr>143</ns3:hr>
            <ns3:cad>92</ns3:cad>
          </ns3:TrackPointExtension>
        </extensions>
      </trkpt>
      <trkpt lat="30.75322687625885009765625" lon="108.44597023911774158477783203125">
        <ele>425.20001220703125</ele>
        <time>2026-03-12T10:26:42.000Z</time>
        <extensions>
          <ns3:TrackPointExtension>
            <ns3:hr>143</ns3:hr>
            <ns3:cad>92</ns3:cad>
          </ns3:TrackPointExtension>
        </extensions>
      </trkpt>
      <trkpt lat="30.75323785655200481414794921875" lon="108.44594794325530529022216796875">
        <ele>425.399993896484375</ele>
        <time>2026-03-12T10:26:43.000Z</time>
        <extensions>
          <ns3:TrackPointExtension>
            <ns3:hr>143</ns3:hr>
            <ns3:cad>93</ns3:cad>
          </ns3:TrackPointExtension>
        </extensions>
      </trkpt>
      <trkpt lat="30.753251016139984130859375" lon="108.44591659493744373321533203125">
        <ele>425.399993896484375</ele>
        <time>2026-03-12T10:26:44.000Z</time>
        <extensions>
          <ns3:TrackPointExtension>
            <ns3:hr>144</ns3:hr>
            <ns3:cad>94</ns3:cad>
          </ns3:TrackPointExtension>
        </extensions>
      </trkpt>
      <trkpt lat="30.75325730256736278533935546875" lon="108.44589396379888057708740234375">
        <ele>425.399993896484375</ele>
        <time>2026-03-12T10:26:45.000Z</time>
        <extensions>
          <ns3:TrackPointExtension>
            <ns3:hr>144</ns3:hr>
            <ns3:cad>94</ns3:cad>
          </ns3:TrackPointExtension>
        </extensions>
      </trkpt>
      <trkpt lat="30.75327322818338871002197265625" lon="108.44586429186165332794189453125">
        <ele>425.399993896484375</ele>
        <time>2026-03-12T10:26:46.000Z</time>
        <extensions>
          <ns3:TrackPointExtension>
            <ns3:hr>146</ns3:hr>
            <ns3:cad>93</ns3:cad>
          </ns3:TrackPointExtension>
        </extensions>
      </trkpt>
      <trkpt lat="30.753277502954006195068359375" lon="108.44584174454212188720703125">
        <ele>425.399993896484375</ele>
        <time>2026-03-12T10:26:47.000Z</time>
        <extensions>
          <ns3:TrackPointExtension>
            <ns3:hr>147</ns3:hr>
            <ns3:cad>93</ns3:cad>
          </ns3:TrackPointExtension>
        </extensions>
      </trkpt>
      <trkpt lat="30.75329317711293697357177734375" lon="108.44581048004329204559326171875">
        <ele>425.600006103515625</ele>
        <time>2026-03-12T10:26:48.000Z</time>
        <extensions>
          <ns3:TrackPointExtension>
            <ns3:hr>148</ns3:hr>
            <ns3:cad>93</ns3:cad>
          </ns3:TrackPointExtension>
        </extensions>
      </trkpt>
      <trkpt lat="30.75329937972128391265869140625" lon="108.44578684307634830474853515625">
        <ele>425.600006103515625</ele>
        <time>2026-03-12T10:26:49.000Z</time>
        <extensions>
          <ns3:TrackPointExtension>
            <ns3:hr>148</ns3:hr>
            <ns3:cad>93</ns3:cad>
          </ns3:TrackPointExtension>
        </extensions>
      </trkpt>
      <trkpt lat="30.75330809690058231353759765625" lon="108.4457557462155818939208984375">
        <ele>425.600006103515625</ele>
        <time>2026-03-12T10:26:50.000Z</time>
        <extensions>
          <ns3:TrackPointExtension>
            <ns3:hr>147</ns3:hr>
            <ns3:cad>93</ns3:cad>
          </ns3:TrackPointExtension>
        </extensions>
      </trkpt>
      <trkpt lat="30.7533018104732036590576171875" lon="108.44572842121124267578125">
        <ele>425.600006103515625</ele>
        <time>2026-03-12T10:26:51.000Z</time>
        <extensions>
          <ns3:TrackPointExtension>
            <ns3:hr>147</ns3:hr>
            <ns3:cad>93</ns3:cad>
          </ns3:TrackPointExtension>
        </extensions>
      </trkpt>
      <trkpt lat="30.75329996645450592041015625" lon="108.44569690525531768798828125">
        <ele>425.600006103515625</ele>
        <time>2026-03-12T10:26:52.000Z</time>
        <extensions>
          <ns3:TrackPointExtension>
            <ns3:hr>147</ns3:hr>
            <ns3:cad>93</ns3:cad>
          </ns3:TrackPointExtension>
        </extensions>
      </trkpt>
      <trkpt lat="30.7532981224358081817626953125" lon="108.44566346146166324615478515625">
        <ele>425.600006103515625</ele>
        <time>2026-03-12T10:26:53.000Z</time>
        <extensions>
          <ns3:TrackPointExtension>
            <ns3:hr>146</ns3:hr>
            <ns3:cad>93</ns3:cad>
          </ns3:TrackPointExtension>
        </extensions>
      </trkpt>
      <trkpt lat="30.75329971499741077423095703125" lon="108.445633538067340850830078125">
        <ele>425.600006103515625</ele>
        <time>2026-03-12T10:26:54.000Z</time>
        <extensions>
          <ns3:TrackPointExtension>
            <ns3:hr>145</ns3:hr>
            <ns3:cad>93</ns3:cad>
          </ns3:TrackPointExtension>
        </extensions>
      </trkpt>
      <trkpt lat="30.75330072082579135894775390625" lon="108.44559992663562297821044921875">
        <ele>425.600006103515625</ele>
        <time>2026-03-12T10:26:55.000Z</time>
        <extensions>
          <ns3:TrackPointExtension>
            <ns3:hr>144</ns3:hr>
            <ns3:cad>93</ns3:cad>
          </ns3:TrackPointExtension>
        </extensions>
      </trkpt>
      <trkpt lat="30.753298960626125335693359375" lon="108.4455720148980617523193359375">
        <ele>425.600006103515625</ele>
        <time>2026-03-12T10:26:56.000Z</time>
        <extensions>
          <ns3:TrackPointExtension>
            <ns3:hr>143</ns3:hr>
            <ns3:cad>93</ns3:cad>
          </ns3:TrackPointExtension>
        </extensions>
      </trkpt>
      <trkpt lat="30.75329787097871303558349609375" lon="108.44553622417151927947998046875">
        <ele>425.600006103515625</ele>
        <time>2026-03-12T10:26:57.000Z</time>
        <extensions>
          <ns3:TrackPointExtension>
            <ns3:hr>141</ns3:hr>
            <ns3:cad>93</ns3:cad>
          </ns3:TrackPointExtension>
        </extensions>
      </trkpt>
      <trkpt lat="30.7532907463610172271728515625" lon="108.44550990499556064605712890625">
        <ele>425.600006103515625</ele>
        <time>2026-03-12T10:26:58.000Z</time>
        <extensions>
          <ns3:TrackPointExtension>
            <ns3:hr>141</ns3:hr>
            <ns3:cad>93</ns3:cad>
          </ns3:TrackPointExtension>
        </extensions>
      </trkpt>
      <trkpt lat="30.75328110717236995697021484375" lon="108.44547587446868419647216796875">
        <ele>425.79998779296875</ele>
        <time>2026-03-12T10:26:59.000Z</time>
        <extensions>
          <ns3:TrackPointExtension>
            <ns3:hr>141</ns3:hr>
            <ns3:cad>94</ns3:cad>
          </ns3:TrackPointExtension>
        </extensions>
      </trkpt>
      <trkpt lat="30.75327557511627674102783203125" lon="108.4454534947872161865234375">
        <ele>425.79998779296875</ele>
        <time>2026-03-12T10:27:00.000Z</time>
        <extensions>
          <ns3:TrackPointExtension>
            <ns3:hr>142</ns3:hr>
            <ns3:cad>94</ns3:cad>
          </ns3:TrackPointExtension>
        </extensions>
      </trkpt>
      <trkpt lat="30.753268115222454071044921875" lon="108.445420973002910614013671875">
        <ele>425.79998779296875</ele>
        <time>2026-03-12T10:27:01.000Z</time>
        <extensions>
          <ns3:TrackPointExtension>
            <ns3:hr>142</ns3:hr>
            <ns3:cad>94</ns3:cad>
          </ns3:TrackPointExtension>
        </extensions>
      </trkpt>
      <trkpt lat="30.7532565481960773468017578125" lon="108.44539892859756946563720703125">
        <ele>425.79998779296875</ele>
        <time>2026-03-12T10:27:02.000Z</time>
        <extensions>
          <ns3:TrackPointExtension>
            <ns3:hr>143</ns3:hr>
            <ns3:cad>93</ns3:cad>
          </ns3:TrackPointExtension>
        </extensions>
      </trkpt>
      <trkpt lat="30.75324992649257183074951171875" lon="108.44536690972745418548583984375">
        <ele>425.79998779296875</ele>
        <time>2026-03-12T10:27:03.000Z</time>
        <extensions>
          <ns3:TrackPointExtension>
            <ns3:hr>143</ns3:hr>
            <ns3:cad>93</ns3:cad>
          </ns3:TrackPointExtension>
        </extensions>
      </trkpt>
      <trkpt lat="30.75323852710425853729248046875" lon="108.44534218311309814453125">
        <ele>425.79998779296875</ele>
        <time>2026-03-12T10:27:04.000Z</time>
        <extensions>
          <ns3:TrackPointExtension>
            <ns3:hr>143</ns3:hr>
            <ns3:cad>93</ns3:cad>
          </ns3:TrackPointExtension>
        </extensions>
      </trkpt>
      <trkpt lat="30.75322763063013553619384765625" lon="108.445311672985553741455078125">
        <ele>425.79998779296875</ele>
        <time>2026-03-12T10:27:05.000Z</time>
        <extensions>
          <ns3:TrackPointExtension>
            <ns3:hr>144</ns3:hr>
            <ns3:cad>93</ns3:cad>
          </ns3:TrackPointExtension>
        </extensions>
      </trkpt>
      <trkpt lat="30.7532136328518390655517578125" lon="108.44528778456151485443115234375">
        <ele>425.79998779296875</ele>
        <time>2026-03-12T10:27:06.000Z</time>
        <extensions>
          <ns3:TrackPointExtension>
            <ns3:hr>144</ns3:hr>
            <ns3:cad>93</ns3:cad>
          </ns3:TrackPointExtension>
        </extensions>
      </trkpt>
      <trkpt lat="30.75320181436836719512939453125" lon="108.44526113010942935943603515625">
        <ele>425.79998779296875</ele>
        <time>2026-03-12T10:27:07.000Z</time>
        <extensions>
          <ns3:TrackPointExtension>
            <ns3:hr>144</ns3:hr>
            <ns3:cad>93</ns3:cad>
          </ns3:TrackPointExtension>
        </extensions>
      </trkpt>
      <trkpt lat="30.75318597257137298583984375" lon="108.44523497857153415679931640625">
        <ele>425.79998779296875</ele>
        <time>2026-03-12T10:27:08.000Z</time>
        <extensions>
          <ns3:TrackPointExtension>
            <ns3:hr>145</ns3:hr>
            <ns3:cad>93</ns3:cad>
          </ns3:TrackPointExtension>
        </extensions>
      </trkpt>
      <trkpt lat="30.75317147187888622283935546875" lon="108.445210419595241546630859375">
        <ele>425.79998779296875</ele>
        <time>2026-03-12T10:27:09.000Z</time>
        <extensions>
          <ns3:TrackPointExtension>
            <ns3:hr>145</ns3:hr>
            <ns3:cad>93</ns3:cad>
          </ns3:TrackPointExtension>
        </extensions>
      </trkpt>
      <trkpt lat="30.75315152294933795928955078125" lon="108.44518368132412433624267578125">
        <ele>426</ele>
        <time>2026-03-12T10:27:10.000Z</time>
        <extensions>
          <ns3:TrackPointExtension>
            <ns3:hr>145</ns3:hr>
            <ns3:cad>93</ns3:cad>
          </ns3:TrackPointExtension>
        </extensions>
      </trkpt>
      <trkpt lat="30.75313878245651721954345703125" lon="108.44516272656619548797607421875">
        <ele>426</ele>
        <time>2026-03-12T10:27:11.000Z</time>
        <extensions>
          <ns3:TrackPointExtension>
            <ns3:hr>145</ns3:hr>
            <ns3:cad>93</ns3:cad>
          </ns3:TrackPointExtension>
        </extensions>
      </trkpt>
      <trkpt lat="30.7531160674989223480224609375" lon="108.44514043070375919342041015625">
        <ele>426</ele>
        <time>2026-03-12T10:27:12.000Z</time>
        <extensions>
          <ns3:TrackPointExtension>
            <ns3:hr>146</ns3:hr>
            <ns3:cad>93</ns3:cad>
          </ns3:TrackPointExtension>
        </extensions>
      </trkpt>
      <trkpt lat="30.7530966214835643768310546875" lon="108.44512634910643100738525390625">
        <ele>426</ele>
        <time>2026-03-12T10:27:13.000Z</time>
        <extensions>
          <ns3:TrackPointExtension>
            <ns3:hr>146</ns3:hr>
            <ns3:cad>93</ns3:cad>
          </ns3:TrackPointExtension>
        </extensions>
      </trkpt>
      <trkpt lat="30.75306837446987628936767578125" lon="108.4451110102236270904541015625">
        <ele>426</ele>
        <time>2026-03-12T10:27:14.000Z</time>
        <extensions>
          <ns3:TrackPointExtension>
            <ns3:hr>146</ns3:hr>
            <ns3:cad>93</ns3:cad>
          </ns3:TrackPointExtension>
        </extensions>
      </trkpt>
      <trkpt lat="30.75304574333131313323974609375" lon="108.44510975293815135955810546875">
        <ele>426</ele>
        <time>2026-03-12T10:27:15.000Z</time>
        <extensions>
          <ns3:TrackPointExtension>
            <ns3:hr>146</ns3:hr>
            <ns3:cad>93</ns3:cad>
          </ns3:TrackPointExtension>
        </extensions>
      </trkpt>
      <trkpt lat="30.75301858596503734588623046875" lon="108.445108830928802490234375">
        <ele>426</ele>
        <time>2026-03-12T10:27:16.000Z</time>
        <extensions>
          <ns3:TrackPointExtension>
            <ns3:hr>146</ns3:hr>
            <ns3:cad>93</ns3:cad>
          </ns3:TrackPointExtension>
        </extensions>
      </trkpt>
      <trkpt lat="30.752993524074554443359375" lon="108.44511310569941997528076171875">
        <ele>426</ele>
        <time>2026-03-12T10:27:17.000Z</time>
        <extensions>
          <ns3:TrackPointExtension>
            <ns3:hr>146</ns3:hr>
            <ns3:cad>93</ns3:cad>
          </ns3:TrackPointExtension>
        </extensions>
      </trkpt>
      <trkpt lat="30.75296577997505664825439453125" lon="108.4451093338429927825927734375">
        <ele>426</ele>
        <time>2026-03-12T10:27:18.000Z</time>
        <extensions>
          <ns3:TrackPointExtension>
            <ns3:hr>146</ns3:hr>
            <ns3:cad>93</ns3:cad>
          </ns3:TrackPointExtension>
        </extensions>
      </trkpt>
      <trkpt lat="30.7529400475323200225830078125" lon="108.44511075876653194427490234375">
        <ele>426</ele>
        <time>2026-03-12T10:27:19.000Z</time>
        <extensions>
          <ns3:TrackPointExtension>
            <ns3:hr>147</ns3:hr>
            <ns3:cad>92</ns3:cad>
          </ns3:TrackPointExtension>
        </extensions>
      </trkpt>
      <trkpt lat="30.75291641056537628173828125" lon="108.44510774128139019012451171875">
        <ele>426</ele>
        <time>2026-03-12T10:27:20.000Z</time>
        <extensions>
          <ns3:TrackPointExtension>
            <ns3:hr>146</ns3:hr>
            <ns3:cad>91</ns3:cad>
          </ns3:TrackPointExtension>
        </extensions>
      </trkpt>
      <trkpt lat="30.7528904266655445098876953125" lon="108.4451101720333099365234375">
        <ele>426</ele>
        <time>2026-03-12T10:27:21.000Z</time>
        <extensions>
          <ns3:TrackPointExtension>
            <ns3:hr>146</ns3:hr>
            <ns3:cad>91</ns3:cad>
          </ns3:TrackPointExtension>
        </extensions>
      </trkpt>
      <trkpt lat="30.7528689689934253692626953125" lon="108.44511042349040508270263671875">
        <ele>426.20001220703125</ele>
        <time>2026-03-12T10:27:22.000Z</time>
        <extensions>
          <ns3:TrackPointExtension>
            <ns3:hr>146</ns3:hr>
            <ns3:cad>92</ns3:cad>
          </ns3:TrackPointExtension>
        </extensions>
      </trkpt>
      <trkpt lat="30.752837955951690673828125" lon="108.4451130218803882598876953125">
        <ele>426.20001220703125</ele>
        <time>2026-03-12T10:27:23.000Z</time>
        <extensions>
          <ns3:TrackPointExtension>
            <ns3:hr>147</ns3:hr>
            <ns3:cad>94</ns3:cad>
          </ns3:TrackPointExtension>
        </extensions>
      </trkpt>
      <trkpt lat="30.7528178393840789794921875" lon="108.4451140277087688446044921875">
        <ele>426.20001220703125</ele>
        <time>2026-03-12T10:27:24.000Z</time>
        <extensions>
          <ns3:TrackPointExtension>
            <ns3:hr>147</ns3:hr>
            <ns3:cad>94</ns3:cad>
          </ns3:TrackPointExtension>
        </extensions>
      </trkpt>
      <trkpt lat="30.75278699398040771484375" lon="108.44511176459491252899169921875">
        <ele>426.20001220703125</ele>
        <time>2026-03-12T10:27:25.000Z</time>
        <extensions>
          <ns3:TrackPointExtension>
            <ns3:hr>147</ns3:hr>
            <ns3:cad>93</ns3:cad>
          </ns3:TrackPointExtension>
        </extensions>
      </trkpt>
      <trkpt lat="30.7527663744986057281494140625" lon="108.445113189518451690673828125">
        <ele>426.20001220703125</ele>
        <time>2026-03-12T10:27:26.000Z</time>
        <extensions>
          <ns3:TrackPointExtension>
            <ns3:hr>148</ns3:hr>
            <ns3:cad>93</ns3:cad>
          </ns3:TrackPointExtension>
        </extensions>
      </trkpt>
      <trkpt lat="30.752738378942012786865234375" lon="108.44511226750910282135009765625">
        <ele>426.20001220703125</ele>
        <time>2026-03-12T10:27:27.000Z</time>
        <extensions>
          <ns3:TrackPointExtension>
            <ns3:hr>148</ns3:hr>
            <ns3:cad>93</ns3:cad>
          </ns3:TrackPointExtension>
        </extensions>
      </trkpt>
      <trkpt lat="30.75271524488925933837890625" lon="108.4451143629848957061767578125">
        <ele>426.20001220703125</ele>
        <time>2026-03-12T10:27:28.000Z</time>
        <extensions>
          <ns3:TrackPointExtension>
            <ns3:hr>148</ns3:hr>
            <ns3:cad>94</ns3:cad>
          </ns3:TrackPointExtension>
        </extensions>
      </trkpt>
      <trkpt lat="30.752687416970729827880859375" lon="108.44511008821427822113037109375">
        <ele>426.399993896484375</ele>
        <time>2026-03-12T10:27:29.000Z</time>
        <extensions>
          <ns3:TrackPointExtension>
            <ns3:hr>148</ns3:hr>
            <ns3:cad>93</ns3:cad>
          </ns3:TrackPointExtension>
        </extensions>
      </trkpt>
      <trkpt lat="30.75266352854669094085693359375" lon="108.4451136924326419830322265625">
        <ele>426.399993896484375</ele>
        <time>2026-03-12T10:27:30.000Z</time>
        <extensions>
          <ns3:TrackPointExtension>
            <ns3:hr>148</ns3:hr>
            <ns3:cad>94</ns3:cad>
          </ns3:TrackPointExtension>
        </extensions>
      </trkpt>
      <trkpt lat="30.75263737700879573822021484375" lon="108.44510723836719989776611328125">
        <ele>426.399993896484375</ele>
        <time>2026-03-12T10:27:31.000Z</time>
        <extensions>
          <ns3:TrackPointExtension>
            <ns3:hr>149</ns3:hr>
            <ns3:cad>93</ns3:cad>
          </ns3:TrackPointExtension>
        </extensions>
      </trkpt>
      <trkpt lat="30.75261239893734455108642578125" lon="108.4451123513281345367431640625">
        <ele>426.399993896484375</ele>
        <time>2026-03-12T10:27:32.000Z</time>
        <extensions>
          <ns3:TrackPointExtension>
            <ns3:hr>149</ns3:hr>
            <ns3:cad>93</ns3:cad>
          </ns3:TrackPointExtension>
        </extensions>
      </trkpt>
      <trkpt lat="30.7525896839797496795654296875" lon="108.44510790891945362091064453125">
        <ele>426.399993896484375</ele>
        <time>2026-03-12T10:27:33.000Z</time>
        <extensions>
          <ns3:TrackPointExtension>
            <ns3:hr>149</ns3:hr>
            <ns3:cad>93</ns3:cad>
          </ns3:TrackPointExtension>
        </extensions>
      </trkpt>
      <trkpt lat="30.75256261043250560760498046875" lon="108.44511277042329311370849609375">
        <ele>426.399993896484375</ele>
        <time>2026-03-12T10:27:34.000Z</time>
        <extensions>
          <ns3:TrackPointExtension>
            <ns3:hr>150</ns3:hr>
            <ns3:cad>93</ns3:cad>
          </ns3:TrackPointExtension>
        </extensions>
      </trkpt>
      <trkpt lat="30.75254249386489391326904296875" lon="108.4451136924326419830322265625">
        <ele>426.399993896484375</ele>
        <time>2026-03-12T10:27:35.000Z</time>
        <extensions>
          <ns3:TrackPointExtension>
            <ns3:hr>150</ns3:hr>
            <ns3:cad>92</ns3:cad>
          </ns3:TrackPointExtension>
        </extensions>
      </trkpt>
      <trkpt lat="30.7525115646421909332275390625" lon="108.4451163746416568756103515625">
        <ele>426.399993896484375</ele>
        <time>2026-03-12T10:27:36.000Z</time>
        <extensions>
          <ns3:TrackPointExtension>
            <ns3:hr>150</ns3:hr>
            <ns3:cad>92</ns3:cad>
          </ns3:TrackPointExtension>
        </extensions>
      </trkpt>
      <trkpt lat="30.752489268779754638671875" lon="108.44511930830776691436767578125">
        <ele>426.399993896484375</ele>
        <time>2026-03-12T10:27:37.000Z</time>
        <extensions>
          <ns3:TrackPointExtension>
            <ns3:hr>150</ns3:hr>
            <ns3:cad>93</ns3:cad>
          </ns3:TrackPointExtension>
        </extensions>
      </trkpt>
      <trkpt lat="30.7524599321186542510986328125" lon="108.44512517563998699188232421875">
        <ele>426.399993896484375</ele>
        <time>2026-03-12T10:27:38.000Z</time>
        <extensions>
          <ns3:TrackPointExtension>
            <ns3:hr>150</ns3:hr>
            <ns3:cad>93</ns3:cad>
          </ns3:TrackPointExtension>
        </extensions>
      </trkpt>
      <trkpt lat="30.75243855826556682586669921875" lon="108.44513364136219024658203125">
        <ele>426.600006103515625</ele>
        <time>2026-03-12T10:27:39.000Z</time>
        <extensions>
          <ns3:TrackPointExtension>
            <ns3:hr>151</ns3:hr>
            <ns3:cad>92</ns3:cad>
          </ns3:TrackPointExtension>
        </extensions>
      </trkpt>
      <trkpt lat="30.75240754522383213043212890625" lon="108.445135988295078277587890625">
        <ele>426.600006103515625</ele>
        <time>2026-03-12T10:27:40.000Z</time>
        <extensions>
          <ns3:TrackPointExtension>
            <ns3:hr>150</ns3:hr>
            <ns3:cad>92</ns3:cad>
          </ns3:TrackPointExtension>
        </extensions>
      </trkpt>
      <trkpt lat="30.75238307006657123565673828125" lon="108.4451465494930744171142578125">
        <ele>426.600006103515625</ele>
        <time>2026-03-12T10:27:41.000Z</time>
        <extensions>
          <ns3:TrackPointExtension>
            <ns3:hr>150</ns3:hr>
            <ns3:cad>92</ns3:cad>
          </ns3:TrackPointExtension>
        </extensions>
      </trkpt>
      <trkpt lat="30.75235675089061260223388671875" lon="108.44514244236052036285400390625">
        <ele>426.600006103515625</ele>
        <time>2026-03-12T10:27:42.000Z</time>
        <extensions>
          <ns3:TrackPointExtension>
            <ns3:hr>150</ns3:hr>
            <ns3:cad>92</ns3:cad>
          </ns3:TrackPointExtension>
        </extensions>
      </trkpt>
      <trkpt lat="30.75233227573335170745849609375" lon="108.445146381855010986328125">
        <ele>426.600006103515625</ele>
        <time>2026-03-12T10:27:43.000Z</time>
        <extensions>
          <ns3:TrackPointExtension>
            <ns3:hr>151</ns3:hr>
            <ns3:cad>93</ns3:cad>
          </ns3:TrackPointExtension>
        </extensions>
      </trkpt>
      <trkpt lat="30.75230662710964679718017578125" lon="108.4451458789408206939697265625">
        <ele>426.600006103515625</ele>
        <time>2026-03-12T10:27:44.000Z</time>
        <extensions>
          <ns3:TrackPointExtension>
            <ns3:hr>151</ns3:hr>
            <ns3:cad>94</ns3:cad>
          </ns3:TrackPointExtension>
        </extensions>
      </trkpt>
      <trkpt lat="30.752279050648212432861328125" lon="108.4451499022543430328369140625">
        <ele>426.79998779296875</ele>
        <time>2026-03-12T10:27:45.000Z</time>
        <extensions>
          <ns3:TrackPointExtension>
            <ns3:hr>151</ns3:hr>
            <ns3:cad>94</ns3:cad>
          </ns3:TrackPointExtension>
        </extensions>
      </trkpt>
      <trkpt lat="30.75225616805255413055419921875" lon="108.445150740444660186767578125">
        <ele>426.79998779296875</ele>
        <time>2026-03-12T10:27:46.000Z</time>
        <extensions>
          <ns3:TrackPointExtension>
            <ns3:hr>150</ns3:hr>
            <ns3:cad>93</ns3:cad>
          </ns3:TrackPointExtension>
        </extensions>
      </trkpt>
      <trkpt lat="30.7522272504866123199462890625" lon="108.4451542608439922332763671875">
        <ele>426.79998779296875</ele>
        <time>2026-03-12T10:27:47.000Z</time>
        <extensions>
          <ns3:TrackPointExtension>
            <ns3:hr>150</ns3:hr>
            <ns3:cad>92</ns3:cad>
          </ns3:TrackPointExtension>
        </extensions>
      </trkpt>
      <trkpt lat="30.752207301557064056396484375" lon="108.44515333883464336395263671875">
        <ele>426.79998779296875</ele>
        <time>2026-03-12T10:27:48.000Z</time>
        <extensions>
          <ns3:TrackPointExtension>
            <ns3:hr>150</ns3:hr>
            <ns3:cad>92</ns3:cad>
          </ns3:TrackPointExtension>
        </extensions>
      </trkpt>
      <trkpt lat="30.75217620469629764556884765625" lon="108.44514881260693073272705078125">
        <ele>426.79998779296875</ele>
        <time>2026-03-12T10:27:49.000Z</time>
        <extensions>
          <ns3:TrackPointExtension>
            <ns3:hr>149</ns3:hr>
            <ns3:cad>93</ns3:cad>
          </ns3:TrackPointExtension>
        </extensions>
      </trkpt>
      <trkpt lat="30.75215332210063934326171875" lon="108.44514302909374237060546875">
        <ele>426.79998779296875</ele>
        <time>2026-03-12T10:27:50.000Z</time>
        <extensions>
          <ns3:TrackPointExtension>
            <ns3:hr>149</ns3:hr>
            <ns3:cad>93</ns3:cad>
          </ns3:TrackPointExtension>
        </extensions>
      </trkpt>
      <trkpt lat="30.75212641619145870208740234375" lon="108.4451244212687015533447265625">
        <ele>426.79998779296875</ele>
        <time>2026-03-12T10:27:51.000Z</time>
        <extensions>
          <ns3:TrackPointExtension>
            <ns3:hr>149</ns3:hr>
            <ns3:cad>93</ns3:cad>
          </ns3:TrackPointExtension>
        </extensions>
      </trkpt>
      <trkpt lat="30.75210210867226123809814453125" lon="108.44512081705033779144287109375">
        <ele>426.79998779296875</ele>
        <time>2026-03-12T10:27:52.000Z</time>
        <extensions>
          <ns3:TrackPointExtension>
            <ns3:hr>148</ns3:hr>
            <ns3:cad>92</ns3:cad>
          </ns3:TrackPointExtension>
        </extensions>
      </trkpt>
      <trkpt lat="30.75207293964922428131103515625" lon="108.44511059112846851348876953125">
        <ele>426.600006103515625</ele>
        <time>2026-03-12T10:27:53.000Z</time>
        <extensions>
          <ns3:TrackPointExtension>
            <ns3:hr>148</ns3:hr>
            <ns3:cad>92</ns3:cad>
          </ns3:TrackPointExtension>
        </extensions>
      </trkpt>
      <trkpt lat="30.75204729102551937103271484375" lon="108.44511243514716625213623046875">
        <ele>426.600006103515625</ele>
        <time>2026-03-12T10:27:54.000Z</time>
        <extensions>
          <ns3:TrackPointExtension>
            <ns3:hr>148</ns3:hr>
            <ns3:cad>92</ns3:cad>
          </ns3:TrackPointExtension>
        </extensions>
      </trkpt>
      <trkpt lat="30.752019546926021575927734375" lon="108.4451048076152801513671875">
        <ele>426.79998779296875</ele>
        <time>2026-03-12T10:27:55.000Z</time>
        <extensions>
          <ns3:TrackPointExtension>
            <ns3:hr>149</ns3:hr>
            <ns3:cad>93</ns3:cad>
          </ns3:TrackPointExtension>
        </extensions>
      </trkpt>
      <trkpt lat="30.75199381448328495025634765625" lon="108.44510413706302642822265625">
        <ele>426.600006103515625</ele>
        <time>2026-03-12T10:27:56.000Z</time>
        <extensions>
          <ns3:TrackPointExtension>
            <ns3:hr>149</ns3:hr>
            <ns3:cad>94</ns3:cad>
          </ns3:TrackPointExtension>
        </extensions>
      </trkpt>
      <trkpt lat="30.75196498073637485504150390625" lon="108.4451029635965824127197265625">
        <ele>426.600006103515625</ele>
        <time>2026-03-12T10:27:57.000Z</time>
        <extensions>
          <ns3:TrackPointExtension>
            <ns3:hr>149</ns3:hr>
            <ns3:cad>94</ns3:cad>
          </ns3:TrackPointExtension>
        </extensions>
      </trkpt>
      <trkpt lat="30.7519348897039890289306640625" lon="108.44510958530008792877197265625">
        <ele>426.79998779296875</ele>
        <time>2026-03-12T10:27:58.000Z</time>
        <extensions>
          <ns3:TrackPointExtension>
            <ns3:hr>149</ns3:hr>
            <ns3:cad>94</ns3:cad>
          </ns3:TrackPointExtension>
        </extensions>
      </trkpt>
      <trkpt lat="30.75191049836575984954833984375" lon="108.44511461444199085235595703125">
        <ele>426.79998779296875</ele>
        <time>2026-03-12T10:27:59.000Z</time>
        <extensions>
          <ns3:TrackPointExtension>
            <ns3:hr>149</ns3:hr>
            <ns3:cad>93</ns3:cad>
          </ns3:TrackPointExtension>
        </extensions>
      </trkpt>
      <trkpt lat="30.75188334099948406219482421875" lon="108.44512752257287502288818359375">
        <ele>426.79998779296875</ele>
        <time>2026-03-12T10:28:00.000Z</time>
        <extensions>
          <ns3:TrackPointExtension>
            <ns3:hr>149</ns3:hr>
            <ns3:cad>93</ns3:cad>
          </ns3:TrackPointExtension>
        </extensions>
      </trkpt>
      <trkpt lat="30.75186423026025295257568359375" lon="108.44514428637921810150146484375">
        <ele>426.79998779296875</ele>
        <time>2026-03-12T10:28:01.000Z</time>
        <extensions>
          <ns3:TrackPointExtension>
            <ns3:hr>148</ns3:hr>
            <ns3:cad>92</ns3:cad>
          </ns3:TrackPointExtension>
        </extensions>
      </trkpt>
      <trkpt lat="30.75183690525591373443603515625" lon="108.44516021199524402618408203125">
        <ele>426.79998779296875</ele>
        <time>2026-03-12T10:28:02.000Z</time>
        <extensions>
          <ns3:TrackPointExtension>
            <ns3:hr>148</ns3:hr>
            <ns3:cad>92</ns3:cad>
          </ns3:TrackPointExtension>
        </extensions>
      </trkpt>
      <trkpt lat="30.7518185488879680633544921875" lon="108.4451772272586822509765625">
        <ele>426.79998779296875</ele>
        <time>2026-03-12T10:28:03.000Z</time>
        <extensions>
          <ns3:TrackPointExtension>
            <ns3:hr>148</ns3:hr>
            <ns3:cad>92</ns3:cad>
          </ns3:TrackPointExtension>
        </extensions>
      </trkpt>
      <trkpt lat="30.7517944090068340301513671875" lon="108.4451933205127716064453125">
        <ele>426.79998779296875</ele>
        <time>2026-03-12T10:28:04.000Z</time>
        <extensions>
          <ns3:TrackPointExtension>
            <ns3:hr>147</ns3:hr>
            <ns3:cad>92</ns3:cad>
          </ns3:TrackPointExtension>
        </extensions>
      </trkpt>
      <trkpt lat="30.75177622027695178985595703125" lon="108.445213772356510162353515625">
        <ele>426.79998779296875</ele>
        <time>2026-03-12T10:28:05.000Z</time>
        <extensions>
          <ns3:TrackPointExtension>
            <ns3:hr>146</ns3:hr>
            <ns3:cad>93</ns3:cad>
          </ns3:TrackPointExtension>
        </extensions>
      </trkpt>
      <trkpt lat="30.75175576843321323394775390625" lon="108.445224501192569732666015625">
        <ele>426.79998779296875</ele>
        <time>2026-03-12T10:28:06.000Z</time>
        <extensions>
          <ns3:TrackPointExtension>
            <ns3:hr>145</ns3:hr>
            <ns3:cad>94</ns3:cad>
          </ns3:TrackPointExtension>
        </extensions>
      </trkpt>
      <trkpt lat="30.75173565186560153961181640625" lon="108.4452431090176105499267578125">
        <ele>426.79998779296875</ele>
        <time>2026-03-12T10:28:07.000Z</time>
        <extensions>
          <ns3:TrackPointExtension>
            <ns3:hr>144</ns3:hr>
            <ns3:cad>94</ns3:cad>
          </ns3:TrackPointExtension>
        </extensions>
      </trkpt>
      <trkpt lat="30.75171654112637042999267578125" lon="108.44525970518589019775390625">
        <ele>426.79998779296875</ele>
        <time>2026-03-12T10:28:08.000Z</time>
        <extensions>
          <ns3:TrackPointExtension>
            <ns3:hr>144</ns3:hr>
            <ns3:cad>92</ns3:cad>
          </ns3:TrackPointExtension>
        </extensions>
      </trkpt>
      <trkpt lat="30.75169826857745647430419921875" lon="108.44528711400926113128662109375">
        <ele>426.79998779296875</ele>
        <time>2026-03-12T10:28:09.000Z</time>
        <extensions>
          <ns3:TrackPointExtension>
            <ns3:hr>144</ns3:hr>
            <ns3:cad>91</ns3:cad>
          </ns3:TrackPointExtension>
        </extensions>
      </trkpt>
      <trkpt lat="30.75168125331401824951171875" lon="108.44530689530074596405029296875">
        <ele>426.79998779296875</ele>
        <time>2026-03-12T10:28:10.000Z</time>
        <extensions>
          <ns3:TrackPointExtension>
            <ns3:hr>144</ns3:hr>
            <ns3:cad>91</ns3:cad>
          </ns3:TrackPointExtension>
        </extensions>
      </trkpt>
      <trkpt lat="30.75166390277445316314697265625" lon="108.44533422030508518218994140625">
        <ele>426.79998779296875</ele>
        <time>2026-03-12T10:28:11.000Z</time>
        <extensions>
          <ns3:TrackPointExtension>
            <ns3:hr>144</ns3:hr>
            <ns3:cad>91</ns3:cad>
          </ns3:TrackPointExtension>
        </extensions>
      </trkpt>
      <trkpt lat="30.7516510784626007080078125" lon="108.4453534148633480072021484375">
        <ele>426.79998779296875</ele>
        <time>2026-03-12T10:28:12.000Z</time>
        <extensions>
          <ns3:TrackPointExtension>
            <ns3:hr>144</ns3:hr>
            <ns3:cad>94</ns3:cad>
          </ns3:TrackPointExtension>
        </extensions>
      </trkpt>
      <trkpt lat="30.75164177455008029937744140625" lon="108.44538920558989048004150390625">
        <ele>426.79998779296875</ele>
        <time>2026-03-12T10:28:13.000Z</time>
        <extensions>
          <ns3:TrackPointExtension>
            <ns3:hr>144</ns3:hr>
            <ns3:cad>94</ns3:cad>
          </ns3:TrackPointExtension>
        </extensions>
      </trkpt>
      <trkpt lat="30.75163590721786022186279296875" lon="108.4454137645661830902099609375">
        <ele>426.79998779296875</ele>
        <time>2026-03-12T10:28:14.000Z</time>
        <extensions>
          <ns3:TrackPointExtension>
            <ns3:hr>144</ns3:hr>
            <ns3:cad>93</ns3:cad>
          </ns3:TrackPointExtension>
        </extensions>
      </trkpt>
      <trkpt lat="30.75162467546761035919189453125" lon="108.445448465645313262939453125">
        <ele>427</ele>
        <time>2026-03-12T10:28:15.000Z</time>
        <extensions>
          <ns3:TrackPointExtension>
            <ns3:hr>145</ns3:hr>
            <ns3:cad>93</ns3:cad>
          </ns3:TrackPointExtension>
        </extensions>
      </trkpt>
      <trkpt lat="30.7516197301447391510009765625" lon="108.44547294080257415771484375">
        <ele>427</ele>
        <time>2026-03-12T10:28:16.000Z</time>
        <extensions>
          <ns3:TrackPointExtension>
            <ns3:hr>145</ns3:hr>
            <ns3:cad>93</ns3:cad>
          </ns3:TrackPointExtension>
        </extensions>
      </trkpt>
      <trkpt lat="30.7516100071370601654052734375" lon="108.44550638459622859954833984375">
        <ele>427</ele>
        <time>2026-03-12T10:28:17.000Z</time>
        <extensions>
          <ns3:TrackPointExtension>
            <ns3:hr>145</ns3:hr>
            <ns3:cad>93</ns3:cad>
          </ns3:TrackPointExtension>
        </extensions>
      </trkpt>
      <trkpt lat="30.75160422362387180328369140625" lon="108.44552985392510890960693359375">
        <ele>427</ele>
        <time>2026-03-12T10:28:18.000Z</time>
        <extensions>
          <ns3:TrackPointExtension>
            <ns3:hr>145</ns3:hr>
            <ns3:cad>93</ns3:cad>
          </ns3:TrackPointExtension>
        </extensions>
      </trkpt>
      <trkpt lat="30.75159634463489055633544921875" lon="108.44556220807135105133056640625">
        <ele>427</ele>
        <time>2026-03-12T10:28:19.000Z</time>
        <extensions>
          <ns3:TrackPointExtension>
            <ns3:hr>145</ns3:hr>
            <ns3:cad>92</ns3:cad>
          </ns3:TrackPointExtension>
        </extensions>
      </trkpt>
      <trkpt lat="30.7515959255397319793701171875" lon="108.44559037126600742340087890625">
        <ele>427</ele>
        <time>2026-03-12T10:28:20.000Z</time>
        <extensions>
          <ns3:TrackPointExtension>
            <ns3:hr>146</ns3:hr>
            <ns3:cad>92</ns3:cad>
          </ns3:TrackPointExtension>
        </extensions>
      </trkpt>
      <trkpt lat="30.75159081257879734039306640625" lon="108.44562222249805927276611328125">
        <ele>427</ele>
        <time>2026-03-12T10:28:21.000Z</time>
        <extensions>
          <ns3:TrackPointExtension>
            <ns3:hr>147</ns3:hr>
            <ns3:cad>92</ns3:cad>
          </ns3:TrackPointExtension>
        </extensions>
      </trkpt>
      <trkpt lat="30.7515932433307170867919921875" lon="108.44565105624496936798095703125">
        <ele>427</ele>
        <time>2026-03-12T10:28:22.000Z</time>
        <extensions>
          <ns3:TrackPointExtension>
            <ns3:hr>148</ns3:hr>
            <ns3:cad>92</ns3:cad>
          </ns3:TrackPointExtension>
        </extensions>
      </trkpt>
      <trkpt lat="30.7515872083604335784912109375" lon="108.44567812979221343994140625">
        <ele>427</ele>
        <time>2026-03-12T10:28:23.000Z</time>
        <extensions>
          <ns3:TrackPointExtension>
            <ns3:hr>149</ns3:hr>
            <ns3:cad>92</ns3:cad>
          </ns3:TrackPointExtension>
        </extensions>
      </trkpt>
      <trkpt lat="30.7515898905694484710693359375" lon="108.4457114897668361663818359375">
        <ele>427</ele>
        <time>2026-03-12T10:28:24.000Z</time>
        <extensions>
          <ns3:TrackPointExtension>
            <ns3:hr>149</ns3:hr>
            <ns3:cad>92</ns3:cad>
          </ns3:TrackPointExtension>
        </extensions>
      </trkpt>
      <trkpt lat="30.75159483589231967926025390625" lon="108.44573579728603363037109375">
        <ele>427</ele>
        <time>2026-03-12T10:28:25.000Z</time>
        <extensions>
          <ns3:TrackPointExtension>
            <ns3:hr>149</ns3:hr>
            <ns3:cad>92</ns3:cad>
          </ns3:TrackPointExtension>
        </extensions>
      </trkpt>
      <trkpt lat="30.75160003267228603363037109375" lon="108.44576873816549777984619140625">
        <ele>427</ele>
        <time>2026-03-12T10:28:26.000Z</time>
        <extensions>
          <ns3:TrackPointExtension>
            <ns3:hr>150</ns3:hr>
            <ns3:cad>92</ns3:cad>
          </ns3:TrackPointExtension>
        </extensions>
      </trkpt>
      <trkpt lat="30.7516100071370601654052734375" lon="108.44579254277050495147705078125">
        <ele>427</ele>
        <time>2026-03-12T10:28:27.000Z</time>
        <extensions>
          <ns3:TrackPointExtension>
            <ns3:hr>150</ns3:hr>
            <ns3:cad>92</ns3:cad>
          </ns3:TrackPointExtension>
        </extensions>
      </trkpt>
      <trkpt lat="30.7516170479357242584228515625" lon="108.445823974907398223876953125">
        <ele>427</ele>
        <time>2026-03-12T10:28:28.000Z</time>
        <extensions>
          <ns3:TrackPointExtension>
            <ns3:hr>150</ns3:hr>
            <ns3:cad>94</ns3:cad>
          </ns3:TrackPointExtension>
        </extensions>
      </trkpt>
      <trkpt lat="30.75162953697144985198974609375" lon="108.4458489529788494110107421875">
        <ele>427</ele>
        <time>2026-03-12T10:28:29.000Z</time>
        <extensions>
          <ns3:TrackPointExtension>
            <ns3:hr>150</ns3:hr>
            <ns3:cad>94</ns3:cad>
          </ns3:TrackPointExtension>
        </extensions>
      </trkpt>
      <trkpt lat="30.751636326313018798828125" lon="108.44587937928736209869384765625">
        <ele>427</ele>
        <time>2026-03-12T10:28:30.000Z</time>
        <extensions>
          <ns3:TrackPointExtension>
            <ns3:hr>150</ns3:hr>
            <ns3:cad>94</ns3:cad>
          </ns3:TrackPointExtension>
        </extensions>
      </trkpt>
      <trkpt lat="30.751648060977458953857421875" lon="108.44590402208268642425537109375">
        <ele>427</ele>
        <time>2026-03-12T10:28:31.000Z</time>
        <extensions>
          <ns3:TrackPointExtension>
            <ns3:hr>150</ns3:hr>
            <ns3:cad>92</ns3:cad>
          </ns3:TrackPointExtension>
        </extensions>
      </trkpt>
      <trkpt lat="30.7516586221754550933837890625" lon="108.445931263267993927001953125">
        <ele>427</ele>
        <time>2026-03-12T10:28:32.000Z</time>
        <extensions>
          <ns3:TrackPointExtension>
            <ns3:hr>150</ns3:hr>
            <ns3:cad>92</ns3:cad>
          </ns3:TrackPointExtension>
        </extensions>
      </trkpt>
      <trkpt lat="30.751676224172115325927734375" lon="108.44595431350171566009521484375">
        <ele>427</ele>
        <time>2026-03-12T10:28:33.000Z</time>
        <extensions>
          <ns3:TrackPointExtension>
            <ns3:hr>150</ns3:hr>
            <ns3:cad>94</ns3:cad>
          </ns3:TrackPointExtension>
        </extensions>
      </trkpt>
      <trkpt lat="30.75169173069298267364501953125" lon="108.44597510062158107757568359375">
        <ele>427.20001220703125</ele>
        <time>2026-03-12T10:28:34.000Z</time>
        <extensions>
          <ns3:TrackPointExtension>
            <ns3:hr>151</ns3:hr>
            <ns3:cad>94</ns3:cad>
          </ns3:TrackPointExtension>
        </extensions>
      </trkpt>
      <trkpt lat="30.7517126016318798065185546875" lon="108.4459971450269222259521484375">
        <ele>427.20001220703125</ele>
        <time>2026-03-12T10:28:35.000Z</time>
        <extensions>
          <ns3:TrackPointExtension>
            <ns3:hr>150</ns3:hr>
            <ns3:cad>92</ns3:cad>
          </ns3:TrackPointExtension>
        </extensions>
      </trkpt>
      <trkpt lat="30.7517276890575885772705078125" lon="108.44601206481456756591796875">
        <ele>427.20001220703125</ele>
        <time>2026-03-12T10:28:36.000Z</time>
        <extensions>
          <ns3:TrackPointExtension>
            <ns3:hr>151</ns3:hr>
            <ns3:cad>92</ns3:cad>
          </ns3:TrackPointExtension>
        </extensions>
      </trkpt>
      <trkpt lat="30.751748979091644287109375" lon="108.44603477977216243743896484375">
        <ele>427.20001220703125</ele>
        <time>2026-03-12T10:28:37.000Z</time>
        <extensions>
          <ns3:TrackPointExtension>
            <ns3:hr>151</ns3:hr>
            <ns3:cad>92</ns3:cad>
          </ns3:TrackPointExtension>
        </extensions>
      </trkpt>
      <trkpt lat="30.75176884420216083526611328125" lon="108.446047268807888031005859375">
        <ele>427.20001220703125</ele>
        <time>2026-03-12T10:28:38.000Z</time>
        <extensions>
          <ns3:TrackPointExtension>
            <ns3:hr>151</ns3:hr>
            <ns3:cad>92</ns3:cad>
          </ns3:TrackPointExtension>
        </extensions>
      </trkpt>
      <trkpt lat="30.75179549865424633026123046875" lon="108.4460705704987049102783203125">
        <ele>427.20001220703125</ele>
        <time>2026-03-12T10:28:39.000Z</time>
        <extensions>
          <ns3:TrackPointExtension>
            <ns3:hr>150</ns3:hr>
            <ns3:cad>92</ns3:cad>
          </ns3:TrackPointExtension>
        </extensions>
      </trkpt>
      <trkpt lat="30.75181310065090656280517578125" lon="108.4460859932005405426025390625">
        <ele>427.20001220703125</ele>
        <time>2026-03-12T10:28:40.000Z</time>
        <extensions>
          <ns3:TrackPointExtension>
            <ns3:hr>151</ns3:hr>
            <ns3:cad>92</ns3:cad>
          </ns3:TrackPointExtension>
        </extensions>
      </trkpt>
      <trkpt lat="30.75183548033237457275390625" lon="108.44610887579619884490966796875">
        <ele>427.20001220703125</ele>
        <time>2026-03-12T10:28:41.000Z</time>
        <extensions>
          <ns3:TrackPointExtension>
            <ns3:hr>151</ns3:hr>
            <ns3:cad>93</ns3:cad>
          </ns3:TrackPointExtension>
        </extensions>
      </trkpt>
      <trkpt lat="30.751857273280620574951171875" lon="108.44612580724060535430908203125">
        <ele>427.20001220703125</ele>
        <time>2026-03-12T10:28:42.000Z</time>
        <extensions>
          <ns3:TrackPointExtension>
            <ns3:hr>152</ns3:hr>
            <ns3:cad>93</ns3:cad>
          </ns3:TrackPointExtension>
        </extensions>
      </trkpt>
      <trkpt lat="30.75187730602920055389404296875" lon="108.446147181093692779541015625">
        <ele>427.399993896484375</ele>
        <time>2026-03-12T10:28:43.000Z</time>
        <extensions>
          <ns3:TrackPointExtension>
            <ns3:hr>152</ns3:hr>
            <ns3:cad>92</ns3:cad>
          </ns3:TrackPointExtension>
        </extensions>
      </trkpt>
      <trkpt lat="30.75190253555774688720703125" lon="108.44616134651005268096923828125">
        <ele>427.399993896484375</ele>
        <time>2026-03-12T10:28:44.000Z</time>
        <extensions>
          <ns3:TrackPointExtension>
            <ns3:hr>152</ns3:hr>
            <ns3:cad>92</ns3:cad>
          </ns3:TrackPointExtension>
        </extensions>
      </trkpt>
      <trkpt lat="30.75192441232502460479736328125" lon="108.446172662079334259033203125">
        <ele>427.399993896484375</ele>
        <time>2026-03-12T10:28:45.000Z</time>
        <extensions>
          <ns3:TrackPointExtension>
            <ns3:hr>152</ns3:hr>
            <ns3:cad>93</ns3:cad>
          </ns3:TrackPointExtension>
        </extensions>
      </trkpt>
      <trkpt lat="30.7519519887864589691162109375" lon="108.4461778588593006134033203125">
        <ele>427.399993896484375</ele>
        <time>2026-03-12T10:28:46.000Z</time>
        <extensions>
          <ns3:TrackPointExtension>
            <ns3:hr>152</ns3:hr>
            <ns3:cad>93</ns3:cad>
          </ns3:TrackPointExtension>
        </extensions>
      </trkpt>
      <trkpt lat="30.7519727759063243865966796875" lon="108.44617702066898345947265625">
        <ele>427.399993896484375</ele>
        <time>2026-03-12T10:28:47.000Z</time>
        <extensions>
          <ns3:TrackPointExtension>
            <ns3:hr>152</ns3:hr>
            <ns3:cad>93</ns3:cad>
          </ns3:TrackPointExtension>
        </extensions>
      </trkpt>
      <trkpt lat="30.75200311839580535888671875" lon="108.4461714886128902435302734375">
        <ele>427.399993896484375</ele>
        <time>2026-03-12T10:28:48.000Z</time>
        <extensions>
          <ns3:TrackPointExtension>
            <ns3:hr>152</ns3:hr>
            <ns3:cad>93</ns3:cad>
          </ns3:TrackPointExtension>
        </extensions>
      </trkpt>
      <trkpt lat="30.7520254142582416534423828125" lon="108.44616520218551158905029296875">
        <ele>427.399993896484375</ele>
        <time>2026-03-12T10:28:49.000Z</time>
        <extensions>
          <ns3:TrackPointExtension>
            <ns3:hr>152</ns3:hr>
            <ns3:cad>93</ns3:cad>
          </ns3:TrackPointExtension>
        </extensions>
      </trkpt>
      <trkpt lat="30.75205969624221324920654296875" lon="108.446163944900035858154296875">
        <ele>427.399993896484375</ele>
        <time>2026-03-12T10:28:50.000Z</time>
        <extensions>
          <ns3:TrackPointExtension>
            <ns3:hr>152</ns3:hr>
            <ns3:cad>93</ns3:cad>
          </ns3:TrackPointExtension>
        </extensions>
      </trkpt>
      <trkpt lat="30.7520854286849498748779296875" lon="108.44615958631038665771484375">
        <ele>427.399993896484375</ele>
        <time>2026-03-12T10:28:51.000Z</time>
        <extensions>
          <ns3:TrackPointExtension>
            <ns3:hr>151</ns3:hr>
            <ns3:cad>93</ns3:cad>
          </ns3:TrackPointExtension>
        </extensions>
      </trkpt>
      <trkpt lat="30.75211769901216030120849609375" lon="108.44616017304360866546630859375">
        <ele>427.399993896484375</ele>
        <time>2026-03-12T10:28:52.000Z</time>
        <extensions>
          <ns3:TrackPointExtension>
            <ns3:hr>150</ns3:hr>
            <ns3:cad>93</ns3:cad>
          </ns3:TrackPointExtension>
        </extensions>
      </trkpt>
      <trkpt lat="30.752141587436199188232421875" lon="108.446155227720737457275390625">
        <ele>427.399993896484375</ele>
        <time>2026-03-12T10:28:53.000Z</time>
        <extensions>
          <ns3:TrackPointExtension>
            <ns3:hr>149</ns3:hr>
            <ns3:cad>93</ns3:cad>
          </ns3:TrackPointExtension>
        </extensions>
      </trkpt>
      <trkpt lat="30.75217369012534618377685546875" lon="108.44615832902491092681884765625">
        <ele>427.399993896484375</ele>
        <time>2026-03-12T10:28:54.000Z</time>
        <extensions>
          <ns3:TrackPointExtension>
            <ns3:hr>148</ns3:hr>
            <ns3:cad>93</ns3:cad>
          </ns3:TrackPointExtension>
        </extensions>
      </trkpt>
      <trkpt lat="30.7521955668926239013671875" lon="108.4461564011871814727783203125">
        <ele>427.399993896484375</ele>
        <time>2026-03-12T10:28:55.000Z</time>
        <extensions>
          <ns3:TrackPointExtension>
            <ns3:hr>148</ns3:hr>
            <ns3:cad>93</ns3:cad>
          </ns3:TrackPointExtension>
        </extensions>
      </trkpt>
      <trkpt lat="30.75222532264888286590576171875" lon="108.44615883193910121917724609375">
        <ele>427.600006103515625</ele>
        <time>2026-03-12T10:28:56.000Z</time>
        <extensions>
          <ns3:TrackPointExtension>
            <ns3:hr>147</ns3:hr>
            <ns3:cad>93</ns3:cad>
          </ns3:TrackPointExtension>
        </extensions>
      </trkpt>
      <trkpt lat="30.75224979780614376068115234375" lon="108.44615983776748180389404296875">
        <ele>427.399993896484375</ele>
        <time>2026-03-12T10:28:57.000Z</time>
        <extensions>
          <ns3:TrackPointExtension>
            <ns3:hr>148</ns3:hr>
            <ns3:cad>93</ns3:cad>
          </ns3:TrackPointExtension>
        </extensions>
      </trkpt>
      <trkpt lat="30.75227477587759494781494140625" lon="108.4461631067097187042236328125">
        <ele>427.399993896484375</ele>
        <time>2026-03-12T10:28:58.000Z</time>
        <extensions>
          <ns3:TrackPointExtension>
            <ns3:hr>148</ns3:hr>
            <ns3:cad>93</ns3:cad>
          </ns3:TrackPointExtension>
        </extensions>
      </trkpt>
      <trkpt lat="30.75230218470096588134765625" lon="108.44616285525262355804443359375">
        <ele>427.399993896484375</ele>
        <time>2026-03-12T10:28:59.000Z</time>
        <extensions>
          <ns3:TrackPointExtension>
            <ns3:hr>149</ns3:hr>
            <ns3:cad>93</ns3:cad>
          </ns3:TrackPointExtension>
        </extensions>
      </trkpt>
      <trkpt lat="30.7523248158395290374755859375" lon="108.446157909929752349853515625">
        <ele>427.399993896484375</ele>
        <time>2026-03-12T10:29:00.000Z</time>
        <extensions>
          <ns3:TrackPointExtension>
            <ns3:hr>149</ns3:hr>
            <ns3:cad>93</ns3:cad>
          </ns3:TrackPointExtension>
        </extensions>
      </trkpt>
      <trkpt lat="30.75235457159578800201416015625" lon="108.44615464098751544952392578125">
        <ele>427.399993896484375</ele>
        <time>2026-03-12T10:29:01.000Z</time>
        <extensions>
          <ns3:TrackPointExtension>
            <ns3:hr>150</ns3:hr>
            <ns3:cad>93</ns3:cad>
          </ns3:TrackPointExtension>
        </extensions>
      </trkpt>
      <trkpt lat="30.75237418524920940399169921875" lon="108.44614894129335880279541015625">
        <ele>427.600006103515625</ele>
        <time>2026-03-12T10:29:02.000Z</time>
        <extensions>
          <ns3:TrackPointExtension>
            <ns3:hr>150</ns3:hr>
            <ns3:cad>92</ns3:cad>
          </ns3:TrackPointExtension>
        </extensions>
      </trkpt>
      <trkpt lat="30.752401091158390045166015625" lon="108.446148522198200225830078125">
        <ele>427.600006103515625</ele>
        <time>2026-03-12T10:29:03.000Z</time>
        <extensions>
          <ns3:TrackPointExtension>
            <ns3:hr>151</ns3:hr>
            <ns3:cad>91</ns3:cad>
          </ns3:TrackPointExtension>
        </extensions>
      </trkpt>
      <trkpt lat="30.7524217106401920318603515625" lon="108.44614617526531219482421875">
        <ele>427.600006103515625</ele>
        <time>2026-03-12T10:29:04.000Z</time>
        <extensions>
          <ns3:TrackPointExtension>
            <ns3:hr>150</ns3:hr>
            <ns3:cad>91</ns3:cad>
          </ns3:TrackPointExtension>
        </extensions>
      </trkpt>
      <trkpt lat="30.7524495385587215423583984375" lon="108.4461503662168979644775390625">
        <ele>427.600006103515625</ele>
        <time>2026-03-12T10:29:05.000Z</time>
        <extensions>
          <ns3:TrackPointExtension>
            <ns3:hr>150</ns3:hr>
            <ns3:cad>93</ns3:cad>
          </ns3:TrackPointExtension>
        </extensions>
      </trkpt>
      <trkpt lat="30.75246714055538177490234375" lon="108.44614625908434391021728515625">
        <ele>427.600006103515625</ele>
        <time>2026-03-12T10:29:06.000Z</time>
        <extensions>
          <ns3:TrackPointExtension>
            <ns3:hr>149</ns3:hr>
            <ns3:cad>94</ns3:cad>
          </ns3:TrackPointExtension>
        </extensions>
      </trkpt>
      <trkpt lat="30.7524951361119747161865234375" lon="108.446152210235595703125">
        <ele>427.600006103515625</ele>
        <time>2026-03-12T10:29:07.000Z</time>
        <extensions>
          <ns3:TrackPointExtension>
            <ns3:hr>149</ns3:hr>
            <ns3:cad>94</ns3:cad>
          </ns3:TrackPointExtension>
        </extensions>
      </trkpt>
      <trkpt lat="30.752521455287933349609375" lon="108.44615288078784942626953125">
        <ele>427.600006103515625</ele>
        <time>2026-03-12T10:29:08.000Z</time>
        <extensions>
          <ns3:TrackPointExtension>
            <ns3:hr>149</ns3:hr>
            <ns3:cad>92</ns3:cad>
          </ns3:TrackPointExtension>
        </extensions>
      </trkpt>
      <trkpt lat="30.7525477744638919830322265625" lon="108.4461550600826740264892578125">
        <ele>427.600006103515625</ele>
        <time>2026-03-12T10:29:09.000Z</time>
        <extensions>
          <ns3:TrackPointExtension>
            <ns3:hr>149</ns3:hr>
            <ns3:cad>92</ns3:cad>
          </ns3:TrackPointExtension>
        </extensions>
      </trkpt>
      <trkpt lat="30.75257568620145320892333984375" lon="108.4461530484259128570556640625">
        <ele>427.600006103515625</ele>
        <time>2026-03-12T10:29:10.000Z</time>
        <extensions>
          <ns3:TrackPointExtension>
            <ns3:hr>148</ns3:hr>
            <ns3:cad>92</ns3:cad>
          </ns3:TrackPointExtension>
        </extensions>
      </trkpt>
      <trkpt lat="30.75260167010128498077392578125" lon="108.44615682028234004974365234375">
        <ele>427.600006103515625</ele>
        <time>2026-03-12T10:29:11.000Z</time>
        <extensions>
          <ns3:TrackPointExtension>
            <ns3:hr>148</ns3:hr>
            <ns3:cad>92</ns3:cad>
          </ns3:TrackPointExtension>
        </extensions>
      </trkpt>
      <trkpt lat="30.75263218022882938385009765625" lon="108.44615497626364231109619140625">
        <ele>427.600006103515625</ele>
        <time>2026-03-12T10:29:12.000Z</time>
        <extensions>
          <ns3:TrackPointExtension>
            <ns3:hr>148</ns3:hr>
            <ns3:cad>94</ns3:cad>
          </ns3:TrackPointExtension>
        </extensions>
      </trkpt>
      <trkpt lat="30.75265623629093170166015625" lon="108.44615279696881771087646484375">
        <ele>427.600006103515625</ele>
        <time>2026-03-12T10:29:13.000Z</time>
        <extensions>
          <ns3:TrackPointExtension>
            <ns3:hr>149</ns3:hr>
            <ns3:cad>94</ns3:cad>
          </ns3:TrackPointExtension>
        </extensions>
      </trkpt>
      <trkpt lat="30.75268666259944438934326171875" lon="108.4461530484259128570556640625">
        <ele>427.600006103515625</ele>
        <time>2026-03-12T10:29:14.000Z</time>
        <extensions>
          <ns3:TrackPointExtension>
            <ns3:hr>149</ns3:hr>
            <ns3:cad>94</ns3:cad>
          </ns3:TrackPointExtension>
        </extensions>
      </trkpt>
      <trkpt lat="30.7527066953480243682861328125" lon="108.4461500309407711029052734375">
        <ele>427.600006103515625</ele>
        <time>2026-03-12T10:29:15.000Z</time>
        <extensions>
          <ns3:TrackPointExtension>
            <ns3:hr>149</ns3:hr>
            <ns3:cad>94</ns3:cad>
          </ns3:TrackPointExtension>
        </extensions>
      </trkpt>
      <trkpt lat="30.75273443944752216339111328125" lon="108.44615112058818340301513671875">
        <ele>427.600006103515625</ele>
        <time>2026-03-12T10:29:16.000Z</time>
        <extensions>
          <ns3:TrackPointExtension>
            <ns3:hr>149</ns3:hr>
            <ns3:cad>93</ns3:cad>
          </ns3:TrackPointExtension>
        </extensions>
      </trkpt>
      <trkpt lat="30.75275371782481670379638671875" lon="108.44615061767399311065673828125">
        <ele>427.600006103515625</ele>
        <time>2026-03-12T10:29:17.000Z</time>
        <extensions>
          <ns3:TrackPointExtension>
            <ns3:hr>149</ns3:hr>
            <ns3:cad>93</ns3:cad>
          </ns3:TrackPointExtension>
        </extensions>
      </trkpt>
      <trkpt lat="30.75278364121913909912109375" lon="108.4461520425975322723388671875">
        <ele>427.600006103515625</ele>
        <time>2026-03-12T10:29:18.000Z</time>
        <extensions>
          <ns3:TrackPointExtension>
            <ns3:hr>149</ns3:hr>
            <ns3:cad>92</ns3:cad>
          </ns3:TrackPointExtension>
        </extensions>
      </trkpt>
      <trkpt lat="30.75280853547155857086181640625" lon="108.44615028239786624908447265625">
        <ele>427.600006103515625</ele>
        <time>2026-03-12T10:29:19.000Z</time>
        <extensions>
          <ns3:TrackPointExtension>
            <ns3:hr>149</ns3:hr>
            <ns3:cad>92</ns3:cad>
          </ns3:TrackPointExtension>
        </extensions>
      </trkpt>
      <trkpt lat="30.75283401645720005035400390625" lon="108.4461540542542934417724609375">
        <ele>427.600006103515625</ele>
        <time>2026-03-12T10:29:20.000Z</time>
        <extensions>
          <ns3:TrackPointExtension>
            <ns3:hr>149</ns3:hr>
            <ns3:cad>93</ns3:cad>
          </ns3:TrackPointExtension>
        </extensions>
      </trkpt>
      <trkpt lat="30.752859078347682952880859375" lon="108.4461535513401031494140625">
        <ele>427.79998779296875</ele>
        <time>2026-03-12T10:29:21.000Z</time>
        <extensions>
          <ns3:TrackPointExtension>
            <ns3:hr>148</ns3:hr>
            <ns3:cad>93</ns3:cad>
          </ns3:TrackPointExtension>
        </extensions>
      </trkpt>
      <trkpt lat="30.75288263149559497833251953125" lon="108.44615849666297435760498046875">
        <ele>427.600006103515625</ele>
        <time>2026-03-12T10:29:22.000Z</time>
        <extensions>
          <ns3:TrackPointExtension>
            <ns3:hr>148</ns3:hr>
            <ns3:cad>94</ns3:cad>
          </ns3:TrackPointExtension>
        </extensions>
      </trkpt>
      <trkpt lat="30.75290744192898273468017578125" lon="108.4461587481200695037841796875">
        <ele>427.600006103515625</ele>
        <time>2026-03-12T10:29:23.000Z</time>
        <extensions>
          <ns3:TrackPointExtension>
            <ns3:hr>148</ns3:hr>
            <ns3:cad>93</ns3:cad>
          </ns3:TrackPointExtension>
        </extensions>
      </trkpt>
      <trkpt lat="30.75293107889592647552490234375" lon="108.44616235233843326568603515625">
        <ele>427.600006103515625</ele>
        <time>2026-03-12T10:29:24.000Z</time>
        <extensions>
          <ns3:TrackPointExtension>
            <ns3:hr>147</ns3:hr>
            <ns3:cad>93</ns3:cad>
          </ns3:TrackPointExtension>
        </extensions>
      </trkpt>
      <trkpt lat="30.7529594935476779937744140625" lon="108.44616000540554523468017578125">
        <ele>427.600006103515625</ele>
        <time>2026-03-12T10:29:25.000Z</time>
        <extensions>
          <ns3:TrackPointExtension>
            <ns3:hr>147</ns3:hr>
            <ns3:cad>93</ns3:cad>
          </ns3:TrackPointExtension>
        </extensions>
      </trkpt>
      <trkpt lat="30.75298505835235118865966796875" lon="108.4461594186723232269287109375">
        <ele>427.600006103515625</ele>
        <time>2026-03-12T10:29:26.000Z</time>
        <extensions>
          <ns3:TrackPointExtension>
            <ns3:hr>146</ns3:hr>
            <ns3:cad>93</ns3:cad>
          </ns3:TrackPointExtension>
        </extensions>
      </trkpt>
      <trkpt lat="30.753020346164703369140625" lon="108.4461533837020397186279296875">
        <ele>427.600006103515625</ele>
        <time>2026-03-12T10:29:27.000Z</time>
        <extensions>
          <ns3:TrackPointExtension>
            <ns3:hr>146</ns3:hr>
            <ns3:cad>93</ns3:cad>
          </ns3:TrackPointExtension>
        </extensions>
      </trkpt>
      <trkpt lat="30.7530386187136173248291015625" lon="108.44614340923726558685302734375">
        <ele>427.600006103515625</ele>
        <time>2026-03-12T10:29:28.000Z</time>
        <extensions>
          <ns3:TrackPointExtension>
            <ns3:hr>145</ns3:hr>
            <ns3:cad>93</ns3:cad>
          </ns3:TrackPointExtension>
        </extensions>
      </trkpt>
      <trkpt lat="30.75306669808924198150634765625" lon="108.4461285732686519622802734375">
        <ele>427.79998779296875</ele>
        <time>2026-03-12T10:29:29.000Z</time>
        <extensions>
          <ns3:TrackPointExtension>
            <ns3:hr>145</ns3:hr>
            <ns3:cad>91</ns3:cad>
          </ns3:TrackPointExtension>
        </extensions>
      </trkpt>
      <trkpt lat="30.75308480300009250640869140625" lon="108.446110300719738006591796875">
        <ele>427.79998779296875</ele>
        <time>2026-03-12T10:29:30.000Z</time>
        <extensions>
          <ns3:TrackPointExtension>
            <ns3:hr>145</ns3:hr>
            <ns3:cad>91</ns3:cad>
          </ns3:TrackPointExtension>
        </extensions>
      </trkpt>
      <trkpt lat="30.75310944579541683197021484375" lon="108.4460920281708240509033203125">
        <ele>427.79998779296875</ele>
        <time>2026-03-12T10:29:31.000Z</time>
        <extensions>
          <ns3:TrackPointExtension>
            <ns3:hr>145</ns3:hr>
            <ns3:cad>92</ns3:cad>
          </ns3:TrackPointExtension>
        </extensions>
      </trkpt>
      <trkpt lat="30.75312537141144275665283203125" lon="108.44607149250805377960205078125">
        <ele>427.79998779296875</ele>
        <time>2026-03-12T10:29:32.000Z</time>
        <extensions>
          <ns3:TrackPointExtension>
            <ns3:hr>145</ns3:hr>
            <ns3:cad>94</ns3:cad>
          </ns3:TrackPointExtension>
        </extensions>
      </trkpt>
      <trkpt lat="30.7531455717980861663818359375" lon="108.44605389051139354705810546875">
        <ele>427.79998779296875</ele>
        <time>2026-03-12T10:29:33.000Z</time>
        <extensions>
          <ns3:TrackPointExtension>
            <ns3:hr>145</ns3:hr>
            <ns3:cad>94</ns3:cad>
          </ns3:TrackPointExtension>
        </extensions>
      </trkpt>
      <trkpt lat="30.75316577218472957611083984375" lon="108.44603461213409900665283203125">
        <ele>427.79998779296875</ele>
        <time>2026-03-12T10:29:34.000Z</time>
        <extensions>
          <ns3:TrackPointExtension>
            <ns3:hr>145</ns3:hr>
            <ns3:cad>94</ns3:cad>
          </ns3:TrackPointExtension>
        </extensions>
      </trkpt>
      <trkpt lat="30.75318672694265842437744140625" lon="108.44601784832775592803955078125">
        <ele>427.79998779296875</ele>
        <time>2026-03-12T10:29:35.000Z</time>
        <extensions>
          <ns3:TrackPointExtension>
            <ns3:hr>145</ns3:hr>
            <ns3:cad>94</ns3:cad>
          </ns3:TrackPointExtension>
        </extensions>
      </trkpt>
      <trkpt lat="30.7532067596912384033203125" lon="108.445994295179843902587890625">
        <ele>427.79998779296875</ele>
        <time>2026-03-12T10:29:36.000Z</time>
        <extensions>
          <ns3:TrackPointExtension>
            <ns3:hr>146</ns3:hr>
            <ns3:cad>93</ns3:cad>
          </ns3:TrackPointExtension>
        </extensions>
      </trkpt>
      <trkpt lat="30.753218494355678558349609375" lon="108.44597191549837589263916015625">
        <ele>427.79998779296875</ele>
        <time>2026-03-12T10:29:37.000Z</time>
        <extensions>
          <ns3:TrackPointExtension>
            <ns3:hr>146</ns3:hr>
            <ns3:cad>94</ns3:cad>
          </ns3:TrackPointExtension>
        </extensions>
      </trkpt>
      <trkpt lat="30.75322754681110382080078125" lon="108.44593889079988002777099609375">
        <ele>427.79998779296875</ele>
        <time>2026-03-12T10:29:38.000Z</time>
        <extensions>
          <ns3:TrackPointExtension>
            <ns3:hr>146</ns3:hr>
            <ns3:cad>94</ns3:cad>
          </ns3:TrackPointExtension>
        </extensions>
      </trkpt>
      <trkpt lat="30.7532364316284656524658203125" lon="108.44591542147099971771240234375">
        <ele>427.79998779296875</ele>
        <time>2026-03-12T10:29:39.000Z</time>
        <extensions>
          <ns3:TrackPointExtension>
            <ns3:hr>146</ns3:hr>
            <ns3:cad>94</ns3:cad>
          </ns3:TrackPointExtension>
        </extensions>
      </trkpt>
      <trkpt lat="30.7532508485019207000732421875" lon="108.4458826482295989990234375">
        <ele>427.79998779296875</ele>
        <time>2026-03-12T10:29:40.000Z</time>
        <extensions>
          <ns3:TrackPointExtension>
            <ns3:hr>146</ns3:hr>
            <ns3:cad>92</ns3:cad>
          </ns3:TrackPointExtension>
        </extensions>
      </trkpt>
      <trkpt lat="30.7532555423676967620849609375" lon="108.44585624523460865020751953125">
        <ele>427.79998779296875</ele>
        <time>2026-03-12T10:29:41.000Z</time>
        <extensions>
          <ns3:TrackPointExtension>
            <ns3:hr>147</ns3:hr>
            <ns3:cad>92</ns3:cad>
          </ns3:TrackPointExtension>
        </extensions>
      </trkpt>
      <trkpt lat="30.75327004306018352508544921875" lon="108.44582523219287395477294921875">
        <ele>427.79998779296875</ele>
        <time>2026-03-12T10:29:42.000Z</time>
        <extensions>
          <ns3:TrackPointExtension>
            <ns3:hr>147</ns3:hr>
            <ns3:cad>92</ns3:cad>
          </ns3:TrackPointExtension>
        </extensions>
      </trkpt>
      <trkpt lat="30.7532749883830547332763671875" lon="108.445797823369503021240234375">
        <ele>427.79998779296875</ele>
        <time>2026-03-12T10:29:43.000Z</time>
        <extensions>
          <ns3:TrackPointExtension>
            <ns3:hr>148</ns3:hr>
            <ns3:cad>93</ns3:cad>
          </ns3:TrackPointExtension>
        </extensions>
      </trkpt>
      <trkpt lat="30.7532873935997486114501953125" lon="108.44576404429972171783447265625">
        <ele>428</ele>
        <time>2026-03-12T10:29:44.000Z</time>
        <extensions>
          <ns3:TrackPointExtension>
            <ns3:hr>148</ns3:hr>
            <ns3:cad>93</ns3:cad>
          </ns3:TrackPointExtension>
        </extensions>
      </trkpt>
      <trkpt lat="30.75329099781811237335205078125" lon="108.44573319889605045318603515625">
        <ele>428</ele>
        <time>2026-03-12T10:29:45.000Z</time>
        <extensions>
          <ns3:TrackPointExtension>
            <ns3:hr>148</ns3:hr>
            <ns3:cad>92</ns3:cad>
          </ns3:TrackPointExtension>
        </extensions>
      </trkpt>
      <trkpt lat="30.75329971499741077423095703125" lon="108.445703275501728057861328125">
        <ele>427.79998779296875</ele>
        <time>2026-03-12T10:29:46.000Z</time>
        <extensions>
          <ns3:TrackPointExtension>
            <ns3:hr>148</ns3:hr>
            <ns3:cad>92</ns3:cad>
          </ns3:TrackPointExtension>
        </extensions>
      </trkpt>
      <trkpt lat="30.75330105610191822052001953125" lon="108.44567284919321537017822265625">
        <ele>427.79998779296875</ele>
        <time>2026-03-12T10:29:47.000Z</time>
        <extensions>
          <ns3:TrackPointExtension>
            <ns3:hr>149</ns3:hr>
            <ns3:cad>93</ns3:cad>
          </ns3:TrackPointExtension>
        </extensions>
      </trkpt>
      <trkpt lat="30.753303654491901397705078125" lon="108.44564317725598812103271484375">
        <ele>427.79998779296875</ele>
        <time>2026-03-12T10:29:48.000Z</time>
        <extensions>
          <ns3:TrackPointExtension>
            <ns3:hr>149</ns3:hr>
            <ns3:cad>93</ns3:cad>
          </ns3:TrackPointExtension>
        </extensions>
      </trkpt>
      <trkpt lat="30.75330507941544055938720703125" lon="108.445610739290714263916015625">
        <ele>428</ele>
        <time>2026-03-12T10:29:49.000Z</time>
        <extensions>
          <ns3:TrackPointExtension>
            <ns3:hr>149</ns3:hr>
            <ns3:cad>94</ns3:cad>
          </ns3:TrackPointExtension>
        </extensions>
      </trkpt>
      <trkpt lat="30.75330792926251888275146484375" lon="108.4455844201147556304931640625">
        <ele>428</ele>
        <time>2026-03-12T10:29:50.000Z</time>
        <extensions>
          <ns3:TrackPointExtension>
            <ns3:hr>149</ns3:hr>
            <ns3:cad>93</ns3:cad>
          </ns3:TrackPointExtension>
        </extensions>
      </trkpt>
      <trkpt lat="30.75330809690058231353759765625" lon="108.445548713207244873046875">
        <ele>428</ele>
        <time>2026-03-12T10:29:51.000Z</time>
        <extensions>
          <ns3:TrackPointExtension>
            <ns3:hr>149</ns3:hr>
            <ns3:cad>94</ns3:cad>
          </ns3:TrackPointExtension>
        </extensions>
      </trkpt>
      <trkpt lat="30.7533065043389797210693359375" lon="108.44552122056484222412109375">
        <ele>428</ele>
        <time>2026-03-12T10:29:52.000Z</time>
        <extensions>
          <ns3:TrackPointExtension>
            <ns3:hr>149</ns3:hr>
            <ns3:cad>93</ns3:cad>
          </ns3:TrackPointExtension>
        </extensions>
      </trkpt>
      <trkpt lat="30.75330390594899654388427734375" lon="108.44548274762928485870361328125">
        <ele>428</ele>
        <time>2026-03-12T10:29:53.000Z</time>
        <extensions>
          <ns3:TrackPointExtension>
            <ns3:hr>149</ns3:hr>
            <ns3:cad>94</ns3:cad>
          </ns3:TrackPointExtension>
        </extensions>
      </trkpt>
      <trkpt lat="30.7532974518835544586181640625" lon="108.44545776955783367156982421875">
        <ele>428</ele>
        <time>2026-03-12T10:29:54.000Z</time>
        <extensions>
          <ns3:TrackPointExtension>
            <ns3:hr>150</ns3:hr>
            <ns3:cad>93</ns3:cad>
          </ns3:TrackPointExtension>
        </extensions>
      </trkpt>
      <trkpt lat="30.75328948907554149627685546875" lon="108.445422314107418060302734375">
        <ele>428</ele>
        <time>2026-03-12T10:29:55.000Z</time>
        <extensions>
          <ns3:TrackPointExtension>
            <ns3:hr>150</ns3:hr>
            <ns3:cad>94</ns3:cad>
          </ns3:TrackPointExtension>
        </extensions>
      </trkpt>
      <trkpt lat="30.75327808968722820281982421875" lon="108.44539792276918888092041015625">
        <ele>428</ele>
        <time>2026-03-12T10:29:56.000Z</time>
        <extensions>
          <ns3:TrackPointExtension>
            <ns3:hr>151</ns3:hr>
            <ns3:cad>93</ns3:cad>
          </ns3:TrackPointExtension>
        </extensions>
      </trkpt>
      <trkpt lat="30.75326434336602687835693359375" lon="108.44536540098488330841064453125">
        <ele>428</ele>
        <time>2026-03-12T10:29:57.000Z</time>
        <extensions>
          <ns3:TrackPointExtension>
            <ns3:hr>151</ns3:hr>
            <ns3:cad>93</ns3:cad>
          </ns3:TrackPointExtension>
        </extensions>
      </trkpt>
      <trkpt lat="30.75324900448322296142578125" lon="108.4453443624079227447509765625">
        <ele>428</ele>
        <time>2026-03-12T10:29:58.000Z</time>
        <extensions>
          <ns3:TrackPointExtension>
            <ns3:hr>152</ns3:hr>
            <ns3:cad>93</ns3:cad>
          </ns3:TrackPointExtension>
        </extensions>
      </trkpt>
      <trkpt lat="30.75323903001844882965087890625" lon="108.44531737267971038818359375">
        <ele>428</ele>
        <time>2026-03-12T10:29:59.000Z</time>
        <extensions>
          <ns3:TrackPointExtension>
            <ns3:hr>152</ns3:hr>
            <ns3:cad>93</ns3:cad>
          </ns3:TrackPointExtension>
        </extensions>
      </trkpt>
      <trkpt lat="30.75322377495467662811279296875" lon="108.4452927298843860626220703125">
        <ele>428</ele>
        <time>2026-03-12T10:30:00.000Z</time>
        <extensions>
          <ns3:TrackPointExtension>
            <ns3:hr>152</ns3:hr>
            <ns3:cad>91</ns3:cad>
          </ns3:TrackPointExtension>
        </extensions>
      </trkpt>
      <trkpt lat="30.75321086682379245758056640625" lon="108.44526984728872776031494140625">
        <ele>428</ele>
        <time>2026-03-12T10:30:01.000Z</time>
        <extensions>
          <ns3:TrackPointExtension>
            <ns3:hr>152</ns3:hr>
            <ns3:cad>91</ns3:cad>
          </ns3:TrackPointExtension>
        </extensions>
      </trkpt>
      <trkpt lat="30.753192342817783355712890625" lon="108.44524092972278594970703125">
        <ele>428</ele>
        <time>2026-03-12T10:30:02.000Z</time>
        <extensions>
          <ns3:TrackPointExtension>
            <ns3:hr>151</ns3:hr>
            <ns3:cad>91</ns3:cad>
          </ns3:TrackPointExtension>
        </extensions>
      </trkpt>
      <trkpt lat="30.75317884795367717742919921875" lon="108.4452142752707004547119140625">
        <ele>428</ele>
        <time>2026-03-12T10:30:03.000Z</time>
        <extensions>
          <ns3:TrackPointExtension>
            <ns3:hr>151</ns3:hr>
            <ns3:cad>93</ns3:cad>
          </ns3:TrackPointExtension>
        </extensions>
      </trkpt>
      <trkpt lat="30.75315906666219234466552734375" lon="108.44518636353313922882080078125">
        <ele>428</ele>
        <time>2026-03-12T10:30:04.000Z</time>
        <extensions>
          <ns3:TrackPointExtension>
            <ns3:hr>151</ns3:hr>
            <ns3:cad>93</ns3:cad>
          </ns3:TrackPointExtension>
        </extensions>
      </trkpt>
      <trkpt lat="30.75314766727387905120849609375" lon="108.4451639838516712188720703125">
        <ele>428</ele>
        <time>2026-03-12T10:30:05.000Z</time>
        <extensions>
          <ns3:TrackPointExtension>
            <ns3:hr>151</ns3:hr>
            <ns3:cad>93</ns3:cad>
          </ns3:TrackPointExtension>
        </extensions>
      </trkpt>
      <trkpt lat="30.75312654487788677215576171875" lon="108.4451385028660297393798828125">
        <ele>428</ele>
        <time>2026-03-12T10:30:06.000Z</time>
        <extensions>
          <ns3:TrackPointExtension>
            <ns3:hr>150</ns3:hr>
            <ns3:cad>93</ns3:cad>
          </ns3:TrackPointExtension>
        </extensions>
      </trkpt>
      <trkpt lat="30.75310659594833850860595703125" lon="108.445121906697750091552734375">
        <ele>428</ele>
        <time>2026-03-12T10:30:07.000Z</time>
        <extensions>
          <ns3:TrackPointExtension>
            <ns3:hr>149</ns3:hr>
            <ns3:cad>93</ns3:cad>
          </ns3:TrackPointExtension>
        </extensions>
      </trkpt>
      <trkpt lat="30.7530791871249675750732421875" lon="108.4451076574623584747314453125">
        <ele>428</ele>
        <time>2026-03-12T10:30:08.000Z</time>
        <extensions>
          <ns3:TrackPointExtension>
            <ns3:hr>149</ns3:hr>
            <ns3:cad>93</ns3:cad>
          </ns3:TrackPointExtension>
        </extensions>
      </trkpt>
      <trkpt lat="30.7530570589005947113037109375" lon="108.44511159695684909820556640625">
        <ele>428</ele>
        <time>2026-03-12T10:30:09.000Z</time>
        <extensions>
          <ns3:TrackPointExtension>
            <ns3:hr>148</ns3:hr>
            <ns3:cad>93</ns3:cad>
          </ns3:TrackPointExtension>
        </extensions>
      </trkpt>
      <trkpt lat="30.75302696786820888519287109375" lon="108.4451066516339778900146484375">
        <ele>428</ele>
        <time>2026-03-12T10:30:10.000Z</time>
        <extensions>
          <ns3:TrackPointExtension>
            <ns3:hr>148</ns3:hr>
            <ns3:cad>93</ns3:cad>
          </ns3:TrackPointExtension>
        </extensions>
      </trkpt>
      <trkpt lat="30.7530030794441699981689453125" lon="108.44511243514716625213623046875">
        <ele>428</ele>
        <time>2026-03-12T10:30:11.000Z</time>
        <extensions>
          <ns3:TrackPointExtension>
            <ns3:hr>148</ns3:hr>
            <ns3:cad>93</ns3:cad>
          </ns3:TrackPointExtension>
        </extensions>
      </trkpt>
      <trkpt lat="30.75297407805919647216796875" lon="108.44510740600526332855224609375">
        <ele>428</ele>
        <time>2026-03-12T10:30:12.000Z</time>
        <extensions>
          <ns3:TrackPointExtension>
            <ns3:hr>148</ns3:hr>
            <ns3:cad>92</ns3:cad>
          </ns3:TrackPointExtension>
        </extensions>
      </trkpt>
      <trkpt lat="30.7529490999877452850341796875" lon="108.4451101720333099365234375">
        <ele>428</ele>
        <time>2026-03-12T10:30:13.000Z</time>
        <extensions>
          <ns3:TrackPointExtension>
            <ns3:hr>149</ns3:hr>
            <ns3:cad>91</ns3:cad>
          </ns3:TrackPointExtension>
        </extensions>
      </trkpt>
      <trkpt lat="30.75292303226888179779052734375" lon="108.44510572962462902069091796875">
        <ele>428</ele>
        <time>2026-03-12T10:30:14.000Z</time>
        <extensions>
          <ns3:TrackPointExtension>
            <ns3:hr>149</ns3:hr>
            <ns3:cad>91</ns3:cad>
          </ns3:TrackPointExtension>
        </extensions>
      </trkpt>
      <trkpt lat="30.75289771892130374908447265625" lon="108.44510774128139019012451171875">
        <ele>428</ele>
        <time>2026-03-12T10:30:15.000Z</time>
        <extensions>
          <ns3:TrackPointExtension>
            <ns3:hr>148</ns3:hr>
            <ns3:cad>93</ns3:cad>
          </ns3:TrackPointExtension>
        </extensions>
      </trkpt>
      <trkpt lat="30.75287307612597942352294921875" lon="108.4451079927384853363037109375">
        <ele>428</ele>
        <time>2026-03-12T10:30:16.000Z</time>
        <extensions>
          <ns3:TrackPointExtension>
            <ns3:hr>148</ns3:hr>
            <ns3:cad>94</ns3:cad>
          </ns3:TrackPointExtension>
        </extensions>
      </trkpt>
      <trkpt lat="30.7528454996645450592041015625" lon="108.445111848413944244384765625">
        <ele>428</ele>
        <time>2026-03-12T10:30:17.000Z</time>
        <extensions>
          <ns3:TrackPointExtension>
            <ns3:hr>148</ns3:hr>
            <ns3:cad>94</ns3:cad>
          </ns3:TrackPointExtension>
        </extensions>
      </trkpt>
      <trkpt lat="30.75282479636371135711669921875" lon="108.4451136924326419830322265625">
        <ele>428</ele>
        <time>2026-03-12T10:30:18.000Z</time>
        <extensions>
          <ns3:TrackPointExtension>
            <ns3:hr>148</ns3:hr>
            <ns3:cad>94</ns3:cad>
          </ns3:TrackPointExtension>
        </extensions>
      </trkpt>
      <trkpt lat="30.75279437005519866943359375" lon="108.44511444680392742156982421875">
        <ele>428</ele>
        <time>2026-03-12T10:30:19.000Z</time>
        <extensions>
          <ns3:TrackPointExtension>
            <ns3:hr>149</ns3:hr>
            <ns3:cad>94</ns3:cad>
          </ns3:TrackPointExtension>
        </extensions>
      </trkpt>
      <trkpt lat="30.75277450494468212127685546875" lon="108.44511612318456172943115234375">
        <ele>428</ele>
        <time>2026-03-12T10:30:20.000Z</time>
        <extensions>
          <ns3:TrackPointExtension>
            <ns3:hr>149</ns3:hr>
            <ns3:cad>94</ns3:cad>
          </ns3:TrackPointExtension>
        </extensions>
      </trkpt>
      <trkpt lat="30.7527472637593746185302734375" lon="108.44511847011744976043701171875">
        <ele>428.20001220703125</ele>
        <time>2026-03-12T10:30:21.000Z</time>
        <extensions>
          <ns3:TrackPointExtension>
            <ns3:hr>149</ns3:hr>
            <ns3:cad>94</ns3:cad>
          </ns3:TrackPointExtension>
        </extensions>
      </trkpt>
      <trkpt lat="30.75272773392498493194580078125" lon="108.4451254270970821380615234375">
        <ele>428.20001220703125</ele>
        <time>2026-03-12T10:30:22.000Z</time>
        <extensions>
          <ns3:TrackPointExtension>
            <ns3:hr>149</ns3:hr>
            <ns3:cad>93</ns3:cad>
          </ns3:TrackPointExtension>
        </extensions>
      </trkpt>
      <trkpt lat="30.75269923545420169830322265625" lon="108.44512701965868473052978515625">
        <ele>428.20001220703125</ele>
        <time>2026-03-12T10:30:23.000Z</time>
        <extensions>
          <ns3:TrackPointExtension>
            <ns3:hr>149</ns3:hr>
            <ns3:cad>93</ns3:cad>
          </ns3:TrackPointExtension>
        </extensions>
      </trkpt>
      <trkpt lat="30.7526785321533679962158203125" lon="108.44513238407671451568603515625">
        <ele>428.20001220703125</ele>
        <time>2026-03-12T10:30:24.000Z</time>
        <extensions>
          <ns3:TrackPointExtension>
            <ns3:hr>150</ns3:hr>
            <ns3:cad>93</ns3:cad>
          </ns3:TrackPointExtension>
        </extensions>
      </trkpt>
      <trkpt lat="30.752649195492267608642578125" lon="108.445125930011272430419921875">
        <ele>428.20001220703125</ele>
        <time>2026-03-12T10:30:25.000Z</time>
        <extensions>
          <ns3:TrackPointExtension>
            <ns3:hr>151</ns3:hr>
            <ns3:cad>94</ns3:cad>
          </ns3:TrackPointExtension>
        </extensions>
      </trkpt>
      <trkpt lat="30.752624385058879852294921875" lon="108.445126600563526153564453125">
        <ele>428.20001220703125</ele>
        <time>2026-03-12T10:30:26.000Z</time>
        <extensions>
          <ns3:TrackPointExtension>
            <ns3:hr>151</ns3:hr>
            <ns3:cad>94</ns3:cad>
          </ns3:TrackPointExtension>
        </extensions>
      </trkpt>
      <trkpt lat="30.7525987364351749420166015625" lon="108.44512098468840122222900390625">
        <ele>428.20001220703125</ele>
        <time>2026-03-12T10:30:27.000Z</time>
        <extensions>
          <ns3:TrackPointExtension>
            <ns3:hr>151</ns3:hr>
            <ns3:cad>92</ns3:cad>
          </ns3:TrackPointExtension>
        </extensions>
      </trkpt>
      <trkpt lat="30.75257149524986743927001953125" lon="108.44512148760259151458740234375">
        <ele>428.20001220703125</ele>
        <time>2026-03-12T10:30:28.000Z</time>
        <extensions>
          <ns3:TrackPointExtension>
            <ns3:hr>152</ns3:hr>
            <ns3:cad>92</ns3:cad>
          </ns3:TrackPointExtension>
        </extensions>
      </trkpt>
      <trkpt lat="30.75254785828292369842529296875" lon="108.44512115232646465301513671875">
        <ele>428.20001220703125</ele>
        <time>2026-03-12T10:30:29.000Z</time>
        <extensions>
          <ns3:TrackPointExtension>
            <ns3:hr>152</ns3:hr>
            <ns3:cad>93</ns3:cad>
          </ns3:TrackPointExtension>
        </extensions>
      </trkpt>
      <trkpt lat="30.7525189407169818878173828125" lon="108.44512500800192356109619140625">
        <ele>428.20001220703125</ele>
        <time>2026-03-12T10:30:30.000Z</time>
        <extensions>
          <ns3:TrackPointExtension>
            <ns3:hr>152</ns3:hr>
            <ns3:cad>93</ns3:cad>
          </ns3:TrackPointExtension>
        </extensions>
      </trkpt>
      <trkpt lat="30.7524974830448627471923828125" lon="108.44512886367738246917724609375">
        <ele>428.20001220703125</ele>
        <time>2026-03-12T10:30:31.000Z</time>
        <extensions>
          <ns3:TrackPointExtension>
            <ns3:hr>153</ns3:hr>
            <ns3:cad>93</ns3:cad>
          </ns3:TrackPointExtension>
        </extensions>
      </trkpt>
      <trkpt lat="30.75246571563184261322021484375" lon="108.44513439573347568511962890625">
        <ele>428.20001220703125</ele>
        <time>2026-03-12T10:30:32.000Z</time>
        <extensions>
          <ns3:TrackPointExtension>
            <ns3:hr>153</ns3:hr>
            <ns3:cad>93</ns3:cad>
          </ns3:TrackPointExtension>
        </extensions>
      </trkpt>
      <trkpt lat="30.752442665398120880126953125" lon="108.44513992778956890106201171875">
        <ele>428.20001220703125</ele>
        <time>2026-03-12T10:30:33.000Z</time>
        <extensions>
          <ns3:TrackPointExtension>
            <ns3:hr>154</ns3:hr>
            <ns3:cad>93</ns3:cad>
          </ns3:TrackPointExtension>
        </extensions>
      </trkpt>
      <trkpt lat="30.7524106465280055999755859375" lon="108.445140682160854339599609375">
        <ele>428.20001220703125</ele>
        <time>2026-03-12T10:30:34.000Z</time>
        <extensions>
          <ns3:TrackPointExtension>
            <ns3:hr>154</ns3:hr>
            <ns3:cad>93</ns3:cad>
          </ns3:TrackPointExtension>
        </extensions>
      </trkpt>
      <trkpt lat="30.75238742865622043609619140625" lon="108.44514462165534496307373046875">
        <ele>428.20001220703125</ele>
        <time>2026-03-12T10:30:35.000Z</time>
        <extensions>
          <ns3:TrackPointExtension>
            <ns3:hr>154</ns3:hr>
            <ns3:cad>93</ns3:cad>
          </ns3:TrackPointExtension>
        </extensions>
      </trkpt>
      <trkpt lat="30.7523566670715808868408203125" lon="108.44514244236052036285400390625">
        <ele>428.399993896484375</ele>
        <time>2026-03-12T10:30:36.000Z</time>
        <extensions>
          <ns3:TrackPointExtension>
            <ns3:hr>154</ns3:hr>
            <ns3:cad>92</ns3:cad>
          </ns3:TrackPointExtension>
        </extensions>
      </trkpt>
      <trkpt lat="30.7523331977427005767822265625" lon="108.44514965079724788665771484375">
        <ele>428.399993896484375</ele>
        <time>2026-03-12T10:30:37.000Z</time>
        <extensions>
          <ns3:TrackPointExtension>
            <ns3:hr>155</ns3:hr>
            <ns3:cad>92</ns3:cad>
          </ns3:TrackPointExtension>
        </extensions>
      </trkpt>
      <trkpt lat="30.7523030228912830352783203125" lon="108.44514981843531131744384765625">
        <ele>428.399993896484375</ele>
        <time>2026-03-12T10:30:38.000Z</time>
        <extensions>
          <ns3:TrackPointExtension>
            <ns3:hr>155</ns3:hr>
            <ns3:cad>92</ns3:cad>
          </ns3:TrackPointExtension>
        </extensions>
      </trkpt>
      <trkpt lat="30.752277038991451263427734375" lon="108.4451509080827236175537109375">
        <ele>428.399993896484375</ele>
        <time>2026-03-12T10:30:39.000Z</time>
        <extensions>
          <ns3:TrackPointExtension>
            <ns3:hr>155</ns3:hr>
            <ns3:cad>93</ns3:cad>
          </ns3:TrackPointExtension>
        </extensions>
      </trkpt>
      <trkpt lat="30.75225055217742919921875" lon="108.44514898024499416351318359375">
        <ele>428.399993896484375</ele>
        <time>2026-03-12T10:30:40.000Z</time>
        <extensions>
          <ns3:TrackPointExtension>
            <ns3:hr>155</ns3:hr>
            <ns3:cad>93</ns3:cad>
          </ns3:TrackPointExtension>
        </extensions>
      </trkpt>
      <trkpt lat="30.7522245682775974273681640625" lon="108.4451488964259624481201171875">
        <ele>428.399993896484375</ele>
        <time>2026-03-12T10:30:41.000Z</time>
        <extensions>
          <ns3:TrackPointExtension>
            <ns3:hr>155</ns3:hr>
            <ns3:cad>92</ns3:cad>
          </ns3:TrackPointExtension>
        </extensions>
      </trkpt>
      <trkpt lat="30.7522009313106536865234375" lon="108.44514437019824981689453125">
        <ele>428.399993896484375</ele>
        <time>2026-03-12T10:30:42.000Z</time>
        <extensions>
          <ns3:TrackPointExtension>
            <ns3:hr>155</ns3:hr>
            <ns3:cad>92</ns3:cad>
          </ns3:TrackPointExtension>
        </extensions>
      </trkpt>
      <trkpt lat="30.752170085906982421875" lon="108.4451431967318058013916015625">
        <ele>428.399993896484375</ele>
        <time>2026-03-12T10:30:43.000Z</time>
        <extensions>
          <ns3:TrackPointExtension>
            <ns3:hr>155</ns3:hr>
            <ns3:cad>92</ns3:cad>
          </ns3:TrackPointExtension>
        </extensions>
      </trkpt>
      <trkpt lat="30.75214393436908721923828125" lon="108.44514126889407634735107421875">
        <ele>428.399993896484375</ele>
        <time>2026-03-12T10:30:44.000Z</time>
        <extensions>
          <ns3:TrackPointExtension>
            <ns3:hr>155</ns3:hr>
            <ns3:cad>92</ns3:cad>
          </ns3:TrackPointExtension>
        </extensions>
      </trkpt>
      <trkpt lat="30.752114094793796539306640625" lon="108.44513506628572940826416015625">
        <ele>428.399993896484375</ele>
        <time>2026-03-12T10:30:45.000Z</time>
        <extensions>
          <ns3:TrackPointExtension>
            <ns3:hr>155</ns3:hr>
            <ns3:cad>93</ns3:cad>
          </ns3:TrackPointExtension>
        </extensions>
      </trkpt>
      <trkpt lat="30.7520931400358676910400390625" lon="108.44513255171477794647216796875">
        <ele>428.399993896484375</ele>
        <time>2026-03-12T10:30:46.000Z</time>
        <extensions>
          <ns3:TrackPointExtension>
            <ns3:hr>155</ns3:hr>
            <ns3:cad>94</ns3:cad>
          </ns3:TrackPointExtension>
        </extensions>
      </trkpt>
      <trkpt lat="30.7520622946321964263916015625" lon="108.44512500800192356109619140625">
        <ele>428.399993896484375</ele>
        <time>2026-03-12T10:30:47.000Z</time>
        <extensions>
          <ns3:TrackPointExtension>
            <ns3:hr>154</ns3:hr>
            <ns3:cad>94</ns3:cad>
          </ns3:TrackPointExtension>
        </extensions>
      </trkpt>
      <trkpt lat="30.75203874148428440093994140625" lon="108.445127941668033599853515625">
        <ele>428.399993896484375</ele>
        <time>2026-03-12T10:30:48.000Z</time>
        <extensions>
          <ns3:TrackPointExtension>
            <ns3:hr>154</ns3:hr>
            <ns3:cad>94</ns3:cad>
          </ns3:TrackPointExtension>
        </extensions>
      </trkpt>
      <trkpt lat="30.7520093210041522979736328125" lon="108.44512450508773326873779296875">
        <ele>428.399993896484375</ele>
        <time>2026-03-12T10:30:49.000Z</time>
        <extensions>
          <ns3:TrackPointExtension>
            <ns3:hr>153</ns3:hr>
            <ns3:cad>94</ns3:cad>
          </ns3:TrackPointExtension>
        </extensions>
      </trkpt>
      <trkpt lat="30.75198434293270111083984375" lon="108.4451321326196193695068359375">
        <ele>428.399993896484375</ele>
        <time>2026-03-12T10:30:50.000Z</time>
        <extensions>
          <ns3:TrackPointExtension>
            <ns3:hr>153</ns3:hr>
            <ns3:cad>93</ns3:cad>
          </ns3:TrackPointExtension>
        </extensions>
      </trkpt>
      <trkpt lat="30.75195626355707645416259765625" lon="108.445134647190570831298828125">
        <ele>428.600006103515625</ele>
        <time>2026-03-12T10:30:51.000Z</time>
        <extensions>
          <ns3:TrackPointExtension>
            <ns3:hr>152</ns3:hr>
            <ns3:cad>93</ns3:cad>
          </ns3:TrackPointExtension>
        </extensions>
      </trkpt>
      <trkpt lat="30.75192893855273723602294921875" lon="108.44514344818890094757080078125">
        <ele>428.600006103515625</ele>
        <time>2026-03-12T10:30:52.000Z</time>
        <extensions>
          <ns3:TrackPointExtension>
            <ns3:hr>152</ns3:hr>
            <ns3:cad>92</ns3:cad>
          </ns3:TrackPointExtension>
        </extensions>
      </trkpt>
      <trkpt lat="30.75189985334873199462890625" lon="108.44514898024499416351318359375">
        <ele>428.600006103515625</ele>
        <time>2026-03-12T10:30:53.000Z</time>
        <extensions>
          <ns3:TrackPointExtension>
            <ns3:hr>151</ns3:hr>
            <ns3:cad>92</ns3:cad>
          </ns3:TrackPointExtension>
        </extensions>
      </trkpt>
      <trkpt lat="30.75187378562986850738525390625" lon="108.44516507349908351898193359375">
        <ele>428.600006103515625</ele>
        <time>2026-03-12T10:30:54.000Z</time>
        <extensions>
          <ns3:TrackPointExtension>
            <ns3:hr>151</ns3:hr>
            <ns3:cad>92</ns3:cad>
          </ns3:TrackPointExtension>
        </extensions>
      </trkpt>
      <trkpt lat="30.75185249559581279754638671875" lon="108.4451763890683650970458984375">
        <ele>428.600006103515625</ele>
        <time>2026-03-12T10:30:55.000Z</time>
        <extensions>
          <ns3:TrackPointExtension>
            <ns3:hr>151</ns3:hr>
            <ns3:cad>92</ns3:cad>
          </ns3:TrackPointExtension>
        </extensions>
      </trkpt>
      <trkpt lat="30.7518281042575836181640625" lon="108.44519399106502532958984375">
        <ele>428.600006103515625</ele>
        <time>2026-03-12T10:30:56.000Z</time>
        <extensions>
          <ns3:TrackPointExtension>
            <ns3:hr>151</ns3:hr>
            <ns3:cad>92</ns3:cad>
          </ns3:TrackPointExtension>
        </extensions>
      </trkpt>
      <trkpt lat="30.75180991552770137786865234375" lon="108.44520698301494121551513671875">
        <ele>428.600006103515625</ele>
        <time>2026-03-12T10:30:57.000Z</time>
        <extensions>
          <ns3:TrackPointExtension>
            <ns3:hr>151</ns3:hr>
            <ns3:cad>93</ns3:cad>
          </ns3:TrackPointExtension>
        </extensions>
      </trkpt>
      <trkpt lat="30.75178711675107479095458984375" lon="108.44522156752645969390869140625">
        <ele>428.600006103515625</ele>
        <time>2026-03-12T10:30:58.000Z</time>
        <extensions>
          <ns3:TrackPointExtension>
            <ns3:hr>151</ns3:hr>
            <ns3:cad>94</ns3:cad>
          </ns3:TrackPointExtension>
        </extensions>
      </trkpt>
      <trkpt lat="30.75177135877311229705810546875" lon="108.44523556530475616455078125">
        <ele>428.79998779296875</ele>
        <time>2026-03-12T10:30:59.000Z</time>
        <extensions>
          <ns3:TrackPointExtension>
            <ns3:hr>152</ns3:hr>
            <ns3:cad>94</ns3:cad>
          </ns3:TrackPointExtension>
        </extensions>
      </trkpt>
      <trkpt lat="30.75174436904489994049072265625" lon="108.4452551789581775665283203125">
        <ele>428.79998779296875</ele>
        <time>2026-03-12T10:31:00.000Z</time>
        <extensions>
          <ns3:TrackPointExtension>
            <ns3:hr>152</ns3:hr>
            <ns3:cad>94</ns3:cad>
          </ns3:TrackPointExtension>
        </extensions>
      </trkpt>
      <trkpt lat="30.75172995217144489288330078125" lon="108.4452756308019161224365234375">
        <ele>428.79998779296875</ele>
        <time>2026-03-12T10:31:01.000Z</time>
        <extensions>
          <ns3:TrackPointExtension>
            <ns3:hr>152</ns3:hr>
            <ns3:cad>94</ns3:cad>
          </ns3:TrackPointExtension>
        </extensions>
      </trkpt>
      <trkpt lat="30.75170765630900859832763671875" lon="108.44529926776885986328125">
        <ele>428.79998779296875</ele>
        <time>2026-03-12T10:31:02.000Z</time>
        <extensions>
          <ns3:TrackPointExtension>
            <ns3:hr>152</ns3:hr>
            <ns3:cad>93</ns3:cad>
          </ns3:TrackPointExtension>
        </extensions>
      </trkpt>
      <trkpt lat="30.7516968436539173126220703125" lon="108.44532282091677188873291015625">
        <ele>428.79998779296875</ele>
        <time>2026-03-12T10:31:03.000Z</time>
        <extensions>
          <ns3:TrackPointExtension>
            <ns3:hr>153</ns3:hr>
            <ns3:cad>93</ns3:cad>
          </ns3:TrackPointExtension>
        </extensions>
      </trkpt>
      <trkpt lat="30.75167496688663959503173828125" lon="108.44534687697887420654296875">
        <ele>428.79998779296875</ele>
        <time>2026-03-12T10:31:04.000Z</time>
        <extensions>
          <ns3:TrackPointExtension>
            <ns3:hr>153</ns3:hr>
            <ns3:cad>93</ns3:cad>
          </ns3:TrackPointExtension>
        </extensions>
      </trkpt>
      <trkpt lat="30.7516599632799625396728515625" lon="108.44536959193646907806396484375">
        <ele>428.79998779296875</ele>
        <time>2026-03-12T10:31:05.000Z</time>
        <extensions>
          <ns3:TrackPointExtension>
            <ns3:hr>153</ns3:hr>
            <ns3:cad>93</ns3:cad>
          </ns3:TrackPointExtension>
        </extensions>
      </trkpt>
      <trkpt lat="30.75164370238780975341796875" lon="108.445398509502410888671875">
        <ele>428.79998779296875</ele>
        <time>2026-03-12T10:31:06.000Z</time>
        <extensions>
          <ns3:TrackPointExtension>
            <ns3:hr>153</ns3:hr>
            <ns3:cad>93</ns3:cad>
          </ns3:TrackPointExtension>
        </extensions>
      </trkpt>
      <trkpt lat="30.7516297884285449981689453125" lon="108.44542826525866985321044921875">
        <ele>428.600006103515625</ele>
        <time>2026-03-12T10:31:07.000Z</time>
        <extensions>
          <ns3:TrackPointExtension>
            <ns3:hr>153</ns3:hr>
            <ns3:cad>93</ns3:cad>
          </ns3:TrackPointExtension>
        </extensions>
      </trkpt>
      <trkpt lat="30.7516204006969928741455078125" lon="108.4454536624252796173095703125">
        <ele>428.79998779296875</ele>
        <time>2026-03-12T10:31:08.000Z</time>
        <extensions>
          <ns3:TrackPointExtension>
            <ns3:hr>153</ns3:hr>
            <ns3:cad>93</ns3:cad>
          </ns3:TrackPointExtension>
        </extensions>
      </trkpt>
      <trkpt lat="30.75161344371736049652099609375" lon="108.44548626802861690521240234375">
        <ele>428.79998779296875</ele>
        <time>2026-03-12T10:31:09.000Z</time>
        <extensions>
          <ns3:TrackPointExtension>
            <ns3:hr>153</ns3:hr>
            <ns3:cad>93</ns3:cad>
          </ns3:TrackPointExtension>
        </extensions>
      </trkpt>
      <trkpt lat="30.75160657055675983428955078125" lon="108.445512168109416961669921875">
        <ele>428.79998779296875</ele>
        <time>2026-03-12T10:31:10.000Z</time>
        <extensions>
          <ns3:TrackPointExtension>
            <ns3:hr>152</ns3:hr>
            <ns3:cad>93</ns3:cad>
          </ns3:TrackPointExtension>
        </extensions>
      </trkpt>
      <trkpt lat="30.75160020031034946441650390625" lon="108.44554510898888111114501953125">
        <ele>428.79998779296875</ele>
        <time>2026-03-12T10:31:11.000Z</time>
        <extensions>
          <ns3:TrackPointExtension>
            <ns3:hr>152</ns3:hr>
            <ns3:cad>92</ns3:cad>
          </ns3:TrackPointExtension>
        </extensions>
      </trkpt>
      <trkpt lat="30.75159869156777858734130859375" lon="108.44556891359388828277587890625">
        <ele>428.79998779296875</ele>
        <time>2026-03-12T10:31:12.000Z</time>
        <extensions>
          <ns3:TrackPointExtension>
            <ns3:hr>152</ns3:hr>
            <ns3:cad>92</ns3:cad>
          </ns3:TrackPointExtension>
        </extensions>
      </trkpt>
      <trkpt lat="30.75159810483455657958984375" lon="108.4456021897494792938232421875">
        <ele>428.79998779296875</ele>
        <time>2026-03-12T10:31:13.000Z</time>
        <extensions>
          <ns3:TrackPointExtension>
            <ns3:hr>151</ns3:hr>
            <ns3:cad>93</ns3:cad>
          </ns3:TrackPointExtension>
        </extensions>
      </trkpt>
      <trkpt lat="30.75160070322453975677490234375" lon="108.44562850892543792724609375">
        <ele>428.79998779296875</ele>
        <time>2026-03-12T10:31:14.000Z</time>
        <extensions>
          <ns3:TrackPointExtension>
            <ns3:hr>151</ns3:hr>
            <ns3:cad>94</ns3:cad>
          </ns3:TrackPointExtension>
        </extensions>
      </trkpt>
      <trkpt lat="30.751599110662937164306640625" lon="108.4456648863852024078369140625">
        <ele>428.79998779296875</ele>
        <time>2026-03-12T10:31:15.000Z</time>
        <extensions>
          <ns3:TrackPointExtension>
            <ns3:hr>150</ns3:hr>
            <ns3:cad>93</ns3:cad>
          </ns3:TrackPointExtension>
        </extensions>
      </trkpt>
      <trkpt lat="30.75160623528063297271728515625" lon="108.44569179229438304901123046875">
        <ele>428.79998779296875</ele>
        <time>2026-03-12T10:31:16.000Z</time>
        <extensions>
          <ns3:TrackPointExtension>
            <ns3:hr>150</ns3:hr>
            <ns3:cad>94</ns3:cad>
          </ns3:TrackPointExtension>
        </extensions>
      </trkpt>
      <trkpt lat="30.7516056485474109649658203125" lon="108.445724733173847198486328125">
        <ele>428.79998779296875</ele>
        <time>2026-03-12T10:31:17.000Z</time>
        <extensions>
          <ns3:TrackPointExtension>
            <ns3:hr>149</ns3:hr>
            <ns3:cad>94</ns3:cad>
          </ns3:TrackPointExtension>
        </extensions>
      </trkpt>
      <trkpt lat="30.75161294080317020416259765625" lon="108.4457539021968841552734375">
        <ele>429</ele>
        <time>2026-03-12T10:31:18.000Z</time>
        <extensions>
          <ns3:TrackPointExtension>
            <ns3:hr>149</ns3:hr>
            <ns3:cad>94</ns3:cad>
          </ns3:TrackPointExtension>
        </extensions>
      </trkpt>
      <trkpt lat="30.75161629356443881988525390625" lon="108.4457865916192531585693359375">
        <ele>429</ele>
        <time>2026-03-12T10:31:19.000Z</time>
        <extensions>
          <ns3:TrackPointExtension>
            <ns3:hr>149</ns3:hr>
            <ns3:cad>94</ns3:cad>
          </ns3:TrackPointExtension>
        </extensions>
      </trkpt>
      <trkpt lat="30.7516237534582614898681640625" lon="108.44581752084195613861083984375">
        <ele>429</ele>
        <time>2026-03-12T10:31:20.000Z</time>
        <extensions>
          <ns3:TrackPointExtension>
            <ns3:hr>148</ns3:hr>
            <ns3:cad>93</ns3:cad>
          </ns3:TrackPointExtension>
        </extensions>
      </trkpt>
      <trkpt lat="30.75163037516176700592041015625" lon="108.44584819860756397247314453125">
        <ele>429</ele>
        <time>2026-03-12T10:31:21.000Z</time>
        <extensions>
          <ns3:TrackPointExtension>
            <ns3:hr>148</ns3:hr>
            <ns3:cad>93</ns3:cad>
          </ns3:TrackPointExtension>
        </extensions>
      </trkpt>
      <trkpt lat="30.751642026007175445556640625" lon="108.44587669707834720611572265625">
        <ele>429</ele>
        <time>2026-03-12T10:31:22.000Z</time>
        <extensions>
          <ns3:TrackPointExtension>
            <ns3:hr>149</ns3:hr>
            <ns3:cad>93</ns3:cad>
          </ns3:TrackPointExtension>
        </extensions>
      </trkpt>
      <trkpt lat="30.75165082700550556182861328125" lon="108.44590075314044952392578125">
        <ele>429</ele>
        <time>2026-03-12T10:31:23.000Z</time>
        <extensions>
          <ns3:TrackPointExtension>
            <ns3:hr>149</ns3:hr>
            <ns3:cad>92</ns3:cad>
          </ns3:TrackPointExtension>
        </extensions>
      </trkpt>
      <trkpt lat="30.751664824783802032470703125" lon="108.44592849723994731903076171875">
        <ele>429</ele>
        <time>2026-03-12T10:31:24.000Z</time>
        <extensions>
          <ns3:TrackPointExtension>
            <ns3:hr>149</ns3:hr>
            <ns3:cad>91</ns3:cad>
          </ns3:TrackPointExtension>
        </extensions>
      </trkpt>
      <trkpt lat="30.75167848728597164154052734375" lon="108.44594978727400302886962890625">
        <ele>429</ele>
        <time>2026-03-12T10:31:25.000Z</time>
        <extensions>
          <ns3:TrackPointExtension>
            <ns3:hr>149</ns3:hr>
            <ns3:cad>91</ns3:cad>
          </ns3:TrackPointExtension>
        </extensions>
      </trkpt>
      <trkpt lat="30.7516934908926486968994140625" lon="108.44597610644996166229248046875">
        <ele>429</ele>
        <time>2026-03-12T10:31:26.000Z</time>
        <extensions>
          <ns3:TrackPointExtension>
            <ns3:hr>149</ns3:hr>
            <ns3:cad>91</ns3:cad>
          </ns3:TrackPointExtension>
        </extensions>
      </trkpt>
      <trkpt lat="30.75171000324189662933349609375" lon="108.44599186442792415618896484375">
        <ele>429</ele>
        <time>2026-03-12T10:31:27.000Z</time>
        <extensions>
          <ns3:TrackPointExtension>
            <ns3:hr>150</ns3:hr>
            <ns3:cad>94</ns3:cad>
          </ns3:TrackPointExtension>
        </extensions>
      </trkpt>
      <trkpt lat="30.75173330493271350860595703125" lon="108.4460152499377727508544921875">
        <ele>429</ele>
        <time>2026-03-12T10:31:28.000Z</time>
        <extensions>
          <ns3:TrackPointExtension>
            <ns3:hr>151</ns3:hr>
            <ns3:cad>94</ns3:cad>
          </ns3:TrackPointExtension>
        </extensions>
      </trkpt>
      <trkpt lat="30.75175325386226177215576171875" lon="108.44602606259286403656005859375">
        <ele>429</ele>
        <time>2026-03-12T10:31:29.000Z</time>
        <extensions>
          <ns3:TrackPointExtension>
            <ns3:hr>152</ns3:hr>
            <ns3:cad>94</ns3:cad>
          </ns3:TrackPointExtension>
        </extensions>
      </trkpt>
      <trkpt lat="30.75177370570600032806396484375" lon="108.44604416750371456146240234375">
        <ele>429</ele>
        <time>2026-03-12T10:31:30.000Z</time>
        <extensions>
          <ns3:TrackPointExtension>
            <ns3:hr>152</ns3:hr>
            <ns3:cad>94</ns3:cad>
          </ns3:TrackPointExtension>
        </extensions>
      </trkpt>
      <trkpt lat="30.75179583393037319183349609375" lon="108.44606009311974048614501953125">
        <ele>429</ele>
        <time>2026-03-12T10:31:31.000Z</time>
        <extensions>
          <ns3:TrackPointExtension>
            <ns3:hr>153</ns3:hr>
            <ns3:cad>93</ns3:cad>
          </ns3:TrackPointExtension>
        </extensions>
      </trkpt>
      <trkpt lat="30.75181561522185802459716796875" lon="108.44607819803059101104736328125">
        <ele>429</ele>
        <time>2026-03-12T10:31:32.000Z</time>
        <extensions>
          <ns3:TrackPointExtension>
            <ns3:hr>153</ns3:hr>
            <ns3:cad>93</ns3:cad>
          </ns3:TrackPointExtension>
        </extensions>
      </trkpt>
      <trkpt lat="30.75184159912168979644775390625" lon="108.44609730876982212066650390625">
        <ele>429.20001220703125</ele>
        <time>2026-03-12T10:31:33.000Z</time>
        <extensions>
          <ns3:TrackPointExtension>
            <ns3:hr>153</ns3:hr>
            <ns3:cad>93</ns3:cad>
          </ns3:TrackPointExtension>
        </extensions>
      </trkpt>
      <trkpt lat="30.75186121277511119842529296875" lon="108.44611424021422863006591796875">
        <ele>429.20001220703125</ele>
        <time>2026-03-12T10:31:34.000Z</time>
        <extensions>
          <ns3:TrackPointExtension>
            <ns3:hr>154</ns3:hr>
            <ns3:cad>93</ns3:cad>
          </ns3:TrackPointExtension>
        </extensions>
      </trkpt>
      <trkpt lat="30.751890800893306732177734375" lon="108.44613251276314258575439453125">
        <ele>429.20001220703125</ele>
        <time>2026-03-12T10:31:35.000Z</time>
        <extensions>
          <ns3:TrackPointExtension>
            <ns3:hr>153</ns3:hr>
            <ns3:cad>93</ns3:cad>
          </ns3:TrackPointExtension>
        </extensions>
      </trkpt>
      <trkpt lat="30.75191066600382328033447265625" lon="108.4461439959704875946044921875">
        <ele>429.20001220703125</ele>
        <time>2026-03-12T10:31:36.000Z</time>
        <extensions>
          <ns3:TrackPointExtension>
            <ns3:hr>153</ns3:hr>
            <ns3:cad>93</ns3:cad>
          </ns3:TrackPointExtension>
        </extensions>
      </trkpt>
      <trkpt lat="30.75194151140749454498291015625" lon="108.44615614973008632659912109375">
        <ele>429.20001220703125</ele>
        <time>2026-03-12T10:31:37.000Z</time>
        <extensions>
          <ns3:TrackPointExtension>
            <ns3:hr>152</ns3:hr>
            <ns3:cad>94</ns3:cad>
          </ns3:TrackPointExtension>
        </extensions>
      </trkpt>
      <trkpt lat="30.7519648969173431396484375" lon="108.4461570717394351959228515625">
        <ele>429.20001220703125</ele>
        <time>2026-03-12T10:31:38.000Z</time>
        <extensions>
          <ns3:TrackPointExtension>
            <ns3:hr>151</ns3:hr>
            <ns3:cad>94</ns3:cad>
          </ns3:TrackPointExtension>
        </extensions>
      </trkpt>
      <trkpt lat="30.751997418701648712158203125" lon="108.44615757465362548828125">
        <ele>429.20001220703125</ele>
        <time>2026-03-12T10:31:39.000Z</time>
        <extensions>
          <ns3:TrackPointExtension>
            <ns3:hr>151</ns3:hr>
            <ns3:cad>94</ns3:cad>
          </ns3:TrackPointExtension>
        </extensions>
      </trkpt>
      <trkpt lat="30.75202248059213161468505859375" lon="108.446155227720737457275390625">
        <ele>429.20001220703125</ele>
        <time>2026-03-12T10:31:40.000Z</time>
        <extensions>
          <ns3:TrackPointExtension>
            <ns3:hr>151</ns3:hr>
            <ns3:cad>93</ns3:cad>
          </ns3:TrackPointExtension>
        </extensions>
      </trkpt>
      <trkpt lat="30.752054415643215179443359375" lon="108.4461621008813381195068359375">
        <ele>429.20001220703125</ele>
        <time>2026-03-12T10:31:41.000Z</time>
        <extensions>
          <ns3:TrackPointExtension>
            <ns3:hr>152</ns3:hr>
            <ns3:cad>93</ns3:cad>
          </ns3:TrackPointExtension>
        </extensions>
      </trkpt>
      <trkpt lat="30.75207889080047607421875" lon="108.4461600892245769500732421875">
        <ele>429.20001220703125</ele>
        <time>2026-03-12T10:31:42.000Z</time>
        <extensions>
          <ns3:TrackPointExtension>
            <ns3:hr>152</ns3:hr>
            <ns3:cad>92</ns3:cad>
          </ns3:TrackPointExtension>
        </extensions>
      </trkpt>
      <trkpt lat="30.7521055452525615692138671875" lon="108.4461651183664798736572265625">
        <ele>429</ele>
        <time>2026-03-12T10:31:43.000Z</time>
        <extensions>
          <ns3:TrackPointExtension>
            <ns3:hr>152</ns3:hr>
            <ns3:cad>92</ns3:cad>
          </ns3:TrackPointExtension>
        </extensions>
      </trkpt>
      <trkpt lat="30.75213052332401275634765625" lon="108.44616251997649669647216796875">
        <ele>429</ele>
        <time>2026-03-12T10:31:44.000Z</time>
        <extensions>
          <ns3:TrackPointExtension>
            <ns3:hr>152</ns3:hr>
            <ns3:cad>92</ns3:cad>
          </ns3:TrackPointExtension>
        </extensions>
      </trkpt>
      <trkpt lat="30.75215332210063934326171875" lon="108.446165621280670166015625">
        <ele>429</ele>
        <time>2026-03-12T10:31:45.000Z</time>
        <extensions>
          <ns3:TrackPointExtension>
            <ns3:hr>152</ns3:hr>
            <ns3:cad>93</ns3:cad>
          </ns3:TrackPointExtension>
        </extensions>
      </trkpt>
      <trkpt lat="30.7521816529333591461181640625" lon="108.4461642801761627197265625">
        <ele>429</ele>
        <time>2026-03-12T10:31:46.000Z</time>
        <extensions>
          <ns3:TrackPointExtension>
            <ns3:hr>153</ns3:hr>
            <ns3:cad>94</ns3:cad>
          </ns3:TrackPointExtension>
        </extensions>
      </trkpt>
      <trkpt lat="30.75220487080514430999755859375" lon="108.44616453163325786590576171875">
        <ele>429</ele>
        <time>2026-03-12T10:31:47.000Z</time>
        <extensions>
          <ns3:TrackPointExtension>
            <ns3:hr>152</ns3:hr>
            <ns3:cad>93</ns3:cad>
          </ns3:TrackPointExtension>
        </extensions>
      </trkpt>
      <trkpt lat="30.75223521329462528228759765625" lon="108.44616360962390899658203125">
        <ele>429</ele>
        <time>2026-03-12T10:31:48.000Z</time>
        <extensions>
          <ns3:TrackPointExtension>
            <ns3:hr>152</ns3:hr>
            <ns3:cad>93</ns3:cad>
          </ns3:TrackPointExtension>
        </extensions>
      </trkpt>
      <trkpt lat="30.7522577606141567230224609375" lon="108.44616017304360866546630859375">
        <ele>429</ele>
        <time>2026-03-12T10:31:49.000Z</time>
        <extensions>
          <ns3:TrackPointExtension>
            <ns3:hr>152</ns3:hr>
            <ns3:cad>93</ns3:cad>
          </ns3:TrackPointExtension>
        </extensions>
      </trkpt>
      <trkpt lat="30.7522879354655742645263671875" lon="108.44615958631038665771484375">
        <ele>429.20001220703125</ele>
        <time>2026-03-12T10:31:50.000Z</time>
        <extensions>
          <ns3:TrackPointExtension>
            <ns3:hr>152</ns3:hr>
            <ns3:cad>93</ns3:cad>
          </ns3:TrackPointExtension>
        </extensions>
      </trkpt>
      <trkpt lat="30.75230889022350311279296875" lon="108.44615464098751544952392578125">
        <ele>429.20001220703125</ele>
        <time>2026-03-12T10:31:51.000Z</time>
        <extensions>
          <ns3:TrackPointExtension>
            <ns3:hr>152</ns3:hr>
            <ns3:cad>94</ns3:cad>
          </ns3:TrackPointExtension>
        </extensions>
      </trkpt>
      <trkpt lat="30.75233881361782550811767578125" lon="108.44615715555846691131591796875">
        <ele>429.20001220703125</ele>
        <time>2026-03-12T10:31:52.000Z</time>
        <extensions>
          <ns3:TrackPointExtension>
            <ns3:hr>152</ns3:hr>
            <ns3:cad>93</ns3:cad>
          </ns3:TrackPointExtension>
        </extensions>
      </trkpt>
      <trkpt lat="30.75235985219478607177734375" lon="108.44615531153976917266845703125">
        <ele>429.20001220703125</ele>
        <time>2026-03-12T10:31:53.000Z</time>
        <extensions>
          <ns3:TrackPointExtension>
            <ns3:hr>152</ns3:hr>
            <ns3:cad>93</ns3:cad>
          </ns3:TrackPointExtension>
        </extensions>
      </trkpt>
      <trkpt lat="30.75239078141748905181884765625" lon="108.44615816138684749603271484375">
        <ele>429.20001220703125</ele>
        <time>2026-03-12T10:31:54.000Z</time>
        <extensions>
          <ns3:TrackPointExtension>
            <ns3:hr>152</ns3:hr>
            <ns3:cad>93</ns3:cad>
          </ns3:TrackPointExtension>
        </extensions>
      </trkpt>
      <trkpt lat="30.7524133287370204925537109375" lon="108.4461540542542934417724609375">
        <ele>429.20001220703125</ele>
        <time>2026-03-12T10:31:55.000Z</time>
        <extensions>
          <ns3:TrackPointExtension>
            <ns3:hr>152</ns3:hr>
            <ns3:cad>93</ns3:cad>
          </ns3:TrackPointExtension>
        </extensions>
      </trkpt>
      <trkpt lat="30.7524438388645648956298828125" lon="108.446161262691020965576171875">
        <ele>429.20001220703125</ele>
        <time>2026-03-12T10:31:56.000Z</time>
        <extensions>
          <ns3:TrackPointExtension>
            <ns3:hr>153</ns3:hr>
            <ns3:cad>92</ns3:cad>
          </ns3:TrackPointExtension>
        </extensions>
      </trkpt>
      <trkpt lat="30.7524693198502063751220703125" lon="108.44615824520587921142578125">
        <ele>429.20001220703125</ele>
        <time>2026-03-12T10:31:57.000Z</time>
        <extensions>
          <ns3:TrackPointExtension>
            <ns3:hr>152</ns3:hr>
            <ns3:cad>92</ns3:cad>
          </ns3:TrackPointExtension>
        </extensions>
      </trkpt>
      <trkpt lat="30.75249806977808475494384765625" lon="108.44616117887198925018310546875">
        <ele>429.20001220703125</ele>
        <time>2026-03-12T10:31:58.000Z</time>
        <extensions>
          <ns3:TrackPointExtension>
            <ns3:hr>152</ns3:hr>
            <ns3:cad>92</ns3:cad>
          </ns3:TrackPointExtension>
        </extensions>
      </trkpt>
      <trkpt lat="30.75252757407724857330322265625" lon="108.44615849666297435760498046875">
        <ele>429.20001220703125</ele>
        <time>2026-03-12T10:31:59.000Z</time>
        <extensions>
          <ns3:TrackPointExtension>
            <ns3:hr>152</ns3:hr>
            <ns3:cad>92</ns3:cad>
          </ns3:TrackPointExtension>
        </extensions>
      </trkpt>
      <trkpt lat="30.752551294863224029541015625" lon="108.44615732319653034210205078125">
        <ele>429.20001220703125</ele>
        <time>2026-03-12T10:32:00.000Z</time>
        <extensions>
          <ns3:TrackPointExtension>
            <ns3:hr>152</ns3:hr>
            <ns3:cad>92</ns3:cad>
          </ns3:TrackPointExtension>
        </extensions>
      </trkpt>
      <trkpt lat="30.7525818049907684326171875" lon="108.4461560659110546112060546875">
        <ele>429.20001220703125</ele>
        <time>2026-03-12T10:32:01.000Z</time>
        <extensions>
          <ns3:TrackPointExtension>
            <ns3:hr>151</ns3:hr>
            <ns3:cad>94</ns3:cad>
          </ns3:TrackPointExtension>
        </extensions>
      </trkpt>
      <trkpt lat="30.75260519050061702728271484375" lon="108.4461537189781665802001953125">
        <ele>429.20001220703125</ele>
        <time>2026-03-12T10:32:02.000Z</time>
        <extensions>
          <ns3:TrackPointExtension>
            <ns3:hr>151</ns3:hr>
            <ns3:cad>94</ns3:cad>
          </ns3:TrackPointExtension>
        </extensions>
      </trkpt>
      <trkpt lat="30.7526369579136371612548828125" lon="108.44615380279719829559326171875">
        <ele>429.20001220703125</ele>
        <time>2026-03-12T10:32:03.000Z</time>
        <extensions>
          <ns3:TrackPointExtension>
            <ns3:hr>151</ns3:hr>
            <ns3:cad>93</ns3:cad>
          </ns3:TrackPointExtension>
        </extensions>
      </trkpt>
      <trkpt lat="30.7526564039289951324462890625" lon="108.446149192750453948974609375">
        <ele>429.20001220703125</ele>
        <time>2026-03-12T10:32:04.000Z</time>
        <extensions>
          <ns3:TrackPointExtension>
            <ns3:hr>151</ns3:hr>
            <ns3:cad>93</ns3:cad>
          </ns3:TrackPointExtension>
        </extensions>
      </trkpt>
      <trkpt lat="30.75268800370395183563232421875" lon="108.4461520425975322723388671875">
        <ele>429.20001220703125</ele>
        <time>2026-03-12T10:32:05.000Z</time>
        <extensions>
          <ns3:TrackPointExtension>
            <ns3:hr>151</ns3:hr>
            <ns3:cad>93</ns3:cad>
          </ns3:TrackPointExtension>
        </extensions>
      </trkpt>
      <trkpt lat="30.75271264649927616119384765625" lon="108.4461507014930248260498046875">
        <ele>429.20001220703125</ele>
        <time>2026-03-12T10:32:06.000Z</time>
        <extensions>
          <ns3:TrackPointExtension>
            <ns3:hr>151</ns3:hr>
            <ns3:cad>93</ns3:cad>
          </ns3:TrackPointExtension>
        </extensions>
      </trkpt>
      <trkpt lat="30.75274349190294742584228515625" lon="108.4461577422916889190673828125">
        <ele>429.20001220703125</ele>
        <time>2026-03-12T10:32:07.000Z</time>
        <extensions>
          <ns3:TrackPointExtension>
            <ns3:hr>151</ns3:hr>
            <ns3:cad>92</ns3:cad>
          </ns3:TrackPointExtension>
        </extensions>
      </trkpt>
      <trkpt lat="30.75276612304151058197021484375" lon="108.44615329988300800323486328125">
        <ele>429.20001220703125</ele>
        <time>2026-03-12T10:32:08.000Z</time>
        <extensions>
          <ns3:TrackPointExtension>
            <ns3:hr>151</ns3:hr>
            <ns3:cad>92</ns3:cad>
          </ns3:TrackPointExtension>
        </extensions>
      </trkpt>
      <trkpt lat="30.75279395096004009246826171875" lon="108.44615665264427661895751953125">
        <ele>429.20001220703125</ele>
        <time>2026-03-12T10:32:09.000Z</time>
        <extensions>
          <ns3:TrackPointExtension>
            <ns3:hr>152</ns3:hr>
            <ns3:cad>94</ns3:cad>
          </ns3:TrackPointExtension>
        </extensions>
      </trkpt>
      <trkpt lat="30.75281909666955471038818359375" lon="108.44615682028234004974365234375">
        <ele>429.20001220703125</ele>
        <time>2026-03-12T10:32:10.000Z</time>
        <extensions>
          <ns3:TrackPointExtension>
            <ns3:hr>152</ns3:hr>
            <ns3:cad>94</ns3:cad>
          </ns3:TrackPointExtension>
        </extensions>
      </trkpt>
      <trkpt lat="30.75284524820744991302490234375" lon="108.446159251034259796142578125">
        <ele>429.399993896484375</ele>
        <time>2026-03-12T10:32:11.000Z</time>
        <extensions>
          <ns3:TrackPointExtension>
            <ns3:hr>152</ns3:hr>
            <ns3:cad>94</ns3:cad>
          </ns3:TrackPointExtension>
        </extensions>
      </trkpt>
      <trkpt lat="30.7528706453740596771240234375" lon="108.44615849666297435760498046875">
        <ele>429.399993896484375</ele>
        <time>2026-03-12T10:32:12.000Z</time>
        <extensions>
          <ns3:TrackPointExtension>
            <ns3:hr>152</ns3:hr>
            <ns3:cad>93</ns3:cad>
          </ns3:TrackPointExtension>
        </extensions>
      </trkpt>
      <trkpt lat="30.7528964616358280181884765625" lon="108.4461610950529575347900390625">
        <ele>429.399993896484375</ele>
        <time>2026-03-12T10:32:13.000Z</time>
        <extensions>
          <ns3:TrackPointExtension>
            <ns3:hr>152</ns3:hr>
            <ns3:cad>93</ns3:cad>
          </ns3:TrackPointExtension>
        </extensions>
      </trkpt>
      <trkpt lat="30.7529242895543575286865234375" lon="108.44615715555846691131591796875">
        <ele>429.399993896484375</ele>
        <time>2026-03-12T10:32:14.000Z</time>
        <extensions>
          <ns3:TrackPointExtension>
            <ns3:hr>152</ns3:hr>
            <ns3:cad>93</ns3:cad>
          </ns3:TrackPointExtension>
        </extensions>
      </trkpt>
      <trkpt lat="30.75294549576938152313232421875" lon="108.446154557168483734130859375">
        <ele>429.399993896484375</ele>
        <time>2026-03-12T10:32:15.000Z</time>
        <extensions>
          <ns3:TrackPointExtension>
            <ns3:hr>152</ns3:hr>
            <ns3:cad>93</ns3:cad>
          </ns3:TrackPointExtension>
        </extensions>
      </trkpt>
      <trkpt lat="30.7529749162495136260986328125" lon="108.44615246169269084930419921875">
        <ele>429.399993896484375</ele>
        <time>2026-03-12T10:32:16.000Z</time>
        <extensions>
          <ns3:TrackPointExtension>
            <ns3:hr>152</ns3:hr>
            <ns3:cad>93</ns3:cad>
          </ns3:TrackPointExtension>
        </extensions>
      </trkpt>
      <trkpt lat="30.75299964286386966705322265625" lon="108.446152210235595703125">
        <ele>429.399993896484375</ele>
        <time>2026-03-12T10:32:17.000Z</time>
        <extensions>
          <ns3:TrackPointExtension>
            <ns3:hr>152</ns3:hr>
            <ns3:cad>93</ns3:cad>
          </ns3:TrackPointExtension>
        </extensions>
      </trkpt>
      <trkpt lat="30.75303283520042896270751953125" lon="108.44614709727466106414794921875">
        <ele>429.399993896484375</ele>
        <time>2026-03-12T10:32:18.000Z</time>
        <extensions>
          <ns3:TrackPointExtension>
            <ns3:hr>152</ns3:hr>
            <ns3:cad>93</ns3:cad>
          </ns3:TrackPointExtension>
        </extensions>
      </trkpt>
      <trkpt lat="30.75305529870092868804931640625" lon="108.4461386315524578094482421875">
        <ele>429.399993896484375</ele>
        <time>2026-03-12T10:32:19.000Z</time>
        <extensions>
          <ns3:TrackPointExtension>
            <ns3:hr>152</ns3:hr>
            <ns3:cad>92</ns3:cad>
          </ns3:TrackPointExtension>
        </extensions>
      </trkpt>
      <trkpt lat="30.75308748520910739898681640625" lon="108.4461267292499542236328125">
        <ele>429.399993896484375</ele>
        <time>2026-03-12T10:32:20.000Z</time>
        <extensions>
          <ns3:TrackPointExtension>
            <ns3:hr>152</ns3:hr>
            <ns3:cad>92</ns3:cad>
          </ns3:TrackPointExtension>
        </extensions>
      </trkpt>
      <trkpt lat="30.7530996389687061309814453125" lon="108.4461074508726596832275390625">
        <ele>429.399993896484375</ele>
        <time>2026-03-12T10:32:21.000Z</time>
        <extensions>
          <ns3:TrackPointExtension>
            <ns3:hr>152</ns3:hr>
            <ns3:cad>93</ns3:cad>
          </ns3:TrackPointExtension>
        </extensions>
      </trkpt>
      <trkpt lat="30.7531167380511760711669921875" lon="108.446084819734096527099609375">
        <ele>429.399993896484375</ele>
        <time>2026-03-12T10:32:22.000Z</time>
        <extensions>
          <ns3:TrackPointExtension>
            <ns3:hr>152</ns3:hr>
            <ns3:cad>93</ns3:cad>
          </ns3:TrackPointExtension>
        </extensions>
      </trkpt>
      <trkpt lat="30.753125287592411041259765625" lon="108.44606193713843822479248046875">
        <ele>429.399993896484375</ele>
        <time>2026-03-12T10:32:23.000Z</time>
        <extensions>
          <ns3:TrackPointExtension>
            <ns3:hr>152</ns3:hr>
            <ns3:cad>93</ns3:cad>
          </ns3:TrackPointExtension>
        </extensions>
      </trkpt>
      <trkpt lat="30.7531477510929107666015625" lon="108.4460471011698246002197265625">
        <ele>429.399993896484375</ele>
        <time>2026-03-12T10:32:24.000Z</time>
        <extensions>
          <ns3:TrackPointExtension>
            <ns3:hr>152</ns3:hr>
            <ns3:cad>93</ns3:cad>
          </ns3:TrackPointExtension>
        </extensions>
      </trkpt>
      <trkpt lat="30.75316610746085643768310546875" lon="108.446028493344783782958984375">
        <ele>429.399993896484375</ele>
        <time>2026-03-12T10:32:25.000Z</time>
        <extensions>
          <ns3:TrackPointExtension>
            <ns3:hr>152</ns3:hr>
            <ns3:cad>91</ns3:cad>
          </ns3:TrackPointExtension>
        </extensions>
      </trkpt>
      <trkpt lat="30.753184966742992401123046875" lon="108.44601206481456756591796875">
        <ele>429.399993896484375</ele>
        <time>2026-03-12T10:32:26.000Z</time>
        <extensions>
          <ns3:TrackPointExtension>
            <ns3:hr>152</ns3:hr>
            <ns3:cad>91</ns3:cad>
          </ns3:TrackPointExtension>
        </extensions>
      </trkpt>
      <trkpt lat="30.75320935808122158050537109375" lon="108.445988595485687255859375">
        <ele>429.399993896484375</ele>
        <time>2026-03-12T10:32:27.000Z</time>
        <extensions>
          <ns3:TrackPointExtension>
            <ns3:hr>151</ns3:hr>
            <ns3:cad>91</ns3:cad>
          </ns3:TrackPointExtension>
        </extensions>
      </trkpt>
      <trkpt lat="30.753225199878215789794921875" lon="108.44596688635647296905517578125">
        <ele>429.600006103515625</ele>
        <time>2026-03-12T10:32:28.000Z</time>
        <extensions>
          <ns3:TrackPointExtension>
            <ns3:hr>151</ns3:hr>
            <ns3:cad>92</ns3:cad>
          </ns3:TrackPointExtension>
        </extensions>
      </trkpt>
      <trkpt lat="30.75324255041778087615966796875" lon="108.44593805260956287384033203125">
        <ele>429.600006103515625</ele>
        <time>2026-03-12T10:32:29.000Z</time>
        <extensions>
          <ns3:TrackPointExtension>
            <ns3:hr>150</ns3:hr>
            <ns3:cad>92</ns3:cad>
          </ns3:TrackPointExtension>
        </extensions>
      </trkpt>
      <trkpt lat="30.7532536983489990234375" lon="108.44591357745230197906494140625">
        <ele>429.399993896484375</ele>
        <time>2026-03-12T10:32:30.000Z</time>
        <extensions>
          <ns3:TrackPointExtension>
            <ns3:hr>150</ns3:hr>
            <ns3:cad>93</ns3:cad>
          </ns3:TrackPointExtension>
        </extensions>
      </trkpt>
      <trkpt lat="30.7532689534127712249755859375" lon="108.445882983505725860595703125">
        <ele>429.399993896484375</ele>
        <time>2026-03-12T10:32:31.000Z</time>
        <extensions>
          <ns3:TrackPointExtension>
            <ns3:hr>150</ns3:hr>
            <ns3:cad>93</ns3:cad>
          </ns3:TrackPointExtension>
        </extensions>
      </trkpt>
      <trkpt lat="30.7532783411443233489990234375" lon="108.44585993327200412750244140625">
        <ele>429.600006103515625</ele>
        <time>2026-03-12T10:32:32.000Z</time>
        <extensions>
          <ns3:TrackPointExtension>
            <ns3:hr>150</ns3:hr>
            <ns3:cad>93</ns3:cad>
          </ns3:TrackPointExtension>
        </extensions>
      </trkpt>
      <trkpt lat="30.75328881852328777313232421875" lon="108.445827662944793701171875">
        <ele>429.399993896484375</ele>
        <time>2026-03-12T10:32:33.000Z</time>
        <extensions>
          <ns3:TrackPointExtension>
            <ns3:hr>150</ns3:hr>
            <ns3:cad>93</ns3:cad>
          </ns3:TrackPointExtension>
        </extensions>
      </trkpt>
      <trkpt lat="30.75329217128455638885498046875" lon="108.445802517235279083251953125">
        <ele>429.399993896484375</ele>
        <time>2026-03-12T10:32:34.000Z</time>
        <extensions>
          <ns3:TrackPointExtension>
            <ns3:hr>151</ns3:hr>
            <ns3:cad>93</ns3:cad>
          </ns3:TrackPointExtension>
        </extensions>
      </trkpt>
      <trkpt lat="30.75330021791160106658935546875" lon="108.4457681514322757720947265625">
        <ele>429.399993896484375</ele>
        <time>2026-03-12T10:32:35.000Z</time>
        <extensions>
          <ns3:TrackPointExtension>
            <ns3:hr>151</ns3:hr>
            <ns3:cad>93</ns3:cad>
          </ns3:TrackPointExtension>
        </extensions>
      </trkpt>
      <trkpt lat="30.7533001340925693511962890625" lon="108.44574292190372943878173828125">
        <ele>429.399993896484375</ele>
        <time>2026-03-12T10:32:36.000Z</time>
        <extensions>
          <ns3:TrackPointExtension>
            <ns3:hr>151</ns3:hr>
            <ns3:cad>93</ns3:cad>
          </ns3:TrackPointExtension>
        </extensions>
      </trkpt>
      <trkpt lat="30.7533048279583454132080078125" lon="108.44570696353912353515625">
        <ele>429.600006103515625</ele>
        <time>2026-03-12T10:32:37.000Z</time>
        <extensions>
          <ns3:TrackPointExtension>
            <ns3:hr>153</ns3:hr>
            <ns3:cad>93</ns3:cad>
          </ns3:TrackPointExtension>
        </extensions>
      </trkpt>
      <trkpt lat="30.7533031515777111053466796875" lon="108.44567955471575260162353515625">
        <ele>429.399993896484375</ele>
        <time>2026-03-12T10:32:38.000Z</time>
        <extensions>
          <ns3:TrackPointExtension>
            <ns3:hr>154</ns3:hr>
            <ns3:cad>93</ns3:cad>
          </ns3:TrackPointExtension>
        </extensions>
      </trkpt>
      <trkpt lat="30.75330725871026515960693359375" lon="108.445647619664669036865234375">
        <ele>429.399993896484375</ele>
        <time>2026-03-12T10:32:39.000Z</time>
        <extensions>
          <ns3:TrackPointExtension>
            <ns3:hr>155</ns3:hr>
            <ns3:cad>93</ns3:cad>
          </ns3:TrackPointExtension>
        </extensions>
      </trkpt>
      <trkpt lat="30.75330558232963085174560546875" lon="108.4456159360706806182861328125">
        <ele>429.600006103515625</ele>
        <time>2026-03-12T10:32:40.000Z</time>
        <extensions>
          <ns3:TrackPointExtension>
            <ns3:hr>155</ns3:hr>
            <ns3:cad>93</ns3:cad>
          </ns3:TrackPointExtension>
        </extensions>
      </trkpt>
      <trkpt lat="30.753307007253170013427734375" lon="108.44558425247669219970703125">
        <ele>429.600006103515625</ele>
        <time>2026-03-12T10:32:41.000Z</time>
        <extensions>
          <ns3:TrackPointExtension>
            <ns3:hr>155</ns3:hr>
            <ns3:cad>92</ns3:cad>
          </ns3:TrackPointExtension>
        </extensions>
      </trkpt>
      <trkpt lat="30.75330541469156742095947265625" lon="108.445547707378864288330078125">
        <ele>429.600006103515625</ele>
        <time>2026-03-12T10:32:42.000Z</time>
        <extensions>
          <ns3:TrackPointExtension>
            <ns3:hr>156</ns3:hr>
            <ns3:cad>93</ns3:cad>
          </ns3:TrackPointExtension>
        </extensions>
      </trkpt>
      <trkpt lat="30.75330658815801143646240234375" lon="108.44552163966000080108642578125">
        <ele>429.600006103515625</ele>
        <time>2026-03-12T10:32:43.000Z</time>
        <extensions>
          <ns3:TrackPointExtension>
            <ns3:hr>156</ns3:hr>
            <ns3:cad>93</ns3:cad>
          </ns3:TrackPointExtension>
        </extensions>
      </trkpt>
      <trkpt lat="30.753302983939647674560546875" lon="108.44548978842794895172119140625">
        <ele>429.600006103515625</ele>
        <time>2026-03-12T10:32:44.000Z</time>
        <extensions>
          <ns3:TrackPointExtension>
            <ns3:hr>156</ns3:hr>
            <ns3:cad>93</ns3:cad>
          </ns3:TrackPointExtension>
        </extensions>
      </trkpt>
      <trkpt lat="30.7532981224358081817626953125" lon="108.4454660676419734954833984375">
        <ele>429.600006103515625</ele>
        <time>2026-03-12T10:32:45.000Z</time>
        <extensions>
          <ns3:TrackPointExtension>
            <ns3:hr>156</ns3:hr>
            <ns3:cad>94</ns3:cad>
          </ns3:TrackPointExtension>
        </extensions>
      </trkpt>
      <trkpt lat="30.75328513048589229583740234375" lon="108.44543396495282649993896484375">
        <ele>429.600006103515625</ele>
        <time>2026-03-12T10:32:46.000Z</time>
        <extensions>
          <ns3:TrackPointExtension>
            <ns3:hr>156</ns3:hr>
            <ns3:cad>93</ns3:cad>
          </ns3:TrackPointExtension>
        </extensions>
      </trkpt>
      <trkpt lat="30.7532729767262935638427734375" lon="108.44541368074715137481689453125">
        <ele>429.600006103515625</ele>
        <time>2026-03-12T10:32:47.000Z</time>
        <extensions>
          <ns3:TrackPointExtension>
            <ns3:hr>157</ns3:hr>
            <ns3:cad>93</ns3:cad>
          </ns3:TrackPointExtension>
        </extensions>
      </trkpt>
      <trkpt lat="30.75325545854866504669189453125" lon="108.44538484700024127960205078125">
        <ele>429.600006103515625</ele>
        <time>2026-03-12T10:32:48.000Z</time>
        <extensions>
          <ns3:TrackPointExtension>
            <ns3:hr>157</ns3:hr>
            <ns3:cad>93</ns3:cad>
          </ns3:TrackPointExtension>
        </extensions>
      </trkpt>
      <trkpt lat="30.7532391138374805450439453125" lon="108.44536405988037586212158203125">
        <ele>429.600006103515625</ele>
        <time>2026-03-12T10:32:49.000Z</time>
        <extensions>
          <ns3:TrackPointExtension>
            <ns3:hr>157</ns3:hr>
            <ns3:cad>93</ns3:cad>
          </ns3:TrackPointExtension>
        </extensions>
      </trkpt>
      <trkpt lat="30.753227211534976959228515625" lon="108.44533103518187999725341796875">
        <ele>429.600006103515625</ele>
        <time>2026-03-12T10:32:50.000Z</time>
        <extensions>
          <ns3:TrackPointExtension>
            <ns3:hr>157</ns3:hr>
            <ns3:cad>93</ns3:cad>
          </ns3:TrackPointExtension>
        </extensions>
      </trkpt>
      <trkpt lat="30.75321279466152191162109375" lon="108.4453084878623485565185546875">
        <ele>429.600006103515625</ele>
        <time>2026-03-12T10:32:51.000Z</time>
        <extensions>
          <ns3:TrackPointExtension>
            <ns3:hr>157</ns3:hr>
            <ns3:cad>92</ns3:cad>
          </ns3:TrackPointExtension>
        </extensions>
      </trkpt>
      <trkpt lat="30.753205083310604095458984375" lon="108.4452776424586772918701171875">
        <ele>429.600006103515625</ele>
        <time>2026-03-12T10:32:52.000Z</time>
        <extensions>
          <ns3:TrackPointExtension>
            <ns3:hr>156</ns3:hr>
            <ns3:cad>92</ns3:cad>
          </ns3:TrackPointExtension>
        </extensions>
      </trkpt>
      <trkpt lat="30.75319058261811733245849609375" lon="108.44525023363530635833740234375">
        <ele>429.600006103515625</ele>
        <time>2026-03-12T10:32:53.000Z</time>
        <extensions>
          <ns3:TrackPointExtension>
            <ns3:hr>157</ns3:hr>
            <ns3:cad>94</ns3:cad>
          </ns3:TrackPointExtension>
        </extensions>
      </trkpt>
      <trkpt lat="30.7531784288585186004638671875" lon="108.44522005878388881683349609375">
        <ele>429.600006103515625</ele>
        <time>2026-03-12T10:32:54.000Z</time>
        <extensions>
          <ns3:TrackPointExtension>
            <ns3:hr>157</ns3:hr>
            <ns3:cad>94</ns3:cad>
          </ns3:TrackPointExtension>
        </extensions>
      </trkpt>
      <trkpt lat="30.75316049158573150634765625" lon="108.44518854282796382904052734375">
        <ele>429.600006103515625</ele>
        <time>2026-03-12T10:32:55.000Z</time>
        <extensions>
          <ns3:TrackPointExtension>
            <ns3:hr>157</ns3:hr>
            <ns3:cad>94</ns3:cad>
          </ns3:TrackPointExtension>
        </extensions>
      </trkpt>
      <trkpt lat="30.75314599089324474334716796875" lon="108.44516239129006862640380859375">
        <ele>429.600006103515625</ele>
        <time>2026-03-12T10:32:56.000Z</time>
        <extensions>
          <ns3:TrackPointExtension>
            <ns3:hr>157</ns3:hr>
            <ns3:cad>94</ns3:cad>
          </ns3:TrackPointExtension>
        </extensions>
      </trkpt>
      <trkpt lat="30.753123946487903594970703125" lon="108.4451378323137760162353515625">
        <ele>429.600006103515625</ele>
        <time>2026-03-12T10:32:57.000Z</time>
        <extensions>
          <ns3:TrackPointExtension>
            <ns3:hr>157</ns3:hr>
            <ns3:cad>94</ns3:cad>
          </ns3:TrackPointExtension>
        </extensions>
      </trkpt>
      <trkpt lat="30.7531043328344821929931640625" lon="108.445121906697750091552734375">
        <ele>429.600006103515625</ele>
        <time>2026-03-12T10:32:58.000Z</time>
        <extensions>
          <ns3:TrackPointExtension>
            <ns3:hr>156</ns3:hr>
            <ns3:cad>94</ns3:cad>
          </ns3:TrackPointExtension>
        </extensions>
      </trkpt>
      <trkpt lat="30.75307273305952548980712890625" lon="108.44511486589908599853515625">
        <ele>429.600006103515625</ele>
        <time>2026-03-12T10:32:59.000Z</time>
        <extensions>
          <ns3:TrackPointExtension>
            <ns3:hr>157</ns3:hr>
            <ns3:cad>93</ns3:cad>
          </ns3:TrackPointExtension>
        </extensions>
      </trkpt>
      <trkpt lat="30.75305094011127948760986328125" lon="108.445114195346832275390625">
        <ele>429.600006103515625</ele>
        <time>2026-03-12T10:33:00.000Z</time>
        <extensions>
          <ns3:TrackPointExtension>
            <ns3:hr>157</ns3:hr>
            <ns3:cad>93</ns3:cad>
          </ns3:TrackPointExtension>
        </extensions>
      </trkpt>
      <trkpt lat="30.75301959179341793060302734375" lon="108.44511243514716625213623046875">
        <ele>429.600006103515625</ele>
        <time>2026-03-12T10:33:01.000Z</time>
        <extensions>
          <ns3:TrackPointExtension>
            <ns3:hr>157</ns3:hr>
            <ns3:cad>92</ns3:cad>
          </ns3:TrackPointExtension>
        </extensions>
      </trkpt>
      <trkpt lat="30.75299821794033050537109375" lon="108.445115201175212860107421875">
        <ele>429.600006103515625</ele>
        <time>2026-03-12T10:33:02.000Z</time>
        <extensions>
          <ns3:TrackPointExtension>
            <ns3:hr>157</ns3:hr>
            <ns3:cad>93</ns3:cad>
          </ns3:TrackPointExtension>
        </extensions>
      </trkpt>
      <trkpt lat="30.7529685460031032562255859375" lon="108.44511092640459537506103515625">
        <ele>429.600006103515625</ele>
        <time>2026-03-12T10:33:03.000Z</time>
        <extensions>
          <ns3:TrackPointExtension>
            <ns3:hr>157</ns3:hr>
            <ns3:cad>93</ns3:cad>
          </ns3:TrackPointExtension>
        </extensions>
      </trkpt>
      <trkpt lat="30.7529444061219692230224609375" lon="108.44511427916586399078369140625">
        <ele>429.600006103515625</ele>
        <time>2026-03-12T10:33:04.000Z</time>
        <extensions>
          <ns3:TrackPointExtension>
            <ns3:hr>157</ns3:hr>
            <ns3:cad>93</ns3:cad>
          </ns3:TrackPointExtension>
        </extensions>
      </trkpt>
      <trkpt lat="30.75291381217539310455322265625" lon="108.44511059112846851348876953125">
        <ele>429.600006103515625</ele>
        <time>2026-03-12T10:33:05.000Z</time>
        <extensions>
          <ns3:TrackPointExtension>
            <ns3:hr>158</ns3:hr>
            <ns3:cad>93</ns3:cad>
          </ns3:TrackPointExtension>
        </extensions>
      </trkpt>
      <trkpt lat="30.75288983993232250213623046875" lon="108.445112518966197967529296875">
        <ele>429.600006103515625</ele>
        <time>2026-03-12T10:33:06.000Z</time>
        <extensions>
          <ns3:TrackPointExtension>
            <ns3:hr>158</ns3:hr>
            <ns3:cad>93</ns3:cad>
          </ns3:TrackPointExtension>
        </extensions>
      </trkpt>
      <trkpt lat="30.75286352075636386871337890625" lon="108.4451079927384853363037109375">
        <ele>429.600006103515625</ele>
        <time>2026-03-12T10:33:07.000Z</time>
        <extensions>
          <ns3:TrackPointExtension>
            <ns3:hr>159</ns3:hr>
            <ns3:cad>93</ns3:cad>
          </ns3:TrackPointExtension>
        </extensions>
      </trkpt>
      <trkpt lat="30.75284072197973728179931640625" lon="108.44510992057621479034423828125">
        <ele>429.79998779296875</ele>
        <time>2026-03-12T10:33:08.000Z</time>
        <extensions>
          <ns3:TrackPointExtension>
            <ns3:hr>159</ns3:hr>
            <ns3:cad>93</ns3:cad>
          </ns3:TrackPointExtension>
        </extensions>
      </trkpt>
      <trkpt lat="30.75281607918441295623779296875" lon="108.44510925002396106719970703125">
        <ele>429.79998779296875</ele>
        <time>2026-03-12T10:33:09.000Z</time>
        <extensions>
          <ns3:TrackPointExtension>
            <ns3:hr>158</ns3:hr>
            <ns3:cad>93</ns3:cad>
          </ns3:TrackPointExtension>
        </extensions>
      </trkpt>
      <trkpt lat="30.75278808362782001495361328125" lon="108.4451128542423248291015625">
        <ele>429.79998779296875</ele>
        <time>2026-03-12T10:33:10.000Z</time>
        <extensions>
          <ns3:TrackPointExtension>
            <ns3:hr>158</ns3:hr>
            <ns3:cad>93</ns3:cad>
          </ns3:TrackPointExtension>
        </extensions>
      </trkpt>
      <trkpt lat="30.75276277028024196624755859375" lon="108.44511578790843486785888671875">
        <ele>429.79998779296875</ele>
        <time>2026-03-12T10:33:11.000Z</time>
        <extensions>
          <ns3:TrackPointExtension>
            <ns3:hr>158</ns3:hr>
            <ns3:cad>93</ns3:cad>
          </ns3:TrackPointExtension>
        </extensions>
      </trkpt>
      <trkpt lat="30.75273209251463413238525390625" lon="108.44512165524065494537353515625">
        <ele>429.79998779296875</ele>
        <time>2026-03-12T10:33:12.000Z</time>
        <extensions>
          <ns3:TrackPointExtension>
            <ns3:hr>158</ns3:hr>
            <ns3:cad>93</ns3:cad>
          </ns3:TrackPointExtension>
        </extensions>
      </trkpt>
      <trkpt lat="30.75271080248057842254638671875" lon="108.445123247802257537841796875">
        <ele>429.79998779296875</ele>
        <time>2026-03-12T10:33:13.000Z</time>
        <extensions>
          <ns3:TrackPointExtension>
            <ns3:hr>157</ns3:hr>
            <ns3:cad>93</ns3:cad>
          </ns3:TrackPointExtension>
        </extensions>
      </trkpt>
      <trkpt lat="30.75268129818141460418701171875" lon="108.44512450508773326873779296875">
        <ele>429.79998779296875</ele>
        <time>2026-03-12T10:33:14.000Z</time>
        <extensions>
          <ns3:TrackPointExtension>
            <ns3:hr>157</ns3:hr>
            <ns3:cad>93</ns3:cad>
          </ns3:TrackPointExtension>
        </extensions>
      </trkpt>
      <trkpt lat="30.75265950523316860198974609375" lon="108.44512961804866790771484375">
        <ele>429.79998779296875</ele>
        <time>2026-03-12T10:33:15.000Z</time>
        <extensions>
          <ns3:TrackPointExtension>
            <ns3:hr>156</ns3:hr>
            <ns3:cad>94</ns3:cad>
          </ns3:TrackPointExtension>
        </extensions>
      </trkpt>
      <trkpt lat="30.75262765400111675262451171875" lon="108.44512970186769962310791015625">
        <ele>429.79998779296875</ele>
        <time>2026-03-12T10:33:16.000Z</time>
        <extensions>
          <ns3:TrackPointExtension>
            <ns3:hr>156</ns3:hr>
            <ns3:cad>94</ns3:cad>
          </ns3:TrackPointExtension>
        </extensions>
      </trkpt>
      <trkpt lat="30.75260351411998271942138671875" lon="108.44513439573347568511962890625">
        <ele>429.79998779296875</ele>
        <time>2026-03-12T10:33:17.000Z</time>
        <extensions>
          <ns3:TrackPointExtension>
            <ns3:hr>155</ns3:hr>
            <ns3:cad>94</ns3:cad>
          </ns3:TrackPointExtension>
        </extensions>
      </trkpt>
      <trkpt lat="30.75257451273500919342041015625" lon="108.4451301209628582000732421875">
        <ele>430</ele>
        <time>2026-03-12T10:33:18.000Z</time>
        <extensions>
          <ns3:TrackPointExtension>
            <ns3:hr>155</ns3:hr>
            <ns3:cad>93</ns3:cad>
          </ns3:TrackPointExtension>
        </extensions>
      </trkpt>
      <trkpt lat="30.75255238451063632965087890625" lon="108.44513422809541225433349609375">
        <ele>430</ele>
        <time>2026-03-12T10:33:19.000Z</time>
        <extensions>
          <ns3:TrackPointExtension>
            <ns3:hr>155</ns3:hr>
            <ns3:cad>93</ns3:cad>
          </ns3:TrackPointExtension>
        </extensions>
      </trkpt>
      <trkpt lat="30.7525249756872653961181640625" lon="108.4451281093060970306396484375">
        <ele>429.79998779296875</ele>
        <time>2026-03-12T10:33:20.000Z</time>
        <extensions>
          <ns3:TrackPointExtension>
            <ns3:hr>155</ns3:hr>
            <ns3:cad>93</ns3:cad>
          </ns3:TrackPointExtension>
        </extensions>
      </trkpt>
      <trkpt lat="30.75250175781548023223876953125" lon="108.4451294504106044769287109375">
        <ele>429.79998779296875</ele>
        <time>2026-03-12T10:33:21.000Z</time>
        <extensions>
          <ns3:TrackPointExtension>
            <ns3:hr>154</ns3:hr>
            <ns3:cad>93</ns3:cad>
          </ns3:TrackPointExtension>
        </extensions>
      </trkpt>
      <trkpt lat="30.75247912667691707611083984375" lon="108.44512559473514556884765625">
        <ele>430</ele>
        <time>2026-03-12T10:33:22.000Z</time>
        <extensions>
          <ns3:TrackPointExtension>
            <ns3:hr>155</ns3:hr>
            <ns3:cad>92</ns3:cad>
          </ns3:TrackPointExtension>
        </extensions>
      </trkpt>
      <trkpt lat="30.75245129875838756561279296875" lon="108.44512827694416046142578125">
        <ele>430</ele>
        <time>2026-03-12T10:33:23.000Z</time>
        <extensions>
          <ns3:TrackPointExtension>
            <ns3:hr>155</ns3:hr>
            <ns3:cad>92</ns3:cad>
          </ns3:TrackPointExtension>
        </extensions>
      </trkpt>
      <trkpt lat="30.75242581777274608612060546875" lon="108.44512886367738246917724609375">
        <ele>430</ele>
        <time>2026-03-12T10:33:24.000Z</time>
        <extensions>
          <ns3:TrackPointExtension>
            <ns3:hr>156</ns3:hr>
            <ns3:cad>92</ns3:cad>
          </ns3:TrackPointExtension>
        </extensions>
      </trkpt>
      <trkpt lat="30.75239337980747222900390625" lon="108.44513389281928539276123046875">
        <ele>430</ele>
        <time>2026-03-12T10:33:25.000Z</time>
        <extensions>
          <ns3:TrackPointExtension>
            <ns3:hr>156</ns3:hr>
            <ns3:cad>93</ns3:cad>
          </ns3:TrackPointExtension>
        </extensions>
      </trkpt>
      <trkpt lat="30.7523707486689090728759765625" lon="108.44513674266636371612548828125">
        <ele>430</ele>
        <time>2026-03-12T10:33:26.000Z</time>
        <extensions>
          <ns3:TrackPointExtension>
            <ns3:hr>157</ns3:hr>
            <ns3:cad>93</ns3:cad>
          </ns3:TrackPointExtension>
        </extensions>
      </trkpt>
      <trkpt lat="30.7523388974368572235107421875" lon="108.44514210708439350128173828125">
        <ele>430</ele>
        <time>2026-03-12T10:33:27.000Z</time>
        <extensions>
          <ns3:TrackPointExtension>
            <ns3:hr>157</ns3:hr>
            <ns3:cad>94</ns3:cad>
          </ns3:TrackPointExtension>
        </extensions>
      </trkpt>
      <trkpt lat="30.75231534428894519805908203125" lon="108.4451465494930744171142578125">
        <ele>430</ele>
        <time>2026-03-12T10:33:28.000Z</time>
        <extensions>
          <ns3:TrackPointExtension>
            <ns3:hr>157</ns3:hr>
            <ns3:cad>93</ns3:cad>
          </ns3:TrackPointExtension>
        </extensions>
      </trkpt>
      <trkpt lat="30.75228466652333736419677734375" lon="108.445148728787899017333984375">
        <ele>430</ele>
        <time>2026-03-12T10:33:29.000Z</time>
        <extensions>
          <ns3:TrackPointExtension>
            <ns3:hr>157</ns3:hr>
            <ns3:cad>93</ns3:cad>
          </ns3:TrackPointExtension>
        </extensions>
      </trkpt>
      <trkpt lat="30.75226203538477420806884765625" lon="108.4451542608439922332763671875">
        <ele>430</ele>
        <time>2026-03-12T10:33:30.000Z</time>
        <extensions>
          <ns3:TrackPointExtension>
            <ns3:hr>157</ns3:hr>
            <ns3:cad>93</ns3:cad>
          </ns3:TrackPointExtension>
        </extensions>
      </trkpt>
      <trkpt lat="30.7522306032478809356689453125" lon="108.44515115953981876373291015625">
        <ele>430</ele>
        <time>2026-03-12T10:33:31.000Z</time>
        <extensions>
          <ns3:TrackPointExtension>
            <ns3:hr>157</ns3:hr>
            <ns3:cad>93</ns3:cad>
          </ns3:TrackPointExtension>
        </extensions>
      </trkpt>
      <trkpt lat="30.7522017695009708404541015625" lon="108.44515535049140453338623046875">
        <ele>430</ele>
        <time>2026-03-12T10:33:32.000Z</time>
        <extensions>
          <ns3:TrackPointExtension>
            <ns3:hr>158</ns3:hr>
            <ns3:cad>93</ns3:cad>
          </ns3:TrackPointExtension>
        </extensions>
      </trkpt>
      <trkpt lat="30.75217436067759990692138671875" lon="108.44514713622629642486572265625">
        <ele>430</ele>
        <time>2026-03-12T10:33:33.000Z</time>
        <extensions>
          <ns3:TrackPointExtension>
            <ns3:hr>158</ns3:hr>
            <ns3:cad>93</ns3:cad>
          </ns3:TrackPointExtension>
        </extensions>
      </trkpt>
      <trkpt lat="30.75214703567326068878173828125" lon="108.44514545984566211700439453125">
        <ele>430</ele>
        <time>2026-03-12T10:33:34.000Z</time>
        <extensions>
          <ns3:TrackPointExtension>
            <ns3:hr>158</ns3:hr>
            <ns3:cad>93</ns3:cad>
          </ns3:TrackPointExtension>
        </extensions>
      </trkpt>
      <trkpt lat="30.7521226443350315093994140625" lon="108.44513959251344203948974609375">
        <ele>430</ele>
        <time>2026-03-12T10:33:35.000Z</time>
        <extensions>
          <ns3:TrackPointExtension>
            <ns3:hr>158</ns3:hr>
            <ns3:cad>92</ns3:cad>
          </ns3:TrackPointExtension>
        </extensions>
      </trkpt>
      <trkpt lat="30.7520963251590728759765625" lon="108.445139341056346893310546875">
        <ele>430</ele>
        <time>2026-03-12T10:33:36.000Z</time>
        <extensions>
          <ns3:TrackPointExtension>
            <ns3:hr>157</ns3:hr>
            <ns3:cad>92</ns3:cad>
          </ns3:TrackPointExtension>
        </extensions>
      </trkpt>
      <trkpt lat="30.752071850001811981201171875" lon="108.44513791613280773162841796875">
        <ele>430</ele>
        <time>2026-03-12T10:33:37.000Z</time>
        <extensions>
          <ns3:TrackPointExtension>
            <ns3:hr>157</ns3:hr>
            <ns3:cad>92</ns3:cad>
          </ns3:TrackPointExtension>
        </extensions>
      </trkpt>
      <trkpt lat="30.752043016254901885986328125" lon="108.44513640739023685455322265625">
        <ele>430</ele>
        <time>2026-03-12T10:33:38.000Z</time>
        <extensions>
          <ns3:TrackPointExtension>
            <ns3:hr>157</ns3:hr>
            <ns3:cad>92</ns3:cad>
          </ns3:TrackPointExtension>
        </extensions>
      </trkpt>
      <trkpt lat="30.75201963074505329132080078125" lon="108.4451369941234588623046875">
        <ele>430</ele>
        <time>2026-03-12T10:33:39.000Z</time>
        <extensions>
          <ns3:TrackPointExtension>
            <ns3:hr>157</ns3:hr>
            <ns3:cad>92</ns3:cad>
          </ns3:TrackPointExtension>
        </extensions>
      </trkpt>
      <trkpt lat="30.75198627077043056488037109375" lon="108.4451354853808879852294921875">
        <ele>430</ele>
        <time>2026-03-12T10:33:40.000Z</time>
        <extensions>
          <ns3:TrackPointExtension>
            <ns3:hr>158</ns3:hr>
            <ns3:cad>92</ns3:cad>
          </ns3:TrackPointExtension>
        </extensions>
      </trkpt>
      <trkpt lat="30.75196213088929653167724609375" lon="108.44514244236052036285400390625">
        <ele>430.20001220703125</ele>
        <time>2026-03-12T10:33:41.000Z</time>
        <extensions>
          <ns3:TrackPointExtension>
            <ns3:hr>157</ns3:hr>
            <ns3:cad>92</ns3:cad>
          </ns3:TrackPointExtension>
        </extensions>
      </trkpt>
      <trkpt lat="30.75193095020949840545654296875" lon="108.44514747150242328643798828125">
        <ele>430.20001220703125</ele>
        <time>2026-03-12T10:33:42.000Z</time>
        <extensions>
          <ns3:TrackPointExtension>
            <ns3:hr>157</ns3:hr>
            <ns3:cad>92</ns3:cad>
          </ns3:TrackPointExtension>
        </extensions>
      </trkpt>
      <trkpt lat="30.7519043795764446258544921875" lon="108.4451619721949100494384765625">
        <ele>430.20001220703125</ele>
        <time>2026-03-12T10:33:43.000Z</time>
        <extensions>
          <ns3:TrackPointExtension>
            <ns3:hr>157</ns3:hr>
            <ns3:cad>93</ns3:cad>
          </ns3:TrackPointExtension>
        </extensions>
      </trkpt>
      <trkpt lat="30.75187864713370800018310546875" lon="108.445175550878047943115234375">
        <ele>430.20001220703125</ele>
        <time>2026-03-12T10:33:44.000Z</time>
        <extensions>
          <ns3:TrackPointExtension>
            <ns3:hr>157</ns3:hr>
            <ns3:cad>94</ns3:cad>
          </ns3:TrackPointExtension>
        </extensions>
      </trkpt>
      <trkpt lat="30.75185702182352542877197265625" lon="108.445193655788898468017578125">
        <ele>430.20001220703125</ele>
        <time>2026-03-12T10:33:45.000Z</time>
        <extensions>
          <ns3:TrackPointExtension>
            <ns3:hr>158</ns3:hr>
            <ns3:cad>93</ns3:cad>
          </ns3:TrackPointExtension>
        </extensions>
      </trkpt>
      <trkpt lat="30.75183623470366001129150390625" lon="108.445209078490734100341796875">
        <ele>430.20001220703125</ele>
        <time>2026-03-12T10:33:46.000Z</time>
        <extensions>
          <ns3:TrackPointExtension>
            <ns3:hr>157</ns3:hr>
            <ns3:cad>93</ns3:cad>
          </ns3:TrackPointExtension>
        </extensions>
      </trkpt>
      <trkpt lat="30.7518162019550800323486328125" lon="108.44523196108639240264892578125">
        <ele>430.20001220703125</ele>
        <time>2026-03-12T10:33:47.000Z</time>
        <extensions>
          <ns3:TrackPointExtension>
            <ns3:hr>157</ns3:hr>
            <ns3:cad>93</ns3:cad>
          </ns3:TrackPointExtension>
        </extensions>
      </trkpt>
      <trkpt lat="30.75179792940616607666015625" lon="108.445248641073703765869140625">
        <ele>430.20001220703125</ele>
        <time>2026-03-12T10:33:48.000Z</time>
        <extensions>
          <ns3:TrackPointExtension>
            <ns3:hr>157</ns3:hr>
            <ns3:cad>94</ns3:cad>
          </ns3:TrackPointExtension>
        </extensions>
      </trkpt>
      <trkpt lat="30.751775801181793212890625" lon="108.445276133716106414794921875">
        <ele>430.20001220703125</ele>
        <time>2026-03-12T10:33:49.000Z</time>
        <extensions>
          <ns3:TrackPointExtension>
            <ns3:hr>157</ns3:hr>
            <ns3:cad>94</ns3:cad>
          </ns3:TrackPointExtension>
        </extensions>
      </trkpt>
      <trkpt lat="30.75176239013671875" lon="108.44529457390308380126953125">
        <ele>430.20001220703125</ele>
        <time>2026-03-12T10:33:50.000Z</time>
        <extensions>
          <ns3:TrackPointExtension>
            <ns3:hr>157</ns3:hr>
            <ns3:cad>93</ns3:cad>
          </ns3:TrackPointExtension>
        </extensions>
      </trkpt>
      <trkpt lat="30.751737914979457855224609375" lon="108.445321731269359588623046875">
        <ele>430.399993896484375</ele>
        <time>2026-03-12T10:33:51.000Z</time>
        <extensions>
          <ns3:TrackPointExtension>
            <ns3:hr>157</ns3:hr>
            <ns3:cad>92</ns3:cad>
          </ns3:TrackPointExtension>
        </extensions>
      </trkpt>
      <trkpt lat="30.7517323829233646392822265625" lon="108.44534394331276416778564453125">
        <ele>430.399993896484375</ele>
        <time>2026-03-12T10:33:52.000Z</time>
        <extensions>
          <ns3:TrackPointExtension>
            <ns3:hr>157</ns3:hr>
            <ns3:cad>92</ns3:cad>
          </ns3:TrackPointExtension>
        </extensions>
      </trkpt>
      <trkpt lat="30.75171117670834064483642578125" lon="108.4453674964606761932373046875">
        <ele>430.399993896484375</ele>
        <time>2026-03-12T10:33:53.000Z</time>
        <extensions>
          <ns3:TrackPointExtension>
            <ns3:hr>157</ns3:hr>
            <ns3:cad>92</ns3:cad>
          </ns3:TrackPointExtension>
        </extensions>
      </trkpt>
      <trkpt lat="30.75169675983488559722900390625" lon="108.44539339654147624969482421875">
        <ele>430.399993896484375</ele>
        <time>2026-03-12T10:33:54.000Z</time>
        <extensions>
          <ns3:TrackPointExtension>
            <ns3:hr>157</ns3:hr>
            <ns3:cad>92</ns3:cad>
          </ns3:TrackPointExtension>
        </extensions>
      </trkpt>
      <trkpt lat="30.7516765594482421875" lon="108.44542290084064006805419921875">
        <ele>430.399993896484375</ele>
        <time>2026-03-12T10:33:55.000Z</time>
        <extensions>
          <ns3:TrackPointExtension>
            <ns3:hr>157</ns3:hr>
            <ns3:cad>92</ns3:cad>
          </ns3:TrackPointExtension>
        </extensions>
      </trkpt>
      <trkpt lat="30.75166440568864345550537109375" lon="108.44545491971075534820556640625">
        <ele>430.600006103515625</ele>
        <time>2026-03-12T10:33:56.000Z</time>
        <extensions>
          <ns3:TrackPointExtension>
            <ns3:hr>157</ns3:hr>
            <ns3:cad>94</ns3:cad>
          </ns3:TrackPointExtension>
        </extensions>
      </trkpt>
      <trkpt lat="30.751651413738727569580078125" lon="108.4454851783812046051025390625">
        <ele>430.600006103515625</ele>
        <time>2026-03-12T10:33:57.000Z</time>
        <extensions>
          <ns3:TrackPointExtension>
            <ns3:hr>157</ns3:hr>
            <ns3:cad>94</ns3:cad>
          </ns3:TrackPointExtension>
        </extensions>
      </trkpt>
      <trkpt lat="30.751638002693653106689453125" lon="108.445524908602237701416015625">
        <ele>430.79998779296875</ele>
        <time>2026-03-12T10:33:58.000Z</time>
        <extensions>
          <ns3:TrackPointExtension>
            <ns3:hr>157</ns3:hr>
            <ns3:cad>94</ns3:cad>
          </ns3:TrackPointExtension>
        </extensions>
      </trkpt>
      <trkpt lat="30.75163506902754306793212890625" lon="108.445553071796894073486328125">
        <ele>430.79998779296875</ele>
        <time>2026-03-12T10:33:59.000Z</time>
        <extensions>
          <ns3:TrackPointExtension>
            <ns3:hr>158</ns3:hr>
            <ns3:cad>94</ns3:cad>
          </ns3:TrackPointExtension>
        </extensions>
      </trkpt>
      <trkpt lat="30.751628614962100982666015625" lon="108.44559087418019771575927734375">
        <ele>430.79998779296875</ele>
        <time>2026-03-12T10:34:00.000Z</time>
        <extensions>
          <ns3:TrackPointExtension>
            <ns3:hr>159</ns3:hr>
            <ns3:cad>92</ns3:cad>
          </ns3:TrackPointExtension>
        </extensions>
      </trkpt>
      <trkpt lat="30.75163138099014759063720703125" lon="108.4456236474215984344482421875">
        <ele>431</ele>
        <time>2026-03-12T10:34:01.000Z</time>
        <extensions>
          <ns3:TrackPointExtension>
            <ns3:hr>160</ns3:hr>
            <ns3:cad>92</ns3:cad>
          </ns3:TrackPointExtension>
        </extensions>
      </trkpt>
      <trkpt lat="30.7516261003911495208740234375" lon="108.44565910287201404571533203125">
        <ele>431</ele>
        <time>2026-03-12T10:34:02.000Z</time>
        <extensions>
          <ns3:TrackPointExtension>
            <ns3:hr>161</ns3:hr>
            <ns3:cad>92</ns3:cad>
          </ns3:TrackPointExtension>
        </extensions>
      </trkpt>
      <trkpt lat="30.7516318000853061676025390625" lon="108.4456960670650005340576171875">
        <ele>430.79998779296875</ele>
        <time>2026-03-12T10:34:03.000Z</time>
        <extensions>
          <ns3:TrackPointExtension>
            <ns3:hr>162</ns3:hr>
            <ns3:cad>92</ns3:cad>
          </ns3:TrackPointExtension>
        </extensions>
      </trkpt>
      <trkpt lat="30.751635991036891937255859375" lon="108.4457282535731792449951171875">
        <ele>430.79998779296875</ele>
        <time>2026-03-12T10:34:04.000Z</time>
        <extensions>
          <ns3:TrackPointExtension>
            <ns3:hr>162</ns3:hr>
            <ns3:cad>92</ns3:cad>
          </ns3:TrackPointExtension>
        </extensions>
      </trkpt>
      <trkpt lat="30.7516438700258731842041015625" lon="108.44576287083327770233154296875">
        <ele>431</ele>
        <time>2026-03-12T10:34:05.000Z</time>
        <extensions>
          <ns3:TrackPointExtension>
            <ns3:hr>163</ns3:hr>
            <ns3:cad>92</ns3:cad>
          </ns3:TrackPointExtension>
        </extensions>
      </trkpt>
      <trkpt lat="30.75165216811001300811767578125" lon="108.44579153694212436676025390625">
        <ele>430.79998779296875</ele>
        <time>2026-03-12T10:34:06.000Z</time>
        <extensions>
          <ns3:TrackPointExtension>
            <ns3:hr>163</ns3:hr>
            <ns3:cad>92</ns3:cad>
          </ns3:TrackPointExtension>
        </extensions>
      </trkpt>
      <trkpt lat="30.7516629807651042938232421875" lon="108.4458274953067302703857421875">
        <ele>430.79998779296875</ele>
        <time>2026-03-12T10:34:07.000Z</time>
        <extensions>
          <ns3:TrackPointExtension>
            <ns3:hr>163</ns3:hr>
            <ns3:cad>92</ns3:cad>
          </ns3:TrackPointExtension>
        </extensions>
      </trkpt>
      <trkpt lat="30.7516753859817981719970703125" lon="108.4458536468446254730224609375">
        <ele>430.600006103515625</ele>
        <time>2026-03-12T10:34:08.000Z</time>
        <extensions>
          <ns3:TrackPointExtension>
            <ns3:hr>163</ns3:hr>
            <ns3:cad>92</ns3:cad>
          </ns3:TrackPointExtension>
        </extensions>
      </trkpt>
      <trkpt lat="30.75168854556977748870849609375" lon="108.44589077867567539215087890625">
        <ele>430.600006103515625</ele>
        <time>2026-03-12T10:34:09.000Z</time>
        <extensions>
          <ns3:TrackPointExtension>
            <ns3:hr>164</ns3:hr>
            <ns3:cad>92</ns3:cad>
          </ns3:TrackPointExtension>
        </extensions>
      </trkpt>
      <trkpt lat="30.751705057919025421142578125" lon="108.44591894187033176422119140625">
        <ele>430.600006103515625</ele>
        <time>2026-03-12T10:34:10.000Z</time>
        <extensions>
          <ns3:TrackPointExtension>
            <ns3:hr>165</ns3:hr>
            <ns3:cad>92</ns3:cad>
          </ns3:TrackPointExtension>
        </extensions>
      </trkpt>
      <trkpt lat="30.75172341428697109222412109375" lon="108.445950038731098175048828125">
        <ele>430.600006103515625</ele>
        <time>2026-03-12T10:34:11.000Z</time>
        <extensions>
          <ns3:TrackPointExtension>
            <ns3:hr>165</ns3:hr>
            <ns3:cad>92</ns3:cad>
          </ns3:TrackPointExtension>
        </extensions>
      </trkpt>
      <trkpt lat="30.751748643815517425537109375" lon="108.445977866649627685546875">
        <ele>430.600006103515625</ele>
        <time>2026-03-12T10:34:12.000Z</time>
        <extensions>
          <ns3:TrackPointExtension>
            <ns3:hr>166</ns3:hr>
            <ns3:cad>92</ns3:cad>
          </ns3:TrackPointExtension>
        </extensions>
      </trkpt>
      <trkpt lat="30.75177253223955631256103515625" lon="108.44600200653076171875">
        <ele>430.600006103515625</ele>
        <time>2026-03-12T10:34:13.000Z</time>
        <extensions>
          <ns3:TrackPointExtension>
            <ns3:hr>167</ns3:hr>
            <ns3:cad>94</ns3:cad>
          </ns3:TrackPointExtension>
        </extensions>
      </trkpt>
      <trkpt lat="30.75179994106292724609375" lon="108.4460296668112277984619140625">
        <ele>430.600006103515625</ele>
        <time>2026-03-12T10:34:14.000Z</time>
        <extensions>
          <ns3:TrackPointExtension>
            <ns3:hr>167</ns3:hr>
            <ns3:cad>94</ns3:cad>
          </ns3:TrackPointExtension>
        </extensions>
      </trkpt>
      <trkpt lat="30.7518222369253635406494140625" lon="108.44604701735079288482666015625">
        <ele>430.600006103515625</ele>
        <time>2026-03-12T10:34:15.000Z</time>
        <extensions>
          <ns3:TrackPointExtension>
            <ns3:hr>167</ns3:hr>
            <ns3:cad>94</ns3:cad>
          </ns3:TrackPointExtension>
        </extensions>
      </trkpt>
      <trkpt lat="30.75185132212936878204345703125" lon="108.446072749793529510498046875">
        <ele>430.600006103515625</ele>
        <time>2026-03-12T10:34:16.000Z</time>
        <extensions>
          <ns3:TrackPointExtension>
            <ns3:hr>167</ns3:hr>
            <ns3:cad>93</ns3:cad>
          </ns3:TrackPointExtension>
        </extensions>
      </trkpt>
      <trkpt lat="30.75187965296208858489990234375" lon="108.44608716666698455810546875">
        <ele>430.600006103515625</ele>
        <time>2026-03-12T10:34:17.000Z</time>
        <extensions>
          <ns3:TrackPointExtension>
            <ns3:hr>167</ns3:hr>
            <ns3:cad>94</ns3:cad>
          </ns3:TrackPointExtension>
        </extensions>
      </trkpt>
      <trkpt lat="30.75191049836575984954833984375" lon="108.44610954634845256805419921875">
        <ele>430.600006103515625</ele>
        <time>2026-03-12T10:34:18.000Z</time>
        <extensions>
          <ns3:TrackPointExtension>
            <ns3:hr>167</ns3:hr>
            <ns3:cad>93</ns3:cad>
          </ns3:TrackPointExtension>
        </extensions>
      </trkpt>
      <trkpt lat="30.75194352306425571441650390625" lon="108.446121700108051300048828125">
        <ele>430.79998779296875</ele>
        <time>2026-03-12T10:34:19.000Z</time>
        <extensions>
          <ns3:TrackPointExtension>
            <ns3:hr>168</ns3:hr>
            <ns3:cad>93</ns3:cad>
          </ns3:TrackPointExtension>
        </extensions>
      </trkpt>
      <trkpt lat="30.7519754581153392791748046875" lon="108.44613452441990375518798828125">
        <ele>430.79998779296875</ele>
        <time>2026-03-12T10:34:20.000Z</time>
        <extensions>
          <ns3:TrackPointExtension>
            <ns3:hr>168</ns3:hr>
            <ns3:cad>93</ns3:cad>
          </ns3:TrackPointExtension>
        </extensions>
      </trkpt>
      <trkpt lat="30.752012841403484344482421875" lon="108.4461376257240772247314453125">
        <ele>430.600006103515625</ele>
        <time>2026-03-12T10:34:21.000Z</time>
        <extensions>
          <ns3:TrackPointExtension>
            <ns3:hr>168</ns3:hr>
            <ns3:cad>93</ns3:cad>
          </ns3:TrackPointExtension>
        </extensions>
      </trkpt>
      <trkpt lat="30.75204460881650447845458984375" lon="108.44614122994244098663330078125">
        <ele>430.600006103515625</ele>
        <time>2026-03-12T10:34:22.000Z</time>
        <extensions>
          <ns3:TrackPointExtension>
            <ns3:hr>169</ns3:hr>
            <ns3:cad>94</ns3:cad>
          </ns3:TrackPointExtension>
        </extensions>
      </trkpt>
      <trkpt lat="30.752084255218505859375" lon="108.4461399726569652557373046875">
        <ele>430.600006103515625</ele>
        <time>2026-03-12T10:34:23.000Z</time>
        <extensions>
          <ns3:TrackPointExtension>
            <ns3:hr>169</ns3:hr>
            <ns3:cad>93</ns3:cad>
          </ns3:TrackPointExtension>
        </extensions>
      </trkpt>
      <trkpt lat="30.75211468152701854705810546875" lon="108.44613418914377689361572265625">
        <ele>430.600006103515625</ele>
        <time>2026-03-12T10:34:24.000Z</time>
        <extensions>
          <ns3:TrackPointExtension>
            <ns3:hr>170</ns3:hr>
            <ns3:cad>94</ns3:cad>
          </ns3:TrackPointExtension>
        </extensions>
      </trkpt>
      <trkpt lat="30.752152316272258758544921875" lon="108.446136452257633209228515625">
        <ele>430.600006103515625</ele>
        <time>2026-03-12T10:34:25.000Z</time>
        <extensions>
          <ns3:TrackPointExtension>
            <ns3:hr>171</ns3:hr>
            <ns3:cad>94</ns3:cad>
          </ns3:TrackPointExtension>
        </extensions>
      </trkpt>
      <trkpt lat="30.75218274258077144622802734375" lon="108.44613485969603061676025390625">
        <ele>430.600006103515625</ele>
        <time>2026-03-12T10:34:26.000Z</time>
        <extensions>
          <ns3:TrackPointExtension>
            <ns3:hr>171</ns3:hr>
            <ns3:cad>94</ns3:cad>
          </ns3:TrackPointExtension>
        </extensions>
      </trkpt>
      <trkpt lat="30.75221962295472621917724609375" lon="108.446138799190521240234375">
        <ele>430.600006103515625</ele>
        <time>2026-03-12T10:34:27.000Z</time>
        <extensions>
          <ns3:TrackPointExtension>
            <ns3:hr>170</ns3:hr>
            <ns3:cad>92</ns3:cad>
          </ns3:TrackPointExtension>
        </extensions>
      </trkpt>
      <trkpt lat="30.75224963016808032989501953125" lon="108.4461362846195697784423828125">
        <ele>430.600006103515625</ele>
        <time>2026-03-12T10:34:28.000Z</time>
        <extensions>
          <ns3:TrackPointExtension>
            <ns3:hr>171</ns3:hr>
            <ns3:cad>92</ns3:cad>
          </ns3:TrackPointExtension>
        </extensions>
      </trkpt>
      <trkpt lat="30.75228533707559108734130859375" lon="108.44614139758050441741943359375">
        <ele>430.600006103515625</ele>
        <time>2026-03-12T10:34:29.000Z</time>
        <extensions>
          <ns3:TrackPointExtension>
            <ns3:hr>171</ns3:hr>
            <ns3:cad>92</ns3:cad>
          </ns3:TrackPointExtension>
        </extensions>
      </trkpt>
      <trkpt lat="30.752321965992450714111328125" lon="108.4461389668285846710205078125">
        <ele>430.600006103515625</ele>
        <time>2026-03-12T10:34:30.000Z</time>
        <extensions>
          <ns3:TrackPointExtension>
            <ns3:hr>171</ns3:hr>
            <ns3:cad>92</ns3:cad>
          </ns3:TrackPointExtension>
        </extensions>
      </trkpt>
      <trkpt lat="30.75235473923385143280029296875" lon="108.44613687135279178619384765625">
        <ele>430.600006103515625</ele>
        <time>2026-03-12T10:34:31.000Z</time>
        <extensions>
          <ns3:TrackPointExtension>
            <ns3:hr>171</ns3:hr>
            <ns3:cad>92</ns3:cad>
          </ns3:TrackPointExtension>
        </extensions>
      </trkpt>
      <trkpt lat="30.75238944031298160552978515625" lon="108.4461366198956966400146484375">
        <ele>430.600006103515625</ele>
        <time>2026-03-12T10:34:32.000Z</time>
        <extensions>
          <ns3:TrackPointExtension>
            <ns3:hr>171</ns3:hr>
            <ns3:cad>92</ns3:cad>
          </ns3:TrackPointExtension>
        </extensions>
      </trkpt>
      <trkpt lat="30.7524168491363525390625" lon="108.4461342729628086090087890625">
        <ele>430.600006103515625</ele>
        <time>2026-03-12T10:34:33.000Z</time>
        <extensions>
          <ns3:TrackPointExtension>
            <ns3:hr>171</ns3:hr>
            <ns3:cad>92</ns3:cad>
          </ns3:TrackPointExtension>
        </extensions>
      </trkpt>
      <trkpt lat="30.7524542324244976043701171875" lon="108.44613754190504550933837890625">
        <ele>430.600006103515625</ele>
        <time>2026-03-12T10:34:34.000Z</time>
        <extensions>
          <ns3:TrackPointExtension>
            <ns3:hr>172</ns3:hr>
            <ns3:cad>92</ns3:cad>
          </ns3:TrackPointExtension>
        </extensions>
      </trkpt>
      <trkpt lat="30.75248415581881999969482421875" lon="108.446133434772491455078125">
        <ele>430.600006103515625</ele>
        <time>2026-03-12T10:34:35.000Z</time>
        <extensions>
          <ns3:TrackPointExtension>
            <ns3:hr>172</ns3:hr>
            <ns3:cad>93</ns3:cad>
          </ns3:TrackPointExtension>
        </extensions>
      </trkpt>
      <trkpt lat="30.7525202818214893341064453125" lon="108.44613955356180667877197265625">
        <ele>430.600006103515625</ele>
        <time>2026-03-12T10:34:36.000Z</time>
        <extensions>
          <ns3:TrackPointExtension>
            <ns3:hr>172</ns3:hr>
            <ns3:cad>94</ns3:cad>
          </ns3:TrackPointExtension>
        </extensions>
      </trkpt>
      <trkpt lat="30.75255003757774829864501953125" lon="108.4461386315524578094482421875">
        <ele>430.600006103515625</ele>
        <time>2026-03-12T10:34:37.000Z</time>
        <extensions>
          <ns3:TrackPointExtension>
            <ns3:hr>172</ns3:hr>
            <ns3:cad>94</ns3:cad>
          </ns3:TrackPointExtension>
        </extensions>
      </trkpt>
      <trkpt lat="30.75258222408592700958251953125" lon="108.44614122994244098663330078125">
        <ele>430.600006103515625</ele>
        <time>2026-03-12T10:34:38.000Z</time>
        <extensions>
          <ns3:TrackPointExtension>
            <ns3:hr>172</ns3:hr>
            <ns3:cad>94</ns3:cad>
          </ns3:TrackPointExtension>
        </extensions>
      </trkpt>
      <trkpt lat="30.75261927209794521331787109375" lon="108.44614190049469470977783203125">
        <ele>430.600006103515625</ele>
        <time>2026-03-12T10:34:39.000Z</time>
        <extensions>
          <ns3:TrackPointExtension>
            <ns3:hr>172</ns3:hr>
            <ns3:cad>94</ns3:cad>
          </ns3:TrackPointExtension>
        </extensions>
      </trkpt>
      <trkpt lat="30.7526476867496967315673828125" lon="108.4461428225040435791015625">
        <ele>430.600006103515625</ele>
        <time>2026-03-12T10:34:40.000Z</time>
        <extensions>
          <ns3:TrackPointExtension>
            <ns3:hr>172</ns3:hr>
            <ns3:cad>94</ns3:cad>
          </ns3:TrackPointExtension>
        </extensions>
      </trkpt>
      <trkpt lat="30.75268439948558807373046875" lon="108.44614491797983646392822265625">
        <ele>430.600006103515625</ele>
        <time>2026-03-12T10:34:41.000Z</time>
        <extensions>
          <ns3:TrackPointExtension>
            <ns3:hr>173</ns3:hr>
            <ns3:cad>94</ns3:cad>
          </ns3:TrackPointExtension>
        </extensions>
      </trkpt>
      <trkpt lat="30.752712227404117584228515625" lon="108.4461416490375995635986328125">
        <ele>430.600006103515625</ele>
        <time>2026-03-12T10:34:42.000Z</time>
        <extensions>
          <ns3:TrackPointExtension>
            <ns3:hr>173</ns3:hr>
            <ns3:cad>92</ns3:cad>
          </ns3:TrackPointExtension>
        </extensions>
      </trkpt>
      <trkpt lat="30.75274768285453319549560546875" lon="108.44615045003592967987060546875">
        <ele>430.600006103515625</ele>
        <time>2026-03-12T10:34:43.000Z</time>
        <extensions>
          <ns3:TrackPointExtension>
            <ns3:hr>173</ns3:hr>
            <ns3:cad>92</ns3:cad>
          </ns3:TrackPointExtension>
        </extensions>
      </trkpt>
      <trkpt lat="30.75277802534401416778564453125" lon="108.44615212641656398773193359375">
        <ele>430.600006103515625</ele>
        <time>2026-03-12T10:34:44.000Z</time>
        <extensions>
          <ns3:TrackPointExtension>
            <ns3:hr>173</ns3:hr>
            <ns3:cad>92</ns3:cad>
          </ns3:TrackPointExtension>
        </extensions>
      </trkpt>
      <trkpt lat="30.75281540863215923309326171875" lon="108.446156568825244903564453125">
        <ele>430.600006103515625</ele>
        <time>2026-03-12T10:34:45.000Z</time>
        <extensions>
          <ns3:TrackPointExtension>
            <ns3:hr>173</ns3:hr>
            <ns3:cad>92</ns3:cad>
          </ns3:TrackPointExtension>
        </extensions>
      </trkpt>
      <trkpt lat="30.75284692458808422088623046875" lon="108.44615581445395946502685546875">
        <ele>430.600006103515625</ele>
        <time>2026-03-12T10:34:46.000Z</time>
        <extensions>
          <ns3:TrackPointExtension>
            <ns3:hr>174</ns3:hr>
            <ns3:cad>92</ns3:cad>
          </ns3:TrackPointExtension>
        </extensions>
      </trkpt>
      <trkpt lat="30.752881206572055816650390625" lon="108.44615824520587921142578125">
        <ele>430.79998779296875</ele>
        <time>2026-03-12T10:34:47.000Z</time>
        <extensions>
          <ns3:TrackPointExtension>
            <ns3:hr>174</ns3:hr>
            <ns3:cad>92</ns3:cad>
          </ns3:TrackPointExtension>
        </extensions>
      </trkpt>
      <trkpt lat="30.7529117166996002197265625" lon="108.4461520425975322723388671875">
        <ele>430.79998779296875</ele>
        <time>2026-03-12T10:34:48.000Z</time>
        <extensions>
          <ns3:TrackPointExtension>
            <ns3:hr>174</ns3:hr>
            <ns3:cad>92</ns3:cad>
          </ns3:TrackPointExtension>
        </extensions>
      </trkpt>
      <trkpt lat="30.75294197537004947662353515625" lon="108.44615045003592967987060546875">
        <ele>430.79998779296875</ele>
        <time>2026-03-12T10:34:49.000Z</time>
        <extensions>
          <ns3:TrackPointExtension>
            <ns3:hr>173</ns3:hr>
            <ns3:cad>92</ns3:cad>
          </ns3:TrackPointExtension>
        </extensions>
      </trkpt>
      <trkpt lat="30.7529752515256404876708984375" lon="108.44614223577082157135009765625">
        <ele>430.79998779296875</ele>
        <time>2026-03-12T10:34:50.000Z</time>
        <extensions>
          <ns3:TrackPointExtension>
            <ns3:hr>174</ns3:hr>
            <ns3:cad>93</ns3:cad>
          </ns3:TrackPointExtension>
        </extensions>
      </trkpt>
      <trkpt lat="30.75300215743482112884521484375" lon="108.446134440600872039794921875">
        <ele>430.79998779296875</ele>
        <time>2026-03-12T10:34:51.000Z</time>
        <extensions>
          <ns3:TrackPointExtension>
            <ns3:hr>174</ns3:hr>
            <ns3:cad>93</ns3:cad>
          </ns3:TrackPointExtension>
        </extensions>
      </trkpt>
      <trkpt lat="30.75304113328456878662109375" lon="108.44612203538417816162109375">
        <ele>430.79998779296875</ele>
        <time>2026-03-12T10:34:52.000Z</time>
        <extensions>
          <ns3:TrackPointExtension>
            <ns3:hr>174</ns3:hr>
            <ns3:cad>92</ns3:cad>
          </ns3:TrackPointExtension>
        </extensions>
      </trkpt>
      <trkpt lat="30.7530661113560199737548828125" lon="108.44610770232975482940673828125">
        <ele>430.79998779296875</ele>
        <time>2026-03-12T10:34:53.000Z</time>
        <extensions>
          <ns3:TrackPointExtension>
            <ns3:hr>173</ns3:hr>
            <ns3:cad>92</ns3:cad>
          </ns3:TrackPointExtension>
        </extensions>
      </trkpt>
      <trkpt lat="30.75310240499675273895263671875" lon="108.44609412364661693572998046875">
        <ele>430.79998779296875</ele>
        <time>2026-03-12T10:34:54.000Z</time>
        <extensions>
          <ns3:TrackPointExtension>
            <ns3:hr>174</ns3:hr>
            <ns3:cad>92</ns3:cad>
          </ns3:TrackPointExtension>
        </extensions>
      </trkpt>
      <trkpt lat="30.7531262934207916259765625" lon="108.44607450999319553375244140625">
        <ele>430.79998779296875</ele>
        <time>2026-03-12T10:34:55.000Z</time>
        <extensions>
          <ns3:TrackPointExtension>
            <ns3:hr>174</ns3:hr>
            <ns3:cad>92</ns3:cad>
          </ns3:TrackPointExtension>
        </extensions>
      </trkpt>
      <trkpt lat="30.75315378606319427490234375" lon="108.44605640508234500885009765625">
        <ele>430.79998779296875</ele>
        <time>2026-03-12T10:34:56.000Z</time>
        <extensions>
          <ns3:TrackPointExtension>
            <ns3:hr>173</ns3:hr>
            <ns3:cad>92</ns3:cad>
          </ns3:TrackPointExtension>
        </extensions>
      </trkpt>
      <trkpt lat="30.753181278705596923828125" lon="108.4460293315351009368896484375">
        <ele>430.79998779296875</ele>
        <time>2026-03-12T10:34:57.000Z</time>
        <extensions>
          <ns3:TrackPointExtension>
            <ns3:hr>173</ns3:hr>
            <ns3:cad>94</ns3:cad>
          </ns3:TrackPointExtension>
        </extensions>
      </trkpt>
      <trkpt lat="30.75320432893931865692138671875" lon="108.44600711949169635772705078125">
        <ele>430.79998779296875</ele>
        <time>2026-03-12T10:34:58.000Z</time>
        <extensions>
          <ns3:TrackPointExtension>
            <ns3:hr>173</ns3:hr>
            <ns3:cad>94</ns3:cad>
          </ns3:TrackPointExtension>
        </extensions>
      </trkpt>
      <trkpt lat="30.75322763063013553619384765625" lon="108.44597292132675647735595703125">
        <ele>430.79998779296875</ele>
        <time>2026-03-12T10:34:59.000Z</time>
        <extensions>
          <ns3:TrackPointExtension>
            <ns3:hr>173</ns3:hr>
            <ns3:cad>92</ns3:cad>
          </ns3:TrackPointExtension>
        </extensions>
      </trkpt>
      <trkpt lat="30.75323961675167083740234375" lon="108.4459418244659900665283203125">
        <ele>430.79998779296875</ele>
        <time>2026-03-12T10:35:00.000Z</time>
        <extensions>
          <ns3:TrackPointExtension>
            <ns3:hr>173</ns3:hr>
            <ns3:cad>92</ns3:cad>
          </ns3:TrackPointExtension>
        </extensions>
      </trkpt>
      <trkpt lat="30.75325964950025081634521484375" lon="108.445901088416576385498046875">
        <ele>430.79998779296875</ele>
        <time>2026-03-12T10:35:01.000Z</time>
        <extensions>
          <ns3:TrackPointExtension>
            <ns3:hr>174</ns3:hr>
            <ns3:cad>92</ns3:cad>
          </ns3:TrackPointExtension>
        </extensions>
      </trkpt>
      <trkpt lat="30.753267109394073486328125" lon="108.445866890251636505126953125">
        <ele>431</ele>
        <time>2026-03-12T10:35:02.000Z</time>
        <extensions>
          <ns3:TrackPointExtension>
            <ns3:hr>173</ns3:hr>
            <ns3:cad>92</ns3:cad>
          </ns3:TrackPointExtension>
        </extensions>
      </trkpt>
      <trkpt lat="30.753281526267528533935546875" lon="108.44582858495414257049560546875">
        <ele>431</ele>
        <time>2026-03-12T10:35:03.000Z</time>
        <extensions>
          <ns3:TrackPointExtension>
            <ns3:hr>173</ns3:hr>
            <ns3:cad>92</ns3:cad>
          </ns3:TrackPointExtension>
        </extensions>
      </trkpt>
      <trkpt lat="30.75328462757170200347900390625" lon="108.44579438678920269012451171875">
        <ele>431</ele>
        <time>2026-03-12T10:35:04.000Z</time>
        <extensions>
          <ns3:TrackPointExtension>
            <ns3:hr>174</ns3:hr>
            <ns3:cad>92</ns3:cad>
          </ns3:TrackPointExtension>
        </extensions>
      </trkpt>
      <trkpt lat="30.75328948907554149627685546875" lon="108.44575700350105762481689453125">
        <ele>431</ele>
        <time>2026-03-12T10:35:05.000Z</time>
        <extensions>
          <ns3:TrackPointExtension>
            <ns3:hr>174</ns3:hr>
            <ns3:cad>92</ns3:cad>
          </ns3:TrackPointExtension>
        </extensions>
      </trkpt>
      <trkpt lat="30.75328663922846317291259765625" lon="108.44571836292743682861328125">
        <ele>431</ele>
        <time>2026-03-12T10:35:06.000Z</time>
        <extensions>
          <ns3:TrackPointExtension>
            <ns3:hr>174</ns3:hr>
            <ns3:cad>92</ns3:cad>
          </ns3:TrackPointExtension>
        </extensions>
      </trkpt>
      <trkpt lat="30.75328965671360492706298828125" lon="108.44568391330540180206298828125">
        <ele>431</ele>
        <time>2026-03-12T10:35:07.000Z</time>
        <extensions>
          <ns3:TrackPointExtension>
            <ns3:hr>174</ns3:hr>
            <ns3:cad>92</ns3:cad>
          </ns3:TrackPointExtension>
        </extensions>
      </trkpt>
      <trkpt lat="30.75329460203647613525390625" lon="108.4456484578549861907958984375">
        <ele>431</ele>
        <time>2026-03-12T10:35:08.000Z</time>
        <extensions>
          <ns3:TrackPointExtension>
            <ns3:hr>174</ns3:hr>
            <ns3:cad>92</ns3:cad>
          </ns3:TrackPointExtension>
        </extensions>
      </trkpt>
      <trkpt lat="30.7532947696745395660400390625" lon="108.4456152655184268951416015625">
        <ele>431</ele>
        <time>2026-03-12T10:35:09.000Z</time>
        <extensions>
          <ns3:TrackPointExtension>
            <ns3:hr>173</ns3:hr>
            <ns3:cad>93</ns3:cad>
          </ns3:TrackPointExtension>
        </extensions>
      </trkpt>
      <trkpt lat="30.75329736806452274322509765625" lon="108.4455741941928863525390625">
        <ele>431</ele>
        <time>2026-03-12T10:35:10.000Z</time>
        <extensions>
          <ns3:TrackPointExtension>
            <ns3:hr>174</ns3:hr>
            <ns3:cad>94</ns3:cad>
          </ns3:TrackPointExtension>
        </extensions>
      </trkpt>
      <trkpt lat="30.753295607864856719970703125" lon="108.44554225914180278778076171875">
        <ele>431</ele>
        <time>2026-03-12T10:35:11.000Z</time>
        <extensions>
          <ns3:TrackPointExtension>
            <ns3:hr>174</ns3:hr>
            <ns3:cad>94</ns3:cad>
          </ns3:TrackPointExtension>
        </extensions>
      </trkpt>
      <trkpt lat="30.75329468585550785064697265625" lon="108.44550034962594509124755859375">
        <ele>431</ele>
        <time>2026-03-12T10:35:12.000Z</time>
        <extensions>
          <ns3:TrackPointExtension>
            <ns3:hr>173</ns3:hr>
            <ns3:cad>92</ns3:cad>
          </ns3:TrackPointExtension>
        </extensions>
      </trkpt>
      <trkpt lat="30.7532850466668605804443359375" lon="108.44546749256551265716552734375">
        <ele>431</ele>
        <time>2026-03-12T10:35:13.000Z</time>
        <extensions>
          <ns3:TrackPointExtension>
            <ns3:hr>174</ns3:hr>
            <ns3:cad>91</ns3:cad>
          </ns3:TrackPointExtension>
        </extensions>
      </trkpt>
      <trkpt lat="30.7532766647636890411376953125" lon="108.44542675651609897613525390625">
        <ele>431</ele>
        <time>2026-03-12T10:35:14.000Z</time>
        <extensions>
          <ns3:TrackPointExtension>
            <ns3:hr>174</ns3:hr>
            <ns3:cad>91</ns3:cad>
          </ns3:TrackPointExtension>
        </extensions>
      </trkpt>
      <trkpt lat="30.75325914658606052398681640625" lon="108.445395492017269134521484375">
        <ele>431</ele>
        <time>2026-03-12T10:35:15.000Z</time>
        <extensions>
          <ns3:TrackPointExtension>
            <ns3:hr>174</ns3:hr>
            <ns3:cad>93</ns3:cad>
          </ns3:TrackPointExtension>
        </extensions>
      </trkpt>
      <trkpt lat="30.75324724428355693817138671875" lon="108.445362634956836700439453125">
        <ele>431</ele>
        <time>2026-03-12T10:35:16.000Z</time>
        <extensions>
          <ns3:TrackPointExtension>
            <ns3:hr>174</ns3:hr>
            <ns3:cad>94</ns3:cad>
          </ns3:TrackPointExtension>
        </extensions>
      </trkpt>
      <trkpt lat="30.75323048047721385955810546875" lon="108.44533145427703857421875">
        <ele>431</ele>
        <time>2026-03-12T10:35:17.000Z</time>
        <extensions>
          <ns3:TrackPointExtension>
            <ns3:hr>174</ns3:hr>
            <ns3:cad>93</ns3:cad>
          </ns3:TrackPointExtension>
        </extensions>
      </trkpt>
      <trkpt lat="30.753215812146663665771484375" lon="108.44529968686401844024658203125">
        <ele>431</ele>
        <time>2026-03-12T10:35:18.000Z</time>
        <extensions>
          <ns3:TrackPointExtension>
            <ns3:hr>175</ns3:hr>
            <ns3:cad>92</ns3:cad>
          </ns3:TrackPointExtension>
        </extensions>
      </trkpt>
      <trkpt lat="30.75319695286452770233154296875" lon="108.4452665783464908599853515625">
        <ele>431</ele>
        <time>2026-03-12T10:35:19.000Z</time>
        <extensions>
          <ns3:TrackPointExtension>
            <ns3:hr>175</ns3:hr>
            <ns3:cad>92</ns3:cad>
          </ns3:TrackPointExtension>
        </extensions>
      </trkpt>
      <trkpt lat="30.75318102724850177764892578125" lon="108.44524067826569080352783203125">
        <ele>431</ele>
        <time>2026-03-12T10:35:20.000Z</time>
        <extensions>
          <ns3:TrackPointExtension>
            <ns3:hr>175</ns3:hr>
            <ns3:cad>92</ns3:cad>
          </ns3:TrackPointExtension>
        </extensions>
      </trkpt>
      <trkpt lat="30.75315806083381175994873046875" lon="108.44520547427237033843994140625">
        <ele>431</ele>
        <time>2026-03-12T10:35:21.000Z</time>
        <extensions>
          <ns3:TrackPointExtension>
            <ns3:hr>174</ns3:hr>
            <ns3:cad>92</ns3:cad>
          </ns3:TrackPointExtension>
        </extensions>
      </trkpt>
      <trkpt lat="30.75313559733331203460693359375" lon="108.44518133439123630523681640625">
        <ele>431</ele>
        <time>2026-03-12T10:35:22.000Z</time>
        <extensions>
          <ns3:TrackPointExtension>
            <ns3:hr>175</ns3:hr>
            <ns3:cad>93</ns3:cad>
          </ns3:TrackPointExtension>
        </extensions>
      </trkpt>
      <trkpt lat="30.7531080208718776702880859375" lon="108.445150740444660186767578125">
        <ele>431</ele>
        <time>2026-03-12T10:35:23.000Z</time>
        <extensions>
          <ns3:TrackPointExtension>
            <ns3:hr>175</ns3:hr>
            <ns3:cad>93</ns3:cad>
          </ns3:TrackPointExtension>
        </extensions>
      </trkpt>
      <trkpt lat="30.7530808635056018829345703125" lon="108.445141352713108062744140625">
        <ele>431</ele>
        <time>2026-03-12T10:35:24.000Z</time>
        <extensions>
          <ns3:TrackPointExtension>
            <ns3:hr>174</ns3:hr>
            <ns3:cad>93</ns3:cad>
          </ns3:TrackPointExtension>
        </extensions>
      </trkpt>
      <trkpt lat="30.7530503533780574798583984375" lon="108.44512986950576305389404296875">
        <ele>431</ele>
        <time>2026-03-12T10:35:25.000Z</time>
        <extensions>
          <ns3:TrackPointExtension>
            <ns3:hr>175</ns3:hr>
            <ns3:cad>93</ns3:cad>
          </ns3:TrackPointExtension>
        </extensions>
      </trkpt>
      <trkpt lat="30.75301825068891048431396484375" lon="108.4451317973434925079345703125">
        <ele>431</ele>
        <time>2026-03-12T10:35:26.000Z</time>
        <extensions>
          <ns3:TrackPointExtension>
            <ns3:hr>175</ns3:hr>
            <ns3:cad>93</ns3:cad>
          </ns3:TrackPointExtension>
        </extensions>
      </trkpt>
      <trkpt lat="30.75298539362847805023193359375" lon="108.4451304562389850616455078125">
        <ele>431</ele>
        <time>2026-03-12T10:35:27.000Z</time>
        <extensions>
          <ns3:TrackPointExtension>
            <ns3:hr>175</ns3:hr>
            <ns3:cad>92</ns3:cad>
          </ns3:TrackPointExtension>
        </extensions>
      </trkpt>
      <trkpt lat="30.7529487647116184234619140625" lon="108.44513422809541225433349609375">
        <ele>431</ele>
        <time>2026-03-12T10:35:28.000Z</time>
        <extensions>
          <ns3:TrackPointExtension>
            <ns3:hr>175</ns3:hr>
            <ns3:cad>92</ns3:cad>
          </ns3:TrackPointExtension>
        </extensions>
      </trkpt>
      <trkpt lat="30.75292102061212062835693359375" lon="108.44513858668506145477294921875">
        <ele>431</ele>
        <time>2026-03-12T10:35:29.000Z</time>
        <extensions>
          <ns3:TrackPointExtension>
            <ns3:hr>175</ns3:hr>
            <ns3:cad>92</ns3:cad>
          </ns3:TrackPointExtension>
        </extensions>
      </trkpt>
      <trkpt lat="30.75288430787622928619384765625" lon="108.4451388381421566009521484375">
        <ele>431</ele>
        <time>2026-03-12T10:35:30.000Z</time>
        <extensions>
          <ns3:TrackPointExtension>
            <ns3:hr>176</ns3:hr>
            <ns3:cad>92</ns3:cad>
          </ns3:TrackPointExtension>
        </extensions>
      </trkpt>
      <trkpt lat="30.752856396138668060302734375" lon="108.4451465494930744171142578125">
        <ele>431</ele>
        <time>2026-03-12T10:35:31.000Z</time>
        <extensions>
          <ns3:TrackPointExtension>
            <ns3:hr>176</ns3:hr>
            <ns3:cad>92</ns3:cad>
          </ns3:TrackPointExtension>
        </extensions>
      </trkpt>
      <trkpt lat="30.752818174660205841064453125" lon="108.44514428637921810150146484375">
        <ele>431</ele>
        <time>2026-03-12T10:35:32.000Z</time>
        <extensions>
          <ns3:TrackPointExtension>
            <ns3:hr>176</ns3:hr>
            <ns3:cad>93</ns3:cad>
          </ns3:TrackPointExtension>
        </extensions>
      </trkpt>
      <trkpt lat="30.75278875418007373809814453125" lon="108.4451455436646938323974609375">
        <ele>431</ele>
        <time>2026-03-12T10:35:33.000Z</time>
        <extensions>
          <ns3:TrackPointExtension>
            <ns3:hr>177</ns3:hr>
            <ns3:cad>93</ns3:cad>
          </ns3:TrackPointExtension>
        </extensions>
      </trkpt>
      <trkpt lat="30.75275480747222900390625" lon="108.44513942487537860870361328125">
        <ele>431</ele>
        <time>2026-03-12T10:35:34.000Z</time>
        <extensions>
          <ns3:TrackPointExtension>
            <ns3:hr>177</ns3:hr>
            <ns3:cad>94</ns3:cad>
          </ns3:TrackPointExtension>
        </extensions>
      </trkpt>
      <trkpt lat="30.7527254708111286163330078125" lon="108.44514193944633007049560546875">
        <ele>431</ele>
        <time>2026-03-12T10:35:35.000Z</time>
        <extensions>
          <ns3:TrackPointExtension>
            <ns3:hr>177</ns3:hr>
            <ns3:cad>93</ns3:cad>
          </ns3:TrackPointExtension>
        </extensions>
      </trkpt>
      <trkpt lat="30.75269378721714019775390625" lon="108.4451385028660297393798828125">
        <ele>431.20001220703125</ele>
        <time>2026-03-12T10:35:36.000Z</time>
        <extensions>
          <ns3:TrackPointExtension>
            <ns3:hr>178</ns3:hr>
            <ns3:cad>93</ns3:cad>
          </ns3:TrackPointExtension>
        </extensions>
      </trkpt>
      <trkpt lat="30.7526634447276592254638671875" lon="108.4451381675899028778076171875">
        <ele>431.20001220703125</ele>
        <time>2026-03-12T10:35:37.000Z</time>
        <extensions>
          <ns3:TrackPointExtension>
            <ns3:hr>178</ns3:hr>
            <ns3:cad>93</ns3:cad>
          </ns3:TrackPointExtension>
        </extensions>
      </trkpt>
      <trkpt lat="30.752633772790431976318359375" lon="108.44513758085668087005615234375">
        <ele>431.20001220703125</ele>
        <time>2026-03-12T10:35:38.000Z</time>
        <extensions>
          <ns3:TrackPointExtension>
            <ns3:hr>178</ns3:hr>
            <ns3:cad>92</ns3:cad>
          </ns3:TrackPointExtension>
        </extensions>
      </trkpt>
      <trkpt lat="30.7526024244725704193115234375" lon="108.44514126889407634735107421875">
        <ele>431.20001220703125</ele>
        <time>2026-03-12T10:35:39.000Z</time>
        <extensions>
          <ns3:TrackPointExtension>
            <ns3:hr>177</ns3:hr>
            <ns3:cad>94</ns3:cad>
          </ns3:TrackPointExtension>
        </extensions>
      </trkpt>
      <trkpt lat="30.752574093639850616455078125" lon="108.445144034922122955322265625">
        <ele>431.20001220703125</ele>
        <time>2026-03-12T10:35:40.000Z</time>
        <extensions>
          <ns3:TrackPointExtension>
            <ns3:hr>178</ns3:hr>
            <ns3:cad>93</ns3:cad>
          </ns3:TrackPointExtension>
        </extensions>
      </trkpt>
      <trkpt lat="30.75253796763718128204345703125" lon="108.44514931552112102508544921875">
        <ele>431.20001220703125</ele>
        <time>2026-03-12T10:35:41.000Z</time>
        <extensions>
          <ns3:TrackPointExtension>
            <ns3:hr>178</ns3:hr>
            <ns3:cad>93</ns3:cad>
          </ns3:TrackPointExtension>
        </extensions>
      </trkpt>
      <trkpt lat="30.7525092177093029022216796875" lon="108.44515199773013591766357421875">
        <ele>431.20001220703125</ele>
        <time>2026-03-12T10:35:42.000Z</time>
        <extensions>
          <ns3:TrackPointExtension>
            <ns3:hr>177</ns3:hr>
            <ns3:cad>92</ns3:cad>
          </ns3:TrackPointExtension>
        </extensions>
      </trkpt>
      <trkpt lat="30.7524743489921092987060546875" lon="108.44514847733080387115478515625">
        <ele>431.20001220703125</ele>
        <time>2026-03-12T10:35:43.000Z</time>
        <extensions>
          <ns3:TrackPointExtension>
            <ns3:hr>177</ns3:hr>
            <ns3:cad>92</ns3:cad>
          </ns3:TrackPointExtension>
        </extensions>
      </trkpt>
      <trkpt lat="30.75244962237775325775146484375" lon="108.44515065662562847137451171875">
        <ele>431.20001220703125</ele>
        <time>2026-03-12T10:35:44.000Z</time>
        <extensions>
          <ns3:TrackPointExtension>
            <ns3:hr>177</ns3:hr>
            <ns3:cad>92</ns3:cad>
          </ns3:TrackPointExtension>
        </extensions>
      </trkpt>
      <trkpt lat="30.75241626240313053131103515625" lon="108.4451499022543430328369140625">
        <ele>431.20001220703125</ele>
        <time>2026-03-12T10:35:45.000Z</time>
        <extensions>
          <ns3:TrackPointExtension>
            <ns3:hr>176</ns3:hr>
            <ns3:cad>92</ns3:cad>
          </ns3:TrackPointExtension>
        </extensions>
      </trkpt>
      <trkpt lat="30.752385668456554412841796875" lon="108.4451549313962459564208984375">
        <ele>431.20001220703125</ele>
        <time>2026-03-12T10:35:46.000Z</time>
        <extensions>
          <ns3:TrackPointExtension>
            <ns3:hr>176</ns3:hr>
            <ns3:cad>92</ns3:cad>
          </ns3:TrackPointExtension>
        </extensions>
      </trkpt>
      <trkpt lat="30.7523538172245025634765625" lon="108.4451512433588504791259765625">
        <ele>431.20001220703125</ele>
        <time>2026-03-12T10:35:47.000Z</time>
        <extensions>
          <ns3:TrackPointExtension>
            <ns3:hr>176</ns3:hr>
            <ns3:cad>92</ns3:cad>
          </ns3:TrackPointExtension>
        </extensions>
      </trkpt>
      <trkpt lat="30.75231718830764293670654296875" lon="108.44515434466302394866943359375">
        <ele>431.20001220703125</ele>
        <time>2026-03-12T10:35:48.000Z</time>
        <extensions>
          <ns3:TrackPointExtension>
            <ns3:hr>177</ns3:hr>
            <ns3:cad>92</ns3:cad>
          </ns3:TrackPointExtension>
        </extensions>
      </trkpt>
      <trkpt lat="30.75228583998978137969970703125" lon="108.44515367411077022552490234375">
        <ele>431.20001220703125</ele>
        <time>2026-03-12T10:35:49.000Z</time>
        <extensions>
          <ns3:TrackPointExtension>
            <ns3:hr>176</ns3:hr>
            <ns3:cad>92</ns3:cad>
          </ns3:TrackPointExtension>
        </extensions>
      </trkpt>
      <trkpt lat="30.75225055217742919921875" lon="108.44515375792980194091796875">
        <ele>431.20001220703125</ele>
        <time>2026-03-12T10:35:50.000Z</time>
        <extensions>
          <ns3:TrackPointExtension>
            <ns3:hr>176</ns3:hr>
            <ns3:cad>94</ns3:cad>
          </ns3:TrackPointExtension>
        </extensions>
      </trkpt>
      <trkpt lat="30.7522249035537242889404296875" lon="108.44515149481594562530517578125">
        <ele>431.20001220703125</ele>
        <time>2026-03-12T10:35:51.000Z</time>
        <extensions>
          <ns3:TrackPointExtension>
            <ns3:hr>176</ns3:hr>
            <ns3:cad>95</ns3:cad>
          </ns3:TrackPointExtension>
        </extensions>
      </trkpt>
      <trkpt lat="30.7521903701126575469970703125" lon="108.4451452083885669708251953125">
        <ele>431.20001220703125</ele>
        <time>2026-03-12T10:35:52.000Z</time>
        <extensions>
          <ns3:TrackPointExtension>
            <ns3:hr>177</ns3:hr>
            <ns3:cad>95</ns3:cad>
          </ns3:TrackPointExtension>
        </extensions>
      </trkpt>
      <trkpt lat="30.75216111727058887481689453125" lon="108.44514680095016956329345703125">
        <ele>431.20001220703125</ele>
        <time>2026-03-12T10:35:53.000Z</time>
        <extensions>
          <ns3:TrackPointExtension>
            <ns3:hr>176</ns3:hr>
            <ns3:cad>92</ns3:cad>
          </ns3:TrackPointExtension>
        </extensions>
      </trkpt>
      <trkpt lat="30.75212650001049041748046875" lon="108.44513858668506145477294921875">
        <ele>431.20001220703125</ele>
        <time>2026-03-12T10:35:54.000Z</time>
        <extensions>
          <ns3:TrackPointExtension>
            <ns3:hr>176</ns3:hr>
            <ns3:cad>92</ns3:cad>
          </ns3:TrackPointExtension>
        </extensions>
      </trkpt>
      <trkpt lat="30.75209657661616802215576171875" lon="108.445139341056346893310546875">
        <ele>431.20001220703125</ele>
        <time>2026-03-12T10:35:55.000Z</time>
        <extensions>
          <ns3:TrackPointExtension>
            <ns3:hr>175</ns3:hr>
            <ns3:cad>92</ns3:cad>
          </ns3:TrackPointExtension>
        </extensions>
      </trkpt>
      <trkpt lat="30.75206740759313106536865234375" lon="108.4451361559331417083740234375">
        <ele>431.20001220703125</ele>
        <time>2026-03-12T10:35:56.000Z</time>
        <extensions>
          <ns3:TrackPointExtension>
            <ns3:hr>176</ns3:hr>
            <ns3:cad>92</ns3:cad>
          </ns3:TrackPointExtension>
        </extensions>
      </trkpt>
      <trkpt lat="30.75203253887593746185302734375" lon="108.44514026306569576263427734375">
        <ele>431.20001220703125</ele>
        <time>2026-03-12T10:35:57.000Z</time>
        <extensions>
          <ns3:TrackPointExtension>
            <ns3:hr>176</ns3:hr>
            <ns3:cad>92</ns3:cad>
          </ns3:TrackPointExtension>
        </extensions>
      </trkpt>
      <trkpt lat="30.75200286693871021270751953125" lon="108.44514059834182262420654296875">
        <ele>431.20001220703125</ele>
        <time>2026-03-12T10:35:58.000Z</time>
        <extensions>
          <ns3:TrackPointExtension>
            <ns3:hr>176</ns3:hr>
            <ns3:cad>94</ns3:cad>
          </ns3:TrackPointExtension>
        </extensions>
      </trkpt>
      <trkpt lat="30.7519664056599140167236328125" lon="108.44514705240726470947265625">
        <ele>431.20001220703125</ele>
        <time>2026-03-12T10:35:59.000Z</time>
        <extensions>
          <ns3:TrackPointExtension>
            <ns3:hr>175</ns3:hr>
            <ns3:cad>94</ns3:cad>
          </ns3:TrackPointExtension>
        </extensions>
      </trkpt>
      <trkpt lat="30.7519365660846233367919921875" lon="108.4451544284820556640625">
        <ele>431.399993896484375</ele>
        <time>2026-03-12T10:36:00.000Z</time>
        <extensions>
          <ns3:TrackPointExtension>
            <ns3:hr>175</ns3:hr>
            <ns3:cad>92</ns3:cad>
          </ns3:TrackPointExtension>
        </extensions>
      </trkpt>
      <trkpt lat="30.751898847520351409912109375" lon="108.445165157318115234375">
        <ele>431.399993896484375</ele>
        <time>2026-03-12T10:36:01.000Z</time>
        <extensions>
          <ns3:TrackPointExtension>
            <ns3:hr>175</ns3:hr>
            <ns3:cad>92</ns3:cad>
          </ns3:TrackPointExtension>
        </extensions>
      </trkpt>
      <trkpt lat="30.75187311507761478424072265625" lon="108.44517848454415798187255859375">
        <ele>431.399993896484375</ele>
        <time>2026-03-12T10:36:02.000Z</time>
        <extensions>
          <ns3:TrackPointExtension>
            <ns3:hr>175</ns3:hr>
            <ns3:cad>92</ns3:cad>
          </ns3:TrackPointExtension>
        </extensions>
      </trkpt>
      <trkpt lat="30.7518400065600872039794921875" lon="108.44519591890275478363037109375">
        <ele>431.399993896484375</ele>
        <time>2026-03-12T10:36:03.000Z</time>
        <extensions>
          <ns3:TrackPointExtension>
            <ns3:hr>175</ns3:hr>
            <ns3:cad>92</ns3:cad>
          </ns3:TrackPointExtension>
        </extensions>
      </trkpt>
      <trkpt lat="30.751811675727367401123046875" lon="108.4452196396887302398681640625">
        <ele>431.399993896484375</ele>
        <time>2026-03-12T10:36:04.000Z</time>
        <extensions>
          <ns3:TrackPointExtension>
            <ns3:hr>176</ns3:hr>
            <ns3:cad>92</ns3:cad>
          </ns3:TrackPointExtension>
        </extensions>
      </trkpt>
      <trkpt lat="30.751782171428203582763671875" lon="108.44524587504565715789794921875">
        <ele>431.399993896484375</ele>
        <time>2026-03-12T10:36:05.000Z</time>
        <extensions>
          <ns3:TrackPointExtension>
            <ns3:hr>176</ns3:hr>
            <ns3:cad>92</ns3:cad>
          </ns3:TrackPointExtension>
        </extensions>
      </trkpt>
      <trkpt lat="30.7517575286328792572021484375" lon="108.44527336768805980682373046875">
        <ele>431.399993896484375</ele>
        <time>2026-03-12T10:36:06.000Z</time>
        <extensions>
          <ns3:TrackPointExtension>
            <ns3:hr>176</ns3:hr>
            <ns3:cad>93</ns3:cad>
          </ns3:TrackPointExtension>
        </extensions>
      </trkpt>
      <trkpt lat="30.75173716060817241668701171875" lon="108.44529666937887668609619140625">
        <ele>431.399993896484375</ele>
        <time>2026-03-12T10:36:07.000Z</time>
        <extensions>
          <ns3:TrackPointExtension>
            <ns3:hr>177</ns3:hr>
            <ns3:cad>93</ns3:cad>
          </ns3:TrackPointExtension>
        </extensions>
      </trkpt>
      <trkpt lat="30.751717798411846160888671875" lon="108.4453260898590087890625">
        <ele>431.399993896484375</ele>
        <time>2026-03-12T10:36:08.000Z</time>
        <extensions>
          <ns3:TrackPointExtension>
            <ns3:hr>179</ns3:hr>
            <ns3:cad>92</ns3:cad>
          </ns3:TrackPointExtension>
        </extensions>
      </trkpt>
      <trkpt lat="30.75169743038713932037353515625" lon="108.4453507326543331146240234375">
        <ele>431.399993896484375</ele>
        <time>2026-03-12T10:36:09.000Z</time>
        <extensions>
          <ns3:TrackPointExtension>
            <ns3:hr>181</ns3:hr>
            <ns3:cad>92</ns3:cad>
          </ns3:TrackPointExtension>
        </extensions>
      </trkpt>
      <trkpt lat="30.751676224172115325927734375" lon="108.4453899599611759185791015625">
        <ele>431.399993896484375</ele>
        <time>2026-03-12T10:36:10.000Z</time>
        <extensions>
          <ns3:TrackPointExtension>
            <ns3:hr>182</ns3:hr>
            <ns3:cad>94</ns3:cad>
          </ns3:TrackPointExtension>
        </extensions>
      </trkpt>
      <trkpt lat="30.75166113674640655517578125" lon="108.44542072154581546783447265625">
        <ele>431.399993896484375</ele>
        <time>2026-03-12T10:36:11.000Z</time>
        <extensions>
          <ns3:TrackPointExtension>
            <ns3:hr>182</ns3:hr>
            <ns3:cad>94</ns3:cad>
          </ns3:TrackPointExtension>
        </extensions>
      </trkpt>
      <trkpt lat="30.75164412148296833038330078125" lon="108.445460535585880279541015625">
        <ele>431.399993896484375</ele>
        <time>2026-03-12T10:36:12.000Z</time>
        <extensions>
          <ns3:TrackPointExtension>
            <ns3:hr>183</ns3:hr>
            <ns3:cad>94</ns3:cad>
          </ns3:TrackPointExtension>
        </extensions>
      </trkpt>
      <trkpt lat="30.7516442053020000457763671875" lon="108.445491380989551544189453125">
        <ele>431.399993896484375</ele>
        <time>2026-03-12T10:36:13.000Z</time>
        <extensions>
          <ns3:TrackPointExtension>
            <ns3:hr>183</ns3:hr>
            <ns3:cad>93</ns3:cad>
          </ns3:TrackPointExtension>
        </extensions>
      </trkpt>
      <trkpt lat="30.75162760913372039794921875" lon="108.44552666880190372467041015625">
        <ele>431.20001220703125</ele>
        <time>2026-03-12T10:36:14.000Z</time>
        <extensions>
          <ns3:TrackPointExtension>
            <ns3:hr>183</ns3:hr>
            <ns3:cad>92</ns3:cad>
          </ns3:TrackPointExtension>
        </extensions>
      </trkpt>
      <trkpt lat="30.75161746703088283538818359375" lon="108.44556237570941448211669921875">
        <ele>431.20001220703125</ele>
        <time>2026-03-12T10:36:15.000Z</time>
        <extensions>
          <ns3:TrackPointExtension>
            <ns3:hr>183</ns3:hr>
            <ns3:cad>92</ns3:cad>
          </ns3:TrackPointExtension>
        </extensions>
      </trkpt>
      <trkpt lat="30.7516066543757915496826171875" lon="108.44559640623629093170166015625">
        <ele>431.20001220703125</ele>
        <time>2026-03-12T10:36:16.000Z</time>
        <extensions>
          <ns3:TrackPointExtension>
            <ns3:hr>183</ns3:hr>
            <ns3:cad>92</ns3:cad>
          </ns3:TrackPointExtension>
        </extensions>
      </trkpt>
      <trkpt lat="30.7516014575958251953125" lon="108.4456343762576580047607421875">
        <ele>431.20001220703125</ele>
        <time>2026-03-12T10:36:17.000Z</time>
        <extensions>
          <ns3:TrackPointExtension>
            <ns3:hr>184</ns3:hr>
            <ns3:cad>93</ns3:cad>
          </ns3:TrackPointExtension>
        </extensions>
      </trkpt>
      <trkpt lat="30.751596428453922271728515625" lon="108.44566714949905872344970703125">
        <ele>431.20001220703125</ele>
        <time>2026-03-12T10:36:18.000Z</time>
        <extensions>
          <ns3:TrackPointExtension>
            <ns3:hr>183</ns3:hr>
            <ns3:cad>94</ns3:cad>
          </ns3:TrackPointExtension>
        </extensions>
      </trkpt>
      <trkpt lat="30.75159550644457340240478515625" lon="108.44570956192910671234130859375">
        <ele>431.20001220703125</ele>
        <time>2026-03-12T10:36:19.000Z</time>
        <extensions>
          <ns3:TrackPointExtension>
            <ns3:hr>183</ns3:hr>
            <ns3:cad>93</ns3:cad>
          </ns3:TrackPointExtension>
        </extensions>
      </trkpt>
      <trkpt lat="30.7516043074429035186767578125" lon="108.44574493356049060821533203125">
        <ele>431.399993896484375</ele>
        <time>2026-03-12T10:36:20.000Z</time>
        <extensions>
          <ns3:TrackPointExtension>
            <ns3:hr>183</ns3:hr>
            <ns3:cad>94</ns3:cad>
          </ns3:TrackPointExtension>
        </extensions>
      </trkpt>
      <trkpt lat="30.75160975567996501922607421875" lon="108.44578516669571399688720703125">
        <ele>431.399993896484375</ele>
        <time>2026-03-12T10:36:21.000Z</time>
        <extensions>
          <ns3:TrackPointExtension>
            <ns3:hr>182</ns3:hr>
            <ns3:cad>93</ns3:cad>
          </ns3:TrackPointExtension>
        </extensions>
      </trkpt>
      <trkpt lat="30.75162434019148349761962890625" lon="108.44581534154713153839111328125">
        <ele>431.399993896484375</ele>
        <time>2026-03-12T10:36:22.000Z</time>
        <extensions>
          <ns3:TrackPointExtension>
            <ns3:hr>181</ns3:hr>
            <ns3:cad>94</ns3:cad>
          </ns3:TrackPointExtension>
        </extensions>
      </trkpt>
      <trkpt lat="30.75163590721786022186279296875" lon="108.4458512999117374420166015625">
        <ele>431.20001220703125</ele>
        <time>2026-03-12T10:36:23.000Z</time>
        <extensions>
          <ns3:TrackPointExtension>
            <ns3:hr>180</ns3:hr>
            <ns3:cad>93</ns3:cad>
          </ns3:TrackPointExtension>
        </extensions>
      </trkpt>
      <trkpt lat="30.75165443122386932373046875" lon="108.445878960192203521728515625">
        <ele>431.20001220703125</ele>
        <time>2026-03-12T10:36:24.000Z</time>
        <extensions>
          <ns3:TrackPointExtension>
            <ns3:hr>180</ns3:hr>
            <ns3:cad>94</ns3:cad>
          </ns3:TrackPointExtension>
        </extensions>
      </trkpt>
      <trkpt lat="30.7516639865934848785400390625" lon="108.445908464491367340087890625">
        <ele>431.399993896484375</ele>
        <time>2026-03-12T10:36:25.000Z</time>
        <extensions>
          <ns3:TrackPointExtension>
            <ns3:hr>180</ns3:hr>
            <ns3:cad>93</ns3:cad>
          </ns3:TrackPointExtension>
        </extensions>
      </trkpt>
      <trkpt lat="30.75168217532336711883544921875" lon="108.4459362924098968505859375">
        <ele>431.399993896484375</ele>
        <time>2026-03-12T10:36:26.000Z</time>
        <extensions>
          <ns3:TrackPointExtension>
            <ns3:hr>180</ns3:hr>
            <ns3:cad>92</ns3:cad>
          </ns3:TrackPointExtension>
        </extensions>
      </trkpt>
      <trkpt lat="30.75170061551034450531005859375" lon="108.44596152193844318389892578125">
        <ele>431.399993896484375</ele>
        <time>2026-03-12T10:36:27.000Z</time>
        <extensions>
          <ns3:TrackPointExtension>
            <ns3:hr>179</ns3:hr>
            <ns3:cad>92</ns3:cad>
          </ns3:TrackPointExtension>
        </extensions>
      </trkpt>
      <trkpt lat="30.75172877870500087738037109375" lon="108.4459897689521312713623046875">
        <ele>431.399993896484375</ele>
        <time>2026-03-12T10:36:28.000Z</time>
        <extensions>
          <ns3:TrackPointExtension>
            <ns3:hr>180</ns3:hr>
            <ns3:cad>92</ns3:cad>
          </ns3:TrackPointExtension>
        </extensions>
      </trkpt>
      <trkpt lat="30.7517538405954837799072265625" lon="108.4460125677287578582763671875">
        <ele>431.399993896484375</ele>
        <time>2026-03-12T10:36:29.000Z</time>
        <extensions>
          <ns3:TrackPointExtension>
            <ns3:hr>180</ns3:hr>
            <ns3:cad>92</ns3:cad>
          </ns3:TrackPointExtension>
        </extensions>
      </trkpt>
      <trkpt lat="30.75178208760917186737060546875" lon="108.446043245494365692138671875">
        <ele>431.399993896484375</ele>
        <time>2026-03-12T10:36:30.000Z</time>
        <extensions>
          <ns3:TrackPointExtension>
            <ns3:hr>179</ns3:hr>
            <ns3:cad>92</ns3:cad>
          </ns3:TrackPointExtension>
        </extensions>
      </trkpt>
      <trkpt lat="30.75180673040449619293212890625" lon="108.44606026075780391693115234375">
        <ele>431.399993896484375</ele>
        <time>2026-03-12T10:36:31.000Z</time>
        <extensions>
          <ns3:TrackPointExtension>
            <ns3:hr>179</ns3:hr>
            <ns3:cad>93</ns3:cad>
          </ns3:TrackPointExtension>
        </extensions>
      </trkpt>
      <trkpt lat="30.7518356479704380035400390625" lon="108.4460873343050479888916015625">
        <ele>431.399993896484375</ele>
        <time>2026-03-12T10:36:32.000Z</time>
        <extensions>
          <ns3:TrackPointExtension>
            <ns3:hr>179</ns3:hr>
            <ns3:cad>94</ns3:cad>
          </ns3:TrackPointExtension>
        </extensions>
      </trkpt>
      <trkpt lat="30.75185987167060375213623046875" lon="108.44610032625496387481689453125">
        <ele>431.399993896484375</ele>
        <time>2026-03-12T10:36:33.000Z</time>
        <extensions>
          <ns3:TrackPointExtension>
            <ns3:hr>179</ns3:hr>
            <ns3:cad>94</ns3:cad>
          </ns3:TrackPointExtension>
        </extensions>
      </trkpt>
      <trkpt lat="30.75188853777945041656494140625" lon="108.44612295739352703094482421875">
        <ele>431.600006103515625</ele>
        <time>2026-03-12T10:36:34.000Z</time>
        <extensions>
          <ns3:TrackPointExtension>
            <ns3:hr>179</ns3:hr>
            <ns3:cad>93</ns3:cad>
          </ns3:TrackPointExtension>
        </extensions>
      </trkpt>
      <trkpt lat="30.751918293535709381103515625" lon="108.4461325965821743011474609375">
        <ele>431.600006103515625</ele>
        <time>2026-03-12T10:36:35.000Z</time>
        <extensions>
          <ns3:TrackPointExtension>
            <ns3:hr>179</ns3:hr>
            <ns3:cad>92</ns3:cad>
          </ns3:TrackPointExtension>
        </extensions>
      </trkpt>
      <trkpt lat="30.75194603763520717620849609375" lon="108.446137793362140655517578125">
        <ele>431.600006103515625</ele>
        <time>2026-03-12T10:36:36.000Z</time>
        <extensions>
          <ns3:TrackPointExtension>
            <ns3:hr>179</ns3:hr>
            <ns3:cad>92</ns3:cad>
          </ns3:TrackPointExtension>
        </extensions>
      </trkpt>
      <trkpt lat="30.75197897851467132568359375" lon="108.446134440600872039794921875">
        <ele>431.600006103515625</ele>
        <time>2026-03-12T10:36:37.000Z</time>
        <extensions>
          <ns3:TrackPointExtension>
            <ns3:hr>179</ns3:hr>
            <ns3:cad>92</ns3:cad>
          </ns3:TrackPointExtension>
        </extensions>
      </trkpt>
      <trkpt lat="30.75200714170932769775390625" lon="108.44613276422023773193359375">
        <ele>431.600006103515625</ele>
        <time>2026-03-12T10:36:38.000Z</time>
        <extensions>
          <ns3:TrackPointExtension>
            <ns3:hr>179</ns3:hr>
            <ns3:cad>92</ns3:cad>
          </ns3:TrackPointExtension>
        </extensions>
      </trkpt>
      <trkpt lat="30.75204410590231418609619140625" lon="108.4461289085447788238525390625">
        <ele>431.600006103515625</ele>
        <time>2026-03-12T10:36:39.000Z</time>
        <extensions>
          <ns3:TrackPointExtension>
            <ns3:hr>179</ns3:hr>
            <ns3:cad>92</ns3:cad>
          </ns3:TrackPointExtension>
        </extensions>
      </trkpt>
      <trkpt lat="30.75207092799246311187744140625" lon="108.44612429849803447723388671875">
        <ele>431.600006103515625</ele>
        <time>2026-03-12T10:36:40.000Z</time>
        <extensions>
          <ns3:TrackPointExtension>
            <ns3:hr>179</ns3:hr>
            <ns3:cad>92</ns3:cad>
          </ns3:TrackPointExtension>
        </extensions>
      </trkpt>
      <trkpt lat="30.75210764072835445404052734375" lon="108.44612195156514644622802734375">
        <ele>431.600006103515625</ele>
        <time>2026-03-12T10:36:41.000Z</time>
        <extensions>
          <ns3:TrackPointExtension>
            <ns3:hr>179</ns3:hr>
            <ns3:cad>93</ns3:cad>
          </ns3:TrackPointExtension>
        </extensions>
      </trkpt>
      <trkpt lat="30.75213588774204254150390625" lon="108.44611558131873607635498046875">
        <ele>431.600006103515625</ele>
        <time>2026-03-12T10:36:42.000Z</time>
        <extensions>
          <ns3:TrackPointExtension>
            <ns3:hr>178</ns3:hr>
            <ns3:cad>95</ns3:cad>
          </ns3:TrackPointExtension>
        </extensions>
      </trkpt>
      <trkpt lat="30.7521715946495532989501953125" lon="108.4461195208132266998291015625">
        <ele>431.600006103515625</ele>
        <time>2026-03-12T10:36:43.000Z</time>
        <extensions>
          <ns3:TrackPointExtension>
            <ns3:hr>179</ns3:hr>
            <ns3:cad>95</ns3:cad>
          </ns3:TrackPointExtension>
        </extensions>
      </trkpt>
      <trkpt lat="30.75220696628093719482421875" lon="108.446117341518402099609375">
        <ele>431.600006103515625</ele>
        <time>2026-03-12T10:36:44.000Z</time>
        <extensions>
          <ns3:TrackPointExtension>
            <ns3:hr>179</ns3:hr>
            <ns3:cad>94</ns3:cad>
          </ns3:TrackPointExtension>
        </extensions>
      </trkpt>
      <trkpt lat="30.75223973952233791351318359375" lon="108.44612295739352703094482421875">
        <ele>431.600006103515625</ele>
        <time>2026-03-12T10:36:45.000Z</time>
        <extensions>
          <ns3:TrackPointExtension>
            <ns3:hr>179</ns3:hr>
            <ns3:cad>94</ns3:cad>
          </ns3:TrackPointExtension>
        </extensions>
      </trkpt>
      <trkpt lat="30.75227133929729461669921875" lon="108.44612614251673221588134765625">
        <ele>431.79998779296875</ele>
        <time>2026-03-12T10:36:46.000Z</time>
        <extensions>
          <ns3:TrackPointExtension>
            <ns3:hr>179</ns3:hr>
            <ns3:cad>94</ns3:cad>
          </ns3:TrackPointExtension>
        </extensions>
      </trkpt>
      <trkpt lat="30.75230159796774387359619140625" lon="108.4461255557835102081298828125">
        <ele>431.600006103515625</ele>
        <time>2026-03-12T10:36:47.000Z</time>
        <extensions>
          <ns3:TrackPointExtension>
            <ns3:hr>178</ns3:hr>
            <ns3:cad>94</ns3:cad>
          </ns3:TrackPointExtension>
        </extensions>
      </trkpt>
      <trkpt lat="30.7523399032652378082275390625" lon="108.44612781889736652374267578125">
        <ele>431.600006103515625</ele>
        <time>2026-03-12T10:36:48.000Z</time>
        <extensions>
          <ns3:TrackPointExtension>
            <ns3:hr>179</ns3:hr>
            <ns3:cad>92</ns3:cad>
          </ns3:TrackPointExtension>
        </extensions>
      </trkpt>
      <trkpt lat="30.75236764736473560333251953125" lon="108.44612413085997104644775390625">
        <ele>431.600006103515625</ele>
        <time>2026-03-12T10:36:49.000Z</time>
        <extensions>
          <ns3:TrackPointExtension>
            <ns3:hr>179</ns3:hr>
            <ns3:cad>92</ns3:cad>
          </ns3:TrackPointExtension>
        </extensions>
      </trkpt>
      <trkpt lat="30.75240754522383213043212890625" lon="108.446128405630588531494140625">
        <ele>431.600006103515625</ele>
        <time>2026-03-12T10:36:50.000Z</time>
        <extensions>
          <ns3:TrackPointExtension>
            <ns3:hr>178</ns3:hr>
            <ns3:cad>92</ns3:cad>
          </ns3:TrackPointExtension>
        </extensions>
      </trkpt>
      <trkpt lat="30.75243403203785419464111328125" lon="108.44612203538417816162109375">
        <ele>431.600006103515625</ele>
        <time>2026-03-12T10:36:51.000Z</time>
        <extensions>
          <ns3:TrackPointExtension>
            <ns3:hr>178</ns3:hr>
            <ns3:cad>92</ns3:cad>
          </ns3:TrackPointExtension>
        </extensions>
      </trkpt>
      <trkpt lat="30.75247225351631641387939453125" lon="108.44612714834511280059814453125">
        <ele>431.600006103515625</ele>
        <time>2026-03-12T10:36:52.000Z</time>
        <extensions>
          <ns3:TrackPointExtension>
            <ns3:hr>178</ns3:hr>
            <ns3:cad>92</ns3:cad>
          </ns3:TrackPointExtension>
        </extensions>
      </trkpt>
      <trkpt lat="30.752502344548702239990234375" lon="108.44612547196447849273681640625">
        <ele>431.600006103515625</ele>
        <time>2026-03-12T10:36:53.000Z</time>
        <extensions>
          <ns3:TrackPointExtension>
            <ns3:hr>178</ns3:hr>
            <ns3:cad>92</ns3:cad>
          </ns3:TrackPointExtension>
        </extensions>
      </trkpt>
      <trkpt lat="30.7525362074375152587890625" lon="108.44613008201122283935546875">
        <ele>431.600006103515625</ele>
        <time>2026-03-12T10:36:54.000Z</time>
        <extensions>
          <ns3:TrackPointExtension>
            <ns3:hr>178</ns3:hr>
            <ns3:cad>92</ns3:cad>
          </ns3:TrackPointExtension>
        </extensions>
      </trkpt>
      <trkpt lat="30.752566717565059661865234375" lon="108.446129076182842254638671875">
        <ele>431.600006103515625</ele>
        <time>2026-03-12T10:36:55.000Z</time>
        <extensions>
          <ns3:TrackPointExtension>
            <ns3:hr>178</ns3:hr>
            <ns3:cad>92</ns3:cad>
          </ns3:TrackPointExtension>
        </extensions>
      </trkpt>
      <trkpt lat="30.752598233520984649658203125" lon="108.44613083638250827789306640625">
        <ele>431.600006103515625</ele>
        <time>2026-03-12T10:36:56.000Z</time>
        <extensions>
          <ns3:TrackPointExtension>
            <ns3:hr>178</ns3:hr>
            <ns3:cad>94</ns3:cad>
          </ns3:TrackPointExtension>
        </extensions>
      </trkpt>
      <trkpt lat="30.75262933038175106048583984375" lon="108.44612731598317623138427734375">
        <ele>431.600006103515625</ele>
        <time>2026-03-12T10:36:57.000Z</time>
        <extensions>
          <ns3:TrackPointExtension>
            <ns3:hr>178</ns3:hr>
            <ns3:cad>94</ns3:cad>
          </ns3:TrackPointExtension>
        </extensions>
      </trkpt>
      <trkpt lat="30.75265514664351940155029296875" lon="108.44612614251673221588134765625">
        <ele>431.600006103515625</ele>
        <time>2026-03-12T10:36:58.000Z</time>
        <extensions>
          <ns3:TrackPointExtension>
            <ns3:hr>178</ns3:hr>
            <ns3:cad>93</ns3:cad>
          </ns3:TrackPointExtension>
        </extensions>
      </trkpt>
      <trkpt lat="30.75269001536071300506591796875" lon="108.44612664543092250823974609375">
        <ele>431.600006103515625</ele>
        <time>2026-03-12T10:36:59.000Z</time>
        <extensions>
          <ns3:TrackPointExtension>
            <ns3:hr>178</ns3:hr>
            <ns3:cad>92</ns3:cad>
          </ns3:TrackPointExtension>
        </extensions>
      </trkpt>
      <trkpt lat="30.75271717272698879241943359375" lon="108.44612429849803447723388671875">
        <ele>431.600006103515625</ele>
        <time>2026-03-12T10:37:00.000Z</time>
        <extensions>
          <ns3:TrackPointExtension>
            <ns3:hr>179</ns3:hr>
            <ns3:cad>92</ns3:cad>
          </ns3:TrackPointExtension>
        </extensions>
      </trkpt>
      <trkpt lat="30.75275438837707042694091796875" lon="108.44612765125930309295654296875">
        <ele>431.600006103515625</ele>
        <time>2026-03-12T10:37:01.000Z</time>
        <extensions>
          <ns3:TrackPointExtension>
            <ns3:hr>179</ns3:hr>
            <ns3:cad>92</ns3:cad>
          </ns3:TrackPointExtension>
        </extensions>
      </trkpt>
      <trkpt lat="30.752783976495265960693359375" lon="108.446123041212558746337890625">
        <ele>431.600006103515625</ele>
        <time>2026-03-12T10:37:02.000Z</time>
        <extensions>
          <ns3:TrackPointExtension>
            <ns3:hr>179</ns3:hr>
            <ns3:cad>94</ns3:cad>
          </ns3:TrackPointExtension>
        </extensions>
      </trkpt>
      <trkpt lat="30.752819515764713287353515625" lon="108.4461319260299205780029296875">
        <ele>431.600006103515625</ele>
        <time>2026-03-12T10:37:03.000Z</time>
        <extensions>
          <ns3:TrackPointExtension>
            <ns3:hr>179</ns3:hr>
            <ns3:cad>94</ns3:cad>
          </ns3:TrackPointExtension>
        </extensions>
      </trkpt>
      <trkpt lat="30.752844996750354766845703125" lon="108.44612748362123966217041015625">
        <ele>431.79998779296875</ele>
        <time>2026-03-12T10:37:04.000Z</time>
        <extensions>
          <ns3:TrackPointExtension>
            <ns3:hr>178</ns3:hr>
            <ns3:cad>94</ns3:cad>
          </ns3:TrackPointExtension>
        </extensions>
      </trkpt>
      <trkpt lat="30.75287877582013607025146484375" lon="108.44613234512507915496826171875">
        <ele>431.79998779296875</ele>
        <time>2026-03-12T10:37:05.000Z</time>
        <extensions>
          <ns3:TrackPointExtension>
            <ns3:hr>178</ns3:hr>
            <ns3:cad>94</ns3:cad>
          </ns3:TrackPointExtension>
        </extensions>
      </trkpt>
      <trkpt lat="30.7529090344905853271484375" lon="108.4461299143731594085693359375">
        <ele>431.79998779296875</ele>
        <time>2026-03-12T10:37:06.000Z</time>
        <extensions>
          <ns3:TrackPointExtension>
            <ns3:hr>177</ns3:hr>
            <ns3:cad>92</ns3:cad>
          </ns3:TrackPointExtension>
        </extensions>
      </trkpt>
      <trkpt lat="30.75293912552297115325927734375" lon="108.446129076182842254638671875">
        <ele>431.79998779296875</ele>
        <time>2026-03-12T10:37:07.000Z</time>
        <extensions>
          <ns3:TrackPointExtension>
            <ns3:hr>177</ns3:hr>
            <ns3:cad>92</ns3:cad>
          </ns3:TrackPointExtension>
        </extensions>
      </trkpt>
      <trkpt lat="30.75296963565051555633544921875" lon="108.4461232088506221771240234375">
        <ele>431.79998779296875</ele>
        <time>2026-03-12T10:37:08.000Z</time>
        <extensions>
          <ns3:TrackPointExtension>
            <ns3:hr>178</ns3:hr>
            <ns3:cad>92</ns3:cad>
          </ns3:TrackPointExtension>
        </extensions>
      </trkpt>
      <trkpt lat="30.7529962062835693359375" lon="108.44611667096614837646484375">
        <ele>431.79998779296875</ele>
        <time>2026-03-12T10:37:09.000Z</time>
        <extensions>
          <ns3:TrackPointExtension>
            <ns3:hr>178</ns3:hr>
            <ns3:cad>91</ns3:cad>
          </ns3:TrackPointExtension>
        </extensions>
      </trkpt>
      <trkpt lat="30.753028728067874908447265625" lon="108.446107618510723114013671875">
        <ele>431.79998779296875</ele>
        <time>2026-03-12T10:37:10.000Z</time>
        <extensions>
          <ns3:TrackPointExtension>
            <ns3:hr>178</ns3:hr>
            <ns3:cad>91</ns3:cad>
          </ns3:TrackPointExtension>
        </extensions>
      </trkpt>
      <trkpt lat="30.7530537061393260955810546875" lon="108.446092866361141204833984375">
        <ele>431.79998779296875</ele>
        <time>2026-03-12T10:37:11.000Z</time>
        <extensions>
          <ns3:TrackPointExtension>
            <ns3:hr>177</ns3:hr>
            <ns3:cad>92</ns3:cad>
          </ns3:TrackPointExtension>
        </extensions>
      </trkpt>
      <trkpt lat="30.753090418875217437744140625" lon="108.44607551582157611846923828125">
        <ele>431.79998779296875</ele>
        <time>2026-03-12T10:37:12.000Z</time>
        <extensions>
          <ns3:TrackPointExtension>
            <ns3:hr>177</ns3:hr>
            <ns3:cad>92</ns3:cad>
          </ns3:TrackPointExtension>
        </extensions>
      </trkpt>
      <trkpt lat="30.75311145745217800140380859375" lon="108.446055985987186431884765625">
        <ele>431.79998779296875</ele>
        <time>2026-03-12T10:37:13.000Z</time>
        <extensions>
          <ns3:TrackPointExtension>
            <ns3:hr>177</ns3:hr>
            <ns3:cad>92</ns3:cad>
          </ns3:TrackPointExtension>
        </extensions>
      </trkpt>
      <trkpt lat="30.75314414687454700469970703125" lon="108.4460360370576381683349609375">
        <ele>431.79998779296875</ele>
        <time>2026-03-12T10:37:14.000Z</time>
        <extensions>
          <ns3:TrackPointExtension>
            <ns3:hr>177</ns3:hr>
            <ns3:cad>92</ns3:cad>
          </ns3:TrackPointExtension>
        </extensions>
      </trkpt>
      <trkpt lat="30.75316292233765125274658203125" lon="108.44600862823426723480224609375">
        <ele>431.79998779296875</ele>
        <time>2026-03-12T10:37:15.000Z</time>
        <extensions>
          <ns3:TrackPointExtension>
            <ns3:hr>177</ns3:hr>
            <ns3:cad>92</ns3:cad>
          </ns3:TrackPointExtension>
        </extensions>
      </trkpt>
      <trkpt lat="30.7531891576945781707763671875" lon="108.44598448835313320159912109375">
        <ele>431.79998779296875</ele>
        <time>2026-03-12T10:37:16.000Z</time>
        <extensions>
          <ns3:TrackPointExtension>
            <ns3:hr>177</ns3:hr>
            <ns3:cad>92</ns3:cad>
          </ns3:TrackPointExtension>
        </extensions>
      </trkpt>
      <trkpt lat="30.75320365838706493377685546875" lon="108.44595498405396938323974609375">
        <ele>431.79998779296875</ele>
        <time>2026-03-12T10:37:17.000Z</time>
        <extensions>
          <ns3:TrackPointExtension>
            <ns3:hr>177</ns3:hr>
            <ns3:cad>94</ns3:cad>
          </ns3:TrackPointExtension>
        </extensions>
      </trkpt>
      <trkpt lat="30.75322260148823261260986328125" lon="108.44592514447867870330810546875">
        <ele>431.79998779296875</ele>
        <time>2026-03-12T10:37:18.000Z</time>
        <extensions>
          <ns3:TrackPointExtension>
            <ns3:hr>177</ns3:hr>
            <ns3:cad>94</ns3:cad>
          </ns3:TrackPointExtension>
        </extensions>
      </trkpt>
      <trkpt lat="30.75323819182813167572021484375" lon="108.445893041789531707763671875">
        <ele>431.79998779296875</ele>
        <time>2026-03-12T10:37:19.000Z</time>
        <extensions>
          <ns3:TrackPointExtension>
            <ns3:hr>177</ns3:hr>
            <ns3:cad>94</ns3:cad>
          </ns3:TrackPointExtension>
        </extensions>
      </trkpt>
      <trkpt lat="30.7532555423676967620849609375" lon="108.4458663873374462127685546875">
        <ele>431.79998779296875</ele>
        <time>2026-03-12T10:37:20.000Z</time>
        <extensions>
          <ns3:TrackPointExtension>
            <ns3:hr>176</ns3:hr>
            <ns3:cad>93</ns3:cad>
          </ns3:TrackPointExtension>
        </extensions>
      </trkpt>
      <trkpt lat="30.75327121652662754058837890625" lon="108.44583193771541118621826171875">
        <ele>432</ele>
        <time>2026-03-12T10:37:21.000Z</time>
        <extensions>
          <ns3:TrackPointExtension>
            <ns3:hr>176</ns3:hr>
            <ns3:cad>93</ns3:cad>
          </ns3:TrackPointExtension>
        </extensions>
      </trkpt>
      <trkpt lat="30.7532783411443233489990234375" lon="108.4458000026643276214599609375">
        <ele>432</ele>
        <time>2026-03-12T10:37:22.000Z</time>
        <extensions>
          <ns3:TrackPointExtension>
            <ns3:hr>176</ns3:hr>
            <ns3:cad>93</ns3:cad>
          </ns3:TrackPointExtension>
        </extensions>
      </trkpt>
      <trkpt lat="30.75328747741878032684326171875" lon="108.4457597695291042327880859375">
        <ele>432</ele>
        <time>2026-03-12T10:37:23.000Z</time>
        <extensions>
          <ns3:TrackPointExtension>
            <ns3:hr>176</ns3:hr>
            <ns3:cad>93</ns3:cad>
          </ns3:TrackPointExtension>
        </extensions>
      </trkpt>
      <trkpt lat="30.7532897405326366424560546875" lon="108.44572682864964008331298828125">
        <ele>432</ele>
        <time>2026-03-12T10:37:24.000Z</time>
        <extensions>
          <ns3:TrackPointExtension>
            <ns3:hr>176</ns3:hr>
            <ns3:cad>91</ns3:cad>
          </ns3:TrackPointExtension>
        </extensions>
      </trkpt>
      <trkpt lat="30.753298290073871612548828125" lon="108.44568223692476749420166015625">
        <ele>432</ele>
        <time>2026-03-12T10:37:25.000Z</time>
        <extensions>
          <ns3:TrackPointExtension>
            <ns3:hr>176</ns3:hr>
            <ns3:cad>91</ns3:cad>
          </ns3:TrackPointExtension>
        </extensions>
      </trkpt>
      <trkpt lat="30.7532937638461589813232421875" lon="108.44564602710306644439697265625">
        <ele>432</ele>
        <time>2026-03-12T10:37:26.000Z</time>
        <extensions>
          <ns3:TrackPointExtension>
            <ns3:hr>176</ns3:hr>
            <ns3:cad>92</ns3:cad>
          </ns3:TrackPointExtension>
        </extensions>
      </trkpt>
      <trkpt lat="30.7532974518835544586181640625" lon="108.44560436904430389404296875">
        <ele>432</ele>
        <time>2026-03-12T10:37:27.000Z</time>
        <extensions>
          <ns3:TrackPointExtension>
            <ns3:hr>177</ns3:hr>
            <ns3:cad>93</ns3:cad>
          </ns3:TrackPointExtension>
        </extensions>
      </trkpt>
      <trkpt lat="30.7532900758087635040283203125" lon="108.4455659799277782440185546875">
        <ele>432</ele>
        <time>2026-03-12T10:37:28.000Z</time>
        <extensions>
          <ns3:TrackPointExtension>
            <ns3:hr>176</ns3:hr>
            <ns3:cad>94</ns3:cad>
          </ns3:TrackPointExtension>
        </extensions>
      </trkpt>
      <trkpt lat="30.75328798033297061920166015625" lon="108.445526920258998870849609375">
        <ele>432</ele>
        <time>2026-03-12T10:37:29.000Z</time>
        <extensions>
          <ns3:TrackPointExtension>
            <ns3:hr>176</ns3:hr>
            <ns3:cad>93</ns3:cad>
          </ns3:TrackPointExtension>
        </extensions>
      </trkpt>
      <trkpt lat="30.75327775441110134124755859375" lon="108.4454898722469806671142578125">
        <ele>432</ele>
        <time>2026-03-12T10:37:30.000Z</time>
        <extensions>
          <ns3:TrackPointExtension>
            <ns3:hr>177</ns3:hr>
            <ns3:cad>92</ns3:cad>
          </ns3:TrackPointExtension>
        </extensions>
      </trkpt>
      <trkpt lat="30.75327071361243724822998046875" lon="108.4454556740820407867431640625">
        <ele>432</ele>
        <time>2026-03-12T10:37:31.000Z</time>
        <extensions>
          <ns3:TrackPointExtension>
            <ns3:hr>177</ns3:hr>
            <ns3:cad>91</ns3:cad>
          </ns3:TrackPointExtension>
        </extensions>
      </trkpt>
      <trkpt lat="30.75326099060475826263427734375" lon="108.44541929662227630615234375">
        <ele>432</ele>
        <time>2026-03-12T10:37:32.000Z</time>
        <extensions>
          <ns3:TrackPointExtension>
            <ns3:hr>177</ns3:hr>
            <ns3:cad>91</ns3:cad>
          </ns3:TrackPointExtension>
        </extensions>
      </trkpt>
      <trkpt lat="30.75324900448322296142578125" lon="108.44538602046668529510498046875">
        <ele>432</ele>
        <time>2026-03-12T10:37:33.000Z</time>
        <extensions>
          <ns3:TrackPointExtension>
            <ns3:hr>177</ns3:hr>
            <ns3:cad>92</ns3:cad>
          </ns3:TrackPointExtension>
        </extensions>
      </trkpt>
      <trkpt lat="30.75323282741010189056396484375" lon="108.44534478150308132171630859375">
        <ele>432</ele>
        <time>2026-03-12T10:37:34.000Z</time>
        <extensions>
          <ns3:TrackPointExtension>
            <ns3:hr>178</ns3:hr>
            <ns3:cad>92</ns3:cad>
          </ns3:TrackPointExtension>
        </extensions>
      </trkpt>
      <trkpt lat="30.7532119564712047576904296875" lon="108.44531293027102947235107421875">
        <ele>432</ele>
        <time>2026-03-12T10:37:35.000Z</time>
        <extensions>
          <ns3:TrackPointExtension>
            <ns3:hr>178</ns3:hr>
            <ns3:cad>92</ns3:cad>
          </ns3:TrackPointExtension>
        </extensions>
      </trkpt>
      <trkpt lat="30.75319309718906879425048828125" lon="108.44527387060225009918212890625">
        <ele>432</ele>
        <time>2026-03-12T10:37:36.000Z</time>
        <extensions>
          <ns3:TrackPointExtension>
            <ns3:hr>178</ns3:hr>
            <ns3:cad>94</ns3:cad>
          </ns3:TrackPointExtension>
        </extensions>
      </trkpt>
      <trkpt lat="30.7531710527837276458740234375" lon="108.445247299969196319580078125">
        <ele>432</ele>
        <time>2026-03-12T10:37:37.000Z</time>
        <extensions>
          <ns3:TrackPointExtension>
            <ns3:hr>179</ns3:hr>
            <ns3:cad>94</ns3:cad>
          </ns3:TrackPointExtension>
        </extensions>
      </trkpt>
      <trkpt lat="30.75315244495868682861328125" lon="108.4452147781848907470703125">
        <ele>432</ele>
        <time>2026-03-12T10:37:38.000Z</time>
        <extensions>
          <ns3:TrackPointExtension>
            <ns3:hr>179</ns3:hr>
            <ns3:cad>93</ns3:cad>
          </ns3:TrackPointExtension>
        </extensions>
      </trkpt>
      <trkpt lat="30.75312696397304534912109375" lon="108.445189297199249267578125">
        <ele>432</ele>
        <time>2026-03-12T10:37:39.000Z</time>
        <extensions>
          <ns3:TrackPointExtension>
            <ns3:hr>179</ns3:hr>
            <ns3:cad>93</ns3:cad>
          </ns3:TrackPointExtension>
        </extensions>
      </trkpt>
      <trkpt lat="30.75310257263481616973876953125" lon="108.445166833698749542236328125">
        <ele>432</ele>
        <time>2026-03-12T10:37:40.000Z</time>
        <extensions>
          <ns3:TrackPointExtension>
            <ns3:hr>179</ns3:hr>
            <ns3:cad>93</ns3:cad>
          </ns3:TrackPointExtension>
        </extensions>
      </trkpt>
      <trkpt lat="30.753070302307605743408203125" lon="108.44515032134950160980224609375">
        <ele>432</ele>
        <time>2026-03-12T10:37:41.000Z</time>
        <extensions>
          <ns3:TrackPointExtension>
            <ns3:hr>179</ns3:hr>
            <ns3:cad>93</ns3:cad>
          </ns3:TrackPointExtension>
        </extensions>
      </trkpt>
      <trkpt lat="30.7530419714748859405517578125" lon="108.4451374970376491546630859375">
        <ele>432</ele>
        <time>2026-03-12T10:37:42.000Z</time>
        <extensions>
          <ns3:TrackPointExtension>
            <ns3:hr>179</ns3:hr>
            <ns3:cad>93</ns3:cad>
          </ns3:TrackPointExtension>
        </extensions>
      </trkpt>
      <trkpt lat="30.7530030794441699981689453125" lon="108.4451358206570148468017578125">
        <ele>432</ele>
        <time>2026-03-12T10:37:43.000Z</time>
        <extensions>
          <ns3:TrackPointExtension>
            <ns3:hr>178</ns3:hr>
            <ns3:cad>93</ns3:cad>
          </ns3:TrackPointExtension>
        </extensions>
      </trkpt>
      <trkpt lat="30.75297407805919647216796875" lon="108.44513632357120513916015625">
        <ele>432</ele>
        <time>2026-03-12T10:37:44.000Z</time>
        <extensions>
          <ns3:TrackPointExtension>
            <ns3:hr>179</ns3:hr>
            <ns3:cad>92</ns3:cad>
          </ns3:TrackPointExtension>
        </extensions>
      </trkpt>
      <trkpt lat="30.75293719768524169921875" lon="108.44513556919991970062255859375">
        <ele>432</ele>
        <time>2026-03-12T10:37:45.000Z</time>
        <extensions>
          <ns3:TrackPointExtension>
            <ns3:hr>179</ns3:hr>
            <ns3:cad>92</ns3:cad>
          </ns3:TrackPointExtension>
        </extensions>
      </trkpt>
      <trkpt lat="30.752908028662204742431640625" lon="108.44514093361794948577880859375">
        <ele>432</ele>
        <time>2026-03-12T10:37:46.000Z</time>
        <extensions>
          <ns3:TrackPointExtension>
            <ns3:hr>179</ns3:hr>
            <ns3:cad>92</ns3:cad>
          </ns3:TrackPointExtension>
        </extensions>
      </trkpt>
      <trkpt lat="30.7528733275830745697021484375" lon="108.44513875432312488555908203125">
        <ele>432.20001220703125</ele>
        <time>2026-03-12T10:37:47.000Z</time>
        <extensions>
          <ns3:TrackPointExtension>
            <ns3:hr>181</ns3:hr>
            <ns3:cad>92</ns3:cad>
          </ns3:TrackPointExtension>
        </extensions>
      </trkpt>
      <trkpt lat="30.75284172780811786651611328125" lon="108.4451452083885669708251953125">
        <ele>432.20001220703125</ele>
        <time>2026-03-12T10:37:48.000Z</time>
        <extensions>
          <ns3:TrackPointExtension>
            <ns3:hr>181</ns3:hr>
            <ns3:cad>92</ns3:cad>
          </ns3:TrackPointExtension>
        </extensions>
      </trkpt>
      <trkpt lat="30.75281004421412944793701171875" lon="108.4451425261795520782470703125">
        <ele>432.20001220703125</ele>
        <time>2026-03-12T10:37:49.000Z</time>
        <extensions>
          <ns3:TrackPointExtension>
            <ns3:hr>181</ns3:hr>
            <ns3:cad>92</ns3:cad>
          </ns3:TrackPointExtension>
        </extensions>
      </trkpt>
      <trkpt lat="30.752779282629489898681640625" lon="108.44514428637921810150146484375">
        <ele>432.20001220703125</ele>
        <time>2026-03-12T10:37:50.000Z</time>
        <extensions>
          <ns3:TrackPointExtension>
            <ns3:hr>181</ns3:hr>
            <ns3:cad>93</ns3:cad>
          </ns3:TrackPointExtension>
        </extensions>
      </trkpt>
      <trkpt lat="30.7527486048638820648193359375" lon="108.44514361582696437835693359375">
        <ele>432.20001220703125</ele>
        <time>2026-03-12T10:37:51.000Z</time>
        <extensions>
          <ns3:TrackPointExtension>
            <ns3:hr>181</ns3:hr>
            <ns3:cad>93</ns3:cad>
          </ns3:TrackPointExtension>
        </extensions>
      </trkpt>
      <trkpt lat="30.752716921269893646240234375" lon="108.445143364369869232177734375">
        <ele>432.20001220703125</ele>
        <time>2026-03-12T10:37:52.000Z</time>
        <extensions>
          <ns3:TrackPointExtension>
            <ns3:hr>181</ns3:hr>
            <ns3:cad>92</ns3:cad>
          </ns3:TrackPointExtension>
        </extensions>
      </trkpt>
      <trkpt lat="30.75268867425620555877685546875" lon="108.44514361582696437835693359375">
        <ele>432.20001220703125</ele>
        <time>2026-03-12T10:37:53.000Z</time>
        <extensions>
          <ns3:TrackPointExtension>
            <ns3:hr>181</ns3:hr>
            <ns3:cad>92</ns3:cad>
          </ns3:TrackPointExtension>
        </extensions>
      </trkpt>
      <trkpt lat="30.7526553981006145477294921875" lon="108.44514428637921810150146484375">
        <ele>432.399993896484375</ele>
        <time>2026-03-12T10:37:54.000Z</time>
        <extensions>
          <ns3:TrackPointExtension>
            <ns3:hr>181</ns3:hr>
            <ns3:cad>92</ns3:cad>
          </ns3:TrackPointExtension>
        </extensions>
      </trkpt>
      <trkpt lat="30.75262547470629215240478515625" lon="108.4451458789408206939697265625">
        <ele>432.399993896484375</ele>
        <time>2026-03-12T10:37:55.000Z</time>
        <extensions>
          <ns3:TrackPointExtension>
            <ns3:hr>180</ns3:hr>
            <ns3:cad>92</ns3:cad>
          </ns3:TrackPointExtension>
        </extensions>
      </trkpt>
      <trkpt lat="30.752589516341686248779296875" lon="108.4451450407505035400390625">
        <ele>432.399993896484375</ele>
        <time>2026-03-12T10:37:56.000Z</time>
        <extensions>
          <ns3:TrackPointExtension>
            <ns3:hr>181</ns3:hr>
            <ns3:cad>92</ns3:cad>
          </ns3:TrackPointExtension>
        </extensions>
      </trkpt>
      <trkpt lat="30.75255967676639556884765625" lon="108.4451522491872310638427734375">
        <ele>432.399993896484375</ele>
        <time>2026-03-12T10:37:57.000Z</time>
        <extensions>
          <ns3:TrackPointExtension>
            <ns3:hr>181</ns3:hr>
            <ns3:cad>92</ns3:cad>
          </ns3:TrackPointExtension>
        </extensions>
      </trkpt>
      <trkpt lat="30.75252556242048740386962890625" lon="108.44514730386435985565185546875">
        <ele>432.399993896484375</ele>
        <time>2026-03-12T10:37:58.000Z</time>
        <extensions>
          <ns3:TrackPointExtension>
            <ns3:hr>181</ns3:hr>
            <ns3:cad>92</ns3:cad>
          </ns3:TrackPointExtension>
        </extensions>
      </trkpt>
      <trkpt lat="30.752498321235179901123046875" lon="108.445154093205928802490234375">
        <ele>432.399993896484375</ele>
        <time>2026-03-12T10:37:59.000Z</time>
        <extensions>
          <ns3:TrackPointExtension>
            <ns3:hr>181</ns3:hr>
            <ns3:cad>93</ns3:cad>
          </ns3:TrackPointExtension>
        </extensions>
      </trkpt>
      <trkpt lat="30.75246437452733516693115234375" lon="108.44514797441661357879638671875">
        <ele>432.399993896484375</ele>
        <time>2026-03-12T10:38:00.000Z</time>
        <extensions>
          <ns3:TrackPointExtension>
            <ns3:hr>181</ns3:hr>
            <ns3:cad>94</ns3:cad>
          </ns3:TrackPointExtension>
        </extensions>
      </trkpt>
      <trkpt lat="30.7524351216852664947509765625" lon="108.4451495669782161712646484375">
        <ele>432.399993896484375</ele>
        <time>2026-03-12T10:38:01.000Z</time>
        <extensions>
          <ns3:TrackPointExtension>
            <ns3:hr>181</ns3:hr>
            <ns3:cad>94</ns3:cad>
          </ns3:TrackPointExtension>
        </extensions>
      </trkpt>
      <trkpt lat="30.7524059526622295379638671875" lon="108.445144034922122955322265625">
        <ele>432.399993896484375</ele>
        <time>2026-03-12T10:38:02.000Z</time>
        <extensions>
          <ns3:TrackPointExtension>
            <ns3:hr>181</ns3:hr>
            <ns3:cad>94</ns3:cad>
          </ns3:TrackPointExtension>
        </extensions>
      </trkpt>
      <trkpt lat="30.75237452052533626556396484375" lon="108.44514973461627960205078125">
        <ele>432.399993896484375</ele>
        <time>2026-03-12T10:38:03.000Z</time>
        <extensions>
          <ns3:TrackPointExtension>
            <ns3:hr>181</ns3:hr>
            <ns3:cad>93</ns3:cad>
          </ns3:TrackPointExtension>
        </extensions>
      </trkpt>
      <trkpt lat="30.7523439265787601470947265625" lon="108.4451482258737087249755859375">
        <ele>432.399993896484375</ele>
        <time>2026-03-12T10:38:04.000Z</time>
        <extensions>
          <ns3:TrackPointExtension>
            <ns3:hr>181</ns3:hr>
            <ns3:cad>91</ns3:cad>
          </ns3:TrackPointExtension>
        </extensions>
      </trkpt>
      <trkpt lat="30.75230796821415424346923828125" lon="108.445151410996913909912109375">
        <ele>432.399993896484375</ele>
        <time>2026-03-12T10:38:05.000Z</time>
        <extensions>
          <ns3:TrackPointExtension>
            <ns3:hr>181</ns3:hr>
            <ns3:cad>91</ns3:cad>
          </ns3:TrackPointExtension>
        </extensions>
      </trkpt>
      <trkpt lat="30.752277374267578125" lon="108.4451519139111042022705078125">
        <ele>432.399993896484375</ele>
        <time>2026-03-12T10:38:06.000Z</time>
        <extensions>
          <ns3:TrackPointExtension>
            <ns3:hr>182</ns3:hr>
            <ns3:cad>91</ns3:cad>
          </ns3:TrackPointExtension>
        </extensions>
      </trkpt>
      <trkpt lat="30.752240158617496490478515625" lon="108.445151746273040771484375">
        <ele>432.399993896484375</ele>
        <time>2026-03-12T10:38:07.000Z</time>
        <extensions>
          <ns3:TrackPointExtension>
            <ns3:hr>181</ns3:hr>
            <ns3:cad>94</ns3:cad>
          </ns3:TrackPointExtension>
        </extensions>
      </trkpt>
      <trkpt lat="30.75221291743218898773193359375" lon="108.4451529197394847869873046875">
        <ele>432.399993896484375</ele>
        <time>2026-03-12T10:38:08.000Z</time>
        <extensions>
          <ns3:TrackPointExtension>
            <ns3:hr>181</ns3:hr>
            <ns3:cad>94</ns3:cad>
          </ns3:TrackPointExtension>
        </extensions>
      </trkpt>
      <trkpt lat="30.75217871926724910736083984375" lon="108.44514973461627960205078125">
        <ele>432.399993896484375</ele>
        <time>2026-03-12T10:38:09.000Z</time>
        <extensions>
          <ns3:TrackPointExtension>
            <ns3:hr>181</ns3:hr>
            <ns3:cad>92</ns3:cad>
          </ns3:TrackPointExtension>
        </extensions>
      </trkpt>
      <trkpt lat="30.75215063989162445068359375" lon="108.44514906406402587890625">
        <ele>432.399993896484375</ele>
        <time>2026-03-12T10:38:10.000Z</time>
        <extensions>
          <ns3:TrackPointExtension>
            <ns3:hr>181</ns3:hr>
            <ns3:cad>92</ns3:cad>
          </ns3:TrackPointExtension>
        </extensions>
      </trkpt>
      <trkpt lat="30.75211635790765285491943359375" lon="108.4451425261795520782470703125">
        <ele>432.399993896484375</ele>
        <time>2026-03-12T10:38:11.000Z</time>
        <extensions>
          <ns3:TrackPointExtension>
            <ns3:hr>181</ns3:hr>
            <ns3:cad>93</ns3:cad>
          </ns3:TrackPointExtension>
        </extensions>
      </trkpt>
      <trkpt lat="30.7520894519984722137451171875" lon="108.44514562748372554779052734375">
        <ele>432.399993896484375</ele>
        <time>2026-03-12T10:38:12.000Z</time>
        <extensions>
          <ns3:TrackPointExtension>
            <ns3:hr>181</ns3:hr>
            <ns3:cad>94</ns3:cad>
          </ns3:TrackPointExtension>
        </extensions>
      </trkpt>
      <trkpt lat="30.75205768458545207977294921875" lon="108.4451411850750446319580078125">
        <ele>432.600006103515625</ele>
        <time>2026-03-12T10:38:13.000Z</time>
        <extensions>
          <ns3:TrackPointExtension>
            <ns3:hr>181</ns3:hr>
            <ns3:cad>94</ns3:cad>
          </ns3:TrackPointExtension>
        </extensions>
      </trkpt>
      <trkpt lat="30.752026252448558807373046875" lon="108.44514763914048671722412109375">
        <ele>432.600006103515625</ele>
        <time>2026-03-12T10:38:14.000Z</time>
        <extensions>
          <ns3:TrackPointExtension>
            <ns3:hr>181</ns3:hr>
            <ns3:cad>94</ns3:cad>
          </ns3:TrackPointExtension>
        </extensions>
      </trkpt>
      <trkpt lat="30.75199666433036327362060546875" lon="108.4451485611498355865478515625">
        <ele>432.600006103515625</ele>
        <time>2026-03-12T10:38:15.000Z</time>
        <extensions>
          <ns3:TrackPointExtension>
            <ns3:hr>179</ns3:hr>
            <ns3:cad>93</ns3:cad>
          </ns3:TrackPointExtension>
        </extensions>
      </trkpt>
      <trkpt lat="30.7519643940031528472900390625" lon="108.4451569430530071258544921875">
        <ele>432.600006103515625</ele>
        <time>2026-03-12T10:38:16.000Z</time>
        <extensions>
          <ns3:TrackPointExtension>
            <ns3:hr>178</ns3:hr>
            <ns3:cad>93</ns3:cad>
          </ns3:TrackPointExtension>
        </extensions>
      </trkpt>
      <trkpt lat="30.751934386789798736572265625" lon="108.4451633132994174957275390625">
        <ele>432.600006103515625</ele>
        <time>2026-03-12T10:38:17.000Z</time>
        <extensions>
          <ns3:TrackPointExtension>
            <ns3:hr>178</ns3:hr>
            <ns3:cad>92</ns3:cad>
          </ns3:TrackPointExtension>
        </extensions>
      </trkpt>
      <trkpt lat="30.7519020326435565948486328125" lon="108.44517412595450878143310546875">
        <ele>432.600006103515625</ele>
        <time>2026-03-12T10:38:18.000Z</time>
        <extensions>
          <ns3:TrackPointExtension>
            <ns3:hr>177</ns3:hr>
            <ns3:cad>92</ns3:cad>
          </ns3:TrackPointExtension>
        </extensions>
      </trkpt>
      <trkpt lat="30.75187546201050281524658203125" lon="108.445188291370868682861328125">
        <ele>432.600006103515625</ele>
        <time>2026-03-12T10:38:19.000Z</time>
        <extensions>
          <ns3:TrackPointExtension>
            <ns3:hr>177</ns3:hr>
            <ns3:cad>92</ns3:cad>
          </ns3:TrackPointExtension>
        </extensions>
      </trkpt>
      <trkpt lat="30.7518420182168483734130859375" lon="108.44520932994782924652099609375">
        <ele>432.600006103515625</ele>
        <time>2026-03-12T10:38:20.000Z</time>
        <extensions>
          <ns3:TrackPointExtension>
            <ns3:hr>178</ns3:hr>
            <ns3:cad>93</ns3:cad>
          </ns3:TrackPointExtension>
        </extensions>
      </trkpt>
      <trkpt lat="30.75181645341217517852783203125" lon="108.445229865610599517822265625">
        <ele>432.600006103515625</ele>
        <time>2026-03-12T10:38:21.000Z</time>
        <extensions>
          <ns3:TrackPointExtension>
            <ns3:hr>178</ns3:hr>
            <ns3:cad>94</ns3:cad>
          </ns3:TrackPointExtension>
        </extensions>
      </trkpt>
      <trkpt lat="30.75178309343755245208740234375" lon="108.4452518261969089508056640625">
        <ele>432.600006103515625</ele>
        <time>2026-03-12T10:38:22.000Z</time>
        <extensions>
          <ns3:TrackPointExtension>
            <ns3:hr>178</ns3:hr>
            <ns3:cad>93</ns3:cad>
          </ns3:TrackPointExtension>
        </extensions>
      </trkpt>
      <trkpt lat="30.75176574289798736572265625" lon="108.4452779777348041534423828125">
        <ele>432.600006103515625</ele>
        <time>2026-03-12T10:38:23.000Z</time>
        <extensions>
          <ns3:TrackPointExtension>
            <ns3:hr>178</ns3:hr>
            <ns3:cad>93</ns3:cad>
          </ns3:TrackPointExtension>
        </extensions>
      </trkpt>
      <trkpt lat="30.75174168683588504791259765625" lon="108.445307649672031402587890625">
        <ele>432.600006103515625</ele>
        <time>2026-03-12T10:38:24.000Z</time>
        <extensions>
          <ns3:TrackPointExtension>
            <ns3:hr>178</ns3:hr>
            <ns3:cad>93</ns3:cad>
          </ns3:TrackPointExtension>
        </extensions>
      </trkpt>
      <trkpt lat="30.75172358192503452301025390625" lon="108.4453366510570049285888671875">
        <ele>432.600006103515625</ele>
        <time>2026-03-12T10:38:25.000Z</time>
        <extensions>
          <ns3:TrackPointExtension>
            <ns3:hr>178</ns3:hr>
            <ns3:cad>93</ns3:cad>
          </ns3:TrackPointExtension>
        </extensions>
      </trkpt>
      <trkpt lat="30.75169734656810760498046875" lon="108.44536489807069301605224609375">
        <ele>432.600006103515625</ele>
        <time>2026-03-12T10:38:26.000Z</time>
        <extensions>
          <ns3:TrackPointExtension>
            <ns3:hr>178</ns3:hr>
            <ns3:cad>93</ns3:cad>
          </ns3:TrackPointExtension>
        </extensions>
      </trkpt>
      <trkpt lat="30.7516790740191936492919921875" lon="108.4453996829688549041748046875">
        <ele>432.600006103515625</ele>
        <time>2026-03-12T10:38:27.000Z</time>
        <extensions>
          <ns3:TrackPointExtension>
            <ns3:hr>178</ns3:hr>
            <ns3:cad>92</ns3:cad>
          </ns3:TrackPointExtension>
        </extensions>
      </trkpt>
      <trkpt lat="30.751659460365772247314453125" lon="108.44542910344898700714111328125">
        <ele>432.600006103515625</ele>
        <time>2026-03-12T10:38:28.000Z</time>
        <extensions>
          <ns3:TrackPointExtension>
            <ns3:hr>177</ns3:hr>
            <ns3:cad>92</ns3:cad>
          </ns3:TrackPointExtension>
        </extensions>
      </trkpt>
      <trkpt lat="30.75164244510233402252197265625" lon="108.4454694204032421112060546875">
        <ele>432.600006103515625</ele>
        <time>2026-03-12T10:38:29.000Z</time>
        <extensions>
          <ns3:TrackPointExtension>
            <ns3:hr>178</ns3:hr>
            <ns3:cad>92</ns3:cad>
          </ns3:TrackPointExtension>
        </extensions>
      </trkpt>
      <trkpt lat="30.7516311295330524444580078125" lon="108.44550018198788166046142578125">
        <ele>432.600006103515625</ele>
        <time>2026-03-12T10:38:30.000Z</time>
        <extensions>
          <ns3:TrackPointExtension>
            <ns3:hr>178</ns3:hr>
            <ns3:cad>92</ns3:cad>
          </ns3:TrackPointExtension>
        </extensions>
      </trkpt>
      <trkpt lat="30.7516187243163585662841796875" lon="108.44554108567535877227783203125">
        <ele>432.600006103515625</ele>
        <time>2026-03-12T10:38:31.000Z</time>
        <extensions>
          <ns3:TrackPointExtension>
            <ns3:hr>178</ns3:hr>
            <ns3:cad>93</ns3:cad>
          </ns3:TrackPointExtension>
        </extensions>
      </trkpt>
      <trkpt lat="30.7516143657267093658447265625" lon="108.44557528384029865264892578125">
        <ele>432.600006103515625</ele>
        <time>2026-03-12T10:38:32.000Z</time>
        <extensions>
          <ns3:TrackPointExtension>
            <ns3:hr>178</ns3:hr>
            <ns3:cad>92</ns3:cad>
          </ns3:TrackPointExtension>
        </extensions>
      </trkpt>
      <trkpt lat="30.75161042623221874237060546875" lon="108.44561786390841007232666015625">
        <ele>432.600006103515625</ele>
        <time>2026-03-12T10:38:33.000Z</time>
        <extensions>
          <ns3:TrackPointExtension>
            <ns3:hr>178</ns3:hr>
            <ns3:cad>92</ns3:cad>
          </ns3:TrackPointExtension>
        </extensions>
      </trkpt>
      <trkpt lat="30.75160807929933071136474609375" lon="108.445654325187206268310546875">
        <ele>432.600006103515625</ele>
        <time>2026-03-12T10:38:34.000Z</time>
        <extensions>
          <ns3:TrackPointExtension>
            <ns3:hr>179</ns3:hr>
            <ns3:cad>92</ns3:cad>
          </ns3:TrackPointExtension>
        </extensions>
      </trkpt>
      <trkpt lat="30.75160120613873004913330078125" lon="108.445692546665668487548828125">
        <ele>432.600006103515625</ele>
        <time>2026-03-12T10:38:35.000Z</time>
        <extensions>
          <ns3:TrackPointExtension>
            <ns3:hr>178</ns3:hr>
            <ns3:cad>92</ns3:cad>
          </ns3:TrackPointExtension>
        </extensions>
      </trkpt>
      <trkpt lat="30.75160774402320384979248046875" lon="108.44572733156383037567138671875">
        <ele>432.600006103515625</ele>
        <time>2026-03-12T10:38:36.000Z</time>
        <extensions>
          <ns3:TrackPointExtension>
            <ns3:hr>178</ns3:hr>
            <ns3:cad>92</ns3:cad>
          </ns3:TrackPointExtension>
        </extensions>
      </trkpt>
      <trkpt lat="30.75160891748964786529541015625" lon="108.44576287083327770233154296875">
        <ele>432.600006103515625</ele>
        <time>2026-03-12T10:38:37.000Z</time>
        <extensions>
          <ns3:TrackPointExtension>
            <ns3:hr>178</ns3:hr>
            <ns3:cad>92</ns3:cad>
          </ns3:TrackPointExtension>
        </extensions>
      </trkpt>
      <trkpt lat="30.7516173832118511199951171875" lon="108.44579975120723247528076171875">
        <ele>432.600006103515625</ele>
        <time>2026-03-12T10:38:38.000Z</time>
        <extensions>
          <ns3:TrackPointExtension>
            <ns3:hr>178</ns3:hr>
            <ns3:cad>92</ns3:cad>
          </ns3:TrackPointExtension>
        </extensions>
      </trkpt>
      <trkpt lat="30.75162266381084918975830078125" lon="108.4458298422396183013916015625">
        <ele>432.600006103515625</ele>
        <time>2026-03-12T10:38:39.000Z</time>
        <extensions>
          <ns3:TrackPointExtension>
            <ns3:hr>178</ns3:hr>
            <ns3:cad>92</ns3:cad>
          </ns3:TrackPointExtension>
        </extensions>
      </trkpt>
      <trkpt lat="30.7516344822943210601806640625" lon="108.44586697407066822052001953125">
        <ele>432.600006103515625</ele>
        <time>2026-03-12T10:38:40.000Z</time>
        <extensions>
          <ns3:TrackPointExtension>
            <ns3:hr>178</ns3:hr>
            <ns3:cad>92</ns3:cad>
          </ns3:TrackPointExtension>
        </extensions>
      </trkpt>
      <trkpt lat="30.75165417976677417755126953125" lon="108.4458922035992145538330078125">
        <ele>432.600006103515625</ele>
        <time>2026-03-12T10:38:41.000Z</time>
        <extensions>
          <ns3:TrackPointExtension>
            <ns3:hr>178</ns3:hr>
            <ns3:cad>92</ns3:cad>
          </ns3:TrackPointExtension>
        </extensions>
      </trkpt>
      <trkpt lat="30.75167546980082988739013671875" lon="108.4459307603538036346435546875">
        <ele>432.600006103515625</ele>
        <time>2026-03-12T10:38:42.000Z</time>
        <extensions>
          <ns3:TrackPointExtension>
            <ns3:hr>179</ns3:hr>
            <ns3:cad>92</ns3:cad>
          </ns3:TrackPointExtension>
        </extensions>
      </trkpt>
      <trkpt lat="30.75170195661485195159912109375" lon="108.445952050387859344482421875">
        <ele>432.600006103515625</ele>
        <time>2026-03-12T10:38:43.000Z</time>
        <extensions>
          <ns3:TrackPointExtension>
            <ns3:hr>179</ns3:hr>
            <ns3:cad>92</ns3:cad>
          </ns3:TrackPointExtension>
        </extensions>
      </trkpt>
      <trkpt lat="30.75172358192503452301025390625" lon="108.44598683528602123260498046875">
        <ele>432.600006103515625</ele>
        <time>2026-03-12T10:38:44.000Z</time>
        <extensions>
          <ns3:TrackPointExtension>
            <ns3:hr>179</ns3:hr>
            <ns3:cad>93</ns3:cad>
          </ns3:TrackPointExtension>
        </extensions>
      </trkpt>
      <trkpt lat="30.75175040401518344879150390625" lon="108.4460078738629817962646484375">
        <ele>432.600006103515625</ele>
        <time>2026-03-12T10:38:45.000Z</time>
        <extensions>
          <ns3:TrackPointExtension>
            <ns3:hr>179</ns3:hr>
            <ns3:cad>94</ns3:cad>
          </ns3:TrackPointExtension>
        </extensions>
      </trkpt>
      <trkpt lat="30.751775465905666351318359375" lon="108.446038551628589630126953125">
        <ele>432.600006103515625</ele>
        <time>2026-03-12T10:38:46.000Z</time>
        <extensions>
          <ns3:TrackPointExtension>
            <ns3:hr>179</ns3:hr>
            <ns3:cad>94</ns3:cad>
          </ns3:TrackPointExtension>
        </extensions>
      </trkpt>
      <trkpt lat="30.75180538929998874664306640625" lon="108.44606210477650165557861328125">
        <ele>432.600006103515625</ele>
        <time>2026-03-12T10:38:47.000Z</time>
        <extensions>
          <ns3:TrackPointExtension>
            <ns3:hr>179</ns3:hr>
            <ns3:cad>92</ns3:cad>
          </ns3:TrackPointExtension>
        </extensions>
      </trkpt>
      <trkpt lat="30.751829780638217926025390625" lon="108.44608473591506481170654296875">
        <ele>432.600006103515625</ele>
        <time>2026-03-12T10:38:48.000Z</time>
        <extensions>
          <ns3:TrackPointExtension>
            <ns3:hr>180</ns3:hr>
            <ns3:cad>92</ns3:cad>
          </ns3:TrackPointExtension>
        </extensions>
      </trkpt>
      <trkpt lat="30.75186070986092090606689453125" lon="108.4461047686636447906494140625">
        <ele>432.600006103515625</ele>
        <time>2026-03-12T10:38:49.000Z</time>
        <extensions>
          <ns3:TrackPointExtension>
            <ns3:hr>180</ns3:hr>
            <ns3:cad>93</ns3:cad>
          </ns3:TrackPointExtension>
        </extensions>
      </trkpt>
      <trkpt lat="30.7518896274268627166748046875" lon="108.4461228735744953155517578125">
        <ele>432.600006103515625</ele>
        <time>2026-03-12T10:38:50.000Z</time>
        <extensions>
          <ns3:TrackPointExtension>
            <ns3:hr>180</ns3:hr>
            <ns3:cad>94</ns3:cad>
          </ns3:TrackPointExtension>
        </extensions>
      </trkpt>
      <trkpt lat="30.7519271783530712127685546875" lon="108.44613703899085521697998046875">
        <ele>432.600006103515625</ele>
        <time>2026-03-12T10:38:51.000Z</time>
        <extensions>
          <ns3:TrackPointExtension>
            <ns3:hr>180</ns3:hr>
            <ns3:cad>94</ns3:cad>
          </ns3:TrackPointExtension>
        </extensions>
      </trkpt>
      <trkpt lat="30.75195693410933017730712890625" lon="108.4461443312466144561767578125">
        <ele>432.600006103515625</ele>
        <time>2026-03-12T10:38:52.000Z</time>
        <extensions>
          <ns3:TrackPointExtension>
            <ns3:hr>180</ns3:hr>
            <ns3:cad>94</ns3:cad>
          </ns3:TrackPointExtension>
        </extensions>
      </trkpt>
      <trkpt lat="30.75199750252068042755126953125" lon="108.44615195877850055694580078125">
        <ele>432.600006103515625</ele>
        <time>2026-03-12T10:38:53.000Z</time>
        <extensions>
          <ns3:TrackPointExtension>
            <ns3:hr>181</ns3:hr>
            <ns3:cad>93</ns3:cad>
          </ns3:TrackPointExtension>
        </extensions>
      </trkpt>
      <trkpt lat="30.75202750973403453826904296875" lon="108.4461493603885173797607421875">
        <ele>432.600006103515625</ele>
        <time>2026-03-12T10:38:54.000Z</time>
        <extensions>
          <ns3:TrackPointExtension>
            <ns3:hr>180</ns3:hr>
            <ns3:cad>94</ns3:cad>
          </ns3:TrackPointExtension>
        </extensions>
      </trkpt>
      <trkpt lat="30.75206439010798931121826171875" lon="108.44615665264427661895751953125">
        <ele>432.600006103515625</ele>
        <time>2026-03-12T10:38:55.000Z</time>
        <extensions>
          <ns3:TrackPointExtension>
            <ns3:hr>180</ns3:hr>
            <ns3:cad>93</ns3:cad>
          </ns3:TrackPointExtension>
        </extensions>
      </trkpt>
      <trkpt lat="30.7520936429500579833984375" lon="108.44615011475980281829833984375">
        <ele>432.600006103515625</ele>
        <time>2026-03-12T10:38:56.000Z</time>
        <extensions>
          <ns3:TrackPointExtension>
            <ns3:hr>181</ns3:hr>
            <ns3:cad>93</ns3:cad>
          </ns3:TrackPointExtension>
        </extensions>
      </trkpt>
      <trkpt lat="30.75212993659079074859619140625" lon="108.4461574070155620574951171875">
        <ele>432.600006103515625</ele>
        <time>2026-03-12T10:38:57.000Z</time>
        <extensions>
          <ns3:TrackPointExtension>
            <ns3:hr>181</ns3:hr>
            <ns3:cad>93</ns3:cad>
          </ns3:TrackPointExtension>
        </extensions>
      </trkpt>
      <trkpt lat="30.7521578483283519744873046875" lon="108.44615464098751544952392578125">
        <ele>432.600006103515625</ele>
        <time>2026-03-12T10:38:58.000Z</time>
        <extensions>
          <ns3:TrackPointExtension>
            <ns3:hr>181</ns3:hr>
            <ns3:cad>93</ns3:cad>
          </ns3:TrackPointExtension>
        </extensions>
      </trkpt>
      <trkpt lat="30.75219229795038700103759765625" lon="108.44616000540554523468017578125">
        <ele>432.600006103515625</ele>
        <time>2026-03-12T10:38:59.000Z</time>
        <extensions>
          <ns3:TrackPointExtension>
            <ns3:hr>181</ns3:hr>
            <ns3:cad>93</ns3:cad>
          </ns3:TrackPointExtension>
        </extensions>
      </trkpt>
      <trkpt lat="30.7522212155163288116455078125" lon="108.44615430571138858795166015625">
        <ele>432.600006103515625</ele>
        <time>2026-03-12T10:39:00.000Z</time>
        <extensions>
          <ns3:TrackPointExtension>
            <ns3:hr>180</ns3:hr>
            <ns3:cad>93</ns3:cad>
          </ns3:TrackPointExtension>
        </extensions>
      </trkpt>
      <trkpt lat="30.752253569662570953369140625" lon="108.44616084359586238861083984375">
        <ele>432.600006103515625</ele>
        <time>2026-03-12T10:39:01.000Z</time>
        <extensions>
          <ns3:TrackPointExtension>
            <ns3:hr>181</ns3:hr>
            <ns3:cad>92</ns3:cad>
          </ns3:TrackPointExtension>
        </extensions>
      </trkpt>
      <trkpt lat="30.75228818692266941070556640625" lon="108.44615346752107143402099609375">
        <ele>432.600006103515625</ele>
        <time>2026-03-12T10:39:02.000Z</time>
        <extensions>
          <ns3:TrackPointExtension>
            <ns3:hr>181</ns3:hr>
            <ns3:cad>93</ns3:cad>
          </ns3:TrackPointExtension>
        </extensions>
      </trkpt>
      <trkpt lat="30.75231802649796009063720703125" lon="108.4461537189781665802001953125">
        <ele>432.600006103515625</ele>
        <time>2026-03-12T10:39:03.000Z</time>
        <extensions>
          <ns3:TrackPointExtension>
            <ns3:hr>181</ns3:hr>
            <ns3:cad>93</ns3:cad>
          </ns3:TrackPointExtension>
        </extensions>
      </trkpt>
      <trkpt lat="30.75235323049128055572509765625" lon="108.4461507014930248260498046875">
        <ele>432.600006103515625</ele>
        <time>2026-03-12T10:39:04.000Z</time>
        <extensions>
          <ns3:TrackPointExtension>
            <ns3:hr>181</ns3:hr>
            <ns3:cad>93</ns3:cad>
          </ns3:TrackPointExtension>
        </extensions>
      </trkpt>
      <trkpt lat="30.75238072313368320465087890625" lon="108.446151204407215118408203125">
        <ele>432.600006103515625</ele>
        <time>2026-03-12T10:39:05.000Z</time>
        <extensions>
          <ns3:TrackPointExtension>
            <ns3:hr>181</ns3:hr>
            <ns3:cad>93</ns3:cad>
          </ns3:TrackPointExtension>
        </extensions>
      </trkpt>
      <trkpt lat="30.7524160109460353851318359375" lon="108.44614458270370960235595703125">
        <ele>432.600006103515625</ele>
        <time>2026-03-12T10:39:06.000Z</time>
        <extensions>
          <ns3:TrackPointExtension>
            <ns3:hr>181</ns3:hr>
            <ns3:cad>93</ns3:cad>
          </ns3:TrackPointExtension>
        </extensions>
      </trkpt>
      <trkpt lat="30.75244308449327945709228515625" lon="108.4461419843137264251708984375">
        <ele>432.600006103515625</ele>
        <time>2026-03-12T10:39:07.000Z</time>
        <extensions>
          <ns3:TrackPointExtension>
            <ns3:hr>180</ns3:hr>
            <ns3:cad>93</ns3:cad>
          </ns3:TrackPointExtension>
        </extensions>
      </trkpt>
      <trkpt lat="30.75248214416205883026123046875" lon="108.44614617526531219482421875">
        <ele>432.600006103515625</ele>
        <time>2026-03-12T10:39:08.000Z</time>
        <extensions>
          <ns3:TrackPointExtension>
            <ns3:hr>181</ns3:hr>
            <ns3:cad>93</ns3:cad>
          </ns3:TrackPointExtension>
        </extensions>
      </trkpt>
      <trkpt lat="30.7525078766047954559326171875" lon="108.44614139758050441741943359375">
        <ele>432.600006103515625</ele>
        <time>2026-03-12T10:39:09.000Z</time>
        <extensions>
          <ns3:TrackPointExtension>
            <ns3:hr>181</ns3:hr>
            <ns3:cad>92</ns3:cad>
          </ns3:TrackPointExtension>
        </extensions>
      </trkpt>
      <trkpt lat="30.75254517607390880584716796875" lon="108.44614709727466106414794921875">
        <ele>432.600006103515625</ele>
        <time>2026-03-12T10:39:10.000Z</time>
        <extensions>
          <ns3:TrackPointExtension>
            <ns3:hr>180</ns3:hr>
            <ns3:cad>92</ns3:cad>
          </ns3:TrackPointExtension>
        </extensions>
      </trkpt>
      <trkpt lat="30.75257736258208751678466796875" lon="108.446145169436931610107421875">
        <ele>432.600006103515625</ele>
        <time>2026-03-12T10:39:11.000Z</time>
        <extensions>
          <ns3:TrackPointExtension>
            <ns3:hr>180</ns3:hr>
            <ns3:cad>92</ns3:cad>
          </ns3:TrackPointExtension>
        </extensions>
      </trkpt>
      <trkpt lat="30.75261072255671024322509765625" lon="108.4461503662168979644775390625">
        <ele>432.600006103515625</ele>
        <time>2026-03-12T10:39:12.000Z</time>
        <extensions>
          <ns3:TrackPointExtension>
            <ns3:hr>180</ns3:hr>
            <ns3:cad>92</ns3:cad>
          </ns3:TrackPointExtension>
        </extensions>
      </trkpt>
      <trkpt lat="30.752645842730998992919921875" lon="108.44614659436047077178955078125">
        <ele>432.600006103515625</ele>
        <time>2026-03-12T10:39:13.000Z</time>
        <extensions>
          <ns3:TrackPointExtension>
            <ns3:hr>180</ns3:hr>
            <ns3:cad>92</ns3:cad>
          </ns3:TrackPointExtension>
        </extensions>
      </trkpt>
      <trkpt lat="30.75267425738275051116943359375" lon="108.446144498884677886962890625">
        <ele>432.600006103515625</ele>
        <time>2026-03-12T10:39:14.000Z</time>
        <extensions>
          <ns3:TrackPointExtension>
            <ns3:hr>181</ns3:hr>
            <ns3:cad>92</ns3:cad>
          </ns3:TrackPointExtension>
        </extensions>
      </trkpt>
      <trkpt lat="30.75271314941346645355224609375" lon="108.446148522198200225830078125">
        <ele>432.600006103515625</ele>
        <time>2026-03-12T10:39:15.000Z</time>
        <extensions>
          <ns3:TrackPointExtension>
            <ns3:hr>181</ns3:hr>
            <ns3:cad>92</ns3:cad>
          </ns3:TrackPointExtension>
        </extensions>
      </trkpt>
      <trkpt lat="30.7527429051697254180908203125" lon="108.4461456723511219024658203125">
        <ele>432.600006103515625</ele>
        <time>2026-03-12T10:39:16.000Z</time>
        <extensions>
          <ns3:TrackPointExtension>
            <ns3:hr>180</ns3:hr>
            <ns3:cad>92</ns3:cad>
          </ns3:TrackPointExtension>
        </extensions>
      </trkpt>
      <trkpt lat="30.75278137810528278350830078125" lon="108.44615078531205654144287109375">
        <ele>432.600006103515625</ele>
        <time>2026-03-12T10:39:17.000Z</time>
        <extensions>
          <ns3:TrackPointExtension>
            <ns3:hr>180</ns3:hr>
            <ns3:cad>93</ns3:cad>
          </ns3:TrackPointExtension>
        </extensions>
      </trkpt>
      <trkpt lat="30.75281046330928802490234375" lon="108.44614726491272449493408203125">
        <ele>432.600006103515625</ele>
        <time>2026-03-12T10:39:18.000Z</time>
        <extensions>
          <ns3:TrackPointExtension>
            <ns3:hr>180</ns3:hr>
            <ns3:cad>93</ns3:cad>
          </ns3:TrackPointExtension>
        </extensions>
      </trkpt>
      <trkpt lat="30.75284667313098907470703125" lon="108.44615288078784942626953125">
        <ele>432.600006103515625</ele>
        <time>2026-03-12T10:39:19.000Z</time>
        <extensions>
          <ns3:TrackPointExtension>
            <ns3:hr>180</ns3:hr>
            <ns3:cad>94</ns3:cad>
          </ns3:TrackPointExtension>
        </extensions>
      </trkpt>
      <trkpt lat="30.75287810526788234710693359375" lon="108.44614684581756591796875">
        <ele>432.600006103515625</ele>
        <time>2026-03-12T10:39:20.000Z</time>
        <extensions>
          <ns3:TrackPointExtension>
            <ns3:hr>180</ns3:hr>
            <ns3:cad>93</ns3:cad>
          </ns3:TrackPointExtension>
        </extensions>
      </trkpt>
      <trkpt lat="30.75291448272764682769775390625" lon="108.44614625908434391021728515625">
        <ele>432.600006103515625</ele>
        <time>2026-03-12T10:39:21.000Z</time>
        <extensions>
          <ns3:TrackPointExtension>
            <ns3:hr>180</ns3:hr>
            <ns3:cad>92</ns3:cad>
          </ns3:TrackPointExtension>
        </extensions>
      </trkpt>
      <trkpt lat="30.75294834561645984649658203125" lon="108.44614122994244098663330078125">
        <ele>432.600006103515625</ele>
        <time>2026-03-12T10:39:22.000Z</time>
        <extensions>
          <ns3:TrackPointExtension>
            <ns3:hr>181</ns3:hr>
            <ns3:cad>92</ns3:cad>
          </ns3:TrackPointExtension>
        </extensions>
      </trkpt>
      <trkpt lat="30.75297952629625797271728515625" lon="108.446137122809886932373046875">
        <ele>432.600006103515625</ele>
        <time>2026-03-12T10:39:23.000Z</time>
        <extensions>
          <ns3:TrackPointExtension>
            <ns3:hr>181</ns3:hr>
            <ns3:cad>92</ns3:cad>
          </ns3:TrackPointExtension>
        </extensions>
      </trkpt>
      <trkpt lat="30.75301699340343475341796875" lon="108.4461242146790027618408203125">
        <ele>432.79998779296875</ele>
        <time>2026-03-12T10:39:24.000Z</time>
        <extensions>
          <ns3:TrackPointExtension>
            <ns3:hr>181</ns3:hr>
            <ns3:cad>92</ns3:cad>
          </ns3:TrackPointExtension>
        </extensions>
      </trkpt>
      <trkpt lat="30.75304113328456878662109375" lon="108.4461111389100551605224609375">
        <ele>432.79998779296875</ele>
        <time>2026-03-12T10:39:25.000Z</time>
        <extensions>
          <ns3:TrackPointExtension>
            <ns3:hr>181</ns3:hr>
            <ns3:cad>92</ns3:cad>
          </ns3:TrackPointExtension>
        </extensions>
      </trkpt>
      <trkpt lat="30.7530738227069377899169921875" lon="108.446094878017902374267578125">
        <ele>432.79998779296875</ele>
        <time>2026-03-12T10:39:26.000Z</time>
        <extensions>
          <ns3:TrackPointExtension>
            <ns3:hr>181</ns3:hr>
            <ns3:cad>92</ns3:cad>
          </ns3:TrackPointExtension>
        </extensions>
      </trkpt>
      <trkpt lat="30.7530966214835643768310546875" lon="108.4460792876780033111572265625">
        <ele>432.79998779296875</ele>
        <time>2026-03-12T10:39:27.000Z</time>
        <extensions>
          <ns3:TrackPointExtension>
            <ns3:hr>182</ns3:hr>
            <ns3:cad>92</ns3:cad>
          </ns3:TrackPointExtension>
        </extensions>
      </trkpt>
      <trkpt lat="30.7531304843723773956298828125" lon="108.4460601769387722015380859375">
        <ele>432.79998779296875</ele>
        <time>2026-03-12T10:39:28.000Z</time>
        <extensions>
          <ns3:TrackPointExtension>
            <ns3:hr>182</ns3:hr>
            <ns3:cad>92</ns3:cad>
          </ns3:TrackPointExtension>
        </extensions>
      </trkpt>
      <trkpt lat="30.75315185822546482086181640625" lon="108.44602949917316436767578125">
        <ele>432.79998779296875</ele>
        <time>2026-03-12T10:39:29.000Z</time>
        <extensions>
          <ns3:TrackPointExtension>
            <ns3:hr>182</ns3:hr>
            <ns3:cad>92</ns3:cad>
          </ns3:TrackPointExtension>
        </extensions>
      </trkpt>
      <trkpt lat="30.75318035669624805450439453125" lon="108.44600259326398372650146484375">
        <ele>432.79998779296875</ele>
        <time>2026-03-12T10:39:30.000Z</time>
        <extensions>
          <ns3:TrackPointExtension>
            <ns3:hr>183</ns3:hr>
            <ns3:cad>94</ns3:cad>
          </ns3:TrackPointExtension>
        </extensions>
      </trkpt>
      <trkpt lat="30.75320466421544551849365234375" lon="108.44597174786031246185302734375">
        <ele>432.79998779296875</ele>
        <time>2026-03-12T10:39:31.000Z</time>
        <extensions>
          <ns3:TrackPointExtension>
            <ns3:hr>183</ns3:hr>
            <ns3:cad>94</ns3:cad>
          </ns3:TrackPointExtension>
        </extensions>
      </trkpt>
      <trkpt lat="30.75322427786886692047119140625" lon="108.44593822024762630462646484375">
        <ele>432.79998779296875</ele>
        <time>2026-03-12T10:39:32.000Z</time>
        <extensions>
          <ns3:TrackPointExtension>
            <ns3:hr>183</ns3:hr>
            <ns3:cad>94</ns3:cad>
          </ns3:TrackPointExtension>
        </extensions>
      </trkpt>
      <trkpt lat="30.75324070639908313751220703125" lon="108.4459019266068935394287109375">
        <ele>432.79998779296875</ele>
        <time>2026-03-12T10:39:33.000Z</time>
        <extensions>
          <ns3:TrackPointExtension>
            <ns3:hr>183</ns3:hr>
            <ns3:cad>93</ns3:cad>
          </ns3:TrackPointExtension>
        </extensions>
      </trkpt>
      <trkpt lat="30.753252692520618438720703125" lon="108.44586865045130252838134765625">
        <ele>432.79998779296875</ele>
        <time>2026-03-12T10:39:34.000Z</time>
        <extensions>
          <ns3:TrackPointExtension>
            <ns3:hr>183</ns3:hr>
            <ns3:cad>92</ns3:cad>
          </ns3:TrackPointExtension>
        </extensions>
      </trkpt>
      <trkpt lat="30.75326534919440746307373046875" lon="108.44582690857350826263427734375">
        <ele>432.79998779296875</ele>
        <time>2026-03-12T10:39:35.000Z</time>
        <extensions>
          <ns3:TrackPointExtension>
            <ns3:hr>183</ns3:hr>
            <ns3:cad>92</ns3:cad>
          </ns3:TrackPointExtension>
        </extensions>
      </trkpt>
      <trkpt lat="30.75326979160308837890625" lon="108.44579153694212436676025390625">
        <ele>432.79998779296875</ele>
        <time>2026-03-12T10:39:36.000Z</time>
        <extensions>
          <ns3:TrackPointExtension>
            <ns3:hr>183</ns3:hr>
            <ns3:cad>92</ns3:cad>
          </ns3:TrackPointExtension>
        </extensions>
      </trkpt>
      <trkpt lat="30.75328261591494083404541015625" lon="108.44575063325464725494384765625">
        <ele>432.79998779296875</ele>
        <time>2026-03-12T10:39:37.000Z</time>
        <extensions>
          <ns3:TrackPointExtension>
            <ns3:hr>183</ns3:hr>
            <ns3:cad>92</ns3:cad>
          </ns3:TrackPointExtension>
        </extensions>
      </trkpt>
      <trkpt lat="30.75328546576201915740966796875" lon="108.4457145072519779205322265625">
        <ele>432.79998779296875</ele>
        <time>2026-03-12T10:39:38.000Z</time>
        <extensions>
          <ns3:TrackPointExtension>
            <ns3:hr>182</ns3:hr>
            <ns3:cad>92</ns3:cad>
          </ns3:TrackPointExtension>
        </extensions>
      </trkpt>
      <trkpt lat="30.7532940991222858428955078125" lon="108.44567318446934223175048828125">
        <ele>432.79998779296875</ele>
        <time>2026-03-12T10:39:39.000Z</time>
        <extensions>
          <ns3:TrackPointExtension>
            <ns3:hr>182</ns3:hr>
            <ns3:cad>92</ns3:cad>
          </ns3:TrackPointExtension>
        </extensions>
      </trkpt>
      <trkpt lat="30.75329217128455638885498046875" lon="108.4456360526382923126220703125">
        <ele>432.79998779296875</ele>
        <time>2026-03-12T10:39:40.000Z</time>
        <extensions>
          <ns3:TrackPointExtension>
            <ns3:hr>183</ns3:hr>
            <ns3:cad>92</ns3:cad>
          </ns3:TrackPointExtension>
        </extensions>
      </trkpt>
      <trkpt lat="30.75329636223614215850830078125" lon="108.44559540040791034698486328125">
        <ele>433</ele>
        <time>2026-03-12T10:39:41.000Z</time>
        <extensions>
          <ns3:TrackPointExtension>
            <ns3:hr>183</ns3:hr>
            <ns3:cad>93</ns3:cad>
          </ns3:TrackPointExtension>
        </extensions>
      </trkpt>
      <trkpt lat="30.75329585932195186614990234375" lon="108.44555650837719440460205078125">
        <ele>433</ele>
        <time>2026-03-12T10:39:42.000Z</time>
        <extensions>
          <ns3:TrackPointExtension>
            <ns3:hr>183</ns3:hr>
            <ns3:cad>94</ns3:cad>
          </ns3:TrackPointExtension>
        </extensions>
      </trkpt>
      <trkpt lat="30.75329384766519069671630859375" lon="108.44551443122327327728271484375">
        <ele>433</ele>
        <time>2026-03-12T10:39:43.000Z</time>
        <extensions>
          <ns3:TrackPointExtension>
            <ns3:hr>183</ns3:hr>
            <ns3:cad>93</ns3:cad>
          </ns3:TrackPointExtension>
        </extensions>
      </trkpt>
      <trkpt lat="30.75328647159039974212646484375" lon="108.445474617183208465576171875">
        <ele>433</ele>
        <time>2026-03-12T10:39:44.000Z</time>
        <extensions>
          <ns3:TrackPointExtension>
            <ns3:hr>184</ns3:hr>
            <ns3:cad>92</ns3:cad>
          </ns3:TrackPointExtension>
        </extensions>
      </trkpt>
      <trkpt lat="30.75327876023948192596435546875" lon="108.44544075429439544677734375">
        <ele>433</ele>
        <time>2026-03-12T10:39:45.000Z</time>
        <extensions>
          <ns3:TrackPointExtension>
            <ns3:hr>184</ns3:hr>
            <ns3:cad>92</ns3:cad>
          </ns3:TrackPointExtension>
        </extensions>
      </trkpt>
      <trkpt lat="30.75326417572796344757080078125" lon="108.4454043768346309661865234375">
        <ele>433</ele>
        <time>2026-03-12T10:39:46.000Z</time>
        <extensions>
          <ns3:TrackPointExtension>
            <ns3:hr>184</ns3:hr>
            <ns3:cad>93</ns3:cad>
          </ns3:TrackPointExtension>
        </extensions>
      </trkpt>
      <trkpt lat="30.75325009413063526153564453125" lon="108.44537462107837200164794921875">
        <ele>433</ele>
        <time>2026-03-12T10:39:47.000Z</time>
        <extensions>
          <ns3:TrackPointExtension>
            <ns3:hr>183</ns3:hr>
            <ns3:cad>93</ns3:cad>
          </ns3:TrackPointExtension>
        </extensions>
      </trkpt>
      <trkpt lat="30.7532335817813873291015625" lon="108.44533472321927547454833984375">
        <ele>433</ele>
        <time>2026-03-12T10:39:48.000Z</time>
        <extensions>
          <ns3:TrackPointExtension>
            <ns3:hr>183</ns3:hr>
            <ns3:cad>92</ns3:cad>
          </ns3:TrackPointExtension>
        </extensions>
      </trkpt>
      <trkpt lat="30.75321220792829990386962890625" lon="108.445310331881046295166015625">
        <ele>433</ele>
        <time>2026-03-12T10:39:49.000Z</time>
        <extensions>
          <ns3:TrackPointExtension>
            <ns3:hr>183</ns3:hr>
            <ns3:cad>92</ns3:cad>
          </ns3:TrackPointExtension>
        </extensions>
      </trkpt>
      <trkpt lat="30.753191672265529632568359375" lon="108.44527739100158214569091796875">
        <ele>432.79998779296875</ele>
        <time>2026-03-12T10:39:50.000Z</time>
        <extensions>
          <ns3:TrackPointExtension>
            <ns3:hr>183</ns3:hr>
            <ns3:cad>91</ns3:cad>
          </ns3:TrackPointExtension>
        </extensions>
      </trkpt>
      <trkpt lat="30.75316811911761760711669921875" lon="108.44524956308305263519287109375">
        <ele>432.79998779296875</ele>
        <time>2026-03-12T10:39:51.000Z</time>
        <extensions>
          <ns3:TrackPointExtension>
            <ns3:hr>183</ns3:hr>
            <ns3:cad>91</ns3:cad>
          </ns3:TrackPointExtension>
        </extensions>
      </trkpt>
      <trkpt lat="30.75314573943614959716796875" lon="108.44522190280258655548095703125">
        <ele>432.79998779296875</ele>
        <time>2026-03-12T10:39:52.000Z</time>
        <extensions>
          <ns3:TrackPointExtension>
            <ns3:hr>182</ns3:hr>
            <ns3:cad>92</ns3:cad>
          </ns3:TrackPointExtension>
        </extensions>
      </trkpt>
      <trkpt lat="30.75311799533665180206298828125" lon="108.4451938234269618988037109375">
        <ele>432.79998779296875</ele>
        <time>2026-03-12T10:39:53.000Z</time>
        <extensions>
          <ns3:TrackPointExtension>
            <ns3:hr>183</ns3:hr>
            <ns3:cad>92</ns3:cad>
          </ns3:TrackPointExtension>
        </extensions>
      </trkpt>
      <trkpt lat="30.753092430531978607177734375" lon="108.445172198116779327392578125">
        <ele>432.79998779296875</ele>
        <time>2026-03-12T10:39:54.000Z</time>
        <extensions>
          <ns3:TrackPointExtension>
            <ns3:hr>183</ns3:hr>
            <ns3:cad>92</ns3:cad>
          </ns3:TrackPointExtension>
        </extensions>
      </trkpt>
      <trkpt lat="30.75305848382413387298583984375" lon="108.44515099190175533294677734375">
        <ele>432.79998779296875</ele>
        <time>2026-03-12T10:39:55.000Z</time>
        <extensions>
          <ns3:TrackPointExtension>
            <ns3:hr>183</ns3:hr>
            <ns3:cad>93</ns3:cad>
          </ns3:TrackPointExtension>
        </extensions>
      </trkpt>
      <trkpt lat="30.75303174555301666259765625" lon="108.4451405145227909088134765625">
        <ele>432.79998779296875</ele>
        <time>2026-03-12T10:39:56.000Z</time>
        <extensions>
          <ns3:TrackPointExtension>
            <ns3:hr>183</ns3:hr>
            <ns3:cad>93</ns3:cad>
          </ns3:TrackPointExtension>
        </extensions>
      </trkpt>
      <trkpt lat="30.7529926858842372894287109375" lon="108.4451316297054290771484375">
        <ele>432.79998779296875</ele>
        <time>2026-03-12T10:39:57.000Z</time>
        <extensions>
          <ns3:TrackPointExtension>
            <ns3:hr>183</ns3:hr>
            <ns3:cad>93</ns3:cad>
          </ns3:TrackPointExtension>
        </extensions>
      </trkpt>
      <trkpt lat="30.7529635168612003326416015625" lon="108.44513590447604656219482421875">
        <ele>432.79998779296875</ele>
        <time>2026-03-12T10:39:58.000Z</time>
        <extensions>
          <ns3:TrackPointExtension>
            <ns3:hr>184</ns3:hr>
            <ns3:cad>93</ns3:cad>
          </ns3:TrackPointExtension>
        </extensions>
      </trkpt>
      <trkpt lat="30.75292579829692840576171875" lon="108.4451341442763805389404296875">
        <ele>432.79998779296875</ele>
        <time>2026-03-12T10:39:59.000Z</time>
        <extensions>
          <ns3:TrackPointExtension>
            <ns3:hr>184</ns3:hr>
            <ns3:cad>92</ns3:cad>
          </ns3:TrackPointExtension>
        </extensions>
      </trkpt>
      <trkpt lat="30.7528931088745594024658203125" lon="108.44513976015150547027587890625">
        <ele>432.79998779296875</ele>
        <time>2026-03-12T10:40:00.000Z</time>
        <extensions>
          <ns3:TrackPointExtension>
            <ns3:hr>184</ns3:hr>
            <ns3:cad>92</ns3:cad>
          </ns3:TrackPointExtension>
        </extensions>
      </trkpt>
      <trkpt lat="30.75285815633833408355712890625" lon="108.44513623975217342376708984375">
        <ele>432.79998779296875</ele>
        <time>2026-03-12T10:40:01.000Z</time>
        <extensions>
          <ns3:TrackPointExtension>
            <ns3:hr>184</ns3:hr>
            <ns3:cad>92</ns3:cad>
          </ns3:TrackPointExtension>
        </extensions>
      </trkpt>
      <trkpt lat="30.75282228179275989532470703125" lon="108.445137999951839447021484375">
        <ele>432.79998779296875</ele>
        <time>2026-03-12T10:40:02.000Z</time>
        <extensions>
          <ns3:TrackPointExtension>
            <ns3:hr>183</ns3:hr>
            <ns3:cad>92</ns3:cad>
          </ns3:TrackPointExtension>
        </extensions>
      </trkpt>
      <trkpt lat="30.7527878321707248687744140625" lon="108.44514059834182262420654296875">
        <ele>432.79998779296875</ele>
        <time>2026-03-12T10:40:03.000Z</time>
        <extensions>
          <ns3:TrackPointExtension>
            <ns3:hr>184</ns3:hr>
            <ns3:cad>94</ns3:cad>
          </ns3:TrackPointExtension>
        </extensions>
      </trkpt>
      <trkpt lat="30.752746425569057464599609375" lon="108.44514462165534496307373046875">
        <ele>433</ele>
        <time>2026-03-12T10:40:04.000Z</time>
        <extensions>
          <ns3:TrackPointExtension>
            <ns3:hr>184</ns3:hr>
            <ns3:cad>94</ns3:cad>
          </ns3:TrackPointExtension>
        </extensions>
      </trkpt>
      <trkpt lat="30.7527177594602108001708984375" lon="108.445147387683391571044921875">
        <ele>433</ele>
        <time>2026-03-12T10:40:05.000Z</time>
        <extensions>
          <ns3:TrackPointExtension>
            <ns3:hr>184</ns3:hr>
            <ns3:cad>94</ns3:cad>
          </ns3:TrackPointExtension>
        </extensions>
      </trkpt>
      <trkpt lat="30.7526775263249874114990234375" lon="108.44514763914048671722412109375">
        <ele>433</ele>
        <time>2026-03-12T10:40:06.000Z</time>
        <extensions>
          <ns3:TrackPointExtension>
            <ns3:hr>184</ns3:hr>
            <ns3:cad>93</ns3:cad>
          </ns3:TrackPointExtension>
        </extensions>
      </trkpt>
      <trkpt lat="30.75264818966388702392578125" lon="108.4451562725007534027099609375">
        <ele>433</ele>
        <time>2026-03-12T10:40:07.000Z</time>
        <extensions>
          <ns3:TrackPointExtension>
            <ns3:hr>184</ns3:hr>
            <ns3:cad>94</ns3:cad>
          </ns3:TrackPointExtension>
        </extensions>
      </trkpt>
      <trkpt lat="30.75261206366121768951416015625" lon="108.4451530873775482177734375">
        <ele>433</ele>
        <time>2026-03-12T10:40:08.000Z</time>
        <extensions>
          <ns3:TrackPointExtension>
            <ns3:hr>184</ns3:hr>
            <ns3:cad>93</ns3:cad>
          </ns3:TrackPointExtension>
        </extensions>
      </trkpt>
      <trkpt lat="30.75258088298141956329345703125" lon="108.4451559372246265411376953125">
        <ele>433</ele>
        <time>2026-03-12T10:40:09.000Z</time>
        <extensions>
          <ns3:TrackPointExtension>
            <ns3:hr>184</ns3:hr>
            <ns3:cad>93</ns3:cad>
          </ns3:TrackPointExtension>
        </extensions>
      </trkpt>
      <trkpt lat="30.75254894793033599853515625" lon="108.4451502375304698944091796875">
        <ele>433</ele>
        <time>2026-03-12T10:40:10.000Z</time>
        <extensions>
          <ns3:TrackPointExtension>
            <ns3:hr>184</ns3:hr>
            <ns3:cad>93</ns3:cad>
          </ns3:TrackPointExtension>
        </extensions>
      </trkpt>
      <trkpt lat="30.75251449830830097198486328125" lon="108.44515166245400905609130859375">
        <ele>433.20001220703125</ele>
        <time>2026-03-12T10:40:11.000Z</time>
        <extensions>
          <ns3:TrackPointExtension>
            <ns3:hr>183</ns3:hr>
            <ns3:cad>93</ns3:cad>
          </ns3:TrackPointExtension>
        </extensions>
      </trkpt>
      <trkpt lat="30.75248415581881999969482421875" lon="108.44515132717788219451904296875">
        <ele>433.20001220703125</ele>
        <time>2026-03-12T10:40:12.000Z</time>
        <extensions>
          <ns3:TrackPointExtension>
            <ns3:hr>184</ns3:hr>
            <ns3:cad>93</ns3:cad>
          </ns3:TrackPointExtension>
        </extensions>
      </trkpt>
      <trkpt lat="30.75244576670229434967041015625" lon="108.44515115953981876373291015625">
        <ele>433.20001220703125</ele>
        <time>2026-03-12T10:40:13.000Z</time>
        <extensions>
          <ns3:TrackPointExtension>
            <ns3:hr>184</ns3:hr>
            <ns3:cad>93</ns3:cad>
          </ns3:TrackPointExtension>
        </extensions>
      </trkpt>
      <trkpt lat="30.7524150051176548004150390625" lon="108.4451542608439922332763671875">
        <ele>433.20001220703125</ele>
        <time>2026-03-12T10:40:14.000Z</time>
        <extensions>
          <ns3:TrackPointExtension>
            <ns3:hr>184</ns3:hr>
            <ns3:cad>93</ns3:cad>
          </ns3:TrackPointExtension>
        </extensions>
      </trkpt>
      <trkpt lat="30.75237435288727283477783203125" lon="108.44515283592045307159423828125">
        <ele>433.399993896484375</ele>
        <time>2026-03-12T10:40:15.000Z</time>
        <extensions>
          <ns3:TrackPointExtension>
            <ns3:hr>184</ns3:hr>
            <ns3:cad>93</ns3:cad>
          </ns3:TrackPointExtension>
        </extensions>
      </trkpt>
      <trkpt lat="30.752342082560062408447265625" lon="108.445160128176212310791015625">
        <ele>433.399993896484375</ele>
        <time>2026-03-12T10:40:16.000Z</time>
        <extensions>
          <ns3:TrackPointExtension>
            <ns3:hr>184</ns3:hr>
            <ns3:cad>92</ns3:cad>
          </ns3:TrackPointExtension>
        </extensions>
      </trkpt>
      <trkpt lat="30.75230486690998077392578125" lon="108.445150069892406463623046875">
        <ele>433.399993896484375</ele>
        <time>2026-03-12T10:40:17.000Z</time>
        <extensions>
          <ns3:TrackPointExtension>
            <ns3:hr>184</ns3:hr>
            <ns3:cad>92</ns3:cad>
          </ns3:TrackPointExtension>
        </extensions>
      </trkpt>
      <trkpt lat="30.75227309949696063995361328125" lon="108.44515048898756504058837890625">
        <ele>433.399993896484375</ele>
        <time>2026-03-12T10:40:18.000Z</time>
        <extensions>
          <ns3:TrackPointExtension>
            <ns3:hr>184</ns3:hr>
            <ns3:cad>92</ns3:cad>
          </ns3:TrackPointExtension>
        </extensions>
      </trkpt>
      <trkpt lat="30.7522389851510524749755859375" lon="108.44514705240726470947265625">
        <ele>433.399993896484375</ele>
        <time>2026-03-12T10:40:19.000Z</time>
        <extensions>
          <ns3:TrackPointExtension>
            <ns3:hr>184</ns3:hr>
            <ns3:cad>92</ns3:cad>
          </ns3:TrackPointExtension>
        </extensions>
      </trkpt>
      <trkpt lat="30.7522036135196685791015625" lon="108.44514780677855014801025390625">
        <ele>433.399993896484375</ele>
        <time>2026-03-12T10:40:20.000Z</time>
        <extensions>
          <ns3:TrackPointExtension>
            <ns3:hr>185</ns3:hr>
            <ns3:cad>93</ns3:cad>
          </ns3:TrackPointExtension>
        </extensions>
      </trkpt>
      <trkpt lat="30.7521726004779338836669921875" lon="108.4451455436646938323974609375">
        <ele>433.399993896484375</ele>
        <time>2026-03-12T10:40:21.000Z</time>
        <extensions>
          <ns3:TrackPointExtension>
            <ns3:hr>184</ns3:hr>
            <ns3:cad>94</ns3:cad>
          </ns3:TrackPointExtension>
        </extensions>
      </trkpt>
      <trkpt lat="30.75213312171399593353271484375" lon="108.44514462165534496307373046875">
        <ele>433.399993896484375</ele>
        <time>2026-03-12T10:40:22.000Z</time>
        <extensions>
          <ns3:TrackPointExtension>
            <ns3:hr>184</ns3:hr>
            <ns3:cad>94</ns3:cad>
          </ns3:TrackPointExtension>
        </extensions>
      </trkpt>
      <trkpt lat="30.7521031983196735382080078125" lon="108.44514529220759868621826171875">
        <ele>433.399993896484375</ele>
        <time>2026-03-12T10:40:23.000Z</time>
        <extensions>
          <ns3:TrackPointExtension>
            <ns3:hr>184</ns3:hr>
            <ns3:cad>94</ns3:cad>
          </ns3:TrackPointExtension>
        </extensions>
      </trkpt>
      <trkpt lat="30.7520653121173381805419921875" lon="108.445144034922122955322265625">
        <ele>433.600006103515625</ele>
        <time>2026-03-12T10:40:24.000Z</time>
        <extensions>
          <ns3:TrackPointExtension>
            <ns3:hr>184</ns3:hr>
            <ns3:cad>93</ns3:cad>
          </ns3:TrackPointExtension>
        </extensions>
      </trkpt>
      <trkpt lat="30.75203387998044490814208984375" lon="108.44514931552112102508544921875">
        <ele>433.600006103515625</ele>
        <time>2026-03-12T10:40:25.000Z</time>
        <extensions>
          <ns3:TrackPointExtension>
            <ns3:hr>184</ns3:hr>
            <ns3:cad>94</ns3:cad>
          </ns3:TrackPointExtension>
        </extensions>
      </trkpt>
      <trkpt lat="30.75199431739747524261474609375" lon="108.4451485611498355865478515625">
        <ele>433.600006103515625</ele>
        <time>2026-03-12T10:40:26.000Z</time>
        <extensions>
          <ns3:TrackPointExtension>
            <ns3:hr>185</ns3:hr>
            <ns3:cad>93</ns3:cad>
          </ns3:TrackPointExtension>
        </extensions>
      </trkpt>
      <trkpt lat="30.75196129269897937774658203125" lon="108.44515903852880001068115234375">
        <ele>433.600006103515625</ele>
        <time>2026-03-12T10:40:27.000Z</time>
        <extensions>
          <ns3:TrackPointExtension>
            <ns3:hr>184</ns3:hr>
            <ns3:cad>93</ns3:cad>
          </ns3:TrackPointExtension>
        </extensions>
      </trkpt>
      <trkpt lat="30.7519258372485637664794921875" lon="108.44516691751778125762939453125">
        <ele>433.600006103515625</ele>
        <time>2026-03-12T10:40:28.000Z</time>
        <extensions>
          <ns3:TrackPointExtension>
            <ns3:hr>184</ns3:hr>
            <ns3:cad>93</ns3:cad>
          </ns3:TrackPointExtension>
        </extensions>
      </trkpt>
      <trkpt lat="30.75189440511167049407958984375" lon="108.4451861120760440826416015625">
        <ele>433.600006103515625</ele>
        <time>2026-03-12T10:40:29.000Z</time>
        <extensions>
          <ns3:TrackPointExtension>
            <ns3:hr>185</ns3:hr>
            <ns3:cad>93</ns3:cad>
          </ns3:TrackPointExtension>
        </extensions>
      </trkpt>
      <trkpt lat="30.751859284937381744384765625" lon="108.44519533216953277587890625">
        <ele>433.600006103515625</ele>
        <time>2026-03-12T10:40:30.000Z</time>
        <extensions>
          <ns3:TrackPointExtension>
            <ns3:hr>185</ns3:hr>
            <ns3:cad>92</ns3:cad>
          </ns3:TrackPointExtension>
        </extensions>
      </trkpt>
      <trkpt lat="30.75182315893471240997314453125" lon="108.445217795670032501220703125">
        <ele>433.600006103515625</ele>
        <time>2026-03-12T10:40:31.000Z</time>
        <extensions>
          <ns3:TrackPointExtension>
            <ns3:hr>185</ns3:hr>
            <ns3:cad>92</ns3:cad>
          </ns3:TrackPointExtension>
        </extensions>
      </trkpt>
      <trkpt lat="30.75179767794907093048095703125" lon="108.44523715786635875701904296875">
        <ele>433.600006103515625</ele>
        <time>2026-03-12T10:40:32.000Z</time>
        <extensions>
          <ns3:TrackPointExtension>
            <ns3:hr>184</ns3:hr>
            <ns3:cad>92</ns3:cad>
          </ns3:TrackPointExtension>
        </extensions>
      </trkpt>
      <trkpt lat="30.7517675869166851043701171875" lon="108.44526314176619052886962890625">
        <ele>433.600006103515625</ele>
        <time>2026-03-12T10:40:33.000Z</time>
        <extensions>
          <ns3:TrackPointExtension>
            <ns3:hr>185</ns3:hr>
            <ns3:cad>92</ns3:cad>
          </ns3:TrackPointExtension>
        </extensions>
      </trkpt>
      <trkpt lat="30.75174788944423198699951171875" lon="108.44528744928538799285888671875">
        <ele>433.600006103515625</ele>
        <time>2026-03-12T10:40:34.000Z</time>
        <extensions>
          <ns3:TrackPointExtension>
            <ns3:hr>185</ns3:hr>
            <ns3:cad>92</ns3:cad>
          </ns3:TrackPointExtension>
        </extensions>
      </trkpt>
      <trkpt lat="30.7517172954976558685302734375" lon="108.44531611539423465728759765625">
        <ele>433.600006103515625</ele>
        <time>2026-03-12T10:40:35.000Z</time>
        <extensions>
          <ns3:TrackPointExtension>
            <ns3:hr>185</ns3:hr>
            <ns3:cad>92</ns3:cad>
          </ns3:TrackPointExtension>
        </extensions>
      </trkpt>
      <trkpt lat="30.75170212425291538238525390625" lon="108.44534821808338165283203125">
        <ele>433.600006103515625</ele>
        <time>2026-03-12T10:40:36.000Z</time>
        <extensions>
          <ns3:TrackPointExtension>
            <ns3:hr>185</ns3:hr>
            <ns3:cad>92</ns3:cad>
          </ns3:TrackPointExtension>
        </extensions>
      </trkpt>
      <trkpt lat="30.75167546980082988739013671875" lon="108.445381410419940948486328125">
        <ele>433.600006103515625</ele>
        <time>2026-03-12T10:40:37.000Z</time>
        <extensions>
          <ns3:TrackPointExtension>
            <ns3:hr>185</ns3:hr>
            <ns3:cad>92</ns3:cad>
          </ns3:TrackPointExtension>
        </extensions>
      </trkpt>
      <trkpt lat="30.75165736488997936248779296875" lon="108.4454201348125934600830078125">
        <ele>433.600006103515625</ele>
        <time>2026-03-12T10:40:38.000Z</time>
        <extensions>
          <ns3:TrackPointExtension>
            <ns3:hr>184</ns3:hr>
            <ns3:cad>92</ns3:cad>
          </ns3:TrackPointExtension>
        </extensions>
      </trkpt>
      <trkpt lat="30.7516376674175262451171875" lon="108.4454543329775333404541015625">
        <ele>433.600006103515625</ele>
        <time>2026-03-12T10:40:39.000Z</time>
        <extensions>
          <ns3:TrackPointExtension>
            <ns3:hr>184</ns3:hr>
            <ns3:cad>93</ns3:cad>
          </ns3:TrackPointExtension>
        </extensions>
      </trkpt>
      <trkpt lat="30.75162149034440517425537109375" lon="108.4455012716352939605712890625">
        <ele>433.600006103515625</ele>
        <time>2026-03-12T10:40:40.000Z</time>
        <extensions>
          <ns3:TrackPointExtension>
            <ns3:hr>183</ns3:hr>
            <ns3:cad>94</ns3:cad>
          </ns3:TrackPointExtension>
        </extensions>
      </trkpt>
      <trkpt lat="30.751614533364772796630859375" lon="108.44553597271442413330078125">
        <ele>433.600006103515625</ele>
        <time>2026-03-12T10:40:41.000Z</time>
        <extensions>
          <ns3:TrackPointExtension>
            <ns3:hr>183</ns3:hr>
            <ns3:cad>94</ns3:cad>
          </ns3:TrackPointExtension>
        </extensions>
      </trkpt>
      <trkpt lat="30.7516054809093475341796875" lon="108.44558098353445529937744140625">
        <ele>433.600006103515625</ele>
        <time>2026-03-12T10:40:42.000Z</time>
        <extensions>
          <ns3:TrackPointExtension>
            <ns3:hr>183</ns3:hr>
            <ns3:cad>94</ns3:cad>
          </ns3:TrackPointExtension>
        </extensions>
      </trkpt>
      <trkpt lat="30.75160305015742778778076171875" lon="108.4456171095371246337890625">
        <ele>433.600006103515625</ele>
        <time>2026-03-12T10:40:43.000Z</time>
        <extensions>
          <ns3:TrackPointExtension>
            <ns3:hr>184</ns3:hr>
            <ns3:cad>94</ns3:cad>
          </ns3:TrackPointExtension>
        </extensions>
      </trkpt>
      <trkpt lat="30.75159676373004913330078125" lon="108.44566295854747295379638671875">
        <ele>433.600006103515625</ele>
        <time>2026-03-12T10:40:44.000Z</time>
        <extensions>
          <ns3:TrackPointExtension>
            <ns3:hr>184</ns3:hr>
            <ns3:cad>94</ns3:cad>
          </ns3:TrackPointExtension>
        </extensions>
      </trkpt>
      <trkpt lat="30.75160338543355464935302734375" lon="108.4457021020352840423583984375">
        <ele>433.600006103515625</ele>
        <time>2026-03-12T10:40:45.000Z</time>
        <extensions>
          <ns3:TrackPointExtension>
            <ns3:hr>184</ns3:hr>
            <ns3:cad>94</ns3:cad>
          </ns3:TrackPointExtension>
        </extensions>
      </trkpt>
      <trkpt lat="30.7516026310622692108154296875" lon="108.44574325717985630035400390625">
        <ele>433.600006103515625</ele>
        <time>2026-03-12T10:40:46.000Z</time>
        <extensions>
          <ns3:TrackPointExtension>
            <ns3:hr>184</ns3:hr>
            <ns3:cad>93</ns3:cad>
          </ns3:TrackPointExtension>
        </extensions>
      </trkpt>
      <trkpt lat="30.751611180603504180908203125" lon="108.44578231684863567352294921875">
        <ele>433.600006103515625</ele>
        <time>2026-03-12T10:40:47.000Z</time>
        <extensions>
          <ns3:TrackPointExtension>
            <ns3:hr>184</ns3:hr>
            <ns3:cad>92</ns3:cad>
          </ns3:TrackPointExtension>
        </extensions>
      </trkpt>
      <trkpt lat="30.7516217418015003204345703125" lon="108.445815928280353546142578125">
        <ele>433.600006103515625</ele>
        <time>2026-03-12T10:40:48.000Z</time>
        <extensions>
          <ns3:TrackPointExtension>
            <ns3:hr>184</ns3:hr>
            <ns3:cad>92</ns3:cad>
          </ns3:TrackPointExtension>
        </extensions>
      </trkpt>
      <trkpt lat="30.7516374997794628143310546875" lon="108.44585456885397434234619140625">
        <ele>433.600006103515625</ele>
        <time>2026-03-12T10:40:49.000Z</time>
        <extensions>
          <ns3:TrackPointExtension>
            <ns3:hr>183</ns3:hr>
            <ns3:cad>94</ns3:cad>
          </ns3:TrackPointExtension>
        </extensions>
      </trkpt>
      <trkpt lat="30.751652754843235015869140625" lon="108.4458824805915355682373046875">
        <ele>433.600006103515625</ele>
        <time>2026-03-12T10:40:50.000Z</time>
        <extensions>
          <ns3:TrackPointExtension>
            <ns3:hr>183</ns3:hr>
            <ns3:cad>94</ns3:cad>
          </ns3:TrackPointExtension>
        </extensions>
      </trkpt>
      <trkpt lat="30.7516720332205295562744140625" lon="108.4459228813648223876953125">
        <ele>433.600006103515625</ele>
        <time>2026-03-12T10:40:51.000Z</time>
        <extensions>
          <ns3:TrackPointExtension>
            <ns3:hr>182</ns3:hr>
            <ns3:cad>92</ns3:cad>
          </ns3:TrackPointExtension>
        </extensions>
      </trkpt>
      <trkpt lat="30.75169273652136325836181640625" lon="108.4459451772272586822509765625">
        <ele>433.600006103515625</ele>
        <time>2026-03-12T10:40:52.000Z</time>
        <extensions>
          <ns3:TrackPointExtension>
            <ns3:hr>182</ns3:hr>
            <ns3:cad>92</ns3:cad>
          </ns3:TrackPointExtension>
        </extensions>
      </trkpt>
      <trkpt lat="30.75170966796576976776123046875" lon="108.44597979448735713958740234375">
        <ele>433.600006103515625</ele>
        <time>2026-03-12T10:40:53.000Z</time>
        <extensions>
          <ns3:TrackPointExtension>
            <ns3:hr>182</ns3:hr>
            <ns3:cad>92</ns3:cad>
          </ns3:TrackPointExtension>
        </extensions>
      </trkpt>
      <trkpt lat="30.751730538904666900634765625" lon="108.4460033476352691650390625">
        <ele>433.600006103515625</ele>
        <time>2026-03-12T10:40:54.000Z</time>
        <extensions>
          <ns3:TrackPointExtension>
            <ns3:hr>182</ns3:hr>
            <ns3:cad>92</ns3:cad>
          </ns3:TrackPointExtension>
        </extensions>
      </trkpt>
      <trkpt lat="30.75175258331000804901123046875" lon="108.44603142701089382171630859375">
        <ele>433.600006103515625</ele>
        <time>2026-03-12T10:40:55.000Z</time>
        <extensions>
          <ns3:TrackPointExtension>
            <ns3:hr>183</ns3:hr>
            <ns3:cad>92</ns3:cad>
          </ns3:TrackPointExtension>
        </extensions>
      </trkpt>
      <trkpt lat="30.751782841980457305908203125" lon="108.4460571594536304473876953125">
        <ele>433.600006103515625</ele>
        <time>2026-03-12T10:40:56.000Z</time>
        <extensions>
          <ns3:TrackPointExtension>
            <ns3:hr>182</ns3:hr>
            <ns3:cad>93</ns3:cad>
          </ns3:TrackPointExtension>
        </extensions>
      </trkpt>
      <trkpt lat="30.75180840678513050079345703125" lon="108.4460789524018764495849609375">
        <ele>433.79998779296875</ele>
        <time>2026-03-12T10:40:57.000Z</time>
        <extensions>
          <ns3:TrackPointExtension>
            <ns3:hr>182</ns3:hr>
            <ns3:cad>93</ns3:cad>
          </ns3:TrackPointExtension>
        </extensions>
      </trkpt>
      <trkpt lat="30.75184159912168979644775390625" lon="108.44610728323459625244140625">
        <ele>433.79998779296875</ele>
        <time>2026-03-12T10:40:58.000Z</time>
        <extensions>
          <ns3:TrackPointExtension>
            <ns3:hr>183</ns3:hr>
            <ns3:cad>94</ns3:cad>
          </ns3:TrackPointExtension>
        </extensions>
      </trkpt>
      <trkpt lat="30.751872360706329345703125" lon="108.446118347346782684326171875">
        <ele>433.79998779296875</ele>
        <time>2026-03-12T10:40:59.000Z</time>
        <extensions>
          <ns3:TrackPointExtension>
            <ns3:hr>183</ns3:hr>
            <ns3:cad>93</ns3:cad>
          </ns3:TrackPointExtension>
        </extensions>
      </trkpt>
      <trkpt lat="30.75191217474639415740966796875" lon="108.44613955356180667877197265625">
        <ele>433.79998779296875</ele>
        <time>2026-03-12T10:41:00.000Z</time>
        <extensions>
          <ns3:TrackPointExtension>
            <ns3:hr>183</ns3:hr>
            <ns3:cad>94</ns3:cad>
          </ns3:TrackPointExtension>
        </extensions>
      </trkpt>
      <trkpt lat="30.75194737873971462249755859375" lon="108.44614223577082157135009765625">
        <ele>433.79998779296875</ele>
        <time>2026-03-12T10:41:01.000Z</time>
        <extensions>
          <ns3:TrackPointExtension>
            <ns3:hr>183</ns3:hr>
            <ns3:cad>93</ns3:cad>
          </ns3:TrackPointExtension>
        </extensions>
      </trkpt>
      <trkpt lat="30.7519855163991451263427734375" lon="108.44615212641656398773193359375">
        <ele>433.79998779296875</ele>
        <time>2026-03-12T10:41:02.000Z</time>
        <extensions>
          <ns3:TrackPointExtension>
            <ns3:hr>183</ns3:hr>
            <ns3:cad>92</ns3:cad>
          </ns3:TrackPointExtension>
        </extensions>
      </trkpt>
      <trkpt lat="30.7520244084298610687255859375" lon="108.446149528026580810546875">
        <ele>433.79998779296875</ele>
        <time>2026-03-12T10:41:03.000Z</time>
        <extensions>
          <ns3:TrackPointExtension>
            <ns3:hr>184</ns3:hr>
            <ns3:cad>92</ns3:cad>
          </ns3:TrackPointExtension>
        </extensions>
      </trkpt>
      <trkpt lat="30.752061121165752410888671875" lon="108.44615397043526172637939453125">
        <ele>433.79998779296875</ele>
        <time>2026-03-12T10:41:04.000Z</time>
        <extensions>
          <ns3:TrackPointExtension>
            <ns3:hr>183</ns3:hr>
            <ns3:cad>92</ns3:cad>
          </ns3:TrackPointExtension>
        </extensions>
      </trkpt>
      <trkpt lat="30.75210127048194408416748046875" lon="108.44615195877850055694580078125">
        <ele>433.79998779296875</ele>
        <time>2026-03-12T10:41:05.000Z</time>
        <extensions>
          <ns3:TrackPointExtension>
            <ns3:hr>183</ns3:hr>
            <ns3:cad>92</ns3:cad>
          </ns3:TrackPointExtension>
        </extensions>
      </trkpt>
      <trkpt lat="30.75213144533336162567138671875" lon="108.44614751636981964111328125">
        <ele>433.79998779296875</ele>
        <time>2026-03-12T10:41:06.000Z</time>
        <extensions>
          <ns3:TrackPointExtension>
            <ns3:hr>183</ns3:hr>
            <ns3:cad>92</ns3:cad>
          </ns3:TrackPointExtension>
        </extensions>
      </trkpt>
      <trkpt lat="30.7521742768585681915283203125" lon="108.44614709727466106414794921875">
        <ele>433.79998779296875</ele>
        <time>2026-03-12T10:41:07.000Z</time>
        <extensions>
          <ns3:TrackPointExtension>
            <ns3:hr>184</ns3:hr>
            <ns3:cad>92</ns3:cad>
          </ns3:TrackPointExtension>
        </extensions>
      </trkpt>
      <trkpt lat="30.752199925482273101806640625" lon="108.4461429901421070098876953125">
        <ele>433.79998779296875</ele>
        <time>2026-03-12T10:41:08.000Z</time>
        <extensions>
          <ns3:TrackPointExtension>
            <ns3:hr>184</ns3:hr>
            <ns3:cad>92</ns3:cad>
          </ns3:TrackPointExtension>
        </extensions>
      </trkpt>
      <trkpt lat="30.7522366382181644439697265625" lon="108.4461455047130584716796875">
        <ele>433.79998779296875</ele>
        <time>2026-03-12T10:41:09.000Z</time>
        <extensions>
          <ns3:TrackPointExtension>
            <ns3:hr>184</ns3:hr>
            <ns3:cad>92</ns3:cad>
          </ns3:TrackPointExtension>
        </extensions>
      </trkpt>
      <trkpt lat="30.752264969050884246826171875" lon="108.44613854773342609405517578125">
        <ele>433.79998779296875</ele>
        <time>2026-03-12T10:41:10.000Z</time>
        <extensions>
          <ns3:TrackPointExtension>
            <ns3:hr>184</ns3:hr>
            <ns3:cad>93</ns3:cad>
          </ns3:TrackPointExtension>
        </extensions>
      </trkpt>
      <trkpt lat="30.7523028552532196044921875" lon="108.44614240340888500213623046875">
        <ele>433.79998779296875</ele>
        <time>2026-03-12T10:41:11.000Z</time>
        <extensions>
          <ns3:TrackPointExtension>
            <ns3:hr>184</ns3:hr>
            <ns3:cad>93</ns3:cad>
          </ns3:TrackPointExtension>
        </extensions>
      </trkpt>
      <trkpt lat="30.7523352093994617462158203125" lon="108.44614089466631412506103515625">
        <ele>433.79998779296875</ele>
        <time>2026-03-12T10:41:12.000Z</time>
        <extensions>
          <ns3:TrackPointExtension>
            <ns3:hr>184</ns3:hr>
            <ns3:cad>92</ns3:cad>
          </ns3:TrackPointExtension>
        </extensions>
      </trkpt>
      <trkpt lat="30.7523694075644016265869140625" lon="108.4461483545601367950439453125">
        <ele>433.600006103515625</ele>
        <time>2026-03-12T10:41:13.000Z</time>
        <extensions>
          <ns3:TrackPointExtension>
            <ns3:hr>184</ns3:hr>
            <ns3:cad>92</ns3:cad>
          </ns3:TrackPointExtension>
        </extensions>
      </trkpt>
      <trkpt lat="30.7524059526622295379638671875" lon="108.44614491797983646392822265625">
        <ele>433.600006103515625</ele>
        <time>2026-03-12T10:41:14.000Z</time>
        <extensions>
          <ns3:TrackPointExtension>
            <ns3:hr>185</ns3:hr>
            <ns3:cad>93</ns3:cad>
          </ns3:TrackPointExtension>
        </extensions>
      </trkpt>
      <trkpt lat="30.75243772007524967193603515625" lon="108.4461490251123905181884765625">
        <ele>433.600006103515625</ele>
        <time>2026-03-12T10:41:15.000Z</time>
        <extensions>
          <ns3:TrackPointExtension>
            <ns3:hr>185</ns3:hr>
            <ns3:cad>93</ns3:cad>
          </ns3:TrackPointExtension>
        </extensions>
      </trkpt>
      <trkpt lat="30.75247384607791900634765625" lon="108.4461456723511219024658203125">
        <ele>433.600006103515625</ele>
        <time>2026-03-12T10:41:16.000Z</time>
        <extensions>
          <ns3:TrackPointExtension>
            <ns3:hr>185</ns3:hr>
            <ns3:cad>93</ns3:cad>
          </ns3:TrackPointExtension>
        </extensions>
      </trkpt>
      <trkpt lat="30.75250527821481227874755859375" lon="108.44614407978951930999755859375">
        <ele>433.600006103515625</ele>
        <time>2026-03-12T10:41:17.000Z</time>
        <extensions>
          <ns3:TrackPointExtension>
            <ns3:hr>185</ns3:hr>
            <ns3:cad>93</ns3:cad>
          </ns3:TrackPointExtension>
        </extensions>
      </trkpt>
      <trkpt lat="30.752545930445194244384765625" lon="108.4461439959704875946044921875">
        <ele>433.600006103515625</ele>
        <time>2026-03-12T10:41:18.000Z</time>
        <extensions>
          <ns3:TrackPointExtension>
            <ns3:hr>184</ns3:hr>
            <ns3:cad>94</ns3:cad>
          </ns3:TrackPointExtension>
        </extensions>
      </trkpt>
      <trkpt lat="30.75257442891597747802734375" lon="108.4461389668285846710205078125">
        <ele>433.600006103515625</ele>
        <time>2026-03-12T10:41:19.000Z</time>
        <extensions>
          <ns3:TrackPointExtension>
            <ns3:hr>185</ns3:hr>
            <ns3:cad>93</ns3:cad>
          </ns3:TrackPointExtension>
        </extensions>
      </trkpt>
      <trkpt lat="30.75261332094669342041015625" lon="108.4461443312466144561767578125">
        <ele>433.600006103515625</ele>
        <time>2026-03-12T10:41:20.000Z</time>
        <extensions>
          <ns3:TrackPointExtension>
            <ns3:hr>184</ns3:hr>
            <ns3:cad>93</ns3:cad>
          </ns3:TrackPointExtension>
        </extensions>
      </trkpt>
      <trkpt lat="30.75264123268425464630126953125" lon="108.4461409784853458404541015625">
        <ele>433.600006103515625</ele>
        <time>2026-03-12T10:41:21.000Z</time>
        <extensions>
          <ns3:TrackPointExtension>
            <ns3:hr>184</ns3:hr>
            <ns3:cad>92</ns3:cad>
          </ns3:TrackPointExtension>
        </extensions>
      </trkpt>
      <trkpt lat="30.75268113054335117340087890625" lon="108.44615045003592967987060546875">
        <ele>433.600006103515625</ele>
        <time>2026-03-12T10:41:22.000Z</time>
        <extensions>
          <ns3:TrackPointExtension>
            <ns3:hr>184</ns3:hr>
            <ns3:cad>91</ns3:cad>
          </ns3:TrackPointExtension>
        </extensions>
      </trkpt>
      <trkpt lat="30.75271365232765674591064453125" lon="108.4461481869220733642578125">
        <ele>433.79998779296875</ele>
        <time>2026-03-12T10:41:23.000Z</time>
        <extensions>
          <ns3:TrackPointExtension>
            <ns3:hr>184</ns3:hr>
            <ns3:cad>91</ns3:cad>
          </ns3:TrackPointExtension>
        </extensions>
      </trkpt>
      <trkpt lat="30.75274944305419921875" lon="108.44614751636981964111328125">
        <ele>433.79998779296875</ele>
        <time>2026-03-12T10:41:24.000Z</time>
        <extensions>
          <ns3:TrackPointExtension>
            <ns3:hr>184</ns3:hr>
            <ns3:cad>92</ns3:cad>
          </ns3:TrackPointExtension>
        </extensions>
      </trkpt>
      <trkpt lat="30.75278439559042453765869140625" lon="108.44614617526531219482421875">
        <ele>433.600006103515625</ele>
        <time>2026-03-12T10:41:25.000Z</time>
        <extensions>
          <ns3:TrackPointExtension>
            <ns3:hr>185</ns3:hr>
            <ns3:cad>93</ns3:cad>
          </ns3:TrackPointExtension>
        </extensions>
      </trkpt>
      <trkpt lat="30.752814151346683502197265625" lon="108.4461510367691516876220703125">
        <ele>433.600006103515625</ele>
        <time>2026-03-12T10:41:26.000Z</time>
        <extensions>
          <ns3:TrackPointExtension>
            <ns3:hr>184</ns3:hr>
            <ns3:cad>93</ns3:cad>
          </ns3:TrackPointExtension>
        </extensions>
      </trkpt>
      <trkpt lat="30.7528515346348285675048828125" lon="108.4461535513401031494140625">
        <ele>433.600006103515625</ele>
        <time>2026-03-12T10:41:27.000Z</time>
        <extensions>
          <ns3:TrackPointExtension>
            <ns3:hr>184</ns3:hr>
            <ns3:cad>93</ns3:cad>
          </ns3:TrackPointExtension>
        </extensions>
      </trkpt>
      <trkpt lat="30.752880871295928955078125" lon="108.4461503662168979644775390625">
        <ele>433.600006103515625</ele>
        <time>2026-03-12T10:41:28.000Z</time>
        <extensions>
          <ns3:TrackPointExtension>
            <ns3:hr>185</ns3:hr>
            <ns3:cad>93</ns3:cad>
          </ns3:TrackPointExtension>
        </extensions>
      </trkpt>
      <trkpt lat="30.75292102061212062835693359375" lon="108.44614910893142223358154296875">
        <ele>433.600006103515625</ele>
        <time>2026-03-12T10:41:29.000Z</time>
        <extensions>
          <ns3:TrackPointExtension>
            <ns3:hr>185</ns3:hr>
            <ns3:cad>92</ns3:cad>
          </ns3:TrackPointExtension>
        </extensions>
      </trkpt>
      <trkpt lat="30.7529511116445064544677734375" lon="108.4461413137614727020263671875">
        <ele>433.600006103515625</ele>
        <time>2026-03-12T10:41:30.000Z</time>
        <extensions>
          <ns3:TrackPointExtension>
            <ns3:hr>185</ns3:hr>
            <ns3:cad>92</ns3:cad>
          </ns3:TrackPointExtension>
        </extensions>
      </trkpt>
      <trkpt lat="30.75299276970326900482177734375" lon="108.4461386315524578094482421875">
        <ele>433.600006103515625</ele>
        <time>2026-03-12T10:41:31.000Z</time>
        <extensions>
          <ns3:TrackPointExtension>
            <ns3:hr>185</ns3:hr>
            <ns3:cad>93</ns3:cad>
          </ns3:TrackPointExtension>
        </extensions>
      </trkpt>
      <trkpt lat="30.75302101671695709228515625" lon="108.4461232088506221771240234375">
        <ele>433.600006103515625</ele>
        <time>2026-03-12T10:41:32.000Z</time>
        <extensions>
          <ns3:TrackPointExtension>
            <ns3:hr>185</ns3:hr>
            <ns3:cad>94</ns3:cad>
          </ns3:TrackPointExtension>
        </extensions>
      </trkpt>
      <trkpt lat="30.75305663980543613433837890625" lon="108.44611222855746746063232421875">
        <ele>433.600006103515625</ele>
        <time>2026-03-12T10:41:33.000Z</time>
        <extensions>
          <ns3:TrackPointExtension>
            <ns3:hr>185</ns3:hr>
            <ns3:cad>94</ns3:cad>
          </ns3:TrackPointExtension>
        </extensions>
      </trkpt>
      <trkpt lat="30.75308044441044330596923828125" lon="108.4460926987230777740478515625">
        <ele>433.600006103515625</ele>
        <time>2026-03-12T10:41:34.000Z</time>
        <extensions>
          <ns3:TrackPointExtension>
            <ns3:hr>185</ns3:hr>
            <ns3:cad>94</ns3:cad>
          </ns3:TrackPointExtension>
        </extensions>
      </trkpt>
      <trkpt lat="30.75310877524316310882568359375" lon="108.4460719116032123565673828125">
        <ele>433.600006103515625</ele>
        <time>2026-03-12T10:41:35.000Z</time>
        <extensions>
          <ns3:TrackPointExtension>
            <ns3:hr>185</ns3:hr>
            <ns3:cad>93</ns3:cad>
          </ns3:TrackPointExtension>
        </extensions>
      </trkpt>
      <trkpt lat="30.7531381957232952117919921875" lon="108.44604559242725372314453125">
        <ele>433.600006103515625</ele>
        <time>2026-03-12T10:41:36.000Z</time>
        <extensions>
          <ns3:TrackPointExtension>
            <ns3:hr>185</ns3:hr>
            <ns3:cad>92</ns3:cad>
          </ns3:TrackPointExtension>
        </extensions>
      </trkpt>
      <trkpt lat="30.7531666941940784454345703125" lon="108.44602220691740512847900390625">
        <ele>433.600006103515625</ele>
        <time>2026-03-12T10:41:37.000Z</time>
        <extensions>
          <ns3:TrackPointExtension>
            <ns3:hr>185</ns3:hr>
            <ns3:cad>92</ns3:cad>
          </ns3:TrackPointExtension>
        </extensions>
      </trkpt>
      <trkpt lat="30.75319360010325908660888671875" lon="108.44599018804728984832763671875">
        <ele>433.79998779296875</ele>
        <time>2026-03-12T10:41:38.000Z</time>
        <extensions>
          <ns3:TrackPointExtension>
            <ns3:hr>185</ns3:hr>
            <ns3:cad>92</ns3:cad>
          </ns3:TrackPointExtension>
        </extensions>
      </trkpt>
      <trkpt lat="30.75320877134799957275390625" lon="108.445962108671665191650390625">
        <ele>433.79998779296875</ele>
        <time>2026-03-12T10:41:39.000Z</time>
        <extensions>
          <ns3:TrackPointExtension>
            <ns3:hr>184</ns3:hr>
            <ns3:cad>92</ns3:cad>
          </ns3:TrackPointExtension>
        </extensions>
      </trkpt>
      <trkpt lat="30.7532253675162792205810546875" lon="108.44592782668769359588623046875">
        <ele>433.79998779296875</ele>
        <time>2026-03-12T10:41:40.000Z</time>
        <extensions>
          <ns3:TrackPointExtension>
            <ns3:hr>185</ns3:hr>
            <ns3:cad>91</ns3:cad>
          </ns3:TrackPointExtension>
        </extensions>
      </trkpt>
      <trkpt lat="30.75323517434298992156982421875" lon="108.4458960592746734619140625">
        <ele>433.79998779296875</ele>
        <time>2026-03-12T10:41:41.000Z</time>
        <extensions>
          <ns3:TrackPointExtension>
            <ns3:hr>184</ns3:hr>
            <ns3:cad>91</ns3:cad>
          </ns3:TrackPointExtension>
        </extensions>
      </trkpt>
      <trkpt lat="30.75325160287320613861083984375" lon="108.44585926271975040435791015625">
        <ele>433.79998779296875</ele>
        <time>2026-03-12T10:41:42.000Z</time>
        <extensions>
          <ns3:TrackPointExtension>
            <ns3:hr>184</ns3:hr>
            <ns3:cad>92</ns3:cad>
          </ns3:TrackPointExtension>
        </extensions>
      </trkpt>
      <trkpt lat="30.75325847603380680084228515625" lon="108.4458238072693347930908203125">
        <ele>433.79998779296875</ele>
        <time>2026-03-12T10:41:43.000Z</time>
        <extensions>
          <ns3:TrackPointExtension>
            <ns3:hr>184</ns3:hr>
            <ns3:cad>92</ns3:cad>
          </ns3:TrackPointExtension>
        </extensions>
      </trkpt>
      <trkpt lat="30.753272138535976409912109375" lon="108.44578885473310947418212890625">
        <ele>433.79998779296875</ele>
        <time>2026-03-12T10:41:44.000Z</time>
        <extensions>
          <ns3:TrackPointExtension>
            <ns3:hr>185</ns3:hr>
            <ns3:cad>92</ns3:cad>
          </ns3:TrackPointExtension>
        </extensions>
      </trkpt>
      <trkpt lat="30.753280185163021087646484375" lon="108.44575323164463043212890625">
        <ele>433.79998779296875</ele>
        <time>2026-03-12T10:41:45.000Z</time>
        <extensions>
          <ns3:TrackPointExtension>
            <ns3:hr>184</ns3:hr>
            <ns3:cad>93</ns3:cad>
          </ns3:TrackPointExtension>
        </extensions>
      </trkpt>
      <trkpt lat="30.7532880641520023345947265625" lon="108.4457138366997241973876953125">
        <ele>433.79998779296875</ele>
        <time>2026-03-12T10:41:46.000Z</time>
        <extensions>
          <ns3:TrackPointExtension>
            <ns3:hr>184</ns3:hr>
            <ns3:cad>93</ns3:cad>
          </ns3:TrackPointExtension>
        </extensions>
      </trkpt>
      <trkpt lat="30.7532899081707000732421875" lon="108.44567234627902507781982421875">
        <ele>433.79998779296875</ele>
        <time>2026-03-12T10:41:47.000Z</time>
        <extensions>
          <ns3:TrackPointExtension>
            <ns3:hr>185</ns3:hr>
            <ns3:cad>92</ns3:cad>
          </ns3:TrackPointExtension>
        </extensions>
      </trkpt>
      <trkpt lat="30.7532883994281291961669921875" lon="108.4456390701234340667724609375">
        <ele>433.79998779296875</ele>
        <time>2026-03-12T10:41:48.000Z</time>
        <extensions>
          <ns3:TrackPointExtension>
            <ns3:hr>184</ns3:hr>
            <ns3:cad>92</ns3:cad>
          </ns3:TrackPointExtension>
        </extensions>
      </trkpt>
      <trkpt lat="30.7532890699803829193115234375" lon="108.44559456221759319305419921875">
        <ele>433.79998779296875</ele>
        <time>2026-03-12T10:41:49.000Z</time>
        <extensions>
          <ns3:TrackPointExtension>
            <ns3:hr>184</ns3:hr>
            <ns3:cad>92</ns3:cad>
          </ns3:TrackPointExtension>
        </extensions>
      </trkpt>
      <trkpt lat="30.753283537924289703369140625" lon="108.44556103460490703582763671875">
        <ele>433.79998779296875</ele>
        <time>2026-03-12T10:41:50.000Z</time>
        <extensions>
          <ns3:TrackPointExtension>
            <ns3:hr>184</ns3:hr>
            <ns3:cad>93</ns3:cad>
          </ns3:TrackPointExtension>
        </extensions>
      </trkpt>
      <trkpt lat="30.7532826997339725494384765625" lon="108.44551560468971729278564453125">
        <ele>433.79998779296875</ele>
        <time>2026-03-12T10:41:51.000Z</time>
        <extensions>
          <ns3:TrackPointExtension>
            <ns3:hr>185</ns3:hr>
            <ns3:cad>93</ns3:cad>
          </ns3:TrackPointExtension>
        </extensions>
      </trkpt>
      <trkpt lat="30.753274820744991302490234375" lon="108.44548442400991916656494140625">
        <ele>434</ele>
        <time>2026-03-12T10:41:52.000Z</time>
        <extensions>
          <ns3:TrackPointExtension>
            <ns3:hr>184</ns3:hr>
            <ns3:cad>92</ns3:cad>
          </ns3:TrackPointExtension>
        </extensions>
      </trkpt>
      <trkpt lat="30.7532743178308010101318359375" lon="108.44544343650341033935546875">
        <ele>434</ele>
        <time>2026-03-12T10:41:53.000Z</time>
        <extensions>
          <ns3:TrackPointExtension>
            <ns3:hr>184</ns3:hr>
            <ns3:cad>92</ns3:cad>
          </ns3:TrackPointExtension>
        </extensions>
      </trkpt>
      <trkpt lat="30.75326350517570972442626953125" lon="108.4454084001481533050537109375">
        <ele>434</ele>
        <time>2026-03-12T10:41:54.000Z</time>
        <extensions>
          <ns3:TrackPointExtension>
            <ns3:hr>185</ns3:hr>
            <ns3:cad>92</ns3:cad>
          </ns3:TrackPointExtension>
        </extensions>
      </trkpt>
      <trkpt lat="30.7532558776438236236572265625" lon="108.4453690052032470703125">
        <ele>434</ele>
        <time>2026-03-12T10:41:55.000Z</time>
        <extensions>
          <ns3:TrackPointExtension>
            <ns3:hr>184</ns3:hr>
            <ns3:cad>92</ns3:cad>
          </ns3:TrackPointExtension>
        </extensions>
      </trkpt>
      <trkpt lat="30.7532394491136074066162109375" lon="108.44533480703830718994140625">
        <ele>434</ele>
        <time>2026-03-12T10:41:56.000Z</time>
        <extensions>
          <ns3:TrackPointExtension>
            <ns3:hr>184</ns3:hr>
            <ns3:cad>92</ns3:cad>
          </ns3:TrackPointExtension>
        </extensions>
      </trkpt>
      <trkpt lat="30.75322109274566173553466796875" lon="108.44530404545366764068603515625">
        <ele>434</ele>
        <time>2026-03-12T10:41:57.000Z</time>
        <extensions>
          <ns3:TrackPointExtension>
            <ns3:hr>184</ns3:hr>
            <ns3:cad>92</ns3:cad>
          </ns3:TrackPointExtension>
        </extensions>
      </trkpt>
      <trkpt lat="30.75319611467421054840087890625" lon="108.4452737867832183837890625">
        <ele>434</ele>
        <time>2026-03-12T10:41:58.000Z</time>
        <extensions>
          <ns3:TrackPointExtension>
            <ns3:hr>185</ns3:hr>
            <ns3:cad>92</ns3:cad>
          </ns3:TrackPointExtension>
        </extensions>
      </trkpt>
      <trkpt lat="30.75317482464015483856201171875" lon="108.445247970521450042724609375">
        <ele>434</ele>
        <time>2026-03-12T10:41:59.000Z</time>
        <extensions>
          <ns3:TrackPointExtension>
            <ns3:hr>184</ns3:hr>
            <ns3:cad>92</ns3:cad>
          </ns3:TrackPointExtension>
        </extensions>
      </trkpt>
      <trkpt lat="30.75314682908356189727783203125" lon="108.44521268270909786224365234375">
        <ele>434</ele>
        <time>2026-03-12T10:42:00.000Z</time>
        <extensions>
          <ns3:TrackPointExtension>
            <ns3:hr>184</ns3:hr>
            <ns3:cad>92</ns3:cad>
          </ns3:TrackPointExtension>
        </extensions>
      </trkpt>
      <trkpt lat="30.75312252156436443328857421875" lon="108.44519072212278842926025390625">
        <ele>434</ele>
        <time>2026-03-12T10:42:01.000Z</time>
        <extensions>
          <ns3:TrackPointExtension>
            <ns3:hr>185</ns3:hr>
            <ns3:cad>92</ns3:cad>
          </ns3:TrackPointExtension>
        </extensions>
      </trkpt>
      <trkpt lat="30.75309234671294689178466796875" lon="108.4451629780232906341552734375">
        <ele>434</ele>
        <time>2026-03-12T10:42:02.000Z</time>
        <extensions>
          <ns3:TrackPointExtension>
            <ns3:hr>185</ns3:hr>
            <ns3:cad>92</ns3:cad>
          </ns3:TrackPointExtension>
        </extensions>
      </trkpt>
      <trkpt lat="30.75306636281311511993408203125" lon="108.44515032134950160980224609375">
        <ele>434.20001220703125</ele>
        <time>2026-03-12T10:42:03.000Z</time>
        <extensions>
          <ns3:TrackPointExtension>
            <ns3:hr>185</ns3:hr>
            <ns3:cad>92</ns3:cad>
          </ns3:TrackPointExtension>
        </extensions>
      </trkpt>
      <trkpt lat="30.7530335895717144012451171875" lon="108.4451317973434925079345703125">
        <ele>434</ele>
        <time>2026-03-12T10:42:04.000Z</time>
        <extensions>
          <ns3:TrackPointExtension>
            <ns3:hr>185</ns3:hr>
            <ns3:cad>92</ns3:cad>
          </ns3:TrackPointExtension>
        </extensions>
      </trkpt>
      <trkpt lat="30.7530037499964237213134765625" lon="108.4451294504106044769287109375">
        <ele>434</ele>
        <time>2026-03-12T10:42:05.000Z</time>
        <extensions>
          <ns3:TrackPointExtension>
            <ns3:hr>184</ns3:hr>
            <ns3:cad>92</ns3:cad>
          </ns3:TrackPointExtension>
        </extensions>
      </trkpt>
      <trkpt lat="30.7529722340404987335205078125" lon="108.44512400217354297637939453125">
        <ele>434</ele>
        <time>2026-03-12T10:42:06.000Z</time>
        <extensions>
          <ns3:TrackPointExtension>
            <ns3:hr>185</ns3:hr>
            <ns3:cad>92</ns3:cad>
          </ns3:TrackPointExtension>
        </extensions>
      </trkpt>
      <trkpt lat="30.75293828733265399932861328125" lon="108.4451209008693695068359375">
        <ele>434</ele>
        <time>2026-03-12T10:42:07.000Z</time>
        <extensions>
          <ns3:TrackPointExtension>
            <ns3:hr>185</ns3:hr>
            <ns3:cad>94</ns3:cad>
          </ns3:TrackPointExtension>
        </extensions>
      </trkpt>
      <trkpt lat="30.75290308333933353424072265625" lon="108.4451193921267986297607421875">
        <ele>434</ele>
        <time>2026-03-12T10:42:08.000Z</time>
        <extensions>
          <ns3:TrackPointExtension>
            <ns3:hr>185</ns3:hr>
            <ns3:cad>94</ns3:cad>
          </ns3:TrackPointExtension>
        </extensions>
      </trkpt>
      <trkpt lat="30.75286905281245708465576171875" lon="108.4451193921267986297607421875">
        <ele>434.20001220703125</ele>
        <time>2026-03-12T10:42:09.000Z</time>
        <extensions>
          <ns3:TrackPointExtension>
            <ns3:hr>184</ns3:hr>
            <ns3:cad>92</ns3:cad>
          </ns3:TrackPointExtension>
        </extensions>
      </trkpt>
      <trkpt lat="30.75284189544618129730224609375" lon="108.44512031413614749908447265625">
        <ele>434</ele>
        <time>2026-03-12T10:42:10.000Z</time>
        <extensions>
          <ns3:TrackPointExtension>
            <ns3:hr>185</ns3:hr>
            <ns3:cad>92</ns3:cad>
          </ns3:TrackPointExtension>
        </extensions>
      </trkpt>
      <trkpt lat="30.75280317105352878570556640625" lon="108.44511511735618114471435546875">
        <ele>434</ele>
        <time>2026-03-12T10:42:11.000Z</time>
        <extensions>
          <ns3:TrackPointExtension>
            <ns3:hr>185</ns3:hr>
            <ns3:cad>92</ns3:cad>
          </ns3:TrackPointExtension>
        </extensions>
      </trkpt>
      <trkpt lat="30.75277433730661869049072265625" lon="108.44511612318456172943115234375">
        <ele>434</ele>
        <time>2026-03-12T10:42:12.000Z</time>
        <extensions>
          <ns3:TrackPointExtension>
            <ns3:hr>185</ns3:hr>
            <ns3:cad>92</ns3:cad>
          </ns3:TrackPointExtension>
        </extensions>
      </trkpt>
      <trkpt lat="30.7527358643710613250732421875" lon="108.4451140277087688446044921875">
        <ele>434</ele>
        <time>2026-03-12T10:42:13.000Z</time>
        <extensions>
          <ns3:TrackPointExtension>
            <ns3:hr>184</ns3:hr>
            <ns3:cad>92</ns3:cad>
          </ns3:TrackPointExtension>
        </extensions>
      </trkpt>
      <trkpt lat="30.752700157463550567626953125" lon="108.4451224096119403839111328125">
        <ele>434</ele>
        <time>2026-03-12T10:42:14.000Z</time>
        <extensions>
          <ns3:TrackPointExtension>
            <ns3:hr>185</ns3:hr>
            <ns3:cad>92</ns3:cad>
          </ns3:TrackPointExtension>
        </extensions>
      </trkpt>
      <trkpt lat="30.7526641152799129486083984375" lon="108.44512098468840122222900390625">
        <ele>434</ele>
        <time>2026-03-12T10:42:15.000Z</time>
        <extensions>
          <ns3:TrackPointExtension>
            <ns3:hr>185</ns3:hr>
            <ns3:cad>92</ns3:cad>
          </ns3:TrackPointExtension>
        </extensions>
      </trkpt>
      <trkpt lat="30.75263000093400478363037109375" lon="108.44512869603931903839111328125">
        <ele>434</ele>
        <time>2026-03-12T10:42:16.000Z</time>
        <extensions>
          <ns3:TrackPointExtension>
            <ns3:hr>185</ns3:hr>
            <ns3:cad>92</ns3:cad>
          </ns3:TrackPointExtension>
        </extensions>
      </trkpt>
      <trkpt lat="30.75259856879711151123046875" lon="108.44513422809541225433349609375">
        <ele>434</ele>
        <time>2026-03-12T10:42:17.000Z</time>
        <extensions>
          <ns3:TrackPointExtension>
            <ns3:hr>184</ns3:hr>
            <ns3:cad>92</ns3:cad>
          </ns3:TrackPointExtension>
        </extensions>
      </trkpt>
      <trkpt lat="30.752560682594776153564453125" lon="108.44513791613280773162841796875">
        <ele>434.20001220703125</ele>
        <time>2026-03-12T10:42:18.000Z</time>
        <extensions>
          <ns3:TrackPointExtension>
            <ns3:hr>185</ns3:hr>
            <ns3:cad>92</ns3:cad>
          </ns3:TrackPointExtension>
        </extensions>
      </trkpt>
      <trkpt lat="30.75253142975270748138427734375" lon="108.44514646567404270172119140625">
        <ele>434.20001220703125</ele>
        <time>2026-03-12T10:42:19.000Z</time>
        <extensions>
          <ns3:TrackPointExtension>
            <ns3:hr>185</ns3:hr>
            <ns3:cad>92</ns3:cad>
          </ns3:TrackPointExtension>
        </extensions>
      </trkpt>
      <trkpt lat="30.75249086134135723114013671875" lon="108.44515015371143817901611328125">
        <ele>434.20001220703125</ele>
        <time>2026-03-12T10:42:20.000Z</time>
        <extensions>
          <ns3:TrackPointExtension>
            <ns3:hr>184</ns3:hr>
            <ns3:cad>92</ns3:cad>
          </ns3:TrackPointExtension>
        </extensions>
      </trkpt>
      <trkpt lat="30.7524609379470348358154296875" lon="108.44515484757721424102783203125">
        <ele>434.20001220703125</ele>
        <time>2026-03-12T10:42:21.000Z</time>
        <extensions>
          <ns3:TrackPointExtension>
            <ns3:hr>184</ns3:hr>
            <ns3:cad>92</ns3:cad>
          </ns3:TrackPointExtension>
        </extensions>
      </trkpt>
      <trkpt lat="30.75242280028760433197021484375" lon="108.4451509080827236175537109375">
        <ele>434.399993896484375</ele>
        <time>2026-03-12T10:42:22.000Z</time>
        <extensions>
          <ns3:TrackPointExtension>
            <ns3:hr>184</ns3:hr>
            <ns3:cad>93</ns3:cad>
          </ns3:TrackPointExtension>
        </extensions>
      </trkpt>
      <trkpt lat="30.75239212252199649810791015625" lon="108.4451512433588504791259765625">
        <ele>434.399993896484375</ele>
        <time>2026-03-12T10:42:23.000Z</time>
        <extensions>
          <ns3:TrackPointExtension>
            <ns3:hr>185</ns3:hr>
            <ns3:cad>94</ns3:cad>
          </ns3:TrackPointExtension>
        </extensions>
      </trkpt>
      <trkpt lat="30.75235423631966114044189453125" lon="108.44514646567404270172119140625">
        <ele>434.399993896484375</ele>
        <time>2026-03-12T10:42:24.000Z</time>
        <extensions>
          <ns3:TrackPointExtension>
            <ns3:hr>184</ns3:hr>
            <ns3:cad>94</ns3:cad>
          </ns3:TrackPointExtension>
        </extensions>
      </trkpt>
      <trkpt lat="30.75231919996440410614013671875" lon="108.44514797441661357879638671875">
        <ele>434.399993896484375</ele>
        <time>2026-03-12T10:42:25.000Z</time>
        <extensions>
          <ns3:TrackPointExtension>
            <ns3:hr>184</ns3:hr>
            <ns3:cad>92</ns3:cad>
          </ns3:TrackPointExtension>
        </extensions>
      </trkpt>
      <trkpt lat="30.75228516943752765655517578125" lon="108.445145376026630401611328125">
        <ele>434.399993896484375</ele>
        <time>2026-03-12T10:42:26.000Z</time>
        <extensions>
          <ns3:TrackPointExtension>
            <ns3:hr>185</ns3:hr>
            <ns3:cad>92</ns3:cad>
          </ns3:TrackPointExtension>
        </extensions>
      </trkpt>
      <trkpt lat="30.75224854052066802978515625" lon="108.44514344818890094757080078125">
        <ele>434.399993896484375</ele>
        <time>2026-03-12T10:42:27.000Z</time>
        <extensions>
          <ns3:TrackPointExtension>
            <ns3:hr>184</ns3:hr>
            <ns3:cad>92</ns3:cad>
          </ns3:TrackPointExtension>
        </extensions>
      </trkpt>
      <trkpt lat="30.75221828185021877288818359375" lon="108.4451411850750446319580078125">
        <ele>434.399993896484375</ele>
        <time>2026-03-12T10:42:28.000Z</time>
        <extensions>
          <ns3:TrackPointExtension>
            <ns3:hr>184</ns3:hr>
            <ns3:cad>92</ns3:cad>
          </ns3:TrackPointExtension>
        </extensions>
      </trkpt>
      <trkpt lat="30.75217771343886852264404296875" lon="108.44513892196118831634521484375">
        <ele>434.399993896484375</ele>
        <time>2026-03-12T10:42:29.000Z</time>
        <extensions>
          <ns3:TrackPointExtension>
            <ns3:hr>185</ns3:hr>
            <ns3:cad>94</ns3:cad>
          </ns3:TrackPointExtension>
        </extensions>
      </trkpt>
      <trkpt lat="30.752148292958736419677734375" lon="108.44514168798923492431640625">
        <ele>434.399993896484375</ele>
        <time>2026-03-12T10:42:30.000Z</time>
        <extensions>
          <ns3:TrackPointExtension>
            <ns3:hr>184</ns3:hr>
            <ns3:cad>94</ns3:cad>
          </ns3:TrackPointExtension>
        </extensions>
      </trkpt>
      <trkpt lat="30.75211032293736934661865234375" lon="108.44513959251344203948974609375">
        <ele>434.399993896484375</ele>
        <time>2026-03-12T10:42:31.000Z</time>
        <extensions>
          <ns3:TrackPointExtension>
            <ns3:hr>184</ns3:hr>
            <ns3:cad>94</ns3:cad>
          </ns3:TrackPointExtension>
        </extensions>
      </trkpt>
      <trkpt lat="30.7520827464759349822998046875" lon="108.44514126889407634735107421875">
        <ele>434.399993896484375</ele>
        <time>2026-03-12T10:42:32.000Z</time>
        <extensions>
          <ns3:TrackPointExtension>
            <ns3:hr>185</ns3:hr>
            <ns3:cad>93</ns3:cad>
          </ns3:TrackPointExtension>
        </extensions>
      </trkpt>
      <trkpt lat="30.752044022083282470703125" lon="108.44513908959925174713134765625">
        <ele>434.399993896484375</ele>
        <time>2026-03-12T10:42:33.000Z</time>
        <extensions>
          <ns3:TrackPointExtension>
            <ns3:hr>185</ns3:hr>
            <ns3:cad>93</ns3:cad>
          </ns3:TrackPointExtension>
        </extensions>
      </trkpt>
      <trkpt lat="30.75201108120381832122802734375" lon="108.44514512456953525543212890625">
        <ele>434.399993896484375</ele>
        <time>2026-03-12T10:42:34.000Z</time>
        <extensions>
          <ns3:TrackPointExtension>
            <ns3:hr>185</ns3:hr>
            <ns3:cad>91</ns3:cad>
          </ns3:TrackPointExtension>
        </extensions>
      </trkpt>
      <trkpt lat="30.7519756257534027099609375" lon="108.445146046578884124755859375">
        <ele>434.399993896484375</ele>
        <time>2026-03-12T10:42:35.000Z</time>
        <extensions>
          <ns3:TrackPointExtension>
            <ns3:hr>185</ns3:hr>
            <ns3:cad>91</ns3:cad>
          </ns3:TrackPointExtension>
        </extensions>
      </trkpt>
      <trkpt lat="30.75194268487393856048583984375" lon="108.445154763758182525634765625">
        <ele>434.399993896484375</ele>
        <time>2026-03-12T10:42:36.000Z</time>
        <extensions>
          <ns3:TrackPointExtension>
            <ns3:hr>184</ns3:hr>
            <ns3:cad>91</ns3:cad>
          </ns3:TrackPointExtension>
        </extensions>
      </trkpt>
      <trkpt lat="30.7519077323377132415771484375" lon="108.4451599605381488800048828125">
        <ele>434.20001220703125</ele>
        <time>2026-03-12T10:42:37.000Z</time>
        <extensions>
          <ns3:TrackPointExtension>
            <ns3:hr>185</ns3:hr>
            <ns3:cad>92</ns3:cad>
          </ns3:TrackPointExtension>
        </extensions>
      </trkpt>
      <trkpt lat="30.75187462382018566131591796875" lon="108.445172198116779327392578125">
        <ele>434</ele>
        <time>2026-03-12T10:42:38.000Z</time>
        <extensions>
          <ns3:TrackPointExtension>
            <ns3:hr>185</ns3:hr>
            <ns3:cad>92</ns3:cad>
          </ns3:TrackPointExtension>
        </extensions>
      </trkpt>
      <trkpt lat="30.7518450357019901275634765625" lon="108.44518451951444149017333984375">
        <ele>434</ele>
        <time>2026-03-12T10:42:39.000Z</time>
        <extensions>
          <ns3:TrackPointExtension>
            <ns3:hr>184</ns3:hr>
            <ns3:cad>92</ns3:cad>
          </ns3:TrackPointExtension>
        </extensions>
      </trkpt>
      <trkpt lat="30.7518111728131771087646484375" lon="108.4452042169868946075439453125">
        <ele>434</ele>
        <time>2026-03-12T10:42:40.000Z</time>
        <extensions>
          <ns3:TrackPointExtension>
            <ns3:hr>185</ns3:hr>
            <ns3:cad>93</ns3:cad>
          </ns3:TrackPointExtension>
        </extensions>
      </trkpt>
      <trkpt lat="30.75178854167461395263671875" lon="108.445222489535808563232421875">
        <ele>434</ele>
        <time>2026-03-12T10:42:41.000Z</time>
        <extensions>
          <ns3:TrackPointExtension>
            <ns3:hr>185</ns3:hr>
            <ns3:cad>93</ns3:cad>
          </ns3:TrackPointExtension>
        </extensions>
      </trkpt>
      <trkpt lat="30.75175409205257892608642578125" lon="108.44524352811276912689208984375">
        <ele>434</ele>
        <time>2026-03-12T10:42:42.000Z</time>
        <extensions>
          <ns3:TrackPointExtension>
            <ns3:hr>184</ns3:hr>
            <ns3:cad>93</ns3:cad>
          </ns3:TrackPointExtension>
        </extensions>
      </trkpt>
      <trkpt lat="30.751734562218189239501953125" lon="108.4452682547271251678466796875">
        <ele>434</ele>
        <time>2026-03-12T10:42:43.000Z</time>
        <extensions>
          <ns3:TrackPointExtension>
            <ns3:hr>185</ns3:hr>
            <ns3:cad>93</ns3:cad>
          </ns3:TrackPointExtension>
        </extensions>
      </trkpt>
      <trkpt lat="30.75170447118580341339111328125" lon="108.4452957473695278167724609375">
        <ele>434</ele>
        <time>2026-03-12T10:42:44.000Z</time>
        <extensions>
          <ns3:TrackPointExtension>
            <ns3:hr>185</ns3:hr>
            <ns3:cad>93</ns3:cad>
          </ns3:TrackPointExtension>
        </extensions>
      </trkpt>
      <trkpt lat="30.75168636627495288848876953125" lon="108.445329107344150543212890625">
        <ele>434</ele>
        <time>2026-03-12T10:42:45.000Z</time>
        <extensions>
          <ns3:TrackPointExtension>
            <ns3:hr>185</ns3:hr>
            <ns3:cad>92</ns3:cad>
          </ns3:TrackPointExtension>
        </extensions>
      </trkpt>
      <trkpt lat="30.75166516005992889404296875" lon="108.44536322169005870819091796875">
        <ele>434</ele>
        <time>2026-03-12T10:42:46.000Z</time>
        <extensions>
          <ns3:TrackPointExtension>
            <ns3:hr>185</ns3:hr>
            <ns3:cad>92</ns3:cad>
          </ns3:TrackPointExtension>
        </extensions>
      </trkpt>
      <trkpt lat="30.75164579786360263824462890625" lon="108.44540228135883808135986328125">
        <ele>434</ele>
        <time>2026-03-12T10:42:47.000Z</time>
        <extensions>
          <ns3:TrackPointExtension>
            <ns3:hr>186</ns3:hr>
            <ns3:cad>92</ns3:cad>
          </ns3:TrackPointExtension>
        </extensions>
      </trkpt>
      <trkpt lat="30.751629956066608428955078125" lon="108.44543480314314365386962890625">
        <ele>434</ele>
        <time>2026-03-12T10:42:48.000Z</time>
        <extensions>
          <ns3:TrackPointExtension>
            <ns3:hr>185</ns3:hr>
            <ns3:cad>92</ns3:cad>
          </ns3:TrackPointExtension>
        </extensions>
      </trkpt>
      <trkpt lat="30.75161512009799480438232421875" lon="108.445475958287715911865234375">
        <ele>434</ele>
        <time>2026-03-12T10:42:49.000Z</time>
        <extensions>
          <ns3:TrackPointExtension>
            <ns3:hr>185</ns3:hr>
            <ns3:cad>92</ns3:cad>
          </ns3:TrackPointExtension>
        </extensions>
      </trkpt>
      <trkpt lat="30.751606486737728118896484375" lon="108.44550940208137035369873046875">
        <ele>434.20001220703125</ele>
        <time>2026-03-12T10:42:50.000Z</time>
        <extensions>
          <ns3:TrackPointExtension>
            <ns3:hr>185</ns3:hr>
            <ns3:cad>92</ns3:cad>
          </ns3:TrackPointExtension>
        </extensions>
      </trkpt>
      <trkpt lat="30.75159718282520771026611328125" lon="108.44555399380624294281005859375">
        <ele>434.20001220703125</ele>
        <time>2026-03-12T10:42:51.000Z</time>
        <extensions>
          <ns3:TrackPointExtension>
            <ns3:hr>186</ns3:hr>
            <ns3:cad>92</ns3:cad>
          </ns3:TrackPointExtension>
        </extensions>
      </trkpt>
      <trkpt lat="30.751597099006175994873046875" lon="108.44559305347502231597900390625">
        <ele>434.20001220703125</ele>
        <time>2026-03-12T10:42:52.000Z</time>
        <extensions>
          <ns3:TrackPointExtension>
            <ns3:hr>185</ns3:hr>
            <ns3:cad>92</ns3:cad>
          </ns3:TrackPointExtension>
        </extensions>
      </trkpt>
      <trkpt lat="30.751594416797161102294921875" lon="108.44563521444797515869140625">
        <ele>434.20001220703125</ele>
        <time>2026-03-12T10:42:53.000Z</time>
        <extensions>
          <ns3:TrackPointExtension>
            <ns3:hr>185</ns3:hr>
            <ns3:cad>92</ns3:cad>
          </ns3:TrackPointExtension>
        </extensions>
      </trkpt>
      <trkpt lat="30.75159684754908084869384765625" lon="108.4456736035645008087158203125">
        <ele>434.20001220703125</ele>
        <time>2026-03-12T10:42:54.000Z</time>
        <extensions>
          <ns3:TrackPointExtension>
            <ns3:hr>185</ns3:hr>
            <ns3:cad>92</ns3:cad>
          </ns3:TrackPointExtension>
        </extensions>
      </trkpt>
      <trkpt lat="30.7515996135771274566650390625" lon="108.44571274705231189727783203125">
        <ele>434.20001220703125</ele>
        <time>2026-03-12T10:42:55.000Z</time>
        <extensions>
          <ns3:TrackPointExtension>
            <ns3:hr>185</ns3:hr>
            <ns3:cad>92</ns3:cad>
          </ns3:TrackPointExtension>
        </extensions>
      </trkpt>
      <trkpt lat="30.751606486737728118896484375" lon="108.4457517229020595550537109375">
        <ele>434.20001220703125</ele>
        <time>2026-03-12T10:42:56.000Z</time>
        <extensions>
          <ns3:TrackPointExtension>
            <ns3:hr>185</ns3:hr>
            <ns3:cad>92</ns3:cad>
          </ns3:TrackPointExtension>
        </extensions>
      </trkpt>
      <trkpt lat="30.75160992331802845001220703125" lon="108.44578483141958713531494140625">
        <ele>434.20001220703125</ele>
        <time>2026-03-12T10:42:57.000Z</time>
        <extensions>
          <ns3:TrackPointExtension>
            <ns3:hr>184</ns3:hr>
            <ns3:cad>92</ns3:cad>
          </ns3:TrackPointExtension>
        </extensions>
      </trkpt>
      <trkpt lat="30.75162149034440517425537109375" lon="108.445829339325428009033203125">
        <ele>434.20001220703125</ele>
        <time>2026-03-12T10:42:58.000Z</time>
        <extensions>
          <ns3:TrackPointExtension>
            <ns3:hr>185</ns3:hr>
            <ns3:cad>93</ns3:cad>
          </ns3:TrackPointExtension>
        </extensions>
      </trkpt>
      <trkpt lat="30.75163439847528934478759765625" lon="108.44585917890071868896484375">
        <ele>434.20001220703125</ele>
        <time>2026-03-12T10:42:59.000Z</time>
        <extensions>
          <ns3:TrackPointExtension>
            <ns3:hr>185</ns3:hr>
            <ns3:cad>93</ns3:cad>
          </ns3:TrackPointExtension>
        </extensions>
      </trkpt>
      <trkpt lat="30.75164697133004665374755859375" lon="108.44589941203594207763671875">
        <ele>434.20001220703125</ele>
        <time>2026-03-12T10:43:00.000Z</time>
        <extensions>
          <ns3:TrackPointExtension>
            <ns3:hr>185</ns3:hr>
            <ns3:cad>93</ns3:cad>
          </ns3:TrackPointExtension>
        </extensions>
      </trkpt>
      <trkpt lat="30.75166381895542144775390625" lon="108.445926569402217864990234375">
        <ele>434.20001220703125</ele>
        <time>2026-03-12T10:43:01.000Z</time>
        <extensions>
          <ns3:TrackPointExtension>
            <ns3:hr>185</ns3:hr>
            <ns3:cad>93</ns3:cad>
          </ns3:TrackPointExtension>
        </extensions>
      </trkpt>
      <trkpt lat="30.75167831964790821075439453125" lon="108.44596219249069690704345703125">
        <ele>434.20001220703125</ele>
        <time>2026-03-12T10:43:02.000Z</time>
        <extensions>
          <ns3:TrackPointExtension>
            <ns3:hr>185</ns3:hr>
            <ns3:cad>93</ns3:cad>
          </ns3:TrackPointExtension>
        </extensions>
      </trkpt>
      <trkpt lat="30.751699693500995635986328125" lon="108.44598985277116298675537109375">
        <ele>434.20001220703125</ele>
        <time>2026-03-12T10:43:03.000Z</time>
        <extensions>
          <ns3:TrackPointExtension>
            <ns3:hr>185</ns3:hr>
            <ns3:cad>93</ns3:cad>
          </ns3:TrackPointExtension>
        </extensions>
      </trkpt>
      <trkpt lat="30.75172148644924163818359375" lon="108.44601784832775592803955078125">
        <ele>434.20001220703125</ele>
        <time>2026-03-12T10:43:04.000Z</time>
        <extensions>
          <ns3:TrackPointExtension>
            <ns3:hr>185</ns3:hr>
            <ns3:cad>93</ns3:cad>
          </ns3:TrackPointExtension>
        </extensions>
      </trkpt>
      <trkpt lat="30.75175057165324687957763671875" lon="108.44604425132274627685546875">
        <ele>434.20001220703125</ele>
        <time>2026-03-12T10:43:05.000Z</time>
        <extensions>
          <ns3:TrackPointExtension>
            <ns3:hr>185</ns3:hr>
            <ns3:cad>93</ns3:cad>
          </ns3:TrackPointExtension>
        </extensions>
      </trkpt>
      <trkpt lat="30.75177404098212718963623046875" lon="108.44606327824294567108154296875">
        <ele>434.20001220703125</ele>
        <time>2026-03-12T10:43:06.000Z</time>
        <extensions>
          <ns3:TrackPointExtension>
            <ns3:hr>185</ns3:hr>
            <ns3:cad>94</ns3:cad>
          </ns3:TrackPointExtension>
        </extensions>
      </trkpt>
      <trkpt lat="30.75180589221417903900146484375" lon="108.44608708284795284271240234375">
        <ele>434.20001220703125</ele>
        <time>2026-03-12T10:43:07.000Z</time>
        <extensions>
          <ns3:TrackPointExtension>
            <ns3:hr>185</ns3:hr>
            <ns3:cad>94</ns3:cad>
          </ns3:TrackPointExtension>
        </extensions>
      </trkpt>
      <trkpt lat="30.75183623470366001129150390625" lon="108.44610300846397876739501953125">
        <ele>434.20001220703125</ele>
        <time>2026-03-12T10:43:08.000Z</time>
        <extensions>
          <ns3:TrackPointExtension>
            <ns3:hr>185</ns3:hr>
            <ns3:cad>92</ns3:cad>
          </ns3:TrackPointExtension>
        </extensions>
      </trkpt>
      <trkpt lat="30.751874707639217376708984375" lon="108.4461294114589691162109375">
        <ele>434.399993896484375</ele>
        <time>2026-03-12T10:43:09.000Z</time>
        <extensions>
          <ns3:TrackPointExtension>
            <ns3:hr>186</ns3:hr>
            <ns3:cad>92</ns3:cad>
          </ns3:TrackPointExtension>
        </extensions>
      </trkpt>
      <trkpt lat="30.75190882198512554168701171875" lon="108.44613838009536266326904296875">
        <ele>434.399993896484375</ele>
        <time>2026-03-12T10:43:10.000Z</time>
        <extensions>
          <ns3:TrackPointExtension>
            <ns3:hr>186</ns3:hr>
            <ns3:cad>92</ns3:cad>
          </ns3:TrackPointExtension>
        </extensions>
      </trkpt>
      <trkpt lat="30.75194637291133403778076171875" lon="108.44615514390170574188232421875">
        <ele>434.399993896484375</ele>
        <time>2026-03-12T10:43:11.000Z</time>
        <extensions>
          <ns3:TrackPointExtension>
            <ns3:hr>186</ns3:hr>
            <ns3:cad>92</ns3:cad>
          </ns3:TrackPointExtension>
        </extensions>
      </trkpt>
      <trkpt lat="30.75198392383754253387451171875" lon="108.44615899957716464996337890625">
        <ele>434.399993896484375</ele>
        <time>2026-03-12T10:43:12.000Z</time>
        <extensions>
          <ns3:TrackPointExtension>
            <ns3:hr>186</ns3:hr>
            <ns3:cad>92</ns3:cad>
          </ns3:TrackPointExtension>
        </extensions>
      </trkpt>
      <trkpt lat="30.7520160265266895294189453125" lon="108.44616000540554523468017578125">
        <ele>434.399993896484375</ele>
        <time>2026-03-12T10:43:13.000Z</time>
        <extensions>
          <ns3:TrackPointExtension>
            <ns3:hr>185</ns3:hr>
            <ns3:cad>92</ns3:cad>
          </ns3:TrackPointExtension>
        </extensions>
      </trkpt>
      <trkpt lat="30.7520560920238494873046875" lon="108.44615958631038665771484375">
        <ele>434.399993896484375</ele>
        <time>2026-03-12T10:43:14.000Z</time>
        <extensions>
          <ns3:TrackPointExtension>
            <ns3:hr>186</ns3:hr>
            <ns3:cad>93</ns3:cad>
          </ns3:TrackPointExtension>
        </extensions>
      </trkpt>
      <trkpt lat="30.75208568014204502105712890625" lon="108.44615665264427661895751953125">
        <ele>434.399993896484375</ele>
        <time>2026-03-12T10:43:15.000Z</time>
        <extensions>
          <ns3:TrackPointExtension>
            <ns3:hr>187</ns3:hr>
            <ns3:cad>94</ns3:cad>
          </ns3:TrackPointExtension>
        </extensions>
      </trkpt>
      <trkpt lat="30.75212675146758556365966796875" lon="108.446155898272991180419921875">
        <ele>434.399993896484375</ele>
        <time>2026-03-12T10:43:16.000Z</time>
        <extensions>
          <ns3:TrackPointExtension>
            <ns3:hr>187</ns3:hr>
            <ns3:cad>94</ns3:cad>
          </ns3:TrackPointExtension>
        </extensions>
      </trkpt>
      <trkpt lat="30.7521565072238445281982421875" lon="108.44614793546497821807861328125">
        <ele>434.399993896484375</ele>
        <time>2026-03-12T10:43:17.000Z</time>
        <extensions>
          <ns3:TrackPointExtension>
            <ns3:hr>187</ns3:hr>
            <ns3:cad>94</ns3:cad>
          </ns3:TrackPointExtension>
        </extensions>
      </trkpt>
      <trkpt lat="30.7521940581500530242919921875" lon="108.44615195877850055694580078125">
        <ele>434.399993896484375</ele>
        <time>2026-03-12T10:43:18.000Z</time>
        <extensions>
          <ns3:TrackPointExtension>
            <ns3:hr>187</ns3:hr>
            <ns3:cad>94</ns3:cad>
          </ns3:TrackPointExtension>
        </extensions>
      </trkpt>
      <trkpt lat="30.7522262446582317352294921875" lon="108.44614407978951930999755859375">
        <ele>434.399993896484375</ele>
        <time>2026-03-12T10:43:19.000Z</time>
        <extensions>
          <ns3:TrackPointExtension>
            <ns3:hr>186</ns3:hr>
            <ns3:cad>92</ns3:cad>
          </ns3:TrackPointExtension>
        </extensions>
      </trkpt>
      <trkpt lat="30.75226136483252048492431640625" lon="108.446150533854961395263671875">
        <ele>434.399993896484375</ele>
        <time>2026-03-12T10:43:20.000Z</time>
        <extensions>
          <ns3:TrackPointExtension>
            <ns3:hr>186</ns3:hr>
            <ns3:cad>92</ns3:cad>
          </ns3:TrackPointExtension>
        </extensions>
      </trkpt>
      <trkpt lat="30.75229547917842864990234375" lon="108.44614760018885135650634765625">
        <ele>434.20001220703125</ele>
        <time>2026-03-12T10:43:21.000Z</time>
        <extensions>
          <ns3:TrackPointExtension>
            <ns3:hr>186</ns3:hr>
            <ns3:cad>92</ns3:cad>
          </ns3:TrackPointExtension>
        </extensions>
      </trkpt>
      <trkpt lat="30.752329342067241668701171875" lon="108.4461503662168979644775390625">
        <ele>434.399993896484375</ele>
        <time>2026-03-12T10:43:22.000Z</time>
        <extensions>
          <ns3:TrackPointExtension>
            <ns3:hr>186</ns3:hr>
            <ns3:cad>92</ns3:cad>
          </ns3:TrackPointExtension>
        </extensions>
      </trkpt>
      <trkpt lat="30.752370245754718780517578125" lon="108.44614961184561252593994140625">
        <ele>434.399993896484375</ele>
        <time>2026-03-12T10:43:23.000Z</time>
        <extensions>
          <ns3:TrackPointExtension>
            <ns3:hr>186</ns3:hr>
            <ns3:cad>92</ns3:cad>
          </ns3:TrackPointExtension>
        </extensions>
      </trkpt>
      <trkpt lat="30.752400420606136322021484375" lon="108.4461446665227413177490234375">
        <ele>434.399993896484375</ele>
        <time>2026-03-12T10:43:24.000Z</time>
        <extensions>
          <ns3:TrackPointExtension>
            <ns3:hr>186</ns3:hr>
            <ns3:cad>92</ns3:cad>
          </ns3:TrackPointExtension>
        </extensions>
      </trkpt>
      <trkpt lat="30.75244157575070858001708984375" lon="108.44614290632307529449462890625">
        <ele>434.399993896484375</ele>
        <time>2026-03-12T10:43:25.000Z</time>
        <extensions>
          <ns3:TrackPointExtension>
            <ns3:hr>186</ns3:hr>
            <ns3:cad>92</ns3:cad>
          </ns3:TrackPointExtension>
        </extensions>
      </trkpt>
      <trkpt lat="30.7524709962308406829833984375" lon="108.4461369551718235015869140625">
        <ele>434.399993896484375</ele>
        <time>2026-03-12T10:43:26.000Z</time>
        <extensions>
          <ns3:TrackPointExtension>
            <ns3:hr>186</ns3:hr>
            <ns3:cad>94</ns3:cad>
          </ns3:TrackPointExtension>
        </extensions>
      </trkpt>
      <trkpt lat="30.7525098882615566253662109375" lon="108.446143157780170440673828125">
        <ele>434.399993896484375</ele>
        <time>2026-03-12T10:43:27.000Z</time>
        <extensions>
          <ns3:TrackPointExtension>
            <ns3:hr>187</ns3:hr>
            <ns3:cad>94</ns3:cad>
          </ns3:TrackPointExtension>
        </extensions>
      </trkpt>
      <trkpt lat="30.752543248236179351806640625" lon="108.44613787718117237091064453125">
        <ele>434.399993896484375</ele>
        <time>2026-03-12T10:43:28.000Z</time>
        <extensions>
          <ns3:TrackPointExtension>
            <ns3:hr>187</ns3:hr>
            <ns3:cad>94</ns3:cad>
          </ns3:TrackPointExtension>
        </extensions>
      </trkpt>
      <trkpt lat="30.7525809668004512786865234375" lon="108.44614324159920215606689453125">
        <ele>434.399993896484375</ele>
        <time>2026-03-12T10:43:29.000Z</time>
        <extensions>
          <ns3:TrackPointExtension>
            <ns3:hr>188</ns3:hr>
            <ns3:cad>94</ns3:cad>
          </ns3:TrackPointExtension>
        </extensions>
      </trkpt>
      <trkpt lat="30.75261709280312061309814453125" lon="108.44614391215145587921142578125">
        <ele>434.399993896484375</ele>
        <time>2026-03-12T10:43:30.000Z</time>
        <extensions>
          <ns3:TrackPointExtension>
            <ns3:hr>188</ns3:hr>
            <ns3:cad>93</ns3:cad>
          </ns3:TrackPointExtension>
        </extensions>
      </trkpt>
      <trkpt lat="30.752648524940013885498046875" lon="108.44614240340888500213623046875">
        <ele>434.399993896484375</ele>
        <time>2026-03-12T10:43:31.000Z</time>
        <extensions>
          <ns3:TrackPointExtension>
            <ns3:hr>188</ns3:hr>
            <ns3:cad>93</ns3:cad>
          </ns3:TrackPointExtension>
        </extensions>
      </trkpt>
      <trkpt lat="30.7526882551610469818115234375" lon="108.44614156521856784820556640625">
        <ele>434.399993896484375</ele>
        <time>2026-03-12T10:43:32.000Z</time>
        <extensions>
          <ns3:TrackPointExtension>
            <ns3:hr>188</ns3:hr>
            <ns3:cad>93</ns3:cad>
          </ns3:TrackPointExtension>
        </extensions>
      </trkpt>
      <trkpt lat="30.7527204416692256927490234375" lon="108.44613418914377689361572265625">
        <ele>434.399993896484375</ele>
        <time>2026-03-12T10:43:33.000Z</time>
        <extensions>
          <ns3:TrackPointExtension>
            <ns3:hr>188</ns3:hr>
            <ns3:cad>93</ns3:cad>
          </ns3:TrackPointExtension>
        </extensions>
      </trkpt>
      <trkpt lat="30.75276092626154422760009765625" lon="108.44613687135279178619384765625">
        <ele>434.399993896484375</ele>
        <time>2026-03-12T10:43:34.000Z</time>
        <extensions>
          <ns3:TrackPointExtension>
            <ns3:hr>188</ns3:hr>
            <ns3:cad>94</ns3:cad>
          </ns3:TrackPointExtension>
        </extensions>
      </trkpt>
      <trkpt lat="30.7527945376932621002197265625" lon="108.44613301567733287811279296875">
        <ele>434.399993896484375</ele>
        <time>2026-03-12T10:43:35.000Z</time>
        <extensions>
          <ns3:TrackPointExtension>
            <ns3:hr>188</ns3:hr>
            <ns3:cad>95</ns3:cad>
          </ns3:TrackPointExtension>
        </extensions>
      </trkpt>
      <trkpt lat="30.75282923877239227294921875" lon="108.4461409784853458404541015625">
        <ele>434.20001220703125</ele>
        <time>2026-03-12T10:43:36.000Z</time>
        <extensions>
          <ns3:TrackPointExtension>
            <ns3:hr>189</ns3:hr>
            <ns3:cad>95</ns3:cad>
          </ns3:TrackPointExtension>
        </extensions>
      </trkpt>
      <trkpt lat="30.75286620296537876129150390625" lon="108.44614190049469470977783203125">
        <ele>434.20001220703125</ele>
        <time>2026-03-12T10:43:37.000Z</time>
        <extensions>
          <ns3:TrackPointExtension>
            <ns3:hr>189</ns3:hr>
            <ns3:cad>95</ns3:cad>
          </ns3:TrackPointExtension>
        </extensions>
      </trkpt>
      <trkpt lat="30.7528981380164623260498046875" lon="108.44614340923726558685302734375">
        <ele>434.20001220703125</ele>
        <time>2026-03-12T10:43:38.000Z</time>
        <extensions>
          <ns3:TrackPointExtension>
            <ns3:hr>190</ns3:hr>
            <ns3:cad>94</ns3:cad>
          </ns3:TrackPointExtension>
        </extensions>
      </trkpt>
      <trkpt lat="30.75293719768524169921875" lon="108.44613586552441120147705078125">
        <ele>434.399993896484375</ele>
        <time>2026-03-12T10:43:39.000Z</time>
        <extensions>
          <ns3:TrackPointExtension>
            <ns3:hr>190</ns3:hr>
            <ns3:cad>94</ns3:cad>
          </ns3:TrackPointExtension>
        </extensions>
      </trkpt>
      <trkpt lat="30.75296577997505664825439453125" lon="108.44612798653542995452880859375">
        <ele>434.399993896484375</ele>
        <time>2026-03-12T10:43:40.000Z</time>
        <extensions>
          <ns3:TrackPointExtension>
            <ns3:hr>190</ns3:hr>
            <ns3:cad>94</ns3:cad>
          </ns3:TrackPointExtension>
        </extensions>
      </trkpt>
      <trkpt lat="30.75300685130059719085693359375" lon="108.446119688451290130615234375">
        <ele>434.399993896484375</ele>
        <time>2026-03-12T10:43:41.000Z</time>
        <extensions>
          <ns3:TrackPointExtension>
            <ns3:hr>190</ns3:hr>
            <ns3:cad>94</ns3:cad>
          </ns3:TrackPointExtension>
        </extensions>
      </trkpt>
      <trkpt lat="30.7530349306762218475341796875" lon="108.44609982334077358245849609375">
        <ele>434.399993896484375</ele>
        <time>2026-03-12T10:43:42.000Z</time>
        <extensions>
          <ns3:TrackPointExtension>
            <ns3:hr>191</ns3:hr>
            <ns3:cad>94</ns3:cad>
          </ns3:TrackPointExtension>
        </extensions>
      </trkpt>
      <trkpt lat="30.75307390652596950531005859375" lon="108.44608909450471401214599609375">
        <ele>434.399993896484375</ele>
        <time>2026-03-12T10:43:43.000Z</time>
        <extensions>
          <ns3:TrackPointExtension>
            <ns3:hr>191</ns3:hr>
            <ns3:cad>94</ns3:cad>
          </ns3:TrackPointExtension>
        </extensions>
      </trkpt>
      <trkpt lat="30.753103829920291900634765625" lon="108.44606830738484859466552734375">
        <ele>434.399993896484375</ele>
        <time>2026-03-12T10:43:44.000Z</time>
        <extensions>
          <ns3:TrackPointExtension>
            <ns3:hr>191</ns3:hr>
            <ns3:cad>94</ns3:cad>
          </ns3:TrackPointExtension>
        </extensions>
      </trkpt>
      <trkpt lat="30.7531351782381534576416015625" lon="108.4460489451885223388671875">
        <ele>434.399993896484375</ele>
        <time>2026-03-12T10:43:45.000Z</time>
        <extensions>
          <ns3:TrackPointExtension>
            <ns3:hr>192</ns3:hr>
            <ns3:cad>94</ns3:cad>
          </ns3:TrackPointExtension>
        </extensions>
      </trkpt>
      <trkpt lat="30.7531643472611904144287109375" lon="108.446022458374500274658203125">
        <ele>434.399993896484375</ele>
        <time>2026-03-12T10:43:46.000Z</time>
        <extensions>
          <ns3:TrackPointExtension>
            <ns3:hr>192</ns3:hr>
            <ns3:cad>93</ns3:cad>
          </ns3:TrackPointExtension>
        </extensions>
      </trkpt>
      <trkpt lat="30.75318890623748302459716796875" lon="108.44599622301757335662841796875">
        <ele>434.399993896484375</ele>
        <time>2026-03-12T10:43:47.000Z</time>
        <extensions>
          <ns3:TrackPointExtension>
            <ns3:hr>192</ns3:hr>
            <ns3:cad>94</ns3:cad>
          </ns3:TrackPointExtension>
        </extensions>
      </trkpt>
      <trkpt lat="30.75321388430893421173095703125" lon="108.44595833681523799896240234375">
        <ele>434.399993896484375</ele>
        <time>2026-03-12T10:43:48.000Z</time>
        <extensions>
          <ns3:TrackPointExtension>
            <ns3:hr>192</ns3:hr>
            <ns3:cad>93</ns3:cad>
          </ns3:TrackPointExtension>
        </extensions>
      </trkpt>
      <trkpt lat="30.75322897173464298248291015625" lon="108.44592715613543987274169921875">
        <ele>434.399993896484375</ele>
        <time>2026-03-12T10:43:49.000Z</time>
        <extensions>
          <ns3:TrackPointExtension>
            <ns3:hr>192</ns3:hr>
            <ns3:cad>94</ns3:cad>
          </ns3:TrackPointExtension>
        </extensions>
      </trkpt>
      <trkpt lat="30.75324841775000095367431640625" lon="108.44588960520923137664794921875">
        <ele>434.600006103515625</ele>
        <time>2026-03-12T10:43:50.000Z</time>
        <extensions>
          <ns3:TrackPointExtension>
            <ns3:hr>192</ns3:hr>
            <ns3:cad>94</ns3:cad>
          </ns3:TrackPointExtension>
        </extensions>
      </trkpt>
      <trkpt lat="30.7532605715095996856689453125" lon="108.44585406593978404998779296875">
        <ele>434.600006103515625</ele>
        <time>2026-03-12T10:43:51.000Z</time>
        <extensions>
          <ns3:TrackPointExtension>
            <ns3:hr>191</ns3:hr>
            <ns3:cad>94</ns3:cad>
          </ns3:TrackPointExtension>
        </extensions>
      </trkpt>
      <trkpt lat="30.75327473692595958709716796875" lon="108.4458107315003871917724609375">
        <ele>434.600006103515625</ele>
        <time>2026-03-12T10:43:52.000Z</time>
        <extensions>
          <ns3:TrackPointExtension>
            <ns3:hr>191</ns3:hr>
            <ns3:cad>92</ns3:cad>
          </ns3:TrackPointExtension>
        </extensions>
      </trkpt>
      <trkpt lat="30.75327984988689422607421875" lon="108.44577007927000522613525390625">
        <ele>434.600006103515625</ele>
        <time>2026-03-12T10:43:53.000Z</time>
        <extensions>
          <ns3:TrackPointExtension>
            <ns3:hr>191</ns3:hr>
            <ns3:cad>92</ns3:cad>
          </ns3:TrackPointExtension>
        </extensions>
      </trkpt>
      <trkpt lat="30.75328613631427288055419921875" lon="108.445730768144130706787109375">
        <ele>434.600006103515625</ele>
        <time>2026-03-12T10:43:54.000Z</time>
        <extensions>
          <ns3:TrackPointExtension>
            <ns3:hr>191</ns3:hr>
            <ns3:cad>92</ns3:cad>
          </ns3:TrackPointExtension>
        </extensions>
      </trkpt>
      <trkpt lat="30.7532873935997486114501953125" lon="108.44568458385765552520751953125">
        <ele>434.600006103515625</ele>
        <time>2026-03-12T10:43:55.000Z</time>
        <extensions>
          <ns3:TrackPointExtension>
            <ns3:hr>192</ns3:hr>
            <ns3:cad>94</ns3:cad>
          </ns3:TrackPointExtension>
        </extensions>
      </trkpt>
      <trkpt lat="30.75328395701944828033447265625" lon="108.44564594328403472900390625">
        <ele>434.600006103515625</ele>
        <time>2026-03-12T10:43:56.000Z</time>
        <extensions>
          <ns3:TrackPointExtension>
            <ns3:hr>191</ns3:hr>
            <ns3:cad>94</ns3:cad>
          </ns3:TrackPointExtension>
        </extensions>
      </trkpt>
      <trkpt lat="30.75328228063881397247314453125" lon="108.44560344703495502471923828125">
        <ele>434.600006103515625</ele>
        <time>2026-03-12T10:43:57.000Z</time>
        <extensions>
          <ns3:TrackPointExtension>
            <ns3:hr>191</ns3:hr>
            <ns3:cad>95</ns3:cad>
          </ns3:TrackPointExtension>
        </extensions>
      </trkpt>
      <trkpt lat="30.75327373109757900238037109375" lon="108.4455679915845394134521484375">
        <ele>434.600006103515625</ele>
        <time>2026-03-12T10:43:58.000Z</time>
        <extensions>
          <ns3:TrackPointExtension>
            <ns3:hr>191</ns3:hr>
            <ns3:cad>95</ns3:cad>
          </ns3:TrackPointExtension>
        </extensions>
      </trkpt>
      <trkpt lat="30.75327423401176929473876953125" lon="108.4455237351357936859130859375">
        <ele>434.600006103515625</ele>
        <time>2026-03-12T10:43:59.000Z</time>
        <extensions>
          <ns3:TrackPointExtension>
            <ns3:hr>192</ns3:hr>
            <ns3:cad>95</ns3:cad>
          </ns3:TrackPointExtension>
        </extensions>
      </trkpt>
      <trkpt lat="30.75326484628021717071533203125" lon="108.44548509456217288970947265625">
        <ele>434.600006103515625</ele>
        <time>2026-03-12T10:44:00.000Z</time>
        <extensions>
          <ns3:TrackPointExtension>
            <ns3:hr>191</ns3:hr>
            <ns3:cad>95</ns3:cad>
          </ns3:TrackPointExtension>
        </extensions>
      </trkpt>
      <trkpt lat="30.75326166115701198577880859375" lon="108.44544486142694950103759765625">
        <ele>434.600006103515625</ele>
        <time>2026-03-12T10:44:01.000Z</time>
        <extensions>
          <ns3:TrackPointExtension>
            <ns3:hr>191</ns3:hr>
            <ns3:cad>95</ns3:cad>
          </ns3:TrackPointExtension>
        </extensions>
      </trkpt>
      <trkpt lat="30.75324959121644496917724609375" lon="108.44540462829172611236572265625">
        <ele>434.600006103515625</ele>
        <time>2026-03-12T10:44:02.000Z</time>
        <extensions>
          <ns3:TrackPointExtension>
            <ns3:hr>191</ns3:hr>
            <ns3:cad>95</ns3:cad>
          </ns3:TrackPointExtension>
        </extensions>
      </trkpt>
      <trkpt lat="30.75323685072362422943115234375" lon="108.44536892138421535491943359375">
        <ele>434.600006103515625</ele>
        <time>2026-03-12T10:44:03.000Z</time>
        <extensions>
          <ns3:TrackPointExtension>
            <ns3:hr>191</ns3:hr>
            <ns3:cad>95</ns3:cad>
          </ns3:TrackPointExtension>
        </extensions>
      </trkpt>
      <trkpt lat="30.753217153251171112060546875" lon="108.44532810151576995849609375">
        <ele>434.600006103515625</ele>
        <time>2026-03-12T10:44:04.000Z</time>
        <extensions>
          <ns3:TrackPointExtension>
            <ns3:hr>191</ns3:hr>
            <ns3:cad>95</ns3:cad>
          </ns3:TrackPointExtension>
        </extensions>
      </trkpt>
      <trkpt lat="30.75319846160709857940673828125" lon="108.44530119560658931732177734375">
        <ele>434.600006103515625</ele>
        <time>2026-03-12T10:44:05.000Z</time>
        <extensions>
          <ns3:TrackPointExtension>
            <ns3:hr>191</ns3:hr>
            <ns3:cad>95</ns3:cad>
          </ns3:TrackPointExtension>
        </extensions>
      </trkpt>
      <trkpt lat="30.75317884795367717742919921875" lon="108.44526465050876140594482421875">
        <ele>434.600006103515625</ele>
        <time>2026-03-12T10:44:06.000Z</time>
        <extensions>
          <ns3:TrackPointExtension>
            <ns3:hr>191</ns3:hr>
            <ns3:cad>95</ns3:cad>
          </ns3:TrackPointExtension>
        </extensions>
      </trkpt>
      <trkpt lat="30.75315755791962146759033203125" lon="108.445241264998912811279296875">
        <ele>434.600006103515625</ele>
        <time>2026-03-12T10:44:07.000Z</time>
        <extensions>
          <ns3:TrackPointExtension>
            <ns3:hr>191</ns3:hr>
            <ns3:cad>95</ns3:cad>
          </ns3:TrackPointExtension>
        </extensions>
      </trkpt>
      <trkpt lat="30.75313794426620006561279296875" lon="108.44520564191043376922607421875">
        <ele>434.600006103515625</ele>
        <time>2026-03-12T10:44:08.000Z</time>
        <extensions>
          <ns3:TrackPointExtension>
            <ns3:hr>191</ns3:hr>
            <ns3:cad>94</ns3:cad>
          </ns3:TrackPointExtension>
        </extensions>
      </trkpt>
      <trkpt lat="30.75311162509024143218994140625" lon="108.44517697580158710479736328125">
        <ele>434.399993896484375</ele>
        <time>2026-03-12T10:44:09.000Z</time>
        <extensions>
          <ns3:TrackPointExtension>
            <ns3:hr>190</ns3:hr>
            <ns3:cad>93</ns3:cad>
          </ns3:TrackPointExtension>
        </extensions>
      </trkpt>
      <trkpt lat="30.7530889101326465606689453125" lon="108.44515183009207248687744140625">
        <ele>434.399993896484375</ele>
        <time>2026-03-12T10:44:10.000Z</time>
        <extensions>
          <ns3:TrackPointExtension>
            <ns3:hr>191</ns3:hr>
            <ns3:cad>93</ns3:cad>
          </ns3:TrackPointExtension>
        </extensions>
      </trkpt>
      <trkpt lat="30.7530584000051021575927734375" lon="108.4451341442763805389404296875">
        <ele>434.399993896484375</ele>
        <time>2026-03-12T10:44:11.000Z</time>
        <extensions>
          <ns3:TrackPointExtension>
            <ns3:hr>191</ns3:hr>
            <ns3:cad>93</ns3:cad>
          </ns3:TrackPointExtension>
        </extensions>
      </trkpt>
      <trkpt lat="30.75302897952497005462646484375" lon="108.4451271034777164459228515625">
        <ele>434.399993896484375</ele>
        <time>2026-03-12T10:44:12.000Z</time>
        <extensions>
          <ns3:TrackPointExtension>
            <ns3:hr>191</ns3:hr>
            <ns3:cad>92</ns3:cad>
          </ns3:TrackPointExtension>
        </extensions>
      </trkpt>
      <trkpt lat="30.75299025513231754302978515625" lon="108.4451180510222911834716796875">
        <ele>434.399993896484375</ele>
        <time>2026-03-12T10:44:13.000Z</time>
        <extensions>
          <ns3:TrackPointExtension>
            <ns3:hr>191</ns3:hr>
            <ns3:cad>92</ns3:cad>
          </ns3:TrackPointExtension>
        </extensions>
      </trkpt>
      <trkpt lat="30.75295940972864627838134765625" lon="108.44512098468840122222900390625">
        <ele>434.399993896484375</ele>
        <time>2026-03-12T10:44:14.000Z</time>
        <extensions>
          <ns3:TrackPointExtension>
            <ns3:hr>191</ns3:hr>
            <ns3:cad>92</ns3:cad>
          </ns3:TrackPointExtension>
        </extensions>
      </trkpt>
      <trkpt lat="30.75292185880243778228759765625" lon="108.44511578790843486785888671875">
        <ele>434.399993896484375</ele>
        <time>2026-03-12T10:44:15.000Z</time>
        <extensions>
          <ns3:TrackPointExtension>
            <ns3:hr>191</ns3:hr>
            <ns3:cad>92</ns3:cad>
          </ns3:TrackPointExtension>
        </extensions>
      </trkpt>
      <trkpt lat="30.75288983993232250213623046875" lon="108.4451217390596866607666015625">
        <ele>434.399993896484375</ele>
        <time>2026-03-12T10:44:16.000Z</time>
        <extensions>
          <ns3:TrackPointExtension>
            <ns3:hr>191</ns3:hr>
            <ns3:cad>92</ns3:cad>
          </ns3:TrackPointExtension>
        </extensions>
      </trkpt>
      <trkpt lat="30.75285363011062145233154296875" lon="108.44511930830776691436767578125">
        <ele>434.399993896484375</ele>
        <time>2026-03-12T10:44:17.000Z</time>
        <extensions>
          <ns3:TrackPointExtension>
            <ns3:hr>191</ns3:hr>
            <ns3:cad>92</ns3:cad>
          </ns3:TrackPointExtension>
        </extensions>
      </trkpt>
      <trkpt lat="30.752820856869220733642578125" lon="108.445123247802257537841796875">
        <ele>434.399993896484375</ele>
        <time>2026-03-12T10:44:18.000Z</time>
        <extensions>
          <ns3:TrackPointExtension>
            <ns3:hr>191</ns3:hr>
            <ns3:cad>93</ns3:cad>
          </ns3:TrackPointExtension>
        </extensions>
      </trkpt>
      <trkpt lat="30.7527921907603740692138671875" lon="108.44512618146836757659912109375">
        <ele>434.399993896484375</ele>
        <time>2026-03-12T10:44:19.000Z</time>
        <extensions>
          <ns3:TrackPointExtension>
            <ns3:hr>191</ns3:hr>
            <ns3:cad>94</ns3:cad>
          </ns3:TrackPointExtension>
        </extensions>
      </trkpt>
      <trkpt lat="30.75275589711964130401611328125" lon="108.44512333162128925323486328125">
        <ele>434.399993896484375</ele>
        <time>2026-03-12T10:44:20.000Z</time>
        <extensions>
          <ns3:TrackPointExtension>
            <ns3:hr>191</ns3:hr>
            <ns3:cad>94</ns3:cad>
          </ns3:TrackPointExtension>
        </extensions>
      </trkpt>
      <trkpt lat="30.75272605754435062408447265625" lon="108.4451274387538433074951171875">
        <ele>434.399993896484375</ele>
        <time>2026-03-12T10:44:21.000Z</time>
        <extensions>
          <ns3:TrackPointExtension>
            <ns3:hr>191</ns3:hr>
            <ns3:cad>94</ns3:cad>
          </ns3:TrackPointExtension>
        </extensions>
      </trkpt>
      <trkpt lat="30.752688087522983551025390625" lon="108.44512400217354297637939453125">
        <ele>434.399993896484375</ele>
        <time>2026-03-12T10:44:22.000Z</time>
        <extensions>
          <ns3:TrackPointExtension>
            <ns3:hr>191</ns3:hr>
            <ns3:cad>95</ns3:cad>
          </ns3:TrackPointExtension>
        </extensions>
      </trkpt>
      <trkpt lat="30.75265916995704174041748046875" lon="108.445129282772541046142578125">
        <ele>434.399993896484375</ele>
        <time>2026-03-12T10:44:23.000Z</time>
        <extensions>
          <ns3:TrackPointExtension>
            <ns3:hr>191</ns3:hr>
            <ns3:cad>95</ns3:cad>
          </ns3:TrackPointExtension>
        </extensions>
      </trkpt>
      <trkpt lat="30.7526247203350067138671875" lon="108.445125930011272430419921875">
        <ele>434.399993896484375</ele>
        <time>2026-03-12T10:44:24.000Z</time>
        <extensions>
          <ns3:TrackPointExtension>
            <ns3:hr>191</ns3:hr>
            <ns3:cad>95</ns3:cad>
          </ns3:TrackPointExtension>
        </extensions>
      </trkpt>
      <trkpt lat="30.7525920309126377105712890625" lon="108.4451301209628582000732421875">
        <ele>434.600006103515625</ele>
        <time>2026-03-12T10:44:25.000Z</time>
        <extensions>
          <ns3:TrackPointExtension>
            <ns3:hr>192</ns3:hr>
            <ns3:cad>94</ns3:cad>
          </ns3:TrackPointExtension>
        </extensions>
      </trkpt>
      <trkpt lat="30.75256168842315673828125" lon="108.4451289474964141845703125">
        <ele>434.600006103515625</ele>
        <time>2026-03-12T10:44:26.000Z</time>
        <extensions>
          <ns3:TrackPointExtension>
            <ns3:hr>191</ns3:hr>
            <ns3:cad>94</ns3:cad>
          </ns3:TrackPointExtension>
        </extensions>
      </trkpt>
      <trkpt lat="30.75252656824886798858642578125" lon="108.4451314620673656463623046875">
        <ele>434.600006103515625</ele>
        <time>2026-03-12T10:44:27.000Z</time>
        <extensions>
          <ns3:TrackPointExtension>
            <ns3:hr>192</ns3:hr>
            <ns3:cad>93</ns3:cad>
          </ns3:TrackPointExtension>
        </extensions>
      </trkpt>
      <trkpt lat="30.75250066816806793212890625" lon="108.4451334737241268157958984375">
        <ele>434.600006103515625</ele>
        <time>2026-03-12T10:44:28.000Z</time>
        <extensions>
          <ns3:TrackPointExtension>
            <ns3:hr>191</ns3:hr>
            <ns3:cad>92</ns3:cad>
          </ns3:TrackPointExtension>
        </extensions>
      </trkpt>
      <trkpt lat="30.75246269814670085906982421875" lon="108.4451317973434925079345703125">
        <ele>434.600006103515625</ele>
        <time>2026-03-12T10:44:29.000Z</time>
        <extensions>
          <ns3:TrackPointExtension>
            <ns3:hr>191</ns3:hr>
            <ns3:cad>92</ns3:cad>
          </ns3:TrackPointExtension>
        </extensions>
      </trkpt>
      <trkpt lat="30.752432607114315032958984375" lon="108.445136658847332000732421875">
        <ele>434.600006103515625</ele>
        <time>2026-03-12T10:44:30.000Z</time>
        <extensions>
          <ns3:TrackPointExtension>
            <ns3:hr>191</ns3:hr>
            <ns3:cad>92</ns3:cad>
          </ns3:TrackPointExtension>
        </extensions>
      </trkpt>
      <trkpt lat="30.75239698402583599090576171875" lon="108.44513171352446079254150390625">
        <ele>434.600006103515625</ele>
        <time>2026-03-12T10:44:31.000Z</time>
        <extensions>
          <ns3:TrackPointExtension>
            <ns3:hr>192</ns3:hr>
            <ns3:cad>92</ns3:cad>
          </ns3:TrackPointExtension>
        </extensions>
      </trkpt>
      <trkpt lat="30.75236781500279903411865234375" lon="108.4451358206570148468017578125">
        <ele>434.600006103515625</ele>
        <time>2026-03-12T10:44:32.000Z</time>
        <extensions>
          <ns3:TrackPointExtension>
            <ns3:hr>191</ns3:hr>
            <ns3:cad>93</ns3:cad>
          </ns3:TrackPointExtension>
        </extensions>
      </trkpt>
      <trkpt lat="30.75233328156173229217529296875" lon="108.4451314620673656463623046875">
        <ele>434.600006103515625</ele>
        <time>2026-03-12T10:44:33.000Z</time>
        <extensions>
          <ns3:TrackPointExtension>
            <ns3:hr>191</ns3:hr>
            <ns3:cad>93</ns3:cad>
          </ns3:TrackPointExtension>
        </extensions>
      </trkpt>
      <trkpt lat="30.7522996701300144195556640625" lon="108.44513959251344203948974609375">
        <ele>434.600006103515625</ele>
        <time>2026-03-12T10:44:34.000Z</time>
        <extensions>
          <ns3:TrackPointExtension>
            <ns3:hr>191</ns3:hr>
            <ns3:cad>94</ns3:cad>
          </ns3:TrackPointExtension>
        </extensions>
      </trkpt>
      <trkpt lat="30.75227200984954833984375" lon="108.44514395110309123992919921875">
        <ele>434.600006103515625</ele>
        <time>2026-03-12T10:44:35.000Z</time>
        <extensions>
          <ns3:TrackPointExtension>
            <ns3:hr>191</ns3:hr>
            <ns3:cad>94</ns3:cad>
          </ns3:TrackPointExtension>
        </extensions>
      </trkpt>
      <trkpt lat="30.75223739258944988250732421875" lon="108.44515317119657993316650390625">
        <ele>434.600006103515625</ele>
        <time>2026-03-12T10:44:36.000Z</time>
        <extensions>
          <ns3:TrackPointExtension>
            <ns3:hr>190</ns3:hr>
            <ns3:cad>94</ns3:cad>
          </ns3:TrackPointExtension>
        </extensions>
      </trkpt>
      <trkpt lat="30.7522071339190006256103515625" lon="108.44515778124332427978515625">
        <ele>434.600006103515625</ele>
        <time>2026-03-12T10:44:37.000Z</time>
        <extensions>
          <ns3:TrackPointExtension>
            <ns3:hr>190</ns3:hr>
            <ns3:cad>93</ns3:cad>
          </ns3:TrackPointExtension>
        </extensions>
      </trkpt>
      <trkpt lat="30.7521672360599040985107421875" lon="108.44516004435718059539794921875">
        <ele>434.600006103515625</ele>
        <time>2026-03-12T10:44:38.000Z</time>
        <extensions>
          <ns3:TrackPointExtension>
            <ns3:hr>189</ns3:hr>
            <ns3:cad>93</ns3:cad>
          </ns3:TrackPointExtension>
        </extensions>
      </trkpt>
      <trkpt lat="30.75213664211332798004150390625" lon="108.4451643191277980804443359375">
        <ele>434.600006103515625</ele>
        <time>2026-03-12T10:44:39.000Z</time>
        <extensions>
          <ns3:TrackPointExtension>
            <ns3:hr>188</ns3:hr>
            <ns3:cad>93</ns3:cad>
          </ns3:TrackPointExtension>
        </extensions>
      </trkpt>
      <trkpt lat="30.75210160575807094573974609375" lon="108.4451492317020893096923828125">
        <ele>434.600006103515625</ele>
        <time>2026-03-12T10:44:40.000Z</time>
        <extensions>
          <ns3:TrackPointExtension>
            <ns3:hr>188</ns3:hr>
            <ns3:cad>94</ns3:cad>
          </ns3:TrackPointExtension>
        </extensions>
      </trkpt>
      <trkpt lat="30.75206707231700420379638671875" lon="108.4451442025601863861083984375">
        <ele>434.600006103515625</ele>
        <time>2026-03-12T10:44:41.000Z</time>
        <extensions>
          <ns3:TrackPointExtension>
            <ns3:hr>187</ns3:hr>
            <ns3:cad>93</ns3:cad>
          </ns3:TrackPointExtension>
        </extensions>
      </trkpt>
      <trkpt lat="30.7520341314375400543212890625" lon="108.44513456337153911590576171875">
        <ele>434.600006103515625</ele>
        <time>2026-03-12T10:44:42.000Z</time>
        <extensions>
          <ns3:TrackPointExtension>
            <ns3:hr>187</ns3:hr>
            <ns3:cad>93</ns3:cad>
          </ns3:TrackPointExtension>
        </extensions>
      </trkpt>
      <trkpt lat="30.75200052000582218170166015625" lon="108.44513364136219024658203125">
        <ele>434.600006103515625</ele>
        <time>2026-03-12T10:44:43.000Z</time>
        <extensions>
          <ns3:TrackPointExtension>
            <ns3:hr>187</ns3:hr>
            <ns3:cad>93</ns3:cad>
          </ns3:TrackPointExtension>
        </extensions>
      </trkpt>
      <trkpt lat="30.75197051279246807098388671875" lon="108.4451369941234588623046875">
        <ele>434.600006103515625</ele>
        <time>2026-03-12T10:44:44.000Z</time>
        <extensions>
          <ns3:TrackPointExtension>
            <ns3:hr>187</ns3:hr>
            <ns3:cad>93</ns3:cad>
          </ns3:TrackPointExtension>
        </extensions>
      </trkpt>
      <trkpt lat="30.75193363241851329803466796875" lon="108.4451452083885669708251953125">
        <ele>434.600006103515625</ele>
        <time>2026-03-12T10:44:45.000Z</time>
        <extensions>
          <ns3:TrackPointExtension>
            <ns3:hr>188</ns3:hr>
            <ns3:cad>94</ns3:cad>
          </ns3:TrackPointExtension>
        </extensions>
      </trkpt>
      <trkpt lat="30.75190563686192035675048828125" lon="108.44515568576753139495849609375">
        <ele>434.600006103515625</ele>
        <time>2026-03-12T10:44:46.000Z</time>
        <extensions>
          <ns3:TrackPointExtension>
            <ns3:hr>187</ns3:hr>
            <ns3:cad>93</ns3:cad>
          </ns3:TrackPointExtension>
        </extensions>
      </trkpt>
      <trkpt lat="30.75186842121183872222900390625" lon="108.44516406767070293426513671875">
        <ele>434.399993896484375</ele>
        <time>2026-03-12T10:44:47.000Z</time>
        <extensions>
          <ns3:TrackPointExtension>
            <ns3:hr>187</ns3:hr>
            <ns3:cad>94</ns3:cad>
          </ns3:TrackPointExtension>
        </extensions>
      </trkpt>
      <trkpt lat="30.751840509474277496337890625" lon="108.44518200494349002838134765625">
        <ele>434.600006103515625</ele>
        <time>2026-03-12T10:44:48.000Z</time>
        <extensions>
          <ns3:TrackPointExtension>
            <ns3:hr>187</ns3:hr>
            <ns3:cad>94</ns3:cad>
          </ns3:TrackPointExtension>
        </extensions>
      </trkpt>
      <trkpt lat="30.7518066465854644775390625" lon="108.44519197940826416015625">
        <ele>434.399993896484375</ele>
        <time>2026-03-12T10:44:49.000Z</time>
        <extensions>
          <ns3:TrackPointExtension>
            <ns3:hr>187</ns3:hr>
            <ns3:cad>94</ns3:cad>
          </ns3:TrackPointExtension>
        </extensions>
      </trkpt>
      <trkpt lat="30.751780159771442413330078125" lon="108.44521251507103443145751953125">
        <ele>434.399993896484375</ele>
        <time>2026-03-12T10:44:50.000Z</time>
        <extensions>
          <ns3:TrackPointExtension>
            <ns3:hr>187</ns3:hr>
            <ns3:cad>93</ns3:cad>
          </ns3:TrackPointExtension>
        </extensions>
      </trkpt>
      <trkpt lat="30.751751996576786041259765625" lon="108.44522885978221893310546875">
        <ele>434.600006103515625</ele>
        <time>2026-03-12T10:44:51.000Z</time>
        <extensions>
          <ns3:TrackPointExtension>
            <ns3:hr>186</ns3:hr>
            <ns3:cad>92</ns3:cad>
          </ns3:TrackPointExtension>
        </extensions>
      </trkpt>
      <trkpt lat="30.751725174486637115478515625" lon="108.44525794498622417449951171875">
        <ele>434.600006103515625</ele>
        <time>2026-03-12T10:44:52.000Z</time>
        <extensions>
          <ns3:TrackPointExtension>
            <ns3:hr>186</ns3:hr>
            <ns3:cad>92</ns3:cad>
          </ns3:TrackPointExtension>
        </extensions>
      </trkpt>
      <trkpt lat="30.75170413590967655181884765625" lon="108.44528024084866046905517578125">
        <ele>434.600006103515625</ele>
        <time>2026-03-12T10:44:53.000Z</time>
        <extensions>
          <ns3:TrackPointExtension>
            <ns3:hr>186</ns3:hr>
            <ns3:cad>92</ns3:cad>
          </ns3:TrackPointExtension>
        </extensions>
      </trkpt>
      <trkpt lat="30.751680918037891387939453125" lon="108.4453175403177738189697265625">
        <ele>434.600006103515625</ele>
        <time>2026-03-12T10:44:54.000Z</time>
        <extensions>
          <ns3:TrackPointExtension>
            <ns3:hr>186</ns3:hr>
            <ns3:cad>92</ns3:cad>
          </ns3:TrackPointExtension>
        </extensions>
      </trkpt>
      <trkpt lat="30.75166809372603893280029296875" lon="108.44534645788371562957763671875">
        <ele>434.600006103515625</ele>
        <time>2026-03-12T10:44:55.000Z</time>
        <extensions>
          <ns3:TrackPointExtension>
            <ns3:hr>185</ns3:hr>
            <ns3:cad>92</ns3:cad>
          </ns3:TrackPointExtension>
        </extensions>
      </trkpt>
      <trkpt lat="30.7516485638916492462158203125" lon="108.44538417644798755645751953125">
        <ele>434.600006103515625</ele>
        <time>2026-03-12T10:44:56.000Z</time>
        <extensions>
          <ns3:TrackPointExtension>
            <ns3:hr>185</ns3:hr>
            <ns3:cad>92</ns3:cad>
          </ns3:TrackPointExtension>
        </extensions>
      </trkpt>
      <trkpt lat="30.75164160691201686859130859375" lon="108.44541435129940509796142578125">
        <ele>434.600006103515625</ele>
        <time>2026-03-12T10:44:57.000Z</time>
        <extensions>
          <ns3:TrackPointExtension>
            <ns3:hr>185</ns3:hr>
            <ns3:cad>92</ns3:cad>
          </ns3:TrackPointExtension>
        </extensions>
      </trkpt>
      <trkpt lat="30.75162434019148349761962890625" lon="108.44545223750174045562744140625">
        <ele>434.600006103515625</ele>
        <time>2026-03-12T10:44:58.000Z</time>
        <extensions>
          <ns3:TrackPointExtension>
            <ns3:hr>185</ns3:hr>
            <ns3:cad>92</ns3:cad>
          </ns3:TrackPointExtension>
        </extensions>
      </trkpt>
      <trkpt lat="30.751612186431884765625" lon="108.4454878605902194976806640625">
        <ele>434.600006103515625</ele>
        <time>2026-03-12T10:44:59.000Z</time>
        <extensions>
          <ns3:TrackPointExtension>
            <ns3:hr>185</ns3:hr>
            <ns3:cad>92</ns3:cad>
          </ns3:TrackPointExtension>
        </extensions>
      </trkpt>
      <trkpt lat="30.751597769558429718017578125" lon="108.44552247785031795501708984375">
        <ele>434.600006103515625</ele>
        <time>2026-03-12T10:45:00.000Z</time>
        <extensions>
          <ns3:TrackPointExtension>
            <ns3:hr>185</ns3:hr>
            <ns3:cad>92</ns3:cad>
          </ns3:TrackPointExtension>
        </extensions>
      </trkpt>
      <trkpt lat="30.75158913619816303253173828125" lon="108.4455596096813678741455078125">
        <ele>434.600006103515625</ele>
        <time>2026-03-12T10:45:01.000Z</time>
        <extensions>
          <ns3:TrackPointExtension>
            <ns3:hr>185</ns3:hr>
            <ns3:cad>94</ns3:cad>
          </ns3:TrackPointExtension>
        </extensions>
      </trkpt>
      <trkpt lat="30.751582346856594085693359375" lon="108.4455934725701808929443359375">
        <ele>434.600006103515625</ele>
        <time>2026-03-12T10:45:02.000Z</time>
        <extensions>
          <ns3:TrackPointExtension>
            <ns3:hr>185</ns3:hr>
            <ns3:cad>94</ns3:cad>
          </ns3:TrackPointExtension>
        </extensions>
      </trkpt>
      <trkpt lat="30.751576982438564300537109375" lon="108.4456357173621654510498046875">
        <ele>434.600006103515625</ele>
        <time>2026-03-12T10:45:03.000Z</time>
        <extensions>
          <ns3:TrackPointExtension>
            <ns3:hr>185</ns3:hr>
            <ns3:cad>94</ns3:cad>
          </ns3:TrackPointExtension>
        </extensions>
      </trkpt>
      <trkpt lat="30.751583017408847808837890625" lon="108.44566664658486843109130859375">
        <ele>434.600006103515625</ele>
        <time>2026-03-12T10:45:04.000Z</time>
        <extensions>
          <ns3:TrackPointExtension>
            <ns3:hr>185</ns3:hr>
            <ns3:cad>93</ns3:cad>
          </ns3:TrackPointExtension>
        </extensions>
      </trkpt>
      <trkpt lat="30.75158762745559215545654296875" lon="108.4457094781100749969482421875">
        <ele>434.600006103515625</ele>
        <time>2026-03-12T10:45:05.000Z</time>
        <extensions>
          <ns3:TrackPointExtension>
            <ns3:hr>184</ns3:hr>
            <ns3:cad>93</ns3:cad>
          </ns3:TrackPointExtension>
        </extensions>
      </trkpt>
      <trkpt lat="30.75159818865358829498291015625" lon="108.44574174843728542327880859375">
        <ele>434.600006103515625</ele>
        <time>2026-03-12T10:45:06.000Z</time>
        <extensions>
          <ns3:TrackPointExtension>
            <ns3:hr>185</ns3:hr>
            <ns3:cad>92</ns3:cad>
          </ns3:TrackPointExtension>
        </extensions>
      </trkpt>
      <trkpt lat="30.75160573236644268035888671875" lon="108.4457807242870330810546875">
        <ele>434.600006103515625</ele>
        <time>2026-03-12T10:45:07.000Z</time>
        <extensions>
          <ns3:TrackPointExtension>
            <ns3:hr>185</ns3:hr>
            <ns3:cad>92</ns3:cad>
          </ns3:TrackPointExtension>
        </extensions>
      </trkpt>
      <trkpt lat="30.75161310844123363494873046875" lon="108.44581617973744869232177734375">
        <ele>434.600006103515625</ele>
        <time>2026-03-12T10:45:08.000Z</time>
        <extensions>
          <ns3:TrackPointExtension>
            <ns3:hr>185</ns3:hr>
            <ns3:cad>93</ns3:cad>
          </ns3:TrackPointExtension>
        </extensions>
      </trkpt>
      <trkpt lat="30.75162132270634174346923828125" lon="108.44585188664495944976806640625">
        <ele>434.600006103515625</ele>
        <time>2026-03-12T10:45:09.000Z</time>
        <extensions>
          <ns3:TrackPointExtension>
            <ns3:hr>185</ns3:hr>
            <ns3:cad>93</ns3:cad>
          </ns3:TrackPointExtension>
        </extensions>
      </trkpt>
      <trkpt lat="30.751634649932384490966796875" lon="108.44588742591440677642822265625">
        <ele>434.600006103515625</ele>
        <time>2026-03-12T10:45:10.000Z</time>
        <extensions>
          <ns3:TrackPointExtension>
            <ns3:hr>185</ns3:hr>
            <ns3:cad>94</ns3:cad>
          </ns3:TrackPointExtension>
        </extensions>
      </trkpt>
      <trkpt lat="30.75165250338613986968994140625" lon="108.4459136612713336944580078125">
        <ele>434.600006103515625</ele>
        <time>2026-03-12T10:45:11.000Z</time>
        <extensions>
          <ns3:TrackPointExtension>
            <ns3:hr>185</ns3:hr>
            <ns3:cad>93</ns3:cad>
          </ns3:TrackPointExtension>
        </extensions>
      </trkpt>
      <trkpt lat="30.7516730390489101409912109375" lon="108.4459488652646541595458984375">
        <ele>434.600006103515625</ele>
        <time>2026-03-12T10:45:12.000Z</time>
        <extensions>
          <ns3:TrackPointExtension>
            <ns3:hr>185</ns3:hr>
            <ns3:cad>93</ns3:cad>
          </ns3:TrackPointExtension>
        </extensions>
      </trkpt>
      <trkpt lat="30.751695670187473297119140625" lon="108.44596738927066326141357421875">
        <ele>434.600006103515625</ele>
        <time>2026-03-12T10:45:13.000Z</time>
        <extensions>
          <ns3:TrackPointExtension>
            <ns3:hr>185</ns3:hr>
            <ns3:cad>93</ns3:cad>
          </ns3:TrackPointExtension>
        </extensions>
      </trkpt>
      <trkpt lat="30.7517181336879730224609375" lon="108.44600007869303226470947265625">
        <ele>434.600006103515625</ele>
        <time>2026-03-12T10:45:14.000Z</time>
        <extensions>
          <ns3:TrackPointExtension>
            <ns3:hr>185</ns3:hr>
            <ns3:cad>92</ns3:cad>
          </ns3:TrackPointExtension>
        </extensions>
      </trkpt>
      <trkpt lat="30.75174252502620220184326171875" lon="108.44602136872708797454833984375">
        <ele>434.600006103515625</ele>
        <time>2026-03-12T10:45:15.000Z</time>
        <extensions>
          <ns3:TrackPointExtension>
            <ns3:hr>185</ns3:hr>
            <ns3:cad>92</ns3:cad>
          </ns3:TrackPointExtension>
        </extensions>
      </trkpt>
      <trkpt lat="30.75177001766860485076904296875" lon="108.4460501186549663543701171875">
        <ele>434.600006103515625</ele>
        <time>2026-03-12T10:45:16.000Z</time>
        <extensions>
          <ns3:TrackPointExtension>
            <ns3:hr>185</ns3:hr>
            <ns3:cad>92</ns3:cad>
          </ns3:TrackPointExtension>
        </extensions>
      </trkpt>
      <trkpt lat="30.75180463492870330810546875" lon="108.44606830738484859466552734375">
        <ele>434.600006103515625</ele>
        <time>2026-03-12T10:45:17.000Z</time>
        <extensions>
          <ns3:TrackPointExtension>
            <ns3:hr>185</ns3:hr>
            <ns3:cad>92</ns3:cad>
          </ns3:TrackPointExtension>
        </extensions>
      </trkpt>
      <trkpt lat="30.75183321721851825714111328125" lon="108.44608808867633342742919921875">
        <ele>434.600006103515625</ele>
        <time>2026-03-12T10:45:18.000Z</time>
        <extensions>
          <ns3:TrackPointExtension>
            <ns3:hr>185</ns3:hr>
            <ns3:cad>92</ns3:cad>
          </ns3:TrackPointExtension>
        </extensions>
      </trkpt>
      <trkpt lat="30.75186875648796558380126953125" lon="108.4461079537868499755859375">
        <ele>434.600006103515625</ele>
        <time>2026-03-12T10:45:19.000Z</time>
        <extensions>
          <ns3:TrackPointExtension>
            <ns3:hr>186</ns3:hr>
            <ns3:cad>93</ns3:cad>
          </ns3:TrackPointExtension>
        </extensions>
      </trkpt>
      <trkpt lat="30.75189675204455852508544921875" lon="108.4461188502609729766845703125">
        <ele>434.600006103515625</ele>
        <time>2026-03-12T10:45:20.000Z</time>
        <extensions>
          <ns3:TrackPointExtension>
            <ns3:hr>187</ns3:hr>
            <ns3:cad>94</ns3:cad>
          </ns3:TrackPointExtension>
        </extensions>
      </trkpt>
      <trkpt lat="30.75193497352302074432373046875" lon="108.44613871537148952484130859375">
        <ele>434.600006103515625</ele>
        <time>2026-03-12T10:45:21.000Z</time>
        <extensions>
          <ns3:TrackPointExtension>
            <ns3:hr>187</ns3:hr>
            <ns3:cad>93</ns3:cad>
          </ns3:TrackPointExtension>
        </extensions>
      </trkpt>
      <trkpt lat="30.7519657351076602935791015625" lon="108.446144498884677886962890625">
        <ele>434.600006103515625</ele>
        <time>2026-03-12T10:45:22.000Z</time>
        <extensions>
          <ns3:TrackPointExtension>
            <ns3:hr>188</ns3:hr>
            <ns3:cad>92</ns3:cad>
          </ns3:TrackPointExtension>
        </extensions>
      </trkpt>
      <trkpt lat="30.7520046271383762359619140625" lon="108.4461607597768306732177734375">
        <ele>434.600006103515625</ele>
        <time>2026-03-12T10:45:23.000Z</time>
        <extensions>
          <ns3:TrackPointExtension>
            <ns3:hr>189</ns3:hr>
            <ns3:cad>92</ns3:cad>
          </ns3:TrackPointExtension>
        </extensions>
      </trkpt>
      <trkpt lat="30.75203555636107921600341796875" lon="108.44616117887198925018310546875">
        <ele>434.600006103515625</ele>
        <time>2026-03-12T10:45:24.000Z</time>
        <extensions>
          <ns3:TrackPointExtension>
            <ns3:hr>189</ns3:hr>
            <ns3:cad>92</ns3:cad>
          </ns3:TrackPointExtension>
        </extensions>
      </trkpt>
      <trkpt lat="30.75207059271633625030517578125" lon="108.44615816138684749603271484375">
        <ele>434.600006103515625</ele>
        <time>2026-03-12T10:45:25.000Z</time>
        <extensions>
          <ns3:TrackPointExtension>
            <ns3:hr>190</ns3:hr>
            <ns3:cad>92</ns3:cad>
          </ns3:TrackPointExtension>
        </extensions>
      </trkpt>
      <trkpt lat="30.75210546143352985382080078125" lon="108.446158580482006072998046875">
        <ele>434.600006103515625</ele>
        <time>2026-03-12T10:45:26.000Z</time>
        <extensions>
          <ns3:TrackPointExtension>
            <ns3:hr>190</ns3:hr>
            <ns3:cad>92</ns3:cad>
          </ns3:TrackPointExtension>
        </extensions>
      </trkpt>
      <trkpt lat="30.75213513337075710296630859375" lon="108.44616168178617954254150390625">
        <ele>434.600006103515625</ele>
        <time>2026-03-12T10:45:27.000Z</time>
        <extensions>
          <ns3:TrackPointExtension>
            <ns3:hr>190</ns3:hr>
            <ns3:cad>93</ns3:cad>
          </ns3:TrackPointExtension>
        </extensions>
      </trkpt>
      <trkpt lat="30.752172768115997314453125" lon="108.44616218470036983489990234375">
        <ele>434.600006103515625</ele>
        <time>2026-03-12T10:45:28.000Z</time>
        <extensions>
          <ns3:TrackPointExtension>
            <ns3:hr>190</ns3:hr>
            <ns3:cad>93</ns3:cad>
          </ns3:TrackPointExtension>
        </extensions>
      </trkpt>
      <trkpt lat="30.7522004283964633941650390625" lon="108.44616034068167209625244140625">
        <ele>434.600006103515625</ele>
        <time>2026-03-12T10:45:29.000Z</time>
        <extensions>
          <ns3:TrackPointExtension>
            <ns3:hr>190</ns3:hr>
            <ns3:cad>94</ns3:cad>
          </ns3:TrackPointExtension>
        </extensions>
      </trkpt>
      <trkpt lat="30.7522356323897838592529296875" lon="108.4461600892245769500732421875">
        <ele>434.600006103515625</ele>
        <time>2026-03-12T10:45:30.000Z</time>
        <extensions>
          <ns3:TrackPointExtension>
            <ns3:hr>190</ns3:hr>
            <ns3:cad>94</ns3:cad>
          </ns3:TrackPointExtension>
        </extensions>
      </trkpt>
      <trkpt lat="30.7522671483457088470458984375" lon="108.4461557306349277496337890625">
        <ele>434.600006103515625</ele>
        <time>2026-03-12T10:45:31.000Z</time>
        <extensions>
          <ns3:TrackPointExtension>
            <ns3:hr>190</ns3:hr>
            <ns3:cad>95</ns3:cad>
          </ns3:TrackPointExtension>
        </extensions>
      </trkpt>
      <trkpt lat="30.75230092741549015045166015625" lon="108.44615967012941837310791015625">
        <ele>434.600006103515625</ele>
        <time>2026-03-12T10:45:32.000Z</time>
        <extensions>
          <ns3:TrackPointExtension>
            <ns3:hr>190</ns3:hr>
            <ns3:cad>95</ns3:cad>
          </ns3:TrackPointExtension>
        </extensions>
      </trkpt>
      <trkpt lat="30.75233847834169864654541015625" lon="108.446155898272991180419921875">
        <ele>434.600006103515625</ele>
        <time>2026-03-12T10:45:33.000Z</time>
        <extensions>
          <ns3:TrackPointExtension>
            <ns3:hr>190</ns3:hr>
            <ns3:cad>95</ns3:cad>
          </ns3:TrackPointExtension>
        </extensions>
      </trkpt>
      <trkpt lat="30.75237217359244823455810546875" lon="108.44615288078784942626953125">
        <ele>434.600006103515625</ele>
        <time>2026-03-12T10:45:34.000Z</time>
        <extensions>
          <ns3:TrackPointExtension>
            <ns3:hr>191</ns3:hr>
            <ns3:cad>95</ns3:cad>
          </ns3:TrackPointExtension>
        </extensions>
      </trkpt>
      <trkpt lat="30.7524143345654010772705078125" lon="108.44615078531205654144287109375">
        <ele>434.600006103515625</ele>
        <time>2026-03-12T10:45:35.000Z</time>
        <extensions>
          <ns3:TrackPointExtension>
            <ns3:hr>191</ns3:hr>
            <ns3:cad>95</ns3:cad>
          </ns3:TrackPointExtension>
        </extensions>
      </trkpt>
      <trkpt lat="30.75244392268359661102294921875" lon="108.4461460076272487640380859375">
        <ele>434.600006103515625</ele>
        <time>2026-03-12T10:45:36.000Z</time>
        <extensions>
          <ns3:TrackPointExtension>
            <ns3:hr>190</ns3:hr>
            <ns3:cad>95</ns3:cad>
          </ns3:TrackPointExtension>
        </extensions>
      </trkpt>
      <trkpt lat="30.7524834014475345611572265625" lon="108.44615430571138858795166015625">
        <ele>434.600006103515625</ele>
        <time>2026-03-12T10:45:37.000Z</time>
        <extensions>
          <ns3:TrackPointExtension>
            <ns3:hr>190</ns3:hr>
            <ns3:cad>95</ns3:cad>
          </ns3:TrackPointExtension>
        </extensions>
      </trkpt>
      <trkpt lat="30.752513073384761810302734375" lon="108.446151874959468841552734375">
        <ele>434.600006103515625</ele>
        <time>2026-03-12T10:45:38.000Z</time>
        <extensions>
          <ns3:TrackPointExtension>
            <ns3:hr>190</ns3:hr>
            <ns3:cad>95</ns3:cad>
          </ns3:TrackPointExtension>
        </extensions>
      </trkpt>
      <trkpt lat="30.75254986993968486785888671875" lon="108.44615447334945201873779296875">
        <ele>434.600006103515625</ele>
        <time>2026-03-12T10:45:39.000Z</time>
        <extensions>
          <ns3:TrackPointExtension>
            <ns3:hr>191</ns3:hr>
            <ns3:cad>94</ns3:cad>
          </ns3:TrackPointExtension>
        </extensions>
      </trkpt>
      <trkpt lat="30.75258515775203704833984375" lon="108.4461480192840099334716796875">
        <ele>434.600006103515625</ele>
        <time>2026-03-12T10:45:40.000Z</time>
        <extensions>
          <ns3:TrackPointExtension>
            <ns3:hr>190</ns3:hr>
            <ns3:cad>94</ns3:cad>
          </ns3:TrackPointExtension>
        </extensions>
      </trkpt>
      <trkpt lat="30.7526144944131374359130859375" lon="108.4461453370749950408935546875">
        <ele>434.600006103515625</ele>
        <time>2026-03-12T10:45:41.000Z</time>
        <extensions>
          <ns3:TrackPointExtension>
            <ns3:hr>191</ns3:hr>
            <ns3:cad>94</ns3:cad>
          </ns3:TrackPointExtension>
        </extensions>
      </trkpt>
      <trkpt lat="30.7526530511677265167236328125" lon="108.4461399726569652557373046875">
        <ele>434.600006103515625</ele>
        <time>2026-03-12T10:45:42.000Z</time>
        <extensions>
          <ns3:TrackPointExtension>
            <ns3:hr>191</ns3:hr>
            <ns3:cad>94</ns3:cad>
          </ns3:TrackPointExtension>
        </extensions>
      </trkpt>
      <trkpt lat="30.75268599204719066619873046875" lon="108.44613402150571346282958984375">
        <ele>434.600006103515625</ele>
        <time>2026-03-12T10:45:43.000Z</time>
        <extensions>
          <ns3:TrackPointExtension>
            <ns3:hr>190</ns3:hr>
            <ns3:cad>95</ns3:cad>
          </ns3:TrackPointExtension>
        </extensions>
      </trkpt>
      <trkpt lat="30.75272488407790660858154296875" lon="108.4461342729628086090087890625">
        <ele>434.600006103515625</ele>
        <time>2026-03-12T10:45:44.000Z</time>
        <extensions>
          <ns3:TrackPointExtension>
            <ns3:hr>190</ns3:hr>
            <ns3:cad>95</ns3:cad>
          </ns3:TrackPointExtension>
        </extensions>
      </trkpt>
      <trkpt lat="30.752757154405117034912109375" lon="108.446133434772491455078125">
        <ele>434.600006103515625</ele>
        <time>2026-03-12T10:45:45.000Z</time>
        <extensions>
          <ns3:TrackPointExtension>
            <ns3:hr>190</ns3:hr>
            <ns3:cad>95</ns3:cad>
          </ns3:TrackPointExtension>
        </extensions>
      </trkpt>
      <trkpt lat="30.75279302895069122314453125" lon="108.44614558853209018707275390625">
        <ele>434.600006103515625</ele>
        <time>2026-03-12T10:45:46.000Z</time>
        <extensions>
          <ns3:TrackPointExtension>
            <ns3:hr>189</ns3:hr>
            <ns3:cad>95</ns3:cad>
          </ns3:TrackPointExtension>
        </extensions>
      </trkpt>
      <trkpt lat="30.7528245449066162109375" lon="108.44614692963659763336181640625">
        <ele>434.600006103515625</ele>
        <time>2026-03-12T10:45:47.000Z</time>
        <extensions>
          <ns3:TrackPointExtension>
            <ns3:hr>189</ns3:hr>
            <ns3:cad>94</ns3:cad>
          </ns3:TrackPointExtension>
        </extensions>
      </trkpt>
      <trkpt lat="30.75285765342414379119873046875" lon="108.4461463429033756256103515625">
        <ele>434.79998779296875</ele>
        <time>2026-03-12T10:45:48.000Z</time>
        <extensions>
          <ns3:TrackPointExtension>
            <ns3:hr>188</ns3:hr>
            <ns3:cad>94</ns3:cad>
          </ns3:TrackPointExtension>
        </extensions>
      </trkpt>
      <trkpt lat="30.75289704836905002593994140625" lon="108.446143157780170440673828125">
        <ele>434.79998779296875</ele>
        <time>2026-03-12T10:45:49.000Z</time>
        <extensions>
          <ns3:TrackPointExtension>
            <ns3:hr>187</ns3:hr>
            <ns3:cad>93</ns3:cad>
          </ns3:TrackPointExtension>
        </extensions>
      </trkpt>
      <trkpt lat="30.75292454101145267486572265625" lon="108.44613703899085521697998046875">
        <ele>434.79998779296875</ele>
        <time>2026-03-12T10:45:50.000Z</time>
        <extensions>
          <ns3:TrackPointExtension>
            <ns3:hr>187</ns3:hr>
            <ns3:cad>94</ns3:cad>
          </ns3:TrackPointExtension>
        </extensions>
      </trkpt>
      <trkpt lat="30.75296209193766117095947265625" lon="108.446133434772491455078125">
        <ele>434.600006103515625</ele>
        <time>2026-03-12T10:45:51.000Z</time>
        <extensions>
          <ns3:TrackPointExtension>
            <ns3:hr>187</ns3:hr>
            <ns3:cad>94</ns3:cad>
          </ns3:TrackPointExtension>
        </extensions>
      </trkpt>
      <trkpt lat="30.7529889978468418121337890625" lon="108.44612832181155681610107421875">
        <ele>434.600006103515625</ele>
        <time>2026-03-12T10:45:52.000Z</time>
        <extensions>
          <ns3:TrackPointExtension>
            <ns3:hr>186</ns3:hr>
            <ns3:cad>94</ns3:cad>
          </ns3:TrackPointExtension>
        </extensions>
      </trkpt>
      <trkpt lat="30.7530295662581920623779296875" lon="108.44611993990838527679443359375">
        <ele>434.600006103515625</ele>
        <time>2026-03-12T10:45:53.000Z</time>
        <extensions>
          <ns3:TrackPointExtension>
            <ns3:hr>187</ns3:hr>
            <ns3:cad>93</ns3:cad>
          </ns3:TrackPointExtension>
        </extensions>
      </trkpt>
      <trkpt lat="30.75305932201445102691650390625" lon="108.44610166735947132110595703125">
        <ele>434.600006103515625</ele>
        <time>2026-03-12T10:45:54.000Z</time>
        <extensions>
          <ns3:TrackPointExtension>
            <ns3:hr>186</ns3:hr>
            <ns3:cad>93</ns3:cad>
          </ns3:TrackPointExtension>
        </extensions>
      </trkpt>
      <trkpt lat="30.75309251435101032257080078125" lon="108.44608825631439685821533203125">
        <ele>434.600006103515625</ele>
        <time>2026-03-12T10:45:55.000Z</time>
        <extensions>
          <ns3:TrackPointExtension>
            <ns3:hr>186</ns3:hr>
            <ns3:cad>93</ns3:cad>
          </ns3:TrackPointExtension>
        </extensions>
      </trkpt>
      <trkpt lat="30.753123275935649871826171875" lon="108.44606797210872173309326171875">
        <ele>434.600006103515625</ele>
        <time>2026-03-12T10:45:56.000Z</time>
        <extensions>
          <ns3:TrackPointExtension>
            <ns3:hr>186</ns3:hr>
            <ns3:cad>94</ns3:cad>
          </ns3:TrackPointExtension>
        </extensions>
      </trkpt>
      <trkpt lat="30.75314833782613277435302734375" lon="108.446045257151126861572265625">
        <ele>434.399993896484375</ele>
        <time>2026-03-12T10:45:57.000Z</time>
        <extensions>
          <ns3:TrackPointExtension>
            <ns3:hr>186</ns3:hr>
            <ns3:cad>94</ns3:cad>
          </ns3:TrackPointExtension>
        </extensions>
      </trkpt>
      <trkpt lat="30.7531764172017574310302734375" lon="108.44601617194712162017822265625">
        <ele>434.600006103515625</ele>
        <time>2026-03-12T10:45:58.000Z</time>
        <extensions>
          <ns3:TrackPointExtension>
            <ns3:hr>186</ns3:hr>
            <ns3:cad>94</ns3:cad>
          </ns3:TrackPointExtension>
        </extensions>
      </trkpt>
      <trkpt lat="30.75319360010325908660888671875" lon="108.44599035568535327911376953125">
        <ele>434.600006103515625</ele>
        <time>2026-03-12T10:45:59.000Z</time>
        <extensions>
          <ns3:TrackPointExtension>
            <ns3:hr>186</ns3:hr>
            <ns3:cad>92</ns3:cad>
          </ns3:TrackPointExtension>
        </extensions>
      </trkpt>
      <trkpt lat="30.753219835460186004638671875" lon="108.44596068374812602996826171875">
        <ele>434.600006103515625</ele>
        <time>2026-03-12T10:46:00.000Z</time>
        <extensions>
          <ns3:TrackPointExtension>
            <ns3:hr>186</ns3:hr>
            <ns3:cad>92</ns3:cad>
          </ns3:TrackPointExtension>
        </extensions>
      </trkpt>
      <trkpt lat="30.75323282741010189056396484375" lon="108.44593159854412078857421875">
        <ele>434.600006103515625</ele>
        <time>2026-03-12T10:46:01.000Z</time>
        <extensions>
          <ns3:TrackPointExtension>
            <ns3:hr>186</ns3:hr>
            <ns3:cad>93</ns3:cad>
          </ns3:TrackPointExtension>
        </extensions>
      </trkpt>
      <trkpt lat="30.75325227342545986175537109375" lon="108.44589128158986568450927734375">
        <ele>434.600006103515625</ele>
        <time>2026-03-12T10:46:02.000Z</time>
        <extensions>
          <ns3:TrackPointExtension>
            <ns3:hr>186</ns3:hr>
            <ns3:cad>94</ns3:cad>
          </ns3:TrackPointExtension>
        </extensions>
      </trkpt>
      <trkpt lat="30.75325964950025081634521484375" lon="108.44585708342492580413818359375">
        <ele>434.600006103515625</ele>
        <time>2026-03-12T10:46:03.000Z</time>
        <extensions>
          <ns3:TrackPointExtension>
            <ns3:hr>185</ns3:hr>
            <ns3:cad>94</ns3:cad>
          </ns3:TrackPointExtension>
        </extensions>
      </trkpt>
      <trkpt lat="30.75327004306018352508544921875" lon="108.44581802375614643096923828125">
        <ele>434.79998779296875</ele>
        <time>2026-03-12T10:46:04.000Z</time>
        <extensions>
          <ns3:TrackPointExtension>
            <ns3:hr>185</ns3:hr>
            <ns3:cad>92</ns3:cad>
          </ns3:TrackPointExtension>
        </extensions>
      </trkpt>
      <trkpt lat="30.75327523984014987945556640625" lon="108.445778377354145050048828125">
        <ele>434.79998779296875</ele>
        <time>2026-03-12T10:46:05.000Z</time>
        <extensions>
          <ns3:TrackPointExtension>
            <ns3:hr>185</ns3:hr>
            <ns3:cad>92</ns3:cad>
          </ns3:TrackPointExtension>
        </extensions>
      </trkpt>
      <trkpt lat="30.75327926315367221832275390625" lon="108.445741832256317138671875">
        <ele>434.79998779296875</ele>
        <time>2026-03-12T10:46:06.000Z</time>
        <extensions>
          <ns3:TrackPointExtension>
            <ns3:hr>185</ns3:hr>
            <ns3:cad>92</ns3:cad>
          </ns3:TrackPointExtension>
        </extensions>
      </trkpt>
      <trkpt lat="30.7532818615436553955078125" lon="108.44569816254079341888427734375">
        <ele>434.600006103515625</ele>
        <time>2026-03-12T10:46:07.000Z</time>
        <extensions>
          <ns3:TrackPointExtension>
            <ns3:hr>186</ns3:hr>
            <ns3:cad>92</ns3:cad>
          </ns3:TrackPointExtension>
        </extensions>
      </trkpt>
      <trkpt lat="30.75327976606786251068115234375" lon="108.44566346146166324615478515625">
        <ele>434.600006103515625</ele>
        <time>2026-03-12T10:46:08.000Z</time>
        <extensions>
          <ns3:TrackPointExtension>
            <ns3:hr>185</ns3:hr>
            <ns3:cad>93</ns3:cad>
          </ns3:TrackPointExtension>
        </extensions>
      </trkpt>
      <trkpt lat="30.75328127481043338775634765625" lon="108.44561752863228321075439453125">
        <ele>434.600006103515625</ele>
        <time>2026-03-12T10:46:09.000Z</time>
        <extensions>
          <ns3:TrackPointExtension>
            <ns3:hr>185</ns3:hr>
            <ns3:cad>94</ns3:cad>
          </ns3:TrackPointExtension>
        </extensions>
      </trkpt>
      <trkpt lat="30.75327557511627674102783203125" lon="108.44557997770607471466064453125">
        <ele>434.600006103515625</ele>
        <time>2026-03-12T10:46:10.000Z</time>
        <extensions>
          <ns3:TrackPointExtension>
            <ns3:hr>186</ns3:hr>
            <ns3:cad>93</ns3:cad>
          </ns3:TrackPointExtension>
        </extensions>
      </trkpt>
      <trkpt lat="30.75327716767787933349609375" lon="108.4455351345241069793701171875">
        <ele>434.600006103515625</ele>
        <time>2026-03-12T10:46:11.000Z</time>
        <extensions>
          <ns3:TrackPointExtension>
            <ns3:hr>186</ns3:hr>
            <ns3:cad>94</ns3:cad>
          </ns3:TrackPointExtension>
        </extensions>
      </trkpt>
      <trkpt lat="30.753271467983722686767578125" lon="108.44549951143562793731689453125">
        <ele>434.600006103515625</ele>
        <time>2026-03-12T10:46:12.000Z</time>
        <extensions>
          <ns3:TrackPointExtension>
            <ns3:hr>186</ns3:hr>
            <ns3:cad>93</ns3:cad>
          </ns3:TrackPointExtension>
        </extensions>
      </trkpt>
      <trkpt lat="30.7532692886888980865478515625" lon="108.44545818865299224853515625">
        <ele>434.399993896484375</ele>
        <time>2026-03-12T10:46:13.000Z</time>
        <extensions>
          <ns3:TrackPointExtension>
            <ns3:hr>185</ns3:hr>
            <ns3:cad>92</ns3:cad>
          </ns3:TrackPointExtension>
        </extensions>
      </trkpt>
      <trkpt lat="30.75325864367187023162841796875" lon="108.44542072154581546783447265625">
        <ele>434.399993896484375</ele>
        <time>2026-03-12T10:46:14.000Z</time>
        <extensions>
          <ns3:TrackPointExtension>
            <ns3:hr>185</ns3:hr>
            <ns3:cad>92</ns3:cad>
          </ns3:TrackPointExtension>
        </extensions>
      </trkpt>
      <trkpt lat="30.75324757955968379974365234375" lon="108.4453864395618438720703125">
        <ele>434.399993896484375</ele>
        <time>2026-03-12T10:46:15.000Z</time>
        <extensions>
          <ns3:TrackPointExtension>
            <ns3:hr>186</ns3:hr>
            <ns3:cad>92</ns3:cad>
          </ns3:TrackPointExtension>
        </extensions>
      </trkpt>
      <trkpt lat="30.75322830118238925933837890625" lon="108.4453507326543331146240234375">
        <ele>434.399993896484375</ele>
        <time>2026-03-12T10:46:16.000Z</time>
        <extensions>
          <ns3:TrackPointExtension>
            <ns3:hr>185</ns3:hr>
            <ns3:cad>92</ns3:cad>
          </ns3:TrackPointExtension>
        </extensions>
      </trkpt>
      <trkpt lat="30.7532112859189510345458984375" lon="108.44532407820224761962890625">
        <ele>434.399993896484375</ele>
        <time>2026-03-12T10:46:17.000Z</time>
        <extensions>
          <ns3:TrackPointExtension>
            <ns3:hr>185</ns3:hr>
            <ns3:cad>93</ns3:cad>
          </ns3:TrackPointExtension>
        </extensions>
      </trkpt>
      <trkpt lat="30.75319075025618076324462890625" lon="108.44528518617153167724609375">
        <ele>434.399993896484375</ele>
        <time>2026-03-12T10:46:18.000Z</time>
        <extensions>
          <ns3:TrackPointExtension>
            <ns3:hr>185</ns3:hr>
            <ns3:cad>94</ns3:cad>
          </ns3:TrackPointExtension>
        </extensions>
      </trkpt>
      <trkpt lat="30.7531670294702053070068359375" lon="108.4452581964433193206787109375">
        <ele>434.399993896484375</ele>
        <time>2026-03-12T10:46:19.000Z</time>
        <extensions>
          <ns3:TrackPointExtension>
            <ns3:hr>185</ns3:hr>
            <ns3:cad>94</ns3:cad>
          </ns3:TrackPointExtension>
        </extensions>
      </trkpt>
      <trkpt lat="30.753142721951007843017578125" lon="108.4452229924499988555908203125">
        <ele>434.399993896484375</ele>
        <time>2026-03-12T10:46:20.000Z</time>
        <extensions>
          <ns3:TrackPointExtension>
            <ns3:hr>185</ns3:hr>
            <ns3:cad>94</ns3:cad>
          </ns3:TrackPointExtension>
        </extensions>
      </trkpt>
      <trkpt lat="30.75311598367989063262939453125" lon="108.44519893638789653778076171875">
        <ele>434.399993896484375</ele>
        <time>2026-03-12T10:46:21.000Z</time>
        <extensions>
          <ns3:TrackPointExtension>
            <ns3:hr>184</ns3:hr>
            <ns3:cad>94</ns3:cad>
          </ns3:TrackPointExtension>
        </extensions>
      </trkpt>
      <trkpt lat="30.75308949686586856842041015625" lon="108.4451733715832233428955078125">
        <ele>434.399993896484375</ele>
        <time>2026-03-12T10:46:22.000Z</time>
        <extensions>
          <ns3:TrackPointExtension>
            <ns3:hr>184</ns3:hr>
            <ns3:cad>94</ns3:cad>
          </ns3:TrackPointExtension>
        </extensions>
      </trkpt>
      <trkpt lat="30.75305588543415069580078125" lon="108.4451542608439922332763671875">
        <ele>434.399993896484375</ele>
        <time>2026-03-12T10:46:23.000Z</time>
        <extensions>
          <ns3:TrackPointExtension>
            <ns3:hr>184</ns3:hr>
            <ns3:cad>93</ns3:cad>
          </ns3:TrackPointExtension>
        </extensions>
      </trkpt>
      <trkpt lat="30.7530275546014308929443359375" lon="108.4451415203511714935302734375">
        <ele>434.399993896484375</ele>
        <time>2026-03-12T10:46:24.000Z</time>
        <extensions>
          <ns3:TrackPointExtension>
            <ns3:hr>183</ns3:hr>
            <ns3:cad>93</ns3:cad>
          </ns3:TrackPointExtension>
        </extensions>
      </trkpt>
      <trkpt lat="30.7529883272945880889892578125" lon="108.445130288600921630859375">
        <ele>434.399993896484375</ele>
        <time>2026-03-12T10:46:25.000Z</time>
        <extensions>
          <ns3:TrackPointExtension>
            <ns3:hr>184</ns3:hr>
            <ns3:cad>92</ns3:cad>
          </ns3:TrackPointExtension>
        </extensions>
      </trkpt>
      <trkpt lat="30.75295588932931423187255859375" lon="108.4451287798583507537841796875">
        <ele>434.399993896484375</ele>
        <time>2026-03-12T10:46:26.000Z</time>
        <extensions>
          <ns3:TrackPointExtension>
            <ns3:hr>184</ns3:hr>
            <ns3:cad>92</ns3:cad>
          </ns3:TrackPointExtension>
        </extensions>
      </trkpt>
      <trkpt lat="30.75291506946086883544921875" lon="108.44512425363063812255859375">
        <ele>434.399993896484375</ele>
        <time>2026-03-12T10:46:27.000Z</time>
        <extensions>
          <ns3:TrackPointExtension>
            <ns3:hr>185</ns3:hr>
            <ns3:cad>92</ns3:cad>
          </ns3:TrackPointExtension>
        </extensions>
      </trkpt>
      <trkpt lat="30.7528843916952610015869140625" lon="108.445133306086063385009765625">
        <ele>434.399993896484375</ele>
        <time>2026-03-12T10:46:28.000Z</time>
        <extensions>
          <ns3:TrackPointExtension>
            <ns3:hr>186</ns3:hr>
            <ns3:cad>92</ns3:cad>
          </ns3:TrackPointExtension>
        </extensions>
      </trkpt>
      <trkpt lat="30.75284742750227451324462890625" lon="108.44513741321861743927001953125">
        <ele>434.20001220703125</ele>
        <time>2026-03-12T10:46:29.000Z</time>
        <extensions>
          <ns3:TrackPointExtension>
            <ns3:hr>187</ns3:hr>
            <ns3:cad>92</ns3:cad>
          </ns3:TrackPointExtension>
        </extensions>
      </trkpt>
      <trkpt lat="30.75281507335603237152099609375" lon="108.44514881260693073272705078125">
        <ele>434.20001220703125</ele>
        <time>2026-03-12T10:46:30.000Z</time>
        <extensions>
          <ns3:TrackPointExtension>
            <ns3:hr>188</ns3:hr>
            <ns3:cad>92</ns3:cad>
          </ns3:TrackPointExtension>
        </extensions>
      </trkpt>
      <trkpt lat="30.7527831383049488067626953125" lon="108.4451502375304698944091796875">
        <ele>434.399993896484375</ele>
        <time>2026-03-12T10:46:31.000Z</time>
        <extensions>
          <ns3:TrackPointExtension>
            <ns3:hr>189</ns3:hr>
            <ns3:cad>92</ns3:cad>
          </ns3:TrackPointExtension>
        </extensions>
      </trkpt>
      <trkpt lat="30.75274785049259662628173828125" lon="108.44515484757721424102783203125">
        <ele>434.399993896484375</ele>
        <time>2026-03-12T10:46:32.000Z</time>
        <extensions>
          <ns3:TrackPointExtension>
            <ns3:hr>190</ns3:hr>
            <ns3:cad>92</ns3:cad>
          </ns3:TrackPointExtension>
        </extensions>
      </trkpt>
      <trkpt lat="30.75271465815603733062744140625" lon="108.44515518285334110260009765625">
        <ele>434.399993896484375</ele>
        <time>2026-03-12T10:46:33.000Z</time>
        <extensions>
          <ns3:TrackPointExtension>
            <ns3:hr>190</ns3:hr>
            <ns3:cad>92</ns3:cad>
          </ns3:TrackPointExtension>
        </extensions>
      </trkpt>
      <trkpt lat="30.7526745088398456573486328125" lon="108.4451562725007534027099609375">
        <ele>434.399993896484375</ele>
        <time>2026-03-12T10:46:34.000Z</time>
        <extensions>
          <ns3:TrackPointExtension>
            <ns3:hr>190</ns3:hr>
            <ns3:cad>92</ns3:cad>
          </ns3:TrackPointExtension>
        </extensions>
      </trkpt>
      <trkpt lat="30.75264550745487213134765625" lon="108.4451576136052608489990234375">
        <ele>434.399993896484375</ele>
        <time>2026-03-12T10:46:35.000Z</time>
        <extensions>
          <ns3:TrackPointExtension>
            <ns3:hr>190</ns3:hr>
            <ns3:cad>92</ns3:cad>
          </ns3:TrackPointExtension>
        </extensions>
      </trkpt>
      <trkpt lat="30.75260552577674388885498046875" lon="108.44515216536819934844970703125">
        <ele>434.399993896484375</ele>
        <time>2026-03-12T10:46:36.000Z</time>
        <extensions>
          <ns3:TrackPointExtension>
            <ns3:hr>190</ns3:hr>
            <ns3:cad>92</ns3:cad>
          </ns3:TrackPointExtension>
        </extensions>
      </trkpt>
      <trkpt lat="30.752576105296611785888671875" lon="108.4451552666723728179931640625">
        <ele>434.399993896484375</ele>
        <time>2026-03-12T10:46:37.000Z</time>
        <extensions>
          <ns3:TrackPointExtension>
            <ns3:hr>190</ns3:hr>
            <ns3:cad>92</ns3:cad>
          </ns3:TrackPointExtension>
        </extensions>
      </trkpt>
      <trkpt lat="30.75253956019878387451171875" lon="108.44514864496886730194091796875">
        <ele>434.399993896484375</ele>
        <time>2026-03-12T10:46:38.000Z</time>
        <extensions>
          <ns3:TrackPointExtension>
            <ns3:hr>190</ns3:hr>
            <ns3:cad>93</ns3:cad>
          </ns3:TrackPointExtension>
        </extensions>
      </trkpt>
      <trkpt lat="30.7525095529854297637939453125" lon="108.44515400938689708709716796875">
        <ele>434.600006103515625</ele>
        <time>2026-03-12T10:46:39.000Z</time>
        <extensions>
          <ns3:TrackPointExtension>
            <ns3:hr>190</ns3:hr>
            <ns3:cad>93</ns3:cad>
          </ns3:TrackPointExtension>
        </extensions>
      </trkpt>
      <trkpt lat="30.75247560627758502960205078125" lon="108.44514931552112102508544921875">
        <ele>434.600006103515625</ele>
        <time>2026-03-12T10:46:40.000Z</time>
        <extensions>
          <ns3:TrackPointExtension>
            <ns3:hr>190</ns3:hr>
            <ns3:cad>93</ns3:cad>
          </ns3:TrackPointExtension>
        </extensions>
      </trkpt>
      <trkpt lat="30.7524396479129791259765625" lon="108.4451522491872310638427734375">
        <ele>434.600006103515625</ele>
        <time>2026-03-12T10:46:41.000Z</time>
        <extensions>
          <ns3:TrackPointExtension>
            <ns3:hr>190</ns3:hr>
            <ns3:cad>92</ns3:cad>
          </ns3:TrackPointExtension>
        </extensions>
      </trkpt>
      <trkpt lat="30.75240570120513439178466796875" lon="108.44515333883464336395263671875">
        <ele>434.79998779296875</ele>
        <time>2026-03-12T10:46:42.000Z</time>
        <extensions>
          <ns3:TrackPointExtension>
            <ns3:hr>190</ns3:hr>
            <ns3:cad>92</ns3:cad>
          </ns3:TrackPointExtension>
        </extensions>
      </trkpt>
      <trkpt lat="30.7523647136986255645751953125" lon="108.44515702687203884124755859375">
        <ele>434.79998779296875</ele>
        <time>2026-03-12T10:46:43.000Z</time>
        <extensions>
          <ns3:TrackPointExtension>
            <ns3:hr>189</ns3:hr>
            <ns3:cad>92</ns3:cad>
          </ns3:TrackPointExtension>
        </extensions>
      </trkpt>
      <trkpt lat="30.75233177281916141510009765625" lon="108.44516155309975147247314453125">
        <ele>434.79998779296875</ele>
        <time>2026-03-12T10:46:44.000Z</time>
        <extensions>
          <ns3:TrackPointExtension>
            <ns3:hr>189</ns3:hr>
            <ns3:cad>92</ns3:cad>
          </ns3:TrackPointExtension>
        </extensions>
      </trkpt>
      <trkpt lat="30.75229070149362087249755859375" lon="108.44515853561460971832275390625">
        <ele>434.79998779296875</ele>
        <time>2026-03-12T10:46:45.000Z</time>
        <extensions>
          <ns3:TrackPointExtension>
            <ns3:hr>188</ns3:hr>
            <ns3:cad>92</ns3:cad>
          </ns3:TrackPointExtension>
        </extensions>
      </trkpt>
      <trkpt lat="30.75225985608994960784912109375" lon="108.445165492594242095947265625">
        <ele>434.79998779296875</ele>
        <time>2026-03-12T10:46:46.000Z</time>
        <extensions>
          <ns3:TrackPointExtension>
            <ns3:hr>186</ns3:hr>
            <ns3:cad>92</ns3:cad>
          </ns3:TrackPointExtension>
        </extensions>
      </trkpt>
      <trkpt lat="30.75222398154437541961669921875" lon="108.44515551812946796417236328125">
        <ele>434.79998779296875</ele>
        <time>2026-03-12T10:46:47.000Z</time>
        <extensions>
          <ns3:TrackPointExtension>
            <ns3:hr>185</ns3:hr>
            <ns3:cad>93</ns3:cad>
          </ns3:TrackPointExtension>
        </extensions>
      </trkpt>
      <trkpt lat="30.752190537750720977783203125" lon="108.44515585340559482574462890625">
        <ele>434.79998779296875</ele>
        <time>2026-03-12T10:46:48.000Z</time>
        <extensions>
          <ns3:TrackPointExtension>
            <ns3:hr>184</ns3:hr>
            <ns3:cad>93</ns3:cad>
          </ns3:TrackPointExtension>
        </extensions>
      </trkpt>
      <trkpt lat="30.75215910561382770538330078125" lon="108.44514898024499416351318359375">
        <ele>434.79998779296875</ele>
        <time>2026-03-12T10:46:49.000Z</time>
        <extensions>
          <ns3:TrackPointExtension>
            <ns3:hr>183</ns3:hr>
            <ns3:cad>94</ns3:cad>
          </ns3:TrackPointExtension>
        </extensions>
      </trkpt>
      <trkpt lat="30.75212515890598297119140625" lon="108.44514294527471065521240234375">
        <ele>434.79998779296875</ele>
        <time>2026-03-12T10:46:50.000Z</time>
        <extensions>
          <ns3:TrackPointExtension>
            <ns3:hr>183</ns3:hr>
            <ns3:cad>93</ns3:cad>
          </ns3:TrackPointExtension>
        </extensions>
      </trkpt>
      <trkpt lat="30.75209892354905605316162109375" lon="108.44514143653213977813720703125">
        <ele>434.79998779296875</ele>
        <time>2026-03-12T10:46:51.000Z</time>
        <extensions>
          <ns3:TrackPointExtension>
            <ns3:hr>183</ns3:hr>
            <ns3:cad>94</ns3:cad>
          </ns3:TrackPointExtension>
        </extensions>
      </trkpt>
      <trkpt lat="30.75205885805189609527587890625" lon="108.4451385028660297393798828125">
        <ele>434.79998779296875</ele>
        <time>2026-03-12T10:46:52.000Z</time>
        <extensions>
          <ns3:TrackPointExtension>
            <ns3:hr>183</ns3:hr>
            <ns3:cad>94</ns3:cad>
          </ns3:TrackPointExtension>
        </extensions>
      </trkpt>
      <trkpt lat="30.75202834792435169219970703125" lon="108.44514177180826663970947265625">
        <ele>434.79998779296875</ele>
        <time>2026-03-12T10:46:53.000Z</time>
        <extensions>
          <ns3:TrackPointExtension>
            <ns3:hr>182</ns3:hr>
            <ns3:cad>94</ns3:cad>
          </ns3:TrackPointExtension>
        </extensions>
      </trkpt>
      <trkpt lat="30.75199180282652378082275390625" lon="108.44513657502830028533935546875">
        <ele>434.79998779296875</ele>
        <time>2026-03-12T10:46:54.000Z</time>
        <extensions>
          <ns3:TrackPointExtension>
            <ns3:hr>182</ns3:hr>
            <ns3:cad>94</ns3:cad>
          </ns3:TrackPointExtension>
        </extensions>
      </trkpt>
      <trkpt lat="30.75195844285190105438232421875" lon="108.44514302909374237060546875">
        <ele>434.79998779296875</ele>
        <time>2026-03-12T10:46:55.000Z</time>
        <extensions>
          <ns3:TrackPointExtension>
            <ns3:hr>182</ns3:hr>
            <ns3:cad>95</ns3:cad>
          </ns3:TrackPointExtension>
        </extensions>
      </trkpt>
      <trkpt lat="30.75192508287727832794189453125" lon="108.44514839351177215576171875">
        <ele>434.79998779296875</ele>
        <time>2026-03-12T10:46:56.000Z</time>
        <extensions>
          <ns3:TrackPointExtension>
            <ns3:hr>182</ns3:hr>
            <ns3:cad>95</ns3:cad>
          </ns3:TrackPointExtension>
        </extensions>
      </trkpt>
      <trkpt lat="30.75189180672168731689453125" lon="108.44516121782362461090087890625">
        <ele>434.79998779296875</ele>
        <time>2026-03-12T10:46:57.000Z</time>
        <extensions>
          <ns3:TrackPointExtension>
            <ns3:hr>183</ns3:hr>
            <ns3:cad>95</ns3:cad>
          </ns3:TrackPointExtension>
        </extensions>
      </trkpt>
      <trkpt lat="30.75186230242252349853515625" lon="108.4451772272586822509765625">
        <ele>435</ele>
        <time>2026-03-12T10:46:58.000Z</time>
        <extensions>
          <ns3:TrackPointExtension>
            <ns3:hr>182</ns3:hr>
            <ns3:cad>95</ns3:cad>
          </ns3:TrackPointExtension>
        </extensions>
      </trkpt>
      <trkpt lat="30.75182684697210788726806640625" lon="108.445199690759181976318359375">
        <ele>435</ele>
        <time>2026-03-12T10:46:59.000Z</time>
        <extensions>
          <ns3:TrackPointExtension>
            <ns3:hr>182</ns3:hr>
            <ns3:cad>95</ns3:cad>
          </ns3:TrackPointExtension>
        </extensions>
      </trkpt>
      <trkpt lat="30.7518011145293712615966796875" lon="108.44522005878388881683349609375">
        <ele>435</ele>
        <time>2026-03-12T10:47:00.000Z</time>
        <extensions>
          <ns3:TrackPointExtension>
            <ns3:hr>183</ns3:hr>
            <ns3:cad>95</ns3:cad>
          </ns3:TrackPointExtension>
        </extensions>
      </trkpt>
      <trkpt lat="30.75176767073571681976318359375" lon="108.4452451206743717193603515625">
        <ele>435</ele>
        <time>2026-03-12T10:47:01.000Z</time>
        <extensions>
          <ns3:TrackPointExtension>
            <ns3:hr>182</ns3:hr>
            <ns3:cad>94</ns3:cad>
          </ns3:TrackPointExtension>
        </extensions>
      </trkpt>
      <trkpt lat="30.7517491467297077178955078125" lon="108.44527152366936206817626953125">
        <ele>435</ele>
        <time>2026-03-12T10:47:02.000Z</time>
        <extensions>
          <ns3:TrackPointExtension>
            <ns3:hr>182</ns3:hr>
            <ns3:cad>94</ns3:cad>
          </ns3:TrackPointExtension>
        </extensions>
      </trkpt>
      <trkpt lat="30.75171721167862415313720703125" lon="108.44529918394982814788818359375">
        <ele>435</ele>
        <time>2026-03-12T10:47:03.000Z</time>
        <extensions>
          <ns3:TrackPointExtension>
            <ns3:hr>183</ns3:hr>
            <ns3:cad>94</ns3:cad>
          </ns3:TrackPointExtension>
        </extensions>
      </trkpt>
      <trkpt lat="30.75169776566326618194580078125" lon="108.445328436791896820068359375">
        <ele>435</ele>
        <time>2026-03-12T10:47:04.000Z</time>
        <extensions>
          <ns3:TrackPointExtension>
            <ns3:hr>183</ns3:hr>
            <ns3:cad>92</ns3:cad>
          </ns3:TrackPointExtension>
        </extensions>
      </trkpt>
      <trkpt lat="30.75167396105825901031494140625" lon="108.4453597851097583770751953125">
        <ele>435</ele>
        <time>2026-03-12T10:47:05.000Z</time>
        <extensions>
          <ns3:TrackPointExtension>
            <ns3:hr>183</ns3:hr>
            <ns3:cad>92</ns3:cad>
          </ns3:TrackPointExtension>
        </extensions>
      </trkpt>
      <trkpt lat="30.751656107604503631591796875" lon="108.44539758749306201934814453125">
        <ele>435</ele>
        <time>2026-03-12T10:47:06.000Z</time>
        <extensions>
          <ns3:TrackPointExtension>
            <ns3:hr>183</ns3:hr>
            <ns3:cad>92</ns3:cad>
          </ns3:TrackPointExtension>
        </extensions>
      </trkpt>
      <trkpt lat="30.7516385056078433990478515625" lon="108.44542658887803554534912109375">
        <ele>435</ele>
        <time>2026-03-12T10:47:07.000Z</time>
        <extensions>
          <ns3:TrackPointExtension>
            <ns3:hr>183</ns3:hr>
            <ns3:cad>92</ns3:cad>
          </ns3:TrackPointExtension>
        </extensions>
      </trkpt>
      <trkpt lat="30.75162065215408802032470703125" lon="108.445464558899402618408203125">
        <ele>435</ele>
        <time>2026-03-12T10:47:08.000Z</time>
        <extensions>
          <ns3:TrackPointExtension>
            <ns3:hr>182</ns3:hr>
            <ns3:cad>92</ns3:cad>
          </ns3:TrackPointExtension>
        </extensions>
      </trkpt>
      <trkpt lat="30.7516133598983287811279296875" lon="108.44549817033112049102783203125">
        <ele>435</ele>
        <time>2026-03-12T10:47:09.000Z</time>
        <extensions>
          <ns3:TrackPointExtension>
            <ns3:hr>183</ns3:hr>
            <ns3:cad>92</ns3:cad>
          </ns3:TrackPointExtension>
        </extensions>
      </trkpt>
      <trkpt lat="30.7516019605100154876708984375" lon="108.4455404989421367645263671875">
        <ele>435</ele>
        <time>2026-03-12T10:47:10.000Z</time>
        <extensions>
          <ns3:TrackPointExtension>
            <ns3:hr>183</ns3:hr>
            <ns3:cad>92</ns3:cad>
          </ns3:TrackPointExtension>
        </extensions>
      </trkpt>
      <trkpt lat="30.75159852392971515655517578125" lon="108.44557352364063262939453125">
        <ele>435</ele>
        <time>2026-03-12T10:47:11.000Z</time>
        <extensions>
          <ns3:TrackPointExtension>
            <ns3:hr>183</ns3:hr>
            <ns3:cad>93</ns3:cad>
          </ns3:TrackPointExtension>
        </extensions>
      </trkpt>
      <trkpt lat="30.75158678926527500152587890625" lon="108.4456145949661731719970703125">
        <ele>435</ele>
        <time>2026-03-12T10:47:12.000Z</time>
        <extensions>
          <ns3:TrackPointExtension>
            <ns3:hr>183</ns3:hr>
            <ns3:cad>93</ns3:cad>
          </ns3:TrackPointExtension>
        </extensions>
      </trkpt>
      <trkpt lat="30.75158377178013324737548828125" lon="108.44565155915915966033935546875">
        <ele>435</ele>
        <time>2026-03-12T10:47:13.000Z</time>
        <extensions>
          <ns3:TrackPointExtension>
            <ns3:hr>183</ns3:hr>
            <ns3:cad>93</ns3:cad>
          </ns3:TrackPointExtension>
        </extensions>
      </trkpt>
      <trkpt lat="30.75158603489398956298828125" lon="108.44568911008536815643310546875">
        <ele>435</ele>
        <time>2026-03-12T10:47:14.000Z</time>
        <extensions>
          <ns3:TrackPointExtension>
            <ns3:hr>183</ns3:hr>
            <ns3:cad>93</ns3:cad>
          </ns3:TrackPointExtension>
        </extensions>
      </trkpt>
      <trkpt lat="30.75158863328397274017333984375" lon="108.44572833739221096038818359375">
        <ele>435.20001220703125</ele>
        <time>2026-03-12T10:47:15.000Z</time>
        <extensions>
          <ns3:TrackPointExtension>
            <ns3:hr>183</ns3:hr>
            <ns3:cad>92</ns3:cad>
          </ns3:TrackPointExtension>
        </extensions>
      </trkpt>
      <trkpt lat="30.75159299187362194061279296875" lon="108.44576588831841945648193359375">
        <ele>435.20001220703125</ele>
        <time>2026-03-12T10:47:16.000Z</time>
        <extensions>
          <ns3:TrackPointExtension>
            <ns3:hr>183</ns3:hr>
            <ns3:cad>92</ns3:cad>
          </ns3:TrackPointExtension>
        </extensions>
      </trkpt>
      <trkpt lat="30.751598775386810302734375" lon="108.4458073787391185760498046875">
        <ele>435.20001220703125</ele>
        <time>2026-03-12T10:47:17.000Z</time>
        <extensions>
          <ns3:TrackPointExtension>
            <ns3:hr>184</ns3:hr>
            <ns3:cad>92</ns3:cad>
          </ns3:TrackPointExtension>
        </extensions>
      </trkpt>
      <trkpt lat="30.7516120187938213348388671875" lon="108.44583830796182155609130859375">
        <ele>435</ele>
        <time>2026-03-12T10:47:18.000Z</time>
        <extensions>
          <ns3:TrackPointExtension>
            <ns3:hr>183</ns3:hr>
            <ns3:cad>92</ns3:cad>
          </ns3:TrackPointExtension>
        </extensions>
      </trkpt>
      <trkpt lat="30.75162735767662525177001953125" lon="108.44588306732475757598876953125">
        <ele>435</ele>
        <time>2026-03-12T10:47:19.000Z</time>
        <extensions>
          <ns3:TrackPointExtension>
            <ns3:hr>183</ns3:hr>
            <ns3:cad>93</ns3:cad>
          </ns3:TrackPointExtension>
        </extensions>
      </trkpt>
      <trkpt lat="30.751648060977458953857421875" lon="108.445909805595874786376953125">
        <ele>435</ele>
        <time>2026-03-12T10:47:20.000Z</time>
        <extensions>
          <ns3:TrackPointExtension>
            <ns3:hr>183</ns3:hr>
            <ns3:cad>93</ns3:cad>
          </ns3:TrackPointExtension>
        </extensions>
      </trkpt>
      <trkpt lat="30.751663148403167724609375" lon="108.4459481947124004364013671875">
        <ele>435</ele>
        <time>2026-03-12T10:47:21.000Z</time>
        <extensions>
          <ns3:TrackPointExtension>
            <ns3:hr>184</ns3:hr>
            <ns3:cad>93</ns3:cad>
          </ns3:TrackPointExtension>
        </extensions>
      </trkpt>
      <trkpt lat="30.75168418698012828826904296875" lon="108.4459730051457881927490234375">
        <ele>435</ele>
        <time>2026-03-12T10:47:22.000Z</time>
        <extensions>
          <ns3:TrackPointExtension>
            <ns3:hr>183</ns3:hr>
            <ns3:cad>92</ns3:cad>
          </ns3:TrackPointExtension>
        </extensions>
      </trkpt>
      <trkpt lat="30.75170832686126232147216796875" lon="108.4460041858255863189697265625">
        <ele>435</ele>
        <time>2026-03-12T10:47:23.000Z</time>
        <extensions>
          <ns3:TrackPointExtension>
            <ns3:hr>183</ns3:hr>
            <ns3:cad>93</ns3:cad>
          </ns3:TrackPointExtension>
        </extensions>
      </trkpt>
      <trkpt lat="30.75173162855207920074462890625" lon="108.44602757133543491363525390625">
        <ele>435</ele>
        <time>2026-03-12T10:47:24.000Z</time>
        <extensions>
          <ns3:TrackPointExtension>
            <ns3:hr>184</ns3:hr>
            <ns3:cad>93</ns3:cad>
          </ns3:TrackPointExtension>
        </extensions>
      </trkpt>
      <trkpt lat="30.7517511583864688873291015625" lon="108.44605104066431522369384765625">
        <ele>435</ele>
        <time>2026-03-12T10:47:25.000Z</time>
        <extensions>
          <ns3:TrackPointExtension>
            <ns3:hr>183</ns3:hr>
            <ns3:cad>93</ns3:cad>
          </ns3:TrackPointExtension>
        </extensions>
      </trkpt>
      <trkpt lat="30.75178091414272785186767578125" lon="108.44607367180287837982177734375">
        <ele>435</ele>
        <time>2026-03-12T10:47:26.000Z</time>
        <extensions>
          <ns3:TrackPointExtension>
            <ns3:hr>183</ns3:hr>
            <ns3:cad>92</ns3:cad>
          </ns3:TrackPointExtension>
        </extensions>
      </trkpt>
      <trkpt lat="30.75180354528129100799560546875" lon="108.44609010033309459686279296875">
        <ele>435.20001220703125</ele>
        <time>2026-03-12T10:47:27.000Z</time>
        <extensions>
          <ns3:TrackPointExtension>
            <ns3:hr>184</ns3:hr>
            <ns3:cad>92</ns3:cad>
          </ns3:TrackPointExtension>
        </extensions>
      </trkpt>
      <trkpt lat="30.75184025801718235015869140625" lon="108.44611398875713348388671875">
        <ele>435.20001220703125</ele>
        <time>2026-03-12T10:47:28.000Z</time>
        <extensions>
          <ns3:TrackPointExtension>
            <ns3:hr>183</ns3:hr>
            <ns3:cad>92</ns3:cad>
          </ns3:TrackPointExtension>
        </extensions>
      </trkpt>
      <trkpt lat="30.7518688403069972991943359375" lon="108.446127735078334808349609375">
        <ele>435.20001220703125</ele>
        <time>2026-03-12T10:47:29.000Z</time>
        <extensions>
          <ns3:TrackPointExtension>
            <ns3:hr>183</ns3:hr>
            <ns3:cad>93</ns3:cad>
          </ns3:TrackPointExtension>
        </extensions>
      </trkpt>
      <trkpt lat="30.7519070617854595184326171875" lon="108.4461486898362636566162109375">
        <ele>435.20001220703125</ele>
        <time>2026-03-12T10:47:30.000Z</time>
        <extensions>
          <ns3:TrackPointExtension>
            <ns3:hr>184</ns3:hr>
            <ns3:cad>94</ns3:cad>
          </ns3:TrackPointExtension>
        </extensions>
      </trkpt>
      <trkpt lat="30.75193799100816249847412109375" lon="108.44615246169269084930419921875">
        <ele>435.20001220703125</ele>
        <time>2026-03-12T10:47:31.000Z</time>
        <extensions>
          <ns3:TrackPointExtension>
            <ns3:hr>183</ns3:hr>
            <ns3:cad>94</ns3:cad>
          </ns3:TrackPointExtension>
        </extensions>
      </trkpt>
      <trkpt lat="30.7519767992198467254638671875" lon="108.44616302289068698883056640625">
        <ele>435</ele>
        <time>2026-03-12T10:47:32.000Z</time>
        <extensions>
          <ns3:TrackPointExtension>
            <ns3:hr>183</ns3:hr>
            <ns3:cad>92</ns3:cad>
          </ns3:TrackPointExtension>
        </extensions>
      </trkpt>
      <trkpt lat="30.75201208703219890594482421875" lon="108.44615916721522808074951171875">
        <ele>435</ele>
        <time>2026-03-12T10:47:33.000Z</time>
        <extensions>
          <ns3:TrackPointExtension>
            <ns3:hr>184</ns3:hr>
            <ns3:cad>92</ns3:cad>
          </ns3:TrackPointExtension>
        </extensions>
      </trkpt>
      <trkpt lat="30.75204829685389995574951171875" lon="108.4461654536426067352294921875">
        <ele>435</ele>
        <time>2026-03-12T10:47:34.000Z</time>
        <extensions>
          <ns3:TrackPointExtension>
            <ns3:hr>184</ns3:hr>
            <ns3:cad>92</ns3:cad>
          </ns3:TrackPointExtension>
        </extensions>
      </trkpt>
      <trkpt lat="30.75208467431366443634033203125" lon="108.44615950249135494232177734375">
        <ele>435</ele>
        <time>2026-03-12T10:47:35.000Z</time>
        <extensions>
          <ns3:TrackPointExtension>
            <ns3:hr>184</ns3:hr>
            <ns3:cad>92</ns3:cad>
          </ns3:TrackPointExtension>
        </extensions>
      </trkpt>
      <trkpt lat="30.75211702845990657806396484375" lon="108.4461615979671478271484375">
        <ele>435</ele>
        <time>2026-03-12T10:47:36.000Z</time>
        <extensions>
          <ns3:TrackPointExtension>
            <ns3:hr>184</ns3:hr>
            <ns3:cad>93</ns3:cad>
          </ns3:TrackPointExtension>
        </extensions>
      </trkpt>
      <trkpt lat="30.75215240009129047393798828125" lon="108.44616084359586238861083984375">
        <ele>435</ele>
        <time>2026-03-12T10:47:37.000Z</time>
        <extensions>
          <ns3:TrackPointExtension>
            <ns3:hr>183</ns3:hr>
            <ns3:cad>93</ns3:cad>
          </ns3:TrackPointExtension>
        </extensions>
      </trkpt>
      <trkpt lat="30.75218207202851772308349609375" lon="108.44615967012941837310791015625">
        <ele>435</ele>
        <time>2026-03-12T10:47:38.000Z</time>
        <extensions>
          <ns3:TrackPointExtension>
            <ns3:hr>184</ns3:hr>
            <ns3:cad>93</ns3:cad>
          </ns3:TrackPointExtension>
        </extensions>
      </trkpt>
      <trkpt lat="30.7522161863744258880615234375" lon="108.44615715555846691131591796875">
        <ele>435</ele>
        <time>2026-03-12T10:47:39.000Z</time>
        <extensions>
          <ns3:TrackPointExtension>
            <ns3:hr>184</ns3:hr>
            <ns3:cad>93</ns3:cad>
          </ns3:TrackPointExtension>
        </extensions>
      </trkpt>
      <trkpt lat="30.75224376283586025238037109375" lon="108.4461507014930248260498046875">
        <ele>435</ele>
        <time>2026-03-12T10:47:40.000Z</time>
        <extensions>
          <ns3:TrackPointExtension>
            <ns3:hr>183</ns3:hr>
            <ns3:cad>93</ns3:cad>
          </ns3:TrackPointExtension>
        </extensions>
      </trkpt>
      <trkpt lat="30.7522813975811004638671875" lon="108.4461527131497859954833984375">
        <ele>435</ele>
        <time>2026-03-12T10:47:41.000Z</time>
        <extensions>
          <ns3:TrackPointExtension>
            <ns3:hr>184</ns3:hr>
            <ns3:cad>93</ns3:cad>
          </ns3:TrackPointExtension>
        </extensions>
      </trkpt>
      <trkpt lat="30.75231081806123256683349609375" lon="108.44615011475980281829833984375">
        <ele>435</ele>
        <time>2026-03-12T10:47:42.000Z</time>
        <extensions>
          <ns3:TrackPointExtension>
            <ns3:hr>184</ns3:hr>
            <ns3:cad>93</ns3:cad>
          </ns3:TrackPointExtension>
        </extensions>
      </trkpt>
      <trkpt lat="30.75234836898744106292724609375" lon="108.44615547917783260345458984375">
        <ele>435</ele>
        <time>2026-03-12T10:47:43.000Z</time>
        <extensions>
          <ns3:TrackPointExtension>
            <ns3:hr>184</ns3:hr>
            <ns3:cad>93</ns3:cad>
          </ns3:TrackPointExtension>
        </extensions>
      </trkpt>
      <trkpt lat="30.75238038785755634307861328125" lon="108.446149528026580810546875">
        <ele>435</ele>
        <time>2026-03-12T10:47:44.000Z</time>
        <extensions>
          <ns3:TrackPointExtension>
            <ns3:hr>184</ns3:hr>
            <ns3:cad>93</ns3:cad>
          </ns3:TrackPointExtension>
        </extensions>
      </trkpt>
      <trkpt lat="30.75241810642182826995849609375" lon="108.44615950249135494232177734375">
        <ele>435</ele>
        <time>2026-03-12T10:47:45.000Z</time>
        <extensions>
          <ns3:TrackPointExtension>
            <ns3:hr>185</ns3:hr>
            <ns3:cad>94</ns3:cad>
          </ns3:TrackPointExtension>
        </extensions>
      </trkpt>
      <trkpt lat="30.7524498738348484039306640625" lon="108.44615824520587921142578125">
        <ele>435</ele>
        <time>2026-03-12T10:47:46.000Z</time>
        <extensions>
          <ns3:TrackPointExtension>
            <ns3:hr>185</ns3:hr>
            <ns3:cad>93</ns3:cad>
          </ns3:TrackPointExtension>
        </extensions>
      </trkpt>
      <trkpt lat="30.75248734094202518463134765625" lon="108.446162603795528411865234375">
        <ele>435</ele>
        <time>2026-03-12T10:47:47.000Z</time>
        <extensions>
          <ns3:TrackPointExtension>
            <ns3:hr>186</ns3:hr>
            <ns3:cad>92</ns3:cad>
          </ns3:TrackPointExtension>
        </extensions>
      </trkpt>
      <trkpt lat="30.75252321548759937286376953125" lon="108.4461584128439426422119140625">
        <ele>435</ele>
        <time>2026-03-12T10:47:48.000Z</time>
        <extensions>
          <ns3:TrackPointExtension>
            <ns3:hr>186</ns3:hr>
            <ns3:cad>92</ns3:cad>
          </ns3:TrackPointExtension>
        </extensions>
      </trkpt>
      <trkpt lat="30.75255607254803180694580078125" lon="108.44616117887198925018310546875">
        <ele>435</ele>
        <time>2026-03-12T10:47:49.000Z</time>
        <extensions>
          <ns3:TrackPointExtension>
            <ns3:hr>186</ns3:hr>
            <ns3:cad>92</ns3:cad>
          </ns3:TrackPointExtension>
        </extensions>
      </trkpt>
      <trkpt lat="30.75259110890328884124755859375" lon="108.44615816138684749603271484375">
        <ele>435.20001220703125</ele>
        <time>2026-03-12T10:47:50.000Z</time>
        <extensions>
          <ns3:TrackPointExtension>
            <ns3:hr>186</ns3:hr>
            <ns3:cad>93</ns3:cad>
          </ns3:TrackPointExtension>
        </extensions>
      </trkpt>
      <trkpt lat="30.75262128375470638275146484375" lon="108.44615480862557888031005859375">
        <ele>435</ele>
        <time>2026-03-12T10:47:51.000Z</time>
        <extensions>
          <ns3:TrackPointExtension>
            <ns3:hr>186</ns3:hr>
            <ns3:cad>93</ns3:cad>
          </ns3:TrackPointExtension>
        </extensions>
      </trkpt>
      <trkpt lat="30.75266084633767604827880859375" lon="108.44615866430103778839111328125">
        <ele>435</ele>
        <time>2026-03-12T10:47:52.000Z</time>
        <extensions>
          <ns3:TrackPointExtension>
            <ns3:hr>186</ns3:hr>
            <ns3:cad>92</ns3:cad>
          </ns3:TrackPointExtension>
        </extensions>
      </trkpt>
      <trkpt lat="30.7526890933513641357421875" lon="108.446152210235595703125">
        <ele>435</ele>
        <time>2026-03-12T10:47:53.000Z</time>
        <extensions>
          <ns3:TrackPointExtension>
            <ns3:hr>186</ns3:hr>
            <ns3:cad>91</ns3:cad>
          </ns3:TrackPointExtension>
        </extensions>
      </trkpt>
      <trkpt lat="30.7527274824678897857666015625" lon="108.44615967012941837310791015625">
        <ele>435</ele>
        <time>2026-03-12T10:47:54.000Z</time>
        <extensions>
          <ns3:TrackPointExtension>
            <ns3:hr>186</ns3:hr>
            <ns3:cad>91</ns3:cad>
          </ns3:TrackPointExtension>
        </extensions>
      </trkpt>
      <trkpt lat="30.75275640003383159637451171875" lon="108.4461560659110546112060546875">
        <ele>435</ele>
        <time>2026-03-12T10:47:55.000Z</time>
        <extensions>
          <ns3:TrackPointExtension>
            <ns3:hr>186</ns3:hr>
            <ns3:cad>92</ns3:cad>
          </ns3:TrackPointExtension>
        </extensions>
      </trkpt>
      <trkpt lat="30.75279395096004009246826171875" lon="108.4461617656052112579345703125">
        <ele>435</ele>
        <time>2026-03-12T10:47:56.000Z</time>
        <extensions>
          <ns3:TrackPointExtension>
            <ns3:hr>186</ns3:hr>
            <ns3:cad>92</ns3:cad>
          </ns3:TrackPointExtension>
        </extensions>
      </trkpt>
      <trkpt lat="30.7528260536491870880126953125" lon="108.44616117887198925018310546875">
        <ele>435</ele>
        <time>2026-03-12T10:47:57.000Z</time>
        <extensions>
          <ns3:TrackPointExtension>
            <ns3:hr>186</ns3:hr>
            <ns3:cad>92</ns3:cad>
          </ns3:TrackPointExtension>
        </extensions>
      </trkpt>
      <trkpt lat="30.75285681523382663726806640625" lon="108.44616034068167209625244140625">
        <ele>435</ele>
        <time>2026-03-12T10:47:58.000Z</time>
        <extensions>
          <ns3:TrackPointExtension>
            <ns3:hr>186</ns3:hr>
            <ns3:cad>93</ns3:cad>
          </ns3:TrackPointExtension>
        </extensions>
      </trkpt>
      <trkpt lat="30.75289419852197170257568359375" lon="108.44615665264427661895751953125">
        <ele>435</ele>
        <time>2026-03-12T10:47:59.000Z</time>
        <extensions>
          <ns3:TrackPointExtension>
            <ns3:hr>187</ns3:hr>
            <ns3:cad>93</ns3:cad>
          </ns3:TrackPointExtension>
        </extensions>
      </trkpt>
      <trkpt lat="30.75292705558240413665771484375" lon="108.44614977948367595672607421875">
        <ele>435</ele>
        <time>2026-03-12T10:48:00.000Z</time>
        <extensions>
          <ns3:TrackPointExtension>
            <ns3:hr>186</ns3:hr>
            <ns3:cad>92</ns3:cad>
          </ns3:TrackPointExtension>
        </extensions>
      </trkpt>
      <trkpt lat="30.752961672842502593994140625" lon="108.4461436606943607330322265625">
        <ele>435</ele>
        <time>2026-03-12T10:48:01.000Z</time>
        <extensions>
          <ns3:TrackPointExtension>
            <ns3:hr>186</ns3:hr>
            <ns3:cad>92</ns3:cad>
          </ns3:TrackPointExtension>
        </extensions>
      </trkpt>
      <trkpt lat="30.7529910095036029815673828125" lon="108.44613008201122283935546875">
        <ele>435</ele>
        <time>2026-03-12T10:48:02.000Z</time>
        <extensions>
          <ns3:TrackPointExtension>
            <ns3:hr>186</ns3:hr>
            <ns3:cad>92</ns3:cad>
          </ns3:TrackPointExtension>
        </extensions>
      </trkpt>
      <trkpt lat="30.753027386963367462158203125" lon="108.446120359003543853759765625">
        <ele>435</ele>
        <time>2026-03-12T10:48:03.000Z</time>
        <extensions>
          <ns3:TrackPointExtension>
            <ns3:hr>186</ns3:hr>
            <ns3:cad>92</ns3:cad>
          </ns3:TrackPointExtension>
        </extensions>
      </trkpt>
      <trkpt lat="30.75304926373064517974853515625" lon="108.44610082916915416717529296875">
        <ele>435</ele>
        <time>2026-03-12T10:48:04.000Z</time>
        <extensions>
          <ns3:TrackPointExtension>
            <ns3:hr>186</ns3:hr>
            <ns3:cad>94</ns3:cad>
          </ns3:TrackPointExtension>
        </extensions>
      </trkpt>
      <trkpt lat="30.7530842162668704986572265625" lon="108.44608540646731853485107421875">
        <ele>435</ele>
        <time>2026-03-12T10:48:05.000Z</time>
        <extensions>
          <ns3:TrackPointExtension>
            <ns3:hr>186</ns3:hr>
            <ns3:cad>94</ns3:cad>
          </ns3:TrackPointExtension>
        </extensions>
      </trkpt>
      <trkpt lat="30.7531096972525119781494140625" lon="108.44606210477650165557861328125">
        <ele>434.79998779296875</ele>
        <time>2026-03-12T10:48:06.000Z</time>
        <extensions>
          <ns3:TrackPointExtension>
            <ns3:hr>185</ns3:hr>
            <ns3:cad>94</ns3:cad>
          </ns3:TrackPointExtension>
        </extensions>
      </trkpt>
      <trkpt lat="30.75314515270292758941650390625" lon="108.4460417367517948150634765625">
        <ele>434.79998779296875</ele>
        <time>2026-03-12T10:48:07.000Z</time>
        <extensions>
          <ns3:TrackPointExtension>
            <ns3:hr>185</ns3:hr>
            <ns3:cad>93</ns3:cad>
          </ns3:TrackPointExtension>
        </extensions>
      </trkpt>
      <trkpt lat="30.7531700469553470611572265625" lon="108.4460125677287578582763671875">
        <ele>434.79998779296875</ele>
        <time>2026-03-12T10:48:08.000Z</time>
        <extensions>
          <ns3:TrackPointExtension>
            <ns3:hr>185</ns3:hr>
            <ns3:cad>93</ns3:cad>
          </ns3:TrackPointExtension>
        </extensions>
      </trkpt>
      <trkpt lat="30.75319309718906879425048828125" lon="108.445986919105052947998046875">
        <ele>434.79998779296875</ele>
        <time>2026-03-12T10:48:09.000Z</time>
        <extensions>
          <ns3:TrackPointExtension>
            <ns3:hr>185</ns3:hr>
            <ns3:cad>93</ns3:cad>
          </ns3:TrackPointExtension>
        </extensions>
      </trkpt>
      <trkpt lat="30.7532121241092681884765625" lon="108.44595448113977909088134765625">
        <ele>434.79998779296875</ele>
        <time>2026-03-12T10:48:10.000Z</time>
        <extensions>
          <ns3:TrackPointExtension>
            <ns3:hr>185</ns3:hr>
            <ns3:cad>94</ns3:cad>
          </ns3:TrackPointExtension>
        </extensions>
      </trkpt>
      <trkpt lat="30.7532314024865627288818359375" lon="108.445924222469329833984375">
        <ele>434.79998779296875</ele>
        <time>2026-03-12T10:48:11.000Z</time>
        <extensions>
          <ns3:TrackPointExtension>
            <ns3:hr>185</ns3:hr>
            <ns3:cad>93</ns3:cad>
          </ns3:TrackPointExtension>
        </extensions>
      </trkpt>
      <trkpt lat="30.75324791483581066131591796875" lon="108.44588507898151874542236328125">
        <ele>434.79998779296875</ele>
        <time>2026-03-12T10:48:12.000Z</time>
        <extensions>
          <ns3:TrackPointExtension>
            <ns3:hr>185</ns3:hr>
            <ns3:cad>93</ns3:cad>
          </ns3:TrackPointExtension>
        </extensions>
      </trkpt>
      <trkpt lat="30.753259398043155670166015625" lon="108.4458536468446254730224609375">
        <ele>435</ele>
        <time>2026-03-12T10:48:13.000Z</time>
        <extensions>
          <ns3:TrackPointExtension>
            <ns3:hr>185</ns3:hr>
            <ns3:cad>93</ns3:cad>
          </ns3:TrackPointExtension>
        </extensions>
      </trkpt>
      <trkpt lat="30.75326777994632720947265625" lon="108.4458093903958797454833984375">
        <ele>435</ele>
        <time>2026-03-12T10:48:14.000Z</time>
        <extensions>
          <ns3:TrackPointExtension>
            <ns3:hr>185</ns3:hr>
            <ns3:cad>93</ns3:cad>
          </ns3:TrackPointExtension>
        </extensions>
      </trkpt>
      <trkpt lat="30.7532662712037563323974609375" lon="108.445772342383861541748046875">
        <ele>435</ele>
        <time>2026-03-12T10:48:15.000Z</time>
        <extensions>
          <ns3:TrackPointExtension>
            <ns3:hr>186</ns3:hr>
            <ns3:cad>93</ns3:cad>
          </ns3:TrackPointExtension>
        </extensions>
      </trkpt>
      <trkpt lat="30.75327490456402301788330078125" lon="108.445726744830608367919921875">
        <ele>435</ele>
        <time>2026-03-12T10:48:16.000Z</time>
        <extensions>
          <ns3:TrackPointExtension>
            <ns3:hr>185</ns3:hr>
            <ns3:cad>93</ns3:cad>
          </ns3:TrackPointExtension>
        </extensions>
      </trkpt>
      <trkpt lat="30.75327054597437381744384765625" lon="108.4456907026469707489013671875">
        <ele>435</ele>
        <time>2026-03-12T10:48:17.000Z</time>
        <extensions>
          <ns3:TrackPointExtension>
            <ns3:hr>185</ns3:hr>
            <ns3:cad>93</ns3:cad>
          </ns3:TrackPointExtension>
        </extensions>
      </trkpt>
      <trkpt lat="30.75327850878238677978515625" lon="108.44564619474112987518310546875">
        <ele>435</ele>
        <time>2026-03-12T10:48:18.000Z</time>
        <extensions>
          <ns3:TrackPointExtension>
            <ns3:hr>186</ns3:hr>
            <ns3:cad>93</ns3:cad>
          </ns3:TrackPointExtension>
        </extensions>
      </trkpt>
      <trkpt lat="30.7532766647636890411376953125" lon="108.4456092305481433868408203125">
        <ele>435</ele>
        <time>2026-03-12T10:48:19.000Z</time>
        <extensions>
          <ns3:TrackPointExtension>
            <ns3:hr>186</ns3:hr>
            <ns3:cad>92</ns3:cad>
          </ns3:TrackPointExtension>
        </extensions>
      </trkpt>
      <trkpt lat="30.75327926315367221832275390625" lon="108.44556690193712711334228515625">
        <ele>435</ele>
        <time>2026-03-12T10:48:20.000Z</time>
        <extensions>
          <ns3:TrackPointExtension>
            <ns3:hr>186</ns3:hr>
            <ns3:cad>92</ns3:cad>
          </ns3:TrackPointExtension>
        </extensions>
      </trkpt>
      <trkpt lat="30.75327850878238677978515625" lon="108.445528261363506317138671875">
        <ele>435</ele>
        <time>2026-03-12T10:48:21.000Z</time>
        <extensions>
          <ns3:TrackPointExtension>
            <ns3:hr>186</ns3:hr>
            <ns3:cad>92</ns3:cad>
          </ns3:TrackPointExtension>
        </extensions>
      </trkpt>
      <trkpt lat="30.75327892787754535675048828125" lon="108.44548911787569522857666015625">
        <ele>435</ele>
        <time>2026-03-12T10:48:22.000Z</time>
        <extensions>
          <ns3:TrackPointExtension>
            <ns3:hr>186</ns3:hr>
            <ns3:cad>92</ns3:cad>
          </ns3:TrackPointExtension>
        </extensions>
      </trkpt>
      <trkpt lat="30.7532682828605175018310546875" lon="108.445449806749820709228515625">
        <ele>435</ele>
        <time>2026-03-12T10:48:23.000Z</time>
        <extensions>
          <ns3:TrackPointExtension>
            <ns3:hr>186</ns3:hr>
            <ns3:cad>92</ns3:cad>
          </ns3:TrackPointExtension>
        </extensions>
      </trkpt>
      <trkpt lat="30.7532552070915699005126953125" lon="108.44541770406067371368408203125">
        <ele>435</ele>
        <time>2026-03-12T10:48:24.000Z</time>
        <extensions>
          <ns3:TrackPointExtension>
            <ns3:hr>186</ns3:hr>
            <ns3:cad>92</ns3:cad>
          </ns3:TrackPointExtension>
        </extensions>
      </trkpt>
      <trkpt lat="30.75324053876101970672607421875" lon="108.4453783929347991943359375">
        <ele>435</ele>
        <time>2026-03-12T10:48:25.000Z</time>
        <extensions>
          <ns3:TrackPointExtension>
            <ns3:hr>187</ns3:hr>
            <ns3:cad>92</ns3:cad>
          </ns3:TrackPointExtension>
        </extensions>
      </trkpt>
      <trkpt lat="30.7532240264117717742919921875" lon="108.44534947536885738372802734375">
        <ele>435</ele>
        <time>2026-03-12T10:48:26.000Z</time>
        <extensions>
          <ns3:TrackPointExtension>
            <ns3:hr>187</ns3:hr>
            <ns3:cad>92</ns3:cad>
          </ns3:TrackPointExtension>
        </extensions>
      </trkpt>
      <trkpt lat="30.75320541858673095703125" lon="108.44530907459557056427001953125">
        <ele>435</ele>
        <time>2026-03-12T10:48:27.000Z</time>
        <extensions>
          <ns3:TrackPointExtension>
            <ns3:hr>187</ns3:hr>
            <ns3:cad>92</ns3:cad>
          </ns3:TrackPointExtension>
        </extensions>
      </trkpt>
      <trkpt lat="30.7531854696571826934814453125" lon="108.44528309069573879241943359375">
        <ele>435</ele>
        <time>2026-03-12T10:48:28.000Z</time>
        <extensions>
          <ns3:TrackPointExtension>
            <ns3:hr>186</ns3:hr>
            <ns3:cad>92</ns3:cad>
          </ns3:TrackPointExtension>
        </extensions>
      </trkpt>
      <trkpt lat="30.7531666941940784454345703125" lon="108.44524302519857883453369140625">
        <ele>435</ele>
        <time>2026-03-12T10:48:29.000Z</time>
        <extensions>
          <ns3:TrackPointExtension>
            <ns3:hr>187</ns3:hr>
            <ns3:cad>92</ns3:cad>
          </ns3:TrackPointExtension>
        </extensions>
      </trkpt>
      <trkpt lat="30.7531388662755489349365234375" lon="108.44522056169807910919189453125">
        <ele>435</ele>
        <time>2026-03-12T10:48:30.000Z</time>
        <extensions>
          <ns3:TrackPointExtension>
            <ns3:hr>187</ns3:hr>
            <ns3:cad>93</ns3:cad>
          </ns3:TrackPointExtension>
        </extensions>
      </trkpt>
      <trkpt lat="30.75311346910893917083740234375" lon="108.44519156031310558319091796875">
        <ele>435</ele>
        <time>2026-03-12T10:48:31.000Z</time>
        <extensions>
          <ns3:TrackPointExtension>
            <ns3:hr>187</ns3:hr>
            <ns3:cad>94</ns3:cad>
          </ns3:TrackPointExtension>
        </extensions>
      </trkpt>
      <trkpt lat="30.7530858926475048065185546875" lon="108.44516842626035213470458984375">
        <ele>435</ele>
        <time>2026-03-12T10:48:32.000Z</time>
        <extensions>
          <ns3:TrackPointExtension>
            <ns3:hr>186</ns3:hr>
            <ns3:cad>93</ns3:cad>
          </ns3:TrackPointExtension>
        </extensions>
      </trkpt>
      <trkpt lat="30.7530610822141170501708984375" lon="108.445150069892406463623046875">
        <ele>435</ele>
        <time>2026-03-12T10:48:33.000Z</time>
        <extensions>
          <ns3:TrackPointExtension>
            <ns3:hr>187</ns3:hr>
            <ns3:cad>93</ns3:cad>
          </ns3:TrackPointExtension>
        </extensions>
      </trkpt>
      <trkpt lat="30.7530228607356548309326171875" lon="108.44513992778956890106201171875">
        <ele>435</ele>
        <time>2026-03-12T10:48:34.000Z</time>
        <extensions>
          <ns3:TrackPointExtension>
            <ns3:hr>187</ns3:hr>
            <ns3:cad>92</ns3:cad>
          </ns3:TrackPointExtension>
        </extensions>
      </trkpt>
      <trkpt lat="30.75299260206520557403564453125" lon="108.4451371617615222930908203125">
        <ele>435</ele>
        <time>2026-03-12T10:48:35.000Z</time>
        <extensions>
          <ns3:TrackPointExtension>
            <ns3:hr>186</ns3:hr>
            <ns3:cad>92</ns3:cad>
          </ns3:TrackPointExtension>
        </extensions>
      </trkpt>
      <trkpt lat="30.7529537938535213470458984375" lon="108.44513037241995334625244140625">
        <ele>435</ele>
        <time>2026-03-12T10:48:36.000Z</time>
        <extensions>
          <ns3:TrackPointExtension>
            <ns3:hr>187</ns3:hr>
            <ns3:cad>92</ns3:cad>
          </ns3:TrackPointExtension>
        </extensions>
      </trkpt>
      <trkpt lat="30.75292445719242095947265625" lon="108.44513556919991970062255859375">
        <ele>435</ele>
        <time>2026-03-12T10:48:37.000Z</time>
        <extensions>
          <ns3:TrackPointExtension>
            <ns3:hr>187</ns3:hr>
            <ns3:cad>92</ns3:cad>
          </ns3:TrackPointExtension>
        </extensions>
      </trkpt>
      <trkpt lat="30.7528874091804027557373046875" lon="108.44513221643865108489990234375">
        <ele>435</ele>
        <time>2026-03-12T10:48:38.000Z</time>
        <extensions>
          <ns3:TrackPointExtension>
            <ns3:hr>187</ns3:hr>
            <ns3:cad>92</ns3:cad>
          </ns3:TrackPointExtension>
        </extensions>
      </trkpt>
      <trkpt lat="30.7528580725193023681640625" lon="108.4451368264853954315185546875">
        <ele>435</ele>
        <time>2026-03-12T10:48:39.000Z</time>
        <extensions>
          <ns3:TrackPointExtension>
            <ns3:hr>187</ns3:hr>
            <ns3:cad>92</ns3:cad>
          </ns3:TrackPointExtension>
        </extensions>
      </trkpt>
      <trkpt lat="30.7528263889253139495849609375" lon="108.4451371617615222930908203125">
        <ele>435</ele>
        <time>2026-03-12T10:48:40.000Z</time>
        <extensions>
          <ns3:TrackPointExtension>
            <ns3:hr>188</ns3:hr>
            <ns3:cad>92</ns3:cad>
          </ns3:TrackPointExtension>
        </extensions>
      </trkpt>
      <trkpt lat="30.7527938671410083770751953125" lon="108.44514110125601291656494140625">
        <ele>435</ele>
        <time>2026-03-12T10:48:41.000Z</time>
        <extensions>
          <ns3:TrackPointExtension>
            <ns3:hr>188</ns3:hr>
            <ns3:cad>92</ns3:cad>
          </ns3:TrackPointExtension>
        </extensions>
      </trkpt>
      <trkpt lat="30.75276176445186138153076171875" lon="108.44513959251344203948974609375">
        <ele>435</ele>
        <time>2026-03-12T10:48:42.000Z</time>
        <extensions>
          <ns3:TrackPointExtension>
            <ns3:hr>188</ns3:hr>
            <ns3:cad>92</ns3:cad>
          </ns3:TrackPointExtension>
        </extensions>
      </trkpt>
      <trkpt lat="30.752727985382080078125" lon="108.4451431967318058013916015625">
        <ele>435</ele>
        <time>2026-03-12T10:48:43.000Z</time>
        <extensions>
          <ns3:TrackPointExtension>
            <ns3:hr>188</ns3:hr>
            <ns3:cad>93</ns3:cad>
          </ns3:TrackPointExtension>
        </extensions>
      </trkpt>
      <trkpt lat="30.75270024128258228302001953125" lon="108.44514529220759868621826171875">
        <ele>435</ele>
        <time>2026-03-12T10:48:44.000Z</time>
        <extensions>
          <ns3:TrackPointExtension>
            <ns3:hr>188</ns3:hr>
            <ns3:cad>93</ns3:cad>
          </ns3:TrackPointExtension>
        </extensions>
      </trkpt>
      <trkpt lat="30.7526631094515323638916015625" lon="108.44514344818890094757080078125">
        <ele>435</ele>
        <time>2026-03-12T10:48:45.000Z</time>
        <extensions>
          <ns3:TrackPointExtension>
            <ns3:hr>189</ns3:hr>
            <ns3:cad>92</ns3:cad>
          </ns3:TrackPointExtension>
        </extensions>
      </trkpt>
      <trkpt lat="30.75263268314301967620849609375" lon="108.4451475553214550018310546875">
        <ele>435.20001220703125</ele>
        <time>2026-03-12T10:48:46.000Z</time>
        <extensions>
          <ns3:TrackPointExtension>
            <ns3:hr>188</ns3:hr>
            <ns3:cad>92</ns3:cad>
          </ns3:TrackPointExtension>
        </extensions>
      </trkpt>
      <trkpt lat="30.75259479694068431854248046875" lon="108.44514705240726470947265625">
        <ele>435.20001220703125</ele>
        <time>2026-03-12T10:48:47.000Z</time>
        <extensions>
          <ns3:TrackPointExtension>
            <ns3:hr>188</ns3:hr>
            <ns3:cad>92</ns3:cad>
          </ns3:TrackPointExtension>
        </extensions>
      </trkpt>
      <trkpt lat="30.752562694251537322998046875" lon="108.445156775414943695068359375">
        <ele>435.20001220703125</ele>
        <time>2026-03-12T10:48:48.000Z</time>
        <extensions>
          <ns3:TrackPointExtension>
            <ns3:hr>189</ns3:hr>
            <ns3:cad>92</ns3:cad>
          </ns3:TrackPointExtension>
        </extensions>
      </trkpt>
      <trkpt lat="30.752528496086597442626953125" lon="108.44515384174883365631103515625">
        <ele>435</ele>
        <time>2026-03-12T10:48:49.000Z</time>
        <extensions>
          <ns3:TrackPointExtension>
            <ns3:hr>189</ns3:hr>
            <ns3:cad>92</ns3:cad>
          </ns3:TrackPointExtension>
        </extensions>
      </trkpt>
      <trkpt lat="30.752495639026165008544921875" lon="108.44515836797654628753662109375">
        <ele>435</ele>
        <time>2026-03-12T10:48:50.000Z</time>
        <extensions>
          <ns3:TrackPointExtension>
            <ns3:hr>189</ns3:hr>
            <ns3:cad>92</ns3:cad>
          </ns3:TrackPointExtension>
        </extensions>
      </trkpt>
      <trkpt lat="30.752465464174747467041015625" lon="108.4451559372246265411376953125">
        <ele>435</ele>
        <time>2026-03-12T10:48:51.000Z</time>
        <extensions>
          <ns3:TrackPointExtension>
            <ns3:hr>189</ns3:hr>
            <ns3:cad>92</ns3:cad>
          </ns3:TrackPointExtension>
        </extensions>
      </trkpt>
      <trkpt lat="30.75243269093334674835205078125" lon="108.44515568576753139495849609375">
        <ele>435.20001220703125</ele>
        <time>2026-03-12T10:48:52.000Z</time>
        <extensions>
          <ns3:TrackPointExtension>
            <ns3:hr>190</ns3:hr>
            <ns3:cad>92</ns3:cad>
          </ns3:TrackPointExtension>
        </extensions>
      </trkpt>
      <trkpt lat="30.75240318663418292999267578125" lon="108.44515199773013591766357421875">
        <ele>435.20001220703125</ele>
        <time>2026-03-12T10:48:53.000Z</time>
        <extensions>
          <ns3:TrackPointExtension>
            <ns3:hr>190</ns3:hr>
            <ns3:cad>92</ns3:cad>
          </ns3:TrackPointExtension>
        </extensions>
      </trkpt>
      <trkpt lat="30.75236521661281585693359375" lon="108.44514847733080387115478515625">
        <ele>435.20001220703125</ele>
        <time>2026-03-12T10:48:54.000Z</time>
        <extensions>
          <ns3:TrackPointExtension>
            <ns3:hr>190</ns3:hr>
            <ns3:cad>93</ns3:cad>
          </ns3:TrackPointExtension>
        </extensions>
      </trkpt>
      <trkpt lat="30.7523377239704132080078125" lon="108.44514613039791584014892578125">
        <ele>435.20001220703125</ele>
        <time>2026-03-12T10:48:55.000Z</time>
        <extensions>
          <ns3:TrackPointExtension>
            <ns3:hr>191</ns3:hr>
            <ns3:cad>93</ns3:cad>
          </ns3:TrackPointExtension>
        </extensions>
      </trkpt>
      <trkpt lat="30.75229690410196781158447265625" lon="108.4451415203511714935302734375">
        <ele>435.20001220703125</ele>
        <time>2026-03-12T10:48:56.000Z</time>
        <extensions>
          <ns3:TrackPointExtension>
            <ns3:hr>191</ns3:hr>
            <ns3:cad>93</ns3:cad>
          </ns3:TrackPointExtension>
        </extensions>
      </trkpt>
      <trkpt lat="30.75226387940347194671630859375" lon="108.4451450407505035400390625">
        <ele>435.20001220703125</ele>
        <time>2026-03-12T10:48:57.000Z</time>
        <extensions>
          <ns3:TrackPointExtension>
            <ns3:hr>191</ns3:hr>
            <ns3:cad>93</ns3:cad>
          </ns3:TrackPointExtension>
        </extensions>
      </trkpt>
      <trkpt lat="30.75222716666758060455322265625" lon="108.44513623975217342376708984375">
        <ele>435.20001220703125</ele>
        <time>2026-03-12T10:48:58.000Z</time>
        <extensions>
          <ns3:TrackPointExtension>
            <ns3:hr>192</ns3:hr>
            <ns3:cad>92</ns3:cad>
          </ns3:TrackPointExtension>
        </extensions>
      </trkpt>
      <trkpt lat="30.75219757854938507080078125" lon="108.44513724558055400848388671875">
        <ele>435</ele>
        <time>2026-03-12T10:48:59.000Z</time>
        <extensions>
          <ns3:TrackPointExtension>
            <ns3:hr>192</ns3:hr>
            <ns3:cad>92</ns3:cad>
          </ns3:TrackPointExtension>
        </extensions>
      </trkpt>
      <trkpt lat="30.75216413475573062896728515625" lon="108.445129953324794769287109375">
        <ele>435.20001220703125</ele>
        <time>2026-03-12T10:49:00.000Z</time>
        <extensions>
          <ns3:TrackPointExtension>
            <ns3:hr>192</ns3:hr>
            <ns3:cad>92</ns3:cad>
          </ns3:TrackPointExtension>
        </extensions>
      </trkpt>
      <trkpt lat="30.75212775729596614837646484375" lon="108.44513054005801677703857421875">
        <ele>435.20001220703125</ele>
        <time>2026-03-12T10:49:01.000Z</time>
        <extensions>
          <ns3:TrackPointExtension>
            <ns3:hr>192</ns3:hr>
            <ns3:cad>92</ns3:cad>
          </ns3:TrackPointExtension>
        </extensions>
      </trkpt>
      <trkpt lat="30.75209624134004116058349609375" lon="108.4451262652873992919921875">
        <ele>435.20001220703125</ele>
        <time>2026-03-12T10:49:02.000Z</time>
        <extensions>
          <ns3:TrackPointExtension>
            <ns3:hr>193</ns3:hr>
            <ns3:cad>92</ns3:cad>
          </ns3:TrackPointExtension>
        </extensions>
      </trkpt>
      <trkpt lat="30.75205969624221324920654296875" lon="108.44512266106903553009033203125">
        <ele>435.20001220703125</ele>
        <time>2026-03-12T10:49:03.000Z</time>
        <extensions>
          <ns3:TrackPointExtension>
            <ns3:hr>193</ns3:hr>
            <ns3:cad>92</ns3:cad>
          </ns3:TrackPointExtension>
        </extensions>
      </trkpt>
      <trkpt lat="30.75203203596174716949462890625" lon="108.44512467272579669952392578125">
        <ele>435.20001220703125</ele>
        <time>2026-03-12T10:49:04.000Z</time>
        <extensions>
          <ns3:TrackPointExtension>
            <ns3:hr>193</ns3:hr>
            <ns3:cad>92</ns3:cad>
          </ns3:TrackPointExtension>
        </extensions>
      </trkpt>
      <trkpt lat="30.75199297629296779632568359375" lon="108.4451203979551792144775390625">
        <ele>435.20001220703125</ele>
        <time>2026-03-12T10:49:05.000Z</time>
        <extensions>
          <ns3:TrackPointExtension>
            <ns3:hr>193</ns3:hr>
            <ns3:cad>92</ns3:cad>
          </ns3:TrackPointExtension>
        </extensions>
      </trkpt>
      <trkpt lat="30.7519643940031528472900390625" lon="108.4451240859925746917724609375">
        <ele>435.20001220703125</ele>
        <time>2026-03-12T10:49:06.000Z</time>
        <extensions>
          <ns3:TrackPointExtension>
            <ns3:hr>193</ns3:hr>
            <ns3:cad>92</ns3:cad>
          </ns3:TrackPointExtension>
        </extensions>
      </trkpt>
      <trkpt lat="30.7519241608679294586181640625" lon="108.44512165524065494537353515625">
        <ele>435.20001220703125</ele>
        <time>2026-03-12T10:49:07.000Z</time>
        <extensions>
          <ns3:TrackPointExtension>
            <ns3:hr>193</ns3:hr>
            <ns3:cad>92</ns3:cad>
          </ns3:TrackPointExtension>
        </extensions>
      </trkpt>
      <trkpt lat="30.7518963329493999481201171875" lon="108.4451354853808879852294921875">
        <ele>435.20001220703125</ele>
        <time>2026-03-12T10:49:08.000Z</time>
        <extensions>
          <ns3:TrackPointExtension>
            <ns3:hr>193</ns3:hr>
            <ns3:cad>94</ns3:cad>
          </ns3:TrackPointExtension>
        </extensions>
      </trkpt>
      <trkpt lat="30.751865990459918975830078125" lon="108.44514437019824981689453125">
        <ele>435.20001220703125</ele>
        <time>2026-03-12T10:49:09.000Z</time>
        <extensions>
          <ns3:TrackPointExtension>
            <ns3:hr>194</ns3:hr>
            <ns3:cad>94</ns3:cad>
          </ns3:TrackPointExtension>
        </extensions>
      </trkpt>
      <trkpt lat="30.751839168369770050048828125" lon="108.44516658224165439605712890625">
        <ele>435.20001220703125</ele>
        <time>2026-03-12T10:49:10.000Z</time>
        <extensions>
          <ns3:TrackPointExtension>
            <ns3:hr>193</ns3:hr>
            <ns3:cad>94</ns3:cad>
          </ns3:TrackPointExtension>
        </extensions>
      </trkpt>
      <trkpt lat="30.75181041844189167022705078125" lon="108.4451830945909023284912109375">
        <ele>435.20001220703125</ele>
        <time>2026-03-12T10:49:11.000Z</time>
        <extensions>
          <ns3:TrackPointExtension>
            <ns3:hr>193</ns3:hr>
            <ns3:cad>93</ns3:cad>
          </ns3:TrackPointExtension>
        </extensions>
      </trkpt>
      <trkpt lat="30.7517806626856327056884765625" lon="108.44520782120525836944580078125">
        <ele>435.20001220703125</ele>
        <time>2026-03-12T10:49:12.000Z</time>
        <extensions>
          <ns3:TrackPointExtension>
            <ns3:hr>193</ns3:hr>
            <ns3:cad>93</ns3:cad>
          </ns3:TrackPointExtension>
        </extensions>
      </trkpt>
      <trkpt lat="30.75175593607127666473388671875" lon="108.4452276863157749176025390625">
        <ele>435.399993896484375</ele>
        <time>2026-03-12T10:49:13.000Z</time>
        <extensions>
          <ns3:TrackPointExtension>
            <ns3:hr>193</ns3:hr>
            <ns3:cad>94</ns3:cad>
          </ns3:TrackPointExtension>
        </extensions>
      </trkpt>
      <trkpt lat="30.751721151173114776611328125" lon="108.4452548436820507049560546875">
        <ele>435.399993896484375</ele>
        <time>2026-03-12T10:49:14.000Z</time>
        <extensions>
          <ns3:TrackPointExtension>
            <ns3:hr>193</ns3:hr>
            <ns3:cad>94</ns3:cad>
          </ns3:TrackPointExtension>
        </extensions>
      </trkpt>
      <trkpt lat="30.7516978494822978973388671875" lon="108.44527973793447017669677734375">
        <ele>435.399993896484375</ele>
        <time>2026-03-12T10:49:15.000Z</time>
        <extensions>
          <ns3:TrackPointExtension>
            <ns3:hr>193</ns3:hr>
            <ns3:cad>92</ns3:cad>
          </ns3:TrackPointExtension>
        </extensions>
      </trkpt>
      <trkpt lat="30.75167245231568813323974609375" lon="108.44531578011810779571533203125">
        <ele>435.20001220703125</ele>
        <time>2026-03-12T10:49:16.000Z</time>
        <extensions>
          <ns3:TrackPointExtension>
            <ns3:hr>193</ns3:hr>
            <ns3:cad>92</ns3:cad>
          </ns3:TrackPointExtension>
        </extensions>
      </trkpt>
      <trkpt lat="30.75165577232837677001953125" lon="108.44534846954047679901123046875">
        <ele>435.20001220703125</ele>
        <time>2026-03-12T10:49:17.000Z</time>
        <extensions>
          <ns3:TrackPointExtension>
            <ns3:hr>194</ns3:hr>
            <ns3:cad>92</ns3:cad>
          </ns3:TrackPointExtension>
        </extensions>
      </trkpt>
      <trkpt lat="30.75163624249398708343505859375" lon="108.4453866071999073028564453125">
        <ele>435.20001220703125</ele>
        <time>2026-03-12T10:49:18.000Z</time>
        <extensions>
          <ns3:TrackPointExtension>
            <ns3:hr>193</ns3:hr>
            <ns3:cad>93</ns3:cad>
          </ns3:TrackPointExtension>
        </extensions>
      </trkpt>
      <trkpt lat="30.75162702240049839019775390625" lon="108.44542273320257663726806640625">
        <ele>435.20001220703125</ele>
        <time>2026-03-12T10:49:19.000Z</time>
        <extensions>
          <ns3:TrackPointExtension>
            <ns3:hr>193</ns3:hr>
            <ns3:cad>94</ns3:cad>
          </ns3:TrackPointExtension>
        </extensions>
      </trkpt>
      <trkpt lat="30.7516110129654407501220703125" lon="108.4454573504626750946044921875">
        <ele>435.20001220703125</ele>
        <time>2026-03-12T10:49:20.000Z</time>
        <extensions>
          <ns3:TrackPointExtension>
            <ns3:hr>193</ns3:hr>
            <ns3:cad>94</ns3:cad>
          </ns3:TrackPointExtension>
        </extensions>
      </trkpt>
      <trkpt lat="30.75159919448196887969970703125" lon="108.4454952366650104522705078125">
        <ele>435.399993896484375</ele>
        <time>2026-03-12T10:49:21.000Z</time>
        <extensions>
          <ns3:TrackPointExtension>
            <ns3:hr>193</ns3:hr>
            <ns3:cad>93</ns3:cad>
          </ns3:TrackPointExtension>
        </extensions>
      </trkpt>
      <trkpt lat="30.75159114785492420196533203125" lon="108.44552968628704547882080078125">
        <ele>435.399993896484375</ele>
        <time>2026-03-12T10:49:22.000Z</time>
        <extensions>
          <ns3:TrackPointExtension>
            <ns3:hr>193</ns3:hr>
            <ns3:cad>91</ns3:cad>
          </ns3:TrackPointExtension>
        </extensions>
      </trkpt>
      <trkpt lat="30.751585029065608978271484375" lon="108.4455726854503154754638671875">
        <ele>435.399993896484375</ele>
        <time>2026-03-12T10:49:23.000Z</time>
        <extensions>
          <ns3:TrackPointExtension>
            <ns3:hr>193</ns3:hr>
            <ns3:cad>91</ns3:cad>
          </ns3:TrackPointExtension>
        </extensions>
      </trkpt>
      <trkpt lat="30.7515855319797992706298828125" lon="108.44560462050139904022216796875">
        <ele>435.399993896484375</ele>
        <time>2026-03-12T10:49:24.000Z</time>
        <extensions>
          <ns3:TrackPointExtension>
            <ns3:hr>194</ns3:hr>
            <ns3:cad>92</ns3:cad>
          </ns3:TrackPointExtension>
        </extensions>
      </trkpt>
      <trkpt lat="30.75158444233238697052001953125" lon="108.44564728438854217529296875">
        <ele>435.399993896484375</ele>
        <time>2026-03-12T10:49:25.000Z</time>
        <extensions>
          <ns3:TrackPointExtension>
            <ns3:hr>193</ns3:hr>
            <ns3:cad>92</ns3:cad>
          </ns3:TrackPointExtension>
        </extensions>
      </trkpt>
      <trkpt lat="30.75158896856009960174560546875" lon="108.4456803090870380401611328125">
        <ele>435.399993896484375</ele>
        <time>2026-03-12T10:49:26.000Z</time>
        <extensions>
          <ns3:TrackPointExtension>
            <ns3:hr>193</ns3:hr>
            <ns3:cad>92</ns3:cad>
          </ns3:TrackPointExtension>
        </extensions>
      </trkpt>
      <trkpt lat="30.7515893876552581787109375" lon="108.44572196714580059051513671875">
        <ele>435.399993896484375</ele>
        <time>2026-03-12T10:49:27.000Z</time>
        <extensions>
          <ns3:TrackPointExtension>
            <ns3:hr>193</ns3:hr>
            <ns3:cad>92</ns3:cad>
          </ns3:TrackPointExtension>
        </extensions>
      </trkpt>
      <trkpt lat="30.75160070322453975677490234375" lon="108.4457557462155818939208984375">
        <ele>435.399993896484375</ele>
        <time>2026-03-12T10:49:28.000Z</time>
        <extensions>
          <ns3:TrackPointExtension>
            <ns3:hr>193</ns3:hr>
            <ns3:cad>92</ns3:cad>
          </ns3:TrackPointExtension>
        </extensions>
      </trkpt>
      <trkpt lat="30.75160824693739414215087890625" lon="108.44579505734145641326904296875">
        <ele>435.399993896484375</ele>
        <time>2026-03-12T10:49:29.000Z</time>
        <extensions>
          <ns3:TrackPointExtension>
            <ns3:hr>194</ns3:hr>
            <ns3:cad>93</ns3:cad>
          </ns3:TrackPointExtension>
        </extensions>
      </trkpt>
      <trkpt lat="30.75161545537412166595458984375" lon="108.4458298422396183013916015625">
        <ele>435.399993896484375</ele>
        <time>2026-03-12T10:49:30.000Z</time>
        <extensions>
          <ns3:TrackPointExtension>
            <ns3:hr>193</ns3:hr>
            <ns3:cad>93</ns3:cad>
          </ns3:TrackPointExtension>
        </extensions>
      </trkpt>
      <trkpt lat="30.751624591648578643798828125" lon="108.445862196385860443115234375">
        <ele>435.399993896484375</ele>
        <time>2026-03-12T10:49:31.000Z</time>
        <extensions>
          <ns3:TrackPointExtension>
            <ns3:hr>193</ns3:hr>
            <ns3:cad>92</ns3:cad>
          </ns3:TrackPointExtension>
        </extensions>
      </trkpt>
      <trkpt lat="30.751642696559429168701171875" lon="108.44589781947433948516845703125">
        <ele>435.399993896484375</ele>
        <time>2026-03-12T10:49:32.000Z</time>
        <extensions>
          <ns3:TrackPointExtension>
            <ns3:hr>194</ns3:hr>
            <ns3:cad>92</ns3:cad>
          </ns3:TrackPointExtension>
        </extensions>
      </trkpt>
      <trkpt lat="30.75166021473705768585205078125" lon="108.44592665322124958038330078125">
        <ele>435.399993896484375</ele>
        <time>2026-03-12T10:49:33.000Z</time>
        <extensions>
          <ns3:TrackPointExtension>
            <ns3:hr>194</ns3:hr>
            <ns3:cad>92</ns3:cad>
          </ns3:TrackPointExtension>
        </extensions>
      </trkpt>
      <trkpt lat="30.7516872882843017578125" lon="108.44596537761390209197998046875">
        <ele>435.399993896484375</ele>
        <time>2026-03-12T10:49:34.000Z</time>
        <extensions>
          <ns3:TrackPointExtension>
            <ns3:hr>194</ns3:hr>
            <ns3:cad>92</ns3:cad>
          </ns3:TrackPointExtension>
        </extensions>
      </trkpt>
      <trkpt lat="30.7517112605273723602294921875" lon="108.4459899365901947021484375">
        <ele>435.20001220703125</ele>
        <time>2026-03-12T10:49:35.000Z</time>
        <extensions>
          <ns3:TrackPointExtension>
            <ns3:hr>194</ns3:hr>
            <ns3:cad>93</ns3:cad>
          </ns3:TrackPointExtension>
        </extensions>
      </trkpt>
      <trkpt lat="30.75173757970333099365234375" lon="108.44602338038384914398193359375">
        <ele>435.20001220703125</ele>
        <time>2026-03-12T10:49:36.000Z</time>
        <extensions>
          <ns3:TrackPointExtension>
            <ns3:hr>194</ns3:hr>
            <ns3:cad>93</ns3:cad>
          </ns3:TrackPointExtension>
        </extensions>
      </trkpt>
      <trkpt lat="30.751765407621860504150390625" lon="108.44604014419019222259521484375">
        <ele>435.20001220703125</ele>
        <time>2026-03-12T10:49:37.000Z</time>
        <extensions>
          <ns3:TrackPointExtension>
            <ns3:hr>194</ns3:hr>
            <ns3:cad>92</ns3:cad>
          </ns3:TrackPointExtension>
        </extensions>
      </trkpt>
      <trkpt lat="30.75179114006459712982177734375" lon="108.4460677206516265869140625">
        <ele>435.399993896484375</ele>
        <time>2026-03-12T10:49:38.000Z</time>
        <extensions>
          <ns3:TrackPointExtension>
            <ns3:hr>195</ns3:hr>
            <ns3:cad>92</ns3:cad>
          </ns3:TrackPointExtension>
        </extensions>
      </trkpt>
      <trkpt lat="30.75181913562119007110595703125" lon="108.44608775340020656585693359375">
        <ele>435.20001220703125</ele>
        <time>2026-03-12T10:49:39.000Z</time>
        <extensions>
          <ns3:TrackPointExtension>
            <ns3:hr>194</ns3:hr>
            <ns3:cad>92</ns3:cad>
          </ns3:TrackPointExtension>
        </extensions>
      </trkpt>
      <trkpt lat="30.75184528715908527374267578125" lon="108.44610937871038913726806640625">
        <ele>435.20001220703125</ele>
        <time>2026-03-12T10:49:40.000Z</time>
        <extensions>
          <ns3:TrackPointExtension>
            <ns3:hr>194</ns3:hr>
            <ns3:cad>93</ns3:cad>
          </ns3:TrackPointExtension>
        </extensions>
      </trkpt>
      <trkpt lat="30.751877389848232269287109375" lon="108.4461299143731594085693359375">
        <ele>435.20001220703125</ele>
        <time>2026-03-12T10:49:41.000Z</time>
        <extensions>
          <ns3:TrackPointExtension>
            <ns3:hr>195</ns3:hr>
            <ns3:cad>93</ns3:cad>
          </ns3:TrackPointExtension>
        </extensions>
      </trkpt>
      <trkpt lat="30.7519070617854595184326171875" lon="108.44614525325596332550048828125">
        <ele>435.20001220703125</ele>
        <time>2026-03-12T10:49:42.000Z</time>
        <extensions>
          <ns3:TrackPointExtension>
            <ns3:hr>195</ns3:hr>
            <ns3:cad>93</ns3:cad>
          </ns3:TrackPointExtension>
        </extensions>
      </trkpt>
      <trkpt lat="30.75194871984422206878662109375" lon="108.44615363515913486480712890625">
        <ele>435.20001220703125</ele>
        <time>2026-03-12T10:49:43.000Z</time>
        <extensions>
          <ns3:TrackPointExtension>
            <ns3:hr>195</ns3:hr>
            <ns3:cad>92</ns3:cad>
          </ns3:TrackPointExtension>
        </extensions>
      </trkpt>
      <trkpt lat="30.7519814930856227874755859375" lon="108.44615380279719829559326171875">
        <ele>435.399993896484375</ele>
        <time>2026-03-12T10:49:44.000Z</time>
        <extensions>
          <ns3:TrackPointExtension>
            <ns3:hr>194</ns3:hr>
            <ns3:cad>92</ns3:cad>
          </ns3:TrackPointExtension>
        </extensions>
      </trkpt>
      <trkpt lat="30.75202248059213161468505859375" lon="108.44615967012941837310791015625">
        <ele>435.20001220703125</ele>
        <time>2026-03-12T10:49:45.000Z</time>
        <extensions>
          <ns3:TrackPointExtension>
            <ns3:hr>195</ns3:hr>
            <ns3:cad>92</ns3:cad>
          </ns3:TrackPointExtension>
        </extensions>
      </trkpt>
      <trkpt lat="30.75205148197710514068603515625" lon="108.44615547917783260345458984375">
        <ele>435.20001220703125</ele>
        <time>2026-03-12T10:49:46.000Z</time>
        <extensions>
          <ns3:TrackPointExtension>
            <ns3:hr>195</ns3:hr>
            <ns3:cad>92</ns3:cad>
          </ns3:TrackPointExtension>
        </extensions>
      </trkpt>
      <trkpt lat="30.75208886526525020599365234375" lon="108.44616218470036983489990234375">
        <ele>435.20001220703125</ele>
        <time>2026-03-12T10:49:47.000Z</time>
        <extensions>
          <ns3:TrackPointExtension>
            <ns3:hr>194</ns3:hr>
            <ns3:cad>92</ns3:cad>
          </ns3:TrackPointExtension>
        </extensions>
      </trkpt>
      <trkpt lat="30.752118118107318878173828125" lon="108.4461614303290843963623046875">
        <ele>435.20001220703125</ele>
        <time>2026-03-12T10:49:48.000Z</time>
        <extensions>
          <ns3:TrackPointExtension>
            <ns3:hr>195</ns3:hr>
            <ns3:cad>92</ns3:cad>
          </ns3:TrackPointExtension>
        </extensions>
      </trkpt>
      <trkpt lat="30.752150975167751312255859375" lon="108.446167297661304473876953125">
        <ele>435.399993896484375</ele>
        <time>2026-03-12T10:49:49.000Z</time>
        <extensions>
          <ns3:TrackPointExtension>
            <ns3:hr>195</ns3:hr>
            <ns3:cad>92</ns3:cad>
          </ns3:TrackPointExtension>
        </extensions>
      </trkpt>
      <trkpt lat="30.752183161675930023193359375" lon="108.44616402871906757354736328125">
        <ele>435.20001220703125</ele>
        <time>2026-03-12T10:49:50.000Z</time>
        <extensions>
          <ns3:TrackPointExtension>
            <ns3:hr>194</ns3:hr>
            <ns3:cad>92</ns3:cad>
          </ns3:TrackPointExtension>
        </extensions>
      </trkpt>
      <trkpt lat="30.75221425853669643402099609375" lon="108.44616360962390899658203125">
        <ele>435.20001220703125</ele>
        <time>2026-03-12T10:49:51.000Z</time>
        <extensions>
          <ns3:TrackPointExtension>
            <ns3:hr>194</ns3:hr>
            <ns3:cad>92</ns3:cad>
          </ns3:TrackPointExtension>
        </extensions>
      </trkpt>
      <trkpt lat="30.75225147418677806854248046875" lon="108.44616503454744815826416015625">
        <ele>435.20001220703125</ele>
        <time>2026-03-12T10:49:52.000Z</time>
        <extensions>
          <ns3:TrackPointExtension>
            <ns3:hr>194</ns3:hr>
            <ns3:cad>92</ns3:cad>
          </ns3:TrackPointExtension>
        </extensions>
      </trkpt>
      <trkpt lat="30.752281062304973602294921875" lon="108.44615799374878406524658203125">
        <ele>435.399993896484375</ele>
        <time>2026-03-12T10:49:53.000Z</time>
        <extensions>
          <ns3:TrackPointExtension>
            <ns3:hr>194</ns3:hr>
            <ns3:cad>94</ns3:cad>
          </ns3:TrackPointExtension>
        </extensions>
      </trkpt>
      <trkpt lat="30.7523201219737529754638671875" lon="108.446161262691020965576171875">
        <ele>435.399993896484375</ele>
        <time>2026-03-12T10:49:54.000Z</time>
        <extensions>
          <ns3:TrackPointExtension>
            <ns3:hr>193</ns3:hr>
            <ns3:cad>94</ns3:cad>
          </ns3:TrackPointExtension>
        </extensions>
      </trkpt>
      <trkpt lat="30.75235046446323394775390625" lon="108.44615749083459377288818359375">
        <ele>435.399993896484375</ele>
        <time>2026-03-12T10:49:55.000Z</time>
        <extensions>
          <ns3:TrackPointExtension>
            <ns3:hr>193</ns3:hr>
            <ns3:cad>94</ns3:cad>
          </ns3:TrackPointExtension>
        </extensions>
      </trkpt>
      <trkpt lat="30.752387009561061859130859375" lon="108.44616570509970188140869140625">
        <ele>435.20001220703125</ele>
        <time>2026-03-12T10:49:56.000Z</time>
        <extensions>
          <ns3:TrackPointExtension>
            <ns3:hr>193</ns3:hr>
            <ns3:cad>93</ns3:cad>
          </ns3:TrackPointExtension>
        </extensions>
      </trkpt>
      <trkpt lat="30.752417854964733123779296875" lon="108.4461637772619724273681640625">
        <ele>435.20001220703125</ele>
        <time>2026-03-12T10:49:57.000Z</time>
        <extensions>
          <ns3:TrackPointExtension>
            <ns3:hr>193</ns3:hr>
            <ns3:cad>94</ns3:cad>
          </ns3:TrackPointExtension>
        </extensions>
      </trkpt>
      <trkpt lat="30.7524485327303409576416015625" lon="108.44616335816681385040283203125">
        <ele>435.20001220703125</ele>
        <time>2026-03-12T10:49:58.000Z</time>
        <extensions>
          <ns3:TrackPointExtension>
            <ns3:hr>193</ns3:hr>
            <ns3:cad>94</ns3:cad>
          </ns3:TrackPointExtension>
        </extensions>
      </trkpt>
      <trkpt lat="30.75248532928526401519775390625" lon="108.446160592138767242431640625">
        <ele>435.20001220703125</ele>
        <time>2026-03-12T10:49:59.000Z</time>
        <extensions>
          <ns3:TrackPointExtension>
            <ns3:hr>193</ns3:hr>
            <ns3:cad>94</ns3:cad>
          </ns3:TrackPointExtension>
        </extensions>
      </trkpt>
      <trkpt lat="30.75251433067023754119873046875" lon="108.4461590833961963653564453125">
        <ele>435.20001220703125</ele>
        <time>2026-03-12T10:50:00.000Z</time>
        <extensions>
          <ns3:TrackPointExtension>
            <ns3:hr>193</ns3:hr>
            <ns3:cad>94</ns3:cad>
          </ns3:TrackPointExtension>
        </extensions>
      </trkpt>
      <trkpt lat="30.75255028903484344482421875" lon="108.446161262691020965576171875">
        <ele>435.20001220703125</ele>
        <time>2026-03-12T10:50:01.000Z</time>
        <extensions>
          <ns3:TrackPointExtension>
            <ns3:hr>193</ns3:hr>
            <ns3:cad>93</ns3:cad>
          </ns3:TrackPointExtension>
        </extensions>
      </trkpt>
      <trkpt lat="30.75257920660078525543212890625" lon="108.44615899957716464996337890625">
        <ele>435.20001220703125</ele>
        <time>2026-03-12T10:50:02.000Z</time>
        <extensions>
          <ns3:TrackPointExtension>
            <ns3:hr>193</ns3:hr>
            <ns3:cad>94</ns3:cad>
          </ns3:TrackPointExtension>
        </extensions>
      </trkpt>
      <trkpt lat="30.75261675752699375152587890625" lon="108.44616704620420932769775390625">
        <ele>435.20001220703125</ele>
        <time>2026-03-12T10:50:03.000Z</time>
        <extensions>
          <ns3:TrackPointExtension>
            <ns3:hr>192</ns3:hr>
            <ns3:cad>93</ns3:cad>
          </ns3:TrackPointExtension>
        </extensions>
      </trkpt>
      <trkpt lat="30.75264894403517246246337890625" lon="108.44616352580487728118896484375">
        <ele>435.20001220703125</ele>
        <time>2026-03-12T10:50:04.000Z</time>
        <extensions>
          <ns3:TrackPointExtension>
            <ns3:hr>193</ns3:hr>
            <ns3:cad>93</ns3:cad>
          </ns3:TrackPointExtension>
        </extensions>
      </trkpt>
      <trkpt lat="30.752687416970729827880859375" lon="108.44616972841322422027587890625">
        <ele>435.20001220703125</ele>
        <time>2026-03-12T10:50:05.000Z</time>
        <extensions>
          <ns3:TrackPointExtension>
            <ns3:hr>193</ns3:hr>
            <ns3:cad>92</ns3:cad>
          </ns3:TrackPointExtension>
        </extensions>
      </trkpt>
      <trkpt lat="30.75271792709827423095703125" lon="108.4461661241948604583740234375">
        <ele>435.20001220703125</ele>
        <time>2026-03-12T10:50:06.000Z</time>
        <extensions>
          <ns3:TrackPointExtension>
            <ns3:hr>192</ns3:hr>
            <ns3:cad>92</ns3:cad>
          </ns3:TrackPointExtension>
        </extensions>
      </trkpt>
      <trkpt lat="30.75275254435837268829345703125" lon="108.4461688064038753509521484375">
        <ele>435.20001220703125</ele>
        <time>2026-03-12T10:50:07.000Z</time>
        <extensions>
          <ns3:TrackPointExtension>
            <ns3:hr>193</ns3:hr>
            <ns3:cad>93</ns3:cad>
          </ns3:TrackPointExtension>
        </extensions>
      </trkpt>
      <trkpt lat="30.75278858654201030731201171875" lon="108.4461651183664798736572265625">
        <ele>435.20001220703125</ele>
        <time>2026-03-12T10:50:08.000Z</time>
        <extensions>
          <ns3:TrackPointExtension>
            <ns3:hr>193</ns3:hr>
            <ns3:cad>93</ns3:cad>
          </ns3:TrackPointExtension>
        </extensions>
      </trkpt>
      <trkpt lat="30.75281985104084014892578125" lon="108.44616495072841644287109375">
        <ele>435.20001220703125</ele>
        <time>2026-03-12T10:50:09.000Z</time>
        <extensions>
          <ns3:TrackPointExtension>
            <ns3:hr>192</ns3:hr>
            <ns3:cad>93</ns3:cad>
          </ns3:TrackPointExtension>
        </extensions>
      </trkpt>
      <trkpt lat="30.752856731414794921875" lon="108.44616218470036983489990234375">
        <ele>435.20001220703125</ele>
        <time>2026-03-12T10:50:10.000Z</time>
        <extensions>
          <ns3:TrackPointExtension>
            <ns3:hr>193</ns3:hr>
            <ns3:cad>92</ns3:cad>
          </ns3:TrackPointExtension>
        </extensions>
      </trkpt>
      <trkpt lat="30.75288824737071990966796875" lon="108.4461567364633083343505859375">
        <ele>435.20001220703125</ele>
        <time>2026-03-12T10:50:11.000Z</time>
        <extensions>
          <ns3:TrackPointExtension>
            <ns3:hr>192</ns3:hr>
            <ns3:cad>92</ns3:cad>
          </ns3:TrackPointExtension>
        </extensions>
      </trkpt>
      <trkpt lat="30.7529296539723873138427734375" lon="108.4461577422916889190673828125">
        <ele>435.20001220703125</ele>
        <time>2026-03-12T10:50:12.000Z</time>
        <extensions>
          <ns3:TrackPointExtension>
            <ns3:hr>192</ns3:hr>
            <ns3:cad>92</ns3:cad>
          </ns3:TrackPointExtension>
        </extensions>
      </trkpt>
      <trkpt lat="30.752961002290248870849609375" lon="108.44614743255078792572021484375">
        <ele>435.20001220703125</ele>
        <time>2026-03-12T10:50:13.000Z</time>
        <extensions>
          <ns3:TrackPointExtension>
            <ns3:hr>192</ns3:hr>
            <ns3:cad>92</ns3:cad>
          </ns3:TrackPointExtension>
        </extensions>
      </trkpt>
      <trkpt lat="30.75300232507288455963134765625" lon="108.44614860601723194122314453125">
        <ele>435.20001220703125</ele>
        <time>2026-03-12T10:50:14.000Z</time>
        <extensions>
          <ns3:TrackPointExtension>
            <ns3:hr>192</ns3:hr>
            <ns3:cad>92</ns3:cad>
          </ns3:TrackPointExtension>
        </extensions>
      </trkpt>
      <trkpt lat="30.75302906334400177001953125" lon="108.44613385386765003204345703125">
        <ele>435.20001220703125</ele>
        <time>2026-03-12T10:50:15.000Z</time>
        <extensions>
          <ns3:TrackPointExtension>
            <ns3:hr>192</ns3:hr>
            <ns3:cad>93</ns3:cad>
          </ns3:TrackPointExtension>
        </extensions>
      </trkpt>
      <trkpt lat="30.7530644349753856658935546875" lon="108.44612044282257556915283203125">
        <ele>435.20001220703125</ele>
        <time>2026-03-12T10:50:16.000Z</time>
        <extensions>
          <ns3:TrackPointExtension>
            <ns3:hr>192</ns3:hr>
            <ns3:cad>93</ns3:cad>
          </ns3:TrackPointExtension>
        </extensions>
      </trkpt>
      <trkpt lat="30.75309167616069316864013671875" lon="108.44609596766531467437744140625">
        <ele>435.20001220703125</ele>
        <time>2026-03-12T10:50:17.000Z</time>
        <extensions>
          <ns3:TrackPointExtension>
            <ns3:hr>191</ns3:hr>
            <ns3:cad>92</ns3:cad>
          </ns3:TrackPointExtension>
        </extensions>
      </trkpt>
      <trkpt lat="30.753115229308605194091796875" lon="108.4460730850696563720703125">
        <ele>435.20001220703125</ele>
        <time>2026-03-12T10:50:18.000Z</time>
        <extensions>
          <ns3:TrackPointExtension>
            <ns3:hr>191</ns3:hr>
            <ns3:cad>92</ns3:cad>
          </ns3:TrackPointExtension>
        </extensions>
      </trkpt>
      <trkpt lat="30.75314464978873729705810546875" lon="108.44604617916047573089599609375">
        <ele>435.20001220703125</ele>
        <time>2026-03-12T10:50:19.000Z</time>
        <extensions>
          <ns3:TrackPointExtension>
            <ns3:hr>191</ns3:hr>
            <ns3:cad>92</ns3:cad>
          </ns3:TrackPointExtension>
        </extensions>
      </trkpt>
      <trkpt lat="30.753166191279888153076171875" lon="108.44602354802191257476806640625">
        <ele>435</ele>
        <time>2026-03-12T10:50:20.000Z</time>
        <extensions>
          <ns3:TrackPointExtension>
            <ns3:hr>191</ns3:hr>
            <ns3:cad>92</ns3:cad>
          </ns3:TrackPointExtension>
        </extensions>
      </trkpt>
      <trkpt lat="30.75319410301744937896728515625" lon="108.4459926187992095947265625">
        <ele>435</ele>
        <time>2026-03-12T10:50:21.000Z</time>
        <extensions>
          <ns3:TrackPointExtension>
            <ns3:hr>192</ns3:hr>
            <ns3:cad>92</ns3:cad>
          </ns3:TrackPointExtension>
        </extensions>
      </trkpt>
      <trkpt lat="30.7532065920531749725341796875" lon="108.44596236012876033782958984375">
        <ele>435</ele>
        <time>2026-03-12T10:50:22.000Z</time>
        <extensions>
          <ns3:TrackPointExtension>
            <ns3:hr>191</ns3:hr>
            <ns3:cad>93</ns3:cad>
          </ns3:TrackPointExtension>
        </extensions>
      </trkpt>
      <trkpt lat="30.753229223191738128662109375" lon="108.44592782668769359588623046875">
        <ele>435</ele>
        <time>2026-03-12T10:50:23.000Z</time>
        <extensions>
          <ns3:TrackPointExtension>
            <ns3:hr>191</ns3:hr>
            <ns3:cad>94</ns3:cad>
          </ns3:TrackPointExtension>
        </extensions>
      </trkpt>
      <trkpt lat="30.75324120931327342987060546875" lon="108.4458962269127368927001953125">
        <ele>435.20001220703125</ele>
        <time>2026-03-12T10:50:24.000Z</time>
        <extensions>
          <ns3:TrackPointExtension>
            <ns3:hr>191</ns3:hr>
            <ns3:cad>94</ns3:cad>
          </ns3:TrackPointExtension>
        </extensions>
      </trkpt>
      <trkpt lat="30.75325948186218738555908203125" lon="108.44585859216749668121337890625">
        <ele>435</ele>
        <time>2026-03-12T10:50:25.000Z</time>
        <extensions>
          <ns3:TrackPointExtension>
            <ns3:hr>191</ns3:hr>
            <ns3:cad>94</ns3:cad>
          </ns3:TrackPointExtension>
        </extensions>
      </trkpt>
      <trkpt lat="30.75326216407120227813720703125" lon="108.44582338817417621612548828125">
        <ele>435</ele>
        <time>2026-03-12T10:50:26.000Z</time>
        <extensions>
          <ns3:TrackPointExtension>
            <ns3:hr>191</ns3:hr>
            <ns3:cad>93</ns3:cad>
          </ns3:TrackPointExtension>
        </extensions>
      </trkpt>
      <trkpt lat="30.7532729767262935638427734375" lon="108.4457822330296039581298828125">
        <ele>435</ele>
        <time>2026-03-12T10:50:27.000Z</time>
        <extensions>
          <ns3:TrackPointExtension>
            <ns3:hr>191</ns3:hr>
            <ns3:cad>93</ns3:cad>
          </ns3:TrackPointExtension>
        </extensions>
      </trkpt>
      <trkpt lat="30.75327406637370586395263671875" lon="108.445745520293712615966796875">
        <ele>435</ele>
        <time>2026-03-12T10:50:28.000Z</time>
        <extensions>
          <ns3:TrackPointExtension>
            <ns3:hr>191</ns3:hr>
            <ns3:cad>93</ns3:cad>
          </ns3:TrackPointExtension>
        </extensions>
      </trkpt>
      <trkpt lat="30.753278844058513641357421875" lon="108.4457061253488063812255859375">
        <ele>435</ele>
        <time>2026-03-12T10:50:29.000Z</time>
        <extensions>
          <ns3:TrackPointExtension>
            <ns3:hr>191</ns3:hr>
            <ns3:cad>93</ns3:cad>
          </ns3:TrackPointExtension>
        </extensions>
      </trkpt>
      <trkpt lat="30.7532806880772113800048828125" lon="108.4456658922135829925537109375">
        <ele>435.20001220703125</ele>
        <time>2026-03-12T10:50:30.000Z</time>
        <extensions>
          <ns3:TrackPointExtension>
            <ns3:hr>191</ns3:hr>
            <ns3:cad>92</ns3:cad>
          </ns3:TrackPointExtension>
        </extensions>
      </trkpt>
      <trkpt lat="30.75328445993363857269287109375" lon="108.445629179477691650390625">
        <ele>435</ele>
        <time>2026-03-12T10:50:31.000Z</time>
        <extensions>
          <ns3:TrackPointExtension>
            <ns3:hr>191</ns3:hr>
            <ns3:cad>91</ns3:cad>
          </ns3:TrackPointExtension>
        </extensions>
      </trkpt>
      <trkpt lat="30.75328026898205280303955078125" lon="108.44558559358119964599609375">
        <ele>435.20001220703125</ele>
        <time>2026-03-12T10:50:32.000Z</time>
        <extensions>
          <ns3:TrackPointExtension>
            <ns3:hr>192</ns3:hr>
            <ns3:cad>91</ns3:cad>
          </ns3:TrackPointExtension>
        </extensions>
      </trkpt>
      <trkpt lat="30.7532719708979129791259765625" lon="108.44555248506367206573486328125">
        <ele>435.20001220703125</ele>
        <time>2026-03-12T10:50:33.000Z</time>
        <extensions>
          <ns3:TrackPointExtension>
            <ns3:hr>191</ns3:hr>
            <ns3:cad>93</ns3:cad>
          </ns3:TrackPointExtension>
        </extensions>
      </trkpt>
      <trkpt lat="30.753265433013439178466796875" lon="108.4455083124339580535888671875">
        <ele>435.20001220703125</ele>
        <time>2026-03-12T10:50:34.000Z</time>
        <extensions>
          <ns3:TrackPointExtension>
            <ns3:hr>191</ns3:hr>
            <ns3:cad>94</ns3:cad>
          </ns3:TrackPointExtension>
        </extensions>
      </trkpt>
      <trkpt lat="30.75325512327253818511962890625" lon="108.445475958287715911865234375">
        <ele>435.20001220703125</ele>
        <time>2026-03-12T10:50:35.000Z</time>
        <extensions>
          <ns3:TrackPointExtension>
            <ns3:hr>191</ns3:hr>
            <ns3:cad>93</ns3:cad>
          </ns3:TrackPointExtension>
        </extensions>
      </trkpt>
      <trkpt lat="30.75324841775000095367431640625" lon="108.4454358927905559539794921875">
        <ele>435.20001220703125</ele>
        <time>2026-03-12T10:50:36.000Z</time>
        <extensions>
          <ns3:TrackPointExtension>
            <ns3:hr>191</ns3:hr>
            <ns3:cad>92</ns3:cad>
          </ns3:TrackPointExtension>
        </extensions>
      </trkpt>
      <trkpt lat="30.75323467142879962921142578125" lon="108.4454060532152652740478515625">
        <ele>435.20001220703125</ele>
        <time>2026-03-12T10:50:37.000Z</time>
        <extensions>
          <ns3:TrackPointExtension>
            <ns3:hr>191</ns3:hr>
            <ns3:cad>92</ns3:cad>
          </ns3:TrackPointExtension>
        </extensions>
      </trkpt>
      <trkpt lat="30.75322075746953487396240234375" lon="108.44536825083196163177490234375">
        <ele>435</ele>
        <time>2026-03-12T10:50:38.000Z</time>
        <extensions>
          <ns3:TrackPointExtension>
            <ns3:hr>191</ns3:hr>
            <ns3:cad>92</ns3:cad>
          </ns3:TrackPointExtension>
        </extensions>
      </trkpt>
      <trkpt lat="30.75320416130125522613525390625" lon="108.44533145427703857421875">
        <ele>435</ele>
        <time>2026-03-12T10:50:39.000Z</time>
        <extensions>
          <ns3:TrackPointExtension>
            <ns3:hr>191</ns3:hr>
            <ns3:cad>93</ns3:cad>
          </ns3:TrackPointExtension>
        </extensions>
      </trkpt>
      <trkpt lat="30.7531858049333095550537109375" lon="108.44529968686401844024658203125">
        <ele>435</ele>
        <time>2026-03-12T10:50:40.000Z</time>
        <extensions>
          <ns3:TrackPointExtension>
            <ns3:hr>190</ns3:hr>
            <ns3:cad>93</ns3:cad>
          </ns3:TrackPointExtension>
        </extensions>
      </trkpt>
      <trkpt lat="30.75316158123314380645751953125" lon="108.44526263885200023651123046875">
        <ele>435</ele>
        <time>2026-03-12T10:50:41.000Z</time>
        <extensions>
          <ns3:TrackPointExtension>
            <ns3:hr>190</ns3:hr>
            <ns3:cad>93</ns3:cad>
          </ns3:TrackPointExtension>
        </extensions>
      </trkpt>
      <trkpt lat="30.7531428895890712738037109375" lon="108.4452310390770435333251953125">
        <ele>435</ele>
        <time>2026-03-12T10:50:42.000Z</time>
        <extensions>
          <ns3:TrackPointExtension>
            <ns3:hr>189</ns3:hr>
            <ns3:cad>93</ns3:cad>
          </ns3:TrackPointExtension>
        </extensions>
      </trkpt>
      <trkpt lat="30.75312369503080844879150390625" lon="108.445194996893405914306640625">
        <ele>435</ele>
        <time>2026-03-12T10:50:43.000Z</time>
        <extensions>
          <ns3:TrackPointExtension>
            <ns3:hr>188</ns3:hr>
            <ns3:cad>93</ns3:cad>
          </ns3:TrackPointExtension>
        </extensions>
      </trkpt>
      <trkpt lat="30.75309888459742069244384765625" lon="108.4451666660606861114501953125">
        <ele>435</ele>
        <time>2026-03-12T10:50:44.000Z</time>
        <extensions>
          <ns3:TrackPointExtension>
            <ns3:hr>188</ns3:hr>
            <ns3:cad>93</ns3:cad>
          </ns3:TrackPointExtension>
        </extensions>
      </trkpt>
      <trkpt lat="30.753073655068874359130859375" lon="108.44514328055083751678466796875">
        <ele>435</ele>
        <time>2026-03-12T10:50:45.000Z</time>
        <extensions>
          <ns3:TrackPointExtension>
            <ns3:hr>188</ns3:hr>
            <ns3:cad>94</ns3:cad>
          </ns3:TrackPointExtension>
        </extensions>
      </trkpt>
      <trkpt lat="30.75304322876036167144775390625" lon="108.44512869603931903839111328125">
        <ele>435</ele>
        <time>2026-03-12T10:50:46.000Z</time>
        <extensions>
          <ns3:TrackPointExtension>
            <ns3:hr>188</ns3:hr>
            <ns3:cad>94</ns3:cad>
          </ns3:TrackPointExtension>
        </extensions>
      </trkpt>
      <trkpt lat="30.753011293709278106689453125" lon="108.44511830247938632965087890625">
        <ele>435</ele>
        <time>2026-03-12T10:50:47.000Z</time>
        <extensions>
          <ns3:TrackPointExtension>
            <ns3:hr>189</ns3:hr>
            <ns3:cad>94</ns3:cad>
          </ns3:TrackPointExtension>
        </extensions>
      </trkpt>
      <trkpt lat="30.7529782690107822418212890625" lon="108.44511595554649829864501953125">
        <ele>435</ele>
        <time>2026-03-12T10:50:48.000Z</time>
        <extensions>
          <ns3:TrackPointExtension>
            <ns3:hr>188</ns3:hr>
            <ns3:cad>94</ns3:cad>
          </ns3:TrackPointExtension>
        </extensions>
      </trkpt>
      <trkpt lat="30.75294750742614269256591796875" lon="108.44511947594583034515380859375">
        <ele>435</ele>
        <time>2026-03-12T10:50:49.000Z</time>
        <extensions>
          <ns3:TrackPointExtension>
            <ns3:hr>188</ns3:hr>
            <ns3:cad>94</ns3:cad>
          </ns3:TrackPointExtension>
        </extensions>
      </trkpt>
      <trkpt lat="30.75290576554834842681884765625" lon="108.4451209008693695068359375">
        <ele>434.79998779296875</ele>
        <time>2026-03-12T10:50:50.000Z</time>
        <extensions>
          <ns3:TrackPointExtension>
            <ns3:hr>188</ns3:hr>
            <ns3:cad>94</ns3:cad>
          </ns3:TrackPointExtension>
        </extensions>
      </trkpt>
      <trkpt lat="30.75287341140210628509521484375" lon="108.44512425363063812255859375">
        <ele>434.79998779296875</ele>
        <time>2026-03-12T10:50:51.000Z</time>
        <extensions>
          <ns3:TrackPointExtension>
            <ns3:hr>189</ns3:hr>
            <ns3:cad>94</ns3:cad>
          </ns3:TrackPointExtension>
        </extensions>
      </trkpt>
      <trkpt lat="30.752831585705280303955078125" lon="108.4451209008693695068359375">
        <ele>434.79998779296875</ele>
        <time>2026-03-12T10:50:52.000Z</time>
        <extensions>
          <ns3:TrackPointExtension>
            <ns3:hr>188</ns3:hr>
            <ns3:cad>93</ns3:cad>
          </ns3:TrackPointExtension>
        </extensions>
      </trkpt>
      <trkpt lat="30.75280065648257732391357421875" lon="108.445126600563526153564453125">
        <ele>434.79998779296875</ele>
        <time>2026-03-12T10:50:53.000Z</time>
        <extensions>
          <ns3:TrackPointExtension>
            <ns3:hr>188</ns3:hr>
            <ns3:cad>92</ns3:cad>
          </ns3:TrackPointExtension>
        </extensions>
      </trkpt>
      <trkpt lat="30.752762518823146820068359375" lon="108.44512199051678180694580078125">
        <ele>434.79998779296875</ele>
        <time>2026-03-12T10:50:54.000Z</time>
        <extensions>
          <ns3:TrackPointExtension>
            <ns3:hr>188</ns3:hr>
            <ns3:cad>92</ns3:cad>
          </ns3:TrackPointExtension>
        </extensions>
      </trkpt>
      <trkpt lat="30.75273041613399982452392578125" lon="108.44512961804866790771484375">
        <ele>434.79998779296875</ele>
        <time>2026-03-12T10:50:55.000Z</time>
        <extensions>
          <ns3:TrackPointExtension>
            <ns3:hr>188</ns3:hr>
            <ns3:cad>92</ns3:cad>
          </ns3:TrackPointExtension>
        </extensions>
      </trkpt>
      <trkpt lat="30.7526949606835842132568359375" lon="108.44513540156185626983642578125">
        <ele>434.79998779296875</ele>
        <time>2026-03-12T10:50:56.000Z</time>
        <extensions>
          <ns3:TrackPointExtension>
            <ns3:hr>188</ns3:hr>
            <ns3:cad>92</ns3:cad>
          </ns3:TrackPointExtension>
        </extensions>
      </trkpt>
      <trkpt lat="30.7526574097573757171630859375" lon="108.445146046578884124755859375">
        <ele>434.79998779296875</ele>
        <time>2026-03-12T10:50:57.000Z</time>
        <extensions>
          <ns3:TrackPointExtension>
            <ns3:hr>189</ns3:hr>
            <ns3:cad>92</ns3:cad>
          </ns3:TrackPointExtension>
        </extensions>
      </trkpt>
      <trkpt lat="30.752623043954372406005859375" lon="108.44514998607337474822998046875">
        <ele>434.79998779296875</ele>
        <time>2026-03-12T10:50:58.000Z</time>
        <extensions>
          <ns3:TrackPointExtension>
            <ns3:hr>188</ns3:hr>
            <ns3:cad>92</ns3:cad>
          </ns3:TrackPointExtension>
        </extensions>
      </trkpt>
      <trkpt lat="30.75258607976138591766357421875" lon="108.44514898024499416351318359375">
        <ele>434.79998779296875</ele>
        <time>2026-03-12T10:50:59.000Z</time>
        <extensions>
          <ns3:TrackPointExtension>
            <ns3:hr>188</ns3:hr>
            <ns3:cad>92</ns3:cad>
          </ns3:TrackPointExtension>
        </extensions>
      </trkpt>
      <trkpt lat="30.75255657546222209930419921875" lon="108.44514981843531131744384765625">
        <ele>434.79998779296875</ele>
        <time>2026-03-12T10:51:00.000Z</time>
        <extensions>
          <ns3:TrackPointExtension>
            <ns3:hr>188</ns3:hr>
            <ns3:cad>92</ns3:cad>
          </ns3:TrackPointExtension>
        </extensions>
      </trkpt>
      <trkpt lat="30.75251868925988674163818359375" lon="108.44514579512178897857666015625">
        <ele>434.79998779296875</ele>
        <time>2026-03-12T10:51:01.000Z</time>
        <extensions>
          <ns3:TrackPointExtension>
            <ns3:hr>188</ns3:hr>
            <ns3:cad>92</ns3:cad>
          </ns3:TrackPointExtension>
        </extensions>
      </trkpt>
      <trkpt lat="30.7524879276752471923828125" lon="108.44514830969274044036865234375">
        <ele>435</ele>
        <time>2026-03-12T10:51:02.000Z</time>
        <extensions>
          <ns3:TrackPointExtension>
            <ns3:hr>188</ns3:hr>
            <ns3:cad>92</ns3:cad>
          </ns3:TrackPointExtension>
        </extensions>
      </trkpt>
      <trkpt lat="30.75244828127324581146240234375" lon="108.44514043070375919342041015625">
        <ele>435</ele>
        <time>2026-03-12T10:51:03.000Z</time>
        <extensions>
          <ns3:TrackPointExtension>
            <ns3:hr>188</ns3:hr>
            <ns3:cad>94</ns3:cad>
          </ns3:TrackPointExtension>
        </extensions>
      </trkpt>
      <trkpt lat="30.75241458602249622344970703125" lon="108.44514143653213977813720703125">
        <ele>435</ele>
        <time>2026-03-12T10:51:04.000Z</time>
        <extensions>
          <ns3:TrackPointExtension>
            <ns3:hr>188</ns3:hr>
            <ns3:cad>94</ns3:cad>
          </ns3:TrackPointExtension>
        </extensions>
      </trkpt>
      <trkpt lat="30.75238265097141265869140625" lon="108.4451381675899028778076171875">
        <ele>435</ele>
        <time>2026-03-12T10:51:05.000Z</time>
        <extensions>
          <ns3:TrackPointExtension>
            <ns3:hr>189</ns3:hr>
            <ns3:cad>93</ns3:cad>
          </ns3:TrackPointExtension>
        </extensions>
      </trkpt>
      <trkpt lat="30.752346105873584747314453125" lon="108.44513992778956890106201171875">
        <ele>435</ele>
        <time>2026-03-12T10:51:06.000Z</time>
        <extensions>
          <ns3:TrackPointExtension>
            <ns3:hr>188</ns3:hr>
            <ns3:cad>93</ns3:cad>
          </ns3:TrackPointExtension>
        </extensions>
      </trkpt>
      <trkpt lat="30.752315260469913482666015625" lon="108.44514244236052036285400390625">
        <ele>435</ele>
        <time>2026-03-12T10:51:07.000Z</time>
        <extensions>
          <ns3:TrackPointExtension>
            <ns3:hr>188</ns3:hr>
            <ns3:cad>93</ns3:cad>
          </ns3:TrackPointExtension>
        </extensions>
      </trkpt>
      <trkpt lat="30.75227192603051662445068359375" lon="108.44513833522796630859375">
        <ele>435</ele>
        <time>2026-03-12T10:51:08.000Z</time>
        <extensions>
          <ns3:TrackPointExtension>
            <ns3:hr>189</ns3:hr>
            <ns3:cad>94</ns3:cad>
          </ns3:TrackPointExtension>
        </extensions>
      </trkpt>
      <trkpt lat="30.75223839841783046722412109375" lon="108.44514244236052036285400390625">
        <ele>435</ele>
        <time>2026-03-12T10:51:09.000Z</time>
        <extensions>
          <ns3:TrackPointExtension>
            <ns3:hr>188</ns3:hr>
            <ns3:cad>93</ns3:cad>
          </ns3:TrackPointExtension>
        </extensions>
      </trkpt>
      <trkpt lat="30.75220051221549510955810546875" lon="108.44513523392379283905029296875">
        <ele>435</ele>
        <time>2026-03-12T10:51:10.000Z</time>
        <extensions>
          <ns3:TrackPointExtension>
            <ns3:hr>188</ns3:hr>
            <ns3:cad>94</ns3:cad>
          </ns3:TrackPointExtension>
        </extensions>
      </trkpt>
      <trkpt lat="30.7521714270114898681640625" lon="108.445137329399585723876953125">
        <ele>435</ele>
        <time>2026-03-12T10:51:11.000Z</time>
        <extensions>
          <ns3:TrackPointExtension>
            <ns3:hr>189</ns3:hr>
            <ns3:cad>94</ns3:cad>
          </ns3:TrackPointExtension>
        </extensions>
      </trkpt>
      <trkpt lat="30.75213446281850337982177734375" lon="108.44513020478188991546630859375">
        <ele>435</ele>
        <time>2026-03-12T10:51:12.000Z</time>
        <extensions>
          <ns3:TrackPointExtension>
            <ns3:hr>189</ns3:hr>
            <ns3:cad>94</ns3:cad>
          </ns3:TrackPointExtension>
        </extensions>
      </trkpt>
      <trkpt lat="30.752103365957736968994140625" lon="108.4451311267912387847900390625">
        <ele>435</ele>
        <time>2026-03-12T10:51:13.000Z</time>
        <extensions>
          <ns3:TrackPointExtension>
            <ns3:hr>189</ns3:hr>
            <ns3:cad>94</ns3:cad>
          </ns3:TrackPointExtension>
        </extensions>
      </trkpt>
      <trkpt lat="30.7520683296024799346923828125" lon="108.445124924182891845703125">
        <ele>435</ele>
        <time>2026-03-12T10:51:14.000Z</time>
        <extensions>
          <ns3:TrackPointExtension>
            <ns3:hr>188</ns3:hr>
            <ns3:cad>93</ns3:cad>
          </ns3:TrackPointExtension>
        </extensions>
      </trkpt>
      <trkpt lat="30.75203119777143001556396484375" lon="108.44512425363063812255859375">
        <ele>435</ele>
        <time>2026-03-12T10:51:15.000Z</time>
        <extensions>
          <ns3:TrackPointExtension>
            <ns3:hr>189</ns3:hr>
            <ns3:cad>94</ns3:cad>
          </ns3:TrackPointExtension>
        </extensions>
      </trkpt>
      <trkpt lat="30.75199414975941181182861328125" lon="108.44512064941227436065673828125">
        <ele>435</ele>
        <time>2026-03-12T10:51:16.000Z</time>
        <extensions>
          <ns3:TrackPointExtension>
            <ns3:hr>189</ns3:hr>
            <ns3:cad>94</ns3:cad>
          </ns3:TrackPointExtension>
        </extensions>
      </trkpt>
      <trkpt lat="30.75195743702352046966552734375" lon="108.44512048177421092987060546875">
        <ele>435</ele>
        <time>2026-03-12T10:51:17.000Z</time>
        <extensions>
          <ns3:TrackPointExtension>
            <ns3:hr>188</ns3:hr>
            <ns3:cad>94</ns3:cad>
          </ns3:TrackPointExtension>
        </extensions>
      </trkpt>
      <trkpt lat="30.75192642398178577423095703125" lon="108.4451234154403209686279296875">
        <ele>435</ele>
        <time>2026-03-12T10:51:18.000Z</time>
        <extensions>
          <ns3:TrackPointExtension>
            <ns3:hr>189</ns3:hr>
            <ns3:cad>92</ns3:cad>
          </ns3:TrackPointExtension>
        </extensions>
      </trkpt>
      <trkpt lat="30.75188837014138698577880859375" lon="108.4451385028660297393798828125">
        <ele>435</ele>
        <time>2026-03-12T10:51:19.000Z</time>
        <extensions>
          <ns3:TrackPointExtension>
            <ns3:hr>189</ns3:hr>
            <ns3:cad>92</ns3:cad>
          </ns3:TrackPointExtension>
        </extensions>
      </trkpt>
      <trkpt lat="30.751861967146396636962890625" lon="108.4451572783291339874267578125">
        <ele>435</ele>
        <time>2026-03-12T10:51:20.000Z</time>
        <extensions>
          <ns3:TrackPointExtension>
            <ns3:hr>188</ns3:hr>
            <ns3:cad>91</ns3:cad>
          </ns3:TrackPointExtension>
        </extensions>
      </trkpt>
      <trkpt lat="30.75182885862886905670166015625" lon="108.4451810829341411590576171875">
        <ele>435</ele>
        <time>2026-03-12T10:51:21.000Z</time>
        <extensions>
          <ns3:TrackPointExtension>
            <ns3:hr>189</ns3:hr>
            <ns3:cad>92</ns3:cad>
          </ns3:TrackPointExtension>
        </extensions>
      </trkpt>
      <trkpt lat="30.75180388055741786956787109375" lon="108.4452045522630214691162109375">
        <ele>435.20001220703125</ele>
        <time>2026-03-12T10:51:22.000Z</time>
        <extensions>
          <ns3:TrackPointExtension>
            <ns3:hr>189</ns3:hr>
            <ns3:cad>92</ns3:cad>
          </ns3:TrackPointExtension>
        </extensions>
      </trkpt>
      <trkpt lat="30.75177890248596668243408203125" lon="108.44523020088672637939453125">
        <ele>435.20001220703125</ele>
        <time>2026-03-12T10:51:23.000Z</time>
        <extensions>
          <ns3:TrackPointExtension>
            <ns3:hr>188</ns3:hr>
            <ns3:cad>94</ns3:cad>
          </ns3:TrackPointExtension>
        </extensions>
      </trkpt>
      <trkpt lat="30.75175912119448184967041015625" lon="108.4452645666897296905517578125">
        <ele>435.20001220703125</ele>
        <time>2026-03-12T10:51:24.000Z</time>
        <extensions>
          <ns3:TrackPointExtension>
            <ns3:hr>188</ns3:hr>
            <ns3:cad>94</ns3:cad>
          </ns3:TrackPointExtension>
        </extensions>
      </trkpt>
      <trkpt lat="30.7517347298562526702880859375" lon="108.44529398716986179351806640625">
        <ele>435.20001220703125</ele>
        <time>2026-03-12T10:51:25.000Z</time>
        <extensions>
          <ns3:TrackPointExtension>
            <ns3:hr>188</ns3:hr>
            <ns3:cad>94</ns3:cad>
          </ns3:TrackPointExtension>
        </extensions>
      </trkpt>
      <trkpt lat="30.7517048902809619903564453125" lon="108.44533120281994342803955078125">
        <ele>435.20001220703125</ele>
        <time>2026-03-12T10:51:26.000Z</time>
        <extensions>
          <ns3:TrackPointExtension>
            <ns3:hr>188</ns3:hr>
            <ns3:cad>94</ns3:cad>
          </ns3:TrackPointExtension>
        </extensions>
      </trkpt>
      <trkpt lat="30.75168527662754058837890625" lon="108.44536439515650272369384765625">
        <ele>435.20001220703125</ele>
        <time>2026-03-12T10:51:27.000Z</time>
        <extensions>
          <ns3:TrackPointExtension>
            <ns3:hr>189</ns3:hr>
            <ns3:cad>94</ns3:cad>
          </ns3:TrackPointExtension>
        </extensions>
      </trkpt>
      <trkpt lat="30.7516572810709476470947265625" lon="108.4454052150249481201171875">
        <ele>435.20001220703125</ele>
        <time>2026-03-12T10:51:28.000Z</time>
        <extensions>
          <ns3:TrackPointExtension>
            <ns3:hr>189</ns3:hr>
            <ns3:cad>94</ns3:cad>
          </ns3:TrackPointExtension>
        </extensions>
      </trkpt>
      <trkpt lat="30.75164009816944599151611328125" lon="108.4454432688653469085693359375">
        <ele>435.20001220703125</ele>
        <time>2026-03-12T10:51:29.000Z</time>
        <extensions>
          <ns3:TrackPointExtension>
            <ns3:hr>189</ns3:hr>
            <ns3:cad>94</ns3:cad>
          </ns3:TrackPointExtension>
        </extensions>
      </trkpt>
      <trkpt lat="30.75162031687796115875244140625" lon="108.4454856812953948974609375">
        <ele>435.20001220703125</ele>
        <time>2026-03-12T10:51:30.000Z</time>
        <extensions>
          <ns3:TrackPointExtension>
            <ns3:hr>188</ns3:hr>
            <ns3:cad>94</ns3:cad>
          </ns3:TrackPointExtension>
        </extensions>
      </trkpt>
      <trkpt lat="30.7516090013086795806884765625" lon="108.445532955229282379150390625">
        <ele>435.20001220703125</ele>
        <time>2026-03-12T10:51:31.000Z</time>
        <extensions>
          <ns3:TrackPointExtension>
            <ns3:hr>189</ns3:hr>
            <ns3:cad>95</ns3:cad>
          </ns3:TrackPointExtension>
        </extensions>
      </trkpt>
      <trkpt lat="30.75159919448196887969970703125" lon="108.445572517812252044677734375">
        <ele>435.20001220703125</ele>
        <time>2026-03-12T10:51:32.000Z</time>
        <extensions>
          <ns3:TrackPointExtension>
            <ns3:hr>189</ns3:hr>
            <ns3:cad>95</ns3:cad>
          </ns3:TrackPointExtension>
        </extensions>
      </trkpt>
      <trkpt lat="30.75158846564590930938720703125" lon="108.44562121666967868804931640625">
        <ele>435.20001220703125</ele>
        <time>2026-03-12T10:51:33.000Z</time>
        <extensions>
          <ns3:TrackPointExtension>
            <ns3:hr>190</ns3:hr>
            <ns3:cad>94</ns3:cad>
          </ns3:TrackPointExtension>
        </extensions>
      </trkpt>
      <trkpt lat="30.75159265659749507904052734375" lon="108.4456622041761875152587890625">
        <ele>435.20001220703125</ele>
        <time>2026-03-12T10:51:34.000Z</time>
        <extensions>
          <ns3:TrackPointExtension>
            <ns3:hr>192</ns3:hr>
            <ns3:cad>94</ns3:cad>
          </ns3:TrackPointExtension>
        </extensions>
      </trkpt>
      <trkpt lat="30.7515947520732879638671875" lon="108.445711322128772735595703125">
        <ele>435.20001220703125</ele>
        <time>2026-03-12T10:51:35.000Z</time>
        <extensions>
          <ns3:TrackPointExtension>
            <ns3:hr>193</ns3:hr>
            <ns3:cad>95</ns3:cad>
          </ns3:TrackPointExtension>
        </extensions>
      </trkpt>
      <trkpt lat="30.751606486737728118896484375" lon="108.44575096853077411651611328125">
        <ele>435.20001220703125</ele>
        <time>2026-03-12T10:51:36.000Z</time>
        <extensions>
          <ns3:TrackPointExtension>
            <ns3:hr>194</ns3:hr>
            <ns3:cad>95</ns3:cad>
          </ns3:TrackPointExtension>
        </extensions>
      </trkpt>
      <trkpt lat="30.75160925276577472686767578125" lon="108.4457922913134098052978515625">
        <ele>435.20001220703125</ele>
        <time>2026-03-12T10:51:37.000Z</time>
        <extensions>
          <ns3:TrackPointExtension>
            <ns3:hr>194</ns3:hr>
            <ns3:cad>95</ns3:cad>
          </ns3:TrackPointExtension>
        </extensions>
      </trkpt>
      <trkpt lat="30.75161796994507312774658203125" lon="108.445836044847965240478515625">
        <ele>435.20001220703125</ele>
        <time>2026-03-12T10:51:38.000Z</time>
        <extensions>
          <ns3:TrackPointExtension>
            <ns3:hr>194</ns3:hr>
            <ns3:cad>95</ns3:cad>
          </ns3:TrackPointExtension>
        </extensions>
      </trkpt>
      <trkpt lat="30.7516323029994964599609375" lon="108.445878289639949798583984375">
        <ele>435.20001220703125</ele>
        <time>2026-03-12T10:51:39.000Z</time>
        <extensions>
          <ns3:TrackPointExtension>
            <ns3:hr>194</ns3:hr>
            <ns3:cad>95</ns3:cad>
          </ns3:TrackPointExtension>
        </extensions>
      </trkpt>
      <trkpt lat="30.7516532577574253082275390625" lon="108.4459317661821842193603515625">
        <ele>435.20001220703125</ele>
        <time>2026-03-12T10:51:40.000Z</time>
        <extensions>
          <ns3:TrackPointExtension>
            <ns3:hr>195</ns3:hr>
            <ns3:cad>95</ns3:cad>
          </ns3:TrackPointExtension>
        </extensions>
      </trkpt>
      <trkpt lat="30.7516698539257049560546875" lon="108.44597107730805873870849609375">
        <ele>435.20001220703125</ele>
        <time>2026-03-12T10:51:41.000Z</time>
        <extensions>
          <ns3:TrackPointExtension>
            <ns3:hr>195</ns3:hr>
            <ns3:cad>95</ns3:cad>
          </ns3:TrackPointExtension>
        </extensions>
      </trkpt>
      <trkpt lat="30.75169223360717296600341796875" lon="108.44600695185363292694091796875">
        <ele>435.20001220703125</ele>
        <time>2026-03-12T10:51:42.000Z</time>
        <extensions>
          <ns3:TrackPointExtension>
            <ns3:hr>195</ns3:hr>
            <ns3:cad>95</ns3:cad>
          </ns3:TrackPointExtension>
        </extensions>
      </trkpt>
      <trkpt lat="30.7517390884459018707275390625" lon="108.446050621569156646728515625">
        <ele>435.20001220703125</ele>
        <time>2026-03-12T10:51:43.000Z</time>
        <extensions>
          <ns3:TrackPointExtension>
            <ns3:hr>195</ns3:hr>
            <ns3:cad>95</ns3:cad>
          </ns3:TrackPointExtension>
        </extensions>
      </trkpt>
      <trkpt lat="30.7517786510288715362548828125" lon="108.4460732527077198028564453125">
        <ele>435.20001220703125</ele>
        <time>2026-03-12T10:51:44.000Z</time>
        <extensions>
          <ns3:TrackPointExtension>
            <ns3:hr>194</ns3:hr>
            <ns3:cad>95</ns3:cad>
          </ns3:TrackPointExtension>
        </extensions>
      </trkpt>
      <trkpt lat="30.75181527994573116302490234375" lon="108.44610451720654964447021484375">
        <ele>435.20001220703125</ele>
        <time>2026-03-12T10:51:45.000Z</time>
        <extensions>
          <ns3:TrackPointExtension>
            <ns3:hr>195</ns3:hr>
            <ns3:cad>97</ns3:cad>
          </ns3:TrackPointExtension>
        </extensions>
      </trkpt>
      <trkpt lat="30.751850567758083343505859375" lon="108.446125052869319915771484375">
        <ele>435.20001220703125</ele>
        <time>2026-03-12T10:51:46.000Z</time>
        <extensions>
          <ns3:TrackPointExtension>
            <ns3:hr>195</ns3:hr>
            <ns3:cad>98</ns3:cad>
          </ns3:TrackPointExtension>
        </extensions>
      </trkpt>
    </trkseg>
  </trk>
</gpx>
