<gpx xmlns:ns3="http://www.garmin.com/xmlschemas/TrackPointExtension/v1" xmlns="http://www.topografix.com/GPX/1/1" xmlns:xsi="http://www.w3.org/2001/XMLSchema-instance" xmlns:ns2="http://www.garmin.com/xmlschemas/GpxExtensions/v3" creator="Garmin Connect" version="1.1" xsi:schemaLocation="http://www.topografix.com/GPX/1/1 http://www.topografix.com/GPX/11.xsd">
  <extensions>
<distance>1002.81</distance>
<average_hr>135.0</average_hr>
<average_speed>2.509999990463257</average_speed>
<start_time>2026-03-23T09:34:13+00:00</start_time>
<end_time>2026-03-23T09:40:52.474000+00:00</end_time>
<moving_time>399.38</moving_time>
<elapsed_time>549.834</elapsed_time>
</extensions>
<metadata>
    <link href="connect.garmin.com">
      <text>Garmin Connect</text>
    </link>
    <time>2026-03-23T09:34:13.000Z</time>
  </metadata>
  <trk>
    <name>Wanzhou Running</name>
    <type>running</type>
    <trkseg>
      <trkpt lat="30.7520706765353679656982421875" lon="108.44506063498556613922119140625">
        <ele>416.600006103515625</ele>
        <time>2026-03-23T09:34:13.000Z</time>
        <extensions>
          <ns3:TrackPointExtension>
            <ns3:hr>113</ns3:hr>
            <ns3:cad>0</ns3:cad>
          </ns3:TrackPointExtension>
        </extensions>
      </trkpt>
      <trkpt lat="30.7520103268325328826904296875" lon="108.4450828470289707183837890625">
        <ele>416.600006103515625</ele>
        <time>2026-03-23T09:34:14.000Z</time>
        <extensions>
          <ns3:TrackPointExtension>
            <ns3:hr>113</ns3:hr>
            <ns3:cad>0</ns3:cad>
          </ns3:TrackPointExtension>
        </extensions>
      </trkpt>
      <trkpt lat="30.7519885338842868804931640625" lon="108.4451026283204555511474609375">
        <ele>416.399993896484375</ele>
        <time>2026-03-23T09:34:15.000Z</time>
        <extensions>
          <ns3:TrackPointExtension>
            <ns3:hr>112</ns3:hr>
            <ns3:cad>0</ns3:cad>
          </ns3:TrackPointExtension>
        </extensions>
      </trkpt>
      <trkpt lat="30.7519657351076602935791015625" lon="108.44511218369007110595703125">
        <ele>416.20001220703125</ele>
        <time>2026-03-23T09:34:16.000Z</time>
        <extensions>
          <ns3:TrackPointExtension>
            <ns3:hr>112</ns3:hr>
            <ns3:cad>0</ns3:cad>
          </ns3:TrackPointExtension>
        </extensions>
      </trkpt>
      <trkpt lat="30.751940421760082244873046875" lon="108.44512031413614749908447265625">
        <ele>416.20001220703125</ele>
        <time>2026-03-23T09:34:17.000Z</time>
        <extensions>
          <ns3:TrackPointExtension>
            <ns3:hr>112</ns3:hr>
            <ns3:cad>0</ns3:cad>
          </ns3:TrackPointExtension>
        </extensions>
      </trkpt>
      <trkpt lat="30.75190815143287181854248046875" lon="108.4451343119144439697265625">
        <ele>416.20001220703125</ele>
        <time>2026-03-23T09:34:18.000Z</time>
        <extensions>
          <ns3:TrackPointExtension>
            <ns3:hr>112</ns3:hr>
            <ns3:cad>0</ns3:cad>
          </ns3:TrackPointExtension>
        </extensions>
      </trkpt>
      <trkpt lat="30.751884095370769500732421875" lon="108.44515417702496051788330078125">
        <ele>416.20001220703125</ele>
        <time>2026-03-23T09:34:19.000Z</time>
        <extensions>
          <ns3:TrackPointExtension>
            <ns3:hr>112</ns3:hr>
            <ns3:cad>0</ns3:cad>
          </ns3:TrackPointExtension>
        </extensions>
      </trkpt>
      <trkpt lat="30.75186221860349178314208984375" lon="108.445165492594242095947265625">
        <ele>416.20001220703125</ele>
        <time>2026-03-23T09:34:20.000Z</time>
        <extensions>
          <ns3:TrackPointExtension>
            <ns3:hr>112</ns3:hr>
            <ns3:cad>62</ns3:cad>
          </ns3:TrackPointExtension>
        </extensions>
      </trkpt>
      <trkpt lat="30.75183958746492862701416015625" lon="108.4451864473521709442138671875">
        <ele>416.20001220703125</ele>
        <time>2026-03-23T09:34:21.000Z</time>
        <extensions>
          <ns3:TrackPointExtension>
            <ns3:hr>112</ns3:hr>
            <ns3:cad>92</ns3:cad>
          </ns3:TrackPointExtension>
        </extensions>
      </trkpt>
      <trkpt lat="30.75181812979280948638916015625" lon="108.44519675709307193756103515625">
        <ele>416.20001220703125</ele>
        <time>2026-03-23T09:34:22.000Z</time>
        <extensions>
          <ns3:TrackPointExtension>
            <ns3:hr>111</ns3:hr>
            <ns3:cad>92</ns3:cad>
          </ns3:TrackPointExtension>
        </extensions>
      </trkpt>
      <trkpt lat="30.75179801322519779205322265625" lon="108.44522173516452312469482421875">
        <ele>416.20001220703125</ele>
        <time>2026-03-23T09:34:23.000Z</time>
        <extensions>
          <ns3:TrackPointExtension>
            <ns3:hr>111</ns3:hr>
            <ns3:cad>91</ns3:cad>
          </ns3:TrackPointExtension>
        </extensions>
      </trkpt>
      <trkpt lat="30.751780830323696136474609375" lon="108.445237576961517333984375">
        <ele>416.399993896484375</ele>
        <time>2026-03-23T09:34:24.000Z</time>
        <extensions>
          <ns3:TrackPointExtension>
            <ns3:hr>111</ns3:hr>
            <ns3:cad>91</ns3:cad>
          </ns3:TrackPointExtension>
        </extensions>
      </trkpt>
      <trkpt lat="30.7517625577747821807861328125" lon="108.4452645666897296905517578125">
        <ele>416.399993896484375</ele>
        <time>2026-03-23T09:34:25.000Z</time>
        <extensions>
          <ns3:TrackPointExtension>
            <ns3:hr>110</ns3:hr>
            <ns3:cad>91</ns3:cad>
          </ns3:TrackPointExtension>
        </extensions>
      </trkpt>
      <trkpt lat="30.75174923054873943328857421875" lon="108.4452833421528339385986328125">
        <ele>416.399993896484375</ele>
        <time>2026-03-23T09:34:26.000Z</time>
        <extensions>
          <ns3:TrackPointExtension>
            <ns3:hr>111</ns3:hr>
            <ns3:cad>91</ns3:cad>
          </ns3:TrackPointExtension>
        </extensions>
      </trkpt>
      <trkpt lat="30.7517354004085063934326171875" lon="108.44531527720391750335693359375">
        <ele>416.399993896484375</ele>
        <time>2026-03-23T09:34:27.000Z</time>
        <extensions>
          <ns3:TrackPointExtension>
            <ns3:hr>111</ns3:hr>
            <ns3:cad>91</ns3:cad>
          </ns3:TrackPointExtension>
        </extensions>
      </trkpt>
      <trkpt lat="30.75172894634306430816650390625" lon="108.44533321447670459747314453125">
        <ele>416.399993896484375</ele>
        <time>2026-03-23T09:34:28.000Z</time>
        <extensions>
          <ns3:TrackPointExtension>
            <ns3:hr>111</ns3:hr>
            <ns3:cad>91</ns3:cad>
          </ns3:TrackPointExtension>
        </extensions>
      </trkpt>
      <trkpt lat="30.75171402655541896820068359375" lon="108.44536389224231243133544921875">
        <ele>416.399993896484375</ele>
        <time>2026-03-23T09:34:29.000Z</time>
        <extensions>
          <ns3:TrackPointExtension>
            <ns3:hr>111</ns3:hr>
            <ns3:cad>92</ns3:cad>
          </ns3:TrackPointExtension>
        </extensions>
      </trkpt>
      <trkpt lat="30.75170966796576976776123046875" lon="108.4453805722296237945556640625">
        <ele>416.399993896484375</ele>
        <time>2026-03-23T09:34:30.000Z</time>
        <extensions>
          <ns3:TrackPointExtension>
            <ns3:hr>112</ns3:hr>
            <ns3:cad>92</ns3:cad>
          </ns3:TrackPointExtension>
        </extensions>
      </trkpt>
      <trkpt lat="30.751697011291980743408203125" lon="108.44541267491877079010009765625">
        <ele>416.399993896484375</ele>
        <time>2026-03-23T09:34:31.000Z</time>
        <extensions>
          <ns3:TrackPointExtension>
            <ns3:hr>113</ns3:hr>
            <ns3:cad>92</ns3:cad>
          </ns3:TrackPointExtension>
        </extensions>
      </trkpt>
      <trkpt lat="30.75168929994106292724609375" lon="108.4454352222383022308349609375">
        <ele>416.399993896484375</ele>
        <time>2026-03-23T09:34:32.000Z</time>
        <extensions>
          <ns3:TrackPointExtension>
            <ns3:hr>116</ns3:hr>
            <ns3:cad>92</ns3:cad>
          </ns3:TrackPointExtension>
        </extensions>
      </trkpt>
      <trkpt lat="30.751675553619861602783203125" lon="108.4454650618135929107666015625">
        <ele>416.399993896484375</ele>
        <time>2026-03-23T09:34:33.000Z</time>
        <extensions>
          <ns3:TrackPointExtension>
            <ns3:hr>117</ns3:hr>
            <ns3:cad>92</ns3:cad>
          </ns3:TrackPointExtension>
        </extensions>
      </trkpt>
      <trkpt lat="30.75166742317378520965576171875" lon="108.44548811204731464385986328125">
        <ele>416.399993896484375</ele>
        <time>2026-03-23T09:34:34.000Z</time>
        <extensions>
          <ns3:TrackPointExtension>
            <ns3:hr>119</ns3:hr>
            <ns3:cad>92</ns3:cad>
          </ns3:TrackPointExtension>
        </extensions>
      </trkpt>
      <trkpt lat="30.751652754843235015869140625" lon="108.44551325775682926177978515625">
        <ele>416.399993896484375</ele>
        <time>2026-03-23T09:34:35.000Z</time>
        <extensions>
          <ns3:TrackPointExtension>
            <ns3:hr>120</ns3:hr>
            <ns3:cad>93</ns3:cad>
          </ns3:TrackPointExtension>
        </extensions>
      </trkpt>
      <trkpt lat="30.751649402081966400146484375" lon="108.4455344639718532562255859375">
        <ele>416.399993896484375</ele>
        <time>2026-03-23T09:34:36.000Z</time>
        <extensions>
          <ns3:TrackPointExtension>
            <ns3:hr>121</ns3:hr>
            <ns3:cad>93</ns3:cad>
          </ns3:TrackPointExtension>
        </extensions>
      </trkpt>
      <trkpt lat="30.75164093635976314544677734375" lon="108.445566482841968536376953125">
        <ele>416.399993896484375</ele>
        <time>2026-03-23T09:34:37.000Z</time>
        <extensions>
          <ns3:TrackPointExtension>
            <ns3:hr>121</ns3:hr>
            <ns3:cad>93</ns3:cad>
          </ns3:TrackPointExtension>
        </extensions>
      </trkpt>
      <trkpt lat="30.75163724832236766815185546875" lon="108.44559774734079837799072265625">
        <ele>416.399993896484375</ele>
        <time>2026-03-23T09:34:38.000Z</time>
        <extensions>
          <ns3:TrackPointExtension>
            <ns3:hr>122</ns3:hr>
            <ns3:cad>93</ns3:cad>
          </ns3:TrackPointExtension>
        </extensions>
      </trkpt>
      <trkpt lat="30.7516297884285449981689453125" lon="108.4456253238022327423095703125">
        <ele>416.399993896484375</ele>
        <time>2026-03-23T09:34:39.000Z</time>
        <extensions>
          <ns3:TrackPointExtension>
            <ns3:hr>122</ns3:hr>
            <ns3:cad>92</ns3:cad>
          </ns3:TrackPointExtension>
        </extensions>
      </trkpt>
      <trkpt lat="30.75163255445659160614013671875" lon="108.44565608538687229156494140625">
        <ele>416.399993896484375</ele>
        <time>2026-03-23T09:34:40.000Z</time>
        <extensions>
          <ns3:TrackPointExtension>
            <ns3:hr>123</ns3:hr>
            <ns3:cad>93</ns3:cad>
          </ns3:TrackPointExtension>
        </extensions>
      </trkpt>
      <trkpt lat="30.751630626618862152099609375" lon="108.44568391330540180206298828125">
        <ele>416.399993896484375</ele>
        <time>2026-03-23T09:34:41.000Z</time>
        <extensions>
          <ns3:TrackPointExtension>
            <ns3:hr>124</ns3:hr>
            <ns3:cad>93</ns3:cad>
          </ns3:TrackPointExtension>
        </extensions>
      </trkpt>
      <trkpt lat="30.75163724832236766815185546875" lon="108.44571559689939022064208984375">
        <ele>416.399993896484375</ele>
        <time>2026-03-23T09:34:42.000Z</time>
        <extensions>
          <ns3:TrackPointExtension>
            <ns3:hr>124</ns3:hr>
            <ns3:cad>93</ns3:cad>
          </ns3:TrackPointExtension>
        </extensions>
      </trkpt>
      <trkpt lat="30.7516401819884777069091796875" lon="108.445735462009906768798828125">
        <ele>416.399993896484375</ele>
        <time>2026-03-23T09:34:43.000Z</time>
        <extensions>
          <ns3:TrackPointExtension>
            <ns3:hr>124</ns3:hr>
            <ns3:cad>93</ns3:cad>
          </ns3:TrackPointExtension>
        </extensions>
      </trkpt>
      <trkpt lat="30.75164630077779293060302734375" lon="108.44575515948235988616943359375">
        <ele>416.399993896484375</ele>
        <time>2026-03-23T09:34:44.000Z</time>
        <extensions>
          <ns3:TrackPointExtension>
            <ns3:hr>125</ns3:hr>
            <ns3:cad>93</ns3:cad>
          </ns3:TrackPointExtension>
        </extensions>
      </trkpt>
      <trkpt lat="30.75165367685258388519287109375" lon="108.44577309675514698028564453125">
        <ele>416.399993896484375</ele>
        <time>2026-03-23T09:34:45.000Z</time>
        <extensions>
          <ns3:TrackPointExtension>
            <ns3:hr>125</ns3:hr>
            <ns3:cad>93</ns3:cad>
          </ns3:TrackPointExtension>
        </extensions>
      </trkpt>
      <trkpt lat="30.751660130918025970458984375" lon="108.445798493921756744384765625">
        <ele>416.399993896484375</ele>
        <time>2026-03-23T09:34:46.000Z</time>
        <extensions>
          <ns3:TrackPointExtension>
            <ns3:hr>125</ns3:hr>
            <ns3:cad>93</ns3:cad>
          </ns3:TrackPointExtension>
        </extensions>
      </trkpt>
      <trkpt lat="30.7516670040786266326904296875" lon="108.44581819139420986175537109375">
        <ele>416.399993896484375</ele>
        <time>2026-03-23T09:34:47.000Z</time>
        <extensions>
          <ns3:TrackPointExtension>
            <ns3:hr>125</ns3:hr>
            <ns3:cad>93</ns3:cad>
          </ns3:TrackPointExtension>
        </extensions>
      </trkpt>
      <trkpt lat="30.75166876427829265594482421875" lon="108.44584300182759761810302734375">
        <ele>416.399993896484375</ele>
        <time>2026-03-23T09:34:48.000Z</time>
        <extensions>
          <ns3:TrackPointExtension>
            <ns3:hr>126</ns3:hr>
            <ns3:cad>93</ns3:cad>
          </ns3:TrackPointExtension>
        </extensions>
      </trkpt>
      <trkpt lat="30.751676894724369049072265625" lon="108.44586177729070186614990234375">
        <ele>416.399993896484375</ele>
        <time>2026-03-23T09:34:49.000Z</time>
        <extensions>
          <ns3:TrackPointExtension>
            <ns3:hr>126</ns3:hr>
            <ns3:cad>93</ns3:cad>
          </ns3:TrackPointExtension>
        </extensions>
      </trkpt>
      <trkpt lat="30.75167530216276645660400390625" lon="108.44589111395180225372314453125">
        <ele>416.399993896484375</ele>
        <time>2026-03-23T09:34:50.000Z</time>
        <extensions>
          <ns3:TrackPointExtension>
            <ns3:hr>127</ns3:hr>
            <ns3:cad>93</ns3:cad>
          </ns3:TrackPointExtension>
        </extensions>
      </trkpt>
      <trkpt lat="30.75168284587562084197998046875" lon="108.44590955413877964019775390625">
        <ele>416.399993896484375</ele>
        <time>2026-03-23T09:34:51.000Z</time>
        <extensions>
          <ns3:TrackPointExtension>
            <ns3:hr>127</ns3:hr>
            <ns3:cad>93</ns3:cad>
          </ns3:TrackPointExtension>
        </extensions>
      </trkpt>
      <trkpt lat="30.7516841031610965728759765625" lon="108.4459324367344379425048828125">
        <ele>416.399993896484375</ele>
        <time>2026-03-23T09:34:52.000Z</time>
        <extensions>
          <ns3:TrackPointExtension>
            <ns3:hr>127</ns3:hr>
            <ns3:cad>93</ns3:cad>
          </ns3:TrackPointExtension>
        </extensions>
      </trkpt>
      <trkpt lat="30.75169206596910953521728515625" lon="108.445953391492366790771484375">
        <ele>416.399993896484375</ele>
        <time>2026-03-23T09:34:53.000Z</time>
        <extensions>
          <ns3:TrackPointExtension>
            <ns3:hr>127</ns3:hr>
            <ns3:cad>91</ns3:cad>
          </ns3:TrackPointExtension>
        </extensions>
      </trkpt>
      <trkpt lat="30.75170162133872509002685546875" lon="108.44597191549837589263916015625">
        <ele>416.600006103515625</ele>
        <time>2026-03-23T09:34:54.000Z</time>
        <extensions>
          <ns3:TrackPointExtension>
            <ns3:hr>127</ns3:hr>
            <ns3:cad>91</ns3:cad>
          </ns3:TrackPointExtension>
        </extensions>
      </trkpt>
      <trkpt lat="30.75171939097344875335693359375" lon="108.445990942418575286865234375">
        <ele>416.600006103515625</ele>
        <time>2026-03-23T09:34:55.000Z</time>
        <extensions>
          <ns3:TrackPointExtension>
            <ns3:hr>128</ns3:hr>
            <ns3:cad>92</ns3:cad>
          </ns3:TrackPointExtension>
        </extensions>
      </trkpt>
      <trkpt lat="30.75173380784690380096435546875" lon="108.4460060298442840576171875">
        <ele>416.600006103515625</ele>
        <time>2026-03-23T09:34:56.000Z</time>
        <extensions>
          <ns3:TrackPointExtension>
            <ns3:hr>128</ns3:hr>
            <ns3:cad>93</ns3:cad>
          </ns3:TrackPointExtension>
        </extensions>
      </trkpt>
      <trkpt lat="30.7517538405954837799072265625" lon="108.446021117269992828369140625">
        <ele>416.600006103515625</ele>
        <time>2026-03-23T09:34:57.000Z</time>
        <extensions>
          <ns3:TrackPointExtension>
            <ns3:hr>129</ns3:hr>
            <ns3:cad>94</ns3:cad>
          </ns3:TrackPointExtension>
        </extensions>
      </trkpt>
      <trkpt lat="30.75177186168730258941650390625" lon="108.44602891243994235992431640625">
        <ele>416.600006103515625</ele>
        <time>2026-03-23T09:34:58.000Z</time>
        <extensions>
          <ns3:TrackPointExtension>
            <ns3:hr>130</ns3:hr>
            <ns3:cad>94</ns3:cad>
          </ns3:TrackPointExtension>
        </extensions>
      </trkpt>
      <trkpt lat="30.75179466046392917633056640625" lon="108.44604768790304660797119140625">
        <ele>416.600006103515625</ele>
        <time>2026-03-23T09:34:59.000Z</time>
        <extensions>
          <ns3:TrackPointExtension>
            <ns3:hr>130</ns3:hr>
            <ns3:cad>94</ns3:cad>
          </ns3:TrackPointExtension>
        </extensions>
      </trkpt>
      <trkpt lat="30.751811675727367401123046875" lon="108.44605875201523303985595703125">
        <ele>416.600006103515625</ele>
        <time>2026-03-23T09:35:00.000Z</time>
        <extensions>
          <ns3:TrackPointExtension>
            <ns3:hr>131</ns3:hr>
            <ns3:cad>93</ns3:cad>
          </ns3:TrackPointExtension>
        </extensions>
      </trkpt>
      <trkpt lat="30.7518339715898036956787109375" lon="108.44608020968735218048095703125">
        <ele>416.600006103515625</ele>
        <time>2026-03-23T09:35:01.000Z</time>
        <extensions>
          <ns3:TrackPointExtension>
            <ns3:hr>131</ns3:hr>
            <ns3:cad>93</ns3:cad>
          </ns3:TrackPointExtension>
        </extensions>
      </trkpt>
      <trkpt lat="30.75185291469097137451171875" lon="108.4460873343050479888916015625">
        <ele>416.600006103515625</ele>
        <time>2026-03-23T09:35:02.000Z</time>
        <extensions>
          <ns3:TrackPointExtension>
            <ns3:hr>131</ns3:hr>
            <ns3:cad>92</ns3:cad>
          </ns3:TrackPointExtension>
        </extensions>
      </trkpt>
      <trkpt lat="30.75187504291534423828125" lon="108.44610418193042278289794921875">
        <ele>416.600006103515625</ele>
        <time>2026-03-23T09:35:03.000Z</time>
        <extensions>
          <ns3:TrackPointExtension>
            <ns3:hr>131</ns3:hr>
            <ns3:cad>92</ns3:cad>
          </ns3:TrackPointExtension>
        </extensions>
      </trkpt>
      <trkpt lat="30.75189222581684589385986328125" lon="108.44611071981489658355712890625">
        <ele>416.399993896484375</ele>
        <time>2026-03-23T09:35:04.000Z</time>
        <extensions>
          <ns3:TrackPointExtension>
            <ns3:hr>131</ns3:hr>
            <ns3:cad>92</ns3:cad>
          </ns3:TrackPointExtension>
        </extensions>
      </trkpt>
      <trkpt lat="30.75191100127995014190673828125" lon="108.44612765125930309295654296875">
        <ele>416.399993896484375</ele>
        <time>2026-03-23T09:35:05.000Z</time>
        <extensions>
          <ns3:TrackPointExtension>
            <ns3:hr>131</ns3:hr>
            <ns3:cad>92</ns3:cad>
          </ns3:TrackPointExtension>
        </extensions>
      </trkpt>
      <trkpt lat="30.75193279422819614410400390625" lon="108.4461332671344280242919921875">
        <ele>416.600006103515625</ele>
        <time>2026-03-23T09:35:06.000Z</time>
        <extensions>
          <ns3:TrackPointExtension>
            <ns3:hr>131</ns3:hr>
            <ns3:cad>91</ns3:cad>
          </ns3:TrackPointExtension>
        </extensions>
      </trkpt>
      <trkpt lat="30.751955173909664154052734375" lon="108.4461436606943607330322265625">
        <ele>416.399993896484375</ele>
        <time>2026-03-23T09:35:07.000Z</time>
        <extensions>
          <ns3:TrackPointExtension>
            <ns3:hr>132</ns3:hr>
            <ns3:cad>91</ns3:cad>
          </ns3:TrackPointExtension>
        </extensions>
      </trkpt>
      <trkpt lat="30.751979649066925048828125" lon="108.44614927656948566436767578125">
        <ele>416.399993896484375</ele>
        <time>2026-03-23T09:35:08.000Z</time>
        <extensions>
          <ns3:TrackPointExtension>
            <ns3:hr>132</ns3:hr>
            <ns3:cad>92</ns3:cad>
          </ns3:TrackPointExtension>
        </extensions>
      </trkpt>
      <trkpt lat="30.7519999332726001739501953125" lon="108.44615413807332515716552734375">
        <ele>416.399993896484375</ele>
        <time>2026-03-23T09:35:09.000Z</time>
        <extensions>
          <ns3:TrackPointExtension>
            <ns3:hr>132</ns3:hr>
            <ns3:cad>92</ns3:cad>
          </ns3:TrackPointExtension>
        </extensions>
      </trkpt>
      <trkpt lat="30.75202717445790767669677734375" lon="108.44615296460688114166259765625">
        <ele>416.399993896484375</ele>
        <time>2026-03-23T09:35:10.000Z</time>
        <extensions>
          <ns3:TrackPointExtension>
            <ns3:hr>132</ns3:hr>
            <ns3:cad>93</ns3:cad>
          </ns3:TrackPointExtension>
        </extensions>
      </trkpt>
      <trkpt lat="30.7520482130348682403564453125" lon="108.44615229405462741851806640625">
        <ele>416.399993896484375</ele>
        <time>2026-03-23T09:35:11.000Z</time>
        <extensions>
          <ns3:TrackPointExtension>
            <ns3:hr>132</ns3:hr>
            <ns3:cad>93</ns3:cad>
          </ns3:TrackPointExtension>
        </extensions>
      </trkpt>
      <trkpt lat="30.75208165682852268218994140625" lon="108.44614676199853420257568359375">
        <ele>416.399993896484375</ele>
        <time>2026-03-23T09:35:12.000Z</time>
        <extensions>
          <ns3:TrackPointExtension>
            <ns3:hr>133</ns3:hr>
            <ns3:cad>93</ns3:cad>
          </ns3:TrackPointExtension>
        </extensions>
      </trkpt>
      <trkpt lat="30.7521001808345317840576171875" lon="108.4461389668285846710205078125">
        <ele>416.399993896484375</ele>
        <time>2026-03-23T09:35:13.000Z</time>
        <extensions>
          <ns3:TrackPointExtension>
            <ns3:hr>133</ns3:hr>
            <ns3:cad>93</ns3:cad>
          </ns3:TrackPointExtension>
        </extensions>
      </trkpt>
      <trkpt lat="30.75212708674371242523193359375" lon="108.44613921828567981719970703125">
        <ele>416.399993896484375</ele>
        <time>2026-03-23T09:35:14.000Z</time>
        <extensions>
          <ns3:TrackPointExtension>
            <ns3:hr>133</ns3:hr>
            <ns3:cad>93</ns3:cad>
          </ns3:TrackPointExtension>
        </extensions>
      </trkpt>
      <trkpt lat="30.75214686803519725799560546875" lon="108.44613687135279178619384765625">
        <ele>416.399993896484375</ele>
        <time>2026-03-23T09:35:15.000Z</time>
        <extensions>
          <ns3:TrackPointExtension>
            <ns3:hr>134</ns3:hr>
            <ns3:cad>93</ns3:cad>
          </ns3:TrackPointExtension>
        </extensions>
      </trkpt>
      <trkpt lat="30.752173103392124176025390625" lon="108.446142487227916717529296875">
        <ele>416.399993896484375</ele>
        <time>2026-03-23T09:35:16.000Z</time>
        <extensions>
          <ns3:TrackPointExtension>
            <ns3:hr>134</ns3:hr>
            <ns3:cad>92</ns3:cad>
          </ns3:TrackPointExtension>
        </extensions>
      </trkpt>
      <trkpt lat="30.7521947287023067474365234375" lon="108.446141816675662994384765625">
        <ele>416.399993896484375</ele>
        <time>2026-03-23T09:35:17.000Z</time>
        <extensions>
          <ns3:TrackPointExtension>
            <ns3:hr>133</ns3:hr>
            <ns3:cad>91</ns3:cad>
          </ns3:TrackPointExtension>
        </extensions>
      </trkpt>
      <trkpt lat="30.75221677310764789581298828125" lon="108.4461433254182338714599609375">
        <ele>416.399993896484375</ele>
        <time>2026-03-23T09:35:18.000Z</time>
        <extensions>
          <ns3:TrackPointExtension>
            <ns3:hr>133</ns3:hr>
            <ns3:cad>91</ns3:cad>
          </ns3:TrackPointExtension>
        </extensions>
      </trkpt>
      <trkpt lat="30.75224275700747966766357421875" lon="108.44613955356180667877197265625">
        <ele>416.399993896484375</ele>
        <time>2026-03-23T09:35:19.000Z</time>
        <extensions>
          <ns3:TrackPointExtension>
            <ns3:hr>133</ns3:hr>
            <ns3:cad>93</ns3:cad>
          </ns3:TrackPointExtension>
        </extensions>
      </trkpt>
      <trkpt lat="30.752261616289615631103515625" lon="108.44614307396113872528076171875">
        <ele>416.399993896484375</ele>
        <time>2026-03-23T09:35:20.000Z</time>
        <extensions>
          <ns3:TrackPointExtension>
            <ns3:hr>133</ns3:hr>
            <ns3:cad>93</ns3:cad>
          </ns3:TrackPointExtension>
        </extensions>
      </trkpt>
      <trkpt lat="30.7522865943610668182373046875" lon="108.446140475571155548095703125">
        <ele>416.399993896484375</ele>
        <time>2026-03-23T09:35:21.000Z</time>
        <extensions>
          <ns3:TrackPointExtension>
            <ns3:hr>134</ns3:hr>
            <ns3:cad>94</ns3:cad>
          </ns3:TrackPointExtension>
        </extensions>
      </trkpt>
      <trkpt lat="30.75230478309094905853271484375" lon="108.44614106230437755584716796875">
        <ele>416.399993896484375</ele>
        <time>2026-03-23T09:35:22.000Z</time>
        <extensions>
          <ns3:TrackPointExtension>
            <ns3:hr>134</ns3:hr>
            <ns3:cad>94</ns3:cad>
          </ns3:TrackPointExtension>
        </extensions>
      </trkpt>
      <trkpt lat="30.7523318566381931304931640625" lon="108.44613385386765003204345703125">
        <ele>416.399993896484375</ele>
        <time>2026-03-23T09:35:23.000Z</time>
        <extensions>
          <ns3:TrackPointExtension>
            <ns3:hr>134</ns3:hr>
            <ns3:cad>94</ns3:cad>
          </ns3:TrackPointExtension>
        </extensions>
      </trkpt>
      <trkpt lat="30.75234535150229930877685546875" lon="108.4461309202015399932861328125">
        <ele>416.600006103515625</ele>
        <time>2026-03-23T09:35:24.000Z</time>
        <extensions>
          <ns3:TrackPointExtension>
            <ns3:hr>135</ns3:hr>
            <ns3:cad>93</ns3:cad>
          </ns3:TrackPointExtension>
        </extensions>
      </trkpt>
      <trkpt lat="30.7523724250495433807373046875" lon="108.446129746735095977783203125">
        <ele>416.600006103515625</ele>
        <time>2026-03-23T09:35:25.000Z</time>
        <extensions>
          <ns3:TrackPointExtension>
            <ns3:hr>135</ns3:hr>
            <ns3:cad>92</ns3:cad>
          </ns3:TrackPointExtension>
        </extensions>
      </trkpt>
      <trkpt lat="30.75238742865622043609619140625" lon="108.4461255557835102081298828125">
        <ele>416.399993896484375</ele>
        <time>2026-03-23T09:35:26.000Z</time>
        <extensions>
          <ns3:TrackPointExtension>
            <ns3:hr>136</ns3:hr>
            <ns3:cad>92</ns3:cad>
          </ns3:TrackPointExtension>
        </extensions>
      </trkpt>
      <trkpt lat="30.75242078863084316253662109375" lon="108.44612530432641506195068359375">
        <ele>416.399993896484375</ele>
        <time>2026-03-23T09:35:27.000Z</time>
        <extensions>
          <ns3:TrackPointExtension>
            <ns3:hr>136</ns3:hr>
            <ns3:cad>94</ns3:cad>
          </ns3:TrackPointExtension>
        </extensions>
      </trkpt>
      <trkpt lat="30.7524394802749156951904296875" lon="108.44612195156514644622802734375">
        <ele>416.399993896484375</ele>
        <time>2026-03-23T09:35:28.000Z</time>
        <extensions>
          <ns3:TrackPointExtension>
            <ns3:hr>136</ns3:hr>
            <ns3:cad>94</ns3:cad>
          </ns3:TrackPointExtension>
        </extensions>
      </trkpt>
      <trkpt lat="30.752462781965732574462890625" lon="108.446127735078334808349609375">
        <ele>416.399993896484375</ele>
        <time>2026-03-23T09:35:29.000Z</time>
        <extensions>
          <ns3:TrackPointExtension>
            <ns3:hr>135</ns3:hr>
            <ns3:cad>94</ns3:cad>
          </ns3:TrackPointExtension>
        </extensions>
      </trkpt>
      <trkpt lat="30.75248532928526401519775390625" lon="108.4461242146790027618408203125">
        <ele>416.399993896484375</ele>
        <time>2026-03-23T09:35:30.000Z</time>
        <extensions>
          <ns3:TrackPointExtension>
            <ns3:hr>135</ns3:hr>
            <ns3:cad>93</ns3:cad>
          </ns3:TrackPointExtension>
        </extensions>
      </trkpt>
      <trkpt lat="30.7525055296719074249267578125" lon="108.446131087839603424072265625">
        <ele>416.399993896484375</ele>
        <time>2026-03-23T09:35:31.000Z</time>
        <extensions>
          <ns3:TrackPointExtension>
            <ns3:hr>136</ns3:hr>
            <ns3:cad>92</ns3:cad>
          </ns3:TrackPointExtension>
        </extensions>
      </trkpt>
      <trkpt lat="30.7525333575904369354248046875" lon="108.44613351859152317047119140625">
        <ele>416.399993896484375</ele>
        <time>2026-03-23T09:35:32.000Z</time>
        <extensions>
          <ns3:TrackPointExtension>
            <ns3:hr>136</ns3:hr>
            <ns3:cad>92</ns3:cad>
          </ns3:TrackPointExtension>
        </extensions>
      </trkpt>
      <trkpt lat="30.75255473144352436065673828125" lon="108.446137793362140655517578125">
        <ele>416.399993896484375</ele>
        <time>2026-03-23T09:35:33.000Z</time>
        <extensions>
          <ns3:TrackPointExtension>
            <ns3:hr>137</ns3:hr>
            <ns3:cad>93</ns3:cad>
          </ns3:TrackPointExtension>
        </extensions>
      </trkpt>
      <trkpt lat="30.7525833137333393096923828125" lon="108.44613812863826751708984375">
        <ele>416.399993896484375</ele>
        <time>2026-03-23T09:35:34.000Z</time>
        <extensions>
          <ns3:TrackPointExtension>
            <ns3:hr>137</ns3:hr>
            <ns3:cad>94</ns3:cad>
          </ns3:TrackPointExtension>
        </extensions>
      </trkpt>
      <trkpt lat="30.75260569341480731964111328125" lon="108.446139134466648101806640625">
        <ele>416.399993896484375</ele>
        <time>2026-03-23T09:35:35.000Z</time>
        <extensions>
          <ns3:TrackPointExtension>
            <ns3:hr>138</ns3:hr>
            <ns3:cad>93</ns3:cad>
          </ns3:TrackPointExtension>
        </extensions>
      </trkpt>
      <trkpt lat="30.75263586826622486114501953125" lon="108.44613611698150634765625">
        <ele>416.399993896484375</ele>
        <time>2026-03-23T09:35:36.000Z</time>
        <extensions>
          <ns3:TrackPointExtension>
            <ns3:hr>138</ns3:hr>
            <ns3:cad>92</ns3:cad>
          </ns3:TrackPointExtension>
        </extensions>
      </trkpt>
      <trkpt lat="30.7526542246341705322265625" lon="108.44613603316247463226318359375">
        <ele>416.399993896484375</ele>
        <time>2026-03-23T09:35:37.000Z</time>
        <extensions>
          <ns3:TrackPointExtension>
            <ns3:hr>139</ns3:hr>
            <ns3:cad>92</ns3:cad>
          </ns3:TrackPointExtension>
        </extensions>
      </trkpt>
      <trkpt lat="30.75268037617206573486328125" lon="108.4461369551718235015869140625">
        <ele>416.399993896484375</ele>
        <time>2026-03-23T09:35:38.000Z</time>
        <extensions>
          <ns3:TrackPointExtension>
            <ns3:hr>139</ns3:hr>
            <ns3:cad>92</ns3:cad>
          </ns3:TrackPointExtension>
        </extensions>
      </trkpt>
      <trkpt lat="30.752695463597774505615234375" lon="108.44613050110638141632080078125">
        <ele>416.399993896484375</ele>
        <time>2026-03-23T09:35:39.000Z</time>
        <extensions>
          <ns3:TrackPointExtension>
            <ns3:hr>139</ns3:hr>
            <ns3:cad>92</ns3:cad>
          </ns3:TrackPointExtension>
        </extensions>
      </trkpt>
      <trkpt lat="30.75271817855536937713623046875" lon="108.44613519497215747833251953125">
        <ele>416.399993896484375</ele>
        <time>2026-03-23T09:35:40.000Z</time>
        <extensions>
          <ns3:TrackPointExtension>
            <ns3:hr>140</ns3:hr>
            <ns3:cad>93</ns3:cad>
          </ns3:TrackPointExtension>
        </extensions>
      </trkpt>
      <trkpt lat="30.75273661874234676361083984375" lon="108.44613536261022090911865234375">
        <ele>416.399993896484375</ele>
        <time>2026-03-23T09:35:41.000Z</time>
        <extensions>
          <ns3:TrackPointExtension>
            <ns3:hr>140</ns3:hr>
            <ns3:cad>93</ns3:cad>
          </ns3:TrackPointExtension>
        </extensions>
      </trkpt>
      <trkpt lat="30.75275891460478305816650390625" lon="108.44613888300955295562744140625">
        <ele>416.399993896484375</ele>
        <time>2026-03-23T09:35:42.000Z</time>
        <extensions>
          <ns3:TrackPointExtension>
            <ns3:hr>141</ns3:hr>
            <ns3:cad>94</ns3:cad>
          </ns3:TrackPointExtension>
        </extensions>
      </trkpt>
      <trkpt lat="30.75277919881045818328857421875" lon="108.44613611698150634765625">
        <ele>416.399993896484375</ele>
        <time>2026-03-23T09:35:43.000Z</time>
        <extensions>
          <ns3:TrackPointExtension>
            <ns3:hr>141</ns3:hr>
            <ns3:cad>94</ns3:cad>
          </ns3:TrackPointExtension>
        </extensions>
      </trkpt>
      <trkpt lat="30.75279981829226016998291015625" lon="108.4461413137614727020263671875">
        <ele>416.399993896484375</ele>
        <time>2026-03-23T09:35:44.000Z</time>
        <extensions>
          <ns3:TrackPointExtension>
            <ns3:hr>142</ns3:hr>
            <ns3:cad>94</ns3:cad>
          </ns3:TrackPointExtension>
        </extensions>
      </trkpt>
      <trkpt lat="30.7528267242014408111572265625" lon="108.446140475571155548095703125">
        <ele>416.399993896484375</ele>
        <time>2026-03-23T09:35:45.000Z</time>
        <extensions>
          <ns3:TrackPointExtension>
            <ns3:hr>142</ns3:hr>
            <ns3:cad>93</ns3:cad>
          </ns3:TrackPointExtension>
        </extensions>
      </trkpt>
      <trkpt lat="30.7528481818735599517822265625" lon="108.44614173285663127899169921875">
        <ele>416.399993896484375</ele>
        <time>2026-03-23T09:35:46.000Z</time>
        <extensions>
          <ns3:TrackPointExtension>
            <ns3:hr>142</ns3:hr>
            <ns3:cad>93</ns3:cad>
          </ns3:TrackPointExtension>
        </extensions>
      </trkpt>
      <trkpt lat="30.7528795301914215087890625" lon="108.44613905064761638641357421875">
        <ele>416.399993896484375</ele>
        <time>2026-03-23T09:35:47.000Z</time>
        <extensions>
          <ns3:TrackPointExtension>
            <ns3:hr>142</ns3:hr>
            <ns3:cad>93</ns3:cad>
          </ns3:TrackPointExtension>
        </extensions>
      </trkpt>
      <trkpt lat="30.7528978027403354644775390625" lon="108.44613553024828433990478515625">
        <ele>416.399993896484375</ele>
        <time>2026-03-23T09:35:48.000Z</time>
        <extensions>
          <ns3:TrackPointExtension>
            <ns3:hr>142</ns3:hr>
            <ns3:cad>91</ns3:cad>
          </ns3:TrackPointExtension>
        </extensions>
      </trkpt>
      <trkpt lat="30.75292646884918212890625" lon="108.44613217748701572418212890625">
        <ele>416.399993896484375</ele>
        <time>2026-03-23T09:35:49.000Z</time>
        <extensions>
          <ns3:TrackPointExtension>
            <ns3:hr>143</ns3:hr>
            <ns3:cad>91</ns3:cad>
          </ns3:TrackPointExtension>
        </extensions>
      </trkpt>
      <trkpt lat="30.75294331647455692291259765625" lon="108.44612882472574710845947265625">
        <ele>416.399993896484375</ele>
        <time>2026-03-23T09:35:50.000Z</time>
        <extensions>
          <ns3:TrackPointExtension>
            <ns3:hr>143</ns3:hr>
            <ns3:cad>91</ns3:cad>
          </ns3:TrackPointExtension>
        </extensions>
      </trkpt>
      <trkpt lat="30.752970390021800994873046875" lon="108.44612798653542995452880859375">
        <ele>416.399993896484375</ele>
        <time>2026-03-23T09:35:51.000Z</time>
        <extensions>
          <ns3:TrackPointExtension>
            <ns3:hr>143</ns3:hr>
            <ns3:cad>92</ns3:cad>
          </ns3:TrackPointExtension>
        </extensions>
      </trkpt>
      <trkpt lat="30.75299159623682498931884765625" lon="108.4461258910596370697021484375">
        <ele>416.399993896484375</ele>
        <time>2026-03-23T09:35:52.000Z</time>
        <extensions>
          <ns3:TrackPointExtension>
            <ns3:hr>144</ns3:hr>
            <ns3:cad>92</ns3:cad>
          </ns3:TrackPointExtension>
        </extensions>
      </trkpt>
      <trkpt lat="30.753020681440830230712890625" lon="108.4461282379925251007080078125">
        <ele>416.399993896484375</ele>
        <time>2026-03-23T09:35:53.000Z</time>
        <extensions>
          <ns3:TrackPointExtension>
            <ns3:hr>144</ns3:hr>
            <ns3:cad>94</ns3:cad>
          </ns3:TrackPointExtension>
        </extensions>
      </trkpt>
      <trkpt lat="30.75303937308490276336669921875" lon="108.44612211920320987701416015625">
        <ele>416.399993896484375</ele>
        <time>2026-03-23T09:35:54.000Z</time>
        <extensions>
          <ns3:TrackPointExtension>
            <ns3:hr>144</ns3:hr>
            <ns3:cad>94</ns3:cad>
          </ns3:TrackPointExtension>
        </extensions>
      </trkpt>
      <trkpt lat="30.75306124985218048095703125" lon="108.44611792825162410736083984375">
        <ele>416.399993896484375</ele>
        <time>2026-03-23T09:35:55.000Z</time>
        <extensions>
          <ns3:TrackPointExtension>
            <ns3:hr>144</ns3:hr>
            <ns3:cad>94</ns3:cad>
          </ns3:TrackPointExtension>
        </extensions>
      </trkpt>
      <trkpt lat="30.75308002531528472900390625" lon="108.446103595197200775146484375">
        <ele>416.600006103515625</ele>
        <time>2026-03-23T09:35:56.000Z</time>
        <extensions>
          <ns3:TrackPointExtension>
            <ns3:hr>144</ns3:hr>
            <ns3:cad>93</ns3:cad>
          </ns3:TrackPointExtension>
        </extensions>
      </trkpt>
      <trkpt lat="30.75309771113097667694091796875" lon="108.4460926987230777740478515625">
        <ele>416.600006103515625</ele>
        <time>2026-03-23T09:35:57.000Z</time>
        <extensions>
          <ns3:TrackPointExtension>
            <ns3:hr>144</ns3:hr>
            <ns3:cad>93</ns3:cad>
          </ns3:TrackPointExtension>
        </extensions>
      </trkpt>
      <trkpt lat="30.753116570413112640380859375" lon="108.4460742585361003875732421875">
        <ele>416.600006103515625</ele>
        <time>2026-03-23T09:35:58.000Z</time>
        <extensions>
          <ns3:TrackPointExtension>
            <ns3:hr>144</ns3:hr>
            <ns3:cad>92</ns3:cad>
          </ns3:TrackPointExtension>
        </extensions>
      </trkpt>
      <trkpt lat="30.753131993114948272705078125" lon="108.44605472870171070098876953125">
        <ele>416.600006103515625</ele>
        <time>2026-03-23T09:35:59.000Z</time>
        <extensions>
          <ns3:TrackPointExtension>
            <ns3:hr>143</ns3:hr>
            <ns3:cad>92</ns3:cad>
          </ns3:TrackPointExtension>
        </extensions>
      </trkpt>
      <trkpt lat="30.75315085239708423614501953125" lon="108.4460336901247501373291015625">
        <ele>416.600006103515625</ele>
        <time>2026-03-23T09:36:00.000Z</time>
        <extensions>
          <ns3:TrackPointExtension>
            <ns3:hr>143</ns3:hr>
            <ns3:cad>92</ns3:cad>
          </ns3:TrackPointExtension>
        </extensions>
      </trkpt>
      <trkpt lat="30.7531693764030933380126953125" lon="108.44602019526064395904541015625">
        <ele>416.600006103515625</ele>
        <time>2026-03-23T09:36:01.000Z</time>
        <extensions>
          <ns3:TrackPointExtension>
            <ns3:hr>143</ns3:hr>
            <ns3:cad>93</ns3:cad>
          </ns3:TrackPointExtension>
        </extensions>
      </trkpt>
      <trkpt lat="30.7531918399035930633544921875" lon="108.446004353463649749755859375">
        <ele>416.600006103515625</ele>
        <time>2026-03-23T09:36:02.000Z</time>
        <extensions>
          <ns3:TrackPointExtension>
            <ns3:hr>143</ns3:hr>
            <ns3:cad>94</ns3:cad>
          </ns3:TrackPointExtension>
        </extensions>
      </trkpt>
      <trkpt lat="30.7532067596912384033203125" lon="108.4459904395043849945068359375">
        <ele>416.600006103515625</ele>
        <time>2026-03-23T09:36:03.000Z</time>
        <extensions>
          <ns3:TrackPointExtension>
            <ns3:hr>143</ns3:hr>
            <ns3:cad>93</ns3:cad>
          </ns3:TrackPointExtension>
        </extensions>
      </trkpt>
      <trkpt lat="30.75322746299207210540771484375" lon="108.44597476534545421600341796875">
        <ele>416.600006103515625</ele>
        <time>2026-03-23T09:36:04.000Z</time>
        <extensions>
          <ns3:TrackPointExtension>
            <ns3:hr>142</ns3:hr>
            <ns3:cad>93</ns3:cad>
          </ns3:TrackPointExtension>
        </extensions>
      </trkpt>
      <trkpt lat="30.75323400087654590606689453125" lon="108.44596068374812602996826171875">
        <ele>416.600006103515625</ele>
        <time>2026-03-23T09:36:05.000Z</time>
        <extensions>
          <ns3:TrackPointExtension>
            <ns3:hr>141</ns3:hr>
            <ns3:cad>93</ns3:cad>
          </ns3:TrackPointExtension>
        </extensions>
      </trkpt>
      <trkpt lat="30.7532501779496669769287109375" lon="108.4459421597421169281005859375">
        <ele>416.600006103515625</ele>
        <time>2026-03-23T09:36:06.000Z</time>
        <extensions>
          <ns3:TrackPointExtension>
            <ns3:hr>141</ns3:hr>
            <ns3:cad>93</ns3:cad>
          </ns3:TrackPointExtension>
        </extensions>
      </trkpt>
      <trkpt lat="30.753254704177379608154296875" lon="108.4459264017641544342041015625">
        <ele>416.600006103515625</ele>
        <time>2026-03-23T09:36:07.000Z</time>
        <extensions>
          <ns3:TrackPointExtension>
            <ns3:hr>140</ns3:hr>
            <ns3:cad>93</ns3:cad>
          </ns3:TrackPointExtension>
        </extensions>
      </trkpt>
      <trkpt lat="30.7532635889947414398193359375" lon="108.44591106288135051727294921875">
        <ele>416.600006103515625</ele>
        <time>2026-03-23T09:36:08.000Z</time>
        <extensions>
          <ns3:TrackPointExtension>
            <ns3:hr>140</ns3:hr>
            <ns3:cad>94</ns3:cad>
          </ns3:TrackPointExtension>
        </extensions>
      </trkpt>
      <trkpt lat="30.753272809088230133056640625" lon="108.44589010812342166900634765625">
        <ele>416.600006103515625</ele>
        <time>2026-03-23T09:36:09.000Z</time>
        <extensions>
          <ns3:TrackPointExtension>
            <ns3:hr>140</ns3:hr>
            <ns3:cad>93</ns3:cad>
          </ns3:TrackPointExtension>
        </extensions>
      </trkpt>
      <trkpt lat="30.75328110717236995697021484375" lon="108.44586965627968311309814453125">
        <ele>416.600006103515625</ele>
        <time>2026-03-23T09:36:10.000Z</time>
        <extensions>
          <ns3:TrackPointExtension>
            <ns3:hr>141</ns3:hr>
            <ns3:cad>92</ns3:cad>
          </ns3:TrackPointExtension>
        </extensions>
      </trkpt>
      <trkpt lat="30.75329200364649295806884765625" lon="108.44584568403661251068115234375">
        <ele>416.399993896484375</ele>
        <time>2026-03-23T09:36:11.000Z</time>
        <extensions>
          <ns3:TrackPointExtension>
            <ns3:hr>141</ns3:hr>
            <ns3:cad>92</ns3:cad>
          </ns3:TrackPointExtension>
        </extensions>
      </trkpt>
      <trkpt lat="30.7532964460551738739013671875" lon="108.44582355581223964691162109375">
        <ele>416.399993896484375</ele>
        <time>2026-03-23T09:36:12.000Z</time>
        <extensions>
          <ns3:TrackPointExtension>
            <ns3:hr>141</ns3:hr>
            <ns3:cad>92</ns3:cad>
          </ns3:TrackPointExtension>
        </extensions>
      </trkpt>
      <trkpt lat="30.75330558232963085174560546875" lon="108.4457973204553127288818359375">
        <ele>416.399993896484375</ele>
        <time>2026-03-23T09:36:13.000Z</time>
        <extensions>
          <ns3:TrackPointExtension>
            <ns3:hr>141</ns3:hr>
            <ns3:cad>92</ns3:cad>
          </ns3:TrackPointExtension>
        </extensions>
      </trkpt>
      <trkpt lat="30.75330541469156742095947265625" lon="108.4457745216786861419677734375">
        <ele>416.399993896484375</ele>
        <time>2026-03-23T09:36:14.000Z</time>
        <extensions>
          <ns3:TrackPointExtension>
            <ns3:hr>141</ns3:hr>
            <ns3:cad>92</ns3:cad>
          </ns3:TrackPointExtension>
        </extensions>
      </trkpt>
      <trkpt lat="30.75330876745283603668212890625" lon="108.4457530640065670013427734375">
        <ele>416.399993896484375</ele>
        <time>2026-03-23T09:36:15.000Z</time>
        <extensions>
          <ns3:TrackPointExtension>
            <ns3:hr>141</ns3:hr>
            <ns3:cad>93</ns3:cad>
          </ns3:TrackPointExtension>
        </extensions>
      </trkpt>
      <trkpt lat="30.75331069529056549072265625" lon="108.4457336179912090301513671875">
        <ele>416.399993896484375</ele>
        <time>2026-03-23T09:36:16.000Z</time>
        <extensions>
          <ns3:TrackPointExtension>
            <ns3:hr>141</ns3:hr>
            <ns3:cad>93</ns3:cad>
          </ns3:TrackPointExtension>
        </extensions>
      </trkpt>
      <trkpt lat="30.75330943800508975982666015625" lon="108.4457098133862018585205078125">
        <ele>416.399993896484375</ele>
        <time>2026-03-23T09:36:17.000Z</time>
        <extensions>
          <ns3:TrackPointExtension>
            <ns3:hr>141</ns3:hr>
            <ns3:cad>93</ns3:cad>
          </ns3:TrackPointExtension>
        </extensions>
      </trkpt>
      <trkpt lat="30.75330306775867938995361328125" lon="108.445688523352146148681640625">
        <ele>416.399993896484375</ele>
        <time>2026-03-23T09:36:18.000Z</time>
        <extensions>
          <ns3:TrackPointExtension>
            <ns3:hr>141</ns3:hr>
            <ns3:cad>93</ns3:cad>
          </ns3:TrackPointExtension>
        </extensions>
      </trkpt>
      <trkpt lat="30.75330491177737712860107421875" lon="108.44566698186099529266357421875">
        <ele>416.399993896484375</ele>
        <time>2026-03-23T09:36:19.000Z</time>
        <extensions>
          <ns3:TrackPointExtension>
            <ns3:hr>141</ns3:hr>
            <ns3:cad>93</ns3:cad>
          </ns3:TrackPointExtension>
        </extensions>
      </trkpt>
      <trkpt lat="30.75330742634832859039306640625" lon="108.44563663937151432037353515625">
        <ele>416.399993896484375</ele>
        <time>2026-03-23T09:36:20.000Z</time>
        <extensions>
          <ns3:TrackPointExtension>
            <ns3:hr>141</ns3:hr>
            <ns3:cad>93</ns3:cad>
          </ns3:TrackPointExtension>
        </extensions>
      </trkpt>
      <trkpt lat="30.75330977328121662139892578125" lon="108.4456139244139194488525390625">
        <ele>416.600006103515625</ele>
        <time>2026-03-23T09:36:21.000Z</time>
        <extensions>
          <ns3:TrackPointExtension>
            <ns3:hr>141</ns3:hr>
            <ns3:cad>93</ns3:cad>
          </ns3:TrackPointExtension>
        </extensions>
      </trkpt>
      <trkpt lat="30.75331128202378749847412109375" lon="108.44558299519121646881103515625">
        <ele>416.600006103515625</ele>
        <time>2026-03-23T09:36:22.000Z</time>
        <extensions>
          <ns3:TrackPointExtension>
            <ns3:hr>141</ns3:hr>
            <ns3:cad>93</ns3:cad>
          </ns3:TrackPointExtension>
        </extensions>
      </trkpt>
      <trkpt lat="30.7533118687570095062255859375" lon="108.4455592744052410125732421875">
        <ele>416.600006103515625</ele>
        <time>2026-03-23T09:36:23.000Z</time>
        <extensions>
          <ns3:TrackPointExtension>
            <ns3:hr>141</ns3:hr>
            <ns3:cad>93</ns3:cad>
          </ns3:TrackPointExtension>
        </extensions>
      </trkpt>
      <trkpt lat="30.75331203639507293701171875" lon="108.44552968628704547882080078125">
        <ele>416.399993896484375</ele>
        <time>2026-03-23T09:36:24.000Z</time>
        <extensions>
          <ns3:TrackPointExtension>
            <ns3:hr>142</ns3:hr>
            <ns3:cad>93</ns3:cad>
          </ns3:TrackPointExtension>
        </extensions>
      </trkpt>
      <trkpt lat="30.75331010855734348297119140625" lon="108.44550889916718006134033203125">
        <ele>416.399993896484375</ele>
        <time>2026-03-23T09:36:25.000Z</time>
        <extensions>
          <ns3:TrackPointExtension>
            <ns3:hr>141</ns3:hr>
            <ns3:cad>93</ns3:cad>
          </ns3:TrackPointExtension>
        </extensions>
      </trkpt>
      <trkpt lat="30.75330893509089946746826171875" lon="108.445479311048984527587890625">
        <ele>416.399993896484375</ele>
        <time>2026-03-23T09:36:26.000Z</time>
        <extensions>
          <ns3:TrackPointExtension>
            <ns3:hr>142</ns3:hr>
            <ns3:cad>93</ns3:cad>
          </ns3:TrackPointExtension>
        </extensions>
      </trkpt>
      <trkpt lat="30.7533011399209499359130859375" lon="108.44545877538621425628662109375">
        <ele>416.399993896484375</ele>
        <time>2026-03-23T09:36:27.000Z</time>
        <extensions>
          <ns3:TrackPointExtension>
            <ns3:hr>142</ns3:hr>
            <ns3:cad>93</ns3:cad>
          </ns3:TrackPointExtension>
        </extensions>
      </trkpt>
      <trkpt lat="30.75329703278839588165283203125" lon="108.4454328753054141998291015625">
        <ele>416.399993896484375</ele>
        <time>2026-03-23T09:36:28.000Z</time>
        <extensions>
          <ns3:TrackPointExtension>
            <ns3:hr>142</ns3:hr>
            <ns3:cad>93</ns3:cad>
          </ns3:TrackPointExtension>
        </extensions>
      </trkpt>
      <trkpt lat="30.75329150073230266571044921875" lon="108.4454151056706905364990234375">
        <ele>416.399993896484375</ele>
        <time>2026-03-23T09:36:29.000Z</time>
        <extensions>
          <ns3:TrackPointExtension>
            <ns3:hr>143</ns3:hr>
            <ns3:cad>93</ns3:cad>
          </ns3:TrackPointExtension>
        </extensions>
      </trkpt>
      <trkpt lat="30.7532853819429874420166015625" lon="108.44538803212344646453857421875">
        <ele>416.399993896484375</ele>
        <time>2026-03-23T09:36:30.000Z</time>
        <extensions>
          <ns3:TrackPointExtension>
            <ns3:hr>143</ns3:hr>
            <ns3:cad>93</ns3:cad>
          </ns3:TrackPointExtension>
        </extensions>
      </trkpt>
      <trkpt lat="30.753271467983722686767578125" lon="108.44536506570875644683837890625">
        <ele>416.399993896484375</ele>
        <time>2026-03-23T09:36:31.000Z</time>
        <extensions>
          <ns3:TrackPointExtension>
            <ns3:hr>143</ns3:hr>
            <ns3:cad>93</ns3:cad>
          </ns3:TrackPointExtension>
        </extensions>
      </trkpt>
      <trkpt lat="30.75326375663280487060546875" lon="108.4453413449227809906005859375">
        <ele>416.399993896484375</ele>
        <time>2026-03-23T09:36:32.000Z</time>
        <extensions>
          <ns3:TrackPointExtension>
            <ns3:hr>143</ns3:hr>
            <ns3:cad>93</ns3:cad>
          </ns3:TrackPointExtension>
        </extensions>
      </trkpt>
      <trkpt lat="30.75325042940676212310791015625" lon="108.4453175403177738189697265625">
        <ele>416.399993896484375</ele>
        <time>2026-03-23T09:36:33.000Z</time>
        <extensions>
          <ns3:TrackPointExtension>
            <ns3:hr>143</ns3:hr>
            <ns3:cad>92</ns3:cad>
          </ns3:TrackPointExtension>
        </extensions>
      </trkpt>
      <trkpt lat="30.753237269818782806396484375" lon="108.44530127942562103271484375">
        <ele>416.399993896484375</ele>
        <time>2026-03-23T09:36:34.000Z</time>
        <extensions>
          <ns3:TrackPointExtension>
            <ns3:hr>143</ns3:hr>
            <ns3:cad>91</ns3:cad>
          </ns3:TrackPointExtension>
        </extensions>
      </trkpt>
      <trkpt lat="30.75322084128856658935546875" lon="108.4452773071825504302978515625">
        <ele>416.399993896484375</ele>
        <time>2026-03-23T09:36:35.000Z</time>
        <extensions>
          <ns3:TrackPointExtension>
            <ns3:hr>143</ns3:hr>
            <ns3:cad>91</ns3:cad>
          </ns3:TrackPointExtension>
        </extensions>
      </trkpt>
      <trkpt lat="30.75320684351027011871337890625" lon="108.445258028805255889892578125">
        <ele>416.399993896484375</ele>
        <time>2026-03-23T09:36:36.000Z</time>
        <extensions>
          <ns3:TrackPointExtension>
            <ns3:hr>143</ns3:hr>
            <ns3:cad>91</ns3:cad>
          </ns3:TrackPointExtension>
        </extensions>
      </trkpt>
      <trkpt lat="30.7531891576945781707763671875" lon="108.44523011706769466400146484375">
        <ele>416.399993896484375</ele>
        <time>2026-03-23T09:36:37.000Z</time>
        <extensions>
          <ns3:TrackPointExtension>
            <ns3:hr>143</ns3:hr>
            <ns3:cad>94</ns3:cad>
          </ns3:TrackPointExtension>
        </extensions>
      </trkpt>
      <trkpt lat="30.75317147187888622283935546875" lon="108.4452115930616855621337890625">
        <ele>416.399993896484375</ele>
        <time>2026-03-23T09:36:38.000Z</time>
        <extensions>
          <ns3:TrackPointExtension>
            <ns3:hr>143</ns3:hr>
            <ns3:cad>94</ns3:cad>
          </ns3:TrackPointExtension>
        </extensions>
      </trkpt>
      <trkpt lat="30.75315512716770172119140625" lon="108.4451847709715366363525390625">
        <ele>416.399993896484375</ele>
        <time>2026-03-23T09:36:39.000Z</time>
        <extensions>
          <ns3:TrackPointExtension>
            <ns3:hr>143</ns3:hr>
            <ns3:cad>94</ns3:cad>
          </ns3:TrackPointExtension>
        </extensions>
      </trkpt>
      <trkpt lat="30.75314096175134181976318359375" lon="108.445168845355510711669921875">
        <ele>416.399993896484375</ele>
        <time>2026-03-23T09:36:40.000Z</time>
        <extensions>
          <ns3:TrackPointExtension>
            <ns3:hr>143</ns3:hr>
            <ns3:cad>94</ns3:cad>
          </ns3:TrackPointExtension>
        </extensions>
      </trkpt>
      <trkpt lat="30.75312285684049129486083984375" lon="108.44514579512178897857666015625">
        <ele>416.399993896484375</ele>
        <time>2026-03-23T09:36:41.000Z</time>
        <extensions>
          <ns3:TrackPointExtension>
            <ns3:hr>143</ns3:hr>
            <ns3:cad>94</ns3:cad>
          </ns3:TrackPointExtension>
        </extensions>
      </trkpt>
      <trkpt lat="30.75310324318706989288330078125" lon="108.4451317973434925079345703125">
        <ele>416.399993896484375</ele>
        <time>2026-03-23T09:36:42.000Z</time>
        <extensions>
          <ns3:TrackPointExtension>
            <ns3:hr>143</ns3:hr>
            <ns3:cad>94</ns3:cad>
          </ns3:TrackPointExtension>
        </extensions>
      </trkpt>
      <trkpt lat="30.75307927094399929046630859375" lon="108.445119559764862060546875">
        <ele>416.399993896484375</ele>
        <time>2026-03-23T09:36:43.000Z</time>
        <extensions>
          <ns3:TrackPointExtension>
            <ns3:hr>143</ns3:hr>
            <ns3:cad>94</ns3:cad>
          </ns3:TrackPointExtension>
        </extensions>
      </trkpt>
      <trkpt lat="30.75305412523448467254638671875" lon="108.4451167099177837371826171875">
        <ele>416.399993896484375</ele>
        <time>2026-03-23T09:36:44.000Z</time>
        <extensions>
          <ns3:TrackPointExtension>
            <ns3:hr>143</ns3:hr>
            <ns3:cad>93</ns3:cad>
          </ns3:TrackPointExtension>
        </extensions>
      </trkpt>
      <trkpt lat="30.753031410276889801025390625" lon="108.44511763192713260650634765625">
        <ele>416.399993896484375</ele>
        <time>2026-03-23T09:36:45.000Z</time>
        <extensions>
          <ns3:TrackPointExtension>
            <ns3:hr>143</ns3:hr>
            <ns3:cad>92</ns3:cad>
          </ns3:TrackPointExtension>
        </extensions>
      </trkpt>
      <trkpt lat="30.75300651602447032928466796875" lon="108.4451190568506717681884765625">
        <ele>416.399993896484375</ele>
        <time>2026-03-23T09:36:46.000Z</time>
        <extensions>
          <ns3:TrackPointExtension>
            <ns3:hr>143</ns3:hr>
            <ns3:cad>92</ns3:cad>
          </ns3:TrackPointExtension>
        </extensions>
      </trkpt>
      <trkpt lat="30.7529843039810657501220703125" lon="108.44512199051678180694580078125">
        <ele>416.399993896484375</ele>
        <time>2026-03-23T09:36:47.000Z</time>
        <extensions>
          <ns3:TrackPointExtension>
            <ns3:hr>143</ns3:hr>
            <ns3:cad>93</ns3:cad>
          </ns3:TrackPointExtension>
        </extensions>
      </trkpt>
      <trkpt lat="30.7529608346521854400634765625" lon="108.4451177157461643218994140625">
        <ele>416.399993896484375</ele>
        <time>2026-03-23T09:36:48.000Z</time>
        <extensions>
          <ns3:TrackPointExtension>
            <ns3:hr>143</ns3:hr>
            <ns3:cad>93</ns3:cad>
          </ns3:TrackPointExtension>
        </extensions>
      </trkpt>
      <trkpt lat="30.7529366947710514068603515625" lon="108.4451203979551792144775390625">
        <ele>416.399993896484375</ele>
        <time>2026-03-23T09:36:49.000Z</time>
        <extensions>
          <ns3:TrackPointExtension>
            <ns3:hr>143</ns3:hr>
            <ns3:cad>92</ns3:cad>
          </ns3:TrackPointExtension>
        </extensions>
      </trkpt>
      <trkpt lat="30.75291532091796398162841796875" lon="108.44511888921260833740234375">
        <ele>416.399993896484375</ele>
        <time>2026-03-23T09:36:50.000Z</time>
        <extensions>
          <ns3:TrackPointExtension>
            <ns3:hr>143</ns3:hr>
            <ns3:cad>92</ns3:cad>
          </ns3:TrackPointExtension>
        </extensions>
      </trkpt>
      <trkpt lat="30.75289252214133739471435546875" lon="108.44512886367738246917724609375">
        <ele>416.399993896484375</ele>
        <time>2026-03-23T09:36:51.000Z</time>
        <extensions>
          <ns3:TrackPointExtension>
            <ns3:hr>144</ns3:hr>
            <ns3:cad>92</ns3:cad>
          </ns3:TrackPointExtension>
        </extensions>
      </trkpt>
      <trkpt lat="30.75286955572664737701416015625" lon="108.44512634910643100738525390625">
        <ele>416.399993896484375</ele>
        <time>2026-03-23T09:36:52.000Z</time>
        <extensions>
          <ns3:TrackPointExtension>
            <ns3:hr>144</ns3:hr>
            <ns3:cad>93</ns3:cad>
          </ns3:TrackPointExtension>
        </extensions>
      </trkpt>
      <trkpt lat="30.7528458349406719207763671875" lon="108.4451317973434925079345703125">
        <ele>416.399993896484375</ele>
        <time>2026-03-23T09:36:53.000Z</time>
        <extensions>
          <ns3:TrackPointExtension>
            <ns3:hr>144</ns3:hr>
            <ns3:cad>94</ns3:cad>
          </ns3:TrackPointExtension>
        </extensions>
      </trkpt>
      <trkpt lat="30.75282379053533077239990234375" lon="108.44512903131544589996337890625">
        <ele>416.399993896484375</ele>
        <time>2026-03-23T09:36:54.000Z</time>
        <extensions>
          <ns3:TrackPointExtension>
            <ns3:hr>144</ns3:hr>
            <ns3:cad>93</ns3:cad>
          </ns3:TrackPointExtension>
        </extensions>
      </trkpt>
      <trkpt lat="30.75279730372130870819091796875" lon="108.44512836076319217681884765625">
        <ele>416.399993896484375</ele>
        <time>2026-03-23T09:36:55.000Z</time>
        <extensions>
          <ns3:TrackPointExtension>
            <ns3:hr>143</ns3:hr>
            <ns3:cad>94</ns3:cad>
          </ns3:TrackPointExtension>
        </extensions>
      </trkpt>
      <trkpt lat="30.75277400203049182891845703125" lon="108.44512500800192356109619140625">
        <ele>416.399993896484375</ele>
        <time>2026-03-23T09:36:56.000Z</time>
        <extensions>
          <ns3:TrackPointExtension>
            <ns3:hr>143</ns3:hr>
            <ns3:cad>94</ns3:cad>
          </ns3:TrackPointExtension>
        </extensions>
      </trkpt>
      <trkpt lat="30.75274877250194549560546875" lon="108.44512668438255786895751953125">
        <ele>416.399993896484375</ele>
        <time>2026-03-23T09:36:57.000Z</time>
        <extensions>
          <ns3:TrackPointExtension>
            <ns3:hr>143</ns3:hr>
            <ns3:cad>94</ns3:cad>
          </ns3:TrackPointExtension>
        </extensions>
      </trkpt>
      <trkpt lat="30.75273008085787296295166015625" lon="108.445124924182891845703125">
        <ele>416.399993896484375</ele>
        <time>2026-03-23T09:36:58.000Z</time>
        <extensions>
          <ns3:TrackPointExtension>
            <ns3:hr>143</ns3:hr>
            <ns3:cad>93</ns3:cad>
          </ns3:TrackPointExtension>
        </extensions>
      </trkpt>
      <trkpt lat="30.7527040131390094757080078125" lon="108.44512618146836757659912109375">
        <ele>416.399993896484375</ele>
        <time>2026-03-23T09:36:59.000Z</time>
        <extensions>
          <ns3:TrackPointExtension>
            <ns3:hr>143</ns3:hr>
            <ns3:cad>93</ns3:cad>
          </ns3:TrackPointExtension>
        </extensions>
      </trkpt>
      <trkpt lat="30.7526852376759052276611328125" lon="108.44512760639190673828125">
        <ele>416.399993896484375</ele>
        <time>2026-03-23T09:37:00.000Z</time>
        <extensions>
          <ns3:TrackPointExtension>
            <ns3:hr>144</ns3:hr>
            <ns3:cad>93</ns3:cad>
          </ns3:TrackPointExtension>
        </extensions>
      </trkpt>
      <trkpt lat="30.75265749357640743255615234375" lon="108.445125259459018707275390625">
        <ele>416.399993896484375</ele>
        <time>2026-03-23T09:37:01.000Z</time>
        <extensions>
          <ns3:TrackPointExtension>
            <ns3:hr>144</ns3:hr>
            <ns3:cad>94</ns3:cad>
          </ns3:TrackPointExtension>
        </extensions>
      </trkpt>
      <trkpt lat="30.752636454999446868896484375" lon="108.44512970186769962310791015625">
        <ele>416.399993896484375</ele>
        <time>2026-03-23T09:37:02.000Z</time>
        <extensions>
          <ns3:TrackPointExtension>
            <ns3:hr>144</ns3:hr>
            <ns3:cad>93</ns3:cad>
          </ns3:TrackPointExtension>
        </extensions>
      </trkpt>
      <trkpt lat="30.7526141591370105743408203125" lon="108.4451281093060970306396484375">
        <ele>416.399993896484375</ele>
        <time>2026-03-23T09:37:03.000Z</time>
        <extensions>
          <ns3:TrackPointExtension>
            <ns3:hr>144</ns3:hr>
            <ns3:cad>92</ns3:cad>
          </ns3:TrackPointExtension>
        </extensions>
      </trkpt>
      <trkpt lat="30.75259161181747913360595703125" lon="108.4451307915151119232177734375">
        <ele>416.20001220703125</ele>
        <time>2026-03-23T09:37:04.000Z</time>
        <extensions>
          <ns3:TrackPointExtension>
            <ns3:hr>145</ns3:hr>
            <ns3:cad>92</ns3:cad>
          </ns3:TrackPointExtension>
        </extensions>
      </trkpt>
      <trkpt lat="30.75256638228893280029296875" lon="108.44512752257287502288818359375">
        <ele>416.20001220703125</ele>
        <time>2026-03-23T09:37:05.000Z</time>
        <extensions>
          <ns3:TrackPointExtension>
            <ns3:hr>145</ns3:hr>
            <ns3:cad>92</ns3:cad>
          </ns3:TrackPointExtension>
        </extensions>
      </trkpt>
      <trkpt lat="30.7525407336652278900146484375" lon="108.44512903131544589996337890625">
        <ele>416.20001220703125</ele>
        <time>2026-03-23T09:37:06.000Z</time>
        <extensions>
          <ns3:TrackPointExtension>
            <ns3:hr>145</ns3:hr>
            <ns3:cad>92</ns3:cad>
          </ns3:TrackPointExtension>
        </extensions>
      </trkpt>
      <trkpt lat="30.75252338312566280364990234375" lon="108.44512500800192356109619140625">
        <ele>416.20001220703125</ele>
        <time>2026-03-23T09:37:07.000Z</time>
        <extensions>
          <ns3:TrackPointExtension>
            <ns3:hr>146</ns3:hr>
            <ns3:cad>92</ns3:cad>
          </ns3:TrackPointExtension>
        </extensions>
      </trkpt>
      <trkpt lat="30.75249664485454559326171875" lon="108.44512618146836757659912109375">
        <ele>416.20001220703125</ele>
        <time>2026-03-23T09:37:08.000Z</time>
        <extensions>
          <ns3:TrackPointExtension>
            <ns3:hr>145</ns3:hr>
            <ns3:cad>92</ns3:cad>
          </ns3:TrackPointExtension>
        </extensions>
      </trkpt>
      <trkpt lat="30.7524773664772510528564453125" lon="108.44512852840125560760498046875">
        <ele>416.20001220703125</ele>
        <time>2026-03-23T09:37:09.000Z</time>
        <extensions>
          <ns3:TrackPointExtension>
            <ns3:hr>145</ns3:hr>
            <ns3:cad>92</ns3:cad>
          </ns3:TrackPointExtension>
        </extensions>
      </trkpt>
      <trkpt lat="30.75245213694870471954345703125" lon="108.44512769021093845367431640625">
        <ele>416.20001220703125</ele>
        <time>2026-03-23T09:37:10.000Z</time>
        <extensions>
          <ns3:TrackPointExtension>
            <ns3:hr>145</ns3:hr>
            <ns3:cad>93</ns3:cad>
          </ns3:TrackPointExtension>
        </extensions>
      </trkpt>
      <trkpt lat="30.75243495404720306396484375" lon="108.4451271034777164459228515625">
        <ele>416.399993896484375</ele>
        <time>2026-03-23T09:37:11.000Z</time>
        <extensions>
          <ns3:TrackPointExtension>
            <ns3:hr>145</ns3:hr>
            <ns3:cad>94</ns3:cad>
          </ns3:TrackPointExtension>
        </extensions>
      </trkpt>
      <trkpt lat="30.752410478889942169189453125" lon="108.445117212831974029541015625">
        <ele>416.399993896484375</ele>
        <time>2026-03-23T09:37:12.000Z</time>
        <extensions>
          <ns3:TrackPointExtension>
            <ns3:hr>144</ns3:hr>
            <ns3:cad>93</ns3:cad>
          </ns3:TrackPointExtension>
        </extensions>
      </trkpt>
      <trkpt lat="30.7523912005126476287841796875" lon="108.44512098468840122222900390625">
        <ele>416.399993896484375</ele>
        <time>2026-03-23T09:37:13.000Z</time>
        <extensions>
          <ns3:TrackPointExtension>
            <ns3:hr>144</ns3:hr>
            <ns3:cad>94</ns3:cad>
          </ns3:TrackPointExtension>
        </extensions>
      </trkpt>
      <trkpt lat="30.75236731208860874176025390625" lon="108.445119224488735198974609375">
        <ele>416.399993896484375</ele>
        <time>2026-03-23T09:37:14.000Z</time>
        <extensions>
          <ns3:TrackPointExtension>
            <ns3:hr>144</ns3:hr>
            <ns3:cad>93</ns3:cad>
          </ns3:TrackPointExtension>
        </extensions>
      </trkpt>
      <trkpt lat="30.75234920717775821685791015625" lon="108.44512584619224071502685546875">
        <ele>416.399993896484375</ele>
        <time>2026-03-23T09:37:15.000Z</time>
        <extensions>
          <ns3:TrackPointExtension>
            <ns3:hr>145</ns3:hr>
            <ns3:cad>93</ns3:cad>
          </ns3:TrackPointExtension>
        </extensions>
      </trkpt>
      <trkpt lat="30.7523285038769245147705078125" lon="108.4451260976493358612060546875">
        <ele>416.399993896484375</ele>
        <time>2026-03-23T09:37:16.000Z</time>
        <extensions>
          <ns3:TrackPointExtension>
            <ns3:hr>144</ns3:hr>
            <ns3:cad>93</ns3:cad>
          </ns3:TrackPointExtension>
        </extensions>
      </trkpt>
      <trkpt lat="30.75230562128126621246337890625" lon="108.44513121061027050018310546875">
        <ele>416.399993896484375</ele>
        <time>2026-03-23T09:37:17.000Z</time>
        <extensions>
          <ns3:TrackPointExtension>
            <ns3:hr>144</ns3:hr>
            <ns3:cad>93</ns3:cad>
          </ns3:TrackPointExtension>
        </extensions>
      </trkpt>
      <trkpt lat="30.7522839121520519256591796875" lon="108.44513095915317535400390625">
        <ele>416.399993896484375</ele>
        <time>2026-03-23T09:37:18.000Z</time>
        <extensions>
          <ns3:TrackPointExtension>
            <ns3:hr>144</ns3:hr>
            <ns3:cad>94</ns3:cad>
          </ns3:TrackPointExtension>
        </extensions>
      </trkpt>
      <trkpt lat="30.7522577606141567230224609375" lon="108.4451289474964141845703125">
        <ele>416.399993896484375</ele>
        <time>2026-03-23T09:37:19.000Z</time>
        <extensions>
          <ns3:TrackPointExtension>
            <ns3:hr>143</ns3:hr>
            <ns3:cad>93</ns3:cad>
          </ns3:TrackPointExtension>
        </extensions>
      </trkpt>
      <trkpt lat="30.75223647058010101318359375" lon="108.445127941668033599853515625">
        <ele>416.399993896484375</ele>
        <time>2026-03-23T09:37:20.000Z</time>
        <extensions>
          <ns3:TrackPointExtension>
            <ns3:hr>143</ns3:hr>
            <ns3:cad>92</ns3:cad>
          </ns3:TrackPointExtension>
        </extensions>
      </trkpt>
      <trkpt lat="30.75220562517642974853515625" lon="108.4451267682015895843505859375">
        <ele>416.399993896484375</ele>
        <time>2026-03-23T09:37:21.000Z</time>
        <extensions>
          <ns3:TrackPointExtension>
            <ns3:hr>142</ns3:hr>
            <ns3:cad>92</ns3:cad>
          </ns3:TrackPointExtension>
        </extensions>
      </trkpt>
      <trkpt lat="30.75218743644654750823974609375" lon="108.4451240859925746917724609375">
        <ele>416.399993896484375</ele>
        <time>2026-03-23T09:37:22.000Z</time>
        <extensions>
          <ns3:TrackPointExtension>
            <ns3:hr>142</ns3:hr>
            <ns3:cad>92</ns3:cad>
          </ns3:TrackPointExtension>
        </extensions>
      </trkpt>
      <trkpt lat="30.75215927325189113616943359375" lon="108.44512349925935268402099609375">
        <ele>416.399993896484375</ele>
        <time>2026-03-23T09:37:23.000Z</time>
        <extensions>
          <ns3:TrackPointExtension>
            <ns3:hr>141</ns3:hr>
            <ns3:cad>93</ns3:cad>
          </ns3:TrackPointExtension>
        </extensions>
      </trkpt>
      <trkpt lat="30.7521397434175014495849609375" lon="108.4451316297054290771484375">
        <ele>416.399993896484375</ele>
        <time>2026-03-23T09:37:24.000Z</time>
        <extensions>
          <ns3:TrackPointExtension>
            <ns3:hr>141</ns3:hr>
            <ns3:cad>93</ns3:cad>
          </ns3:TrackPointExtension>
        </extensions>
      </trkpt>
      <trkpt lat="30.75211334042251110076904296875" lon="108.44513288699090480804443359375">
        <ele>416.399993896484375</ele>
        <time>2026-03-23T09:37:25.000Z</time>
        <extensions>
          <ns3:TrackPointExtension>
            <ns3:hr>141</ns3:hr>
            <ns3:cad>93</ns3:cad>
          </ns3:TrackPointExtension>
        </extensions>
      </trkpt>
      <trkpt lat="30.752091966569423675537109375" lon="108.44513707794249057769775390625">
        <ele>416.399993896484375</ele>
        <time>2026-03-23T09:37:26.000Z</time>
        <extensions>
          <ns3:TrackPointExtension>
            <ns3:hr>141</ns3:hr>
            <ns3:cad>94</ns3:cad>
          </ns3:TrackPointExtension>
        </extensions>
      </trkpt>
      <trkpt lat="30.75206740759313106536865234375" lon="108.4451334737241268157958984375">
        <ele>416.399993896484375</ele>
        <time>2026-03-23T09:37:27.000Z</time>
        <extensions>
          <ns3:TrackPointExtension>
            <ns3:hr>141</ns3:hr>
            <ns3:cad>93</ns3:cad>
          </ns3:TrackPointExtension>
        </extensions>
      </trkpt>
      <trkpt lat="30.75204729102551937103271484375" lon="108.44513372518122196197509765625">
        <ele>416.399993896484375</ele>
        <time>2026-03-23T09:37:28.000Z</time>
        <extensions>
          <ns3:TrackPointExtension>
            <ns3:hr>141</ns3:hr>
            <ns3:cad>93</ns3:cad>
          </ns3:TrackPointExtension>
        </extensions>
      </trkpt>
      <trkpt lat="30.75202583335340023040771484375" lon="108.4451267682015895843505859375">
        <ele>416.399993896484375</ele>
        <time>2026-03-23T09:37:29.000Z</time>
        <extensions>
          <ns3:TrackPointExtension>
            <ns3:hr>141</ns3:hr>
            <ns3:cad>92</ns3:cad>
          </ns3:TrackPointExtension>
        </extensions>
      </trkpt>
      <trkpt lat="30.75200186111032962799072265625" lon="108.4451277740299701690673828125">
        <ele>416.399993896484375</ele>
        <time>2026-03-23T09:37:30.000Z</time>
        <extensions>
          <ns3:TrackPointExtension>
            <ns3:hr>142</ns3:hr>
            <ns3:cad>92</ns3:cad>
          </ns3:TrackPointExtension>
        </extensions>
      </trkpt>
      <trkpt lat="30.7519818283617496490478515625" lon="108.4451297856867313385009765625">
        <ele>416.20001220703125</ele>
        <time>2026-03-23T09:37:31.000Z</time>
        <extensions>
          <ns3:TrackPointExtension>
            <ns3:hr>142</ns3:hr>
            <ns3:cad>93</ns3:cad>
          </ns3:TrackPointExtension>
        </extensions>
      </trkpt>
      <trkpt lat="30.75195676647126674652099609375" lon="108.44513976015150547027587890625">
        <ele>416.20001220703125</ele>
        <time>2026-03-23T09:37:32.000Z</time>
        <extensions>
          <ns3:TrackPointExtension>
            <ns3:hr>142</ns3:hr>
            <ns3:cad>93</ns3:cad>
          </ns3:TrackPointExtension>
        </extensions>
      </trkpt>
      <trkpt lat="30.7519392482936382293701171875" lon="108.44514864496886730194091796875">
        <ele>416.20001220703125</ele>
        <time>2026-03-23T09:37:33.000Z</time>
        <extensions>
          <ns3:TrackPointExtension>
            <ns3:hr>142</ns3:hr>
            <ns3:cad>93</ns3:cad>
          </ns3:TrackPointExtension>
        </extensions>
      </trkpt>
      <trkpt lat="30.751912258565425872802734375" lon="108.4451579488813877105712890625">
        <ele>416.20001220703125</ele>
        <time>2026-03-23T09:37:34.000Z</time>
        <extensions>
          <ns3:TrackPointExtension>
            <ns3:hr>142</ns3:hr>
            <ns3:cad>92</ns3:cad>
          </ns3:TrackPointExtension>
        </extensions>
      </trkpt>
      <trkpt lat="30.75189717113971710205078125" lon="108.44516909681260585784912109375">
        <ele>416.20001220703125</ele>
        <time>2026-03-23T09:37:35.000Z</time>
        <extensions>
          <ns3:TrackPointExtension>
            <ns3:hr>143</ns3:hr>
            <ns3:cad>92</ns3:cad>
          </ns3:TrackPointExtension>
        </extensions>
      </trkpt>
      <trkpt lat="30.7518721930682659149169921875" lon="108.44518032856285572052001953125">
        <ele>416.20001220703125</ele>
        <time>2026-03-23T09:37:36.000Z</time>
        <extensions>
          <ns3:TrackPointExtension>
            <ns3:hr>144</ns3:hr>
            <ns3:cad>92</ns3:cad>
          </ns3:TrackPointExtension>
        </extensions>
      </trkpt>
      <trkpt lat="30.75185718946158885955810546875" lon="108.445194996893405914306640625">
        <ele>416.20001220703125</ele>
        <time>2026-03-23T09:37:37.000Z</time>
        <extensions>
          <ns3:TrackPointExtension>
            <ns3:hr>144</ns3:hr>
            <ns3:cad>92</ns3:cad>
          </ns3:TrackPointExtension>
        </extensions>
      </trkpt>
      <trkpt lat="30.75183321721851825714111328125" lon="108.44520061276853084564208984375">
        <ele>416.20001220703125</ele>
        <time>2026-03-23T09:37:38.000Z</time>
        <extensions>
          <ns3:TrackPointExtension>
            <ns3:hr>145</ns3:hr>
            <ns3:cad>92</ns3:cad>
          </ns3:TrackPointExtension>
        </extensions>
      </trkpt>
      <trkpt lat="30.751815028488636016845703125" lon="108.44521134160459041595458984375">
        <ele>416.20001220703125</ele>
        <time>2026-03-23T09:37:39.000Z</time>
        <extensions>
          <ns3:TrackPointExtension>
            <ns3:hr>145</ns3:hr>
            <ns3:cad>94</ns3:cad>
          </ns3:TrackPointExtension>
        </extensions>
      </trkpt>
      <trkpt lat="30.7517937384545803070068359375" lon="108.44521687366068363189697265625">
        <ele>416.20001220703125</ele>
        <time>2026-03-23T09:37:40.000Z</time>
        <extensions>
          <ns3:TrackPointExtension>
            <ns3:hr>145</ns3:hr>
            <ns3:cad>94</ns3:cad>
          </ns3:TrackPointExtension>
        </extensions>
      </trkpt>
      <trkpt lat="30.75177538208663463592529296875" lon="108.44523129053413867950439453125">
        <ele>416.20001220703125</ele>
        <time>2026-03-23T09:37:41.000Z</time>
        <extensions>
          <ns3:TrackPointExtension>
            <ns3:hr>145</ns3:hr>
            <ns3:cad>93</ns3:cad>
          </ns3:TrackPointExtension>
        </extensions>
      </trkpt>
      <trkpt lat="30.75176062993705272674560546875" lon="108.44524495303630828857421875">
        <ele>416.20001220703125</ele>
        <time>2026-03-23T09:37:42.000Z</time>
        <extensions>
          <ns3:TrackPointExtension>
            <ns3:hr>145</ns3:hr>
            <ns3:cad>92</ns3:cad>
          </ns3:TrackPointExtension>
        </extensions>
      </trkpt>
      <trkpt lat="30.7517501525580883026123046875" lon="108.4452679194509983062744140625">
        <ele>416.20001220703125</ele>
        <time>2026-03-23T09:37:43.000Z</time>
        <extensions>
          <ns3:TrackPointExtension>
            <ns3:hr>144</ns3:hr>
            <ns3:cad>92</ns3:cad>
          </ns3:TrackPointExtension>
        </extensions>
      </trkpt>
      <trkpt lat="30.7517457939684391021728515625" lon="108.4452789835631847381591796875">
        <ele>416.20001220703125</ele>
        <time>2026-03-23T09:37:44.000Z</time>
        <extensions>
          <ns3:TrackPointExtension>
            <ns3:hr>144</ns3:hr>
            <ns3:cad>92</ns3:cad>
          </ns3:TrackPointExtension>
        </extensions>
      </trkpt>
      <trkpt lat="30.7517315447330474853515625" lon="108.445298261940479278564453125">
        <ele>416.20001220703125</ele>
        <time>2026-03-23T09:37:45.000Z</time>
        <extensions>
          <ns3:TrackPointExtension>
            <ns3:hr>144</ns3:hr>
            <ns3:cad>92</ns3:cad>
          </ns3:TrackPointExtension>
        </extensions>
      </trkpt>
      <trkpt lat="30.75172341428697109222412109375" lon="108.4453158639371395111083984375">
        <ele>416.20001220703125</ele>
        <time>2026-03-23T09:37:46.000Z</time>
        <extensions>
          <ns3:TrackPointExtension>
            <ns3:hr>143</ns3:hr>
            <ns3:cad>92</ns3:cad>
          </ns3:TrackPointExtension>
        </extensions>
      </trkpt>
      <trkpt lat="30.7517069019377231597900390625" lon="108.44533824361860752105712890625">
        <ele>416.20001220703125</ele>
        <time>2026-03-23T09:37:47.000Z</time>
        <extensions>
          <ns3:TrackPointExtension>
            <ns3:hr>143</ns3:hr>
            <ns3:cad>92</ns3:cad>
          </ns3:TrackPointExtension>
        </extensions>
      </trkpt>
      <trkpt lat="30.751701705157756805419921875" lon="108.44535618089139461517333984375">
        <ele>416.20001220703125</ele>
        <time>2026-03-23T09:37:48.000Z</time>
        <extensions>
          <ns3:TrackPointExtension>
            <ns3:hr>143</ns3:hr>
            <ns3:cad>92</ns3:cad>
          </ns3:TrackPointExtension>
        </extensions>
      </trkpt>
      <trkpt lat="30.75168938376009464263916015625" lon="108.445378728210926055908203125">
        <ele>416.20001220703125</ele>
        <time>2026-03-23T09:37:49.000Z</time>
        <extensions>
          <ns3:TrackPointExtension>
            <ns3:hr>142</ns3:hr>
            <ns3:cad>92</ns3:cad>
          </ns3:TrackPointExtension>
        </extensions>
      </trkpt>
      <trkpt lat="30.7516827620565891265869140625" lon="108.4454003535211086273193359375">
        <ele>416.20001220703125</ele>
        <time>2026-03-23T09:37:50.000Z</time>
        <extensions>
          <ns3:TrackPointExtension>
            <ns3:hr>142</ns3:hr>
            <ns3:cad>93</ns3:cad>
          </ns3:TrackPointExtension>
        </extensions>
      </trkpt>
      <trkpt lat="30.75167027302086353302001953125" lon="108.445425666868686676025390625">
        <ele>416.20001220703125</ele>
        <time>2026-03-23T09:37:51.000Z</time>
        <extensions>
          <ns3:TrackPointExtension>
            <ns3:hr>142</ns3:hr>
            <ns3:cad>94</ns3:cad>
          </ns3:TrackPointExtension>
        </extensions>
      </trkpt>
      <trkpt lat="30.75166071765124797821044921875" lon="108.44545039348304271697998046875">
        <ele>416.20001220703125</ele>
        <time>2026-03-23T09:37:52.000Z</time>
        <extensions>
          <ns3:TrackPointExtension>
            <ns3:hr>143</ns3:hr>
            <ns3:cad>94</ns3:cad>
          </ns3:TrackPointExtension>
        </extensions>
      </trkpt>
      <trkpt lat="30.75164881534874439239501953125" lon="108.44547017477452754974365234375">
        <ele>416.20001220703125</ele>
        <time>2026-03-23T09:37:53.000Z</time>
        <extensions>
          <ns3:TrackPointExtension>
            <ns3:hr>143</ns3:hr>
            <ns3:cad>94</ns3:cad>
          </ns3:TrackPointExtension>
        </extensions>
      </trkpt>
      <trkpt lat="30.7516430318355560302734375" lon="108.44550102017819881439208984375">
        <ele>416.20001220703125</ele>
        <time>2026-03-23T09:37:54.000Z</time>
        <extensions>
          <ns3:TrackPointExtension>
            <ns3:hr>143</ns3:hr>
            <ns3:cad>92</ns3:cad>
          </ns3:TrackPointExtension>
        </extensions>
      </trkpt>
      <trkpt lat="30.75163808651268482208251953125" lon="108.44552281312644481658935546875">
        <ele>416.20001220703125</ele>
        <time>2026-03-23T09:37:55.000Z</time>
        <extensions>
          <ns3:TrackPointExtension>
            <ns3:hr>143</ns3:hr>
            <ns3:cad>92</ns3:cad>
          </ns3:TrackPointExtension>
        </extensions>
      </trkpt>
      <trkpt lat="30.7516341470181941986083984375" lon="108.44555198214948177337646484375">
        <ele>416.20001220703125</ele>
        <time>2026-03-23T09:37:56.000Z</time>
        <extensions>
          <ns3:TrackPointExtension>
            <ns3:hr>144</ns3:hr>
            <ns3:cad>92</ns3:cad>
          </ns3:TrackPointExtension>
        </extensions>
      </trkpt>
      <trkpt lat="30.75162819586694240570068359375" lon="108.445573188364505767822265625">
        <ele>416.20001220703125</ele>
        <time>2026-03-23T09:37:57.000Z</time>
        <extensions>
          <ns3:TrackPointExtension>
            <ns3:hr>145</ns3:hr>
            <ns3:cad>92</ns3:cad>
          </ns3:TrackPointExtension>
        </extensions>
      </trkpt>
      <trkpt lat="30.7516214065253734588623046875" lon="108.44560227356851100921630859375">
        <ele>416.20001220703125</ele>
        <time>2026-03-23T09:37:58.000Z</time>
        <extensions>
          <ns3:TrackPointExtension>
            <ns3:hr>145</ns3:hr>
            <ns3:cad>92</ns3:cad>
          </ns3:TrackPointExtension>
        </extensions>
      </trkpt>
      <trkpt lat="30.75162417255342006683349609375" lon="108.445624820888042449951171875">
        <ele>416.20001220703125</ele>
        <time>2026-03-23T09:37:59.000Z</time>
        <extensions>
          <ns3:TrackPointExtension>
            <ns3:hr>146</ns3:hr>
            <ns3:cad>92</ns3:cad>
          </ns3:TrackPointExtension>
        </extensions>
      </trkpt>
      <trkpt lat="30.7516190595924854278564453125" lon="108.445652984082698822021484375">
        <ele>416.20001220703125</ele>
        <time>2026-03-23T09:38:00.000Z</time>
        <extensions>
          <ns3:TrackPointExtension>
            <ns3:hr>146</ns3:hr>
            <ns3:cad>92</ns3:cad>
          </ns3:TrackPointExtension>
        </extensions>
      </trkpt>
      <trkpt lat="30.751624591648578643798828125" lon="108.44567771069705486297607421875">
        <ele>416.20001220703125</ele>
        <time>2026-03-23T09:38:01.000Z</time>
        <extensions>
          <ns3:TrackPointExtension>
            <ns3:hr>147</ns3:hr>
            <ns3:cad>92</ns3:cad>
          </ns3:TrackPointExtension>
        </extensions>
      </trkpt>
      <trkpt lat="30.75162333436310291290283203125" lon="108.4457034431397914886474609375">
        <ele>416.399993896484375</ele>
        <time>2026-03-23T09:38:02.000Z</time>
        <extensions>
          <ns3:TrackPointExtension>
            <ns3:hr>147</ns3:hr>
            <ns3:cad>93</ns3:cad>
          </ns3:TrackPointExtension>
        </extensions>
      </trkpt>
      <trkpt lat="30.751627273857593536376953125" lon="108.4457312710583209991455078125">
        <ele>416.399993896484375</ele>
        <time>2026-03-23T09:38:03.000Z</time>
        <extensions>
          <ns3:TrackPointExtension>
            <ns3:hr>148</ns3:hr>
            <ns3:cad>93</ns3:cad>
          </ns3:TrackPointExtension>
        </extensions>
      </trkpt>
      <trkpt lat="30.751631297171115875244140625" lon="108.4457547403872013092041015625">
        <ele>416.399993896484375</ele>
        <time>2026-03-23T09:38:04.000Z</time>
        <extensions>
          <ns3:TrackPointExtension>
            <ns3:hr>148</ns3:hr>
            <ns3:cad>93</ns3:cad>
          </ns3:TrackPointExtension>
        </extensions>
      </trkpt>
      <trkpt lat="30.751641690731048583984375" lon="108.44578080810606479644775390625">
        <ele>416.399993896484375</ele>
        <time>2026-03-23T09:38:05.000Z</time>
        <extensions>
          <ns3:TrackPointExtension>
            <ns3:hr>147</ns3:hr>
            <ns3:cad>93</ns3:cad>
          </ns3:TrackPointExtension>
        </extensions>
      </trkpt>
      <trkpt lat="30.75164848007261753082275390625" lon="108.44580310396850109100341796875">
        <ele>416.399993896484375</ele>
        <time>2026-03-23T09:38:06.000Z</time>
        <extensions>
          <ns3:TrackPointExtension>
            <ns3:hr>147</ns3:hr>
            <ns3:cad>92</ns3:cad>
          </ns3:TrackPointExtension>
        </extensions>
      </trkpt>
      <trkpt lat="30.75165979564189910888671875" lon="108.44583244062960147857666015625">
        <ele>416.399993896484375</ele>
        <time>2026-03-23T09:38:07.000Z</time>
        <extensions>
          <ns3:TrackPointExtension>
            <ns3:hr>147</ns3:hr>
            <ns3:cad>92</ns3:cad>
          </ns3:TrackPointExtension>
        </extensions>
      </trkpt>
      <trkpt lat="30.75167111121118068695068359375" lon="108.44585171900689601898193359375">
        <ele>416.399993896484375</ele>
        <time>2026-03-23T09:38:08.000Z</time>
        <extensions>
          <ns3:TrackPointExtension>
            <ns3:hr>147</ns3:hr>
            <ns3:cad>92</ns3:cad>
          </ns3:TrackPointExtension>
        </extensions>
      </trkpt>
      <trkpt lat="30.75167848728597164154052734375" lon="108.44588021747767925262451171875">
        <ele>416.399993896484375</ele>
        <time>2026-03-23T09:38:09.000Z</time>
        <extensions>
          <ns3:TrackPointExtension>
            <ns3:hr>147</ns3:hr>
            <ns3:cad>92</ns3:cad>
          </ns3:TrackPointExtension>
        </extensions>
      </trkpt>
      <trkpt lat="30.75168988667428493499755859375" lon="108.4458985738456249237060546875">
        <ele>416.399993896484375</ele>
        <time>2026-03-23T09:38:10.000Z</time>
        <extensions>
          <ns3:TrackPointExtension>
            <ns3:hr>147</ns3:hr>
            <ns3:cad>92</ns3:cad>
          </ns3:TrackPointExtension>
        </extensions>
      </trkpt>
      <trkpt lat="30.75169877149164676666259765625" lon="108.44592514447867870330810546875">
        <ele>416.399993896484375</ele>
        <time>2026-03-23T09:38:11.000Z</time>
        <extensions>
          <ns3:TrackPointExtension>
            <ns3:hr>147</ns3:hr>
            <ns3:cad>92</ns3:cad>
          </ns3:TrackPointExtension>
        </extensions>
      </trkpt>
      <trkpt lat="30.7517115958034992218017578125" lon="108.4459455125033855438232421875">
        <ele>416.399993896484375</ele>
        <time>2026-03-23T09:38:12.000Z</time>
        <extensions>
          <ns3:TrackPointExtension>
            <ns3:hr>148</ns3:hr>
            <ns3:cad>93</ns3:cad>
          </ns3:TrackPointExtension>
        </extensions>
      </trkpt>
      <trkpt lat="30.751721151173114776611328125" lon="108.44597107730805873870849609375">
        <ele>416.399993896484375</ele>
        <time>2026-03-23T09:38:13.000Z</time>
        <extensions>
          <ns3:TrackPointExtension>
            <ns3:hr>147</ns3:hr>
            <ns3:cad>94</ns3:cad>
          </ns3:TrackPointExtension>
        </extensions>
      </trkpt>
      <trkpt lat="30.75173749588429927825927734375" lon="108.44599069096148014068603515625">
        <ele>416.399993896484375</ele>
        <time>2026-03-23T09:38:14.000Z</time>
        <extensions>
          <ns3:TrackPointExtension>
            <ns3:hr>147</ns3:hr>
            <ns3:cad>93</ns3:cad>
          </ns3:TrackPointExtension>
        </extensions>
      </trkpt>
      <trkpt lat="30.75175493024289608001708984375" lon="108.44600913114845752716064453125">
        <ele>416.399993896484375</ele>
        <time>2026-03-23T09:38:15.000Z</time>
        <extensions>
          <ns3:TrackPointExtension>
            <ns3:hr>147</ns3:hr>
            <ns3:cad>93</ns3:cad>
          </ns3:TrackPointExtension>
        </extensions>
      </trkpt>
      <trkpt lat="30.75177789665758609771728515625" lon="108.446025140583515167236328125">
        <ele>416.399993896484375</ele>
        <time>2026-03-23T09:38:16.000Z</time>
        <extensions>
          <ns3:TrackPointExtension>
            <ns3:hr>147</ns3:hr>
            <ns3:cad>93</ns3:cad>
          </ns3:TrackPointExtension>
        </extensions>
      </trkpt>
      <trkpt lat="30.75179248116910457611083984375" lon="108.446036539971828460693359375">
        <ele>416.399993896484375</ele>
        <time>2026-03-23T09:38:17.000Z</time>
        <extensions>
          <ns3:TrackPointExtension>
            <ns3:hr>148</ns3:hr>
            <ns3:cad>93</ns3:cad>
          </ns3:TrackPointExtension>
        </extensions>
      </trkpt>
      <trkpt lat="30.75181393884122371673583984375" lon="108.44605095684528350830078125">
        <ele>416.399993896484375</ele>
        <time>2026-03-23T09:38:18.000Z</time>
        <extensions>
          <ns3:TrackPointExtension>
            <ns3:hr>147</ns3:hr>
            <ns3:cad>91</ns3:cad>
          </ns3:TrackPointExtension>
        </extensions>
      </trkpt>
      <trkpt lat="30.7518292777240276336669921875" lon="108.44606193713843822479248046875">
        <ele>416.399993896484375</ele>
        <time>2026-03-23T09:38:19.000Z</time>
        <extensions>
          <ns3:TrackPointExtension>
            <ns3:hr>147</ns3:hr>
            <ns3:cad>91</ns3:cad>
          </ns3:TrackPointExtension>
        </extensions>
      </trkpt>
      <trkpt lat="30.75184796936810016632080078125" lon="108.4460792876780033111572265625">
        <ele>416.399993896484375</ele>
        <time>2026-03-23T09:38:20.000Z</time>
        <extensions>
          <ns3:TrackPointExtension>
            <ns3:hr>148</ns3:hr>
            <ns3:cad>91</ns3:cad>
          </ns3:TrackPointExtension>
        </extensions>
      </trkpt>
      <trkpt lat="30.751865990459918975830078125" lon="108.4460896812379360198974609375">
        <ele>416.399993896484375</ele>
        <time>2026-03-23T09:38:21.000Z</time>
        <extensions>
          <ns3:TrackPointExtension>
            <ns3:hr>148</ns3:hr>
            <ns3:cad>92</ns3:cad>
          </ns3:TrackPointExtension>
        </extensions>
      </trkpt>
      <trkpt lat="30.75188736431300640106201171875" lon="108.44610988162457942962646484375">
        <ele>416.399993896484375</ele>
        <time>2026-03-23T09:38:22.000Z</time>
        <extensions>
          <ns3:TrackPointExtension>
            <ns3:hr>148</ns3:hr>
            <ns3:cad>92</ns3:cad>
          </ns3:TrackPointExtension>
        </extensions>
      </trkpt>
      <trkpt lat="30.7519087381660938262939453125" lon="108.4461235441267490386962890625">
        <ele>416.399993896484375</ele>
        <time>2026-03-23T09:38:23.000Z</time>
        <extensions>
          <ns3:TrackPointExtension>
            <ns3:hr>148</ns3:hr>
            <ns3:cad>92</ns3:cad>
          </ns3:TrackPointExtension>
        </extensions>
      </trkpt>
      <trkpt lat="30.75193245895206928253173828125" lon="108.44613905064761638641357421875">
        <ele>416.399993896484375</ele>
        <time>2026-03-23T09:38:24.000Z</time>
        <extensions>
          <ns3:TrackPointExtension>
            <ns3:hr>147</ns3:hr>
            <ns3:cad>92</ns3:cad>
          </ns3:TrackPointExtension>
        </extensions>
      </trkpt>
      <trkpt lat="30.75195944868028163909912109375" lon="108.44615128822624683380126953125">
        <ele>416.399993896484375</ele>
        <time>2026-03-23T09:38:25.000Z</time>
        <extensions>
          <ns3:TrackPointExtension>
            <ns3:hr>148</ns3:hr>
            <ns3:cad>93</ns3:cad>
          </ns3:TrackPointExtension>
        </extensions>
      </trkpt>
      <trkpt lat="30.7519828341901302337646484375" lon="108.44615958631038665771484375">
        <ele>416.399993896484375</ele>
        <time>2026-03-23T09:38:26.000Z</time>
        <extensions>
          <ns3:TrackPointExtension>
            <ns3:hr>147</ns3:hr>
            <ns3:cad>94</ns3:cad>
          </ns3:TrackPointExtension>
        </extensions>
      </trkpt>
      <trkpt lat="30.7520150206983089447021484375" lon="108.44616486690938472747802734375">
        <ele>416.399993896484375</ele>
        <time>2026-03-23T09:38:27.000Z</time>
        <extensions>
          <ns3:TrackPointExtension>
            <ns3:hr>147</ns3:hr>
            <ns3:cad>93</ns3:cad>
          </ns3:TrackPointExtension>
        </extensions>
      </trkpt>
      <trkpt lat="30.75203287415206432342529296875" lon="108.44616226851940155029296875">
        <ele>416.399993896484375</ele>
        <time>2026-03-23T09:38:28.000Z</time>
        <extensions>
          <ns3:TrackPointExtension>
            <ns3:hr>147</ns3:hr>
            <ns3:cad>94</ns3:cad>
          </ns3:TrackPointExtension>
        </extensions>
      </trkpt>
      <trkpt lat="30.7520587742328643798828125" lon="108.446160592138767242431640625">
        <ele>416.399993896484375</ele>
        <time>2026-03-23T09:38:29.000Z</time>
        <extensions>
          <ns3:TrackPointExtension>
            <ns3:hr>146</ns3:hr>
            <ns3:cad>94</ns3:cad>
          </ns3:TrackPointExtension>
        </extensions>
      </trkpt>
      <trkpt lat="30.75207687914371490478515625" lon="108.446157909929752349853515625">
        <ele>416.399993896484375</ele>
        <time>2026-03-23T09:38:30.000Z</time>
        <extensions>
          <ns3:TrackPointExtension>
            <ns3:hr>146</ns3:hr>
            <ns3:cad>94</ns3:cad>
          </ns3:TrackPointExtension>
        </extensions>
      </trkpt>
      <trkpt lat="30.7521065510809421539306640625" lon="108.44615598209202289581298828125">
        <ele>416.399993896484375</ele>
        <time>2026-03-23T09:38:31.000Z</time>
        <extensions>
          <ns3:TrackPointExtension>
            <ns3:hr>145</ns3:hr>
            <ns3:cad>94</ns3:cad>
          </ns3:TrackPointExtension>
        </extensions>
      </trkpt>
      <trkpt lat="30.752128846943378448486328125" lon="108.4461523778736591339111328125">
        <ele>416.399993896484375</ele>
        <time>2026-03-23T09:38:32.000Z</time>
        <extensions>
          <ns3:TrackPointExtension>
            <ns3:hr>145</ns3:hr>
            <ns3:cad>93</ns3:cad>
          </ns3:TrackPointExtension>
        </extensions>
      </trkpt>
      <trkpt lat="30.75215625576674938201904296875" lon="108.44615832902491092681884765625">
        <ele>416.399993896484375</ele>
        <time>2026-03-23T09:38:33.000Z</time>
        <extensions>
          <ns3:TrackPointExtension>
            <ns3:hr>145</ns3:hr>
            <ns3:cad>94</ns3:cad>
          </ns3:TrackPointExtension>
        </extensions>
      </trkpt>
      <trkpt lat="30.75218106620013713836669921875" lon="108.4461560659110546112060546875">
        <ele>416.399993896484375</ele>
        <time>2026-03-23T09:38:34.000Z</time>
        <extensions>
          <ns3:TrackPointExtension>
            <ns3:hr>145</ns3:hr>
            <ns3:cad>93</ns3:cad>
          </ns3:TrackPointExtension>
        </extensions>
      </trkpt>
      <trkpt lat="30.75220420025289058685302734375" lon="108.44616335816681385040283203125">
        <ele>416.20001220703125</ele>
        <time>2026-03-23T09:38:35.000Z</time>
        <extensions>
          <ns3:TrackPointExtension>
            <ns3:hr>145</ns3:hr>
            <ns3:cad>93</ns3:cad>
          </ns3:TrackPointExtension>
        </extensions>
      </trkpt>
      <trkpt lat="30.75222901068627834320068359375" lon="108.44616436399519443511962890625">
        <ele>416.20001220703125</ele>
        <time>2026-03-23T09:38:36.000Z</time>
        <extensions>
          <ns3:TrackPointExtension>
            <ns3:hr>145</ns3:hr>
            <ns3:cad>92</ns3:cad>
          </ns3:TrackPointExtension>
        </extensions>
      </trkpt>
      <trkpt lat="30.75224795378744602203369140625" lon="108.44616469927132129669189453125">
        <ele>416.399993896484375</ele>
        <time>2026-03-23T09:38:37.000Z</time>
        <extensions>
          <ns3:TrackPointExtension>
            <ns3:hr>145</ns3:hr>
            <ns3:cad>92</ns3:cad>
          </ns3:TrackPointExtension>
        </extensions>
      </trkpt>
      <trkpt lat="30.75227527879178524017333984375" lon="108.446163944900035858154296875">
        <ele>416.399993896484375</ele>
        <time>2026-03-23T09:38:38.000Z</time>
        <extensions>
          <ns3:TrackPointExtension>
            <ns3:hr>145</ns3:hr>
            <ns3:cad>92</ns3:cad>
          </ns3:TrackPointExtension>
        </extensions>
      </trkpt>
      <trkpt lat="30.75229011476039886474609375" lon="108.4461627714335918426513671875">
        <ele>416.399993896484375</ele>
        <time>2026-03-23T09:38:39.000Z</time>
        <extensions>
          <ns3:TrackPointExtension>
            <ns3:hr>145</ns3:hr>
            <ns3:cad>92</ns3:cad>
          </ns3:TrackPointExtension>
        </extensions>
      </trkpt>
      <trkpt lat="30.75231693685054779052734375" lon="108.44615950249135494232177734375">
        <ele>416.20001220703125</ele>
        <time>2026-03-23T09:38:40.000Z</time>
        <extensions>
          <ns3:TrackPointExtension>
            <ns3:hr>145</ns3:hr>
            <ns3:cad>92</ns3:cad>
          </ns3:TrackPointExtension>
        </extensions>
      </trkpt>
      <trkpt lat="30.7523323595523834228515625" lon="108.4461527131497859954833984375">
        <ele>416.399993896484375</ele>
        <time>2026-03-23T09:38:41.000Z</time>
        <extensions>
          <ns3:TrackPointExtension>
            <ns3:hr>146</ns3:hr>
            <ns3:cad>92</ns3:cad>
          </ns3:TrackPointExtension>
        </extensions>
      </trkpt>
      <trkpt lat="30.7523616962134838104248046875" lon="108.446152545511722564697265625">
        <ele>416.399993896484375</ele>
        <time>2026-03-23T09:38:42.000Z</time>
        <extensions>
          <ns3:TrackPointExtension>
            <ns3:hr>146</ns3:hr>
            <ns3:cad>94</ns3:cad>
          </ns3:TrackPointExtension>
        </extensions>
      </trkpt>
      <trkpt lat="30.75238038785755634307861328125" lon="108.4461500309407711029052734375">
        <ele>416.20001220703125</ele>
        <time>2026-03-23T09:38:43.000Z</time>
        <extensions>
          <ns3:TrackPointExtension>
            <ns3:hr>146</ns3:hr>
            <ns3:cad>94</ns3:cad>
          </ns3:TrackPointExtension>
        </extensions>
      </trkpt>
      <trkpt lat="30.75240301899611949920654296875" lon="108.4461537189781665802001953125">
        <ele>416.20001220703125</ele>
        <time>2026-03-23T09:38:44.000Z</time>
        <extensions>
          <ns3:TrackPointExtension>
            <ns3:hr>146</ns3:hr>
            <ns3:cad>93</ns3:cad>
          </ns3:TrackPointExtension>
        </extensions>
      </trkpt>
      <trkpt lat="30.752424560487270355224609375" lon="108.446152545511722564697265625">
        <ele>416.20001220703125</ele>
        <time>2026-03-23T09:38:45.000Z</time>
        <extensions>
          <ns3:TrackPointExtension>
            <ns3:hr>146</ns3:hr>
            <ns3:cad>92</ns3:cad>
          </ns3:TrackPointExtension>
        </extensions>
      </trkpt>
      <trkpt lat="30.7524465210735797882080078125" lon="108.44615447334945201873779296875">
        <ele>416.20001220703125</ele>
        <time>2026-03-23T09:38:46.000Z</time>
        <extensions>
          <ns3:TrackPointExtension>
            <ns3:hr>146</ns3:hr>
            <ns3:cad>92</ns3:cad>
          </ns3:TrackPointExtension>
        </extensions>
      </trkpt>
      <trkpt lat="30.75247040949761867523193359375" lon="108.446154557168483734130859375">
        <ele>416.20001220703125</ele>
        <time>2026-03-23T09:38:47.000Z</time>
        <extensions>
          <ns3:TrackPointExtension>
            <ns3:hr>146</ns3:hr>
            <ns3:cad>92</ns3:cad>
          </ns3:TrackPointExtension>
        </extensions>
      </trkpt>
      <trkpt lat="30.7524897716939449310302734375" lon="108.44615480862557888031005859375">
        <ele>416.20001220703125</ele>
        <time>2026-03-23T09:38:48.000Z</time>
        <extensions>
          <ns3:TrackPointExtension>
            <ns3:hr>146</ns3:hr>
            <ns3:cad>93</ns3:cad>
          </ns3:TrackPointExtension>
        </extensions>
      </trkpt>
      <trkpt lat="30.7525159232318401336669921875" lon="108.44615179114043712615966796875">
        <ele>416.20001220703125</ele>
        <time>2026-03-23T09:38:49.000Z</time>
        <extensions>
          <ns3:TrackPointExtension>
            <ns3:hr>146</ns3:hr>
            <ns3:cad>93</ns3:cad>
          </ns3:TrackPointExtension>
        </extensions>
      </trkpt>
      <trkpt lat="30.75253344140946865081787109375" lon="108.4461486898362636566162109375">
        <ele>416.20001220703125</ele>
        <time>2026-03-23T09:38:50.000Z</time>
        <extensions>
          <ns3:TrackPointExtension>
            <ns3:hr>146</ns3:hr>
            <ns3:cad>93</ns3:cad>
          </ns3:TrackPointExtension>
        </extensions>
      </trkpt>
      <trkpt lat="30.752564035356044769287109375" lon="108.44614592380821704864501953125">
        <ele>416.20001220703125</ele>
        <time>2026-03-23T09:38:51.000Z</time>
        <extensions>
          <ns3:TrackPointExtension>
            <ns3:hr>146</ns3:hr>
            <ns3:cad>93</ns3:cad>
          </ns3:TrackPointExtension>
        </extensions>
      </trkpt>
      <trkpt lat="30.75258155353367328643798828125" lon="108.44614173285663127899169921875">
        <ele>416.20001220703125</ele>
        <time>2026-03-23T09:38:52.000Z</time>
        <extensions>
          <ns3:TrackPointExtension>
            <ns3:hr>146</ns3:hr>
            <ns3:cad>92</ns3:cad>
          </ns3:TrackPointExtension>
        </extensions>
      </trkpt>
      <trkpt lat="30.75260661542415618896484375" lon="108.446144498884677886962890625">
        <ele>416.20001220703125</ele>
        <time>2026-03-23T09:38:53.000Z</time>
        <extensions>
          <ns3:TrackPointExtension>
            <ns3:hr>146</ns3:hr>
            <ns3:cad>92</ns3:cad>
          </ns3:TrackPointExtension>
        </extensions>
      </trkpt>
      <trkpt lat="30.75262396596372127532958984375" lon="108.4461403079330921173095703125">
        <ele>416.20001220703125</ele>
        <time>2026-03-23T09:38:54.000Z</time>
        <extensions>
          <ns3:TrackPointExtension>
            <ns3:hr>146</ns3:hr>
            <ns3:cad>92</ns3:cad>
          </ns3:TrackPointExtension>
        </extensions>
      </trkpt>
      <trkpt lat="30.752646513283252716064453125" lon="108.4461455047130584716796875">
        <ele>416.20001220703125</ele>
        <time>2026-03-23T09:38:55.000Z</time>
        <extensions>
          <ns3:TrackPointExtension>
            <ns3:hr>146</ns3:hr>
            <ns3:cad>92</ns3:cad>
          </ns3:TrackPointExtension>
        </extensions>
      </trkpt>
      <trkpt lat="30.75266805477440357208251953125" lon="108.44614743255078792572021484375">
        <ele>416.20001220703125</ele>
        <time>2026-03-23T09:38:56.000Z</time>
        <extensions>
          <ns3:TrackPointExtension>
            <ns3:hr>145</ns3:hr>
            <ns3:cad>92</ns3:cad>
          </ns3:TrackPointExtension>
        </extensions>
      </trkpt>
      <trkpt lat="30.75269110500812530517578125" lon="108.4461517073214054107666015625">
        <ele>416.20001220703125</ele>
        <time>2026-03-23T09:38:57.000Z</time>
        <extensions>
          <ns3:TrackPointExtension>
            <ns3:hr>145</ns3:hr>
            <ns3:cad>92</ns3:cad>
          </ns3:TrackPointExtension>
        </extensions>
      </trkpt>
      <trkpt lat="30.7527159154415130615234375" lon="108.44614994712173938751220703125">
        <ele>416.20001220703125</ele>
        <time>2026-03-23T09:38:58.000Z</time>
        <extensions>
          <ns3:TrackPointExtension>
            <ns3:hr>144</ns3:hr>
            <ns3:cad>92</ns3:cad>
          </ns3:TrackPointExtension>
        </extensions>
      </trkpt>
      <trkpt lat="30.7527345232665538787841796875" lon="108.4461503662168979644775390625">
        <ele>416.20001220703125</ele>
        <time>2026-03-23T09:38:59.000Z</time>
        <extensions>
          <ns3:TrackPointExtension>
            <ns3:hr>144</ns3:hr>
            <ns3:cad>94</ns3:cad>
          </ns3:TrackPointExtension>
        </extensions>
      </trkpt>
      <trkpt lat="30.75275891460478305816650390625" lon="108.446150533854961395263671875">
        <ele>416.20001220703125</ele>
        <time>2026-03-23T09:39:00.000Z</time>
        <extensions>
          <ns3:TrackPointExtension>
            <ns3:hr>144</ns3:hr>
            <ns3:cad>94</ns3:cad>
          </ns3:TrackPointExtension>
        </extensions>
      </trkpt>
      <trkpt lat="30.7527764327824115753173828125" lon="108.4461507014930248260498046875">
        <ele>416.20001220703125</ele>
        <time>2026-03-23T09:39:01.000Z</time>
        <extensions>
          <ns3:TrackPointExtension>
            <ns3:hr>144</ns3:hr>
            <ns3:cad>93</ns3:cad>
          </ns3:TrackPointExtension>
        </extensions>
      </trkpt>
      <trkpt lat="30.75280216522514820098876953125" lon="108.4461480192840099334716796875">
        <ele>416.20001220703125</ele>
        <time>2026-03-23T09:39:02.000Z</time>
        <extensions>
          <ns3:TrackPointExtension>
            <ns3:hr>143</ns3:hr>
            <ns3:cad>93</ns3:cad>
          </ns3:TrackPointExtension>
        </extensions>
      </trkpt>
      <trkpt lat="30.75281825847923755645751953125" lon="108.44614441506564617156982421875">
        <ele>416.20001220703125</ele>
        <time>2026-03-23T09:39:03.000Z</time>
        <extensions>
          <ns3:TrackPointExtension>
            <ns3:hr>143</ns3:hr>
            <ns3:cad>93</ns3:cad>
          </ns3:TrackPointExtension>
        </extensions>
      </trkpt>
      <trkpt lat="30.7528448291122913360595703125" lon="108.44614215195178985595703125">
        <ele>416.20001220703125</ele>
        <time>2026-03-23T09:39:04.000Z</time>
        <extensions>
          <ns3:TrackPointExtension>
            <ns3:hr>143</ns3:hr>
            <ns3:cad>92</ns3:cad>
          </ns3:TrackPointExtension>
        </extensions>
      </trkpt>
      <trkpt lat="30.75286134146153926849365234375" lon="108.4461396373808383941650390625">
        <ele>416.20001220703125</ele>
        <time>2026-03-23T09:39:05.000Z</time>
        <extensions>
          <ns3:TrackPointExtension>
            <ns3:hr>143</ns3:hr>
            <ns3:cad>92</ns3:cad>
          </ns3:TrackPointExtension>
        </extensions>
      </trkpt>
      <trkpt lat="30.7528847269713878631591796875" lon="108.44614324159920215606689453125">
        <ele>416.20001220703125</ele>
        <time>2026-03-23T09:39:06.000Z</time>
        <extensions>
          <ns3:TrackPointExtension>
            <ns3:hr>143</ns3:hr>
            <ns3:cad>92</ns3:cad>
          </ns3:TrackPointExtension>
        </extensions>
      </trkpt>
      <trkpt lat="30.75290610082447528839111328125" lon="108.44613938592374324798583984375">
        <ele>416.20001220703125</ele>
        <time>2026-03-23T09:39:07.000Z</time>
        <extensions>
          <ns3:TrackPointExtension>
            <ns3:hr>143</ns3:hr>
            <ns3:cad>92</ns3:cad>
          </ns3:TrackPointExtension>
        </extensions>
      </trkpt>
      <trkpt lat="30.75293325819075107574462890625" lon="108.44613804481923580169677734375">
        <ele>416.20001220703125</ele>
        <time>2026-03-23T09:39:08.000Z</time>
        <extensions>
          <ns3:TrackPointExtension>
            <ns3:hr>143</ns3:hr>
            <ns3:cad>92</ns3:cad>
          </ns3:TrackPointExtension>
        </extensions>
      </trkpt>
      <trkpt lat="30.752957649528980255126953125" lon="108.4461374580860137939453125">
        <ele>416.20001220703125</ele>
        <time>2026-03-23T09:39:09.000Z</time>
        <extensions>
          <ns3:TrackPointExtension>
            <ns3:hr>143</ns3:hr>
            <ns3:cad>93</ns3:cad>
          </ns3:TrackPointExtension>
        </extensions>
      </trkpt>
      <trkpt lat="30.75298036448657512664794921875" lon="108.44613821245729923248291015625">
        <ele>416.20001220703125</ele>
        <time>2026-03-23T09:39:10.000Z</time>
        <extensions>
          <ns3:TrackPointExtension>
            <ns3:hr>142</ns3:hr>
            <ns3:cad>93</ns3:cad>
          </ns3:TrackPointExtension>
        </extensions>
      </trkpt>
      <trkpt lat="30.75300450436770915985107421875" lon="108.44614039175212383270263671875">
        <ele>416.20001220703125</ele>
        <time>2026-03-23T09:39:11.000Z</time>
        <extensions>
          <ns3:TrackPointExtension>
            <ns3:hr>142</ns3:hr>
            <ns3:cad>92</ns3:cad>
          </ns3:TrackPointExtension>
        </extensions>
      </trkpt>
      <trkpt lat="30.753023363649845123291015625" lon="108.4461428225040435791015625">
        <ele>416.20001220703125</ele>
        <time>2026-03-23T09:39:12.000Z</time>
        <extensions>
          <ns3:TrackPointExtension>
            <ns3:hr>142</ns3:hr>
            <ns3:cad>92</ns3:cad>
          </ns3:TrackPointExtension>
        </extensions>
      </trkpt>
      <trkpt lat="30.75304674915969371795654296875" lon="108.4461389668285846710205078125">
        <ele>416.20001220703125</ele>
        <time>2026-03-23T09:39:13.000Z</time>
        <extensions>
          <ns3:TrackPointExtension>
            <ns3:hr>142</ns3:hr>
            <ns3:cad>92</ns3:cad>
          </ns3:TrackPointExtension>
        </extensions>
      </trkpt>
      <trkpt lat="30.75306636281311511993408203125" lon="108.44613276422023773193359375">
        <ele>416.20001220703125</ele>
        <time>2026-03-23T09:39:14.000Z</time>
        <extensions>
          <ns3:TrackPointExtension>
            <ns3:hr>142</ns3:hr>
            <ns3:cad>93</ns3:cad>
          </ns3:TrackPointExtension>
        </extensions>
      </trkpt>
      <trkpt lat="30.75309301726520061492919921875" lon="108.44612228684127330780029296875">
        <ele>416.20001220703125</ele>
        <time>2026-03-23T09:39:15.000Z</time>
        <extensions>
          <ns3:TrackPointExtension>
            <ns3:hr>142</ns3:hr>
            <ns3:cad>93</ns3:cad>
          </ns3:TrackPointExtension>
        </extensions>
      </trkpt>
      <trkpt lat="30.7531103678047657012939453125" lon="108.44610996544361114501953125">
        <ele>416.20001220703125</ele>
        <time>2026-03-23T09:39:16.000Z</time>
        <extensions>
          <ns3:TrackPointExtension>
            <ns3:hr>142</ns3:hr>
            <ns3:cad>93</ns3:cad>
          </ns3:TrackPointExtension>
        </extensions>
      </trkpt>
      <trkpt lat="30.75313157401978969573974609375" lon="108.44609479419887065887451171875">
        <ele>416.20001220703125</ele>
        <time>2026-03-23T09:39:17.000Z</time>
        <extensions>
          <ns3:TrackPointExtension>
            <ns3:hr>142</ns3:hr>
            <ns3:cad>93</ns3:cad>
          </ns3:TrackPointExtension>
        </extensions>
      </trkpt>
      <trkpt lat="30.7531455717980861663818359375" lon="108.446077443659305572509765625">
        <ele>416.20001220703125</ele>
        <time>2026-03-23T09:39:18.000Z</time>
        <extensions>
          <ns3:TrackPointExtension>
            <ns3:hr>142</ns3:hr>
            <ns3:cad>93</ns3:cad>
          </ns3:TrackPointExtension>
        </extensions>
      </trkpt>
      <trkpt lat="30.753165520727634429931640625" lon="108.44606042839586734771728515625">
        <ele>416.399993896484375</ele>
        <time>2026-03-23T09:39:19.000Z</time>
        <extensions>
          <ns3:TrackPointExtension>
            <ns3:hr>142</ns3:hr>
            <ns3:cad>93</ns3:cad>
          </ns3:TrackPointExtension>
        </extensions>
      </trkpt>
      <trkpt lat="30.75317926704883575439453125" lon="108.44604684971272945404052734375">
        <ele>416.399993896484375</ele>
        <time>2026-03-23T09:39:20.000Z</time>
        <extensions>
          <ns3:TrackPointExtension>
            <ns3:hr>141</ns3:hr>
            <ns3:cad>93</ns3:cad>
          </ns3:TrackPointExtension>
        </extensions>
      </trkpt>
      <trkpt lat="30.7532015629112720489501953125" lon="108.44603377394378185272216796875">
        <ele>416.20001220703125</ele>
        <time>2026-03-23T09:39:21.000Z</time>
        <extensions>
          <ns3:TrackPointExtension>
            <ns3:hr>142</ns3:hr>
            <ns3:cad>94</ns3:cad>
          </ns3:TrackPointExtension>
        </extensions>
      </trkpt>
      <trkpt lat="30.75321824289858341217041015625" lon="108.44601877033710479736328125">
        <ele>416.399993896484375</ele>
        <time>2026-03-23T09:39:22.000Z</time>
        <extensions>
          <ns3:TrackPointExtension>
            <ns3:hr>142</ns3:hr>
            <ns3:cad>93</ns3:cad>
          </ns3:TrackPointExtension>
        </extensions>
      </trkpt>
      <trkpt lat="30.75324498116970062255859375" lon="108.4460061974823474884033203125">
        <ele>416.399993896484375</ele>
        <time>2026-03-23T09:39:23.000Z</time>
        <extensions>
          <ns3:TrackPointExtension>
            <ns3:hr>141</ns3:hr>
            <ns3:cad>93</ns3:cad>
          </ns3:TrackPointExtension>
        </extensions>
      </trkpt>
      <trkpt lat="30.75326316989958286285400390625" lon="108.44598884694278240203857421875">
        <ele>416.399993896484375</ele>
        <time>2026-03-23T09:39:24.000Z</time>
        <extensions>
          <ns3:TrackPointExtension>
            <ns3:hr>142</ns3:hr>
            <ns3:cad>93</ns3:cad>
          </ns3:TrackPointExtension>
        </extensions>
      </trkpt>
      <trkpt lat="30.7532826997339725494384765625" lon="108.4459716640412807464599609375">
        <ele>416.399993896484375</ele>
        <time>2026-03-23T09:39:25.000Z</time>
        <extensions>
          <ns3:TrackPointExtension>
            <ns3:hr>142</ns3:hr>
            <ns3:cad>93</ns3:cad>
          </ns3:TrackPointExtension>
        </extensions>
      </trkpt>
      <trkpt lat="30.75329401530325412750244140625" lon="108.4459577500820159912109375">
        <ele>416.399993896484375</ele>
        <time>2026-03-23T09:39:26.000Z</time>
        <extensions>
          <ns3:TrackPointExtension>
            <ns3:hr>141</ns3:hr>
            <ns3:cad>93</ns3:cad>
          </ns3:TrackPointExtension>
        </extensions>
      </trkpt>
      <trkpt lat="30.753302313387393951416015625" lon="108.44593855552375316619873046875">
        <ele>416.399993896484375</ele>
        <time>2026-03-23T09:39:27.000Z</time>
        <extensions>
          <ns3:TrackPointExtension>
            <ns3:hr>142</ns3:hr>
            <ns3:cad>93</ns3:cad>
          </ns3:TrackPointExtension>
        </extensions>
      </trkpt>
      <trkpt lat="30.75331144966185092926025390625" lon="108.44592086970806121826171875">
        <ele>416.399993896484375</ele>
        <time>2026-03-23T09:39:28.000Z</time>
        <extensions>
          <ns3:TrackPointExtension>
            <ns3:hr>142</ns3:hr>
            <ns3:cad>93</ns3:cad>
          </ns3:TrackPointExtension>
        </extensions>
      </trkpt>
      <trkpt lat="30.7533167302608489990234375" lon="108.44590921886265277862548828125">
        <ele>416.399993896484375</ele>
        <time>2026-03-23T09:39:29.000Z</time>
        <extensions>
          <ns3:TrackPointExtension>
            <ns3:hr>141</ns3:hr>
            <ns3:cad>92</ns3:cad>
          </ns3:TrackPointExtension>
        </extensions>
      </trkpt>
      <trkpt lat="30.753322429955005645751953125" lon="108.44589882530272006988525390625">
        <ele>416.399993896484375</ele>
        <time>2026-03-23T09:39:30.000Z</time>
        <extensions>
          <ns3:TrackPointExtension>
            <ns3:hr>142</ns3:hr>
            <ns3:cad>92</ns3:cad>
          </ns3:TrackPointExtension>
        </extensions>
      </trkpt>
      <trkpt lat="30.753328464925289154052734375" lon="108.4458905272185802459716796875">
        <ele>416.399993896484375</ele>
        <time>2026-03-23T09:39:31.000Z</time>
        <extensions>
          <ns3:TrackPointExtension>
            <ns3:hr>141</ns3:hr>
            <ns3:cad>0</ns3:cad>
          </ns3:TrackPointExtension>
        </extensions>
      </trkpt>
      <trkpt lat="30.75333475135266780853271484375" lon="108.445880301296710968017578125">
        <ele>416.399993896484375</ele>
        <time>2026-03-23T09:39:32.000Z</time>
        <extensions>
          <ns3:TrackPointExtension>
            <ns3:hr>141</ns3:hr>
            <ns3:cad>0</ns3:cad>
          </ns3:TrackPointExtension>
        </extensions>
      </trkpt>
      <trkpt lat="30.753340534865856170654296875" lon="108.445870913565158843994140625">
        <ele>416.399993896484375</ele>
        <time>2026-03-23T09:39:33.000Z</time>
        <extensions>
          <ns3:TrackPointExtension>
            <ns3:hr>141</ns3:hr>
            <ns3:cad>0</ns3:cad>
          </ns3:TrackPointExtension>
        </extensions>
      </trkpt>
      <trkpt lat="30.75246035121381282806396484375" lon="108.445127941668033599853515625">
        <ele>416.399993896484375</ele>
        <time>2026-03-23T09:42:03.000Z</time>
        <extensions>
          <ns3:TrackPointExtension>
            <ns3:hr>94</ns3:hr>
            <ns3:cad>57</ns3:cad>
          </ns3:TrackPointExtension>
        </extensions>
      </trkpt>
      <trkpt lat="30.75243897736072540283203125" lon="108.445124924182891845703125">
        <ele>416.20001220703125</ele>
        <time>2026-03-23T09:42:04.000Z</time>
        <extensions>
          <ns3:TrackPointExtension>
            <ns3:hr>94</ns3:hr>
            <ns3:cad>58</ns3:cad>
          </ns3:TrackPointExtension>
        </extensions>
      </trkpt>
      <trkpt lat="30.7524160109460353851318359375" lon="108.44511612318456172943115234375">
        <ele>416.20001220703125</ele>
        <time>2026-03-23T09:42:05.000Z</time>
        <extensions>
          <ns3:TrackPointExtension>
            <ns3:hr>93</ns3:hr>
            <ns3:cad>60</ns3:cad>
          </ns3:TrackPointExtension>
        </extensions>
      </trkpt>
      <trkpt lat="30.752393715083599090576171875" lon="108.44511545263230800628662109375">
        <ele>416.20001220703125</ele>
        <time>2026-03-23T09:42:06.000Z</time>
        <extensions>
          <ns3:TrackPointExtension>
            <ns3:hr>93</ns3:hr>
            <ns3:cad>119</ns3:cad>
          </ns3:TrackPointExtension>
        </extensions>
      </trkpt>
      <trkpt lat="30.75236546806991100311279296875" lon="108.445109836757183074951171875">
        <ele>416.20001220703125</ele>
        <time>2026-03-23T09:42:07.000Z</time>
        <extensions>
          <ns3:TrackPointExtension>
            <ns3:hr>94</ns3:hr>
            <ns3:cad>119</ns3:cad>
          </ns3:TrackPointExtension>
        </extensions>
      </trkpt>
      <trkpt lat="30.75233462266623973846435546875" lon="108.44510941766202449798583984375">
        <ele>416.20001220703125</ele>
        <time>2026-03-23T09:42:08.000Z</time>
        <extensions>
          <ns3:TrackPointExtension>
            <ns3:hr>94</ns3:hr>
            <ns3:cad>100</ns3:cad>
          </ns3:TrackPointExtension>
        </extensions>
      </trkpt>
      <trkpt lat="30.7523177750408649444580078125" lon="108.4451086632907390594482421875">
        <ele>416.20001220703125</ele>
        <time>2026-03-23T09:42:09.000Z</time>
        <extensions>
          <ns3:TrackPointExtension>
            <ns3:hr>95</ns3:hr>
            <ns3:cad>100</ns3:cad>
          </ns3:TrackPointExtension>
        </extensions>
      </trkpt>
      <trkpt lat="30.752293802797794342041015625" lon="108.44511109404265880584716796875">
        <ele>416</ele>
        <time>2026-03-23T09:42:10.000Z</time>
        <extensions>
          <ns3:TrackPointExtension>
            <ns3:hr>95</ns3:hr>
            <ns3:cad>96</ns3:cad>
          </ns3:TrackPointExtension>
        </extensions>
      </trkpt>
      <trkpt lat="30.7522721774876117706298828125" lon="108.44511486589908599853515625">
        <ele>416</ele>
        <time>2026-03-23T09:42:11.000Z</time>
        <extensions>
          <ns3:TrackPointExtension>
            <ns3:hr>95</ns3:hr>
            <ns3:cad>94</ns3:cad>
          </ns3:TrackPointExtension>
        </extensions>
      </trkpt>
      <trkpt lat="30.752238146960735321044921875" lon="108.44511494971811771392822265625">
        <ele>416</ele>
        <time>2026-03-23T09:42:12.000Z</time>
        <extensions>
          <ns3:TrackPointExtension>
            <ns3:hr>95</ns3:hr>
            <ns3:cad>94</ns3:cad>
          </ns3:TrackPointExtension>
        </extensions>
      </trkpt>
      <trkpt lat="30.75221157632768154144287109375" lon="108.44511696137487888336181640625">
        <ele>416</ele>
        <time>2026-03-23T09:42:13.000Z</time>
        <extensions>
          <ns3:TrackPointExtension>
            <ns3:hr>95</ns3:hr>
            <ns3:cad>94</ns3:cad>
          </ns3:TrackPointExtension>
        </extensions>
      </trkpt>
      <trkpt lat="30.75217486359179019927978515625" lon="108.445111848413944244384765625">
        <ele>416</ele>
        <time>2026-03-23T09:42:14.000Z</time>
        <extensions>
          <ns3:TrackPointExtension>
            <ns3:hr>95</ns3:hr>
            <ns3:cad>94</ns3:cad>
          </ns3:TrackPointExtension>
        </extensions>
      </trkpt>
      <trkpt lat="30.75214686803519725799560546875" lon="108.4451146982610225677490234375">
        <ele>416</ele>
        <time>2026-03-23T09:42:15.000Z</time>
        <extensions>
          <ns3:TrackPointExtension>
            <ns3:hr>95</ns3:hr>
            <ns3:cad>94</ns3:cad>
          </ns3:TrackPointExtension>
        </extensions>
      </trkpt>
      <trkpt lat="30.7521125860512256622314453125" lon="108.4451113454997539520263671875">
        <ele>416</ele>
        <time>2026-03-23T09:42:16.000Z</time>
        <extensions>
          <ns3:TrackPointExtension>
            <ns3:hr>95</ns3:hr>
            <ns3:cad>94</ns3:cad>
          </ns3:TrackPointExtension>
        </extensions>
      </trkpt>
      <trkpt lat="30.75208970345556735992431640625" lon="108.44511444680392742156982421875">
        <ele>416</ele>
        <time>2026-03-23T09:42:17.000Z</time>
        <extensions>
          <ns3:TrackPointExtension>
            <ns3:hr>94</ns3:hr>
            <ns3:cad>94</ns3:cad>
          </ns3:TrackPointExtension>
        </extensions>
      </trkpt>
      <trkpt lat="30.75206120498478412628173828125" lon="108.4451116807758808135986328125">
        <ele>416</ele>
        <time>2026-03-23T09:42:18.000Z</time>
        <extensions>
          <ns3:TrackPointExtension>
            <ns3:hr>94</ns3:hr>
            <ns3:cad>93</ns3:cad>
          </ns3:TrackPointExtension>
        </extensions>
      </trkpt>
      <trkpt lat="30.7520344667136669158935546875" lon="108.44511746428906917572021484375">
        <ele>416</ele>
        <time>2026-03-23T09:42:19.000Z</time>
        <extensions>
          <ns3:TrackPointExtension>
            <ns3:hr>93</ns3:hr>
            <ns3:cad>92</ns3:cad>
          </ns3:TrackPointExtension>
        </extensions>
      </trkpt>
      <trkpt lat="30.752010159194469451904296875" lon="108.44511779956519603729248046875">
        <ele>416</ele>
        <time>2026-03-23T09:42:20.000Z</time>
        <extensions>
          <ns3:TrackPointExtension>
            <ns3:hr>93</ns3:hr>
            <ns3:cad>92</ns3:cad>
          </ns3:TrackPointExtension>
        </extensions>
      </trkpt>
      <trkpt lat="30.75198241509497165679931640625" lon="108.44513095915317535400390625">
        <ele>416</ele>
        <time>2026-03-23T09:42:21.000Z</time>
        <extensions>
          <ns3:TrackPointExtension>
            <ns3:hr>93</ns3:hr>
            <ns3:cad>92</ns3:cad>
          </ns3:TrackPointExtension>
        </extensions>
      </trkpt>
      <trkpt lat="30.75196196325123310089111328125" lon="108.44514210708439350128173828125">
        <ele>416</ele>
        <time>2026-03-23T09:42:22.000Z</time>
        <extensions>
          <ns3:TrackPointExtension>
            <ns3:hr>94</ns3:hr>
            <ns3:cad>92</ns3:cad>
          </ns3:TrackPointExtension>
        </extensions>
      </trkpt>
      <trkpt lat="30.7519372366368770599365234375" lon="108.445157110691070556640625">
        <ele>416</ele>
        <time>2026-03-23T09:42:23.000Z</time>
        <extensions>
          <ns3:TrackPointExtension>
            <ns3:hr>94</ns3:hr>
            <ns3:cad>92</ns3:cad>
          </ns3:TrackPointExtension>
        </extensions>
      </trkpt>
      <trkpt lat="30.7519204728305339813232421875" lon="108.4451703540980815887451171875">
        <ele>416</ele>
        <time>2026-03-23T09:42:24.000Z</time>
        <extensions>
          <ns3:TrackPointExtension>
            <ns3:hr>94</ns3:hr>
            <ns3:cad>94</ns3:cad>
          </ns3:TrackPointExtension>
        </extensions>
      </trkpt>
      <trkpt lat="30.75189457274973392486572265625" lon="108.44517923891544342041015625">
        <ele>416</ele>
        <time>2026-03-23T09:42:25.000Z</time>
        <extensions>
          <ns3:TrackPointExtension>
            <ns3:hr>94</ns3:hr>
            <ns3:cad>94</ns3:cad>
          </ns3:TrackPointExtension>
        </extensions>
      </trkpt>
      <trkpt lat="30.751875378191471099853515625" lon="108.4451933205127716064453125">
        <ele>416</ele>
        <time>2026-03-23T09:42:26.000Z</time>
        <extensions>
          <ns3:TrackPointExtension>
            <ns3:hr>94</ns3:hr>
            <ns3:cad>94</ns3:cad>
          </ns3:TrackPointExtension>
        </extensions>
      </trkpt>
      <trkpt lat="30.7518495619297027587890625" lon="108.44519742764532566070556640625">
        <ele>416</ele>
        <time>2026-03-23T09:42:27.000Z</time>
        <extensions>
          <ns3:TrackPointExtension>
            <ns3:hr>95</ns3:hr>
            <ns3:cad>93</ns3:cad>
          </ns3:TrackPointExtension>
        </extensions>
      </trkpt>
      <trkpt lat="30.75182584114372730255126953125" lon="108.445212431252002716064453125">
        <ele>416</ele>
        <time>2026-03-23T09:42:28.000Z</time>
        <extensions>
          <ns3:TrackPointExtension>
            <ns3:hr>95</ns3:hr>
            <ns3:cad>93</ns3:cad>
          </ns3:TrackPointExtension>
        </extensions>
      </trkpt>
      <trkpt lat="30.7518031261861324310302734375" lon="108.44522416591644287109375">
        <ele>416</ele>
        <time>2026-03-23T09:42:29.000Z</time>
        <extensions>
          <ns3:TrackPointExtension>
            <ns3:hr>95</ns3:hr>
            <ns3:cad>93</ns3:cad>
          </ns3:TrackPointExtension>
        </extensions>
      </trkpt>
      <trkpt lat="30.75178191997110843658447265625" lon="108.44524688087403774261474609375">
        <ele>416</ele>
        <time>2026-03-23T09:42:30.000Z</time>
        <extensions>
          <ns3:TrackPointExtension>
            <ns3:hr>95</ns3:hr>
            <ns3:cad>92</ns3:cad>
          </ns3:TrackPointExtension>
        </extensions>
      </trkpt>
      <trkpt lat="30.75176498852670192718505859375" lon="108.44526498578488826751708984375">
        <ele>416</ele>
        <time>2026-03-23T09:42:31.000Z</time>
        <extensions>
          <ns3:TrackPointExtension>
            <ns3:hr>96</ns3:hr>
            <ns3:cad>92</ns3:cad>
          </ns3:TrackPointExtension>
        </extensions>
      </trkpt>
      <trkpt lat="30.751745961606502532958984375" lon="108.4452903829514980316162109375">
        <ele>416</ele>
        <time>2026-03-23T09:42:32.000Z</time>
        <extensions>
          <ns3:TrackPointExtension>
            <ns3:hr>97</ns3:hr>
            <ns3:cad>92</ns3:cad>
          </ns3:TrackPointExtension>
        </extensions>
      </trkpt>
      <trkpt lat="30.75173447839915752410888671875" lon="108.44530907459557056427001953125">
        <ele>416</ele>
        <time>2026-03-23T09:42:33.000Z</time>
        <extensions>
          <ns3:TrackPointExtension>
            <ns3:hr>98</ns3:hr>
            <ns3:cad>92</ns3:cad>
          </ns3:TrackPointExtension>
        </extensions>
      </trkpt>
      <trkpt lat="30.7517162896692752838134765625" lon="108.44533103518187999725341796875">
        <ele>416</ele>
        <time>2026-03-23T09:42:34.000Z</time>
        <extensions>
          <ns3:TrackPointExtension>
            <ns3:hr>99</ns3:hr>
            <ns3:cad>94</ns3:cad>
          </ns3:TrackPointExtension>
        </extensions>
      </trkpt>
      <trkpt lat="30.75170916505157947540283203125" lon="108.4453520737588405609130859375">
        <ele>416</ele>
        <time>2026-03-23T09:42:35.000Z</time>
        <extensions>
          <ns3:TrackPointExtension>
            <ns3:hr>100</ns3:hr>
            <ns3:cad>94</ns3:cad>
          </ns3:TrackPointExtension>
        </extensions>
      </trkpt>
      <trkpt lat="30.75169223360717296600341796875" lon="108.44537436962127685546875">
        <ele>416</ele>
        <time>2026-03-23T09:42:36.000Z</time>
        <extensions>
          <ns3:TrackPointExtension>
            <ns3:hr>101</ns3:hr>
            <ns3:cad>93</ns3:cad>
          </ns3:TrackPointExtension>
        </extensions>
      </trkpt>
      <trkpt lat="30.7516887970268726348876953125" lon="108.4453970007598400115966796875">
        <ele>416</ele>
        <time>2026-03-23T09:42:37.000Z</time>
        <extensions>
          <ns3:TrackPointExtension>
            <ns3:hr>102</ns3:hr>
            <ns3:cad>93</ns3:cad>
          </ns3:TrackPointExtension>
        </extensions>
      </trkpt>
      <trkpt lat="30.7516763918101787567138671875" lon="108.44542189501225948333740234375">
        <ele>416</ele>
        <time>2026-03-23T09:42:38.000Z</time>
        <extensions>
          <ns3:TrackPointExtension>
            <ns3:hr>103</ns3:hr>
            <ns3:cad>93</ns3:cad>
          </ns3:TrackPointExtension>
        </extensions>
      </trkpt>
      <trkpt lat="30.75166876427829265594482421875" lon="108.445449136197566986083984375">
        <ele>416</ele>
        <time>2026-03-23T09:42:39.000Z</time>
        <extensions>
          <ns3:TrackPointExtension>
            <ns3:hr>104</ns3:hr>
            <ns3:cad>93</ns3:cad>
          </ns3:TrackPointExtension>
        </extensions>
      </trkpt>
      <trkpt lat="30.7516629807651042938232421875" lon="108.44547419808804988861083984375">
        <ele>416.20001220703125</ele>
        <time>2026-03-23T09:42:40.000Z</time>
        <extensions>
          <ns3:TrackPointExtension>
            <ns3:hr>105</ns3:hr>
            <ns3:cad>92</ns3:cad>
          </ns3:TrackPointExtension>
        </extensions>
      </trkpt>
      <trkpt lat="30.75165803544223308563232421875" lon="108.44550638459622859954833984375">
        <ele>416.20001220703125</ele>
        <time>2026-03-23T09:42:41.000Z</time>
        <extensions>
          <ns3:TrackPointExtension>
            <ns3:hr>107</ns3:hr>
            <ns3:cad>91</ns3:cad>
          </ns3:TrackPointExtension>
        </extensions>
      </trkpt>
      <trkpt lat="30.75165309011936187744140625" lon="108.445531614124774932861328125">
        <ele>416.20001220703125</ele>
        <time>2026-03-23T09:42:42.000Z</time>
        <extensions>
          <ns3:TrackPointExtension>
            <ns3:hr>112</ns3:hr>
            <ns3:cad>91</ns3:cad>
          </ns3:TrackPointExtension>
        </extensions>
      </trkpt>
      <trkpt lat="30.75164915062487125396728515625" lon="108.44555885531008243560791015625">
        <ele>416.20001220703125</ele>
        <time>2026-03-23T09:42:43.000Z</time>
        <extensions>
          <ns3:TrackPointExtension>
            <ns3:hr>130</ns3:hr>
            <ns3:cad>93</ns3:cad>
          </ns3:TrackPointExtension>
        </extensions>
      </trkpt>
      <trkpt lat="30.75164973735809326171875" lon="108.44558031298220157623291015625">
        <ele>416.20001220703125</ele>
        <time>2026-03-23T09:42:44.000Z</time>
        <extensions>
          <ns3:TrackPointExtension>
            <ns3:hr>132</ns3:hr>
            <ns3:cad>94</ns3:cad>
          </ns3:TrackPointExtension>
        </extensions>
      </trkpt>
      <trkpt lat="30.75164395384490489959716796875" lon="108.44560629688203334808349609375">
        <ele>416.20001220703125</ele>
        <time>2026-03-23T09:42:45.000Z</time>
        <extensions>
          <ns3:TrackPointExtension>
            <ns3:hr>133</ns3:hr>
            <ns3:cad>93</ns3:cad>
          </ns3:TrackPointExtension>
        </extensions>
      </trkpt>
      <trkpt lat="30.7516465522348880767822265625" lon="108.44563077203929424285888671875">
        <ele>416.20001220703125</ele>
        <time>2026-03-23T09:42:46.000Z</time>
        <extensions>
          <ns3:TrackPointExtension>
            <ns3:hr>134</ns3:hr>
            <ns3:cad>93</ns3:cad>
          </ns3:TrackPointExtension>
        </extensions>
      </trkpt>
      <trkpt lat="30.75164797715842723846435546875" lon="108.44565893523395061492919921875">
        <ele>416.20001220703125</ele>
        <time>2026-03-23T09:42:47.000Z</time>
        <extensions>
          <ns3:TrackPointExtension>
            <ns3:hr>134</ns3:hr>
            <ns3:cad>92</ns3:cad>
          </ns3:TrackPointExtension>
        </extensions>
      </trkpt>
      <trkpt lat="30.75165401212871074676513671875" lon="108.44568081200122833251953125">
        <ele>416</ele>
        <time>2026-03-23T09:42:48.000Z</time>
        <extensions>
          <ns3:TrackPointExtension>
            <ns3:hr>135</ns3:hr>
            <ns3:cad>92</ns3:cad>
          </ns3:TrackPointExtension>
        </extensions>
      </trkpt>
      <trkpt lat="30.7516586221754550933837890625" lon="108.44570486806333065032958984375">
        <ele>416.20001220703125</ele>
        <time>2026-03-23T09:42:49.000Z</time>
        <extensions>
          <ns3:TrackPointExtension>
            <ns3:hr>136</ns3:hr>
            <ns3:cad>92</ns3:cad>
          </ns3:TrackPointExtension>
        </extensions>
      </trkpt>
      <trkpt lat="30.7516670040786266326904296875" lon="108.44573043286800384521484375">
        <ele>416.20001220703125</ele>
        <time>2026-03-23T09:42:50.000Z</time>
        <extensions>
          <ns3:TrackPointExtension>
            <ns3:hr>136</ns3:hr>
            <ns3:cad>92</ns3:cad>
          </ns3:TrackPointExtension>
        </extensions>
      </trkpt>
      <trkpt lat="30.7516720332205295562744140625" lon="108.44575163908302783966064453125">
        <ele>416.20001220703125</ele>
        <time>2026-03-23T09:42:51.000Z</time>
        <extensions>
          <ns3:TrackPointExtension>
            <ns3:hr>136</ns3:hr>
            <ns3:cad>93</ns3:cad>
          </ns3:TrackPointExtension>
        </extensions>
      </trkpt>
      <trkpt lat="30.751676894724369049072265625" lon="108.44578080810606479644775390625">
        <ele>416.20001220703125</ele>
        <time>2026-03-23T09:42:52.000Z</time>
        <extensions>
          <ns3:TrackPointExtension>
            <ns3:hr>136</ns3:hr>
            <ns3:cad>94</ns3:cad>
          </ns3:TrackPointExtension>
        </extensions>
      </trkpt>
      <trkpt lat="30.75168703682720661163330078125" lon="108.44580578617751598358154296875">
        <ele>416.20001220703125</ele>
        <time>2026-03-23T09:42:53.000Z</time>
        <extensions>
          <ns3:TrackPointExtension>
            <ns3:hr>135</ns3:hr>
            <ns3:cad>94</ns3:cad>
          </ns3:TrackPointExtension>
        </extensions>
      </trkpt>
      <trkpt lat="30.75169508345425128936767578125" lon="108.4458358772099018096923828125">
        <ele>416.20001220703125</ele>
        <time>2026-03-23T09:42:54.000Z</time>
        <extensions>
          <ns3:TrackPointExtension>
            <ns3:hr>136</ns3:hr>
            <ns3:cad>92</ns3:cad>
          </ns3:TrackPointExtension>
        </extensions>
      </trkpt>
      <trkpt lat="30.75170581229031085968017578125" lon="108.44585993327200412750244140625">
        <ele>416.20001220703125</ele>
        <time>2026-03-23T09:42:55.000Z</time>
        <extensions>
          <ns3:TrackPointExtension>
            <ns3:hr>136</ns3:hr>
            <ns3:cad>92</ns3:cad>
          </ns3:TrackPointExtension>
        </extensions>
      </trkpt>
      <trkpt lat="30.751713104546070098876953125" lon="108.44588541425764560699462890625">
        <ele>416.20001220703125</ele>
        <time>2026-03-23T09:42:56.000Z</time>
        <extensions>
          <ns3:TrackPointExtension>
            <ns3:hr>137</ns3:hr>
            <ns3:cad>92</ns3:cad>
          </ns3:TrackPointExtension>
        </extensions>
      </trkpt>
      <trkpt lat="30.7517263479530811309814453125" lon="108.4459106437861919403076171875">
        <ele>416.20001220703125</ele>
        <time>2026-03-23T09:42:57.000Z</time>
        <extensions>
          <ns3:TrackPointExtension>
            <ns3:hr>138</ns3:hr>
            <ns3:cad>94</ns3:cad>
          </ns3:TrackPointExtension>
        </extensions>
      </trkpt>
      <trkpt lat="30.75173967517912387847900390625" lon="108.44592682085931301116943359375">
        <ele>416.20001220703125</ele>
        <time>2026-03-23T09:42:58.000Z</time>
        <extensions>
          <ns3:TrackPointExtension>
            <ns3:hr>139</ns3:hr>
            <ns3:cad>94</ns3:cad>
          </ns3:TrackPointExtension>
        </extensions>
      </trkpt>
      <trkpt lat="30.75175157748162746429443359375" lon="108.44593989662826061248779296875">
        <ele>416.20001220703125</ele>
        <time>2026-03-23T09:42:59.000Z</time>
        <extensions>
          <ns3:TrackPointExtension>
            <ns3:hr>141</ns3:hr>
            <ns3:cad>94</ns3:cad>
          </ns3:TrackPointExtension>
        </extensions>
      </trkpt>
      <trkpt lat="30.75176465325057506561279296875" lon="108.44595045782625675201416015625">
        <ele>416.20001220703125</ele>
        <time>2026-03-23T09:43:00.000Z</time>
        <extensions>
          <ns3:TrackPointExtension>
            <ns3:hr>142</ns3:hr>
            <ns3:cad>94</ns3:cad>
          </ns3:TrackPointExtension>
        </extensions>
      </trkpt>
      <trkpt lat="30.7517739571630954742431640625" lon="108.44596889801323413848876953125">
        <ele>416.20001220703125</ele>
        <time>2026-03-23T09:43:01.000Z</time>
        <extensions>
          <ns3:TrackPointExtension>
            <ns3:hr>142</ns3:hr>
            <ns3:cad>95</ns3:cad>
          </ns3:TrackPointExtension>
        </extensions>
      </trkpt>
      <trkpt lat="30.7517853565514087677001953125" lon="108.44598163850605487823486328125">
        <ele>416.20001220703125</ele>
        <time>2026-03-23T09:43:02.000Z</time>
        <extensions>
          <ns3:TrackPointExtension>
            <ns3:hr>142</ns3:hr>
            <ns3:cad>96</ns3:cad>
          </ns3:TrackPointExtension>
        </extensions>
      </trkpt>
      <trkpt lat="30.75179499574005603790283203125" lon="108.445997647941112518310546875">
        <ele>416.20001220703125</ele>
        <time>2026-03-23T09:43:03.000Z</time>
        <extensions>
          <ns3:TrackPointExtension>
            <ns3:hr>142</ns3:hr>
            <ns3:cad>96</ns3:cad>
          </ns3:TrackPointExtension>
        </extensions>
      </trkpt>
      <trkpt lat="30.7518066465854644775390625" lon="108.44600594602525234222412109375">
        <ele>416.20001220703125</ele>
        <time>2026-03-23T09:43:04.000Z</time>
        <extensions>
          <ns3:TrackPointExtension>
            <ns3:hr>142</ns3:hr>
            <ns3:cad>95</ns3:cad>
          </ns3:TrackPointExtension>
        </extensions>
      </trkpt>
      <trkpt lat="30.751815699040889739990234375" lon="108.4460179321467876434326171875">
        <ele>416.20001220703125</ele>
        <time>2026-03-23T09:43:05.000Z</time>
        <extensions>
          <ns3:TrackPointExtension>
            <ns3:hr>142</ns3:hr>
            <ns3:cad>95</ns3:cad>
          </ns3:TrackPointExtension>
        </extensions>
      </trkpt>
      <trkpt lat="30.7518299482762813568115234375" lon="108.446032516658306121826171875">
        <ele>416.20001220703125</ele>
        <time>2026-03-23T09:43:06.000Z</time>
        <extensions>
          <ns3:TrackPointExtension>
            <ns3:hr>141</ns3:hr>
            <ns3:cad>95</ns3:cad>
          </ns3:TrackPointExtension>
        </extensions>
      </trkpt>
      <trkpt lat="30.75184277258813381195068359375" lon="108.446043916046619415283203125">
        <ele>416.20001220703125</ele>
        <time>2026-03-23T09:43:07.000Z</time>
        <extensions>
          <ns3:TrackPointExtension>
            <ns3:hr>141</ns3:hr>
            <ns3:cad>95</ns3:cad>
          </ns3:TrackPointExtension>
        </extensions>
      </trkpt>
      <trkpt lat="30.751858614385128021240234375" lon="108.44605824910104274749755859375">
        <ele>416.20001220703125</ele>
        <time>2026-03-23T09:43:08.000Z</time>
        <extensions>
          <ns3:TrackPointExtension>
            <ns3:hr>141</ns3:hr>
            <ns3:cad>95</ns3:cad>
          </ns3:TrackPointExtension>
        </extensions>
      </trkpt>
      <trkpt lat="30.75187529437243938446044921875" lon="108.44606713391840457916259765625">
        <ele>416.20001220703125</ele>
        <time>2026-03-23T09:43:09.000Z</time>
        <extensions>
          <ns3:TrackPointExtension>
            <ns3:hr>143</ns3:hr>
            <ns3:cad>94</ns3:cad>
          </ns3:TrackPointExtension>
        </extensions>
      </trkpt>
      <trkpt lat="30.75189457274973392486572265625" lon="108.4460823051631450653076171875">
        <ele>416.20001220703125</ele>
        <time>2026-03-23T09:43:10.000Z</time>
        <extensions>
          <ns3:TrackPointExtension>
            <ns3:hr>143</ns3:hr>
            <ns3:cad>94</ns3:cad>
          </ns3:TrackPointExtension>
        </extensions>
      </trkpt>
      <trkpt lat="30.75191326439380645751953125" lon="108.44609110616147518157958984375">
        <ele>416.20001220703125</ele>
        <time>2026-03-23T09:43:11.000Z</time>
        <extensions>
          <ns3:TrackPointExtension>
            <ns3:hr>143</ns3:hr>
            <ns3:cad>93</ns3:cad>
          </ns3:TrackPointExtension>
        </extensions>
      </trkpt>
      <trkpt lat="30.7519300282001495361328125" lon="108.4461017511785030364990234375">
        <ele>416.20001220703125</ele>
        <time>2026-03-23T09:43:12.000Z</time>
        <extensions>
          <ns3:TrackPointExtension>
            <ns3:hr>144</ns3:hr>
            <ns3:cad>94</ns3:cad>
          </ns3:TrackPointExtension>
        </extensions>
      </trkpt>
      <trkpt lat="30.7519509829580783843994140625" lon="108.44611407257616519927978515625">
        <ele>416.20001220703125</ele>
        <time>2026-03-23T09:43:13.000Z</time>
        <extensions>
          <ns3:TrackPointExtension>
            <ns3:hr>144</ns3:hr>
            <ns3:cad>94</ns3:cad>
          </ns3:TrackPointExtension>
        </extensions>
      </trkpt>
      <trkpt lat="30.75196799822151660919189453125" lon="108.44612396322190761566162109375">
        <ele>416.20001220703125</ele>
        <time>2026-03-23T09:43:14.000Z</time>
        <extensions>
          <ns3:TrackPointExtension>
            <ns3:hr>144</ns3:hr>
            <ns3:cad>94</ns3:cad>
          </ns3:TrackPointExtension>
        </extensions>
      </trkpt>
      <trkpt lat="30.75198912061750888824462890625" lon="108.446134440600872039794921875">
        <ele>416.20001220703125</ele>
        <time>2026-03-23T09:43:15.000Z</time>
        <extensions>
          <ns3:TrackPointExtension>
            <ns3:hr>144</ns3:hr>
            <ns3:cad>94</ns3:cad>
          </ns3:TrackPointExtension>
        </extensions>
      </trkpt>
      <trkpt lat="30.75200571678578853607177734375" lon="108.44613502733409404754638671875">
        <ele>416.20001220703125</ele>
        <time>2026-03-23T09:43:16.000Z</time>
        <extensions>
          <ns3:TrackPointExtension>
            <ns3:hr>144</ns3:hr>
            <ns3:cad>93</ns3:cad>
          </ns3:TrackPointExtension>
        </extensions>
      </trkpt>
      <trkpt lat="30.752026923000812530517578125" lon="108.44613955356180667877197265625">
        <ele>416.20001220703125</ele>
        <time>2026-03-23T09:43:17.000Z</time>
        <extensions>
          <ns3:TrackPointExtension>
            <ns3:hr>144</ns3:hr>
            <ns3:cad>94</ns3:cad>
          </ns3:TrackPointExtension>
        </extensions>
      </trkpt>
      <trkpt lat="30.7520455308258533477783203125" lon="108.44613821245729923248291015625">
        <ele>416.20001220703125</ele>
        <time>2026-03-23T09:43:18.000Z</time>
        <extensions>
          <ns3:TrackPointExtension>
            <ns3:hr>144</ns3:hr>
            <ns3:cad>94</ns3:cad>
          </ns3:TrackPointExtension>
        </extensions>
      </trkpt>
      <trkpt lat="30.7520646415650844573974609375" lon="108.44613854773342609405517578125">
        <ele>416.20001220703125</ele>
        <time>2026-03-23T09:43:19.000Z</time>
        <extensions>
          <ns3:TrackPointExtension>
            <ns3:hr>144</ns3:hr>
            <ns3:cad>94</ns3:cad>
          </ns3:TrackPointExtension>
        </extensions>
      </trkpt>
      <trkpt lat="30.7520847581326961517333984375" lon="108.446137122809886932373046875">
        <ele>416.20001220703125</ele>
        <time>2026-03-23T09:43:20.000Z</time>
        <extensions>
          <ns3:TrackPointExtension>
            <ns3:hr>144</ns3:hr>
            <ns3:cad>94</ns3:cad>
          </ns3:TrackPointExtension>
        </extensions>
      </trkpt>
      <trkpt lat="30.75210462324321269989013671875" lon="108.44613838009536266326904296875">
        <ele>416.20001220703125</ele>
        <time>2026-03-23T09:43:21.000Z</time>
        <extensions>
          <ns3:TrackPointExtension>
            <ns3:hr>144</ns3:hr>
            <ns3:cad>94</ns3:cad>
          </ns3:TrackPointExtension>
        </extensions>
      </trkpt>
      <trkpt lat="30.75212574563920497894287109375" lon="108.4461382962763309478759765625">
        <ele>416.20001220703125</ele>
        <time>2026-03-23T09:43:22.000Z</time>
        <extensions>
          <ns3:TrackPointExtension>
            <ns3:hr>144</ns3:hr>
            <ns3:cad>94</ns3:cad>
          </ns3:TrackPointExtension>
        </extensions>
      </trkpt>
    </trkseg>
  </trk>
</gpx>
