<gpx xmlns:ns3="http://www.garmin.com/xmlschemas/TrackPointExtension/v1" xmlns="http://www.topografix.com/GPX/1/1" xmlns:xsi="http://www.w3.org/2001/XMLSchema-instance" xmlns:ns2="http://www.garmin.com/xmlschemas/GpxExtensions/v3" creator="Garmin Connect" version="1.1" xsi:schemaLocation="http://www.topografix.com/GPX/1/1 http://www.topografix.com/GPX/11.xsd">
  <extensions>
<distance>3189.84</distance>
<average_hr>142.0</average_hr>
<average_speed>2.526000022888183</average_speed>
<start_time>2026-04-17T10:39:49+00:00</start_time>
<end_time>2026-04-17T11:00:51.801000+00:00</end_time>
<moving_time>1261.53</moving_time>
<elapsed_time>1262.801</elapsed_time>
</extensions>
<metadata>
    <link href="connect.garmin.com">
      <text>Garmin Connect</text>
    </link>
    <time>2026-04-17T10:39:49.000Z</time>
  </metadata>
  <trk>
    <name>Wanzhou Running</name>
    <type>running</type>
    <trkseg>
      <trkpt lat="30.7532944343984127044677734375" lon="108.445646949112415313720703125">
        <ele>415.399993896484375</ele>
        <time>2026-04-17T10:39:49.000Z</time>
        <extensions>
          <ns3:TrackPointExtension>
            <ns3:hr>99</ns3:hr>
            <ns3:cad>0</ns3:cad>
          </ns3:TrackPointExtension>
        </extensions>
      </trkpt>
      <trkpt lat="30.7532925903797149658203125" lon="108.44563446007668972015380859375">
        <ele>415.399993896484375</ele>
        <time>2026-04-17T10:39:50.000Z</time>
        <extensions>
          <ns3:TrackPointExtension>
            <ns3:hr>100</ns3:hr>
            <ns3:cad>0</ns3:cad>
          </ns3:TrackPointExtension>
        </extensions>
      </trkpt>
      <trkpt lat="30.75329384766519069671630859375" lon="108.4456088952720165252685546875">
        <ele>415.399993896484375</ele>
        <time>2026-04-17T10:39:51.000Z</time>
        <extensions>
          <ns3:TrackPointExtension>
            <ns3:hr>99</ns3:hr>
            <ns3:cad>0</ns3:cad>
          </ns3:TrackPointExtension>
        </extensions>
      </trkpt>
      <trkpt lat="30.7532952725887298583984375" lon="108.44558819197118282318115234375">
        <ele>415.399993896484375</ele>
        <time>2026-04-17T10:39:52.000Z</time>
        <extensions>
          <ns3:TrackPointExtension>
            <ns3:hr>99</ns3:hr>
            <ns3:cad>0</ns3:cad>
          </ns3:TrackPointExtension>
        </extensions>
      </trkpt>
      <trkpt lat="30.75329728424549102783203125" lon="108.44556639902293682098388671875">
        <ele>415.399993896484375</ele>
        <time>2026-04-17T10:39:53.000Z</time>
        <extensions>
          <ns3:TrackPointExtension>
            <ns3:hr>99</ns3:hr>
            <ns3:cad>0</ns3:cad>
          </ns3:TrackPointExtension>
        </extensions>
      </trkpt>
      <trkpt lat="30.75330055318772792816162109375" lon="108.44554225914180278778076171875">
        <ele>415.399993896484375</ele>
        <time>2026-04-17T10:39:54.000Z</time>
        <extensions>
          <ns3:TrackPointExtension>
            <ns3:hr>99</ns3:hr>
            <ns3:cad>0</ns3:cad>
          </ns3:TrackPointExtension>
        </extensions>
      </trkpt>
      <trkpt lat="30.7533024810254573822021484375" lon="108.4455166943371295928955078125">
        <ele>415.399993896484375</ele>
        <time>2026-04-17T10:39:55.000Z</time>
        <extensions>
          <ns3:TrackPointExtension>
            <ns3:hr>99</ns3:hr>
            <ns3:cad>0</ns3:cad>
          </ns3:TrackPointExtension>
        </extensions>
      </trkpt>
      <trkpt lat="30.75330264866352081298828125" lon="108.44548844732344150543212890625">
        <ele>415.399993896484375</ele>
        <time>2026-04-17T10:39:56.000Z</time>
        <extensions>
          <ns3:TrackPointExtension>
            <ns3:hr>99</ns3:hr>
            <ns3:cad>57</ns3:cad>
          </ns3:TrackPointExtension>
        </extensions>
      </trkpt>
      <trkpt lat="30.753299295902252197265625" lon="108.44546355307102203369140625">
        <ele>415.399993896484375</ele>
        <time>2026-04-17T10:39:57.000Z</time>
        <extensions>
          <ns3:TrackPointExtension>
            <ns3:hr>99</ns3:hr>
            <ns3:cad>91</ns3:cad>
          </ns3:TrackPointExtension>
        </extensions>
      </trkpt>
      <trkpt lat="30.753296278417110443115234375" lon="108.4454368986189365386962890625">
        <ele>415.399993896484375</ele>
        <time>2026-04-17T10:39:58.000Z</time>
        <extensions>
          <ns3:TrackPointExtension>
            <ns3:hr>100</ns3:hr>
            <ns3:cad>91</ns3:cad>
          </ns3:TrackPointExtension>
        </extensions>
      </trkpt>
      <trkpt lat="30.75328613631427288055419921875" lon="108.445408903062343597412109375">
        <ele>415.399993896484375</ele>
        <time>2026-04-17T10:39:59.000Z</time>
        <extensions>
          <ns3:TrackPointExtension>
            <ns3:hr>100</ns3:hr>
            <ns3:cad>91</ns3:cad>
          </ns3:TrackPointExtension>
        </extensions>
      </trkpt>
      <trkpt lat="30.75328253209590911865234375" lon="108.445387780666351318359375">
        <ele>415.399993896484375</ele>
        <time>2026-04-17T10:40:00.000Z</time>
        <extensions>
          <ns3:TrackPointExtension>
            <ns3:hr>100</ns3:hr>
            <ns3:cad>91</ns3:cad>
          </ns3:TrackPointExtension>
        </extensions>
      </trkpt>
      <trkpt lat="30.7532702945172786712646484375" lon="108.4453674964606761932373046875">
        <ele>415.399993896484375</ele>
        <time>2026-04-17T10:40:01.000Z</time>
        <extensions>
          <ns3:TrackPointExtension>
            <ns3:hr>100</ns3:hr>
            <ns3:cad>91</ns3:cad>
          </ns3:TrackPointExtension>
        </extensions>
      </trkpt>
      <trkpt lat="30.7532615773379802703857421875" lon="108.4453475475311279296875">
        <ele>415.399993896484375</ele>
        <time>2026-04-17T10:40:02.000Z</time>
        <extensions>
          <ns3:TrackPointExtension>
            <ns3:hr>101</ns3:hr>
            <ns3:cad>91</ns3:cad>
          </ns3:TrackPointExtension>
        </extensions>
      </trkpt>
      <trkpt lat="30.75324959121644496917724609375" lon="108.44533237628638744354248046875">
        <ele>415.399993896484375</ele>
        <time>2026-04-17T10:40:03.000Z</time>
        <extensions>
          <ns3:TrackPointExtension>
            <ns3:hr>102</ns3:hr>
            <ns3:cad>92</ns3:cad>
          </ns3:TrackPointExtension>
        </extensions>
      </trkpt>
      <trkpt lat="30.75323802419006824493408203125" lon="108.44531108625233173370361328125">
        <ele>415.399993896484375</ele>
        <time>2026-04-17T10:40:04.000Z</time>
        <extensions>
          <ns3:TrackPointExtension>
            <ns3:hr>103</ns3:hr>
            <ns3:cad>92</ns3:cad>
          </ns3:TrackPointExtension>
        </extensions>
      </trkpt>
      <trkpt lat="30.75322276912629604339599609375" lon="108.44528610818088054656982421875">
        <ele>415.20001220703125</ele>
        <time>2026-04-17T10:40:05.000Z</time>
        <extensions>
          <ns3:TrackPointExtension>
            <ns3:hr>104</ns3:hr>
            <ns3:cad>92</ns3:cad>
          </ns3:TrackPointExtension>
        </extensions>
      </trkpt>
      <trkpt lat="30.7532094419002532958984375" lon="108.4452657401561737060546875">
        <ele>415.20001220703125</ele>
        <time>2026-04-17T10:40:06.000Z</time>
        <extensions>
          <ns3:TrackPointExtension>
            <ns3:hr>104</ns3:hr>
            <ns3:cad>92</ns3:cad>
          </ns3:TrackPointExtension>
        </extensions>
      </trkpt>
      <trkpt lat="30.75319309718906879425048828125" lon="108.44524486921727657318115234375">
        <ele>415.20001220703125</ele>
        <time>2026-04-17T10:40:07.000Z</time>
        <extensions>
          <ns3:TrackPointExtension>
            <ns3:hr>105</ns3:hr>
            <ns3:cad>92</ns3:cad>
          </ns3:TrackPointExtension>
        </extensions>
      </trkpt>
      <trkpt lat="30.75317935086786746978759765625" lon="108.44522743485867977142333984375">
        <ele>415.20001220703125</ele>
        <time>2026-04-17T10:40:08.000Z</time>
        <extensions>
          <ns3:TrackPointExtension>
            <ns3:hr>106</ns3:hr>
            <ns3:cad>92</ns3:cad>
          </ns3:TrackPointExtension>
        </extensions>
      </trkpt>
      <trkpt lat="30.7531630061566829681396484375" lon="108.44520279206335544586181640625">
        <ele>415.20001220703125</ele>
        <time>2026-04-17T10:40:09.000Z</time>
        <extensions>
          <ns3:TrackPointExtension>
            <ns3:hr>107</ns3:hr>
            <ns3:cad>92</ns3:cad>
          </ns3:TrackPointExtension>
        </extensions>
      </trkpt>
      <trkpt lat="30.75315085239708423614501953125" lon="108.445186950266361236572265625">
        <ele>415.20001220703125</ele>
        <time>2026-04-17T10:40:10.000Z</time>
        <extensions>
          <ns3:TrackPointExtension>
            <ns3:hr>108</ns3:hr>
            <ns3:cad>92</ns3:cad>
          </ns3:TrackPointExtension>
        </extensions>
      </trkpt>
      <trkpt lat="30.75313123874366283416748046875" lon="108.4451606310904026031494140625">
        <ele>415.20001220703125</ele>
        <time>2026-04-17T10:40:11.000Z</time>
        <extensions>
          <ns3:TrackPointExtension>
            <ns3:hr>109</ns3:hr>
            <ns3:cad>92</ns3:cad>
          </ns3:TrackPointExtension>
        </extensions>
      </trkpt>
      <trkpt lat="30.75311430729925632476806640625" lon="108.4451519139111042022705078125">
        <ele>415.20001220703125</ele>
        <time>2026-04-17T10:40:12.000Z</time>
        <extensions>
          <ns3:TrackPointExtension>
            <ns3:hr>111</ns3:hr>
            <ns3:cad>92</ns3:cad>
          </ns3:TrackPointExtension>
        </extensions>
      </trkpt>
      <trkpt lat="30.753095448017120361328125" lon="108.44513389281928539276123046875">
        <ele>415.20001220703125</ele>
        <time>2026-04-17T10:40:13.000Z</time>
        <extensions>
          <ns3:TrackPointExtension>
            <ns3:hr>114</ns3:hr>
            <ns3:cad>92</ns3:cad>
          </ns3:TrackPointExtension>
        </extensions>
      </trkpt>
      <trkpt lat="30.75307927094399929046630859375" lon="108.445127941668033599853515625">
        <ele>415.20001220703125</ele>
        <time>2026-04-17T10:40:14.000Z</time>
        <extensions>
          <ns3:TrackPointExtension>
            <ns3:hr>115</ns3:hr>
            <ns3:cad>92</ns3:cad>
          </ns3:TrackPointExtension>
        </extensions>
      </trkpt>
      <trkpt lat="30.75305647216737270355224609375" lon="108.44511729665100574493408203125">
        <ele>415.20001220703125</ele>
        <time>2026-04-17T10:40:15.000Z</time>
        <extensions>
          <ns3:TrackPointExtension>
            <ns3:hr>116</ns3:hr>
            <ns3:cad>92</ns3:cad>
          </ns3:TrackPointExtension>
        </extensions>
      </trkpt>
      <trkpt lat="30.753038786351680755615234375" lon="108.44511687755584716796875">
        <ele>415.20001220703125</ele>
        <time>2026-04-17T10:40:16.000Z</time>
        <extensions>
          <ns3:TrackPointExtension>
            <ns3:hr>116</ns3:hr>
            <ns3:cad>92</ns3:cad>
          </ns3:TrackPointExtension>
        </extensions>
      </trkpt>
      <trkpt lat="30.7530185021460056304931640625" lon="108.44510824419558048248291015625">
        <ele>415.20001220703125</ele>
        <time>2026-04-17T10:40:17.000Z</time>
        <extensions>
          <ns3:TrackPointExtension>
            <ns3:hr>117</ns3:hr>
            <ns3:cad>92</ns3:cad>
          </ns3:TrackPointExtension>
        </extensions>
      </trkpt>
      <trkpt lat="30.75299687683582305908203125" lon="108.445106483995914459228515625">
        <ele>415.20001220703125</ele>
        <time>2026-04-17T10:40:18.000Z</time>
        <extensions>
          <ns3:TrackPointExtension>
            <ns3:hr>117</ns3:hr>
            <ns3:cad>93</ns3:cad>
          </ns3:TrackPointExtension>
        </extensions>
      </trkpt>
      <trkpt lat="30.752975083887577056884765625" lon="108.4451043047010898590087890625">
        <ele>415.399993896484375</ele>
        <time>2026-04-17T10:40:19.000Z</time>
        <extensions>
          <ns3:TrackPointExtension>
            <ns3:hr>117</ns3:hr>
            <ns3:cad>92</ns3:cad>
          </ns3:TrackPointExtension>
        </extensions>
      </trkpt>
      <trkpt lat="30.75295655988156795501708984375" lon="108.445107825100421905517578125">
        <ele>415.399993896484375</ele>
        <time>2026-04-17T10:40:20.000Z</time>
        <extensions>
          <ns3:TrackPointExtension>
            <ns3:hr>118</ns3:hr>
            <ns3:cad>93</ns3:cad>
          </ns3:TrackPointExtension>
        </extensions>
      </trkpt>
      <trkpt lat="30.75293929316103458404541015625" lon="108.445109166204929351806640625">
        <ele>415.399993896484375</ele>
        <time>2026-04-17T10:40:21.000Z</time>
        <extensions>
          <ns3:TrackPointExtension>
            <ns3:hr>118</ns3:hr>
            <ns3:cad>93</ns3:cad>
          </ns3:TrackPointExtension>
        </extensions>
      </trkpt>
      <trkpt lat="30.75291615910828113555908203125" lon="108.4451101720333099365234375">
        <ele>415.399993896484375</ele>
        <time>2026-04-17T10:40:22.000Z</time>
        <extensions>
          <ns3:TrackPointExtension>
            <ns3:hr>119</ns3:hr>
            <ns3:cad>93</ns3:cad>
          </ns3:TrackPointExtension>
        </extensions>
      </trkpt>
      <trkpt lat="30.7529004849493503570556640625" lon="108.44511092640459537506103515625">
        <ele>415.399993896484375</ele>
        <time>2026-04-17T10:40:23.000Z</time>
        <extensions>
          <ns3:TrackPointExtension>
            <ns3:hr>120</ns3:hr>
            <ns3:cad>93</ns3:cad>
          </ns3:TrackPointExtension>
        </extensions>
      </trkpt>
      <trkpt lat="30.752875506877899169921875" lon="108.44511092640459537506103515625">
        <ele>415.399993896484375</ele>
        <time>2026-04-17T10:40:24.000Z</time>
        <extensions>
          <ns3:TrackPointExtension>
            <ns3:hr>120</ns3:hr>
            <ns3:cad>93</ns3:cad>
          </ns3:TrackPointExtension>
        </extensions>
      </trkpt>
      <trkpt lat="30.75285647995769977569580078125" lon="108.44511025585234165191650390625">
        <ele>415.399993896484375</ele>
        <time>2026-04-17T10:40:25.000Z</time>
        <extensions>
          <ns3:TrackPointExtension>
            <ns3:hr>121</ns3:hr>
            <ns3:cad>93</ns3:cad>
          </ns3:TrackPointExtension>
        </extensions>
      </trkpt>
      <trkpt lat="30.75282697565853595733642578125" lon="108.44510707072913646697998046875">
        <ele>415.399993896484375</ele>
        <time>2026-04-17T10:40:26.000Z</time>
        <extensions>
          <ns3:TrackPointExtension>
            <ns3:hr>121</ns3:hr>
            <ns3:cad>93</ns3:cad>
          </ns3:TrackPointExtension>
        </extensions>
      </trkpt>
      <trkpt lat="30.75281088240444660186767578125" lon="108.44510623253881931304931640625">
        <ele>415.399993896484375</ele>
        <time>2026-04-17T10:40:27.000Z</time>
        <extensions>
          <ns3:TrackPointExtension>
            <ns3:hr>121</ns3:hr>
            <ns3:cad>93</ns3:cad>
          </ns3:TrackPointExtension>
        </extensions>
      </trkpt>
      <trkpt lat="30.75278841890394687652587890625" lon="108.4451032988727092742919921875">
        <ele>415.399993896484375</ele>
        <time>2026-04-17T10:40:28.000Z</time>
        <extensions>
          <ns3:TrackPointExtension>
            <ns3:hr>122</ns3:hr>
            <ns3:cad>93</ns3:cad>
          </ns3:TrackPointExtension>
        </extensions>
      </trkpt>
      <trkpt lat="30.75276863761246204376220703125" lon="108.44510413706302642822265625">
        <ele>415.399993896484375</ele>
        <time>2026-04-17T10:40:29.000Z</time>
        <extensions>
          <ns3:TrackPointExtension>
            <ns3:hr>122</ns3:hr>
            <ns3:cad>93</ns3:cad>
          </ns3:TrackPointExtension>
        </extensions>
      </trkpt>
      <trkpt lat="30.75274500064551830291748046875" lon="108.4450992755591869354248046875">
        <ele>415.399993896484375</ele>
        <time>2026-04-17T10:40:30.000Z</time>
        <extensions>
          <ns3:TrackPointExtension>
            <ns3:hr>122</ns3:hr>
            <ns3:cad>93</ns3:cad>
          </ns3:TrackPointExtension>
        </extensions>
      </trkpt>
      <trkpt lat="30.75272723101079463958740234375" lon="108.445103801786899566650390625">
        <ele>415.399993896484375</ele>
        <time>2026-04-17T10:40:31.000Z</time>
        <extensions>
          <ns3:TrackPointExtension>
            <ns3:hr>121</ns3:hr>
            <ns3:cad>93</ns3:cad>
          </ns3:TrackPointExtension>
        </extensions>
      </trkpt>
      <trkpt lat="30.7527073659002780914306640625" lon="108.44510019756853580474853515625">
        <ele>415.399993896484375</ele>
        <time>2026-04-17T10:40:32.000Z</time>
        <extensions>
          <ns3:TrackPointExtension>
            <ns3:hr>122</ns3:hr>
            <ns3:cad>93</ns3:cad>
          </ns3:TrackPointExtension>
        </extensions>
      </trkpt>
      <trkpt lat="30.75268783606588840484619140625" lon="108.44510287977755069732666015625">
        <ele>415.399993896484375</ele>
        <time>2026-04-17T10:40:33.000Z</time>
        <extensions>
          <ns3:TrackPointExtension>
            <ns3:hr>122</ns3:hr>
            <ns3:cad>93</ns3:cad>
          </ns3:TrackPointExtension>
        </extensions>
      </trkpt>
      <trkpt lat="30.75266788713634014129638671875" lon="108.445098102092742919921875">
        <ele>415.399993896484375</ele>
        <time>2026-04-17T10:40:34.000Z</time>
        <extensions>
          <ns3:TrackPointExtension>
            <ns3:hr>123</ns3:hr>
            <ns3:cad>93</ns3:cad>
          </ns3:TrackPointExtension>
        </extensions>
      </trkpt>
      <trkpt lat="30.7526453398168087005615234375" lon="108.4450969286262989044189453125">
        <ele>415.399993896484375</ele>
        <time>2026-04-17T10:40:35.000Z</time>
        <extensions>
          <ns3:TrackPointExtension>
            <ns3:hr>123</ns3:hr>
            <ns3:cad>94</ns3:cad>
          </ns3:TrackPointExtension>
        </extensions>
      </trkpt>
      <trkpt lat="30.75262949801981449127197265625" lon="108.445098102092742919921875">
        <ele>415.399993896484375</ele>
        <time>2026-04-17T10:40:36.000Z</time>
        <extensions>
          <ns3:TrackPointExtension>
            <ns3:hr>124</ns3:hr>
            <ns3:cad>94</ns3:cad>
          </ns3:TrackPointExtension>
        </extensions>
      </trkpt>
      <trkpt lat="30.75260418467223644256591796875" lon="108.44509667716920375823974609375">
        <ele>415.399993896484375</ele>
        <time>2026-04-17T10:40:37.000Z</time>
        <extensions>
          <ns3:TrackPointExtension>
            <ns3:hr>125</ns3:hr>
            <ns3:cad>94</ns3:cad>
          </ns3:TrackPointExtension>
        </extensions>
      </trkpt>
      <trkpt lat="30.75258876197040081024169921875" lon="108.445098102092742919921875">
        <ele>415.399993896484375</ele>
        <time>2026-04-17T10:40:38.000Z</time>
        <extensions>
          <ns3:TrackPointExtension>
            <ns3:hr>125</ns3:hr>
            <ns3:cad>94</ns3:cad>
          </ns3:TrackPointExtension>
        </extensions>
      </trkpt>
      <trkpt lat="30.7525655440986156463623046875" lon="108.44510153867304325103759765625">
        <ele>415.399993896484375</ele>
        <time>2026-04-17T10:40:39.000Z</time>
        <extensions>
          <ns3:TrackPointExtension>
            <ns3:hr>126</ns3:hr>
            <ns3:cad>94</ns3:cad>
          </ns3:TrackPointExtension>
        </extensions>
      </trkpt>
      <trkpt lat="30.7525497861206531524658203125" lon="108.44510505907237529754638671875">
        <ele>415.399993896484375</ele>
        <time>2026-04-17T10:40:40.000Z</time>
        <extensions>
          <ns3:TrackPointExtension>
            <ns3:hr>126</ns3:hr>
            <ns3:cad>93</ns3:cad>
          </ns3:TrackPointExtension>
        </extensions>
      </trkpt>
      <trkpt lat="30.75252757407724857330322265625" lon="108.445104472339153289794921875">
        <ele>415.399993896484375</ele>
        <time>2026-04-17T10:40:41.000Z</time>
        <extensions>
          <ns3:TrackPointExtension>
            <ns3:hr>127</ns3:hr>
            <ns3:cad>93</ns3:cad>
          </ns3:TrackPointExtension>
        </extensions>
      </trkpt>
      <trkpt lat="30.75251198373734951019287109375" lon="108.44510790891945362091064453125">
        <ele>415.399993896484375</ele>
        <time>2026-04-17T10:40:42.000Z</time>
        <extensions>
          <ns3:TrackPointExtension>
            <ns3:hr>127</ns3:hr>
            <ns3:cad>93</ns3:cad>
          </ns3:TrackPointExtension>
        </extensions>
      </trkpt>
      <trkpt lat="30.75249203480780124664306640625" lon="108.4451046399772167205810546875">
        <ele>415.399993896484375</ele>
        <time>2026-04-17T10:40:43.000Z</time>
        <extensions>
          <ns3:TrackPointExtension>
            <ns3:hr>127</ns3:hr>
            <ns3:cad>93</ns3:cad>
          </ns3:TrackPointExtension>
        </extensions>
      </trkpt>
      <trkpt lat="30.75247728265821933746337890625" lon="108.44510975293815135955810546875">
        <ele>415.399993896484375</ele>
        <time>2026-04-17T10:40:44.000Z</time>
        <extensions>
          <ns3:TrackPointExtension>
            <ns3:hr>128</ns3:hr>
            <ns3:cad>93</ns3:cad>
          </ns3:TrackPointExtension>
        </extensions>
      </trkpt>
      <trkpt lat="30.752456076443195343017578125" lon="108.44511059112846851348876953125">
        <ele>415.399993896484375</ele>
        <time>2026-04-17T10:40:45.000Z</time>
        <extensions>
          <ns3:TrackPointExtension>
            <ns3:hr>128</ns3:hr>
            <ns3:cad>93</ns3:cad>
          </ns3:TrackPointExtension>
        </extensions>
      </trkpt>
      <trkpt lat="30.75243487022817134857177734375" lon="108.445118553936481475830078125">
        <ele>415.399993896484375</ele>
        <time>2026-04-17T10:40:46.000Z</time>
        <extensions>
          <ns3:TrackPointExtension>
            <ns3:hr>129</ns3:hr>
            <ns3:cad>93</ns3:cad>
          </ns3:TrackPointExtension>
        </extensions>
      </trkpt>
      <trkpt lat="30.75240989215672016143798828125" lon="108.4451153688132762908935546875">
        <ele>415.399993896484375</ele>
        <time>2026-04-17T10:40:47.000Z</time>
        <extensions>
          <ns3:TrackPointExtension>
            <ns3:hr>129</ns3:hr>
            <ns3:cad>93</ns3:cad>
          </ns3:TrackPointExtension>
        </extensions>
      </trkpt>
      <trkpt lat="30.75238977558910846710205078125" lon="108.44512165524065494537353515625">
        <ele>415.399993896484375</ele>
        <time>2026-04-17T10:40:48.000Z</time>
        <extensions>
          <ns3:TrackPointExtension>
            <ns3:hr>130</ns3:hr>
            <ns3:cad>93</ns3:cad>
          </ns3:TrackPointExtension>
        </extensions>
      </trkpt>
      <trkpt lat="30.75237100012600421905517578125" lon="108.4451235830783843994140625">
        <ele>415.399993896484375</ele>
        <time>2026-04-17T10:40:49.000Z</time>
        <extensions>
          <ns3:TrackPointExtension>
            <ns3:hr>130</ns3:hr>
            <ns3:cad>93</ns3:cad>
          </ns3:TrackPointExtension>
        </extensions>
      </trkpt>
      <trkpt lat="30.752344094216823577880859375" lon="108.445129953324794769287109375">
        <ele>415.399993896484375</ele>
        <time>2026-04-17T10:40:50.000Z</time>
        <extensions>
          <ns3:TrackPointExtension>
            <ns3:hr>130</ns3:hr>
            <ns3:cad>92</ns3:cad>
          </ns3:TrackPointExtension>
        </extensions>
      </trkpt>
      <trkpt lat="30.75232272036373615264892578125" lon="108.44513271935284137725830078125">
        <ele>415.399993896484375</ele>
        <time>2026-04-17T10:40:51.000Z</time>
        <extensions>
          <ns3:TrackPointExtension>
            <ns3:hr>130</ns3:hr>
            <ns3:cad>92</ns3:cad>
          </ns3:TrackPointExtension>
        </extensions>
      </trkpt>
      <trkpt lat="30.752293132245540618896484375" lon="108.44513204880058765411376953125">
        <ele>415.399993896484375</ele>
        <time>2026-04-17T10:40:52.000Z</time>
        <extensions>
          <ns3:TrackPointExtension>
            <ns3:hr>130</ns3:hr>
            <ns3:cad>93</ns3:cad>
          </ns3:TrackPointExtension>
        </extensions>
      </trkpt>
      <trkpt lat="30.752277709543704986572265625" lon="108.44513741321861743927001953125">
        <ele>415.399993896484375</ele>
        <time>2026-04-17T10:40:53.000Z</time>
        <extensions>
          <ns3:TrackPointExtension>
            <ns3:hr>131</ns3:hr>
            <ns3:cad>94</ns3:cad>
          </ns3:TrackPointExtension>
        </extensions>
      </trkpt>
      <trkpt lat="30.752249546349048614501953125" lon="108.44513422809541225433349609375">
        <ele>415.399993896484375</ele>
        <time>2026-04-17T10:40:54.000Z</time>
        <extensions>
          <ns3:TrackPointExtension>
            <ns3:hr>131</ns3:hr>
            <ns3:cad>94</ns3:cad>
          </ns3:TrackPointExtension>
        </extensions>
      </trkpt>
      <trkpt lat="30.7522322796285152435302734375" lon="108.44513506628572940826416015625">
        <ele>415.399993896484375</ele>
        <time>2026-04-17T10:40:55.000Z</time>
        <extensions>
          <ns3:TrackPointExtension>
            <ns3:hr>131</ns3:hr>
            <ns3:cad>94</ns3:cad>
          </ns3:TrackPointExtension>
        </extensions>
      </trkpt>
      <trkpt lat="30.75220503844320774078369140625" lon="108.44512970186769962310791015625">
        <ele>415.399993896484375</ele>
        <time>2026-04-17T10:40:56.000Z</time>
        <extensions>
          <ns3:TrackPointExtension>
            <ns3:hr>131</ns3:hr>
            <ns3:cad>94</ns3:cad>
          </ns3:TrackPointExtension>
        </extensions>
      </trkpt>
      <trkpt lat="30.75218827463686466217041015625" lon="108.4451328031718730926513671875">
        <ele>415.20001220703125</ele>
        <time>2026-04-17T10:40:57.000Z</time>
        <extensions>
          <ns3:TrackPointExtension>
            <ns3:hr>132</ns3:hr>
            <ns3:cad>93</ns3:cad>
          </ns3:TrackPointExtension>
        </extensions>
      </trkpt>
      <trkpt lat="30.7521593570709228515625" lon="108.445129282772541046142578125">
        <ele>415.20001220703125</ele>
        <time>2026-04-17T10:40:58.000Z</time>
        <extensions>
          <ns3:TrackPointExtension>
            <ns3:hr>132</ns3:hr>
            <ns3:cad>93</ns3:cad>
          </ns3:TrackPointExtension>
        </extensions>
      </trkpt>
      <trkpt lat="30.752136223018169403076171875" lon="108.44513070769608020782470703125">
        <ele>415.399993896484375</ele>
        <time>2026-04-17T10:40:59.000Z</time>
        <extensions>
          <ns3:TrackPointExtension>
            <ns3:hr>132</ns3:hr>
            <ns3:cad>93</ns3:cad>
          </ns3:TrackPointExtension>
        </extensions>
      </trkpt>
      <trkpt lat="30.7521177828311920166015625" lon="108.44512802548706531524658203125">
        <ele>415.399993896484375</ele>
        <time>2026-04-17T10:41:00.000Z</time>
        <extensions>
          <ns3:TrackPointExtension>
            <ns3:hr>132</ns3:hr>
            <ns3:cad>91</ns3:cad>
          </ns3:TrackPointExtension>
        </extensions>
      </trkpt>
      <trkpt lat="30.75209925882518291473388671875" lon="108.44512634910643100738525390625">
        <ele>415.399993896484375</ele>
        <time>2026-04-17T10:41:01.000Z</time>
        <extensions>
          <ns3:TrackPointExtension>
            <ns3:hr>131</ns3:hr>
            <ns3:cad>91</ns3:cad>
          </ns3:TrackPointExtension>
        </extensions>
      </trkpt>
      <trkpt lat="30.75208115391433238983154296875" lon="108.44512291252613067626953125">
        <ele>415.399993896484375</ele>
        <time>2026-04-17T10:41:02.000Z</time>
        <extensions>
          <ns3:TrackPointExtension>
            <ns3:hr>132</ns3:hr>
            <ns3:cad>92</ns3:cad>
          </ns3:TrackPointExtension>
        </extensions>
      </trkpt>
      <trkpt lat="30.7520572654902935028076171875" lon="108.4451220743358135223388671875">
        <ele>415.20001220703125</ele>
        <time>2026-04-17T10:41:03.000Z</time>
        <extensions>
          <ns3:TrackPointExtension>
            <ns3:hr>132</ns3:hr>
            <ns3:cad>94</ns3:cad>
          </ns3:TrackPointExtension>
        </extensions>
      </trkpt>
      <trkpt lat="30.75203991495072841644287109375" lon="108.44512467272579669952392578125">
        <ele>415.20001220703125</ele>
        <time>2026-04-17T10:41:04.000Z</time>
        <extensions>
          <ns3:TrackPointExtension>
            <ns3:hr>131</ns3:hr>
            <ns3:cad>94</ns3:cad>
          </ns3:TrackPointExtension>
        </extensions>
      </trkpt>
      <trkpt lat="30.7520177029073238372802734375" lon="108.44512903131544589996337890625">
        <ele>415.20001220703125</ele>
        <time>2026-04-17T10:41:05.000Z</time>
        <extensions>
          <ns3:TrackPointExtension>
            <ns3:hr>132</ns3:hr>
            <ns3:cad>93</ns3:cad>
          </ns3:TrackPointExtension>
        </extensions>
      </trkpt>
      <trkpt lat="30.752003453671932220458984375" lon="108.44513540156185626983642578125">
        <ele>415.20001220703125</ele>
        <time>2026-04-17T10:41:06.000Z</time>
        <extensions>
          <ns3:TrackPointExtension>
            <ns3:hr>132</ns3:hr>
            <ns3:cad>93</ns3:cad>
          </ns3:TrackPointExtension>
        </extensions>
      </trkpt>
      <trkpt lat="30.75197872705757617950439453125" lon="108.44513623975217342376708984375">
        <ele>415.20001220703125</ele>
        <time>2026-04-17T10:41:07.000Z</time>
        <extensions>
          <ns3:TrackPointExtension>
            <ns3:hr>131</ns3:hr>
            <ns3:cad>93</ns3:cad>
          </ns3:TrackPointExtension>
        </extensions>
      </trkpt>
      <trkpt lat="30.7519617117941379547119140625" lon="108.44514260999858379364013671875">
        <ele>415.20001220703125</ele>
        <time>2026-04-17T10:41:08.000Z</time>
        <extensions>
          <ns3:TrackPointExtension>
            <ns3:hr>131</ns3:hr>
            <ns3:cad>93</ns3:cad>
          </ns3:TrackPointExtension>
        </extensions>
      </trkpt>
      <trkpt lat="30.751937068998813629150390625" lon="108.44514210708439350128173828125">
        <ele>415.20001220703125</ele>
        <time>2026-04-17T10:41:09.000Z</time>
        <extensions>
          <ns3:TrackPointExtension>
            <ns3:hr>131</ns3:hr>
            <ns3:cad>92</ns3:cad>
          </ns3:TrackPointExtension>
        </extensions>
      </trkpt>
      <trkpt lat="30.75192005373537540435791015625" lon="108.44515032134950160980224609375">
        <ele>415.20001220703125</ele>
        <time>2026-04-17T10:41:10.000Z</time>
        <extensions>
          <ns3:TrackPointExtension>
            <ns3:hr>132</ns3:hr>
            <ns3:cad>92</ns3:cad>
          </ns3:TrackPointExtension>
        </extensions>
      </trkpt>
      <trkpt lat="30.75189557857811450958251953125" lon="108.44515166245400905609130859375">
        <ele>415.20001220703125</ele>
        <time>2026-04-17T10:41:11.000Z</time>
        <extensions>
          <ns3:TrackPointExtension>
            <ns3:hr>131</ns3:hr>
            <ns3:cad>94</ns3:cad>
          </ns3:TrackPointExtension>
        </extensions>
      </trkpt>
      <trkpt lat="30.75187630020081996917724609375" lon="108.4451584517955780029296875">
        <ele>415.20001220703125</ele>
        <time>2026-04-17T10:41:12.000Z</time>
        <extensions>
          <ns3:TrackPointExtension>
            <ns3:hr>131</ns3:hr>
            <ns3:cad>94</ns3:cad>
          </ns3:TrackPointExtension>
        </extensions>
      </trkpt>
      <trkpt lat="30.7518549263477325439453125" lon="108.4451646544039249420166015625">
        <ele>415.20001220703125</ele>
        <time>2026-04-17T10:41:13.000Z</time>
        <extensions>
          <ns3:TrackPointExtension>
            <ns3:hr>131</ns3:hr>
            <ns3:cad>92</ns3:cad>
          </ns3:TrackPointExtension>
        </extensions>
      </trkpt>
      <trkpt lat="30.75183740817010402679443359375" lon="108.445174209773540496826171875">
        <ele>415.399993896484375</ele>
        <time>2026-04-17T10:41:14.000Z</time>
        <extensions>
          <ns3:TrackPointExtension>
            <ns3:hr>132</ns3:hr>
            <ns3:cad>92</ns3:cad>
          </ns3:TrackPointExtension>
        </extensions>
      </trkpt>
      <trkpt lat="30.75181997381150722503662109375" lon="108.4451814182102680206298828125">
        <ele>415.399993896484375</ele>
        <time>2026-04-17T10:41:15.000Z</time>
        <extensions>
          <ns3:TrackPointExtension>
            <ns3:hr>131</ns3:hr>
            <ns3:cad>92</ns3:cad>
          </ns3:TrackPointExtension>
        </extensions>
      </trkpt>
      <trkpt lat="30.7518004439771175384521484375" lon="108.4451918117702007293701171875">
        <ele>415.399993896484375</ele>
        <time>2026-04-17T10:41:16.000Z</time>
        <extensions>
          <ns3:TrackPointExtension>
            <ns3:hr>132</ns3:hr>
            <ns3:cad>92</ns3:cad>
          </ns3:TrackPointExtension>
        </extensions>
      </trkpt>
      <trkpt lat="30.75178476981818675994873046875" lon="108.44520128332078456878662109375">
        <ele>415.399993896484375</ele>
        <time>2026-04-17T10:41:17.000Z</time>
        <extensions>
          <ns3:TrackPointExtension>
            <ns3:hr>132</ns3:hr>
            <ns3:cad>93</ns3:cad>
          </ns3:TrackPointExtension>
        </extensions>
      </trkpt>
      <trkpt lat="30.75176616199314594268798828125" lon="108.44521972350776195526123046875">
        <ele>415.399993896484375</ele>
        <time>2026-04-17T10:41:18.000Z</time>
        <extensions>
          <ns3:TrackPointExtension>
            <ns3:hr>132</ns3:hr>
            <ns3:cad>94</ns3:cad>
          </ns3:TrackPointExtension>
        </extensions>
      </trkpt>
      <trkpt lat="30.75175208039581775665283203125" lon="108.4452320449054241180419921875">
        <ele>415.399993896484375</ele>
        <time>2026-04-17T10:41:19.000Z</time>
        <extensions>
          <ns3:TrackPointExtension>
            <ns3:hr>132</ns3:hr>
            <ns3:cad>93</ns3:cad>
          </ns3:TrackPointExtension>
        </extensions>
      </trkpt>
      <trkpt lat="30.751733891665935516357421875" lon="108.44525040127336978912353515625">
        <ele>415.399993896484375</ele>
        <time>2026-04-17T10:41:20.000Z</time>
        <extensions>
          <ns3:TrackPointExtension>
            <ns3:hr>133</ns3:hr>
            <ns3:cad>93</ns3:cad>
          </ns3:TrackPointExtension>
        </extensions>
      </trkpt>
      <trkpt lat="30.7517256774008274078369140625" lon="108.44526649452745914459228515625">
        <ele>415.399993896484375</ele>
        <time>2026-04-17T10:41:21.000Z</time>
        <extensions>
          <ns3:TrackPointExtension>
            <ns3:hr>133</ns3:hr>
            <ns3:cad>93</ns3:cad>
          </ns3:TrackPointExtension>
        </extensions>
      </trkpt>
      <trkpt lat="30.751707740128040313720703125" lon="108.44528761692345142364501953125">
        <ele>415.399993896484375</ele>
        <time>2026-04-17T10:41:22.000Z</time>
        <extensions>
          <ns3:TrackPointExtension>
            <ns3:hr>133</ns3:hr>
            <ns3:cad>93</ns3:cad>
          </ns3:TrackPointExtension>
        </extensions>
      </trkpt>
      <trkpt lat="30.751699022948741912841796875" lon="108.4453068114817142486572265625">
        <ele>415.20001220703125</ele>
        <time>2026-04-17T10:41:23.000Z</time>
        <extensions>
          <ns3:TrackPointExtension>
            <ns3:hr>133</ns3:hr>
            <ns3:cad>92</ns3:cad>
          </ns3:TrackPointExtension>
        </extensions>
      </trkpt>
      <trkpt lat="30.7516830973327159881591796875" lon="108.4453292749822139739990234375">
        <ele>415.20001220703125</ele>
        <time>2026-04-17T10:41:24.000Z</time>
        <extensions>
          <ns3:TrackPointExtension>
            <ns3:hr>133</ns3:hr>
            <ns3:cad>92</ns3:cad>
          </ns3:TrackPointExtension>
        </extensions>
      </trkpt>
      <trkpt lat="30.75167563743889331817626953125" lon="108.44534763135015964508056640625">
        <ele>415.20001220703125</ele>
        <time>2026-04-17T10:41:25.000Z</time>
        <extensions>
          <ns3:TrackPointExtension>
            <ns3:hr>133</ns3:hr>
            <ns3:cad>92</ns3:cad>
          </ns3:TrackPointExtension>
        </extensions>
      </trkpt>
      <trkpt lat="30.75166323222219944000244140625" lon="108.4453674964606761932373046875">
        <ele>415.20001220703125</ele>
        <time>2026-04-17T10:41:26.000Z</time>
        <extensions>
          <ns3:TrackPointExtension>
            <ns3:hr>134</ns3:hr>
            <ns3:cad>93</ns3:cad>
          </ns3:TrackPointExtension>
        </extensions>
      </trkpt>
      <trkpt lat="30.75165518559515476226806640625" lon="108.44539247453212738037109375">
        <ele>415.20001220703125</ele>
        <time>2026-04-17T10:41:27.000Z</time>
        <extensions>
          <ns3:TrackPointExtension>
            <ns3:hr>134</ns3:hr>
            <ns3:cad>93</ns3:cad>
          </ns3:TrackPointExtension>
        </extensions>
      </trkpt>
      <trkpt lat="30.751646049320697784423828125" lon="108.44540982507169246673583984375">
        <ele>415.20001220703125</ele>
        <time>2026-04-17T10:41:28.000Z</time>
        <extensions>
          <ns3:TrackPointExtension>
            <ns3:hr>134</ns3:hr>
            <ns3:cad>92</ns3:cad>
          </ns3:TrackPointExtension>
        </extensions>
      </trkpt>
      <trkpt lat="30.75163892470300197601318359375" lon="108.44543798826634883880615234375">
        <ele>415.20001220703125</ele>
        <time>2026-04-17T10:41:29.000Z</time>
        <extensions>
          <ns3:TrackPointExtension>
            <ns3:hr>134</ns3:hr>
            <ns3:cad>92</ns3:cad>
          </ns3:TrackPointExtension>
        </extensions>
      </trkpt>
      <trkpt lat="30.75163205154240131378173828125" lon="108.445456512272357940673828125">
        <ele>415.20001220703125</ele>
        <time>2026-04-17T10:41:30.000Z</time>
        <extensions>
          <ns3:TrackPointExtension>
            <ns3:hr>135</ns3:hr>
            <ns3:cad>92</ns3:cad>
          </ns3:TrackPointExtension>
        </extensions>
      </trkpt>
      <trkpt lat="30.7516261003911495208740234375" lon="108.44548308290541172027587890625">
        <ele>415.20001220703125</ele>
        <time>2026-04-17T10:41:31.000Z</time>
        <extensions>
          <ns3:TrackPointExtension>
            <ns3:hr>135</ns3:hr>
            <ns3:cad>93</ns3:cad>
          </ns3:TrackPointExtension>
        </extensions>
      </trkpt>
      <trkpt lat="30.75162685476243495941162109375" lon="108.4455002658069133758544921875">
        <ele>415.20001220703125</ele>
        <time>2026-04-17T10:41:32.000Z</time>
        <extensions>
          <ns3:TrackPointExtension>
            <ns3:hr>135</ns3:hr>
            <ns3:cad>93</ns3:cad>
          </ns3:TrackPointExtension>
        </extensions>
      </trkpt>
      <trkpt lat="30.751619227230548858642578125" lon="108.4455317817628383636474609375">
        <ele>415.20001220703125</ele>
        <time>2026-04-17T10:41:33.000Z</time>
        <extensions>
          <ns3:TrackPointExtension>
            <ns3:hr>135</ns3:hr>
            <ns3:cad>93</ns3:cad>
          </ns3:TrackPointExtension>
        </extensions>
      </trkpt>
      <trkpt lat="30.75162031687796115875244140625" lon="108.445551395416259765625">
        <ele>415.20001220703125</ele>
        <time>2026-04-17T10:41:34.000Z</time>
        <extensions>
          <ns3:TrackPointExtension>
            <ns3:hr>135</ns3:hr>
            <ns3:cad>93</ns3:cad>
          </ns3:TrackPointExtension>
        </extensions>
      </trkpt>
      <trkpt lat="30.75161076150834560394287109375" lon="108.44557846896350383758544921875">
        <ele>415.20001220703125</ele>
        <time>2026-04-17T10:41:35.000Z</time>
        <extensions>
          <ns3:TrackPointExtension>
            <ns3:hr>134</ns3:hr>
            <ns3:cad>93</ns3:cad>
          </ns3:TrackPointExtension>
        </extensions>
      </trkpt>
      <trkpt lat="30.7516147010028362274169921875" lon="108.445600010454654693603515625">
        <ele>415.20001220703125</ele>
        <time>2026-04-17T10:41:36.000Z</time>
        <extensions>
          <ns3:TrackPointExtension>
            <ns3:hr>134</ns3:hr>
            <ns3:cad>93</ns3:cad>
          </ns3:TrackPointExtension>
        </extensions>
      </trkpt>
      <trkpt lat="30.751609839498996734619140625" lon="108.44562725163996219635009765625">
        <ele>415.20001220703125</ele>
        <time>2026-04-17T10:41:37.000Z</time>
        <extensions>
          <ns3:TrackPointExtension>
            <ns3:hr>134</ns3:hr>
            <ns3:cad>93</ns3:cad>
          </ns3:TrackPointExtension>
        </extensions>
      </trkpt>
      <trkpt lat="30.751614533364772796630859375" lon="108.4456524811685085296630859375">
        <ele>415.20001220703125</ele>
        <time>2026-04-17T10:41:38.000Z</time>
        <extensions>
          <ns3:TrackPointExtension>
            <ns3:hr>134</ns3:hr>
            <ns3:cad>93</ns3:cad>
          </ns3:TrackPointExtension>
        </extensions>
      </trkpt>
      <trkpt lat="30.75161394663155078887939453125" lon="108.44566899351775646209716796875">
        <ele>415.20001220703125</ele>
        <time>2026-04-17T10:41:39.000Z</time>
        <extensions>
          <ns3:TrackPointExtension>
            <ns3:hr>134</ns3:hr>
            <ns3:cad>92</ns3:cad>
          </ns3:TrackPointExtension>
        </extensions>
      </trkpt>
      <trkpt lat="30.75161830522119998931884765625" lon="108.44569497741758823394775390625">
        <ele>415.20001220703125</ele>
        <time>2026-04-17T10:41:40.000Z</time>
        <extensions>
          <ns3:TrackPointExtension>
            <ns3:hr>133</ns3:hr>
            <ns3:cad>91</ns3:cad>
          </ns3:TrackPointExtension>
        </extensions>
      </trkpt>
      <trkpt lat="30.751621909439563751220703125" lon="108.44571542926132678985595703125">
        <ele>415.20001220703125</ele>
        <time>2026-04-17T10:41:41.000Z</time>
        <extensions>
          <ns3:TrackPointExtension>
            <ns3:hr>134</ns3:hr>
            <ns3:cad>91</ns3:cad>
          </ns3:TrackPointExtension>
        </extensions>
      </trkpt>
      <trkpt lat="30.75162760913372039794921875" lon="108.44574476592242717742919921875">
        <ele>415.20001220703125</ele>
        <time>2026-04-17T10:41:42.000Z</time>
        <extensions>
          <ns3:TrackPointExtension>
            <ns3:hr>134</ns3:hr>
            <ns3:cad>93</ns3:cad>
          </ns3:TrackPointExtension>
        </extensions>
      </trkpt>
      <trkpt lat="30.7516314648091793060302734375" lon="108.4457607753574848175048828125">
        <ele>415.20001220703125</ele>
        <time>2026-04-17T10:41:43.000Z</time>
        <extensions>
          <ns3:TrackPointExtension>
            <ns3:hr>134</ns3:hr>
            <ns3:cad>94</ns3:cad>
          </ns3:TrackPointExtension>
        </extensions>
      </trkpt>
      <trkpt lat="30.75163339264690876007080078125" lon="108.445790447294712066650390625">
        <ele>415.20001220703125</ele>
        <time>2026-04-17T10:41:44.000Z</time>
        <extensions>
          <ns3:TrackPointExtension>
            <ns3:hr>134</ns3:hr>
            <ns3:cad>94</ns3:cad>
          </ns3:TrackPointExtension>
        </extensions>
      </trkpt>
      <trkpt lat="30.75164370238780975341796875" lon="108.44580310396850109100341796875">
        <ele>415.20001220703125</ele>
        <time>2026-04-17T10:41:45.000Z</time>
        <extensions>
          <ns3:TrackPointExtension>
            <ns3:hr>134</ns3:hr>
            <ns3:cad>94</ns3:cad>
          </ns3:TrackPointExtension>
        </extensions>
      </trkpt>
      <trkpt lat="30.7516495697200298309326171875" lon="108.44582833349704742431640625">
        <ele>415.20001220703125</ele>
        <time>2026-04-17T10:41:46.000Z</time>
        <extensions>
          <ns3:TrackPointExtension>
            <ns3:hr>134</ns3:hr>
            <ns3:cad>94</ns3:cad>
          </ns3:TrackPointExtension>
        </extensions>
      </trkpt>
      <trkpt lat="30.7516606338322162628173828125" lon="108.44584300182759761810302734375">
        <ele>415.20001220703125</ele>
        <time>2026-04-17T10:41:47.000Z</time>
        <extensions>
          <ns3:TrackPointExtension>
            <ns3:hr>134</ns3:hr>
            <ns3:cad>93</ns3:cad>
          </ns3:TrackPointExtension>
        </extensions>
      </trkpt>
      <trkpt lat="30.75166189111769199371337890625" lon="108.44586814753711223602294921875">
        <ele>415.399993896484375</ele>
        <time>2026-04-17T10:41:48.000Z</time>
        <extensions>
          <ns3:TrackPointExtension>
            <ns3:hr>134</ns3:hr>
            <ns3:cad>94</ns3:cad>
          </ns3:TrackPointExtension>
        </extensions>
      </trkpt>
      <trkpt lat="30.7516725361347198486328125" lon="108.445892035961151123046875">
        <ele>415.399993896484375</ele>
        <time>2026-04-17T10:41:49.000Z</time>
        <extensions>
          <ns3:TrackPointExtension>
            <ns3:hr>134</ns3:hr>
            <ns3:cad>93</ns3:cad>
          </ns3:TrackPointExtension>
        </extensions>
      </trkpt>
      <trkpt lat="30.75167781673371791839599609375" lon="108.4459116496145725250244140625">
        <ele>415.399993896484375</ele>
        <time>2026-04-17T10:41:50.000Z</time>
        <extensions>
          <ns3:TrackPointExtension>
            <ns3:hr>134</ns3:hr>
            <ns3:cad>92</ns3:cad>
          </ns3:TrackPointExtension>
        </extensions>
      </trkpt>
      <trkpt lat="30.75169357471168041229248046875" lon="108.4459384717047214508056640625">
        <ele>415.399993896484375</ele>
        <time>2026-04-17T10:41:51.000Z</time>
        <extensions>
          <ns3:TrackPointExtension>
            <ns3:hr>134</ns3:hr>
            <ns3:cad>92</ns3:cad>
          </ns3:TrackPointExtension>
        </extensions>
      </trkpt>
      <trkpt lat="30.751701034605503082275390625" lon="108.44595330767333507537841796875">
        <ele>415.399993896484375</ele>
        <time>2026-04-17T10:41:52.000Z</time>
        <extensions>
          <ns3:TrackPointExtension>
            <ns3:hr>134</ns3:hr>
            <ns3:cad>92</ns3:cad>
          </ns3:TrackPointExtension>
        </extensions>
      </trkpt>
      <trkpt lat="30.75171754695475101470947265625" lon="108.4459756873548030853271484375">
        <ele>415.20001220703125</ele>
        <time>2026-04-17T10:41:53.000Z</time>
        <extensions>
          <ns3:TrackPointExtension>
            <ns3:hr>133</ns3:hr>
            <ns3:cad>92</ns3:cad>
          </ns3:TrackPointExtension>
        </extensions>
      </trkpt>
      <trkpt lat="30.75172777287662029266357421875" lon="108.4459880925714969635009765625">
        <ele>415.20001220703125</ele>
        <time>2026-04-17T10:41:54.000Z</time>
        <extensions>
          <ns3:TrackPointExtension>
            <ns3:hr>133</ns3:hr>
            <ns3:cad>92</ns3:cad>
          </ns3:TrackPointExtension>
        </extensions>
      </trkpt>
      <trkpt lat="30.751746632158756256103515625" lon="108.446010388433933258056640625">
        <ele>415.20001220703125</ele>
        <time>2026-04-17T10:41:55.000Z</time>
        <extensions>
          <ns3:TrackPointExtension>
            <ns3:hr>133</ns3:hr>
            <ns3:cad>93</ns3:cad>
          </ns3:TrackPointExtension>
        </extensions>
      </trkpt>
      <trkpt lat="30.75176347978413105010986328125" lon="108.44602153636515140533447265625">
        <ele>415.20001220703125</ele>
        <time>2026-04-17T10:41:56.000Z</time>
        <extensions>
          <ns3:TrackPointExtension>
            <ns3:hr>132</ns3:hr>
            <ns3:cad>93</ns3:cad>
          </ns3:TrackPointExtension>
        </extensions>
      </trkpt>
      <trkpt lat="30.75178242288529872894287109375" lon="108.4460370428860187530517578125">
        <ele>415.20001220703125</ele>
        <time>2026-04-17T10:41:57.000Z</time>
        <extensions>
          <ns3:TrackPointExtension>
            <ns3:hr>132</ns3:hr>
            <ns3:cad>94</ns3:cad>
          </ns3:TrackPointExtension>
        </extensions>
      </trkpt>
      <trkpt lat="30.751798935234546661376953125" lon="108.44604735262691974639892578125">
        <ele>415.20001220703125</ele>
        <time>2026-04-17T10:41:58.000Z</time>
        <extensions>
          <ns3:TrackPointExtension>
            <ns3:hr>131</ns3:hr>
            <ns3:cad>94</ns3:cad>
          </ns3:TrackPointExtension>
        </extensions>
      </trkpt>
      <trkpt lat="30.7518138550221920013427734375" lon="108.44606696628034114837646484375">
        <ele>415.20001220703125</ele>
        <time>2026-04-17T10:41:59.000Z</time>
        <extensions>
          <ns3:TrackPointExtension>
            <ns3:hr>131</ns3:hr>
            <ns3:cad>94</ns3:cad>
          </ns3:TrackPointExtension>
        </extensions>
      </trkpt>
      <trkpt lat="30.751835145056247711181640625" lon="108.44607501290738582611083984375">
        <ele>415.20001220703125</ele>
        <time>2026-04-17T10:42:00.000Z</time>
        <extensions>
          <ns3:TrackPointExtension>
            <ns3:hr>131</ns3:hr>
            <ns3:cad>93</ns3:cad>
          </ns3:TrackPointExtension>
        </extensions>
      </trkpt>
      <trkpt lat="30.75185014866292476654052734375" lon="108.44609278254210948944091796875">
        <ele>415.20001220703125</ele>
        <time>2026-04-17T10:42:01.000Z</time>
        <extensions>
          <ns3:TrackPointExtension>
            <ns3:hr>131</ns3:hr>
            <ns3:cad>93</ns3:cad>
          </ns3:TrackPointExtension>
        </extensions>
      </trkpt>
      <trkpt lat="30.751870013773441314697265625" lon="108.44610049389302730560302734375">
        <ele>415.20001220703125</ele>
        <time>2026-04-17T10:42:02.000Z</time>
        <extensions>
          <ns3:TrackPointExtension>
            <ns3:hr>131</ns3:hr>
            <ns3:cad>93</ns3:cad>
          </ns3:TrackPointExtension>
        </extensions>
      </trkpt>
      <trkpt lat="30.75188384391367435455322265625" lon="108.4461133182048797607421875">
        <ele>415.20001220703125</ele>
        <time>2026-04-17T10:42:03.000Z</time>
        <extensions>
          <ns3:TrackPointExtension>
            <ns3:hr>133</ns3:hr>
            <ns3:cad>93</ns3:cad>
          </ns3:TrackPointExtension>
        </extensions>
      </trkpt>
      <trkpt lat="30.7519043795764446258544921875" lon="108.44612429849803447723388671875">
        <ele>415.20001220703125</ele>
        <time>2026-04-17T10:42:04.000Z</time>
        <extensions>
          <ns3:TrackPointExtension>
            <ns3:hr>133</ns3:hr>
            <ns3:cad>93</ns3:cad>
          </ns3:TrackPointExtension>
        </extensions>
      </trkpt>
      <trkpt lat="30.75191904790699481964111328125" lon="108.446137793362140655517578125">
        <ele>415.399993896484375</ele>
        <time>2026-04-17T10:42:05.000Z</time>
        <extensions>
          <ns3:TrackPointExtension>
            <ns3:hr>133</ns3:hr>
            <ns3:cad>93</ns3:cad>
          </ns3:TrackPointExtension>
        </extensions>
      </trkpt>
      <trkpt lat="30.75194134376943111419677734375" lon="108.44614760018885135650634765625">
        <ele>415.399993896484375</ele>
        <time>2026-04-17T10:42:06.000Z</time>
        <extensions>
          <ns3:TrackPointExtension>
            <ns3:hr>134</ns3:hr>
            <ns3:cad>91</ns3:cad>
          </ns3:TrackPointExtension>
        </extensions>
      </trkpt>
      <trkpt lat="30.75195777229964733123779296875" lon="108.44615128822624683380126953125">
        <ele>415.20001220703125</ele>
        <time>2026-04-17T10:42:07.000Z</time>
        <extensions>
          <ns3:TrackPointExtension>
            <ns3:hr>135</ns3:hr>
            <ns3:cad>91</ns3:cad>
          </ns3:TrackPointExtension>
        </extensions>
      </trkpt>
      <trkpt lat="30.751985348761081695556640625" lon="108.4461517073214054107666015625">
        <ele>415.20001220703125</ele>
        <time>2026-04-17T10:42:08.000Z</time>
        <extensions>
          <ns3:TrackPointExtension>
            <ns3:hr>135</ns3:hr>
            <ns3:cad>93</ns3:cad>
          </ns3:TrackPointExtension>
        </extensions>
      </trkpt>
      <trkpt lat="30.7520012743771076202392578125" lon="108.4461473487317562103271484375">
        <ele>415.20001220703125</ele>
        <time>2026-04-17T10:42:09.000Z</time>
        <extensions>
          <ns3:TrackPointExtension>
            <ns3:hr>135</ns3:hr>
            <ns3:cad>93</ns3:cad>
          </ns3:TrackPointExtension>
        </extensions>
      </trkpt>
      <trkpt lat="30.75202667154371738433837890625" lon="108.44614944420754909515380859375">
        <ele>415.20001220703125</ele>
        <time>2026-04-17T10:42:10.000Z</time>
        <extensions>
          <ns3:TrackPointExtension>
            <ns3:hr>136</ns3:hr>
            <ns3:cad>93</ns3:cad>
          </ns3:TrackPointExtension>
        </extensions>
      </trkpt>
      <trkpt lat="30.75204511173069477081298828125" lon="108.44614642672240734100341796875">
        <ele>415.20001220703125</ele>
        <time>2026-04-17T10:42:11.000Z</time>
        <extensions>
          <ns3:TrackPointExtension>
            <ns3:hr>136</ns3:hr>
            <ns3:cad>93</ns3:cad>
          </ns3:TrackPointExtension>
        </extensions>
      </trkpt>
      <trkpt lat="30.75206958688795566558837890625" lon="108.4461553953588008880615234375">
        <ele>415.20001220703125</ele>
        <time>2026-04-17T10:42:12.000Z</time>
        <extensions>
          <ns3:TrackPointExtension>
            <ns3:hr>135</ns3:hr>
            <ns3:cad>93</ns3:cad>
          </ns3:TrackPointExtension>
        </extensions>
      </trkpt>
      <trkpt lat="30.7520864345133304595947265625" lon="108.44615313224494457244873046875">
        <ele>415.20001220703125</ele>
        <time>2026-04-17T10:42:13.000Z</time>
        <extensions>
          <ns3:TrackPointExtension>
            <ns3:hr>135</ns3:hr>
            <ns3:cad>93</ns3:cad>
          </ns3:TrackPointExtension>
        </extensions>
      </trkpt>
      <trkpt lat="30.752106718719005584716796875" lon="108.4461587481200695037841796875">
        <ele>415.20001220703125</ele>
        <time>2026-04-17T10:42:14.000Z</time>
        <extensions>
          <ns3:TrackPointExtension>
            <ns3:hr>134</ns3:hr>
            <ns3:cad>93</ns3:cad>
          </ns3:TrackPointExtension>
        </extensions>
      </trkpt>
      <trkpt lat="30.752126835286617279052734375" lon="108.44615262933075428009033203125">
        <ele>415.20001220703125</ele>
        <time>2026-04-17T10:42:15.000Z</time>
        <extensions>
          <ns3:TrackPointExtension>
            <ns3:hr>134</ns3:hr>
            <ns3:cad>93</ns3:cad>
          </ns3:TrackPointExtension>
        </extensions>
      </trkpt>
      <trkpt lat="30.75214527547359466552734375" lon="108.44616151414811611175537109375">
        <ele>415.20001220703125</ele>
        <time>2026-04-17T10:42:16.000Z</time>
        <extensions>
          <ns3:TrackPointExtension>
            <ns3:hr>134</ns3:hr>
            <ns3:cad>93</ns3:cad>
          </ns3:TrackPointExtension>
        </extensions>
      </trkpt>
      <trkpt lat="30.7521672360599040985107421875" lon="108.44615899957716464996337890625">
        <ele>415.20001220703125</ele>
        <time>2026-04-17T10:42:17.000Z</time>
        <extensions>
          <ns3:TrackPointExtension>
            <ns3:hr>134</ns3:hr>
            <ns3:cad>93</ns3:cad>
          </ns3:TrackPointExtension>
        </extensions>
      </trkpt>
      <trkpt lat="30.75219028629362583160400390625" lon="108.4461631067097187042236328125">
        <ele>415.20001220703125</ele>
        <time>2026-04-17T10:42:18.000Z</time>
        <extensions>
          <ns3:TrackPointExtension>
            <ns3:hr>134</ns3:hr>
            <ns3:cad>93</ns3:cad>
          </ns3:TrackPointExtension>
        </extensions>
      </trkpt>
      <trkpt lat="30.752214677631855010986328125" lon="108.4461570717394351959228515625">
        <ele>415.20001220703125</ele>
        <time>2026-04-17T10:42:19.000Z</time>
        <extensions>
          <ns3:TrackPointExtension>
            <ns3:hr>134</ns3:hr>
            <ns3:cad>93</ns3:cad>
          </ns3:TrackPointExtension>
        </extensions>
      </trkpt>
      <trkpt lat="30.7522331178188323974609375" lon="108.44615556299686431884765625">
        <ele>415.20001220703125</ele>
        <time>2026-04-17T10:42:20.000Z</time>
        <extensions>
          <ns3:TrackPointExtension>
            <ns3:hr>134</ns3:hr>
            <ns3:cad>93</ns3:cad>
          </ns3:TrackPointExtension>
        </extensions>
      </trkpt>
      <trkpt lat="30.7522587664425373077392578125" lon="108.44615212641656398773193359375">
        <ele>415.20001220703125</ele>
        <time>2026-04-17T10:42:21.000Z</time>
        <extensions>
          <ns3:TrackPointExtension>
            <ns3:hr>134</ns3:hr>
            <ns3:cad>93</ns3:cad>
          </ns3:TrackPointExtension>
        </extensions>
      </trkpt>
      <trkpt lat="30.752277038991451263427734375" lon="108.44615556299686431884765625">
        <ele>415.20001220703125</ele>
        <time>2026-04-17T10:42:22.000Z</time>
        <extensions>
          <ns3:TrackPointExtension>
            <ns3:hr>134</ns3:hr>
            <ns3:cad>93</ns3:cad>
          </ns3:TrackPointExtension>
        </extensions>
      </trkpt>
      <trkpt lat="30.7523033581674098968505859375" lon="108.44615497626364231109619140625">
        <ele>415.20001220703125</ele>
        <time>2026-04-17T10:42:23.000Z</time>
        <extensions>
          <ns3:TrackPointExtension>
            <ns3:hr>133</ns3:hr>
            <ns3:cad>91</ns3:cad>
          </ns3:TrackPointExtension>
        </extensions>
      </trkpt>
      <trkpt lat="30.75232154689729213714599609375" lon="108.44615329988300800323486328125">
        <ele>415.20001220703125</ele>
        <time>2026-04-17T10:42:24.000Z</time>
        <extensions>
          <ns3:TrackPointExtension>
            <ns3:hr>133</ns3:hr>
            <ns3:cad>91</ns3:cad>
          </ns3:TrackPointExtension>
        </extensions>
      </trkpt>
      <trkpt lat="30.75234870426356792449951171875" lon="108.44615447334945201873779296875">
        <ele>415.20001220703125</ele>
        <time>2026-04-17T10:42:25.000Z</time>
        <extensions>
          <ns3:TrackPointExtension>
            <ns3:hr>133</ns3:hr>
            <ns3:cad>92</ns3:cad>
          </ns3:TrackPointExtension>
        </extensions>
      </trkpt>
      <trkpt lat="30.7523680664598941802978515625" lon="108.44614860601723194122314453125">
        <ele>415.20001220703125</ele>
        <time>2026-04-17T10:42:26.000Z</time>
        <extensions>
          <ns3:TrackPointExtension>
            <ns3:hr>133</ns3:hr>
            <ns3:cad>92</ns3:cad>
          </ns3:TrackPointExtension>
        </extensions>
      </trkpt>
      <trkpt lat="30.7523918710649013519287109375" lon="108.44615397043526172637939453125">
        <ele>415.20001220703125</ele>
        <time>2026-04-17T10:42:27.000Z</time>
        <extensions>
          <ns3:TrackPointExtension>
            <ns3:hr>132</ns3:hr>
            <ns3:cad>93</ns3:cad>
          </ns3:TrackPointExtension>
        </extensions>
      </trkpt>
      <trkpt lat="30.7524101436138153076171875" lon="108.4461508691310882568359375">
        <ele>415.20001220703125</ele>
        <time>2026-04-17T10:42:28.000Z</time>
        <extensions>
          <ns3:TrackPointExtension>
            <ns3:hr>132</ns3:hr>
            <ns3:cad>94</ns3:cad>
          </ns3:TrackPointExtension>
        </extensions>
      </trkpt>
      <trkpt lat="30.7524317689239978790283203125" lon="108.44615464098751544952392578125">
        <ele>415.20001220703125</ele>
        <time>2026-04-17T10:42:29.000Z</time>
        <extensions>
          <ns3:TrackPointExtension>
            <ns3:hr>132</ns3:hr>
            <ns3:cad>94</ns3:cad>
          </ns3:TrackPointExtension>
        </extensions>
      </trkpt>
      <trkpt lat="30.7524485327303409576416015625" lon="108.44615179114043712615966796875">
        <ele>415.20001220703125</ele>
        <time>2026-04-17T10:42:30.000Z</time>
        <extensions>
          <ns3:TrackPointExtension>
            <ns3:hr>133</ns3:hr>
            <ns3:cad>93</ns3:cad>
          </ns3:TrackPointExtension>
        </extensions>
      </trkpt>
      <trkpt lat="30.75247024185955524444580078125" lon="108.4461560659110546112060546875">
        <ele>415.20001220703125</ele>
        <time>2026-04-17T10:42:31.000Z</time>
        <extensions>
          <ns3:TrackPointExtension>
            <ns3:hr>133</ns3:hr>
            <ns3:cad>93</ns3:cad>
          </ns3:TrackPointExtension>
        </extensions>
      </trkpt>
      <trkpt lat="30.75249337591230869293212890625" lon="108.4461517073214054107666015625">
        <ele>415.20001220703125</ele>
        <time>2026-04-17T10:42:32.000Z</time>
        <extensions>
          <ns3:TrackPointExtension>
            <ns3:hr>133</ns3:hr>
            <ns3:cad>92</ns3:cad>
          </ns3:TrackPointExtension>
        </extensions>
      </trkpt>
      <trkpt lat="30.75251282192766666412353515625" lon="108.44615556299686431884765625">
        <ele>415.20001220703125</ele>
        <time>2026-04-17T10:42:33.000Z</time>
        <extensions>
          <ns3:TrackPointExtension>
            <ns3:hr>132</ns3:hr>
            <ns3:cad>91</ns3:cad>
          </ns3:TrackPointExtension>
        </extensions>
      </trkpt>
      <trkpt lat="30.7525383867323398590087890625" lon="108.446153886616230010986328125">
        <ele>415.20001220703125</ele>
        <time>2026-04-17T10:42:34.000Z</time>
        <extensions>
          <ns3:TrackPointExtension>
            <ns3:hr>133</ns3:hr>
            <ns3:cad>91</ns3:cad>
          </ns3:TrackPointExtension>
        </extensions>
      </trkpt>
      <trkpt lat="30.752555318176746368408203125" lon="108.44615682028234004974365234375">
        <ele>415.20001220703125</ele>
        <time>2026-04-17T10:42:35.000Z</time>
        <extensions>
          <ns3:TrackPointExtension>
            <ns3:hr>133</ns3:hr>
            <ns3:cad>93</ns3:cad>
          </ns3:TrackPointExtension>
        </extensions>
      </trkpt>
      <trkpt lat="30.7525819726288318634033203125" lon="108.446153886616230010986328125">
        <ele>415.20001220703125</ele>
        <time>2026-04-17T10:42:36.000Z</time>
        <extensions>
          <ns3:TrackPointExtension>
            <ns3:hr>132</ns3:hr>
            <ns3:cad>94</ns3:cad>
          </ns3:TrackPointExtension>
        </extensions>
      </trkpt>
      <trkpt lat="30.7525984011590480804443359375" lon="108.4461535513401031494140625">
        <ele>415.20001220703125</ele>
        <time>2026-04-17T10:42:37.000Z</time>
        <extensions>
          <ns3:TrackPointExtension>
            <ns3:hr>133</ns3:hr>
            <ns3:cad>94</ns3:cad>
          </ns3:TrackPointExtension>
        </extensions>
      </trkpt>
      <trkpt lat="30.75262530706822872161865234375" lon="108.44615397043526172637939453125">
        <ele>415.20001220703125</ele>
        <time>2026-04-17T10:42:38.000Z</time>
        <extensions>
          <ns3:TrackPointExtension>
            <ns3:hr>133</ns3:hr>
            <ns3:cad>94</ns3:cad>
          </ns3:TrackPointExtension>
        </extensions>
      </trkpt>
      <trkpt lat="30.752642154693603515625" lon="108.4461527131497859954833984375">
        <ele>415.20001220703125</ele>
        <time>2026-04-17T10:42:39.000Z</time>
        <extensions>
          <ns3:TrackPointExtension>
            <ns3:hr>132</ns3:hr>
            <ns3:cad>93</ns3:cad>
          </ns3:TrackPointExtension>
        </extensions>
      </trkpt>
      <trkpt lat="30.75266696512699127197265625" lon="108.44615690410137176513671875">
        <ele>415.20001220703125</ele>
        <time>2026-04-17T10:42:40.000Z</time>
        <extensions>
          <ns3:TrackPointExtension>
            <ns3:hr>133</ns3:hr>
            <ns3:cad>94</ns3:cad>
          </ns3:TrackPointExtension>
        </extensions>
      </trkpt>
      <trkpt lat="30.7526855729520320892333984375" lon="108.44615531153976917266845703125">
        <ele>415</ele>
        <time>2026-04-17T10:42:41.000Z</time>
        <extensions>
          <ns3:TrackPointExtension>
            <ns3:hr>133</ns3:hr>
            <ns3:cad>94</ns3:cad>
          </ns3:TrackPointExtension>
        </extensions>
      </trkpt>
      <trkpt lat="30.7527083717286586761474609375" lon="108.4461604245007038116455078125">
        <ele>415</ele>
        <time>2026-04-17T10:42:42.000Z</time>
        <extensions>
          <ns3:TrackPointExtension>
            <ns3:hr>132</ns3:hr>
            <ns3:cad>94</ns3:cad>
          </ns3:TrackPointExtension>
        </extensions>
      </trkpt>
      <trkpt lat="30.7527284882962703704833984375" lon="108.4461589157581329345703125">
        <ele>415</ele>
        <time>2026-04-17T10:42:43.000Z</time>
        <extensions>
          <ns3:TrackPointExtension>
            <ns3:hr>133</ns3:hr>
            <ns3:cad>93</ns3:cad>
          </ns3:TrackPointExtension>
        </extensions>
      </trkpt>
      <trkpt lat="30.75275220908224582672119140625" lon="108.4461694769561290740966796875">
        <ele>415</ele>
        <time>2026-04-17T10:42:44.000Z</time>
        <extensions>
          <ns3:TrackPointExtension>
            <ns3:hr>132</ns3:hr>
            <ns3:cad>93</ns3:cad>
          </ns3:TrackPointExtension>
        </extensions>
      </trkpt>
      <trkpt lat="30.7527764327824115753173828125" lon="108.44616704620420932769775390625">
        <ele>415</ele>
        <time>2026-04-17T10:42:45.000Z</time>
        <extensions>
          <ns3:TrackPointExtension>
            <ns3:hr>132</ns3:hr>
            <ns3:cad>92</ns3:cad>
          </ns3:TrackPointExtension>
        </extensions>
      </trkpt>
      <trkpt lat="30.752798058092594146728515625" lon="108.4461728297173976898193359375">
        <ele>415</ele>
        <time>2026-04-17T10:42:46.000Z</time>
        <extensions>
          <ns3:TrackPointExtension>
            <ns3:hr>131</ns3:hr>
            <ns3:cad>92</ns3:cad>
          </ns3:TrackPointExtension>
        </extensions>
      </trkpt>
      <trkpt lat="30.7528213597834110260009765625" lon="108.4461678005754947662353515625">
        <ele>415.20001220703125</ele>
        <time>2026-04-17T10:42:47.000Z</time>
        <extensions>
          <ns3:TrackPointExtension>
            <ns3:hr>129</ns3:hr>
            <ns3:cad>93</ns3:cad>
          </ns3:TrackPointExtension>
        </extensions>
      </trkpt>
      <trkpt lat="30.75284239836037158966064453125" lon="108.44616704620420932769775390625">
        <ele>415.20001220703125</ele>
        <time>2026-04-17T10:42:48.000Z</time>
        <extensions>
          <ns3:TrackPointExtension>
            <ns3:hr>128</ns3:hr>
            <ns3:cad>93</ns3:cad>
          </ns3:TrackPointExtension>
        </extensions>
      </trkpt>
      <trkpt lat="30.75286653824150562286376953125" lon="108.44616402871906757354736328125">
        <ele>415.20001220703125</ele>
        <time>2026-04-17T10:42:49.000Z</time>
        <extensions>
          <ns3:TrackPointExtension>
            <ns3:hr>127</ns3:hr>
            <ns3:cad>93</ns3:cad>
          </ns3:TrackPointExtension>
        </extensions>
      </trkpt>
      <trkpt lat="30.7528850622475147247314453125" lon="108.44616637565195560455322265625">
        <ele>415.20001220703125</ele>
        <time>2026-04-17T10:42:50.000Z</time>
        <extensions>
          <ns3:TrackPointExtension>
            <ns3:hr>127</ns3:hr>
            <ns3:cad>93</ns3:cad>
          </ns3:TrackPointExtension>
        </extensions>
      </trkpt>
      <trkpt lat="30.75291247107088565826416015625" lon="108.44616721384227275848388671875">
        <ele>415.20001220703125</ele>
        <time>2026-04-17T10:42:51.000Z</time>
        <extensions>
          <ns3:TrackPointExtension>
            <ns3:hr>126</ns3:hr>
            <ns3:cad>93</ns3:cad>
          </ns3:TrackPointExtension>
        </extensions>
      </trkpt>
      <trkpt lat="30.75293242000043392181396484375" lon="108.44616972841322422027587890625">
        <ele>415.20001220703125</ele>
        <time>2026-04-17T10:42:52.000Z</time>
        <extensions>
          <ns3:TrackPointExtension>
            <ns3:hr>127</ns3:hr>
            <ns3:cad>93</ns3:cad>
          </ns3:TrackPointExtension>
        </extensions>
      </trkpt>
      <trkpt lat="30.75295706279575824737548828125" lon="108.44616872258484363555908203125">
        <ele>415.20001220703125</ele>
        <time>2026-04-17T10:42:53.000Z</time>
        <extensions>
          <ns3:TrackPointExtension>
            <ns3:hr>127</ns3:hr>
            <ns3:cad>92</ns3:cad>
          </ns3:TrackPointExtension>
        </extensions>
      </trkpt>
      <trkpt lat="30.7529718987643718719482421875" lon="108.4461647830903530120849609375">
        <ele>415.20001220703125</ele>
        <time>2026-04-17T10:42:54.000Z</time>
        <extensions>
          <ns3:TrackPointExtension>
            <ns3:hr>127</ns3:hr>
            <ns3:cad>92</ns3:cad>
          </ns3:TrackPointExtension>
        </extensions>
      </trkpt>
      <trkpt lat="30.7529975473880767822265625" lon="108.44616235233843326568603515625">
        <ele>415.20001220703125</ele>
        <time>2026-04-17T10:42:55.000Z</time>
        <extensions>
          <ns3:TrackPointExtension>
            <ns3:hr>128</ns3:hr>
            <ns3:cad>93</ns3:cad>
          </ns3:TrackPointExtension>
        </extensions>
      </trkpt>
      <trkpt lat="30.75301229953765869140625" lon="108.44615648500621318817138671875">
        <ele>415.20001220703125</ele>
        <time>2026-04-17T10:42:56.000Z</time>
        <extensions>
          <ns3:TrackPointExtension>
            <ns3:hr>131</ns3:hr>
            <ns3:cad>93</ns3:cad>
          </ns3:TrackPointExtension>
        </extensions>
      </trkpt>
      <trkpt lat="30.7530377805233001708984375" lon="108.44616050831973552703857421875">
        <ele>415.20001220703125</ele>
        <time>2026-04-17T10:42:57.000Z</time>
        <extensions>
          <ns3:TrackPointExtension>
            <ns3:hr>131</ns3:hr>
            <ns3:cad>93</ns3:cad>
          </ns3:TrackPointExtension>
        </extensions>
      </trkpt>
      <trkpt lat="30.7530547119677066802978515625" lon="108.44614994712173938751220703125">
        <ele>415.20001220703125</ele>
        <time>2026-04-17T10:42:58.000Z</time>
        <extensions>
          <ns3:TrackPointExtension>
            <ns3:hr>132</ns3:hr>
            <ns3:cad>93</ns3:cad>
          </ns3:TrackPointExtension>
        </extensions>
      </trkpt>
      <trkpt lat="30.75307709164917469024658203125" lon="108.446147851645946502685546875">
        <ele>415.20001220703125</ele>
        <time>2026-04-17T10:42:59.000Z</time>
        <extensions>
          <ns3:TrackPointExtension>
            <ns3:hr>133</ns3:hr>
            <ns3:cad>93</ns3:cad>
          </ns3:TrackPointExtension>
        </extensions>
      </trkpt>
      <trkpt lat="30.75309477746486663818359375" lon="108.4461302496492862701416015625">
        <ele>415.20001220703125</ele>
        <time>2026-04-17T10:43:00.000Z</time>
        <extensions>
          <ns3:TrackPointExtension>
            <ns3:hr>133</ns3:hr>
            <ns3:cad>93</ns3:cad>
          </ns3:TrackPointExtension>
        </extensions>
      </trkpt>
      <trkpt lat="30.753110535442829132080078125" lon="108.446117006242275238037109375">
        <ele>415.20001220703125</ele>
        <time>2026-04-17T10:43:01.000Z</time>
        <extensions>
          <ns3:TrackPointExtension>
            <ns3:hr>134</ns3:hr>
            <ns3:cad>93</ns3:cad>
          </ns3:TrackPointExtension>
        </extensions>
      </trkpt>
      <trkpt lat="30.75312294065952301025390625" lon="108.44609261490404605865478515625">
        <ele>415.20001220703125</ele>
        <time>2026-04-17T10:43:02.000Z</time>
        <extensions>
          <ns3:TrackPointExtension>
            <ns3:hr>135</ns3:hr>
            <ns3:cad>91</ns3:cad>
          </ns3:TrackPointExtension>
        </extensions>
      </trkpt>
      <trkpt lat="30.7531381957232952117919921875" lon="108.44607115723192691802978515625">
        <ele>415.20001220703125</ele>
        <time>2026-04-17T10:43:03.000Z</time>
        <extensions>
          <ns3:TrackPointExtension>
            <ns3:hr>135</ns3:hr>
            <ns3:cad>91</ns3:cad>
          </ns3:TrackPointExtension>
        </extensions>
      </trkpt>
      <trkpt lat="30.7531613297760486602783203125" lon="108.44605271704494953155517578125">
        <ele>415.20001220703125</ele>
        <time>2026-04-17T10:43:04.000Z</time>
        <extensions>
          <ns3:TrackPointExtension>
            <ns3:hr>136</ns3:hr>
            <ns3:cad>91</ns3:cad>
          </ns3:TrackPointExtension>
        </extensions>
      </trkpt>
      <trkpt lat="30.7531787641346454620361328125" lon="108.44604232348501682281494140625">
        <ele>415.20001220703125</ele>
        <time>2026-04-17T10:43:05.000Z</time>
        <extensions>
          <ns3:TrackPointExtension>
            <ns3:hr>136</ns3:hr>
            <ns3:cad>93</ns3:cad>
          </ns3:TrackPointExtension>
        </extensions>
      </trkpt>
      <trkpt lat="30.75319963507354259490966796875" lon="108.44602488912642002105712890625">
        <ele>415.20001220703125</ele>
        <time>2026-04-17T10:43:06.000Z</time>
        <extensions>
          <ns3:TrackPointExtension>
            <ns3:hr>136</ns3:hr>
            <ns3:cad>94</ns3:cad>
          </ns3:TrackPointExtension>
        </extensions>
      </trkpt>
      <trkpt lat="30.75321455486118793487548828125" lon="108.446012400090694427490234375">
        <ele>415</ele>
        <time>2026-04-17T10:43:07.000Z</time>
        <extensions>
          <ns3:TrackPointExtension>
            <ns3:hr>136</ns3:hr>
            <ns3:cad>94</ns3:cad>
          </ns3:TrackPointExtension>
        </extensions>
      </trkpt>
      <trkpt lat="30.75323383323848247528076171875" lon="108.4459912776947021484375">
        <ele>415</ele>
        <time>2026-04-17T10:43:08.000Z</time>
        <extensions>
          <ns3:TrackPointExtension>
            <ns3:hr>136</ns3:hr>
            <ns3:cad>93</ns3:cad>
          </ns3:TrackPointExtension>
        </extensions>
      </trkpt>
      <trkpt lat="30.75324506498873233795166015625" lon="108.44597409479320049285888671875">
        <ele>415</ele>
        <time>2026-04-17T10:43:09.000Z</time>
        <extensions>
          <ns3:TrackPointExtension>
            <ns3:hr>136</ns3:hr>
            <ns3:cad>93</ns3:cad>
          </ns3:TrackPointExtension>
        </extensions>
      </trkpt>
      <trkpt lat="30.75325705111026763916015625" lon="108.4459465183317661285400390625">
        <ele>415</ele>
        <time>2026-04-17T10:43:10.000Z</time>
        <extensions>
          <ns3:TrackPointExtension>
            <ns3:hr>136</ns3:hr>
            <ns3:cad>93</ns3:cad>
          </ns3:TrackPointExtension>
        </extensions>
      </trkpt>
      <trkpt lat="30.75326115824282169342041015625" lon="108.445925898849964141845703125">
        <ele>415</ele>
        <time>2026-04-17T10:43:11.000Z</time>
        <extensions>
          <ns3:TrackPointExtension>
            <ns3:hr>135</ns3:hr>
            <ns3:cad>93</ns3:cad>
          </ns3:TrackPointExtension>
        </extensions>
      </trkpt>
      <trkpt lat="30.75327490456402301788330078125" lon="108.44590284861624240875244140625">
        <ele>415</ele>
        <time>2026-04-17T10:43:12.000Z</time>
        <extensions>
          <ns3:TrackPointExtension>
            <ns3:hr>135</ns3:hr>
            <ns3:cad>93</ns3:cad>
          </ns3:TrackPointExtension>
        </extensions>
      </trkpt>
      <trkpt lat="30.75328387320041656494140625" lon="108.4458831511437892913818359375">
        <ele>415</ele>
        <time>2026-04-17T10:43:13.000Z</time>
        <extensions>
          <ns3:TrackPointExtension>
            <ns3:hr>135</ns3:hr>
            <ns3:cad>93</ns3:cad>
          </ns3:TrackPointExtension>
        </extensions>
      </trkpt>
      <trkpt lat="30.7532994635403156280517578125" lon="108.44586186110973358154296875">
        <ele>415</ele>
        <time>2026-04-17T10:43:14.000Z</time>
        <extensions>
          <ns3:TrackPointExtension>
            <ns3:hr>136</ns3:hr>
            <ns3:cad>93</ns3:cad>
          </ns3:TrackPointExtension>
        </extensions>
      </trkpt>
      <trkpt lat="30.75330591760575771331787109375" lon="108.44583612866699695587158203125">
        <ele>415</ele>
        <time>2026-04-17T10:43:15.000Z</time>
        <extensions>
          <ns3:TrackPointExtension>
            <ns3:hr>136</ns3:hr>
            <ns3:cad>93</ns3:cad>
          </ns3:TrackPointExtension>
        </extensions>
      </trkpt>
      <trkpt lat="30.75331740081310272216796875" lon="108.4458147548139095306396484375">
        <ele>415</ele>
        <time>2026-04-17T10:43:16.000Z</time>
        <extensions>
          <ns3:TrackPointExtension>
            <ns3:hr>136</ns3:hr>
            <ns3:cad>92</ns3:cad>
          </ns3:TrackPointExtension>
        </extensions>
      </trkpt>
      <trkpt lat="30.7533225975930690765380859375" lon="108.4457872621715068817138671875">
        <ele>415</ele>
        <time>2026-04-17T10:43:17.000Z</time>
        <extensions>
          <ns3:TrackPointExtension>
            <ns3:hr>135</ns3:hr>
            <ns3:cad>92</ns3:cad>
          </ns3:TrackPointExtension>
        </extensions>
      </trkpt>
      <trkpt lat="30.7533269561827182769775390625" lon="108.44576722942292690277099609375">
        <ele>415</ele>
        <time>2026-04-17T10:43:18.000Z</time>
        <extensions>
          <ns3:TrackPointExtension>
            <ns3:hr>135</ns3:hr>
            <ns3:cad>92</ns3:cad>
          </ns3:TrackPointExtension>
        </extensions>
      </trkpt>
      <trkpt lat="30.75332838110625743865966796875" lon="108.44574124552309513092041015625">
        <ele>415</ele>
        <time>2026-04-17T10:43:19.000Z</time>
        <extensions>
          <ns3:TrackPointExtension>
            <ns3:hr>135</ns3:hr>
            <ns3:cad>92</ns3:cad>
          </ns3:TrackPointExtension>
        </extensions>
      </trkpt>
      <trkpt lat="30.75332435779273509979248046875" lon="108.44572146423161029815673828125">
        <ele>415</ele>
        <time>2026-04-17T10:43:20.000Z</time>
        <extensions>
          <ns3:TrackPointExtension>
            <ns3:hr>134</ns3:hr>
            <ns3:cad>93</ns3:cad>
          </ns3:TrackPointExtension>
        </extensions>
      </trkpt>
      <trkpt lat="30.75332066975533962249755859375" lon="108.44569078646600246429443359375">
        <ele>415</ele>
        <time>2026-04-17T10:43:21.000Z</time>
        <extensions>
          <ns3:TrackPointExtension>
            <ns3:hr>133</ns3:hr>
            <ns3:cad>93</ns3:cad>
          </ns3:TrackPointExtension>
        </extensions>
      </trkpt>
      <trkpt lat="30.7533179037272930145263671875" lon="108.44567268155515193939208984375">
        <ele>415</ele>
        <time>2026-04-17T10:43:22.000Z</time>
        <extensions>
          <ns3:TrackPointExtension>
            <ns3:hr>132</ns3:hr>
            <ns3:cad>94</ns3:cad>
          </ns3:TrackPointExtension>
        </extensions>
      </trkpt>
      <trkpt lat="30.7533199153840541839599609375" lon="108.4456427581608295440673828125">
        <ele>415</ele>
        <time>2026-04-17T10:43:23.000Z</time>
        <extensions>
          <ns3:TrackPointExtension>
            <ns3:hr>132</ns3:hr>
            <ns3:cad>93</ns3:cad>
          </ns3:TrackPointExtension>
        </extensions>
      </trkpt>
      <trkpt lat="30.7533155567944049835205078125" lon="108.44562222249805927276611328125">
        <ele>415</ele>
        <time>2026-04-17T10:43:24.000Z</time>
        <extensions>
          <ns3:TrackPointExtension>
            <ns3:hr>132</ns3:hr>
            <ns3:cad>93</ns3:cad>
          </ns3:TrackPointExtension>
        </extensions>
      </trkpt>
      <trkpt lat="30.7533199153840541839599609375" lon="108.4455924667418003082275390625">
        <ele>415</ele>
        <time>2026-04-17T10:43:25.000Z</time>
        <extensions>
          <ns3:TrackPointExtension>
            <ns3:hr>131</ns3:hr>
            <ns3:cad>92</ns3:cad>
          </ns3:TrackPointExtension>
        </extensions>
      </trkpt>
      <trkpt lat="30.75331815518438816070556640625" lon="108.44556748867034912109375">
        <ele>415</ele>
        <time>2026-04-17T10:43:26.000Z</time>
        <extensions>
          <ns3:TrackPointExtension>
            <ns3:hr>131</ns3:hr>
            <ns3:cad>92</ns3:cad>
          </ns3:TrackPointExtension>
        </extensions>
      </trkpt>
      <trkpt lat="30.75332720763981342315673828125" lon="108.44554133713245391845703125">
        <ele>415</ele>
        <time>2026-04-17T10:43:27.000Z</time>
        <extensions>
          <ns3:TrackPointExtension>
            <ns3:hr>131</ns3:hr>
            <ns3:cad>92</ns3:cad>
          </ns3:TrackPointExtension>
        </extensions>
      </trkpt>
      <trkpt lat="30.7533286325633525848388671875" lon="108.4455163590610027313232421875">
        <ele>415</ele>
        <time>2026-04-17T10:43:28.000Z</time>
        <extensions>
          <ns3:TrackPointExtension>
            <ns3:hr>131</ns3:hr>
            <ns3:cad>94</ns3:cad>
          </ns3:TrackPointExtension>
        </extensions>
      </trkpt>
      <trkpt lat="30.7533262856304645538330078125" lon="108.44549414701759815216064453125">
        <ele>415</ele>
        <time>2026-04-17T10:43:29.000Z</time>
        <extensions>
          <ns3:TrackPointExtension>
            <ns3:hr>131</ns3:hr>
            <ns3:cad>94</ns3:cad>
          </ns3:TrackPointExtension>
        </extensions>
      </trkpt>
      <trkpt lat="30.75332008302211761474609375" lon="108.4454687498509883880615234375">
        <ele>415.20001220703125</ele>
        <time>2026-04-17T10:43:30.000Z</time>
        <extensions>
          <ns3:TrackPointExtension>
            <ns3:hr>131</ns3:hr>
            <ns3:cad>93</ns3:cad>
          </ns3:TrackPointExtension>
        </extensions>
      </trkpt>
      <trkpt lat="30.75331446714699268341064453125" lon="108.4454489685595035552978515625">
        <ele>415.20001220703125</ele>
        <time>2026-04-17T10:43:31.000Z</time>
        <extensions>
          <ns3:TrackPointExtension>
            <ns3:hr>131</ns3:hr>
            <ns3:cad>92</ns3:cad>
          </ns3:TrackPointExtension>
        </extensions>
      </trkpt>
      <trkpt lat="30.7533031515777111053466796875" lon="108.44542424194514751434326171875">
        <ele>415.20001220703125</ele>
        <time>2026-04-17T10:43:32.000Z</time>
        <extensions>
          <ns3:TrackPointExtension>
            <ns3:hr>132</ns3:hr>
            <ns3:cad>92</ns3:cad>
          </ns3:TrackPointExtension>
        </extensions>
      </trkpt>
      <trkpt lat="30.75329334475100040435791015625" lon="108.44540714286267757415771484375">
        <ele>415.20001220703125</ele>
        <time>2026-04-17T10:43:33.000Z</time>
        <extensions>
          <ns3:TrackPointExtension>
            <ns3:hr>131</ns3:hr>
            <ns3:cad>92</ns3:cad>
          </ns3:TrackPointExtension>
        </extensions>
      </trkpt>
      <trkpt lat="30.75328328646719455718994140625" lon="108.44537864439189434051513671875">
        <ele>415.20001220703125</ele>
        <time>2026-04-17T10:43:34.000Z</time>
        <extensions>
          <ns3:TrackPointExtension>
            <ns3:hr>131</ns3:hr>
            <ns3:cad>92</ns3:cad>
          </ns3:TrackPointExtension>
        </extensions>
      </trkpt>
      <trkpt lat="30.75327188707888126373291015625" lon="108.44536255113780498504638671875">
        <ele>415.20001220703125</ele>
        <time>2026-04-17T10:43:35.000Z</time>
        <extensions>
          <ns3:TrackPointExtension>
            <ns3:hr>131</ns3:hr>
            <ns3:cad>92</ns3:cad>
          </ns3:TrackPointExtension>
        </extensions>
      </trkpt>
      <trkpt lat="30.75326618738472461700439453125" lon="108.44533002935349941253662109375">
        <ele>415.20001220703125</ele>
        <time>2026-04-17T10:43:36.000Z</time>
        <extensions>
          <ns3:TrackPointExtension>
            <ns3:hr>131</ns3:hr>
            <ns3:cad>92</ns3:cad>
          </ns3:TrackPointExtension>
        </extensions>
      </trkpt>
      <trkpt lat="30.75325436890125274658203125" lon="108.44530924223363399505615234375">
        <ele>415.20001220703125</ele>
        <time>2026-04-17T10:43:37.000Z</time>
        <extensions>
          <ns3:TrackPointExtension>
            <ns3:hr>130</ns3:hr>
            <ns3:cad>93</ns3:cad>
          </ns3:TrackPointExtension>
        </extensions>
      </trkpt>
      <trkpt lat="30.75324640609323978424072265625" lon="108.445280157029628753662109375">
        <ele>415.20001220703125</ele>
        <time>2026-04-17T10:43:38.000Z</time>
        <extensions>
          <ns3:TrackPointExtension>
            <ns3:hr>130</ns3:hr>
            <ns3:cad>93</ns3:cad>
          </ns3:TrackPointExtension>
        </extensions>
      </trkpt>
      <trkpt lat="30.7532308995723724365234375" lon="108.4452625550329685211181640625">
        <ele>415.20001220703125</ele>
        <time>2026-04-17T10:43:39.000Z</time>
        <extensions>
          <ns3:TrackPointExtension>
            <ns3:hr>130</ns3:hr>
            <ns3:cad>93</ns3:cad>
          </ns3:TrackPointExtension>
        </extensions>
      </trkpt>
      <trkpt lat="30.7532189972698688507080078125" lon="108.4452402591705322265625">
        <ele>415.20001220703125</ele>
        <time>2026-04-17T10:43:40.000Z</time>
        <extensions>
          <ns3:TrackPointExtension>
            <ns3:hr>130</ns3:hr>
            <ns3:cad>93</ns3:cad>
          </ns3:TrackPointExtension>
        </extensions>
      </trkpt>
      <trkpt lat="30.753203742206096649169921875" lon="108.445222489535808563232421875">
        <ele>415.20001220703125</ele>
        <time>2026-04-17T10:43:41.000Z</time>
        <extensions>
          <ns3:TrackPointExtension>
            <ns3:hr>130</ns3:hr>
            <ns3:cad>94</ns3:cad>
          </ns3:TrackPointExtension>
        </extensions>
      </trkpt>
      <trkpt lat="30.75319980271160602569580078125" lon="108.44520497135818004608154296875">
        <ele>415.20001220703125</ele>
        <time>2026-04-17T10:43:42.000Z</time>
        <extensions>
          <ns3:TrackPointExtension>
            <ns3:hr>130</ns3:hr>
            <ns3:cad>93</ns3:cad>
          </ns3:TrackPointExtension>
        </extensions>
      </trkpt>
      <trkpt lat="30.75319795869290828704833984375" lon="108.4451784007251262664794921875">
        <ele>415.20001220703125</ele>
        <time>2026-04-17T10:43:43.000Z</time>
        <extensions>
          <ns3:TrackPointExtension>
            <ns3:hr>131</ns3:hr>
            <ns3:cad>93</ns3:cad>
          </ns3:TrackPointExtension>
        </extensions>
      </trkpt>
      <trkpt lat="30.75320114381611347198486328125" lon="108.44515283592045307159423828125">
        <ele>415.20001220703125</ele>
        <time>2026-04-17T10:43:44.000Z</time>
        <extensions>
          <ns3:TrackPointExtension>
            <ns3:hr>131</ns3:hr>
            <ns3:cad>93</ns3:cad>
          </ns3:TrackPointExtension>
        </extensions>
      </trkpt>
      <trkpt lat="30.75319577939808368682861328125" lon="108.44512098468840122222900390625">
        <ele>415.20001220703125</ele>
        <time>2026-04-17T10:43:45.000Z</time>
        <extensions>
          <ns3:TrackPointExtension>
            <ns3:hr>131</ns3:hr>
            <ns3:cad>93</ns3:cad>
          </ns3:TrackPointExtension>
        </extensions>
      </trkpt>
      <trkpt lat="30.7531853020191192626953125" lon="108.445103801786899566650390625">
        <ele>415.20001220703125</ele>
        <time>2026-04-17T10:43:46.000Z</time>
        <extensions>
          <ns3:TrackPointExtension>
            <ns3:hr>132</ns3:hr>
            <ns3:cad>93</ns3:cad>
          </ns3:TrackPointExtension>
        </extensions>
      </trkpt>
      <trkpt lat="30.7531596533954143524169921875" lon="108.44509282149374485015869140625">
        <ele>415.20001220703125</ele>
        <time>2026-04-17T10:43:47.000Z</time>
        <extensions>
          <ns3:TrackPointExtension>
            <ns3:hr>132</ns3:hr>
            <ns3:cad>93</ns3:cad>
          </ns3:TrackPointExtension>
        </extensions>
      </trkpt>
      <trkpt lat="30.7531428895890712738037109375" lon="108.44509449787437915802001953125">
        <ele>415.20001220703125</ele>
        <time>2026-04-17T10:43:48.000Z</time>
        <extensions>
          <ns3:TrackPointExtension>
            <ns3:hr>133</ns3:hr>
            <ns3:cad>93</ns3:cad>
          </ns3:TrackPointExtension>
        </extensions>
      </trkpt>
      <trkpt lat="30.75311380438506603240966796875" lon="108.44509801827371120452880859375">
        <ele>415.20001220703125</ele>
        <time>2026-04-17T10:43:49.000Z</time>
        <extensions>
          <ns3:TrackPointExtension>
            <ns3:hr>133</ns3:hr>
            <ns3:cad>93</ns3:cad>
          </ns3:TrackPointExtension>
        </extensions>
      </trkpt>
      <trkpt lat="30.7530966214835643768310546875" lon="108.4451029635965824127197265625">
        <ele>415.20001220703125</ele>
        <time>2026-04-17T10:43:50.000Z</time>
        <extensions>
          <ns3:TrackPointExtension>
            <ns3:hr>134</ns3:hr>
            <ns3:cad>93</ns3:cad>
          </ns3:TrackPointExtension>
        </extensions>
      </trkpt>
      <trkpt lat="30.7530734874308109283447265625" lon="108.44509852118790149688720703125">
        <ele>415.20001220703125</ele>
        <time>2026-04-17T10:43:51.000Z</time>
        <extensions>
          <ns3:TrackPointExtension>
            <ns3:hr>134</ns3:hr>
            <ns3:cad>93</ns3:cad>
          </ns3:TrackPointExtension>
        </extensions>
      </trkpt>
      <trkpt lat="30.75305395759642124176025390625" lon="108.44509835354983806610107421875">
        <ele>415.20001220703125</ele>
        <time>2026-04-17T10:43:52.000Z</time>
        <extensions>
          <ns3:TrackPointExtension>
            <ns3:hr>134</ns3:hr>
            <ns3:cad>93</ns3:cad>
          </ns3:TrackPointExtension>
        </extensions>
      </trkpt>
      <trkpt lat="30.75303149409592151641845703125" lon="108.445089720189571380615234375">
        <ele>415.20001220703125</ele>
        <time>2026-04-17T10:43:53.000Z</time>
        <extensions>
          <ns3:TrackPointExtension>
            <ns3:hr>134</ns3:hr>
            <ns3:cad>93</ns3:cad>
          </ns3:TrackPointExtension>
        </extensions>
      </trkpt>
      <trkpt lat="30.753011964261531829833984375" lon="108.44509114511311054229736328125">
        <ele>415.20001220703125</ele>
        <time>2026-04-17T10:43:54.000Z</time>
        <extensions>
          <ns3:TrackPointExtension>
            <ns3:hr>134</ns3:hr>
            <ns3:cad>92</ns3:cad>
          </ns3:TrackPointExtension>
        </extensions>
      </trkpt>
      <trkpt lat="30.75298924930393695831298828125" lon="108.4450887143611907958984375">
        <ele>415.20001220703125</ele>
        <time>2026-04-17T10:43:55.000Z</time>
        <extensions>
          <ns3:TrackPointExtension>
            <ns3:hr>134</ns3:hr>
            <ns3:cad>92</ns3:cad>
          </ns3:TrackPointExtension>
        </extensions>
      </trkpt>
      <trkpt lat="30.752966366708278656005859375" lon="108.44509013928472995758056640625">
        <ele>415.20001220703125</ele>
        <time>2026-04-17T10:43:56.000Z</time>
        <extensions>
          <ns3:TrackPointExtension>
            <ns3:hr>134</ns3:hr>
            <ns3:cad>93</ns3:cad>
          </ns3:TrackPointExtension>
        </extensions>
      </trkpt>
      <trkpt lat="30.7529447413980960845947265625" lon="108.44508477486670017242431640625">
        <ele>415.20001220703125</ele>
        <time>2026-04-17T10:43:57.000Z</time>
        <extensions>
          <ns3:TrackPointExtension>
            <ns3:hr>134</ns3:hr>
            <ns3:cad>93</ns3:cad>
          </ns3:TrackPointExtension>
        </extensions>
      </trkpt>
      <trkpt lat="30.75292035005986690521240234375" lon="108.44508795998990535736083984375">
        <ele>415.20001220703125</ele>
        <time>2026-04-17T10:43:58.000Z</time>
        <extensions>
          <ns3:TrackPointExtension>
            <ns3:hr>134</ns3:hr>
            <ns3:cad>93</ns3:cad>
          </ns3:TrackPointExtension>
        </extensions>
      </trkpt>
      <trkpt lat="30.7529001496732234954833984375" lon="108.44508460722863674163818359375">
        <ele>415.20001220703125</ele>
        <time>2026-04-17T10:43:59.000Z</time>
        <extensions>
          <ns3:TrackPointExtension>
            <ns3:hr>134</ns3:hr>
            <ns3:cad>94</ns3:cad>
          </ns3:TrackPointExtension>
        </extensions>
      </trkpt>
      <trkpt lat="30.75287223793566226959228515625" lon="108.44508946873247623443603515625">
        <ele>415.20001220703125</ele>
        <time>2026-04-17T10:44:00.000Z</time>
        <extensions>
          <ns3:TrackPointExtension>
            <ns3:hr>134</ns3:hr>
            <ns3:cad>93</ns3:cad>
          </ns3:TrackPointExtension>
        </extensions>
      </trkpt>
      <trkpt lat="30.75285564176738262176513671875" lon="108.44509013928472995758056640625">
        <ele>415.20001220703125</ele>
        <time>2026-04-17T10:44:01.000Z</time>
        <extensions>
          <ns3:TrackPointExtension>
            <ns3:hr>134</ns3:hr>
            <ns3:cad>93</ns3:cad>
          </ns3:TrackPointExtension>
        </extensions>
      </trkpt>
      <trkpt lat="30.75282990932464599609375" lon="108.44508879818022251129150390625">
        <ele>415.20001220703125</ele>
        <time>2026-04-17T10:44:02.000Z</time>
        <extensions>
          <ns3:TrackPointExtension>
            <ns3:hr>134</ns3:hr>
            <ns3:cad>93</ns3:cad>
          </ns3:TrackPointExtension>
        </extensions>
      </trkpt>
      <trkpt lat="30.75281205587089061737060546875" lon="108.44508779235184192657470703125">
        <ele>415.20001220703125</ele>
        <time>2026-04-17T10:44:03.000Z</time>
        <extensions>
          <ns3:TrackPointExtension>
            <ns3:hr>134</ns3:hr>
            <ns3:cad>93</ns3:cad>
          </ns3:TrackPointExtension>
        </extensions>
      </trkpt>
      <trkpt lat="30.7527883350849151611328125" lon="108.44508661888539791107177734375">
        <ele>415.20001220703125</ele>
        <time>2026-04-17T10:44:04.000Z</time>
        <extensions>
          <ns3:TrackPointExtension>
            <ns3:hr>134</ns3:hr>
            <ns3:cad>93</ns3:cad>
          </ns3:TrackPointExtension>
        </extensions>
      </trkpt>
      <trkpt lat="30.75277425348758697509765625" lon="108.44509282149374485015869140625">
        <ele>415.20001220703125</ele>
        <time>2026-04-17T10:44:05.000Z</time>
        <extensions>
          <ns3:TrackPointExtension>
            <ns3:hr>134</ns3:hr>
            <ns3:cad>93</ns3:cad>
          </ns3:TrackPointExtension>
        </extensions>
      </trkpt>
      <trkpt lat="30.7527502812445163726806640625" lon="108.44509097747504711151123046875">
        <ele>415.20001220703125</ele>
        <time>2026-04-17T10:44:06.000Z</time>
        <extensions>
          <ns3:TrackPointExtension>
            <ns3:hr>134</ns3:hr>
            <ns3:cad>93</ns3:cad>
          </ns3:TrackPointExtension>
        </extensions>
      </trkpt>
      <trkpt lat="30.752730667591094970703125" lon="108.4450967609882354736328125">
        <ele>415.20001220703125</ele>
        <time>2026-04-17T10:44:07.000Z</time>
        <extensions>
          <ns3:TrackPointExtension>
            <ns3:hr>134</ns3:hr>
            <ns3:cad>93</ns3:cad>
          </ns3:TrackPointExtension>
        </extensions>
      </trkpt>
      <trkpt lat="30.7527050189673900604248046875" lon="108.44509206712245941162109375">
        <ele>415.20001220703125</ele>
        <time>2026-04-17T10:44:08.000Z</time>
        <extensions>
          <ns3:TrackPointExtension>
            <ns3:hr>134</ns3:hr>
            <ns3:cad>93</ns3:cad>
          </ns3:TrackPointExtension>
        </extensions>
      </trkpt>
      <trkpt lat="30.75268280692398548126220703125" lon="108.4450949169695377349853515625">
        <ele>415.20001220703125</ele>
        <time>2026-04-17T10:44:09.000Z</time>
        <extensions>
          <ns3:TrackPointExtension>
            <ns3:hr>134</ns3:hr>
            <ns3:cad>93</ns3:cad>
          </ns3:TrackPointExtension>
        </extensions>
      </trkpt>
      <trkpt lat="30.7526610977947711944580078125" lon="108.44508812762796878814697265625">
        <ele>415.20001220703125</ele>
        <time>2026-04-17T10:44:10.000Z</time>
        <extensions>
          <ns3:TrackPointExtension>
            <ns3:hr>135</ns3:hr>
            <ns3:cad>93</ns3:cad>
          </ns3:TrackPointExtension>
        </extensions>
      </trkpt>
      <trkpt lat="30.7526382990181446075439453125" lon="108.4450913965702056884765625">
        <ele>415.20001220703125</ele>
        <time>2026-04-17T10:44:11.000Z</time>
        <extensions>
          <ns3:TrackPointExtension>
            <ns3:hr>135</ns3:hr>
            <ns3:cad>93</ns3:cad>
          </ns3:TrackPointExtension>
        </extensions>
      </trkpt>
      <trkpt lat="30.7526198588311672210693359375" lon="108.4450885467231273651123046875">
        <ele>415.20001220703125</ele>
        <time>2026-04-17T10:44:12.000Z</time>
        <extensions>
          <ns3:TrackPointExtension>
            <ns3:hr>135</ns3:hr>
            <ns3:cad>93</ns3:cad>
          </ns3:TrackPointExtension>
        </extensions>
      </trkpt>
      <trkpt lat="30.752596892416477203369140625" lon="108.44508963637053966522216796875">
        <ele>415.20001220703125</ele>
        <time>2026-04-17T10:44:13.000Z</time>
        <extensions>
          <ns3:TrackPointExtension>
            <ns3:hr>136</ns3:hr>
            <ns3:cad>94</ns3:cad>
          </ns3:TrackPointExtension>
        </extensions>
      </trkpt>
      <trkpt lat="30.75257853604853153228759765625" lon="108.445091061294078826904296875">
        <ele>415.20001220703125</ele>
        <time>2026-04-17T10:44:14.000Z</time>
        <extensions>
          <ns3:TrackPointExtension>
            <ns3:hr>136</ns3:hr>
            <ns3:cad>93</ns3:cad>
          </ns3:TrackPointExtension>
        </extensions>
      </trkpt>
      <trkpt lat="30.75255154632031917572021484375" lon="108.44509768299758434295654296875">
        <ele>415.20001220703125</ele>
        <time>2026-04-17T10:44:15.000Z</time>
        <extensions>
          <ns3:TrackPointExtension>
            <ns3:hr>136</ns3:hr>
            <ns3:cad>92</ns3:cad>
          </ns3:TrackPointExtension>
        </extensions>
      </trkpt>
      <trkpt lat="30.7525320164859294891357421875" lon="108.44510137103497982025146484375">
        <ele>415.20001220703125</ele>
        <time>2026-04-17T10:44:16.000Z</time>
        <extensions>
          <ns3:TrackPointExtension>
            <ns3:hr>136</ns3:hr>
            <ns3:cad>92</ns3:cad>
          </ns3:TrackPointExtension>
        </extensions>
      </trkpt>
      <trkpt lat="30.75250645168125629425048828125" lon="108.4451012872159481048583984375">
        <ele>415.20001220703125</ele>
        <time>2026-04-17T10:44:17.000Z</time>
        <extensions>
          <ns3:TrackPointExtension>
            <ns3:hr>136</ns3:hr>
            <ns3:cad>93</ns3:cad>
          </ns3:TrackPointExtension>
        </extensions>
      </trkpt>
      <trkpt lat="30.75248901732265949249267578125" lon="108.44510422088205814361572265625">
        <ele>415.20001220703125</ele>
        <time>2026-04-17T10:44:18.000Z</time>
        <extensions>
          <ns3:TrackPointExtension>
            <ns3:hr>137</ns3:hr>
            <ns3:cad>93</ns3:cad>
          </ns3:TrackPointExtension>
        </extensions>
      </trkpt>
      <trkpt lat="30.75246672146022319793701171875" lon="108.445094414055347442626953125">
        <ele>415.20001220703125</ele>
        <time>2026-04-17T10:44:19.000Z</time>
        <extensions>
          <ns3:TrackPointExtension>
            <ns3:hr>137</ns3:hr>
            <ns3:cad>92</ns3:cad>
          </ns3:TrackPointExtension>
        </extensions>
      </trkpt>
      <trkpt lat="30.75244962237775325775146484375" lon="108.4451007843017578125">
        <ele>415.20001220703125</ele>
        <time>2026-04-17T10:44:20.000Z</time>
        <extensions>
          <ns3:TrackPointExtension>
            <ns3:hr>137</ns3:hr>
            <ns3:cad>92</ns3:cad>
          </ns3:TrackPointExtension>
        </extensions>
      </trkpt>
      <trkpt lat="30.75243202038109302520751953125" lon="108.44509349204599857330322265625">
        <ele>415.20001220703125</ele>
        <time>2026-04-17T10:44:21.000Z</time>
        <extensions>
          <ns3:TrackPointExtension>
            <ns3:hr>137</ns3:hr>
            <ns3:cad>91</ns3:cad>
          </ns3:TrackPointExtension>
        </extensions>
      </trkpt>
      <trkpt lat="30.7524059526622295379638671875" lon="108.44509785063564777374267578125">
        <ele>415.20001220703125</ele>
        <time>2026-04-17T10:44:22.000Z</time>
        <extensions>
          <ns3:TrackPointExtension>
            <ns3:hr>137</ns3:hr>
            <ns3:cad>91</ns3:cad>
          </ns3:TrackPointExtension>
        </extensions>
      </trkpt>
      <trkpt lat="30.75238508172333240509033203125" lon="108.44509835354983806610107421875">
        <ele>415.20001220703125</ele>
        <time>2026-04-17T10:44:23.000Z</time>
        <extensions>
          <ns3:TrackPointExtension>
            <ns3:hr>137</ns3:hr>
            <ns3:cad>92</ns3:cad>
          </ns3:TrackPointExtension>
        </extensions>
      </trkpt>
      <trkpt lat="30.75235155411064624786376953125" lon="108.4451048076152801513671875">
        <ele>415.20001220703125</ele>
        <time>2026-04-17T10:44:24.000Z</time>
        <extensions>
          <ns3:TrackPointExtension>
            <ns3:hr>137</ns3:hr>
            <ns3:cad>92</ns3:cad>
          </ns3:TrackPointExtension>
        </extensions>
      </trkpt>
      <trkpt lat="30.752333700656890869140625" lon="108.4451096691191196441650390625">
        <ele>415.20001220703125</ele>
        <time>2026-04-17T10:44:25.000Z</time>
        <extensions>
          <ns3:TrackPointExtension>
            <ns3:hr>137</ns3:hr>
            <ns3:cad>92</ns3:cad>
          </ns3:TrackPointExtension>
        </extensions>
      </trkpt>
      <trkpt lat="30.75230629183351993560791015625" lon="108.4451115131378173828125">
        <ele>415.20001220703125</ele>
        <time>2026-04-17T10:44:26.000Z</time>
        <extensions>
          <ns3:TrackPointExtension>
            <ns3:hr>137</ns3:hr>
            <ns3:cad>93</ns3:cad>
          </ns3:TrackPointExtension>
        </extensions>
      </trkpt>
      <trkpt lat="30.75228600762784481048583984375" lon="108.445115871727466583251953125">
        <ele>415.20001220703125</ele>
        <time>2026-04-17T10:44:27.000Z</time>
        <extensions>
          <ns3:TrackPointExtension>
            <ns3:hr>137</ns3:hr>
            <ns3:cad>94</ns3:cad>
          </ns3:TrackPointExtension>
        </extensions>
      </trkpt>
      <trkpt lat="30.752258263528347015380859375" lon="108.44511360861361026763916015625">
        <ele>415.20001220703125</ele>
        <time>2026-04-17T10:44:28.000Z</time>
        <extensions>
          <ns3:TrackPointExtension>
            <ns3:hr>137</ns3:hr>
            <ns3:cad>94</ns3:cad>
          </ns3:TrackPointExtension>
        </extensions>
      </trkpt>
      <trkpt lat="30.75223655439913272857666015625" lon="108.4451207332313060760498046875">
        <ele>415.20001220703125</ele>
        <time>2026-04-17T10:44:29.000Z</time>
        <extensions>
          <ns3:TrackPointExtension>
            <ns3:hr>137</ns3:hr>
            <ns3:cad>92</ns3:cad>
          </ns3:TrackPointExtension>
        </extensions>
      </trkpt>
      <trkpt lat="30.75220654718577861785888671875" lon="108.4451193921267986297607421875">
        <ele>415.20001220703125</ele>
        <time>2026-04-17T10:44:30.000Z</time>
        <extensions>
          <ns3:TrackPointExtension>
            <ns3:hr>137</ns3:hr>
            <ns3:cad>92</ns3:cad>
          </ns3:TrackPointExtension>
        </extensions>
      </trkpt>
      <trkpt lat="30.75218341313302516937255859375" lon="108.4451203979551792144775390625">
        <ele>415.20001220703125</ele>
        <time>2026-04-17T10:44:31.000Z</time>
        <extensions>
          <ns3:TrackPointExtension>
            <ns3:hr>137</ns3:hr>
            <ns3:cad>92</ns3:cad>
          </ns3:TrackPointExtension>
        </extensions>
      </trkpt>
      <trkpt lat="30.75216497294604778289794921875" lon="108.4451153688132762908935546875">
        <ele>415.20001220703125</ele>
        <time>2026-04-17T10:44:32.000Z</time>
        <extensions>
          <ns3:TrackPointExtension>
            <ns3:hr>137</ns3:hr>
            <ns3:cad>92</ns3:cad>
          </ns3:TrackPointExtension>
        </extensions>
      </trkpt>
      <trkpt lat="30.75213647447526454925537109375" lon="108.44511461444199085235595703125">
        <ele>415.20001220703125</ele>
        <time>2026-04-17T10:44:33.000Z</time>
        <extensions>
          <ns3:TrackPointExtension>
            <ns3:hr>137</ns3:hr>
            <ns3:cad>92</ns3:cad>
          </ns3:TrackPointExtension>
        </extensions>
      </trkpt>
      <trkpt lat="30.75211753137409687042236328125" lon="108.445115201175212860107421875">
        <ele>415.20001220703125</ele>
        <time>2026-04-17T10:44:34.000Z</time>
        <extensions>
          <ns3:TrackPointExtension>
            <ns3:hr>137</ns3:hr>
            <ns3:cad>92</ns3:cad>
          </ns3:TrackPointExtension>
        </extensions>
      </trkpt>
      <trkpt lat="30.7520904578268527984619140625" lon="108.44511847011744976043701171875">
        <ele>415.20001220703125</ele>
        <time>2026-04-17T10:44:35.000Z</time>
        <extensions>
          <ns3:TrackPointExtension>
            <ns3:hr>137</ns3:hr>
            <ns3:cad>92</ns3:cad>
          </ns3:TrackPointExtension>
        </extensions>
      </trkpt>
      <trkpt lat="30.75207545422017574310302734375" lon="108.445124924182891845703125">
        <ele>415.20001220703125</ele>
        <time>2026-04-17T10:44:36.000Z</time>
        <extensions>
          <ns3:TrackPointExtension>
            <ns3:hr>138</ns3:hr>
            <ns3:cad>92</ns3:cad>
          </ns3:TrackPointExtension>
        </extensions>
      </trkpt>
      <trkpt lat="30.7520508952438831329345703125" lon="108.44512266106903553009033203125">
        <ele>415.20001220703125</ele>
        <time>2026-04-17T10:44:37.000Z</time>
        <extensions>
          <ns3:TrackPointExtension>
            <ns3:hr>138</ns3:hr>
            <ns3:cad>93</ns3:cad>
          </ns3:TrackPointExtension>
        </extensions>
      </trkpt>
      <trkpt lat="30.75203002430498600006103515625" lon="108.4451267682015895843505859375">
        <ele>415.20001220703125</ele>
        <time>2026-04-17T10:44:38.000Z</time>
        <extensions>
          <ns3:TrackPointExtension>
            <ns3:hr>139</ns3:hr>
            <ns3:cad>94</ns3:cad>
          </ns3:TrackPointExtension>
        </extensions>
      </trkpt>
      <trkpt lat="30.75200806371867656707763671875" lon="108.44512282870709896087646484375">
        <ele>415.20001220703125</ele>
        <time>2026-04-17T10:44:39.000Z</time>
        <extensions>
          <ns3:TrackPointExtension>
            <ns3:hr>140</ns3:hr>
            <ns3:cad>93</ns3:cad>
          </ns3:TrackPointExtension>
        </extensions>
      </trkpt>
      <trkpt lat="30.75198442675173282623291015625" lon="108.44512634910643100738525390625">
        <ele>415.20001220703125</ele>
        <time>2026-04-17T10:44:40.000Z</time>
        <extensions>
          <ns3:TrackPointExtension>
            <ns3:hr>140</ns3:hr>
            <ns3:cad>93</ns3:cad>
          </ns3:TrackPointExtension>
        </extensions>
      </trkpt>
      <trkpt lat="30.75196716003119945526123046875" lon="108.4451297856867313385009765625">
        <ele>415.20001220703125</ele>
        <time>2026-04-17T10:44:41.000Z</time>
        <extensions>
          <ns3:TrackPointExtension>
            <ns3:hr>141</ns3:hr>
            <ns3:cad>93</ns3:cad>
          </ns3:TrackPointExtension>
        </extensions>
      </trkpt>
      <trkpt lat="30.7519395835697650909423828125" lon="108.4451351501047611236572265625">
        <ele>415.20001220703125</ele>
        <time>2026-04-17T10:44:42.000Z</time>
        <extensions>
          <ns3:TrackPointExtension>
            <ns3:hr>141</ns3:hr>
            <ns3:cad>93</ns3:cad>
          </ns3:TrackPointExtension>
        </extensions>
      </trkpt>
      <trkpt lat="30.75192223303020000457763671875" lon="108.44514093361794948577880859375">
        <ele>415.20001220703125</ele>
        <time>2026-04-17T10:44:43.000Z</time>
        <extensions>
          <ns3:TrackPointExtension>
            <ns3:hr>140</ns3:hr>
            <ns3:cad>94</ns3:cad>
          </ns3:TrackPointExtension>
        </extensions>
      </trkpt>
      <trkpt lat="30.75189440511167049407958984375" lon="108.4451428614556789398193359375">
        <ele>415.20001220703125</ele>
        <time>2026-04-17T10:44:44.000Z</time>
        <extensions>
          <ns3:TrackPointExtension>
            <ns3:hr>140</ns3:hr>
            <ns3:cad>94</ns3:cad>
          </ns3:TrackPointExtension>
        </extensions>
      </trkpt>
      <trkpt lat="30.751878060400485992431640625" lon="108.44515107572078704833984375">
        <ele>415.20001220703125</ele>
        <time>2026-04-17T10:44:45.000Z</time>
        <extensions>
          <ns3:TrackPointExtension>
            <ns3:hr>140</ns3:hr>
            <ns3:cad>94</ns3:cad>
          </ns3:TrackPointExtension>
        </extensions>
      </trkpt>
      <trkpt lat="30.75185048393905162811279296875" lon="108.44515618868172168731689453125">
        <ele>415.20001220703125</ele>
        <time>2026-04-17T10:44:46.000Z</time>
        <extensions>
          <ns3:TrackPointExtension>
            <ns3:hr>139</ns3:hr>
            <ns3:cad>94</ns3:cad>
          </ns3:TrackPointExtension>
        </extensions>
      </trkpt>
      <trkpt lat="30.751833133399486541748046875" lon="108.4451676718890666961669921875">
        <ele>415.20001220703125</ele>
        <time>2026-04-17T10:44:47.000Z</time>
        <extensions>
          <ns3:TrackPointExtension>
            <ns3:hr>139</ns3:hr>
            <ns3:cad>93</ns3:cad>
          </ns3:TrackPointExtension>
        </extensions>
      </trkpt>
      <trkpt lat="30.75181058607995510101318359375" lon="108.4451780654489994049072265625">
        <ele>415.20001220703125</ele>
        <time>2026-04-17T10:44:48.000Z</time>
        <extensions>
          <ns3:TrackPointExtension>
            <ns3:hr>139</ns3:hr>
            <ns3:cad>94</ns3:cad>
          </ns3:TrackPointExtension>
        </extensions>
      </trkpt>
      <trkpt lat="30.751791894435882568359375" lon="108.445198349654674530029296875">
        <ele>415.399993896484375</ele>
        <time>2026-04-17T10:44:49.000Z</time>
        <extensions>
          <ns3:TrackPointExtension>
            <ns3:hr>139</ns3:hr>
            <ns3:cad>94</ns3:cad>
          </ns3:TrackPointExtension>
        </extensions>
      </trkpt>
      <trkpt lat="30.75177915394306182861328125" lon="108.4452129341661930084228515625">
        <ele>415.399993896484375</ele>
        <time>2026-04-17T10:44:50.000Z</time>
        <extensions>
          <ns3:TrackPointExtension>
            <ns3:hr>138</ns3:hr>
            <ns3:cad>94</ns3:cad>
          </ns3:TrackPointExtension>
        </extensions>
      </trkpt>
      <trkpt lat="30.75176264159381389617919921875" lon="108.44523564912378787994384765625">
        <ele>415.399993896484375</ele>
        <time>2026-04-17T10:44:51.000Z</time>
        <extensions>
          <ns3:TrackPointExtension>
            <ns3:hr>137</ns3:hr>
            <ns3:cad>94</ns3:cad>
          </ns3:TrackPointExtension>
        </extensions>
      </trkpt>
      <trkpt lat="30.75175375677645206451416015625" lon="108.44525459222495555877685546875">
        <ele>415.399993896484375</ele>
        <time>2026-04-17T10:44:52.000Z</time>
        <extensions>
          <ns3:TrackPointExtension>
            <ns3:hr>137</ns3:hr>
            <ns3:cad>93</ns3:cad>
          </ns3:TrackPointExtension>
        </extensions>
      </trkpt>
      <trkpt lat="30.751739256083965301513671875" lon="108.4452793188393115997314453125">
        <ele>415.399993896484375</ele>
        <time>2026-04-17T10:44:53.000Z</time>
        <extensions>
          <ns3:TrackPointExtension>
            <ns3:hr>137</ns3:hr>
            <ns3:cad>93</ns3:cad>
          </ns3:TrackPointExtension>
        </extensions>
      </trkpt>
      <trkpt lat="30.75173489749431610107421875" lon="108.44530153088271617889404296875">
        <ele>415.399993896484375</ele>
        <time>2026-04-17T10:44:54.000Z</time>
        <extensions>
          <ns3:TrackPointExtension>
            <ns3:hr>136</ns3:hr>
            <ns3:cad>93</ns3:cad>
          </ns3:TrackPointExtension>
        </extensions>
      </trkpt>
      <trkpt lat="30.7517193071544170379638671875" lon="108.44532231800258159637451171875">
        <ele>415.20001220703125</ele>
        <time>2026-04-17T10:44:55.000Z</time>
        <extensions>
          <ns3:TrackPointExtension>
            <ns3:hr>136</ns3:hr>
            <ns3:cad>94</ns3:cad>
          </ns3:TrackPointExtension>
        </extensions>
      </trkpt>
      <trkpt lat="30.75170748867094516754150390625" lon="108.4453406743705272674560546875">
        <ele>415.20001220703125</ele>
        <time>2026-04-17T10:44:56.000Z</time>
        <extensions>
          <ns3:TrackPointExtension>
            <ns3:hr>136</ns3:hr>
            <ns3:cad>94</ns3:cad>
          </ns3:TrackPointExtension>
        </extensions>
      </trkpt>
      <trkpt lat="30.7516901381313800811767578125" lon="108.44535450451076030731201171875">
        <ele>415.20001220703125</ele>
        <time>2026-04-17T10:44:57.000Z</time>
        <extensions>
          <ns3:TrackPointExtension>
            <ns3:hr>136</ns3:hr>
            <ns3:cad>92</ns3:cad>
          </ns3:TrackPointExtension>
        </extensions>
      </trkpt>
      <trkpt lat="30.75167815200984477996826171875" lon="108.44537780620157718658447265625">
        <ele>415.20001220703125</ele>
        <time>2026-04-17T10:44:58.000Z</time>
        <extensions>
          <ns3:TrackPointExtension>
            <ns3:hr>136</ns3:hr>
            <ns3:cad>92</ns3:cad>
          </ns3:TrackPointExtension>
        </extensions>
      </trkpt>
      <trkpt lat="30.751667506992816925048828125" lon="108.44539507292211055755615234375">
        <ele>415.20001220703125</ele>
        <time>2026-04-17T10:44:59.000Z</time>
        <extensions>
          <ns3:TrackPointExtension>
            <ns3:hr>135</ns3:hr>
            <ns3:cad>93</ns3:cad>
          </ns3:TrackPointExtension>
        </extensions>
      </trkpt>
      <trkpt lat="30.75165669433772563934326171875" lon="108.4454234875738620758056640625">
        <ele>415.20001220703125</ele>
        <time>2026-04-17T10:45:00.000Z</time>
        <extensions>
          <ns3:TrackPointExtension>
            <ns3:hr>136</ns3:hr>
            <ns3:cad>94</ns3:cad>
          </ns3:TrackPointExtension>
        </extensions>
      </trkpt>
      <trkpt lat="30.75164948590099811553955078125" lon="108.445444442331790924072265625">
        <ele>415.20001220703125</ele>
        <time>2026-04-17T10:45:01.000Z</time>
        <extensions>
          <ns3:TrackPointExtension>
            <ns3:hr>136</ns3:hr>
            <ns3:cad>93</ns3:cad>
          </ns3:TrackPointExtension>
        </extensions>
      </trkpt>
      <trkpt lat="30.75164060108363628387451171875" lon="108.44547067768871784210205078125">
        <ele>415.20001220703125</ele>
        <time>2026-04-17T10:45:02.000Z</time>
        <extensions>
          <ns3:TrackPointExtension>
            <ns3:hr>135</ns3:hr>
            <ns3:cad>93</ns3:cad>
          </ns3:TrackPointExtension>
        </extensions>
      </trkpt>
      <trkpt lat="30.75164009816944599151611328125" lon="108.445494063198566436767578125">
        <ele>415.20001220703125</ele>
        <time>2026-04-17T10:45:03.000Z</time>
        <extensions>
          <ns3:TrackPointExtension>
            <ns3:hr>136</ns3:hr>
            <ns3:cad>93</ns3:cad>
          </ns3:TrackPointExtension>
        </extensions>
      </trkpt>
      <trkpt lat="30.75162827968597412109375" lon="108.44552381895482540130615234375">
        <ele>415.20001220703125</ele>
        <time>2026-04-17T10:45:04.000Z</time>
        <extensions>
          <ns3:TrackPointExtension>
            <ns3:hr>136</ns3:hr>
            <ns3:cad>93</ns3:cad>
          </ns3:TrackPointExtension>
        </extensions>
      </trkpt>
      <trkpt lat="30.7516242563724517822265625" lon="108.44554862938821315765380859375">
        <ele>415.20001220703125</ele>
        <time>2026-04-17T10:45:05.000Z</time>
        <extensions>
          <ns3:TrackPointExtension>
            <ns3:hr>135</ns3:hr>
            <ns3:cad>93</ns3:cad>
          </ns3:TrackPointExtension>
        </extensions>
      </trkpt>
      <trkpt lat="30.7516163773834705352783203125" lon="108.44557310454547405242919921875">
        <ele>415.20001220703125</ele>
        <time>2026-04-17T10:45:06.000Z</time>
        <extensions>
          <ns3:TrackPointExtension>
            <ns3:hr>136</ns3:hr>
            <ns3:cad>92</ns3:cad>
          </ns3:TrackPointExtension>
        </extensions>
      </trkpt>
      <trkpt lat="30.7516187243163585662841796875" lon="108.4456011839210987091064453125">
        <ele>415.20001220703125</ele>
        <time>2026-04-17T10:45:07.000Z</time>
        <extensions>
          <ns3:TrackPointExtension>
            <ns3:hr>136</ns3:hr>
            <ns3:cad>92</ns3:cad>
          </ns3:TrackPointExtension>
        </extensions>
      </trkpt>
      <trkpt lat="30.75161822140216827392578125" lon="108.445619456470012664794921875">
        <ele>415.20001220703125</ele>
        <time>2026-04-17T10:45:08.000Z</time>
        <extensions>
          <ns3:TrackPointExtension>
            <ns3:hr>135</ns3:hr>
            <ns3:cad>92</ns3:cad>
          </ns3:TrackPointExtension>
        </extensions>
      </trkpt>
      <trkpt lat="30.751619227230548858642578125" lon="108.44564921222627162933349609375">
        <ele>415</ele>
        <time>2026-04-17T10:45:09.000Z</time>
        <extensions>
          <ns3:TrackPointExtension>
            <ns3:hr>136</ns3:hr>
            <ns3:cad>92</ns3:cad>
          </ns3:TrackPointExtension>
        </extensions>
      </trkpt>
      <trkpt lat="30.75162132270634174346923828125" lon="108.445667065680027008056640625">
        <ele>415.20001220703125</ele>
        <time>2026-04-17T10:45:10.000Z</time>
        <extensions>
          <ns3:TrackPointExtension>
            <ns3:hr>136</ns3:hr>
            <ns3:cad>93</ns3:cad>
          </ns3:TrackPointExtension>
        </extensions>
      </trkpt>
      <trkpt lat="30.75162098743021488189697265625" lon="108.445697911083698272705078125">
        <ele>415.20001220703125</ele>
        <time>2026-04-17T10:45:11.000Z</time>
        <extensions>
          <ns3:TrackPointExtension>
            <ns3:hr>136</ns3:hr>
            <ns3:cad>94</ns3:cad>
          </ns3:TrackPointExtension>
        </extensions>
      </trkpt>
      <trkpt lat="30.75162853114306926727294921875" lon="108.4457181952893733978271484375">
        <ele>415.20001220703125</ele>
        <time>2026-04-17T10:45:12.000Z</time>
        <extensions>
          <ns3:TrackPointExtension>
            <ns3:hr>137</ns3:hr>
            <ns3:cad>94</ns3:cad>
          </ns3:TrackPointExtension>
        </extensions>
      </trkpt>
      <trkpt lat="30.75162895023822784423828125" lon="108.44574895687401294708251953125">
        <ele>415.20001220703125</ele>
        <time>2026-04-17T10:45:13.000Z</time>
        <extensions>
          <ns3:TrackPointExtension>
            <ns3:hr>138</ns3:hr>
            <ns3:cad>93</ns3:cad>
          </ns3:TrackPointExtension>
        </extensions>
      </trkpt>
      <trkpt lat="30.751635320484638214111328125" lon="108.445773012936115264892578125">
        <ele>415.20001220703125</ele>
        <time>2026-04-17T10:45:14.000Z</time>
        <extensions>
          <ns3:TrackPointExtension>
            <ns3:hr>138</ns3:hr>
            <ns3:cad>92</ns3:cad>
          </ns3:TrackPointExtension>
        </extensions>
      </trkpt>
      <trkpt lat="30.7516354881227016448974609375" lon="108.445799164474010467529296875">
        <ele>415.20001220703125</ele>
        <time>2026-04-17T10:45:15.000Z</time>
        <extensions>
          <ns3:TrackPointExtension>
            <ns3:hr>139</ns3:hr>
            <ns3:cad>92</ns3:cad>
          </ns3:TrackPointExtension>
        </extensions>
      </trkpt>
      <trkpt lat="30.7516428641974925994873046875" lon="108.4458263218402862548828125">
        <ele>415.20001220703125</ele>
        <time>2026-04-17T10:45:16.000Z</time>
        <extensions>
          <ns3:TrackPointExtension>
            <ns3:hr>139</ns3:hr>
            <ns3:cad>92</ns3:cad>
          </ns3:TrackPointExtension>
        </extensions>
      </trkpt>
      <trkpt lat="30.751647055149078369140625" lon="108.445848114788532257080078125">
        <ele>415.20001220703125</ele>
        <time>2026-04-17T10:45:17.000Z</time>
        <extensions>
          <ns3:TrackPointExtension>
            <ns3:hr>140</ns3:hr>
            <ns3:cad>93</ns3:cad>
          </ns3:TrackPointExtension>
        </extensions>
      </trkpt>
      <trkpt lat="30.75165585614740848541259765625" lon="108.44587183557450771331787109375">
        <ele>415.20001220703125</ele>
        <time>2026-04-17T10:45:18.000Z</time>
        <extensions>
          <ns3:TrackPointExtension>
            <ns3:hr>140</ns3:hr>
            <ns3:cad>93</ns3:cad>
          </ns3:TrackPointExtension>
        </extensions>
      </trkpt>
      <trkpt lat="30.751663483679294586181640625" lon="108.44589295797049999237060546875">
        <ele>415.20001220703125</ele>
        <time>2026-04-17T10:45:19.000Z</time>
        <extensions>
          <ns3:TrackPointExtension>
            <ns3:hr>140</ns3:hr>
            <ns3:cad>92</ns3:cad>
          </ns3:TrackPointExtension>
        </extensions>
      </trkpt>
      <trkpt lat="30.75167362578213214874267578125" lon="108.44592145644128322601318359375">
        <ele>415.20001220703125</ele>
        <time>2026-04-17T10:45:20.000Z</time>
        <extensions>
          <ns3:TrackPointExtension>
            <ns3:hr>140</ns3:hr>
            <ns3:cad>92</ns3:cad>
          </ns3:TrackPointExtension>
        </extensions>
      </trkpt>
      <trkpt lat="30.75169072486460208892822265625" lon="108.4459391422569751739501953125">
        <ele>415.20001220703125</ele>
        <time>2026-04-17T10:45:21.000Z</time>
        <extensions>
          <ns3:TrackPointExtension>
            <ns3:hr>139</ns3:hr>
            <ns3:cad>93</ns3:cad>
          </ns3:TrackPointExtension>
        </extensions>
      </trkpt>
      <trkpt lat="30.75170547701418399810791015625" lon="108.44596554525196552276611328125">
        <ele>415.20001220703125</ele>
        <time>2026-04-17T10:45:22.000Z</time>
        <extensions>
          <ns3:TrackPointExtension>
            <ns3:hr>140</ns3:hr>
            <ns3:cad>93</ns3:cad>
          </ns3:TrackPointExtension>
        </extensions>
      </trkpt>
      <trkpt lat="30.7517199777066707611083984375" lon="108.44597660936415195465087890625">
        <ele>415.20001220703125</ele>
        <time>2026-04-17T10:45:23.000Z</time>
        <extensions>
          <ns3:TrackPointExtension>
            <ns3:hr>140</ns3:hr>
            <ns3:cad>92</ns3:cad>
          </ns3:TrackPointExtension>
        </extensions>
      </trkpt>
      <trkpt lat="30.75172877870500087738037109375" lon="108.44599957577884197235107421875">
        <ele>415.20001220703125</ele>
        <time>2026-04-17T10:45:24.000Z</time>
        <extensions>
          <ns3:TrackPointExtension>
            <ns3:hr>140</ns3:hr>
            <ns3:cad>92</ns3:cad>
          </ns3:TrackPointExtension>
        </extensions>
      </trkpt>
      <trkpt lat="30.751745291054248809814453125" lon="108.4460162557661533355712890625">
        <ele>415.20001220703125</ele>
        <time>2026-04-17T10:45:25.000Z</time>
        <extensions>
          <ns3:TrackPointExtension>
            <ns3:hr>140</ns3:hr>
            <ns3:cad>92</ns3:cad>
          </ns3:TrackPointExtension>
        </extensions>
      </trkpt>
      <trkpt lat="30.751762054860591888427734375" lon="108.44603260047733783721923828125">
        <ele>415.20001220703125</ele>
        <time>2026-04-17T10:45:26.000Z</time>
        <extensions>
          <ns3:TrackPointExtension>
            <ns3:hr>139</ns3:hr>
            <ns3:cad>92</ns3:cad>
          </ns3:TrackPointExtension>
        </extensions>
      </trkpt>
      <trkpt lat="30.751783512532711029052734375" lon="108.4460390545427799224853515625">
        <ele>415.399993896484375</ele>
        <time>2026-04-17T10:45:27.000Z</time>
        <extensions>
          <ns3:TrackPointExtension>
            <ns3:hr>139</ns3:hr>
            <ns3:cad>92</ns3:cad>
          </ns3:TrackPointExtension>
        </extensions>
      </trkpt>
      <trkpt lat="30.75179935432970523834228515625" lon="108.4460494481027126312255859375">
        <ele>415.399993896484375</ele>
        <time>2026-04-17T10:45:28.000Z</time>
        <extensions>
          <ns3:TrackPointExtension>
            <ns3:hr>139</ns3:hr>
            <ns3:cad>92</ns3:cad>
          </ns3:TrackPointExtension>
        </extensions>
      </trkpt>
      <trkpt lat="30.75182382948696613311767578125" lon="108.44606596045196056365966796875">
        <ele>415.399993896484375</ele>
        <time>2026-04-17T10:45:29.000Z</time>
        <extensions>
          <ns3:TrackPointExtension>
            <ns3:hr>139</ns3:hr>
            <ns3:cad>92</ns3:cad>
          </ns3:TrackPointExtension>
        </extensions>
      </trkpt>
      <trkpt lat="30.7518423534929752349853515625" lon="108.4460742585361003875732421875">
        <ele>415.399993896484375</ele>
        <time>2026-04-17T10:45:30.000Z</time>
        <extensions>
          <ns3:TrackPointExtension>
            <ns3:hr>139</ns3:hr>
            <ns3:cad>92</ns3:cad>
          </ns3:TrackPointExtension>
        </extensions>
      </trkpt>
      <trkpt lat="30.75185953639447689056396484375" lon="108.44609596766531467437744140625">
        <ele>415.20001220703125</ele>
        <time>2026-04-17T10:45:31.000Z</time>
        <extensions>
          <ns3:TrackPointExtension>
            <ns3:hr>138</ns3:hr>
            <ns3:cad>94</ns3:cad>
          </ns3:TrackPointExtension>
        </extensions>
      </trkpt>
      <trkpt lat="30.751876719295978546142578125" lon="108.44610518775880336761474609375">
        <ele>415.20001220703125</ele>
        <time>2026-04-17T10:45:32.000Z</time>
        <extensions>
          <ns3:TrackPointExtension>
            <ns3:hr>138</ns3:hr>
            <ns3:cad>94</ns3:cad>
          </ns3:TrackPointExtension>
        </extensions>
      </trkpt>
      <trkpt lat="30.75188912451267242431640625" lon="108.446127735078334808349609375">
        <ele>415.20001220703125</ele>
        <time>2026-04-17T10:45:33.000Z</time>
        <extensions>
          <ns3:TrackPointExtension>
            <ns3:hr>137</ns3:hr>
            <ns3:cad>94</ns3:cad>
          </ns3:TrackPointExtension>
        </extensions>
      </trkpt>
      <trkpt lat="30.751909576356410980224609375" lon="108.44613871537148952484130859375">
        <ele>415.20001220703125</ele>
        <time>2026-04-17T10:45:34.000Z</time>
        <extensions>
          <ns3:TrackPointExtension>
            <ns3:hr>137</ns3:hr>
            <ns3:cad>92</ns3:cad>
          </ns3:TrackPointExtension>
        </extensions>
      </trkpt>
      <trkpt lat="30.75192675925791263580322265625" lon="108.44615556299686431884765625">
        <ele>415.20001220703125</ele>
        <time>2026-04-17T10:45:35.000Z</time>
        <extensions>
          <ns3:TrackPointExtension>
            <ns3:hr>136</ns3:hr>
            <ns3:cad>92</ns3:cad>
          </ns3:TrackPointExtension>
        </extensions>
      </trkpt>
      <trkpt lat="30.75195207260549068450927734375" lon="108.44616453163325786590576171875">
        <ele>415.20001220703125</ele>
        <time>2026-04-17T10:45:36.000Z</time>
        <extensions>
          <ns3:TrackPointExtension>
            <ns3:hr>136</ns3:hr>
            <ns3:cad>94</ns3:cad>
          </ns3:TrackPointExtension>
        </extensions>
      </trkpt>
      <trkpt lat="30.75197285972535610198974609375" lon="108.44617023132741451263427734375">
        <ele>415.20001220703125</ele>
        <time>2026-04-17T10:45:37.000Z</time>
        <extensions>
          <ns3:TrackPointExtension>
            <ns3:hr>136</ns3:hr>
            <ns3:cad>94</ns3:cad>
          </ns3:TrackPointExtension>
        </extensions>
      </trkpt>
      <trkpt lat="30.7520012743771076202392578125" lon="108.44616654329001903533935546875">
        <ele>415.20001220703125</ele>
        <time>2026-04-17T10:45:38.000Z</time>
        <extensions>
          <ns3:TrackPointExtension>
            <ns3:hr>136</ns3:hr>
            <ns3:cad>94</ns3:cad>
          </ns3:TrackPointExtension>
        </extensions>
      </trkpt>
      <trkpt lat="30.75202147476375102996826171875" lon="108.446166627109050750732421875">
        <ele>415.20001220703125</ele>
        <time>2026-04-17T10:45:39.000Z</time>
        <extensions>
          <ns3:TrackPointExtension>
            <ns3:hr>136</ns3:hr>
            <ns3:cad>94</ns3:cad>
          </ns3:TrackPointExtension>
        </extensions>
      </trkpt>
      <trkpt lat="30.75204812921583652496337890625" lon="108.44616654329001903533935546875">
        <ele>415.20001220703125</ele>
        <time>2026-04-17T10:45:40.000Z</time>
        <extensions>
          <ns3:TrackPointExtension>
            <ns3:hr>137</ns3:hr>
            <ns3:cad>93</ns3:cad>
          </ns3:TrackPointExtension>
        </extensions>
      </trkpt>
      <trkpt lat="30.75206656940281391143798828125" lon="108.44616134651005268096923828125">
        <ele>415.20001220703125</ele>
        <time>2026-04-17T10:45:41.000Z</time>
        <extensions>
          <ns3:TrackPointExtension>
            <ns3:hr>137</ns3:hr>
            <ns3:cad>92</ns3:cad>
          </ns3:TrackPointExtension>
        </extensions>
      </trkpt>
      <trkpt lat="30.75209355913102626800537109375" lon="108.44616184942424297332763671875">
        <ele>415.20001220703125</ele>
        <time>2026-04-17T10:45:42.000Z</time>
        <extensions>
          <ns3:TrackPointExtension>
            <ns3:hr>137</ns3:hr>
            <ns3:cad>92</ns3:cad>
          </ns3:TrackPointExtension>
        </extensions>
      </trkpt>
      <trkpt lat="30.75211568735539913177490234375" lon="108.44615246169269084930419921875">
        <ele>415.20001220703125</ele>
        <time>2026-04-17T10:45:43.000Z</time>
        <extensions>
          <ns3:TrackPointExtension>
            <ns3:hr>138</ns3:hr>
            <ns3:cad>91</ns3:cad>
          </ns3:TrackPointExtension>
        </extensions>
      </trkpt>
      <trkpt lat="30.7521400786936283111572265625" lon="108.4461577422916889190673828125">
        <ele>415.20001220703125</ele>
        <time>2026-04-17T10:45:44.000Z</time>
        <extensions>
          <ns3:TrackPointExtension>
            <ns3:hr>138</ns3:hr>
            <ns3:cad>91</ns3:cad>
          </ns3:TrackPointExtension>
        </extensions>
      </trkpt>
      <trkpt lat="30.75216379947960376739501953125" lon="108.4461473487317562103271484375">
        <ele>415.20001220703125</ele>
        <time>2026-04-17T10:45:45.000Z</time>
        <extensions>
          <ns3:TrackPointExtension>
            <ns3:hr>138</ns3:hr>
            <ns3:cad>92</ns3:cad>
          </ns3:TrackPointExtension>
        </extensions>
      </trkpt>
      <trkpt lat="30.75218324549496173858642578125" lon="108.446145839989185333251953125">
        <ele>415.20001220703125</ele>
        <time>2026-04-17T10:45:46.000Z</time>
        <extensions>
          <ns3:TrackPointExtension>
            <ns3:hr>139</ns3:hr>
            <ns3:cad>92</ns3:cad>
          </ns3:TrackPointExtension>
        </extensions>
      </trkpt>
      <trkpt lat="30.75220604427158832550048828125" lon="108.44614106230437755584716796875">
        <ele>415.20001220703125</ele>
        <time>2026-04-17T10:45:47.000Z</time>
        <extensions>
          <ns3:TrackPointExtension>
            <ns3:hr>139</ns3:hr>
            <ns3:cad>92</ns3:cad>
          </ns3:TrackPointExtension>
        </extensions>
      </trkpt>
      <trkpt lat="30.75222297571599483489990234375" lon="108.44614575617015361785888671875">
        <ele>415.20001220703125</ele>
        <time>2026-04-17T10:45:48.000Z</time>
        <extensions>
          <ns3:TrackPointExtension>
            <ns3:hr>138</ns3:hr>
            <ns3:cad>92</ns3:cad>
          </ns3:TrackPointExtension>
        </extensions>
      </trkpt>
      <trkpt lat="30.75225063599646091461181640625" lon="108.446149863302707672119140625">
        <ele>415.20001220703125</ele>
        <time>2026-04-17T10:45:49.000Z</time>
        <extensions>
          <ns3:TrackPointExtension>
            <ns3:hr>138</ns3:hr>
            <ns3:cad>92</ns3:cad>
          </ns3:TrackPointExtension>
        </extensions>
      </trkpt>
      <trkpt lat="30.7522706687450408935546875" lon="108.44615145586431026458740234375">
        <ele>415.20001220703125</ele>
        <time>2026-04-17T10:45:50.000Z</time>
        <extensions>
          <ns3:TrackPointExtension>
            <ns3:hr>138</ns3:hr>
            <ns3:cad>93</ns3:cad>
          </ns3:TrackPointExtension>
        </extensions>
      </trkpt>
      <trkpt lat="30.7522979937493801116943359375" lon="108.4461631067097187042236328125">
        <ele>415.20001220703125</ele>
        <time>2026-04-17T10:45:51.000Z</time>
        <extensions>
          <ns3:TrackPointExtension>
            <ns3:hr>139</ns3:hr>
            <ns3:cad>93</ns3:cad>
          </ns3:TrackPointExtension>
        </extensions>
      </trkpt>
      <trkpt lat="30.752317272126674652099609375" lon="108.44615757465362548828125">
        <ele>415.20001220703125</ele>
        <time>2026-04-17T10:45:52.000Z</time>
        <extensions>
          <ns3:TrackPointExtension>
            <ns3:hr>139</ns3:hr>
            <ns3:cad>92</ns3:cad>
          </ns3:TrackPointExtension>
        </extensions>
      </trkpt>
      <trkpt lat="30.7523402385413646697998046875" lon="108.4461597539484500885009765625">
        <ele>415.20001220703125</ele>
        <time>2026-04-17T10:45:53.000Z</time>
        <extensions>
          <ns3:TrackPointExtension>
            <ns3:hr>139</ns3:hr>
            <ns3:cad>92</ns3:cad>
          </ns3:TrackPointExtension>
        </extensions>
      </trkpt>
      <trkpt lat="30.75236253440380096435546875" lon="108.4461562335491180419921875">
        <ele>415.20001220703125</ele>
        <time>2026-04-17T10:45:54.000Z</time>
        <extensions>
          <ns3:TrackPointExtension>
            <ns3:hr>139</ns3:hr>
            <ns3:cad>92</ns3:cad>
          </ns3:TrackPointExtension>
        </extensions>
      </trkpt>
      <trkpt lat="30.752381645143032073974609375" lon="108.446154892444610595703125">
        <ele>415.20001220703125</ele>
        <time>2026-04-17T10:45:55.000Z</time>
        <extensions>
          <ns3:TrackPointExtension>
            <ns3:hr>139</ns3:hr>
            <ns3:cad>92</ns3:cad>
          </ns3:TrackPointExtension>
        </extensions>
      </trkpt>
      <trkpt lat="30.7524056173861026763916015625" lon="108.44615288078784942626953125">
        <ele>415.20001220703125</ele>
        <time>2026-04-17T10:45:56.000Z</time>
        <extensions>
          <ns3:TrackPointExtension>
            <ns3:hr>140</ns3:hr>
            <ns3:cad>92</ns3:cad>
          </ns3:TrackPointExtension>
        </extensions>
      </trkpt>
      <trkpt lat="30.75242422521114349365234375" lon="108.4461540542542934417724609375">
        <ele>415.20001220703125</ele>
        <time>2026-04-17T10:45:57.000Z</time>
        <extensions>
          <ns3:TrackPointExtension>
            <ns3:hr>140</ns3:hr>
            <ns3:cad>94</ns3:cad>
          </ns3:TrackPointExtension>
        </extensions>
      </trkpt>
      <trkpt lat="30.752452053129673004150390625" lon="108.4461600892245769500732421875">
        <ele>415.20001220703125</ele>
        <time>2026-04-17T10:45:58.000Z</time>
        <extensions>
          <ns3:TrackPointExtension>
            <ns3:hr>141</ns3:hr>
            <ns3:cad>94</ns3:cad>
          </ns3:TrackPointExtension>
        </extensions>
      </trkpt>
      <trkpt lat="30.75247141532599925994873046875" lon="108.44615824520587921142578125">
        <ele>415.20001220703125</ele>
        <time>2026-04-17T10:45:59.000Z</time>
        <extensions>
          <ns3:TrackPointExtension>
            <ns3:hr>141</ns3:hr>
            <ns3:cad>94</ns3:cad>
          </ns3:TrackPointExtension>
        </extensions>
      </trkpt>
      <trkpt lat="30.75249689631164073944091796875" lon="108.446164615452289581298828125">
        <ele>415.20001220703125</ele>
        <time>2026-04-17T10:46:00.000Z</time>
        <extensions>
          <ns3:TrackPointExtension>
            <ns3:hr>141</ns3:hr>
            <ns3:cad>93</ns3:cad>
          </ns3:TrackPointExtension>
        </extensions>
      </trkpt>
      <trkpt lat="30.7525162585079669952392578125" lon="108.446160256862640380859375">
        <ele>415.20001220703125</ele>
        <time>2026-04-17T10:46:01.000Z</time>
        <extensions>
          <ns3:TrackPointExtension>
            <ns3:hr>142</ns3:hr>
            <ns3:cad>94</ns3:cad>
          </ns3:TrackPointExtension>
        </extensions>
      </trkpt>
      <trkpt lat="30.7525377161800861358642578125" lon="108.4461671300232410430908203125">
        <ele>415.20001220703125</ele>
        <time>2026-04-17T10:46:02.000Z</time>
        <extensions>
          <ns3:TrackPointExtension>
            <ns3:hr>142</ns3:hr>
            <ns3:cad>94</ns3:cad>
          </ns3:TrackPointExtension>
        </extensions>
      </trkpt>
      <trkpt lat="30.75255774892866611480712890625" lon="108.44616168178617954254150390625">
        <ele>415.20001220703125</ele>
        <time>2026-04-17T10:46:03.000Z</time>
        <extensions>
          <ns3:TrackPointExtension>
            <ns3:hr>142</ns3:hr>
            <ns3:cad>94</ns3:cad>
          </ns3:TrackPointExtension>
        </extensions>
      </trkpt>
      <trkpt lat="30.752575434744358062744140625" lon="108.44616360962390899658203125">
        <ele>415.20001220703125</ele>
        <time>2026-04-17T10:46:04.000Z</time>
        <extensions>
          <ns3:TrackPointExtension>
            <ns3:hr>141</ns3:hr>
            <ns3:cad>94</ns3:cad>
          </ns3:TrackPointExtension>
        </extensions>
      </trkpt>
      <trkpt lat="30.75260150246322154998779296875" lon="108.44616168178617954254150390625">
        <ele>415.20001220703125</ele>
        <time>2026-04-17T10:46:05.000Z</time>
        <extensions>
          <ns3:TrackPointExtension>
            <ns3:hr>142</ns3:hr>
            <ns3:cad>93</ns3:cad>
          </ns3:TrackPointExtension>
        </extensions>
      </trkpt>
      <trkpt lat="30.75262027792632579803466796875" lon="108.44616117887198925018310546875">
        <ele>415.20001220703125</ele>
        <time>2026-04-17T10:46:06.000Z</time>
        <extensions>
          <ns3:TrackPointExtension>
            <ns3:hr>142</ns3:hr>
            <ns3:cad>93</ns3:cad>
          </ns3:TrackPointExtension>
        </extensions>
      </trkpt>
      <trkpt lat="30.752645842730998992919921875" lon="108.44616084359586238861083984375">
        <ele>415.20001220703125</ele>
        <time>2026-04-17T10:46:07.000Z</time>
        <extensions>
          <ns3:TrackPointExtension>
            <ns3:hr>143</ns3:hr>
            <ns3:cad>93</ns3:cad>
          </ns3:TrackPointExtension>
        </extensions>
      </trkpt>
      <trkpt lat="30.7526617683470249176025390625" lon="108.446155227720737457275390625">
        <ele>415.20001220703125</ele>
        <time>2026-04-17T10:46:08.000Z</time>
        <extensions>
          <ns3:TrackPointExtension>
            <ns3:hr>143</ns3:hr>
            <ns3:cad>92</ns3:cad>
          </ns3:TrackPointExtension>
        </extensions>
      </trkpt>
      <trkpt lat="30.75268750078976154327392578125" lon="108.44616092741489410400390625">
        <ele>415.20001220703125</ele>
        <time>2026-04-17T10:46:09.000Z</time>
        <extensions>
          <ns3:TrackPointExtension>
            <ns3:hr>143</ns3:hr>
            <ns3:cad>92</ns3:cad>
          </ns3:TrackPointExtension>
        </extensions>
      </trkpt>
      <trkpt lat="30.75270996429026126861572265625" lon="108.44615564681589603424072265625">
        <ele>415.20001220703125</ele>
        <time>2026-04-17T10:46:10.000Z</time>
        <extensions>
          <ns3:TrackPointExtension>
            <ns3:hr>143</ns3:hr>
            <ns3:cad>92</ns3:cad>
          </ns3:TrackPointExtension>
        </extensions>
      </trkpt>
      <trkpt lat="30.75273075141012668609619140625" lon="108.44616319052875041961669921875">
        <ele>415.20001220703125</ele>
        <time>2026-04-17T10:46:11.000Z</time>
        <extensions>
          <ns3:TrackPointExtension>
            <ns3:hr>143</ns3:hr>
            <ns3:cad>93</ns3:cad>
          </ns3:TrackPointExtension>
        </extensions>
      </trkpt>
      <trkpt lat="30.75275304727256298065185546875" lon="108.4461627714335918426513671875">
        <ele>415</ele>
        <time>2026-04-17T10:46:12.000Z</time>
        <extensions>
          <ns3:TrackPointExtension>
            <ns3:hr>142</ns3:hr>
            <ns3:cad>93</ns3:cad>
          </ns3:TrackPointExtension>
        </extensions>
      </trkpt>
      <trkpt lat="30.75277148745954036712646484375" lon="108.44616956077516078948974609375">
        <ele>415.20001220703125</ele>
        <time>2026-04-17T10:46:13.000Z</time>
        <extensions>
          <ns3:TrackPointExtension>
            <ns3:hr>142</ns3:hr>
            <ns3:cad>92</ns3:cad>
          </ns3:TrackPointExtension>
        </extensions>
      </trkpt>
      <trkpt lat="30.75279579497873783111572265625" lon="108.44616922549903392791748046875">
        <ele>415.20001220703125</ele>
        <time>2026-04-17T10:46:14.000Z</time>
        <extensions>
          <ns3:TrackPointExtension>
            <ns3:hr>141</ns3:hr>
            <ns3:cad>92</ns3:cad>
          </ns3:TrackPointExtension>
        </extensions>
      </trkpt>
      <trkpt lat="30.7528129778802394866943359375" lon="108.4461669623851776123046875">
        <ele>415.20001220703125</ele>
        <time>2026-04-17T10:46:15.000Z</time>
        <extensions>
          <ns3:TrackPointExtension>
            <ns3:hr>140</ns3:hr>
            <ns3:cad>92</ns3:cad>
          </ns3:TrackPointExtension>
        </extensions>
      </trkpt>
      <trkpt lat="30.752838961780071258544921875" lon="108.44616956077516078948974609375">
        <ele>415.20001220703125</ele>
        <time>2026-04-17T10:46:16.000Z</time>
        <extensions>
          <ns3:TrackPointExtension>
            <ns3:hr>140</ns3:hr>
            <ns3:cad>92</ns3:cad>
          </ns3:TrackPointExtension>
        </extensions>
      </trkpt>
      <trkpt lat="30.7528538815677165985107421875" lon="108.44616763293743133544921875">
        <ele>415.20001220703125</ele>
        <time>2026-04-17T10:46:17.000Z</time>
        <extensions>
          <ns3:TrackPointExtension>
            <ns3:hr>139</ns3:hr>
            <ns3:cad>92</ns3:cad>
          </ns3:TrackPointExtension>
        </extensions>
      </trkpt>
      <trkpt lat="30.7528800331056118011474609375" lon="108.446172662079334259033203125">
        <ele>415.20001220703125</ele>
        <time>2026-04-17T10:46:18.000Z</time>
        <extensions>
          <ns3:TrackPointExtension>
            <ns3:hr>138</ns3:hr>
            <ns3:cad>94</ns3:cad>
          </ns3:TrackPointExtension>
        </extensions>
      </trkpt>
      <trkpt lat="30.7528991438448429107666015625" lon="108.44616754911839962005615234375">
        <ele>415.20001220703125</ele>
        <time>2026-04-17T10:46:19.000Z</time>
        <extensions>
          <ns3:TrackPointExtension>
            <ns3:hr>138</ns3:hr>
            <ns3:cad>92</ns3:cad>
          </ns3:TrackPointExtension>
        </extensions>
      </trkpt>
      <trkpt lat="30.752919428050518035888671875" lon="108.4461721591651439666748046875">
        <ele>415.20001220703125</ele>
        <time>2026-04-17T10:46:20.000Z</time>
        <extensions>
          <ns3:TrackPointExtension>
            <ns3:hr>138</ns3:hr>
            <ns3:cad>92</ns3:cad>
          </ns3:TrackPointExtension>
        </extensions>
      </trkpt>
      <trkpt lat="30.75294516049325466156005859375" lon="108.4461678005754947662353515625">
        <ele>415.20001220703125</ele>
        <time>2026-04-17T10:46:21.000Z</time>
        <extensions>
          <ns3:TrackPointExtension>
            <ns3:hr>139</ns3:hr>
            <ns3:cad>92</ns3:cad>
          </ns3:TrackPointExtension>
        </extensions>
      </trkpt>
      <trkpt lat="30.7529675401747226715087890625" lon="108.44617341645061969757080078125">
        <ele>415.20001220703125</ele>
        <time>2026-04-17T10:46:22.000Z</time>
        <extensions>
          <ns3:TrackPointExtension>
            <ns3:hr>139</ns3:hr>
            <ns3:cad>92</ns3:cad>
          </ns3:TrackPointExtension>
        </extensions>
      </trkpt>
      <trkpt lat="30.7529946975409984588623046875" lon="108.446171320974826812744140625">
        <ele>415.20001220703125</ele>
        <time>2026-04-17T10:46:23.000Z</time>
        <extensions>
          <ns3:TrackPointExtension>
            <ns3:hr>139</ns3:hr>
            <ns3:cad>92</ns3:cad>
          </ns3:TrackPointExtension>
        </extensions>
      </trkpt>
      <trkpt lat="30.75301489792764186859130859375" lon="108.44617542810738086700439453125">
        <ele>415.20001220703125</ele>
        <time>2026-04-17T10:46:24.000Z</time>
        <extensions>
          <ns3:TrackPointExtension>
            <ns3:hr>139</ns3:hr>
            <ns3:cad>94</ns3:cad>
          </ns3:TrackPointExtension>
        </extensions>
      </trkpt>
      <trkpt lat="30.75304507277905941009521484375" lon="108.4461731649935245513916015625">
        <ele>415.20001220703125</ele>
        <time>2026-04-17T10:46:25.000Z</time>
        <extensions>
          <ns3:TrackPointExtension>
            <ns3:hr>139</ns3:hr>
            <ns3:cad>94</ns3:cad>
          </ns3:TrackPointExtension>
        </extensions>
      </trkpt>
      <trkpt lat="30.753064267337322235107421875" lon="108.44616771675646305084228515625">
        <ele>415.20001220703125</ele>
        <time>2026-04-17T10:46:26.000Z</time>
        <extensions>
          <ns3:TrackPointExtension>
            <ns3:hr>138</ns3:hr>
            <ns3:cad>94</ns3:cad>
          </ns3:TrackPointExtension>
        </extensions>
      </trkpt>
      <trkpt lat="30.7530922628939151763916015625" lon="108.44615631736814975738525390625">
        <ele>415.20001220703125</ele>
        <time>2026-04-17T10:46:27.000Z</time>
        <extensions>
          <ns3:TrackPointExtension>
            <ns3:hr>138</ns3:hr>
            <ns3:cad>92</ns3:cad>
          </ns3:TrackPointExtension>
        </extensions>
      </trkpt>
      <trkpt lat="30.75310274027287960052490234375" lon="108.44613754190504550933837890625">
        <ele>415.20001220703125</ele>
        <time>2026-04-17T10:46:28.000Z</time>
        <extensions>
          <ns3:TrackPointExtension>
            <ns3:hr>138</ns3:hr>
            <ns3:cad>92</ns3:cad>
          </ns3:TrackPointExtension>
        </extensions>
      </trkpt>
      <trkpt lat="30.753114223480224609375" lon="108.446111977100372314453125">
        <ele>415.20001220703125</ele>
        <time>2026-04-17T10:46:29.000Z</time>
        <extensions>
          <ns3:TrackPointExtension>
            <ns3:hr>137</ns3:hr>
            <ns3:cad>92</ns3:cad>
          </ns3:TrackPointExtension>
        </extensions>
      </trkpt>
      <trkpt lat="30.75311665423214435577392578125" lon="108.446086831390857696533203125">
        <ele>415</ele>
        <time>2026-04-17T10:46:30.000Z</time>
        <extensions>
          <ns3:TrackPointExtension>
            <ns3:hr>137</ns3:hr>
            <ns3:cad>92</ns3:cad>
          </ns3:TrackPointExtension>
        </extensions>
      </trkpt>
      <trkpt lat="30.75313475914299488067626953125" lon="108.44607115723192691802978515625">
        <ele>415</ele>
        <time>2026-04-17T10:46:31.000Z</time>
        <extensions>
          <ns3:TrackPointExtension>
            <ns3:hr>137</ns3:hr>
            <ns3:cad>92</ns3:cad>
          </ns3:TrackPointExtension>
        </extensions>
      </trkpt>
      <trkpt lat="30.753157474100589752197265625" lon="108.44605623744428157806396484375">
        <ele>415</ele>
        <time>2026-04-17T10:46:32.000Z</time>
        <extensions>
          <ns3:TrackPointExtension>
            <ns3:hr>138</ns3:hr>
            <ns3:cad>92</ns3:cad>
          </ns3:TrackPointExtension>
        </extensions>
      </trkpt>
      <trkpt lat="30.75317415408790111541748046875" lon="108.44604827463626861572265625">
        <ele>415</ele>
        <time>2026-04-17T10:46:33.000Z</time>
        <extensions>
          <ns3:TrackPointExtension>
            <ns3:hr>138</ns3:hr>
            <ns3:cad>92</ns3:cad>
          </ns3:TrackPointExtension>
        </extensions>
      </trkpt>
      <trkpt lat="30.75319728814065456390380859375" lon="108.44602723605930805206298828125">
        <ele>415</ele>
        <time>2026-04-17T10:46:34.000Z</time>
        <extensions>
          <ns3:TrackPointExtension>
            <ns3:hr>138</ns3:hr>
            <ns3:cad>92</ns3:cad>
          </ns3:TrackPointExtension>
        </extensions>
      </trkpt>
      <trkpt lat="30.75320969335734844207763671875" lon="108.4460113942623138427734375">
        <ele>415.20001220703125</ele>
        <time>2026-04-17T10:46:35.000Z</time>
        <extensions>
          <ns3:TrackPointExtension>
            <ns3:hr>138</ns3:hr>
            <ns3:cad>92</ns3:cad>
          </ns3:TrackPointExtension>
        </extensions>
      </trkpt>
      <trkpt lat="30.75322612188756465911865234375" lon="108.4459833987057209014892578125">
        <ele>415.20001220703125</ele>
        <time>2026-04-17T10:46:36.000Z</time>
        <extensions>
          <ns3:TrackPointExtension>
            <ns3:hr>139</ns3:hr>
            <ns3:cad>92</ns3:cad>
          </ns3:TrackPointExtension>
        </extensions>
      </trkpt>
      <trkpt lat="30.7532367669045925140380859375" lon="108.445964120328426361083984375">
        <ele>415</ele>
        <time>2026-04-17T10:46:37.000Z</time>
        <extensions>
          <ns3:TrackPointExtension>
            <ns3:hr>139</ns3:hr>
            <ns3:cad>94</ns3:cad>
          </ns3:TrackPointExtension>
        </extensions>
      </trkpt>
      <trkpt lat="30.75325302779674530029296875" lon="108.4459378011524677276611328125">
        <ele>415</ele>
        <time>2026-04-17T10:46:38.000Z</time>
        <extensions>
          <ns3:TrackPointExtension>
            <ns3:hr>139</ns3:hr>
            <ns3:cad>94</ns3:cad>
          </ns3:TrackPointExtension>
        </extensions>
      </trkpt>
      <trkpt lat="30.7532619126141071319580078125" lon="108.44591240398585796356201171875">
        <ele>415.20001220703125</ele>
        <time>2026-04-17T10:46:39.000Z</time>
        <extensions>
          <ns3:TrackPointExtension>
            <ns3:hr>139</ns3:hr>
            <ns3:cad>94</ns3:cad>
          </ns3:TrackPointExtension>
        </extensions>
      </trkpt>
      <trkpt lat="30.75328060425817966461181640625" lon="108.44589010812342166900634765625">
        <ele>415</ele>
        <time>2026-04-17T10:46:40.000Z</time>
        <extensions>
          <ns3:TrackPointExtension>
            <ns3:hr>138</ns3:hr>
            <ns3:cad>94</ns3:cad>
          </ns3:TrackPointExtension>
        </extensions>
      </trkpt>
      <trkpt lat="30.75329351238906383514404296875" lon="108.4458670578896999359130859375">
        <ele>415</ele>
        <time>2026-04-17T10:46:41.000Z</time>
        <extensions>
          <ns3:TrackPointExtension>
            <ns3:hr>139</ns3:hr>
            <ns3:cad>93</ns3:cad>
          </ns3:TrackPointExtension>
        </extensions>
      </trkpt>
      <trkpt lat="30.7533078454434871673583984375" lon="108.4458449296653270721435546875">
        <ele>415</ele>
        <time>2026-04-17T10:46:42.000Z</time>
        <extensions>
          <ns3:TrackPointExtension>
            <ns3:hr>139</ns3:hr>
            <ns3:cad>92</ns3:cad>
          </ns3:TrackPointExtension>
        </extensions>
      </trkpt>
      <trkpt lat="30.753317736089229583740234375" lon="108.44581894576549530029296875">
        <ele>415.20001220703125</ele>
        <time>2026-04-17T10:46:43.000Z</time>
        <extensions>
          <ns3:TrackPointExtension>
            <ns3:hr>138</ns3:hr>
            <ns3:cad>92</ns3:cad>
          </ns3:TrackPointExtension>
        </extensions>
      </trkpt>
      <trkpt lat="30.7533199153840541839599609375" lon="108.4457969851791858673095703125">
        <ele>415.20001220703125</ele>
        <time>2026-04-17T10:46:44.000Z</time>
        <extensions>
          <ns3:TrackPointExtension>
            <ns3:hr>139</ns3:hr>
            <ns3:cad>92</ns3:cad>
          </ns3:TrackPointExtension>
        </extensions>
      </trkpt>
      <trkpt lat="30.75332008302211761474609375" lon="108.4457673132419586181640625">
        <ele>415</ele>
        <time>2026-04-17T10:46:45.000Z</time>
        <extensions>
          <ns3:TrackPointExtension>
            <ns3:hr>139</ns3:hr>
            <ns3:cad>92</ns3:cad>
          </ns3:TrackPointExtension>
        </extensions>
      </trkpt>
      <trkpt lat="30.75331396423280239105224609375" lon="108.44574510119855403900146484375">
        <ele>415</ele>
        <time>2026-04-17T10:46:46.000Z</time>
        <extensions>
          <ns3:TrackPointExtension>
            <ns3:hr>138</ns3:hr>
            <ns3:cad>92</ns3:cad>
          </ns3:TrackPointExtension>
        </extensions>
      </trkpt>
      <trkpt lat="30.75331069529056549072265625" lon="108.44571073539555072784423828125">
        <ele>415</ele>
        <time>2026-04-17T10:46:47.000Z</time>
        <extensions>
          <ns3:TrackPointExtension>
            <ns3:hr>139</ns3:hr>
            <ns3:cad>93</ns3:cad>
          </ns3:TrackPointExtension>
        </extensions>
      </trkpt>
      <trkpt lat="30.7533101923763751983642578125" lon="108.445687182247638702392578125">
        <ele>415</ele>
        <time>2026-04-17T10:46:48.000Z</time>
        <extensions>
          <ns3:TrackPointExtension>
            <ns3:hr>140</ns3:hr>
            <ns3:cad>94</ns3:cad>
          </ns3:TrackPointExtension>
        </extensions>
      </trkpt>
      <trkpt lat="30.75331740081310272216796875" lon="108.44565491192042827606201171875">
        <ele>415</ele>
        <time>2026-04-17T10:46:49.000Z</time>
        <extensions>
          <ns3:TrackPointExtension>
            <ns3:hr>141</ns3:hr>
            <ns3:cad>93</ns3:cad>
          </ns3:TrackPointExtension>
        </extensions>
      </trkpt>
      <trkpt lat="30.7533168978989124298095703125" lon="108.4456296823918819427490234375">
        <ele>415</ele>
        <time>2026-04-17T10:46:50.000Z</time>
        <extensions>
          <ns3:TrackPointExtension>
            <ns3:hr>141</ns3:hr>
            <ns3:cad>92</ns3:cad>
          </ns3:TrackPointExtension>
        </extensions>
      </trkpt>
      <trkpt lat="30.7533225975930690765380859375" lon="108.44560277648270130157470703125">
        <ele>415</ele>
        <time>2026-04-17T10:46:51.000Z</time>
        <extensions>
          <ns3:TrackPointExtension>
            <ns3:hr>142</ns3:hr>
            <ns3:cad>92</ns3:cad>
          </ns3:TrackPointExtension>
        </extensions>
      </trkpt>
      <trkpt lat="30.75332184322178363800048828125" lon="108.4455741941928863525390625">
        <ele>415</ele>
        <time>2026-04-17T10:46:52.000Z</time>
        <extensions>
          <ns3:TrackPointExtension>
            <ns3:hr>142</ns3:hr>
            <ns3:cad>92</ns3:cad>
          </ns3:TrackPointExtension>
        </extensions>
      </trkpt>
      <trkpt lat="30.75332284905016422271728515625" lon="108.44555198214948177337646484375">
        <ele>415</ele>
        <time>2026-04-17T10:46:53.000Z</time>
        <extensions>
          <ns3:TrackPointExtension>
            <ns3:hr>142</ns3:hr>
            <ns3:cad>92</ns3:cad>
          </ns3:TrackPointExtension>
        </extensions>
      </trkpt>
      <trkpt lat="30.75332343578338623046875" lon="108.44552482478320598602294921875">
        <ele>415</ele>
        <time>2026-04-17T10:46:54.000Z</time>
        <extensions>
          <ns3:TrackPointExtension>
            <ns3:hr>142</ns3:hr>
            <ns3:cad>93</ns3:cad>
          </ns3:TrackPointExtension>
        </extensions>
      </trkpt>
      <trkpt lat="30.7533246092498302459716796875" lon="108.44550135545432567596435546875">
        <ele>415.20001220703125</ele>
        <time>2026-04-17T10:46:55.000Z</time>
        <extensions>
          <ns3:TrackPointExtension>
            <ns3:hr>142</ns3:hr>
            <ns3:cad>93</ns3:cad>
          </ns3:TrackPointExtension>
        </extensions>
      </trkpt>
      <trkpt lat="30.753317736089229583740234375" lon="108.4454690851271152496337890625">
        <ele>415</ele>
        <time>2026-04-17T10:46:56.000Z</time>
        <extensions>
          <ns3:TrackPointExtension>
            <ns3:hr>143</ns3:hr>
            <ns3:cad>94</ns3:cad>
          </ns3:TrackPointExtension>
        </extensions>
      </trkpt>
      <trkpt lat="30.75330843217670917510986328125" lon="108.44544670544564723968505859375">
        <ele>415</ele>
        <time>2026-04-17T10:46:57.000Z</time>
        <extensions>
          <ns3:TrackPointExtension>
            <ns3:hr>142</ns3:hr>
            <ns3:cad>93</ns3:cad>
          </ns3:TrackPointExtension>
        </extensions>
      </trkpt>
      <trkpt lat="30.75329862534999847412109375" lon="108.44541619531810283660888671875">
        <ele>415.20001220703125</ele>
        <time>2026-04-17T10:46:58.000Z</time>
        <extensions>
          <ns3:TrackPointExtension>
            <ns3:hr>142</ns3:hr>
            <ns3:cad>92</ns3:cad>
          </ns3:TrackPointExtension>
        </extensions>
      </trkpt>
      <trkpt lat="30.753286890685558319091796875" lon="108.44539876095950603485107421875">
        <ele>415.20001220703125</ele>
        <time>2026-04-17T10:46:59.000Z</time>
        <extensions>
          <ns3:TrackPointExtension>
            <ns3:hr>142</ns3:hr>
            <ns3:cad>92</ns3:cad>
          </ns3:TrackPointExtension>
        </extensions>
      </trkpt>
      <trkpt lat="30.75327356345951557159423828125" lon="108.44537638127803802490234375">
        <ele>415.20001220703125</ele>
        <time>2026-04-17T10:47:00.000Z</time>
        <extensions>
          <ns3:TrackPointExtension>
            <ns3:hr>142</ns3:hr>
            <ns3:cad>93</ns3:cad>
          </ns3:TrackPointExtension>
        </extensions>
      </trkpt>
      <trkpt lat="30.7532602362334728240966796875" lon="108.4453607909381389617919921875">
        <ele>415</ele>
        <time>2026-04-17T10:47:01.000Z</time>
        <extensions>
          <ns3:TrackPointExtension>
            <ns3:hr>141</ns3:hr>
            <ns3:cad>94</ns3:cad>
          </ns3:TrackPointExtension>
        </extensions>
      </trkpt>
      <trkpt lat="30.75325663201510906219482421875" lon="108.4453353099524974822998046875">
        <ele>415.20001220703125</ele>
        <time>2026-04-17T10:47:02.000Z</time>
        <extensions>
          <ns3:TrackPointExtension>
            <ns3:hr>140</ns3:hr>
            <ns3:cad>94</ns3:cad>
          </ns3:TrackPointExtension>
        </extensions>
      </trkpt>
      <trkpt lat="30.75324640609323978424072265625" lon="108.44531125389039516448974609375">
        <ele>415.20001220703125</ele>
        <time>2026-04-17T10:47:03.000Z</time>
        <extensions>
          <ns3:TrackPointExtension>
            <ns3:hr>140</ns3:hr>
            <ns3:cad>94</ns3:cad>
          </ns3:TrackPointExtension>
        </extensions>
      </trkpt>
      <trkpt lat="30.75323550961911678314208984375" lon="108.44528644345700740814208984375">
        <ele>415.20001220703125</ele>
        <time>2026-04-17T10:47:04.000Z</time>
        <extensions>
          <ns3:TrackPointExtension>
            <ns3:hr>140</ns3:hr>
            <ns3:cad>93</ns3:cad>
          </ns3:TrackPointExtension>
        </extensions>
      </trkpt>
      <trkpt lat="30.75321874581277370452880859375" lon="108.44526506960391998291015625">
        <ele>415.20001220703125</ele>
        <time>2026-04-17T10:47:05.000Z</time>
        <extensions>
          <ns3:TrackPointExtension>
            <ns3:hr>140</ns3:hr>
            <ns3:cad>92</ns3:cad>
          </ns3:TrackPointExtension>
        </extensions>
      </trkpt>
      <trkpt lat="30.75320550240576267242431640625" lon="108.44524738378822803497314453125">
        <ele>415.20001220703125</ele>
        <time>2026-04-17T10:47:06.000Z</time>
        <extensions>
          <ns3:TrackPointExtension>
            <ns3:hr>140</ns3:hr>
            <ns3:cad>92</ns3:cad>
          </ns3:TrackPointExtension>
        </extensions>
      </trkpt>
      <trkpt lat="30.75318806804716587066650390625" lon="108.445221818983554840087890625">
        <ele>415.20001220703125</ele>
        <time>2026-04-17T10:47:07.000Z</time>
        <extensions>
          <ns3:TrackPointExtension>
            <ns3:hr>140</ns3:hr>
            <ns3:cad>92</ns3:cad>
          </ns3:TrackPointExtension>
        </extensions>
      </trkpt>
      <trkpt lat="30.75317859649658203125" lon="108.44520396552979946136474609375">
        <ele>415.20001220703125</ele>
        <time>2026-04-17T10:47:08.000Z</time>
        <extensions>
          <ns3:TrackPointExtension>
            <ns3:hr>140</ns3:hr>
            <ns3:cad>93</ns3:cad>
          </ns3:TrackPointExtension>
        </extensions>
      </trkpt>
      <trkpt lat="30.75316778384149074554443359375" lon="108.445175550878047943115234375">
        <ele>415.20001220703125</ele>
        <time>2026-04-17T10:47:09.000Z</time>
        <extensions>
          <ns3:TrackPointExtension>
            <ns3:hr>139</ns3:hr>
            <ns3:cad>93</ns3:cad>
          </ns3:TrackPointExtension>
        </extensions>
      </trkpt>
      <trkpt lat="30.75316191650927066802978515625" lon="108.44515535049140453338623046875">
        <ele>415.20001220703125</ele>
        <time>2026-04-17T10:47:10.000Z</time>
        <extensions>
          <ns3:TrackPointExtension>
            <ns3:hr>139</ns3:hr>
            <ns3:cad>93</ns3:cad>
          </ns3:TrackPointExtension>
        </extensions>
      </trkpt>
      <trkpt lat="30.7531516067683696746826171875" lon="108.44512232579290866851806640625">
        <ele>415</ele>
        <time>2026-04-17T10:47:11.000Z</time>
        <extensions>
          <ns3:TrackPointExtension>
            <ns3:hr>139</ns3:hr>
            <ns3:cad>93</ns3:cad>
          </ns3:TrackPointExtension>
        </extensions>
      </trkpt>
      <trkpt lat="30.75313568115234375" lon="108.44510874710977077484130859375">
        <ele>415.20001220703125</ele>
        <time>2026-04-17T10:47:12.000Z</time>
        <extensions>
          <ns3:TrackPointExtension>
            <ns3:hr>139</ns3:hr>
            <ns3:cad>93</ns3:cad>
          </ns3:TrackPointExtension>
        </extensions>
      </trkpt>
      <trkpt lat="30.75310994870960712432861328125" lon="108.44509541988372802734375">
        <ele>415.20001220703125</ele>
        <time>2026-04-17T10:47:13.000Z</time>
        <extensions>
          <ns3:TrackPointExtension>
            <ns3:hr>139</ns3:hr>
            <ns3:cad>93</ns3:cad>
          </ns3:TrackPointExtension>
        </extensions>
      </trkpt>
      <trkpt lat="30.7530889101326465606689453125" lon="108.4450975991785526275634765625">
        <ele>415.20001220703125</ele>
        <time>2026-04-17T10:47:14.000Z</time>
        <extensions>
          <ns3:TrackPointExtension>
            <ns3:hr>139</ns3:hr>
            <ns3:cad>92</ns3:cad>
          </ns3:TrackPointExtension>
        </extensions>
      </trkpt>
      <trkpt lat="30.753063596785068511962890625" lon="108.44509433023631572723388671875">
        <ele>415.20001220703125</ele>
        <time>2026-04-17T10:47:15.000Z</time>
        <extensions>
          <ns3:TrackPointExtension>
            <ns3:hr>140</ns3:hr>
            <ns3:cad>92</ns3:cad>
          </ns3:TrackPointExtension>
        </extensions>
      </trkpt>
      <trkpt lat="30.753039456903934478759765625" lon="108.4450992755591869354248046875">
        <ele>415.20001220703125</ele>
        <time>2026-04-17T10:47:16.000Z</time>
        <extensions>
          <ns3:TrackPointExtension>
            <ns3:hr>140</ns3:hr>
            <ns3:cad>93</ns3:cad>
          </ns3:TrackPointExtension>
        </extensions>
      </trkpt>
      <trkpt lat="30.753019340336322784423828125" lon="108.44509935937821865081787109375">
        <ele>415.20001220703125</ele>
        <time>2026-04-17T10:47:17.000Z</time>
        <extensions>
          <ns3:TrackPointExtension>
            <ns3:hr>140</ns3:hr>
            <ns3:cad>93</ns3:cad>
          </ns3:TrackPointExtension>
        </extensions>
      </trkpt>
      <trkpt lat="30.75299411080777645111083984375" lon="108.445098437368869781494140625">
        <ele>415.20001220703125</ele>
        <time>2026-04-17T10:47:18.000Z</time>
        <extensions>
          <ns3:TrackPointExtension>
            <ns3:hr>140</ns3:hr>
            <ns3:cad>93</ns3:cad>
          </ns3:TrackPointExtension>
        </extensions>
      </trkpt>
      <trkpt lat="30.7529769279062747955322265625" lon="108.4450967609882354736328125">
        <ele>415.20001220703125</ele>
        <time>2026-04-17T10:47:19.000Z</time>
        <extensions>
          <ns3:TrackPointExtension>
            <ns3:hr>140</ns3:hr>
            <ns3:cad>92</ns3:cad>
          </ns3:TrackPointExtension>
        </extensions>
      </trkpt>
      <trkpt lat="30.75294901616871356964111328125" lon="108.44509600661695003509521484375">
        <ele>415.20001220703125</ele>
        <time>2026-04-17T10:47:20.000Z</time>
        <extensions>
          <ns3:TrackPointExtension>
            <ns3:hr>140</ns3:hr>
            <ns3:cad>91</ns3:cad>
          </ns3:TrackPointExtension>
        </extensions>
      </trkpt>
      <trkpt lat="30.75293074361979961395263671875" lon="108.445099107921123504638671875">
        <ele>415.20001220703125</ele>
        <time>2026-04-17T10:47:21.000Z</time>
        <extensions>
          <ns3:TrackPointExtension>
            <ns3:hr>140</ns3:hr>
            <ns3:cad>91</ns3:cad>
          </ns3:TrackPointExtension>
        </extensions>
      </trkpt>
      <trkpt lat="30.752908028662204742431640625" lon="108.4450982697308063507080078125">
        <ele>415.20001220703125</ele>
        <time>2026-04-17T10:47:22.000Z</time>
        <extensions>
          <ns3:TrackPointExtension>
            <ns3:hr>140</ns3:hr>
            <ns3:cad>91</ns3:cad>
          </ns3:TrackPointExtension>
        </extensions>
      </trkpt>
      <trkpt lat="30.75289252214133739471435546875" lon="108.4451056458055973052978515625">
        <ele>415.20001220703125</ele>
        <time>2026-04-17T10:47:23.000Z</time>
        <extensions>
          <ns3:TrackPointExtension>
            <ns3:hr>140</ns3:hr>
            <ns3:cad>94</ns3:cad>
          </ns3:TrackPointExtension>
        </extensions>
      </trkpt>
      <trkpt lat="30.75287257321178913116455078125" lon="108.44509583897888660430908203125">
        <ele>415.20001220703125</ele>
        <time>2026-04-17T10:47:24.000Z</time>
        <extensions>
          <ns3:TrackPointExtension>
            <ns3:hr>140</ns3:hr>
            <ns3:cad>94</ns3:cad>
          </ns3:TrackPointExtension>
        </extensions>
      </trkpt>
      <trkpt lat="30.75284591875970363616943359375" lon="108.4450965933501720428466796875">
        <ele>415.20001220703125</ele>
        <time>2026-04-17T10:47:25.000Z</time>
        <extensions>
          <ns3:TrackPointExtension>
            <ns3:hr>140</ns3:hr>
            <ns3:cad>94</ns3:cad>
          </ns3:TrackPointExtension>
        </extensions>
      </trkpt>
      <trkpt lat="30.7528250478208065032958984375" lon="108.4451007843017578125">
        <ele>415.20001220703125</ele>
        <time>2026-04-17T10:47:26.000Z</time>
        <extensions>
          <ns3:TrackPointExtension>
            <ns3:hr>141</ns3:hr>
            <ns3:cad>93</ns3:cad>
          </ns3:TrackPointExtension>
        </extensions>
      </trkpt>
      <trkpt lat="30.75279747135937213897705078125" lon="108.445103801786899566650390625">
        <ele>415.20001220703125</ele>
        <time>2026-04-17T10:47:27.000Z</time>
        <extensions>
          <ns3:TrackPointExtension>
            <ns3:hr>141</ns3:hr>
            <ns3:cad>93</ns3:cad>
          </ns3:TrackPointExtension>
        </extensions>
      </trkpt>
      <trkpt lat="30.75278204865753650665283203125" lon="108.44510388560593128204345703125">
        <ele>415.20001220703125</ele>
        <time>2026-04-17T10:47:28.000Z</time>
        <extensions>
          <ns3:TrackPointExtension>
            <ns3:hr>142</ns3:hr>
            <ns3:cad>93</ns3:cad>
          </ns3:TrackPointExtension>
        </extensions>
      </trkpt>
      <trkpt lat="30.75275690294802188873291015625" lon="108.4451016224920749664306640625">
        <ele>415.20001220703125</ele>
        <time>2026-04-17T10:47:29.000Z</time>
        <extensions>
          <ns3:TrackPointExtension>
            <ns3:hr>142</ns3:hr>
            <ns3:cad>93</ns3:cad>
          </ns3:TrackPointExtension>
        </extensions>
      </trkpt>
      <trkpt lat="30.7527387142181396484375" lon="108.44510614871978759765625">
        <ele>415.20001220703125</ele>
        <time>2026-04-17T10:47:30.000Z</time>
        <extensions>
          <ns3:TrackPointExtension>
            <ns3:hr>142</ns3:hr>
            <ns3:cad>93</ns3:cad>
          </ns3:TrackPointExtension>
        </extensions>
      </trkpt>
      <trkpt lat="30.75270845554769039154052734375" lon="108.4451046399772167205810546875">
        <ele>415.20001220703125</ele>
        <time>2026-04-17T10:47:31.000Z</time>
        <extensions>
          <ns3:TrackPointExtension>
            <ns3:hr>142</ns3:hr>
            <ns3:cad>93</ns3:cad>
          </ns3:TrackPointExtension>
        </extensions>
      </trkpt>
      <trkpt lat="30.75269043445587158203125" lon="108.44510681927204132080078125">
        <ele>415.20001220703125</ele>
        <time>2026-04-17T10:47:32.000Z</time>
        <extensions>
          <ns3:TrackPointExtension>
            <ns3:hr>141</ns3:hr>
            <ns3:cad>93</ns3:cad>
          </ns3:TrackPointExtension>
        </extensions>
      </trkpt>
      <trkpt lat="30.75266897678375244140625" lon="108.44510505907237529754638671875">
        <ele>415.20001220703125</ele>
        <time>2026-04-17T10:47:33.000Z</time>
        <extensions>
          <ns3:TrackPointExtension>
            <ns3:hr>141</ns3:hr>
            <ns3:cad>94</ns3:cad>
          </ns3:TrackPointExtension>
        </extensions>
      </trkpt>
      <trkpt lat="30.75265095569193363189697265625" lon="108.44510950148105621337890625">
        <ele>415.20001220703125</ele>
        <time>2026-04-17T10:47:34.000Z</time>
        <extensions>
          <ns3:TrackPointExtension>
            <ns3:hr>140</ns3:hr>
            <ns3:cad>94</ns3:cad>
          </ns3:TrackPointExtension>
        </extensions>
      </trkpt>
      <trkpt lat="30.7526329346001148223876953125" lon="108.44510606490075588226318359375">
        <ele>415.20001220703125</ele>
        <time>2026-04-17T10:47:35.000Z</time>
        <extensions>
          <ns3:TrackPointExtension>
            <ns3:hr>140</ns3:hr>
            <ns3:cad>94</ns3:cad>
          </ns3:TrackPointExtension>
        </extensions>
      </trkpt>
      <trkpt lat="30.75261105783283710479736328125" lon="108.445108830928802490234375">
        <ele>415.20001220703125</ele>
        <time>2026-04-17T10:47:36.000Z</time>
        <extensions>
          <ns3:TrackPointExtension>
            <ns3:hr>140</ns3:hr>
            <ns3:cad>94</ns3:cad>
          </ns3:TrackPointExtension>
        </extensions>
      </trkpt>
      <trkpt lat="30.75259731151163578033447265625" lon="108.44510623253881931304931640625">
        <ele>415.20001220703125</ele>
        <time>2026-04-17T10:47:37.000Z</time>
        <extensions>
          <ns3:TrackPointExtension>
            <ns3:hr>140</ns3:hr>
            <ns3:cad>93</ns3:cad>
          </ns3:TrackPointExtension>
        </extensions>
      </trkpt>
      <trkpt lat="30.75256847776472568511962890625" lon="108.44510874710977077484130859375">
        <ele>415.20001220703125</ele>
        <time>2026-04-17T10:47:38.000Z</time>
        <extensions>
          <ns3:TrackPointExtension>
            <ns3:hr>140</ns3:hr>
            <ns3:cad>93</ns3:cad>
          </ns3:TrackPointExtension>
        </extensions>
      </trkpt>
      <trkpt lat="30.752549283206462860107421875" lon="108.4451113454997539520263671875">
        <ele>415.20001220703125</ele>
        <time>2026-04-17T10:47:39.000Z</time>
        <extensions>
          <ns3:TrackPointExtension>
            <ns3:hr>140</ns3:hr>
            <ns3:cad>91</ns3:cad>
          </ns3:TrackPointExtension>
        </extensions>
      </trkpt>
      <trkpt lat="30.75251935981214046478271484375" lon="108.4451116807758808135986328125">
        <ele>415.20001220703125</ele>
        <time>2026-04-17T10:47:40.000Z</time>
        <extensions>
          <ns3:TrackPointExtension>
            <ns3:hr>140</ns3:hr>
            <ns3:cad>91</ns3:cad>
          </ns3:TrackPointExtension>
        </extensions>
      </trkpt>
      <trkpt lat="30.752497650682926177978515625" lon="108.44511645846068859100341796875">
        <ele>415.20001220703125</ele>
        <time>2026-04-17T10:47:41.000Z</time>
        <extensions>
          <ns3:TrackPointExtension>
            <ns3:hr>141</ns3:hr>
            <ns3:cad>92</ns3:cad>
          </ns3:TrackPointExtension>
        </extensions>
      </trkpt>
      <trkpt lat="30.75247175060212612152099609375" lon="108.44511126168072223663330078125">
        <ele>415.20001220703125</ele>
        <time>2026-04-17T10:47:42.000Z</time>
        <extensions>
          <ns3:TrackPointExtension>
            <ns3:hr>140</ns3:hr>
            <ns3:cad>92</ns3:cad>
          </ns3:TrackPointExtension>
        </extensions>
      </trkpt>
      <trkpt lat="30.7524458505213260650634765625" lon="108.44511545263230800628662109375">
        <ele>415.20001220703125</ele>
        <time>2026-04-17T10:47:43.000Z</time>
        <extensions>
          <ns3:TrackPointExtension>
            <ns3:hr>139</ns3:hr>
            <ns3:cad>92</ns3:cad>
          </ns3:TrackPointExtension>
        </extensions>
      </trkpt>
      <trkpt lat="30.752424895763397216796875" lon="108.44510816037654876708984375">
        <ele>415.20001220703125</ele>
        <time>2026-04-17T10:47:44.000Z</time>
        <extensions>
          <ns3:TrackPointExtension>
            <ns3:hr>139</ns3:hr>
            <ns3:cad>92</ns3:cad>
          </ns3:TrackPointExtension>
        </extensions>
      </trkpt>
      <trkpt lat="30.7523995824158191680908203125" lon="108.4451053105294704437255859375">
        <ele>415.20001220703125</ele>
        <time>2026-04-17T10:47:45.000Z</time>
        <extensions>
          <ns3:TrackPointExtension>
            <ns3:hr>139</ns3:hr>
            <ns3:cad>93</ns3:cad>
          </ns3:TrackPointExtension>
        </extensions>
      </trkpt>
      <trkpt lat="30.75237862765789031982421875" lon="108.4451021254062652587890625">
        <ele>415.20001220703125</ele>
        <time>2026-04-17T10:47:46.000Z</time>
        <extensions>
          <ns3:TrackPointExtension>
            <ns3:hr>138</ns3:hr>
            <ns3:cad>93</ns3:cad>
          </ns3:TrackPointExtension>
        </extensions>
      </trkpt>
      <trkpt lat="30.75234903953969478607177734375" lon="108.4451056458055973052978515625">
        <ele>415.20001220703125</ele>
        <time>2026-04-17T10:47:47.000Z</time>
        <extensions>
          <ns3:TrackPointExtension>
            <ns3:hr>138</ns3:hr>
            <ns3:cad>92</ns3:cad>
          </ns3:TrackPointExtension>
        </extensions>
      </trkpt>
      <trkpt lat="30.75233009643852710723876953125" lon="108.4451073221862316131591796875">
        <ele>415.20001220703125</ele>
        <time>2026-04-17T10:47:48.000Z</time>
        <extensions>
          <ns3:TrackPointExtension>
            <ns3:hr>138</ns3:hr>
            <ns3:cad>92</ns3:cad>
          </ns3:TrackPointExtension>
        </extensions>
      </trkpt>
      <trkpt lat="30.7523020170629024505615234375" lon="108.4451048076152801513671875">
        <ele>415.20001220703125</ele>
        <time>2026-04-17T10:47:49.000Z</time>
        <extensions>
          <ns3:TrackPointExtension>
            <ns3:hr>139</ns3:hr>
            <ns3:cad>92</ns3:cad>
          </ns3:TrackPointExtension>
        </extensions>
      </trkpt>
      <trkpt lat="30.75228282250463962554931640625" lon="108.4451063163578510284423828125">
        <ele>415</ele>
        <time>2026-04-17T10:47:50.000Z</time>
        <extensions>
          <ns3:TrackPointExtension>
            <ns3:hr>139</ns3:hr>
            <ns3:cad>92</ns3:cad>
          </ns3:TrackPointExtension>
        </extensions>
      </trkpt>
      <trkpt lat="30.75225616805255413055419921875" lon="108.4450999461114406585693359375">
        <ele>415</ele>
        <time>2026-04-17T10:47:51.000Z</time>
        <extensions>
          <ns3:TrackPointExtension>
            <ns3:hr>139</ns3:hr>
            <ns3:cad>92</ns3:cad>
          </ns3:TrackPointExtension>
        </extensions>
      </trkpt>
      <trkpt lat="30.75223538093268871307373046875" lon="108.4451049752533435821533203125">
        <ele>415</ele>
        <time>2026-04-17T10:47:52.000Z</time>
        <extensions>
          <ns3:TrackPointExtension>
            <ns3:hr>139</ns3:hr>
            <ns3:cad>92</ns3:cad>
          </ns3:TrackPointExtension>
        </extensions>
      </trkpt>
      <trkpt lat="30.7522094808518886566162109375" lon="108.4451019577682018280029296875">
        <ele>415</ele>
        <time>2026-04-17T10:47:53.000Z</time>
        <extensions>
          <ns3:TrackPointExtension>
            <ns3:hr>139</ns3:hr>
            <ns3:cad>92</ns3:cad>
          </ns3:TrackPointExtension>
        </extensions>
      </trkpt>
      <trkpt lat="30.75218559242784976959228515625" lon="108.44510405324399471282958984375">
        <ele>415</ele>
        <time>2026-04-17T10:47:54.000Z</time>
        <extensions>
          <ns3:TrackPointExtension>
            <ns3:hr>139</ns3:hr>
            <ns3:cad>92</ns3:cad>
          </ns3:TrackPointExtension>
        </extensions>
      </trkpt>
      <trkpt lat="30.752159021794795989990234375" lon="108.4451043047010898590087890625">
        <ele>415</ele>
        <time>2026-04-17T10:47:55.000Z</time>
        <extensions>
          <ns3:TrackPointExtension>
            <ns3:hr>139</ns3:hr>
            <ns3:cad>93</ns3:cad>
          </ns3:TrackPointExtension>
        </extensions>
      </trkpt>
      <trkpt lat="30.75213261879980564117431640625" lon="108.44509969465434551239013671875">
        <ele>415</ele>
        <time>2026-04-17T10:47:56.000Z</time>
        <extensions>
          <ns3:TrackPointExtension>
            <ns3:hr>139</ns3:hr>
            <ns3:cad>94</ns3:cad>
          </ns3:TrackPointExtension>
        </extensions>
      </trkpt>
      <trkpt lat="30.7521139271557331085205078125" lon="108.44510220922529697418212890625">
        <ele>415</ele>
        <time>2026-04-17T10:47:57.000Z</time>
        <extensions>
          <ns3:TrackPointExtension>
            <ns3:hr>139</ns3:hr>
            <ns3:cad>93</ns3:cad>
          </ns3:TrackPointExtension>
        </extensions>
      </trkpt>
      <trkpt lat="30.75208450667560100555419921875" lon="108.4451048076152801513671875">
        <ele>415</ele>
        <time>2026-04-17T10:47:58.000Z</time>
        <extensions>
          <ns3:TrackPointExtension>
            <ns3:hr>139</ns3:hr>
            <ns3:cad>92</ns3:cad>
          </ns3:TrackPointExtension>
        </extensions>
      </trkpt>
      <trkpt lat="30.75206673704087734222412109375" lon="108.44510807655751705169677734375">
        <ele>415</ele>
        <time>2026-04-17T10:47:59.000Z</time>
        <extensions>
          <ns3:TrackPointExtension>
            <ns3:hr>139</ns3:hr>
            <ns3:cad>92</ns3:cad>
          </ns3:TrackPointExtension>
        </extensions>
      </trkpt>
      <trkpt lat="30.7520405016839504241943359375" lon="108.44510606490075588226318359375">
        <ele>415</ele>
        <time>2026-04-17T10:48:00.000Z</time>
        <extensions>
          <ns3:TrackPointExtension>
            <ns3:hr>139</ns3:hr>
            <ns3:cad>92</ns3:cad>
          </ns3:TrackPointExtension>
        </extensions>
      </trkpt>
      <trkpt lat="30.75202457606792449951171875" lon="108.4451123513281345367431640625">
        <ele>415</ele>
        <time>2026-04-17T10:48:01.000Z</time>
        <extensions>
          <ns3:TrackPointExtension>
            <ns3:hr>140</ns3:hr>
            <ns3:cad>92</ns3:cad>
          </ns3:TrackPointExtension>
        </extensions>
      </trkpt>
      <trkpt lat="30.7519985921680927276611328125" lon="108.44511629082262516021728515625">
        <ele>415</ele>
        <time>2026-04-17T10:48:02.000Z</time>
        <extensions>
          <ns3:TrackPointExtension>
            <ns3:hr>140</ns3:hr>
            <ns3:cad>92</ns3:cad>
          </ns3:TrackPointExtension>
        </extensions>
      </trkpt>
      <trkpt lat="30.75198006816208362579345703125" lon="108.4451240859925746917724609375">
        <ele>415</ele>
        <time>2026-04-17T10:48:03.000Z</time>
        <extensions>
          <ns3:TrackPointExtension>
            <ns3:hr>140</ns3:hr>
            <ns3:cad>94</ns3:cad>
          </ns3:TrackPointExtension>
        </extensions>
      </trkpt>
      <trkpt lat="30.7519603706896305084228515625" lon="108.44512802548706531524658203125">
        <ele>415</ele>
        <time>2026-04-17T10:48:04.000Z</time>
        <extensions>
          <ns3:TrackPointExtension>
            <ns3:hr>141</ns3:hr>
            <ns3:cad>94</ns3:cad>
          </ns3:TrackPointExtension>
        </extensions>
      </trkpt>
      <trkpt lat="30.75193329714238643646240234375" lon="108.44513221643865108489990234375">
        <ele>415</ele>
        <time>2026-04-17T10:48:05.000Z</time>
        <extensions>
          <ns3:TrackPointExtension>
            <ns3:hr>140</ns3:hr>
            <ns3:cad>94</ns3:cad>
          </ns3:TrackPointExtension>
        </extensions>
      </trkpt>
      <trkpt lat="30.75191435404121875762939453125" lon="108.44513900578022003173828125">
        <ele>415</ele>
        <time>2026-04-17T10:48:06.000Z</time>
        <extensions>
          <ns3:TrackPointExtension>
            <ns3:hr>140</ns3:hr>
            <ns3:cad>93</ns3:cad>
          </ns3:TrackPointExtension>
        </extensions>
      </trkpt>
      <trkpt lat="30.7518879510462284088134765625" lon="108.44514797441661357879638671875">
        <ele>415</ele>
        <time>2026-04-17T10:48:07.000Z</time>
        <extensions>
          <ns3:TrackPointExtension>
            <ns3:hr>140</ns3:hr>
            <ns3:cad>93</ns3:cad>
          </ns3:TrackPointExtension>
        </extensions>
      </trkpt>
      <trkpt lat="30.7518718577921390533447265625" lon="108.445161469280719757080078125">
        <ele>415.20001220703125</ele>
        <time>2026-04-17T10:48:08.000Z</time>
        <extensions>
          <ns3:TrackPointExtension>
            <ns3:hr>140</ns3:hr>
            <ns3:cad>93</ns3:cad>
          </ns3:TrackPointExtension>
        </extensions>
      </trkpt>
      <trkpt lat="30.75184620916843414306640625" lon="108.445172198116779327392578125">
        <ele>415.20001220703125</ele>
        <time>2026-04-17T10:48:09.000Z</time>
        <extensions>
          <ns3:TrackPointExtension>
            <ns3:hr>140</ns3:hr>
            <ns3:cad>93</ns3:cad>
          </ns3:TrackPointExtension>
        </extensions>
      </trkpt>
      <trkpt lat="30.75183187611401081085205078125" lon="108.44518485479056835174560546875">
        <ele>415.20001220703125</ele>
        <time>2026-04-17T10:48:10.000Z</time>
        <extensions>
          <ns3:TrackPointExtension>
            <ns3:hr>140</ns3:hr>
            <ns3:cad>94</ns3:cad>
          </ns3:TrackPointExtension>
        </extensions>
      </trkpt>
      <trkpt lat="30.75181125663220882415771484375" lon="108.44519709236919879913330078125">
        <ele>415.20001220703125</ele>
        <time>2026-04-17T10:48:11.000Z</time>
        <extensions>
          <ns3:TrackPointExtension>
            <ns3:hr>140</ns3:hr>
            <ns3:cad>94</ns3:cad>
          </ns3:TrackPointExtension>
        </extensions>
      </trkpt>
      <trkpt lat="30.75179365463554859161376953125" lon="108.4452139399945735931396484375">
        <ele>415.20001220703125</ele>
        <time>2026-04-17T10:48:12.000Z</time>
        <extensions>
          <ns3:TrackPointExtension>
            <ns3:hr>140</ns3:hr>
            <ns3:cad>94</ns3:cad>
          </ns3:TrackPointExtension>
        </extensions>
      </trkpt>
      <trkpt lat="30.75177655555307865142822265625" lon="108.445226512849330902099609375">
        <ele>415.399993896484375</ele>
        <time>2026-04-17T10:48:13.000Z</time>
        <extensions>
          <ns3:TrackPointExtension>
            <ns3:hr>140</ns3:hr>
            <ns3:cad>94</ns3:cad>
          </ns3:TrackPointExtension>
        </extensions>
      </trkpt>
      <trkpt lat="30.75176062993705272674560546875" lon="108.44525107182562351226806640625">
        <ele>415.20001220703125</ele>
        <time>2026-04-17T10:48:14.000Z</time>
        <extensions>
          <ns3:TrackPointExtension>
            <ns3:hr>140</ns3:hr>
            <ns3:cad>93</ns3:cad>
          </ns3:TrackPointExtension>
        </extensions>
      </trkpt>
      <trkpt lat="30.75175099074840545654296875" lon="108.445269763469696044921875">
        <ele>415.20001220703125</ele>
        <time>2026-04-17T10:48:15.000Z</time>
        <extensions>
          <ns3:TrackPointExtension>
            <ns3:hr>140</ns3:hr>
            <ns3:cad>93</ns3:cad>
          </ns3:TrackPointExtension>
        </extensions>
      </trkpt>
      <trkpt lat="30.751734562218189239501953125" lon="108.44529666937887668609619140625">
        <ele>415.20001220703125</ele>
        <time>2026-04-17T10:48:16.000Z</time>
        <extensions>
          <ns3:TrackPointExtension>
            <ns3:hr>141</ns3:hr>
            <ns3:cad>93</ns3:cad>
          </ns3:TrackPointExtension>
        </extensions>
      </trkpt>
      <trkpt lat="30.75172760523855686187744140625" lon="108.445318043231964111328125">
        <ele>415.20001220703125</ele>
        <time>2026-04-17T10:48:17.000Z</time>
        <extensions>
          <ns3:TrackPointExtension>
            <ns3:hr>141</ns3:hr>
            <ns3:cad>93</ns3:cad>
          </ns3:TrackPointExtension>
        </extensions>
      </trkpt>
      <trkpt lat="30.7517085783183574676513671875" lon="108.44534025527536869049072265625">
        <ele>415.20001220703125</ele>
        <time>2026-04-17T10:48:18.000Z</time>
        <extensions>
          <ns3:TrackPointExtension>
            <ns3:hr>141</ns3:hr>
            <ns3:cad>94</ns3:cad>
          </ns3:TrackPointExtension>
        </extensions>
      </trkpt>
      <trkpt lat="30.75169810093939304351806640625" lon="108.445359282195568084716796875">
        <ele>415.20001220703125</ele>
        <time>2026-04-17T10:48:19.000Z</time>
        <extensions>
          <ns3:TrackPointExtension>
            <ns3:hr>141</ns3:hr>
            <ns3:cad>93</ns3:cad>
          </ns3:TrackPointExtension>
        </extensions>
      </trkpt>
      <trkpt lat="30.7516805827617645263671875" lon="108.445378057658672332763671875">
        <ele>415</ele>
        <time>2026-04-17T10:48:20.000Z</time>
        <extensions>
          <ns3:TrackPointExtension>
            <ns3:hr>141</ns3:hr>
            <ns3:cad>93</ns3:cad>
          </ns3:TrackPointExtension>
        </extensions>
      </trkpt>
      <trkpt lat="30.7516673393547534942626953125" lon="108.44540244899690151214599609375">
        <ele>415</ele>
        <time>2026-04-17T10:48:21.000Z</time>
        <extensions>
          <ns3:TrackPointExtension>
            <ns3:hr>142</ns3:hr>
            <ns3:cad>93</ns3:cad>
          </ns3:TrackPointExtension>
        </extensions>
      </trkpt>
      <trkpt lat="30.75165669433772563934326171875" lon="108.445422649383544921875">
        <ele>415</ele>
        <time>2026-04-17T10:48:22.000Z</time>
        <extensions>
          <ns3:TrackPointExtension>
            <ns3:hr>142</ns3:hr>
            <ns3:cad>93</ns3:cad>
          </ns3:TrackPointExtension>
        </extensions>
      </trkpt>
      <trkpt lat="30.75164713896811008453369140625" lon="108.4454519860446453094482421875">
        <ele>415</ele>
        <time>2026-04-17T10:48:23.000Z</time>
        <extensions>
          <ns3:TrackPointExtension>
            <ns3:hr>141</ns3:hr>
            <ns3:cad>93</ns3:cad>
          </ns3:TrackPointExtension>
        </extensions>
      </trkpt>
      <trkpt lat="30.75164638459682464599609375" lon="108.44547000713646411895751953125">
        <ele>415</ele>
        <time>2026-04-17T10:48:24.000Z</time>
        <extensions>
          <ns3:TrackPointExtension>
            <ns3:hr>141</ns3:hr>
            <ns3:cad>93</ns3:cad>
          </ns3:TrackPointExtension>
        </extensions>
      </trkpt>
      <trkpt lat="30.7516395114362239837646484375" lon="108.44550219364464282989501953125">
        <ele>415</ele>
        <time>2026-04-17T10:48:25.000Z</time>
        <extensions>
          <ns3:TrackPointExtension>
            <ns3:hr>141</ns3:hr>
            <ns3:cad>93</ns3:cad>
          </ns3:TrackPointExtension>
        </extensions>
      </trkpt>
      <trkpt lat="30.75163708068430423736572265625" lon="108.4455233998596668243408203125">
        <ele>415</ele>
        <time>2026-04-17T10:48:26.000Z</time>
        <extensions>
          <ns3:TrackPointExtension>
            <ns3:hr>142</ns3:hr>
            <ns3:cad>92</ns3:cad>
          </ns3:TrackPointExtension>
        </extensions>
      </trkpt>
      <trkpt lat="30.751625932753086090087890625" lon="108.44555214978754520416259765625">
        <ele>415</ele>
        <time>2026-04-17T10:48:27.000Z</time>
        <extensions>
          <ns3:TrackPointExtension>
            <ns3:hr>143</ns3:hr>
            <ns3:cad>92</ns3:cad>
          </ns3:TrackPointExtension>
        </extensions>
      </trkpt>
      <trkpt lat="30.75162199325859546661376953125" lon="108.4455746971070766448974609375">
        <ele>415</ele>
        <time>2026-04-17T10:48:28.000Z</time>
        <extensions>
          <ns3:TrackPointExtension>
            <ns3:hr>143</ns3:hr>
            <ns3:cad>92</ns3:cad>
          </ns3:TrackPointExtension>
        </extensions>
      </trkpt>
      <trkpt lat="30.75161428190767765045166015625" lon="108.445596992969512939453125">
        <ele>415</ele>
        <time>2026-04-17T10:48:29.000Z</time>
        <extensions>
          <ns3:TrackPointExtension>
            <ns3:hr>143</ns3:hr>
            <ns3:cad>92</ns3:cad>
          </ns3:TrackPointExtension>
        </extensions>
      </trkpt>
      <trkpt lat="30.75160891748964786529541015625" lon="108.445624150335788726806640625">
        <ele>415</ele>
        <time>2026-04-17T10:48:30.000Z</time>
        <extensions>
          <ns3:TrackPointExtension>
            <ns3:hr>143</ns3:hr>
            <ns3:cad>92</ns3:cad>
          </ns3:TrackPointExtension>
        </extensions>
      </trkpt>
      <trkpt lat="30.75160489417612552642822265625" lon="108.44565005041658878326416015625">
        <ele>415</ele>
        <time>2026-04-17T10:48:31.000Z</time>
        <extensions>
          <ns3:TrackPointExtension>
            <ns3:hr>143</ns3:hr>
            <ns3:cad>92</ns3:cad>
          </ns3:TrackPointExtension>
        </extensions>
      </trkpt>
      <trkpt lat="30.75160740874707698822021484375" lon="108.445682488381862640380859375">
        <ele>415</ele>
        <time>2026-04-17T10:48:32.000Z</time>
        <extensions>
          <ns3:TrackPointExtension>
            <ns3:hr>143</ns3:hr>
            <ns3:cad>92</ns3:cad>
          </ns3:TrackPointExtension>
        </extensions>
      </trkpt>
      <trkpt lat="30.75161327607929706573486328125" lon="108.44570629298686981201171875">
        <ele>415</ele>
        <time>2026-04-17T10:48:33.000Z</time>
        <extensions>
          <ns3:TrackPointExtension>
            <ns3:hr>143</ns3:hr>
            <ns3:cad>92</ns3:cad>
          </ns3:TrackPointExtension>
        </extensions>
      </trkpt>
      <trkpt lat="30.75161629356443881988525390625" lon="108.44573915004730224609375">
        <ele>415</ele>
        <time>2026-04-17T10:48:34.000Z</time>
        <extensions>
          <ns3:TrackPointExtension>
            <ns3:hr>144</ns3:hr>
            <ns3:cad>92</ns3:cad>
          </ns3:TrackPointExtension>
        </extensions>
      </trkpt>
      <trkpt lat="30.75162081979215145111083984375" lon="108.44575901515781879425048828125">
        <ele>415</ele>
        <time>2026-04-17T10:48:35.000Z</time>
        <extensions>
          <ns3:TrackPointExtension>
            <ns3:hr>144</ns3:hr>
            <ns3:cad>92</ns3:cad>
          </ns3:TrackPointExtension>
        </extensions>
      </trkpt>
      <trkpt lat="30.7516267709434032440185546875" lon="108.44578734599053859710693359375">
        <ele>415</ele>
        <time>2026-04-17T10:48:36.000Z</time>
        <extensions>
          <ns3:TrackPointExtension>
            <ns3:hr>144</ns3:hr>
            <ns3:cad>94</ns3:cad>
          </ns3:TrackPointExtension>
        </extensions>
      </trkpt>
      <trkpt lat="30.7516358233988285064697265625" lon="108.44580645672976970672607421875">
        <ele>415</ele>
        <time>2026-04-17T10:48:37.000Z</time>
        <extensions>
          <ns3:TrackPointExtension>
            <ns3:hr>145</ns3:hr>
            <ns3:cad>94</ns3:cad>
          </ns3:TrackPointExtension>
        </extensions>
      </trkpt>
      <trkpt lat="30.75163875706493854522705078125" lon="108.44583495520055294036865234375">
        <ele>415</ele>
        <time>2026-04-17T10:48:38.000Z</time>
        <extensions>
          <ns3:TrackPointExtension>
            <ns3:hr>144</ns3:hr>
            <ns3:cad>95</ns3:cad>
          </ns3:TrackPointExtension>
        </extensions>
      </trkpt>
      <trkpt lat="30.7516452111303806304931640625" lon="108.4458573348820209503173828125">
        <ele>415</ele>
        <time>2026-04-17T10:48:39.000Z</time>
        <extensions>
          <ns3:TrackPointExtension>
            <ns3:hr>144</ns3:hr>
            <ns3:cad>95</ns3:cad>
          </ns3:TrackPointExtension>
        </extensions>
      </trkpt>
      <trkpt lat="30.75165267102420330047607421875" lon="108.445888347923755645751953125">
        <ele>415</ele>
        <time>2026-04-17T10:48:40.000Z</time>
        <extensions>
          <ns3:TrackPointExtension>
            <ns3:hr>144</ns3:hr>
            <ns3:cad>92</ns3:cad>
          </ns3:TrackPointExtension>
        </extensions>
      </trkpt>
      <trkpt lat="30.7516700215637683868408203125" lon="108.44591408036649227142333984375">
        <ele>415</ele>
        <time>2026-04-17T10:48:41.000Z</time>
        <extensions>
          <ns3:TrackPointExtension>
            <ns3:hr>144</ns3:hr>
            <ns3:cad>92</ns3:cad>
          </ns3:TrackPointExtension>
        </extensions>
      </trkpt>
      <trkpt lat="30.751679241657257080078125" lon="108.4459337778389453887939453125">
        <ele>415</ele>
        <time>2026-04-17T10:48:42.000Z</time>
        <extensions>
          <ns3:TrackPointExtension>
            <ns3:hr>143</ns3:hr>
            <ns3:cad>92</ns3:cad>
          </ns3:TrackPointExtension>
        </extensions>
      </trkpt>
      <trkpt lat="30.75169558636844158172607421875" lon="108.44595707952976226806640625">
        <ele>415</ele>
        <time>2026-04-17T10:48:43.000Z</time>
        <extensions>
          <ns3:TrackPointExtension>
            <ns3:hr>143</ns3:hr>
            <ns3:cad>92</ns3:cad>
          </ns3:TrackPointExtension>
        </extensions>
      </trkpt>
      <trkpt lat="30.7517062313854694366455078125" lon="108.44597392715513706207275390625">
        <ele>415</ele>
        <time>2026-04-17T10:48:44.000Z</time>
        <extensions>
          <ns3:TrackPointExtension>
            <ns3:hr>143</ns3:hr>
            <ns3:cad>92</ns3:cad>
          </ns3:TrackPointExtension>
        </extensions>
      </trkpt>
      <trkpt lat="30.75172089971601963043212890625" lon="108.44599999487400054931640625">
        <ele>415</ele>
        <time>2026-04-17T10:48:45.000Z</time>
        <extensions>
          <ns3:TrackPointExtension>
            <ns3:hr>143</ns3:hr>
            <ns3:cad>92</ns3:cad>
          </ns3:TrackPointExtension>
        </extensions>
      </trkpt>
      <trkpt lat="30.75173665769398212432861328125" lon="108.44600980170071125030517578125">
        <ele>415</ele>
        <time>2026-04-17T10:48:46.000Z</time>
        <extensions>
          <ns3:TrackPointExtension>
            <ns3:hr>144</ns3:hr>
            <ns3:cad>93</ns3:cad>
          </ns3:TrackPointExtension>
        </extensions>
      </trkpt>
      <trkpt lat="30.75175409205257892608642578125" lon="108.44603008590638637542724609375">
        <ele>415</ele>
        <time>2026-04-17T10:48:47.000Z</time>
        <extensions>
          <ns3:TrackPointExtension>
            <ns3:hr>144</ns3:hr>
            <ns3:cad>93</ns3:cad>
          </ns3:TrackPointExtension>
        </extensions>
      </trkpt>
      <trkpt lat="30.75177605263888835906982421875" lon="108.44604022800922393798828125">
        <ele>415</ele>
        <time>2026-04-17T10:48:48.000Z</time>
        <extensions>
          <ns3:TrackPointExtension>
            <ns3:hr>144</ns3:hr>
            <ns3:cad>92</ns3:cad>
          </ns3:TrackPointExtension>
        </extensions>
      </trkpt>
      <trkpt lat="30.751792229712009429931640625" lon="108.446057327091693878173828125">
        <ele>415</ele>
        <time>2026-04-17T10:48:49.000Z</time>
        <extensions>
          <ns3:TrackPointExtension>
            <ns3:hr>144</ns3:hr>
            <ns3:cad>92</ns3:cad>
          </ns3:TrackPointExtension>
        </extensions>
      </trkpt>
      <trkpt lat="30.751813352108001708984375" lon="108.4460702352225780487060546875">
        <ele>415</ele>
        <time>2026-04-17T10:48:50.000Z</time>
        <extensions>
          <ns3:TrackPointExtension>
            <ns3:hr>144</ns3:hr>
            <ns3:cad>92</ns3:cad>
          </ns3:TrackPointExtension>
        </extensions>
      </trkpt>
      <trkpt lat="30.75182634405791759490966796875" lon="108.4460849873721599578857421875">
        <ele>415</ele>
        <time>2026-04-17T10:48:51.000Z</time>
        <extensions>
          <ns3:TrackPointExtension>
            <ns3:hr>145</ns3:hr>
            <ns3:cad>92</ns3:cad>
          </ns3:TrackPointExtension>
        </extensions>
      </trkpt>
      <trkpt lat="30.75184897519648075103759765625" lon="108.44609848223626613616943359375">
        <ele>415</ele>
        <time>2026-04-17T10:48:52.000Z</time>
        <extensions>
          <ns3:TrackPointExtension>
            <ns3:hr>145</ns3:hr>
            <ns3:cad>92</ns3:cad>
          </ns3:TrackPointExtension>
        </extensions>
      </trkpt>
      <trkpt lat="30.75186423026025295257568359375" lon="108.446108289062976837158203125">
        <ele>415</ele>
        <time>2026-04-17T10:48:53.000Z</time>
        <extensions>
          <ns3:TrackPointExtension>
            <ns3:hr>144</ns3:hr>
            <ns3:cad>92</ns3:cad>
          </ns3:TrackPointExtension>
        </extensions>
      </trkpt>
      <trkpt lat="30.7518842630088329315185546875" lon="108.44613150693476200103759765625">
        <ele>415</ele>
        <time>2026-04-17T10:48:54.000Z</time>
        <extensions>
          <ns3:TrackPointExtension>
            <ns3:hr>144</ns3:hr>
            <ns3:cad>92</ns3:cad>
          </ns3:TrackPointExtension>
        </extensions>
      </trkpt>
      <trkpt lat="30.75190245173871517181396484375" lon="108.44614324159920215606689453125">
        <ele>415</ele>
        <time>2026-04-17T10:48:55.000Z</time>
        <extensions>
          <ns3:TrackPointExtension>
            <ns3:hr>144</ns3:hr>
            <ns3:cad>92</ns3:cad>
          </ns3:TrackPointExtension>
        </extensions>
      </trkpt>
      <trkpt lat="30.75192357413470745086669921875" lon="108.4461634419858455657958984375">
        <ele>415.20001220703125</ele>
        <time>2026-04-17T10:48:56.000Z</time>
        <extensions>
          <ns3:TrackPointExtension>
            <ns3:hr>144</ns3:hr>
            <ns3:cad>92</ns3:cad>
          </ns3:TrackPointExtension>
        </extensions>
      </trkpt>
      <trkpt lat="30.7519442774355411529541015625" lon="108.44616721384227275848388671875">
        <ele>415.20001220703125</ele>
        <time>2026-04-17T10:48:57.000Z</time>
        <extensions>
          <ns3:TrackPointExtension>
            <ns3:hr>144</ns3:hr>
            <ns3:cad>92</ns3:cad>
          </ns3:TrackPointExtension>
        </extensions>
      </trkpt>
      <trkpt lat="30.75196749530732631683349609375" lon="108.44616972841322422027587890625">
        <ele>415.20001220703125</ele>
        <time>2026-04-17T10:48:58.000Z</time>
        <extensions>
          <ns3:TrackPointExtension>
            <ns3:hr>145</ns3:hr>
            <ns3:cad>93</ns3:cad>
          </ns3:TrackPointExtension>
        </extensions>
      </trkpt>
      <trkpt lat="30.7519917190074920654296875" lon="108.4461654536426067352294921875">
        <ele>415.20001220703125</ele>
        <time>2026-04-17T10:48:59.000Z</time>
        <extensions>
          <ns3:TrackPointExtension>
            <ns3:hr>145</ns3:hr>
            <ns3:cad>94</ns3:cad>
          </ns3:TrackPointExtension>
        </extensions>
      </trkpt>
      <trkpt lat="30.7520106621086597442626953125" lon="108.4461667947471141815185546875">
        <ele>415.20001220703125</ele>
        <time>2026-04-17T10:49:00.000Z</time>
        <extensions>
          <ns3:TrackPointExtension>
            <ns3:hr>145</ns3:hr>
            <ns3:cad>94</ns3:cad>
          </ns3:TrackPointExtension>
        </extensions>
      </trkpt>
      <trkpt lat="30.75203622691333293914794921875" lon="108.44616386108100414276123046875">
        <ele>415.20001220703125</ele>
        <time>2026-04-17T10:49:01.000Z</time>
        <extensions>
          <ns3:TrackPointExtension>
            <ns3:hr>145</ns3:hr>
            <ns3:cad>93</ns3:cad>
          </ns3:TrackPointExtension>
        </extensions>
      </trkpt>
      <trkpt lat="30.75205433182418346405029296875" lon="108.446164615452289581298828125">
        <ele>415.20001220703125</ele>
        <time>2026-04-17T10:49:02.000Z</time>
        <extensions>
          <ns3:TrackPointExtension>
            <ns3:hr>145</ns3:hr>
            <ns3:cad>92</ns3:cad>
          </ns3:TrackPointExtension>
        </extensions>
      </trkpt>
      <trkpt lat="30.7520820759236812591552734375" lon="108.4461624361574649810791015625">
        <ele>415.20001220703125</ele>
        <time>2026-04-17T10:49:03.000Z</time>
        <extensions>
          <ns3:TrackPointExtension>
            <ns3:hr>145</ns3:hr>
            <ns3:cad>92</ns3:cad>
          </ns3:TrackPointExtension>
        </extensions>
      </trkpt>
      <trkpt lat="30.75210244394838809967041015625" lon="108.44616067595779895782470703125">
        <ele>415.20001220703125</ele>
        <time>2026-04-17T10:49:04.000Z</time>
        <extensions>
          <ns3:TrackPointExtension>
            <ns3:hr>146</ns3:hr>
            <ns3:cad>92</ns3:cad>
          </ns3:TrackPointExtension>
        </extensions>
      </trkpt>
      <trkpt lat="30.752130188047885894775390625" lon="108.446165286004543304443359375">
        <ele>415</ele>
        <time>2026-04-17T10:49:05.000Z</time>
        <extensions>
          <ns3:TrackPointExtension>
            <ns3:hr>146</ns3:hr>
            <ns3:cad>92</ns3:cad>
          </ns3:TrackPointExtension>
        </extensions>
      </trkpt>
      <trkpt lat="30.75215307064354419708251953125" lon="108.4461621008813381195068359375">
        <ele>415</ele>
        <time>2026-04-17T10:49:06.000Z</time>
        <extensions>
          <ns3:TrackPointExtension>
            <ns3:hr>146</ns3:hr>
            <ns3:cad>92</ns3:cad>
          </ns3:TrackPointExtension>
        </extensions>
      </trkpt>
      <trkpt lat="30.7521767914295196533203125" lon="108.44616838730871677398681640625">
        <ele>415</ele>
        <time>2026-04-17T10:49:07.000Z</time>
        <extensions>
          <ns3:TrackPointExtension>
            <ns3:hr>146</ns3:hr>
            <ns3:cad>92</ns3:cad>
          </ns3:TrackPointExtension>
        </extensions>
      </trkpt>
      <trkpt lat="30.752201266586780548095703125" lon="108.44616235233843326568603515625">
        <ele>415</ele>
        <time>2026-04-17T10:49:08.000Z</time>
        <extensions>
          <ns3:TrackPointExtension>
            <ns3:hr>146</ns3:hr>
            <ns3:cad>92</ns3:cad>
          </ns3:TrackPointExtension>
        </extensions>
      </trkpt>
      <trkpt lat="30.7522215507924556732177734375" lon="108.4461664594709873199462890625">
        <ele>415.20001220703125</ele>
        <time>2026-04-17T10:49:09.000Z</time>
        <extensions>
          <ns3:TrackPointExtension>
            <ns3:hr>146</ns3:hr>
            <ns3:cad>92</ns3:cad>
          </ns3:TrackPointExtension>
        </extensions>
      </trkpt>
      <trkpt lat="30.75224694795906543731689453125" lon="108.446163944900035858154296875">
        <ele>415.20001220703125</ele>
        <time>2026-04-17T10:49:10.000Z</time>
        <extensions>
          <ns3:TrackPointExtension>
            <ns3:hr>146</ns3:hr>
            <ns3:cad>92</ns3:cad>
          </ns3:TrackPointExtension>
        </extensions>
      </trkpt>
      <trkpt lat="30.75226656161248683929443359375" lon="108.446167968213558197021484375">
        <ele>415</ele>
        <time>2026-04-17T10:49:11.000Z</time>
        <extensions>
          <ns3:TrackPointExtension>
            <ns3:hr>146</ns3:hr>
            <ns3:cad>94</ns3:cad>
          </ns3:TrackPointExtension>
        </extensions>
      </trkpt>
      <trkpt lat="30.7522902823984622955322265625" lon="108.4461657889187335968017578125">
        <ele>415.20001220703125</ele>
        <time>2026-04-17T10:49:12.000Z</time>
        <extensions>
          <ns3:TrackPointExtension>
            <ns3:hr>146</ns3:hr>
            <ns3:cad>94</ns3:cad>
          </ns3:TrackPointExtension>
        </extensions>
      </trkpt>
      <trkpt lat="30.75230763293802738189697265625" lon="108.44616495072841644287109375">
        <ele>415.20001220703125</ele>
        <time>2026-04-17T10:49:13.000Z</time>
        <extensions>
          <ns3:TrackPointExtension>
            <ns3:hr>146</ns3:hr>
            <ns3:cad>92</ns3:cad>
          </ns3:TrackPointExtension>
        </extensions>
      </trkpt>
      <trkpt lat="30.75233311392366886138916015625" lon="108.44616536982357501983642578125">
        <ele>415.20001220703125</ele>
        <time>2026-04-17T10:49:14.000Z</time>
        <extensions>
          <ns3:TrackPointExtension>
            <ns3:hr>146</ns3:hr>
            <ns3:cad>92</ns3:cad>
          </ns3:TrackPointExtension>
        </extensions>
      </trkpt>
      <trkpt lat="30.75235188938677310943603515625" lon="108.44616453163325786590576171875">
        <ele>415.20001220703125</ele>
        <time>2026-04-17T10:49:15.000Z</time>
        <extensions>
          <ns3:TrackPointExtension>
            <ns3:hr>146</ns3:hr>
            <ns3:cad>94</ns3:cad>
          </ns3:TrackPointExtension>
        </extensions>
      </trkpt>
      <trkpt lat="30.75237619690597057342529296875" lon="108.44616956077516078948974609375">
        <ele>415.20001220703125</ele>
        <time>2026-04-17T10:49:16.000Z</time>
        <extensions>
          <ns3:TrackPointExtension>
            <ns3:hr>147</ns3:hr>
            <ns3:cad>94</ns3:cad>
          </ns3:TrackPointExtension>
        </extensions>
      </trkpt>
      <trkpt lat="30.7523945532739162445068359375" lon="108.44615983776748180389404296875">
        <ele>415.20001220703125</ele>
        <time>2026-04-17T10:49:17.000Z</time>
        <extensions>
          <ns3:TrackPointExtension>
            <ns3:hr>147</ns3:hr>
            <ns3:cad>93</ns3:cad>
          </ns3:TrackPointExtension>
        </extensions>
      </trkpt>
      <trkpt lat="30.75241877697408199310302734375" lon="108.44616503454744815826416015625">
        <ele>415.20001220703125</ele>
        <time>2026-04-17T10:49:18.000Z</time>
        <extensions>
          <ns3:TrackPointExtension>
            <ns3:hr>146</ns3:hr>
            <ns3:cad>93</ns3:cad>
          </ns3:TrackPointExtension>
        </extensions>
      </trkpt>
      <trkpt lat="30.75244040228426456451416015625" lon="108.44616285525262355804443359375">
        <ele>415</ele>
        <time>2026-04-17T10:49:19.000Z</time>
        <extensions>
          <ns3:TrackPointExtension>
            <ns3:hr>147</ns3:hr>
            <ns3:cad>92</ns3:cad>
          </ns3:TrackPointExtension>
        </extensions>
      </trkpt>
      <trkpt lat="30.752461440861225128173828125" lon="108.446167297661304473876953125">
        <ele>415.20001220703125</ele>
        <time>2026-04-17T10:49:20.000Z</time>
        <extensions>
          <ns3:TrackPointExtension>
            <ns3:hr>147</ns3:hr>
            <ns3:cad>92</ns3:cad>
          </ns3:TrackPointExtension>
        </extensions>
      </trkpt>
      <trkpt lat="30.752487592399120330810546875" lon="108.44616754911839962005615234375">
        <ele>415.20001220703125</ele>
        <time>2026-04-17T10:49:21.000Z</time>
        <extensions>
          <ns3:TrackPointExtension>
            <ns3:hr>147</ns3:hr>
            <ns3:cad>92</ns3:cad>
          </ns3:TrackPointExtension>
        </extensions>
      </trkpt>
      <trkpt lat="30.75250326655805110931396484375" lon="108.446168638765811920166015625">
        <ele>415</ele>
        <time>2026-04-17T10:49:22.000Z</time>
        <extensions>
          <ns3:TrackPointExtension>
            <ns3:hr>147</ns3:hr>
            <ns3:cad>93</ns3:cad>
          </ns3:TrackPointExtension>
        </extensions>
      </trkpt>
      <trkpt lat="30.75252950191497802734375" lon="108.4461669623851776123046875">
        <ele>415</ele>
        <time>2026-04-17T10:49:23.000Z</time>
        <extensions>
          <ns3:TrackPointExtension>
            <ns3:hr>147</ns3:hr>
            <ns3:cad>94</ns3:cad>
          </ns3:TrackPointExtension>
        </extensions>
      </trkpt>
      <trkpt lat="30.75254760682582855224609375" lon="108.4461669623851776123046875">
        <ele>415</ele>
        <time>2026-04-17T10:49:24.000Z</time>
        <extensions>
          <ns3:TrackPointExtension>
            <ns3:hr>147</ns3:hr>
            <ns3:cad>94</ns3:cad>
          </ns3:TrackPointExtension>
        </extensions>
      </trkpt>
      <trkpt lat="30.7525737583637237548828125" lon="108.44617609865963459014892578125">
        <ele>415</ele>
        <time>2026-04-17T10:49:25.000Z</time>
        <extensions>
          <ns3:TrackPointExtension>
            <ns3:hr>147</ns3:hr>
            <ns3:cad>94</ns3:cad>
          </ns3:TrackPointExtension>
        </extensions>
      </trkpt>
      <trkpt lat="30.75259848497807979583740234375" lon="108.44617274589836597442626953125">
        <ele>415</ele>
        <time>2026-04-17T10:49:26.000Z</time>
        <extensions>
          <ns3:TrackPointExtension>
            <ns3:hr>147</ns3:hr>
            <ns3:cad>94</ns3:cad>
          </ns3:TrackPointExtension>
        </extensions>
      </trkpt>
      <trkpt lat="30.75262296013534069061279296875" lon="108.44617609865963459014892578125">
        <ele>415</ele>
        <time>2026-04-17T10:49:27.000Z</time>
        <extensions>
          <ns3:TrackPointExtension>
            <ns3:hr>147</ns3:hr>
            <ns3:cad>94</ns3:cad>
          </ns3:TrackPointExtension>
        </extensions>
      </trkpt>
      <trkpt lat="30.75264550745487213134765625" lon="108.44617140479385852813720703125">
        <ele>415</ele>
        <time>2026-04-17T10:49:28.000Z</time>
        <extensions>
          <ns3:TrackPointExtension>
            <ns3:hr>147</ns3:hr>
            <ns3:cad>94</ns3:cad>
          </ns3:TrackPointExtension>
        </extensions>
      </trkpt>
      <trkpt lat="30.75266897678375244140625" lon="108.44617576338350772857666015625">
        <ele>415</ele>
        <time>2026-04-17T10:49:29.000Z</time>
        <extensions>
          <ns3:TrackPointExtension>
            <ns3:hr>148</ns3:hr>
            <ns3:cad>94</ns3:cad>
          </ns3:TrackPointExtension>
        </extensions>
      </trkpt>
      <trkpt lat="30.752692781388759613037109375" lon="108.44616989605128765106201171875">
        <ele>415</ele>
        <time>2026-04-17T10:49:30.000Z</time>
        <extensions>
          <ns3:TrackPointExtension>
            <ns3:hr>147</ns3:hr>
            <ns3:cad>94</ns3:cad>
          </ns3:TrackPointExtension>
        </extensions>
      </trkpt>
      <trkpt lat="30.752710215747356414794921875" lon="108.44616872258484363555908203125">
        <ele>415</ele>
        <time>2026-04-17T10:49:31.000Z</time>
        <extensions>
          <ns3:TrackPointExtension>
            <ns3:hr>147</ns3:hr>
            <ns3:cad>92</ns3:cad>
          </ns3:TrackPointExtension>
        </extensions>
      </trkpt>
      <trkpt lat="30.7527325116097927093505859375" lon="108.446165956556797027587890625">
        <ele>415</ele>
        <time>2026-04-17T10:49:32.000Z</time>
        <extensions>
          <ns3:TrackPointExtension>
            <ns3:hr>147</ns3:hr>
            <ns3:cad>92</ns3:cad>
          </ns3:TrackPointExtension>
        </extensions>
      </trkpt>
      <trkpt lat="30.752753131091594696044921875" lon="108.446161262691020965576171875">
        <ele>415.20001220703125</ele>
        <time>2026-04-17T10:49:33.000Z</time>
        <extensions>
          <ns3:TrackPointExtension>
            <ns3:hr>147</ns3:hr>
            <ns3:cad>92</ns3:cad>
          </ns3:TrackPointExtension>
        </extensions>
      </trkpt>
      <trkpt lat="30.75277836062014102935791015625" lon="108.44616302289068698883056640625">
        <ele>415.20001220703125</ele>
        <time>2026-04-17T10:49:34.000Z</time>
        <extensions>
          <ns3:TrackPointExtension>
            <ns3:hr>146</ns3:hr>
            <ns3:cad>94</ns3:cad>
          </ns3:TrackPointExtension>
        </extensions>
      </trkpt>
      <trkpt lat="30.752800740301609039306640625" lon="108.4461580775678157806396484375">
        <ele>415.20001220703125</ele>
        <time>2026-04-17T10:49:35.000Z</time>
        <extensions>
          <ns3:TrackPointExtension>
            <ns3:hr>146</ns3:hr>
            <ns3:cad>94</ns3:cad>
          </ns3:TrackPointExtension>
        </extensions>
      </trkpt>
      <trkpt lat="30.752825550734996795654296875" lon="108.44616386108100414276123046875">
        <ele>415.20001220703125</ele>
        <time>2026-04-17T10:49:36.000Z</time>
        <extensions>
          <ns3:TrackPointExtension>
            <ns3:hr>146</ns3:hr>
            <ns3:cad>93</ns3:cad>
          </ns3:TrackPointExtension>
        </extensions>
      </trkpt>
      <trkpt lat="30.752845667302608489990234375" lon="108.4461615979671478271484375">
        <ele>415.20001220703125</ele>
        <time>2026-04-17T10:49:37.000Z</time>
        <extensions>
          <ns3:TrackPointExtension>
            <ns3:hr>146</ns3:hr>
            <ns3:cad>92</ns3:cad>
          </ns3:TrackPointExtension>
        </extensions>
      </trkpt>
      <trkpt lat="30.75287022627890110015869140625" lon="108.4461701475083827972412109375">
        <ele>415</ele>
        <time>2026-04-17T10:49:38.000Z</time>
        <extensions>
          <ns3:TrackPointExtension>
            <ns3:hr>146</ns3:hr>
            <ns3:cad>92</ns3:cad>
          </ns3:TrackPointExtension>
        </extensions>
      </trkpt>
      <trkpt lat="30.75289218686521053314208984375" lon="108.44616855494678020477294921875">
        <ele>415</ele>
        <time>2026-04-17T10:49:39.000Z</time>
        <extensions>
          <ns3:TrackPointExtension>
            <ns3:hr>146</ns3:hr>
            <ns3:cad>92</ns3:cad>
          </ns3:TrackPointExtension>
        </extensions>
      </trkpt>
      <trkpt lat="30.75291465036571025848388671875" lon="108.44617408700287342071533203125">
        <ele>415</ele>
        <time>2026-04-17T10:49:40.000Z</time>
        <extensions>
          <ns3:TrackPointExtension>
            <ns3:hr>145</ns3:hr>
            <ns3:cad>92</ns3:cad>
          </ns3:TrackPointExtension>
        </extensions>
      </trkpt>
      <trkpt lat="30.75294055044651031494140625" lon="108.44617224298417568206787109375">
        <ele>415</ele>
        <time>2026-04-17T10:49:41.000Z</time>
        <extensions>
          <ns3:TrackPointExtension>
            <ns3:hr>146</ns3:hr>
            <ns3:cad>92</ns3:cad>
          </ns3:TrackPointExtension>
        </extensions>
      </trkpt>
      <trkpt lat="30.75296376831829547882080078125" lon="108.44617542810738086700439453125">
        <ele>415</ele>
        <time>2026-04-17T10:49:42.000Z</time>
        <extensions>
          <ns3:TrackPointExtension>
            <ns3:hr>146</ns3:hr>
            <ns3:cad>93</ns3:cad>
          </ns3:TrackPointExtension>
        </extensions>
      </trkpt>
      <trkpt lat="30.752991177141666412353515625" lon="108.44617291353642940521240234375">
        <ele>415</ele>
        <time>2026-04-17T10:49:43.000Z</time>
        <extensions>
          <ns3:TrackPointExtension>
            <ns3:hr>145</ns3:hr>
            <ns3:cad>93</ns3:cad>
          </ns3:TrackPointExtension>
        </extensions>
      </trkpt>
      <trkpt lat="30.75301271863281726837158203125" lon="108.44616972841322422027587890625">
        <ele>415</ele>
        <time>2026-04-17T10:49:44.000Z</time>
        <extensions>
          <ns3:TrackPointExtension>
            <ns3:hr>146</ns3:hr>
            <ns3:cad>93</ns3:cad>
          </ns3:TrackPointExtension>
        </extensions>
      </trkpt>
      <trkpt lat="30.75303987599909305572509765625" lon="108.44616201706230640411376953125">
        <ele>415</ele>
        <time>2026-04-17T10:49:45.000Z</time>
        <extensions>
          <ns3:TrackPointExtension>
            <ns3:hr>146</ns3:hr>
            <ns3:cad>93</ns3:cad>
          </ns3:TrackPointExtension>
        </extensions>
      </trkpt>
      <trkpt lat="30.7530597411096096038818359375" lon="108.44615531153976917266845703125">
        <ele>415</ele>
        <time>2026-04-17T10:49:46.000Z</time>
        <extensions>
          <ns3:TrackPointExtension>
            <ns3:hr>145</ns3:hr>
            <ns3:cad>93</ns3:cad>
          </ns3:TrackPointExtension>
        </extensions>
      </trkpt>
      <trkpt lat="30.75308195315301418304443359375" lon="108.4461347758769989013671875">
        <ele>415</ele>
        <time>2026-04-17T10:49:47.000Z</time>
        <extensions>
          <ns3:TrackPointExtension>
            <ns3:hr>145</ns3:hr>
            <ns3:cad>93</ns3:cad>
          </ns3:TrackPointExtension>
        </extensions>
      </trkpt>
      <trkpt lat="30.75309502892196178436279296875" lon="108.4461175091564655303955078125">
        <ele>415</ele>
        <time>2026-04-17T10:49:48.000Z</time>
        <extensions>
          <ns3:TrackPointExtension>
            <ns3:hr>145</ns3:hr>
            <ns3:cad>93</ns3:cad>
          </ns3:TrackPointExtension>
        </extensions>
      </trkpt>
      <trkpt lat="30.7531128823757171630859375" lon="108.4460937045514583587646484375">
        <ele>415</ele>
        <time>2026-04-17T10:49:49.000Z</time>
        <extensions>
          <ns3:TrackPointExtension>
            <ns3:hr>145</ns3:hr>
            <ns3:cad>93</ns3:cad>
          </ns3:TrackPointExtension>
        </extensions>
      </trkpt>
      <trkpt lat="30.7531254552304744720458984375" lon="108.44607333652675151824951171875">
        <ele>415</ele>
        <time>2026-04-17T10:49:50.000Z</time>
        <extensions>
          <ns3:TrackPointExtension>
            <ns3:hr>144</ns3:hr>
            <ns3:cad>93</ns3:cad>
          </ns3:TrackPointExtension>
        </extensions>
      </trkpt>
      <trkpt lat="30.753148086369037628173828125" lon="108.44605824910104274749755859375">
        <ele>415</ele>
        <time>2026-04-17T10:49:51.000Z</time>
        <extensions>
          <ns3:TrackPointExtension>
            <ns3:hr>144</ns3:hr>
            <ns3:cad>93</ns3:cad>
          </ns3:TrackPointExtension>
        </extensions>
      </trkpt>
      <trkpt lat="30.75316585600376129150390625" lon="108.4460333548486232757568359375">
        <ele>415</ele>
        <time>2026-04-17T10:49:52.000Z</time>
        <extensions>
          <ns3:TrackPointExtension>
            <ns3:hr>144</ns3:hr>
            <ns3:cad>93</ns3:cad>
          </ns3:TrackPointExtension>
        </extensions>
      </trkpt>
      <trkpt lat="30.7531837932765483856201171875" lon="108.44601516611874103546142578125">
        <ele>415</ele>
        <time>2026-04-17T10:49:53.000Z</time>
        <extensions>
          <ns3:TrackPointExtension>
            <ns3:hr>145</ns3:hr>
            <ns3:cad>93</ns3:cad>
          </ns3:TrackPointExtension>
        </extensions>
      </trkpt>
      <trkpt lat="30.75319896452128887176513671875" lon="108.4459890983998775482177734375">
        <ele>415</ele>
        <time>2026-04-17T10:49:54.000Z</time>
        <extensions>
          <ns3:TrackPointExtension>
            <ns3:hr>144</ns3:hr>
            <ns3:cad>92</ns3:cad>
          </ns3:TrackPointExtension>
        </extensions>
      </trkpt>
      <trkpt lat="30.7532146386802196502685546875" lon="108.4459709934890270233154296875">
        <ele>415</ele>
        <time>2026-04-17T10:49:55.000Z</time>
        <extensions>
          <ns3:TrackPointExtension>
            <ns3:hr>144</ns3:hr>
            <ns3:cad>92</ns3:cad>
          </ns3:TrackPointExtension>
        </extensions>
      </trkpt>
      <trkpt lat="30.75322620570659637451171875" lon="108.44594190828502178192138671875">
        <ele>415</ele>
        <time>2026-04-17T10:49:56.000Z</time>
        <extensions>
          <ns3:TrackPointExtension>
            <ns3:hr>144</ns3:hr>
            <ns3:cad>92</ns3:cad>
          </ns3:TrackPointExtension>
        </extensions>
      </trkpt>
      <trkpt lat="30.75323400087654590606689453125" lon="108.44592262990772724151611328125">
        <ele>415</ele>
        <time>2026-04-17T10:49:57.000Z</time>
        <extensions>
          <ns3:TrackPointExtension>
            <ns3:hr>143</ns3:hr>
            <ns3:cad>92</ns3:cad>
          </ns3:TrackPointExtension>
        </extensions>
      </trkpt>
      <trkpt lat="30.75324791483581066131591796875" lon="108.4458901919424533843994140625">
        <ele>415</ele>
        <time>2026-04-17T10:49:58.000Z</time>
        <extensions>
          <ns3:TrackPointExtension>
            <ns3:hr>142</ns3:hr>
            <ns3:cad>92</ns3:cad>
          </ns3:TrackPointExtension>
        </extensions>
      </trkpt>
      <trkpt lat="30.75325143523514270782470703125" lon="108.44586814753711223602294921875">
        <ele>415</ele>
        <time>2026-04-17T10:49:59.000Z</time>
        <extensions>
          <ns3:TrackPointExtension>
            <ns3:hr>140</ns3:hr>
            <ns3:cad>92</ns3:cad>
          </ns3:TrackPointExtension>
        </extensions>
      </trkpt>
      <trkpt lat="30.75326199643313884735107421875" lon="108.4458345361053943634033203125">
        <ele>415</ele>
        <time>2026-04-17T10:50:00.000Z</time>
        <extensions>
          <ns3:TrackPointExtension>
            <ns3:hr>139</ns3:hr>
            <ns3:cad>92</ns3:cad>
          </ns3:TrackPointExtension>
        </extensions>
      </trkpt>
      <trkpt lat="30.75326367281377315521240234375" lon="108.44580813311040401458740234375">
        <ele>415</ele>
        <time>2026-04-17T10:50:01.000Z</time>
        <extensions>
          <ns3:TrackPointExtension>
            <ns3:hr>138</ns3:hr>
            <ns3:cad>92</ns3:cad>
          </ns3:TrackPointExtension>
        </extensions>
      </trkpt>
      <trkpt lat="30.75327389873564243316650390625" lon="108.4457798860967159271240234375">
        <ele>415</ele>
        <time>2026-04-17T10:50:02.000Z</time>
        <extensions>
          <ns3:TrackPointExtension>
            <ns3:hr>138</ns3:hr>
            <ns3:cad>92</ns3:cad>
          </ns3:TrackPointExtension>
        </extensions>
      </trkpt>
      <trkpt lat="30.7532796822488307952880859375" lon="108.44574828632175922393798828125">
        <ele>414.79998779296875</ele>
        <time>2026-04-17T10:50:03.000Z</time>
        <extensions>
          <ns3:TrackPointExtension>
            <ns3:hr>138</ns3:hr>
            <ns3:cad>92</ns3:cad>
          </ns3:TrackPointExtension>
        </extensions>
      </trkpt>
      <trkpt lat="30.75328647159039974212646484375" lon="108.44572842121124267578125">
        <ele>414.79998779296875</ele>
        <time>2026-04-17T10:50:04.000Z</time>
        <extensions>
          <ns3:TrackPointExtension>
            <ns3:hr>137</ns3:hr>
            <ns3:cad>92</ns3:cad>
          </ns3:TrackPointExtension>
        </extensions>
      </trkpt>
      <trkpt lat="30.7532900758087635040283203125" lon="108.44569548033177852630615234375">
        <ele>414.79998779296875</ele>
        <time>2026-04-17T10:50:05.000Z</time>
        <extensions>
          <ns3:TrackPointExtension>
            <ns3:hr>137</ns3:hr>
            <ns3:cad>92</ns3:cad>
          </ns3:TrackPointExtension>
        </extensions>
      </trkpt>
      <trkpt lat="30.753292255103588104248046875" lon="108.44567519612610340118408203125">
        <ele>414.79998779296875</ele>
        <time>2026-04-17T10:50:06.000Z</time>
        <extensions>
          <ns3:TrackPointExtension>
            <ns3:hr>137</ns3:hr>
            <ns3:cad>92</ns3:cad>
          </ns3:TrackPointExtension>
        </extensions>
      </trkpt>
      <trkpt lat="30.7532940991222858428955078125" lon="108.44564250670373439788818359375">
        <ele>414.79998779296875</ele>
        <time>2026-04-17T10:50:07.000Z</time>
        <extensions>
          <ns3:TrackPointExtension>
            <ns3:hr>137</ns3:hr>
            <ns3:cad>92</ns3:cad>
          </ns3:TrackPointExtension>
        </extensions>
      </trkpt>
      <trkpt lat="30.75329166837036609649658203125" lon="108.445620797574520111083984375">
        <ele>414.79998779296875</ele>
        <time>2026-04-17T10:50:08.000Z</time>
        <extensions>
          <ns3:TrackPointExtension>
            <ns3:hr>137</ns3:hr>
            <ns3:cad>92</ns3:cad>
          </ns3:TrackPointExtension>
        </extensions>
      </trkpt>
      <trkpt lat="30.75329150073230266571044921875" lon="108.44558693468570709228515625">
        <ele>414.79998779296875</ele>
        <time>2026-04-17T10:50:09.000Z</time>
        <extensions>
          <ns3:TrackPointExtension>
            <ns3:hr>137</ns3:hr>
            <ns3:cad>93</ns3:cad>
          </ns3:TrackPointExtension>
        </extensions>
      </trkpt>
      <trkpt lat="30.7532899081707000732421875" lon="108.4455643035471439361572265625">
        <ele>414.79998779296875</ele>
        <time>2026-04-17T10:50:10.000Z</time>
        <extensions>
          <ns3:TrackPointExtension>
            <ns3:hr>137</ns3:hr>
            <ns3:cad>93</ns3:cad>
          </ns3:TrackPointExtension>
        </extensions>
      </trkpt>
      <trkpt lat="30.75329854153096675872802734375" lon="108.44553354196250438690185546875">
        <ele>415</ele>
        <time>2026-04-17T10:50:11.000Z</time>
        <extensions>
          <ns3:TrackPointExtension>
            <ns3:hr>137</ns3:hr>
            <ns3:cad>94</ns3:cad>
          </ns3:TrackPointExtension>
        </extensions>
      </trkpt>
      <trkpt lat="30.75329217128455638885498046875" lon="108.44550604932010173797607421875">
        <ele>414.79998779296875</ele>
        <time>2026-04-17T10:50:12.000Z</time>
        <extensions>
          <ns3:TrackPointExtension>
            <ns3:hr>137</ns3:hr>
            <ns3:cad>94</ns3:cad>
          </ns3:TrackPointExtension>
        </extensions>
      </trkpt>
      <trkpt lat="30.75329116545617580413818359375" lon="108.44547872431576251983642578125">
        <ele>415</ele>
        <time>2026-04-17T10:50:13.000Z</time>
        <extensions>
          <ns3:TrackPointExtension>
            <ns3:hr>138</ns3:hr>
            <ns3:cad>94</ns3:cad>
          </ns3:TrackPointExtension>
        </extensions>
      </trkpt>
      <trkpt lat="30.75328362174332141876220703125" lon="108.44545290805399417877197265625">
        <ele>415</ele>
        <time>2026-04-17T10:50:14.000Z</time>
        <extensions>
          <ns3:TrackPointExtension>
            <ns3:hr>138</ns3:hr>
            <ns3:cad>92</ns3:cad>
          </ns3:TrackPointExtension>
        </extensions>
      </trkpt>
      <trkpt lat="30.75328060425817966461181640625" lon="108.4454248286783695220947265625">
        <ele>415</ele>
        <time>2026-04-17T10:50:15.000Z</time>
        <extensions>
          <ns3:TrackPointExtension>
            <ns3:hr>138</ns3:hr>
            <ns3:cad>92</ns3:cad>
          </ns3:TrackPointExtension>
        </extensions>
      </trkpt>
      <trkpt lat="30.75327423401176929473876953125" lon="108.4453953243792057037353515625">
        <ele>414.79998779296875</ele>
        <time>2026-04-17T10:50:16.000Z</time>
        <extensions>
          <ns3:TrackPointExtension>
            <ns3:hr>138</ns3:hr>
            <ns3:cad>93</ns3:cad>
          </ns3:TrackPointExtension>
        </extensions>
      </trkpt>
      <trkpt lat="30.7532645948231220245361328125" lon="108.44537646509706974029541015625">
        <ele>414.79998779296875</ele>
        <time>2026-04-17T10:50:17.000Z</time>
        <extensions>
          <ns3:TrackPointExtension>
            <ns3:hr>139</ns3:hr>
            <ns3:cad>94</ns3:cad>
          </ns3:TrackPointExtension>
        </extensions>
      </trkpt>
      <trkpt lat="30.7532491721212863922119140625" lon="108.44535182230174541473388671875">
        <ele>414.79998779296875</ele>
        <time>2026-04-17T10:50:18.000Z</time>
        <extensions>
          <ns3:TrackPointExtension>
            <ns3:hr>140</ns3:hr>
            <ns3:cad>94</ns3:cad>
          </ns3:TrackPointExtension>
        </extensions>
      </trkpt>
      <trkpt lat="30.7532407902181148529052734375" lon="108.445331119000911712646484375">
        <ele>414.79998779296875</ele>
        <time>2026-04-17T10:50:19.000Z</time>
        <extensions>
          <ns3:TrackPointExtension>
            <ns3:hr>140</ns3:hr>
            <ns3:cad>93</ns3:cad>
          </ns3:TrackPointExtension>
        </extensions>
      </trkpt>
      <trkpt lat="30.7532282173633575439453125" lon="108.44530035741627216339111328125">
        <ele>414.79998779296875</ele>
        <time>2026-04-17T10:50:20.000Z</time>
        <extensions>
          <ns3:TrackPointExtension>
            <ns3:hr>141</ns3:hr>
            <ns3:cad>93</ns3:cad>
          </ns3:TrackPointExtension>
        </extensions>
      </trkpt>
      <trkpt lat="30.75321740470826625823974609375" lon="108.445279486477375030517578125">
        <ele>414.79998779296875</ele>
        <time>2026-04-17T10:50:21.000Z</time>
        <extensions>
          <ns3:TrackPointExtension>
            <ns3:hr>141</ns3:hr>
            <ns3:cad>93</ns3:cad>
          </ns3:TrackPointExtension>
        </extensions>
      </trkpt>
      <trkpt lat="30.753203742206096649169921875" lon="108.4452514909207820892333984375">
        <ele>414.79998779296875</ele>
        <time>2026-04-17T10:50:22.000Z</time>
        <extensions>
          <ns3:TrackPointExtension>
            <ns3:hr>142</ns3:hr>
            <ns3:cad>92</ns3:cad>
          </ns3:TrackPointExtension>
        </extensions>
      </trkpt>
      <trkpt lat="30.75319041498005390167236328125" lon="108.44523430801928043365478515625">
        <ele>414.79998779296875</ele>
        <time>2026-04-17T10:50:23.000Z</time>
        <extensions>
          <ns3:TrackPointExtension>
            <ns3:hr>142</ns3:hr>
            <ns3:cad>92</ns3:cad>
          </ns3:TrackPointExtension>
        </extensions>
      </trkpt>
      <trkpt lat="30.75318421237170696258544921875" lon="108.44520497135818004608154296875">
        <ele>414.79998779296875</ele>
        <time>2026-04-17T10:50:24.000Z</time>
        <extensions>
          <ns3:TrackPointExtension>
            <ns3:hr>143</ns3:hr>
            <ns3:cad>92</ns3:cad>
          </ns3:TrackPointExtension>
        </extensions>
      </trkpt>
      <trkpt lat="30.753174908459186553955078125" lon="108.445182256400585174560546875">
        <ele>414.79998779296875</ele>
        <time>2026-04-17T10:50:25.000Z</time>
        <extensions>
          <ns3:TrackPointExtension>
            <ns3:hr>143</ns3:hr>
            <ns3:cad>93</ns3:cad>
          </ns3:TrackPointExtension>
        </extensions>
      </trkpt>
      <trkpt lat="30.75315923430025577545166015625" lon="108.4451559372246265411376953125">
        <ele>414.79998779296875</ele>
        <time>2026-04-17T10:50:26.000Z</time>
        <extensions>
          <ns3:TrackPointExtension>
            <ns3:hr>143</ns3:hr>
            <ns3:cad>93</ns3:cad>
          </ns3:TrackPointExtension>
        </extensions>
      </trkpt>
      <trkpt lat="30.753144063055515289306640625" lon="108.44513489864766597747802734375">
        <ele>414.79998779296875</ele>
        <time>2026-04-17T10:50:27.000Z</time>
        <extensions>
          <ns3:TrackPointExtension>
            <ns3:hr>143</ns3:hr>
            <ns3:cad>93</ns3:cad>
          </ns3:TrackPointExtension>
        </extensions>
      </trkpt>
      <trkpt lat="30.7531284727156162261962890625" lon="108.445113189518451690673828125">
        <ele>414.79998779296875</ele>
        <time>2026-04-17T10:50:28.000Z</time>
        <extensions>
          <ns3:TrackPointExtension>
            <ns3:hr>143</ns3:hr>
            <ns3:cad>92</ns3:cad>
          </ns3:TrackPointExtension>
        </extensions>
      </trkpt>
      <trkpt lat="30.75309838168323040008544921875" lon="108.44509969465434551239013671875">
        <ele>414.79998779296875</ele>
        <time>2026-04-17T10:50:29.000Z</time>
        <extensions>
          <ns3:TrackPointExtension>
            <ns3:hr>143</ns3:hr>
            <ns3:cad>92</ns3:cad>
          </ns3:TrackPointExtension>
        </extensions>
      </trkpt>
      <trkpt lat="30.75307306833565235137939453125" lon="108.44509433023631572723388671875">
        <ele>414.79998779296875</ele>
        <time>2026-04-17T10:50:30.000Z</time>
        <extensions>
          <ns3:TrackPointExtension>
            <ns3:hr>144</ns3:hr>
            <ns3:cad>92</ns3:cad>
          </ns3:TrackPointExtension>
        </extensions>
      </trkpt>
      <trkpt lat="30.7530446536839008331298828125" lon="108.445099107921123504638671875">
        <ele>414.79998779296875</ele>
        <time>2026-04-17T10:50:31.000Z</time>
        <extensions>
          <ns3:TrackPointExtension>
            <ns3:hr>144</ns3:hr>
            <ns3:cad>92</ns3:cad>
          </ns3:TrackPointExtension>
        </extensions>
      </trkpt>
      <trkpt lat="30.75302763842046260833740234375" lon="108.4451043047010898590087890625">
        <ele>414.79998779296875</ele>
        <time>2026-04-17T10:50:32.000Z</time>
        <extensions>
          <ns3:TrackPointExtension>
            <ns3:hr>144</ns3:hr>
            <ns3:cad>94</ns3:cad>
          </ns3:TrackPointExtension>
        </extensions>
      </trkpt>
      <trkpt lat="30.75300232507288455963134765625" lon="108.44510740600526332855224609375">
        <ele>415</ele>
        <time>2026-04-17T10:50:33.000Z</time>
        <extensions>
          <ns3:TrackPointExtension>
            <ns3:hr>145</ns3:hr>
            <ns3:cad>94</ns3:cad>
          </ns3:TrackPointExtension>
        </extensions>
      </trkpt>
      <trkpt lat="30.7529841363430023193359375" lon="108.44511193223297595977783203125">
        <ele>415</ele>
        <time>2026-04-17T10:50:34.000Z</time>
        <extensions>
          <ns3:TrackPointExtension>
            <ns3:hr>145</ns3:hr>
            <ns3:cad>94</ns3:cad>
          </ns3:TrackPointExtension>
        </extensions>
      </trkpt>
      <trkpt lat="30.75295555405318737030029296875" lon="108.445109836757183074951171875">
        <ele>415</ele>
        <time>2026-04-17T10:50:35.000Z</time>
        <extensions>
          <ns3:TrackPointExtension>
            <ns3:hr>145</ns3:hr>
            <ns3:cad>93</ns3:cad>
          </ns3:TrackPointExtension>
        </extensions>
      </trkpt>
      <trkpt lat="30.7529370300471782684326171875" lon="108.4451150335371494293212890625">
        <ele>415</ele>
        <time>2026-04-17T10:50:36.000Z</time>
        <extensions>
          <ns3:TrackPointExtension>
            <ns3:hr>145</ns3:hr>
            <ns3:cad>93</ns3:cad>
          </ns3:TrackPointExtension>
        </extensions>
      </trkpt>
      <trkpt lat="30.752911381423473358154296875" lon="108.44511176459491252899169921875">
        <ele>415</ele>
        <time>2026-04-17T10:50:37.000Z</time>
        <extensions>
          <ns3:TrackPointExtension>
            <ns3:hr>146</ns3:hr>
            <ns3:cad>93</ns3:cad>
          </ns3:TrackPointExtension>
        </extensions>
      </trkpt>
      <trkpt lat="30.7528927735984325408935546875" lon="108.44511461444199085235595703125">
        <ele>415</ele>
        <time>2026-04-17T10:50:38.000Z</time>
        <extensions>
          <ns3:TrackPointExtension>
            <ns3:hr>146</ns3:hr>
            <ns3:cad>93</ns3:cad>
          </ns3:TrackPointExtension>
        </extensions>
      </trkpt>
      <trkpt lat="30.7528693042695522308349609375" lon="108.44511260278522968292236328125">
        <ele>415</ele>
        <time>2026-04-17T10:50:39.000Z</time>
        <extensions>
          <ns3:TrackPointExtension>
            <ns3:hr>146</ns3:hr>
            <ns3:cad>93</ns3:cad>
          </ns3:TrackPointExtension>
        </extensions>
      </trkpt>
      <trkpt lat="30.75284206308424472808837890625" lon="108.445109836757183074951171875">
        <ele>415</ele>
        <time>2026-04-17T10:50:40.000Z</time>
        <extensions>
          <ns3:TrackPointExtension>
            <ns3:hr>146</ns3:hr>
            <ns3:cad>92</ns3:cad>
          </ns3:TrackPointExtension>
        </extensions>
      </trkpt>
      <trkpt lat="30.7528223656117916107177734375" lon="108.44510824419558048248291015625">
        <ele>415</ele>
        <time>2026-04-17T10:50:41.000Z</time>
        <extensions>
          <ns3:TrackPointExtension>
            <ns3:hr>146</ns3:hr>
            <ns3:cad>92</ns3:cad>
          </ns3:TrackPointExtension>
        </extensions>
      </trkpt>
      <trkpt lat="30.7527962140738964080810546875" lon="108.445109166204929351806640625">
        <ele>415</ele>
        <time>2026-04-17T10:50:42.000Z</time>
        <extensions>
          <ns3:TrackPointExtension>
            <ns3:hr>146</ns3:hr>
            <ns3:cad>92</ns3:cad>
          </ns3:TrackPointExtension>
        </extensions>
      </trkpt>
      <trkpt lat="30.75278255157172679901123046875" lon="108.4451103396713733673095703125">
        <ele>415</ele>
        <time>2026-04-17T10:50:43.000Z</time>
        <extensions>
          <ns3:TrackPointExtension>
            <ns3:hr>146</ns3:hr>
            <ns3:cad>92</ns3:cad>
          </ns3:TrackPointExtension>
        </extensions>
      </trkpt>
      <trkpt lat="30.7527583278715610504150390625" lon="108.44510723836719989776611328125">
        <ele>415</ele>
        <time>2026-04-17T10:50:44.000Z</time>
        <extensions>
          <ns3:TrackPointExtension>
            <ns3:hr>146</ns3:hr>
            <ns3:cad>92</ns3:cad>
          </ns3:TrackPointExtension>
        </extensions>
      </trkpt>
      <trkpt lat="30.7527385465800762176513671875" lon="108.445108830928802490234375">
        <ele>415</ele>
        <time>2026-04-17T10:50:45.000Z</time>
        <extensions>
          <ns3:TrackPointExtension>
            <ns3:hr>147</ns3:hr>
            <ns3:cad>93</ns3:cad>
          </ns3:TrackPointExtension>
        </extensions>
      </trkpt>
      <trkpt lat="30.75271566398441791534423828125" lon="108.445107154548168182373046875">
        <ele>415</ele>
        <time>2026-04-17T10:50:46.000Z</time>
        <extensions>
          <ns3:TrackPointExtension>
            <ns3:hr>146</ns3:hr>
            <ns3:cad>94</ns3:cad>
          </ns3:TrackPointExtension>
        </extensions>
      </trkpt>
      <trkpt lat="30.75269755907356739044189453125" lon="108.44511159695684909820556640625">
        <ele>415</ele>
        <time>2026-04-17T10:50:47.000Z</time>
        <extensions>
          <ns3:TrackPointExtension>
            <ns3:hr>146</ns3:hr>
            <ns3:cad>93</ns3:cad>
          </ns3:TrackPointExtension>
        </extensions>
      </trkpt>
      <trkpt lat="30.75267157517373561859130859375" lon="108.44510874710977077484130859375">
        <ele>415</ele>
        <time>2026-04-17T10:50:48.000Z</time>
        <extensions>
          <ns3:TrackPointExtension>
            <ns3:hr>147</ns3:hr>
            <ns3:cad>94</ns3:cad>
          </ns3:TrackPointExtension>
        </extensions>
      </trkpt>
      <trkpt lat="30.7526517100632190704345703125" lon="108.4451100043952465057373046875">
        <ele>415</ele>
        <time>2026-04-17T10:50:49.000Z</time>
        <extensions>
          <ns3:TrackPointExtension>
            <ns3:hr>147</ns3:hr>
            <ns3:cad>94</ns3:cad>
          </ns3:TrackPointExtension>
        </extensions>
      </trkpt>
      <trkpt lat="30.7526292465627193450927734375" lon="108.4451066516339778900146484375">
        <ele>415</ele>
        <time>2026-04-17T10:50:50.000Z</time>
        <extensions>
          <ns3:TrackPointExtension>
            <ns3:hr>148</ns3:hr>
            <ns3:cad>94</ns3:cad>
          </ns3:TrackPointExtension>
        </extensions>
      </trkpt>
      <trkpt lat="30.7526041008532047271728515625" lon="108.44510690309107303619384765625">
        <ele>414.79998779296875</ele>
        <time>2026-04-17T10:50:51.000Z</time>
        <extensions>
          <ns3:TrackPointExtension>
            <ns3:hr>149</ns3:hr>
            <ns3:cad>94</ns3:cad>
          </ns3:TrackPointExtension>
        </extensions>
      </trkpt>
      <trkpt lat="30.75258515775203704833984375" lon="108.4451032988727092742919921875">
        <ele>414.79998779296875</ele>
        <time>2026-04-17T10:50:52.000Z</time>
        <extensions>
          <ns3:TrackPointExtension>
            <ns3:hr>150</ns3:hr>
            <ns3:cad>93</ns3:cad>
          </ns3:TrackPointExtension>
        </extensions>
      </trkpt>
      <trkpt lat="30.75256411917507648468017578125" lon="108.44510438852012157440185546875">
        <ele>415</ele>
        <time>2026-04-17T10:50:53.000Z</time>
        <extensions>
          <ns3:TrackPointExtension>
            <ns3:hr>150</ns3:hr>
            <ns3:cad>92</ns3:cad>
          </ns3:TrackPointExtension>
        </extensions>
      </trkpt>
      <trkpt lat="30.75255003757774829864501953125" lon="108.44510740600526332855224609375">
        <ele>414.79998779296875</ele>
        <time>2026-04-17T10:50:54.000Z</time>
        <extensions>
          <ns3:TrackPointExtension>
            <ns3:hr>151</ns3:hr>
            <ns3:cad>91</ns3:cad>
          </ns3:TrackPointExtension>
        </extensions>
      </trkpt>
      <trkpt lat="30.75252288021147251129150390625" lon="108.44510723836719989776611328125">
        <ele>415</ele>
        <time>2026-04-17T10:50:55.000Z</time>
        <extensions>
          <ns3:TrackPointExtension>
            <ns3:hr>152</ns3:hr>
            <ns3:cad>91</ns3:cad>
          </ns3:TrackPointExtension>
        </extensions>
      </trkpt>
      <trkpt lat="30.752503685653209686279296875" lon="108.4451120160520076751708984375">
        <ele>414.79998779296875</ele>
        <time>2026-04-17T10:50:56.000Z</time>
        <extensions>
          <ns3:TrackPointExtension>
            <ns3:hr>152</ns3:hr>
            <ns3:cad>93</ns3:cad>
          </ns3:TrackPointExtension>
        </extensions>
      </trkpt>
      <trkpt lat="30.7524726726114749908447265625" lon="108.44510925002396106719970703125">
        <ele>414.79998779296875</ele>
        <time>2026-04-17T10:50:57.000Z</time>
        <extensions>
          <ns3:TrackPointExtension>
            <ns3:hr>152</ns3:hr>
            <ns3:cad>93</ns3:cad>
          </ns3:TrackPointExtension>
        </extensions>
      </trkpt>
      <trkpt lat="30.75245163403451442718505859375" lon="108.4451116807758808135986328125">
        <ele>414.79998779296875</ele>
        <time>2026-04-17T10:50:58.000Z</time>
        <extensions>
          <ns3:TrackPointExtension>
            <ns3:hr>151</ns3:hr>
            <ns3:cad>93</ns3:cad>
          </ns3:TrackPointExtension>
        </extensions>
      </trkpt>
      <trkpt lat="30.75242397375404834747314453125" lon="108.445107154548168182373046875">
        <ele>414.79998779296875</ele>
        <time>2026-04-17T10:50:59.000Z</time>
        <extensions>
          <ns3:TrackPointExtension>
            <ns3:hr>151</ns3:hr>
            <ns3:cad>93</ns3:cad>
          </ns3:TrackPointExtension>
        </extensions>
      </trkpt>
      <trkpt lat="30.752397738397121429443359375" lon="108.44510790891945362091064453125">
        <ele>414.79998779296875</ele>
        <time>2026-04-17T10:51:00.000Z</time>
        <extensions>
          <ns3:TrackPointExtension>
            <ns3:hr>150</ns3:hr>
            <ns3:cad>92</ns3:cad>
          </ns3:TrackPointExtension>
        </extensions>
      </trkpt>
      <trkpt lat="30.75236999429762363433837890625" lon="108.44510304741561412811279296875">
        <ele>414.79998779296875</ele>
        <time>2026-04-17T10:51:01.000Z</time>
        <extensions>
          <ns3:TrackPointExtension>
            <ns3:hr>150</ns3:hr>
            <ns3:cad>92</ns3:cad>
          </ns3:TrackPointExtension>
        </extensions>
      </trkpt>
      <trkpt lat="30.75234501622617244720458984375" lon="108.4451039694249629974365234375">
        <ele>414.79998779296875</ele>
        <time>2026-04-17T10:51:02.000Z</time>
        <extensions>
          <ns3:TrackPointExtension>
            <ns3:hr>149</ns3:hr>
            <ns3:cad>92</ns3:cad>
          </ns3:TrackPointExtension>
        </extensions>
      </trkpt>
      <trkpt lat="30.75232137925922870635986328125" lon="108.4451032988727092742919921875">
        <ele>415</ele>
        <time>2026-04-17T10:51:03.000Z</time>
        <extensions>
          <ns3:TrackPointExtension>
            <ns3:hr>148</ns3:hr>
            <ns3:cad>93</ns3:cad>
          </ns3:TrackPointExtension>
        </extensions>
      </trkpt>
      <trkpt lat="30.75230008922517299652099609375" lon="108.44510572962462902069091796875">
        <ele>415</ele>
        <time>2026-04-17T10:51:04.000Z</time>
        <extensions>
          <ns3:TrackPointExtension>
            <ns3:hr>148</ns3:hr>
            <ns3:cad>93</ns3:cad>
          </ns3:TrackPointExtension>
        </extensions>
      </trkpt>
      <trkpt lat="30.75227494351565837860107421875" lon="108.445112518966197967529296875">
        <ele>415</ele>
        <time>2026-04-17T10:51:05.000Z</time>
        <extensions>
          <ns3:TrackPointExtension>
            <ns3:hr>148</ns3:hr>
            <ns3:cad>93</ns3:cad>
          </ns3:TrackPointExtension>
        </extensions>
      </trkpt>
      <trkpt lat="30.75224728323519229888916015625" lon="108.44511344097554683685302734375">
        <ele>415.20001220703125</ele>
        <time>2026-04-17T10:51:06.000Z</time>
        <extensions>
          <ns3:TrackPointExtension>
            <ns3:hr>148</ns3:hr>
            <ns3:cad>93</ns3:cad>
          </ns3:TrackPointExtension>
        </extensions>
      </trkpt>
      <trkpt lat="30.7522272504866123199462890625" lon="108.44511511735618114471435546875">
        <ele>415.20001220703125</ele>
        <time>2026-04-17T10:51:07.000Z</time>
        <extensions>
          <ns3:TrackPointExtension>
            <ns3:hr>148</ns3:hr>
            <ns3:cad>91</ns3:cad>
          </ns3:TrackPointExtension>
        </extensions>
      </trkpt>
      <trkpt lat="30.7522022724151611328125" lon="108.44510807655751705169677734375">
        <ele>415.20001220703125</ele>
        <time>2026-04-17T10:51:08.000Z</time>
        <extensions>
          <ns3:TrackPointExtension>
            <ns3:hr>149</ns3:hr>
            <ns3:cad>91</ns3:cad>
          </ns3:TrackPointExtension>
        </extensions>
      </trkpt>
      <trkpt lat="30.752184502780437469482421875" lon="108.44511142931878566741943359375">
        <ele>415.20001220703125</ele>
        <time>2026-04-17T10:51:09.000Z</time>
        <extensions>
          <ns3:TrackPointExtension>
            <ns3:hr>149</ns3:hr>
            <ns3:cad>91</ns3:cad>
          </ns3:TrackPointExtension>
        </extensions>
      </trkpt>
      <trkpt lat="30.7521606981754302978515625" lon="108.4451100043952465057373046875">
        <ele>415</ele>
        <time>2026-04-17T10:51:10.000Z</time>
        <extensions>
          <ns3:TrackPointExtension>
            <ns3:hr>149</ns3:hr>
            <ns3:cad>92</ns3:cad>
          </ns3:TrackPointExtension>
        </extensions>
      </trkpt>
      <trkpt lat="30.752138905227184295654296875" lon="108.4451120160520076751708984375">
        <ele>414.79998779296875</ele>
        <time>2026-04-17T10:51:11.000Z</time>
        <extensions>
          <ns3:TrackPointExtension>
            <ns3:hr>149</ns3:hr>
            <ns3:cad>94</ns3:cad>
          </ns3:TrackPointExtension>
        </extensions>
      </trkpt>
      <trkpt lat="30.752119123935699462890625" lon="108.4451123513281345367431640625">
        <ele>414.79998779296875</ele>
        <time>2026-04-17T10:51:12.000Z</time>
        <extensions>
          <ns3:TrackPointExtension>
            <ns3:hr>148</ns3:hr>
            <ns3:cad>94</ns3:cad>
          </ns3:TrackPointExtension>
        </extensions>
      </trkpt>
      <trkpt lat="30.7520949840545654296875" lon="108.445114195346832275390625">
        <ele>414.79998779296875</ele>
        <time>2026-04-17T10:51:13.000Z</time>
        <extensions>
          <ns3:TrackPointExtension>
            <ns3:hr>149</ns3:hr>
            <ns3:cad>94</ns3:cad>
          </ns3:TrackPointExtension>
        </extensions>
      </trkpt>
      <trkpt lat="30.7520775496959686279296875" lon="108.44511612318456172943115234375">
        <ele>414.79998779296875</ele>
        <time>2026-04-17T10:51:14.000Z</time>
        <extensions>
          <ns3:TrackPointExtension>
            <ns3:hr>149</ns3:hr>
            <ns3:cad>92</ns3:cad>
          </ns3:TrackPointExtension>
        </extensions>
      </trkpt>
      <trkpt lat="30.75204611755907535552978515625" lon="108.44512023031711578369140625">
        <ele>414.79998779296875</ele>
        <time>2026-04-17T10:51:15.000Z</time>
        <extensions>
          <ns3:TrackPointExtension>
            <ns3:hr>149</ns3:hr>
            <ns3:cad>92</ns3:cad>
          </ns3:TrackPointExtension>
        </extensions>
      </trkpt>
      <trkpt lat="30.75202725827693939208984375" lon="108.44512291252613067626953125">
        <ele>414.79998779296875</ele>
        <time>2026-04-17T10:51:16.000Z</time>
        <extensions>
          <ns3:TrackPointExtension>
            <ns3:hr>150</ns3:hr>
            <ns3:cad>92</ns3:cad>
          </ns3:TrackPointExtension>
        </extensions>
      </trkpt>
      <trkpt lat="30.75199884362518787384033203125" lon="108.44512601383030414581298828125">
        <ele>414.79998779296875</ele>
        <time>2026-04-17T10:51:17.000Z</time>
        <extensions>
          <ns3:TrackPointExtension>
            <ns3:hr>150</ns3:hr>
            <ns3:cad>92</ns3:cad>
          </ns3:TrackPointExtension>
        </extensions>
      </trkpt>
      <trkpt lat="30.75198224745690822601318359375" lon="108.44513632357120513916015625">
        <ele>414.79998779296875</ele>
        <time>2026-04-17T10:51:18.000Z</time>
        <extensions>
          <ns3:TrackPointExtension>
            <ns3:hr>150</ns3:hr>
            <ns3:cad>93</ns3:cad>
          </ns3:TrackPointExtension>
        </extensions>
      </trkpt>
      <trkpt lat="30.75195391662418842315673828125" lon="108.44514177180826663970947265625">
        <ele>414.79998779296875</ele>
        <time>2026-04-17T10:51:19.000Z</time>
        <extensions>
          <ns3:TrackPointExtension>
            <ns3:hr>149</ns3:hr>
            <ns3:cad>93</ns3:cad>
          </ns3:TrackPointExtension>
        </extensions>
      </trkpt>
      <trkpt lat="30.75193061493337154388427734375" lon="108.4451499022543430328369140625">
        <ele>414.79998779296875</ele>
        <time>2026-04-17T10:51:20.000Z</time>
        <extensions>
          <ns3:TrackPointExtension>
            <ns3:hr>149</ns3:hr>
            <ns3:cad>92</ns3:cad>
          </ns3:TrackPointExtension>
        </extensions>
      </trkpt>
      <trkpt lat="30.75190597213804721832275390625" lon="108.445151746273040771484375">
        <ele>414.79998779296875</ele>
        <time>2026-04-17T10:51:21.000Z</time>
        <extensions>
          <ns3:TrackPointExtension>
            <ns3:hr>149</ns3:hr>
            <ns3:cad>92</ns3:cad>
          </ns3:TrackPointExtension>
        </extensions>
      </trkpt>
      <trkpt lat="30.7518822513520717620849609375" lon="108.445156104862689971923828125">
        <ele>414.79998779296875</ele>
        <time>2026-04-17T10:51:22.000Z</time>
        <extensions>
          <ns3:TrackPointExtension>
            <ns3:hr>148</ns3:hr>
            <ns3:cad>92</ns3:cad>
          </ns3:TrackPointExtension>
        </extensions>
      </trkpt>
      <trkpt lat="30.7518589496612548828125" lon="108.44516457058489322662353515625">
        <ele>414.79998779296875</ele>
        <time>2026-04-17T10:51:23.000Z</time>
        <extensions>
          <ns3:TrackPointExtension>
            <ns3:hr>148</ns3:hr>
            <ns3:cad>93</ns3:cad>
          </ns3:TrackPointExtension>
        </extensions>
      </trkpt>
      <trkpt lat="30.751834809780120849609375" lon="108.44518200494349002838134765625">
        <ele>415</ele>
        <time>2026-04-17T10:51:24.000Z</time>
        <extensions>
          <ns3:TrackPointExtension>
            <ns3:hr>148</ns3:hr>
            <ns3:cad>94</ns3:cad>
          </ns3:TrackPointExtension>
        </extensions>
      </trkpt>
      <trkpt lat="30.7518182136118412017822265625" lon="108.44519793055951595306396484375">
        <ele>415</ele>
        <time>2026-04-17T10:51:25.000Z</time>
        <extensions>
          <ns3:TrackPointExtension>
            <ns3:hr>147</ns3:hr>
            <ns3:cad>94</ns3:cad>
          </ns3:TrackPointExtension>
        </extensions>
      </trkpt>
      <trkpt lat="30.751794241368770599365234375" lon="108.44521620310842990875244140625">
        <ele>415</ele>
        <time>2026-04-17T10:51:26.000Z</time>
        <extensions>
          <ns3:TrackPointExtension>
            <ns3:hr>147</ns3:hr>
            <ns3:cad>94</ns3:cad>
          </ns3:TrackPointExtension>
        </extensions>
      </trkpt>
      <trkpt lat="30.7517793215811252593994140625" lon="108.44523263163864612579345703125">
        <ele>415</ele>
        <time>2026-04-17T10:51:27.000Z</time>
        <extensions>
          <ns3:TrackPointExtension>
            <ns3:hr>146</ns3:hr>
            <ns3:cad>94</ns3:cad>
          </ns3:TrackPointExtension>
        </extensions>
      </trkpt>
      <trkpt lat="30.7517556846141815185546875" lon="108.4452535025775432586669921875">
        <ele>415</ele>
        <time>2026-04-17T10:51:28.000Z</time>
        <extensions>
          <ns3:TrackPointExtension>
            <ns3:hr>146</ns3:hr>
            <ns3:cad>91</ns3:cad>
          </ns3:TrackPointExtension>
        </extensions>
      </trkpt>
      <trkpt lat="30.75174688361585140228271484375" lon="108.445269763469696044921875">
        <ele>415</ele>
        <time>2026-04-17T10:51:29.000Z</time>
        <extensions>
          <ns3:TrackPointExtension>
            <ns3:hr>146</ns3:hr>
            <ns3:cad>91</ns3:cad>
          </ns3:TrackPointExtension>
        </extensions>
      </trkpt>
      <trkpt lat="30.751727856695652008056640625" lon="108.4452873654663562774658203125">
        <ele>415</ele>
        <time>2026-04-17T10:51:30.000Z</time>
        <extensions>
          <ns3:TrackPointExtension>
            <ns3:hr>145</ns3:hr>
            <ns3:cad>92</ns3:cad>
          </ns3:TrackPointExtension>
        </extensions>
      </trkpt>
      <trkpt lat="30.7517162896692752838134765625" lon="108.44530538655817508697509765625">
        <ele>415</ele>
        <time>2026-04-17T10:51:31.000Z</time>
        <extensions>
          <ns3:TrackPointExtension>
            <ns3:hr>146</ns3:hr>
            <ns3:cad>93</ns3:cad>
          </ns3:TrackPointExtension>
        </extensions>
      </trkpt>
      <trkpt lat="30.75169810093939304351806640625" lon="108.44532215036451816558837890625">
        <ele>415</ele>
        <time>2026-04-17T10:51:32.000Z</time>
        <extensions>
          <ns3:TrackPointExtension>
            <ns3:hr>146</ns3:hr>
            <ns3:cad>93</ns3:cad>
          </ns3:TrackPointExtension>
        </extensions>
      </trkpt>
      <trkpt lat="30.75168502517044544219970703125" lon="108.44534712843596935272216796875">
        <ele>415</ele>
        <time>2026-04-17T10:51:33.000Z</time>
        <extensions>
          <ns3:TrackPointExtension>
            <ns3:hr>146</ns3:hr>
            <ns3:cad>92</ns3:cad>
          </ns3:TrackPointExtension>
        </extensions>
      </trkpt>
      <trkpt lat="30.75167446397244930267333984375" lon="108.44536774791777133941650390625">
        <ele>414.79998779296875</ele>
        <time>2026-04-17T10:51:34.000Z</time>
        <extensions>
          <ns3:TrackPointExtension>
            <ns3:hr>145</ns3:hr>
            <ns3:cad>92</ns3:cad>
          </ns3:TrackPointExtension>
        </extensions>
      </trkpt>
      <trkpt lat="30.7516616396605968475341796875" lon="108.4453939832746982574462890625">
        <ele>414.79998779296875</ele>
        <time>2026-04-17T10:51:35.000Z</time>
        <extensions>
          <ns3:TrackPointExtension>
            <ns3:hr>146</ns3:hr>
            <ns3:cad>92</ns3:cad>
          </ns3:TrackPointExtension>
        </extensions>
      </trkpt>
      <trkpt lat="30.7516519166529178619384765625" lon="108.44541368074715137481689453125">
        <ele>414.79998779296875</ele>
        <time>2026-04-17T10:51:36.000Z</time>
        <extensions>
          <ns3:TrackPointExtension>
            <ns3:hr>146</ns3:hr>
            <ns3:cad>92</ns3:cad>
          </ns3:TrackPointExtension>
        </extensions>
      </trkpt>
      <trkpt lat="30.751636326313018798828125" lon="108.44544083811342716217041015625">
        <ele>414.79998779296875</ele>
        <time>2026-04-17T10:51:37.000Z</time>
        <extensions>
          <ns3:TrackPointExtension>
            <ns3:hr>146</ns3:hr>
            <ns3:cad>93</ns3:cad>
          </ns3:TrackPointExtension>
        </extensions>
      </trkpt>
      <trkpt lat="30.75162936933338642120361328125" lon="108.44546430744230747222900390625">
        <ele>414.79998779296875</ele>
        <time>2026-04-17T10:51:38.000Z</time>
        <extensions>
          <ns3:TrackPointExtension>
            <ns3:hr>146</ns3:hr>
            <ns3:cad>93</ns3:cad>
          </ns3:TrackPointExtension>
        </extensions>
      </trkpt>
      <trkpt lat="30.7516162097454071044921875" lon="108.44548995606601238250732421875">
        <ele>414.79998779296875</ele>
        <time>2026-04-17T10:51:39.000Z</time>
        <extensions>
          <ns3:TrackPointExtension>
            <ns3:hr>145</ns3:hr>
            <ns3:cad>94</ns3:cad>
          </ns3:TrackPointExtension>
        </extensions>
      </trkpt>
      <trkpt lat="30.75161017477512359619140625" lon="108.4455151855945587158203125">
        <ele>414.79998779296875</ele>
        <time>2026-04-17T10:51:40.000Z</time>
        <extensions>
          <ns3:TrackPointExtension>
            <ns3:hr>145</ns3:hr>
            <ns3:cad>94</ns3:cad>
          </ns3:TrackPointExtension>
        </extensions>
      </trkpt>
      <trkpt lat="30.751598775386810302734375" lon="108.44553865492343902587890625">
        <ele>414.79998779296875</ele>
        <time>2026-04-17T10:51:41.000Z</time>
        <extensions>
          <ns3:TrackPointExtension>
            <ns3:hr>145</ns3:hr>
            <ns3:cad>94</ns3:cad>
          </ns3:TrackPointExtension>
        </extensions>
      </trkpt>
      <trkpt lat="30.751595757901668548583984375" lon="108.44556539319455623626708984375">
        <ele>414.79998779296875</ele>
        <time>2026-04-17T10:51:42.000Z</time>
        <extensions>
          <ns3:TrackPointExtension>
            <ns3:hr>145</ns3:hr>
            <ns3:cad>94</ns3:cad>
          </ns3:TrackPointExtension>
        </extensions>
      </trkpt>
      <trkpt lat="30.75159098021686077117919921875" lon="108.4455894492566585540771484375">
        <ele>414.79998779296875</ele>
        <time>2026-04-17T10:51:43.000Z</time>
        <extensions>
          <ns3:TrackPointExtension>
            <ns3:hr>144</ns3:hr>
            <ns3:cad>92</ns3:cad>
          </ns3:TrackPointExtension>
        </extensions>
      </trkpt>
      <trkpt lat="30.75159600935876369476318359375" lon="108.44561903737485408782958984375">
        <ele>414.79998779296875</ele>
        <time>2026-04-17T10:51:44.000Z</time>
        <extensions>
          <ns3:TrackPointExtension>
            <ns3:hr>145</ns3:hr>
            <ns3:cad>92</ns3:cad>
          </ns3:TrackPointExtension>
        </extensions>
      </trkpt>
      <trkpt lat="30.75159802101552486419677734375" lon="108.44564686529338359832763671875">
        <ele>414.79998779296875</ele>
        <time>2026-04-17T10:51:45.000Z</time>
        <extensions>
          <ns3:TrackPointExtension>
            <ns3:hr>145</ns3:hr>
            <ns3:cad>93</ns3:cad>
          </ns3:TrackPointExtension>
        </extensions>
      </trkpt>
      <trkpt lat="30.75159885920584201812744140625" lon="108.44567905180156230926513671875">
        <ele>414.79998779296875</ele>
        <time>2026-04-17T10:51:46.000Z</time>
        <extensions>
          <ns3:TrackPointExtension>
            <ns3:hr>144</ns3:hr>
            <ns3:cad>93</ns3:cad>
          </ns3:TrackPointExtension>
        </extensions>
      </trkpt>
      <trkpt lat="30.751600451767444610595703125" lon="108.44570151530206203460693359375">
        <ele>414.79998779296875</ele>
        <time>2026-04-17T10:51:47.000Z</time>
        <extensions>
          <ns3:TrackPointExtension>
            <ns3:hr>145</ns3:hr>
            <ns3:cad>92</ns3:cad>
          </ns3:TrackPointExtension>
        </extensions>
      </trkpt>
      <trkpt lat="30.75159969739615917205810546875" lon="108.44572967849671840667724609375">
        <ele>414.79998779296875</ele>
        <time>2026-04-17T10:51:48.000Z</time>
        <extensions>
          <ns3:TrackPointExtension>
            <ns3:hr>146</ns3:hr>
            <ns3:cad>92</ns3:cad>
          </ns3:TrackPointExtension>
        </extensions>
      </trkpt>
      <trkpt lat="30.75160908512771129608154296875" lon="108.44574912451207637786865234375">
        <ele>414.79998779296875</ele>
        <time>2026-04-17T10:51:49.000Z</time>
        <extensions>
          <ns3:TrackPointExtension>
            <ns3:hr>147</ns3:hr>
            <ns3:cad>92</ns3:cad>
          </ns3:TrackPointExtension>
        </extensions>
      </trkpt>
      <trkpt lat="30.75160908512771129608154296875" lon="108.445779047906398773193359375">
        <ele>414.79998779296875</ele>
        <time>2026-04-17T10:51:50.000Z</time>
        <extensions>
          <ns3:TrackPointExtension>
            <ns3:hr>148</ns3:hr>
            <ns3:cad>92</ns3:cad>
          </ns3:TrackPointExtension>
        </extensions>
      </trkpt>
      <trkpt lat="30.75161822140216827392578125" lon="108.44580209814012050628662109375">
        <ele>414.79998779296875</ele>
        <time>2026-04-17T10:51:51.000Z</time>
        <extensions>
          <ns3:TrackPointExtension>
            <ns3:hr>149</ns3:hr>
            <ns3:cad>92</ns3:cad>
          </ns3:TrackPointExtension>
        </extensions>
      </trkpt>
      <trkpt lat="30.75162283144891262054443359375" lon="108.44582498073577880859375">
        <ele>414.79998779296875</ele>
        <time>2026-04-17T10:51:52.000Z</time>
        <extensions>
          <ns3:TrackPointExtension>
            <ns3:hr>149</ns3:hr>
            <ns3:cad>93</ns3:cad>
          </ns3:TrackPointExtension>
        </extensions>
      </trkpt>
      <trkpt lat="30.75163540430366992950439453125" lon="108.445854820311069488525390625">
        <ele>414.79998779296875</ele>
        <time>2026-04-17T10:51:53.000Z</time>
        <extensions>
          <ns3:TrackPointExtension>
            <ns3:hr>149</ns3:hr>
            <ns3:cad>93</ns3:cad>
          </ns3:TrackPointExtension>
        </extensions>
      </trkpt>
      <trkpt lat="30.75164261274039745330810546875" lon="108.44587854109704494476318359375">
        <ele>414.79998779296875</ele>
        <time>2026-04-17T10:51:54.000Z</time>
        <extensions>
          <ns3:TrackPointExtension>
            <ns3:hr>150</ns3:hr>
            <ns3:cad>93</ns3:cad>
          </ns3:TrackPointExtension>
        </extensions>
      </trkpt>
      <trkpt lat="30.75165820308029651641845703125" lon="108.4459089674055576324462890625">
        <ele>414.79998779296875</ele>
        <time>2026-04-17T10:51:55.000Z</time>
        <extensions>
          <ns3:TrackPointExtension>
            <ns3:hr>149</ns3:hr>
            <ns3:cad>92</ns3:cad>
          </ns3:TrackPointExtension>
        </extensions>
      </trkpt>
      <trkpt lat="30.75166909955441951751708984375" lon="108.445930592715740203857421875">
        <ele>414.79998779296875</ele>
        <time>2026-04-17T10:51:56.000Z</time>
        <extensions>
          <ns3:TrackPointExtension>
            <ns3:hr>149</ns3:hr>
            <ns3:cad>92</ns3:cad>
          </ns3:TrackPointExtension>
        </extensions>
      </trkpt>
      <trkpt lat="30.75168100185692310333251953125" lon="108.4459575824439525604248046875">
        <ele>414.79998779296875</ele>
        <time>2026-04-17T10:51:57.000Z</time>
        <extensions>
          <ns3:TrackPointExtension>
            <ns3:hr>149</ns3:hr>
            <ns3:cad>92</ns3:cad>
          </ns3:TrackPointExtension>
        </extensions>
      </trkpt>
      <trkpt lat="30.75169458054006099700927734375" lon="108.44597426243126392364501953125">
        <ele>414.79998779296875</ele>
        <time>2026-04-17T10:51:58.000Z</time>
        <extensions>
          <ns3:TrackPointExtension>
            <ns3:hr>148</ns3:hr>
            <ns3:cad>93</ns3:cad>
          </ns3:TrackPointExtension>
        </extensions>
      </trkpt>
      <trkpt lat="30.7517105899751186370849609375" lon="108.44600309617817401885986328125">
        <ele>414.79998779296875</ele>
        <time>2026-04-17T10:51:59.000Z</time>
        <extensions>
          <ns3:TrackPointExtension>
            <ns3:hr>148</ns3:hr>
            <ns3:cad>93</ns3:cad>
          </ns3:TrackPointExtension>
        </extensions>
      </trkpt>
      <trkpt lat="30.751730538904666900634765625" lon="108.44601633958518505096435546875">
        <ele>414.79998779296875</ele>
        <time>2026-04-17T10:52:00.000Z</time>
        <extensions>
          <ns3:TrackPointExtension>
            <ns3:hr>148</ns3:hr>
            <ns3:cad>93</ns3:cad>
          </ns3:TrackPointExtension>
        </extensions>
      </trkpt>
      <trkpt lat="30.7517464645206928253173828125" lon="108.44603528268635272979736328125">
        <ele>414.79998779296875</ele>
        <time>2026-04-17T10:52:01.000Z</time>
        <extensions>
          <ns3:TrackPointExtension>
            <ns3:hr>148</ns3:hr>
            <ns3:cad>93</ns3:cad>
          </ns3:TrackPointExtension>
        </extensions>
      </trkpt>
      <trkpt lat="30.75176783837378025054931640625" lon="108.44604902900755405426025390625">
        <ele>414.79998779296875</ele>
        <time>2026-04-17T10:52:02.000Z</time>
        <extensions>
          <ns3:TrackPointExtension>
            <ns3:hr>149</ns3:hr>
            <ns3:cad>94</ns3:cad>
          </ns3:TrackPointExtension>
        </extensions>
      </trkpt>
      <trkpt lat="30.7517825067043304443359375" lon="108.44606562517583370208740234375">
        <ele>414.79998779296875</ele>
        <time>2026-04-17T10:52:03.000Z</time>
        <extensions>
          <ns3:TrackPointExtension>
            <ns3:hr>149</ns3:hr>
            <ns3:cad>94</ns3:cad>
          </ns3:TrackPointExtension>
        </extensions>
      </trkpt>
      <trkpt lat="30.7518031261861324310302734375" lon="108.446082137525081634521484375">
        <ele>414.79998779296875</ele>
        <time>2026-04-17T10:52:04.000Z</time>
        <extensions>
          <ns3:TrackPointExtension>
            <ns3:hr>149</ns3:hr>
            <ns3:cad>92</ns3:cad>
          </ns3:TrackPointExtension>
        </extensions>
      </trkpt>
      <trkpt lat="30.751822404563426971435546875" lon="108.446094207465648651123046875">
        <ele>414.79998779296875</ele>
        <time>2026-04-17T10:52:05.000Z</time>
        <extensions>
          <ns3:TrackPointExtension>
            <ns3:hr>149</ns3:hr>
            <ns3:cad>92</ns3:cad>
          </ns3:TrackPointExtension>
        </extensions>
      </trkpt>
      <trkpt lat="30.751848556101322174072265625" lon="108.4461074508726596832275390625">
        <ele>414.79998779296875</ele>
        <time>2026-04-17T10:52:06.000Z</time>
        <extensions>
          <ns3:TrackPointExtension>
            <ns3:hr>148</ns3:hr>
            <ns3:cad>92</ns3:cad>
          </ns3:TrackPointExtension>
        </extensions>
      </trkpt>
      <trkpt lat="30.75187026523053646087646484375" lon="108.44611139036715030670166015625">
        <ele>414.79998779296875</ele>
        <time>2026-04-17T10:52:07.000Z</time>
        <extensions>
          <ns3:TrackPointExtension>
            <ns3:hr>149</ns3:hr>
            <ns3:cad>93</ns3:cad>
          </ns3:TrackPointExtension>
        </extensions>
      </trkpt>
      <trkpt lat="30.7518856041133403778076171875" lon="108.4461349435150623321533203125">
        <ele>414.79998779296875</ele>
        <time>2026-04-17T10:52:08.000Z</time>
        <extensions>
          <ns3:TrackPointExtension>
            <ns3:hr>149</ns3:hr>
            <ns3:cad>93</ns3:cad>
          </ns3:TrackPointExtension>
        </extensions>
      </trkpt>
      <trkpt lat="30.75191183947026729583740234375" lon="108.4461463429033756256103515625">
        <ele>414.79998779296875</ele>
        <time>2026-04-17T10:52:09.000Z</time>
        <extensions>
          <ns3:TrackPointExtension>
            <ns3:hr>149</ns3:hr>
            <ns3:cad>94</ns3:cad>
          </ns3:TrackPointExtension>
        </extensions>
      </trkpt>
      <trkpt lat="30.751939080655574798583984375" lon="108.44615698792040348052978515625">
        <ele>414.79998779296875</ele>
        <time>2026-04-17T10:52:10.000Z</time>
        <extensions>
          <ns3:TrackPointExtension>
            <ns3:hr>148</ns3:hr>
            <ns3:cad>93</ns3:cad>
          </ns3:TrackPointExtension>
        </extensions>
      </trkpt>
      <trkpt lat="30.751964561641216278076171875" lon="108.44616092741489410400390625">
        <ele>414.79998779296875</ele>
        <time>2026-04-17T10:52:11.000Z</time>
        <extensions>
          <ns3:TrackPointExtension>
            <ns3:hr>149</ns3:hr>
            <ns3:cad>93</ns3:cad>
          </ns3:TrackPointExtension>
        </extensions>
      </trkpt>
      <trkpt lat="30.75198434293270111083984375" lon="108.44616620801389217376708984375">
        <ele>414.79998779296875</ele>
        <time>2026-04-17T10:52:12.000Z</time>
        <extensions>
          <ns3:TrackPointExtension>
            <ns3:hr>149</ns3:hr>
            <ns3:cad>91</ns3:cad>
          </ns3:TrackPointExtension>
        </extensions>
      </trkpt>
      <trkpt lat="30.752006471157073974609375" lon="108.4461654536426067352294921875">
        <ele>414.79998779296875</ele>
        <time>2026-04-17T10:52:13.000Z</time>
        <extensions>
          <ns3:TrackPointExtension>
            <ns3:hr>149</ns3:hr>
            <ns3:cad>91</ns3:cad>
          </ns3:TrackPointExtension>
        </extensions>
      </trkpt>
      <trkpt lat="30.7520213909447193145751953125" lon="108.44616805203258991241455078125">
        <ele>414.79998779296875</ele>
        <time>2026-04-17T10:52:14.000Z</time>
        <extensions>
          <ns3:TrackPointExtension>
            <ns3:hr>149</ns3:hr>
            <ns3:cad>92</ns3:cad>
          </ns3:TrackPointExtension>
        </extensions>
      </trkpt>
      <trkpt lat="30.7520455308258533477783203125" lon="108.446167297661304473876953125">
        <ele>414.79998779296875</ele>
        <time>2026-04-17T10:52:15.000Z</time>
        <extensions>
          <ns3:TrackPointExtension>
            <ns3:hr>149</ns3:hr>
            <ns3:cad>94</ns3:cad>
          </ns3:TrackPointExtension>
        </extensions>
      </trkpt>
      <trkpt lat="30.75206187553703784942626953125" lon="108.44616386108100414276123046875">
        <ele>414.79998779296875</ele>
        <time>2026-04-17T10:52:16.000Z</time>
        <extensions>
          <ns3:TrackPointExtension>
            <ns3:hr>149</ns3:hr>
            <ns3:cad>94</ns3:cad>
          </ns3:TrackPointExtension>
        </extensions>
      </trkpt>
      <trkpt lat="30.752089954912662506103515625" lon="108.4461657889187335968017578125">
        <ele>414.79998779296875</ele>
        <time>2026-04-17T10:52:17.000Z</time>
        <extensions>
          <ns3:TrackPointExtension>
            <ns3:hr>148</ns3:hr>
            <ns3:cad>94</ns3:cad>
          </ns3:TrackPointExtension>
        </extensions>
      </trkpt>
      <trkpt lat="30.75211065821349620819091796875" lon="108.446162603795528411865234375">
        <ele>414.79998779296875</ele>
        <time>2026-04-17T10:52:18.000Z</time>
        <extensions>
          <ns3:TrackPointExtension>
            <ns3:hr>148</ns3:hr>
            <ns3:cad>95</ns3:cad>
          </ns3:TrackPointExtension>
        </extensions>
      </trkpt>
      <trkpt lat="30.7521377317607402801513671875" lon="108.4461694769561290740966796875">
        <ele>414.79998779296875</ele>
        <time>2026-04-17T10:52:19.000Z</time>
        <extensions>
          <ns3:TrackPointExtension>
            <ns3:hr>148</ns3:hr>
            <ns3:cad>94</ns3:cad>
          </ns3:TrackPointExtension>
        </extensions>
      </trkpt>
      <trkpt lat="30.7521578483283519744873046875" lon="108.446170650422573089599609375">
        <ele>414.79998779296875</ele>
        <time>2026-04-17T10:52:20.000Z</time>
        <extensions>
          <ns3:TrackPointExtension>
            <ns3:hr>148</ns3:hr>
            <ns3:cad>92</ns3:cad>
          </ns3:TrackPointExtension>
        </extensions>
      </trkpt>
      <trkpt lat="30.7521823234856128692626953125" lon="108.44616838730871677398681640625">
        <ele>414.79998779296875</ele>
        <time>2026-04-17T10:52:21.000Z</time>
        <extensions>
          <ns3:TrackPointExtension>
            <ns3:hr>147</ns3:hr>
            <ns3:cad>92</ns3:cad>
          </ns3:TrackPointExtension>
        </extensions>
      </trkpt>
      <trkpt lat="30.75220319442451000213623046875" lon="108.44616285525262355804443359375">
        <ele>414.79998779296875</ele>
        <time>2026-04-17T10:52:22.000Z</time>
        <extensions>
          <ns3:TrackPointExtension>
            <ns3:hr>147</ns3:hr>
            <ns3:cad>92</ns3:cad>
          </ns3:TrackPointExtension>
        </extensions>
      </trkpt>
      <trkpt lat="30.75222381390631198883056640625" lon="108.44616620801389217376708984375">
        <ele>414.79998779296875</ele>
        <time>2026-04-17T10:52:23.000Z</time>
        <extensions>
          <ns3:TrackPointExtension>
            <ns3:hr>147</ns3:hr>
            <ns3:cad>92</ns3:cad>
          </ns3:TrackPointExtension>
        </extensions>
      </trkpt>
      <trkpt lat="30.75224812142550945281982421875" lon="108.4461614303290843963623046875">
        <ele>414.79998779296875</ele>
        <time>2026-04-17T10:52:24.000Z</time>
        <extensions>
          <ns3:TrackPointExtension>
            <ns3:hr>147</ns3:hr>
            <ns3:cad>92</ns3:cad>
          </ns3:TrackPointExtension>
        </extensions>
      </trkpt>
      <trkpt lat="30.7522664777934551239013671875" lon="108.44616285525262355804443359375">
        <ele>414.79998779296875</ele>
        <time>2026-04-17T10:52:25.000Z</time>
        <extensions>
          <ns3:TrackPointExtension>
            <ns3:hr>148</ns3:hr>
            <ns3:cad>92</ns3:cad>
          </ns3:TrackPointExtension>
        </extensions>
      </trkpt>
      <trkpt lat="30.75229623354971408843994140625" lon="108.44616486690938472747802734375">
        <ele>414.79998779296875</ele>
        <time>2026-04-17T10:52:26.000Z</time>
        <extensions>
          <ns3:TrackPointExtension>
            <ns3:hr>148</ns3:hr>
            <ns3:cad>92</ns3:cad>
          </ns3:TrackPointExtension>
        </extensions>
      </trkpt>
      <trkpt lat="30.75231559574604034423828125" lon="108.44616319052875041961669921875">
        <ele>414.79998779296875</ele>
        <time>2026-04-17T10:52:27.000Z</time>
        <extensions>
          <ns3:TrackPointExtension>
            <ns3:hr>148</ns3:hr>
            <ns3:cad>92</ns3:cad>
          </ns3:TrackPointExtension>
        </extensions>
      </trkpt>
      <trkpt lat="30.75234216637909412384033203125" lon="108.4461610950529575347900390625">
        <ele>414.79998779296875</ele>
        <time>2026-04-17T10:52:28.000Z</time>
        <extensions>
          <ns3:TrackPointExtension>
            <ns3:hr>148</ns3:hr>
            <ns3:cad>92</ns3:cad>
          </ns3:TrackPointExtension>
        </extensions>
      </trkpt>
      <trkpt lat="30.752359516918659210205078125" lon="108.4461543895304203033447265625">
        <ele>414.79998779296875</ele>
        <time>2026-04-17T10:52:29.000Z</time>
        <extensions>
          <ns3:TrackPointExtension>
            <ns3:hr>148</ns3:hr>
            <ns3:cad>92</ns3:cad>
          </ns3:TrackPointExtension>
        </extensions>
      </trkpt>
      <trkpt lat="30.752384662628173828125" lon="108.44616520218551158905029296875">
        <ele>414.79998779296875</ele>
        <time>2026-04-17T10:52:30.000Z</time>
        <extensions>
          <ns3:TrackPointExtension>
            <ns3:hr>148</ns3:hr>
            <ns3:cad>92</ns3:cad>
          </ns3:TrackPointExtension>
        </extensions>
      </trkpt>
      <trkpt lat="30.752409137785434722900390625" lon="108.44616570509970188140869140625">
        <ele>414.79998779296875</ele>
        <time>2026-04-17T10:52:31.000Z</time>
        <extensions>
          <ns3:TrackPointExtension>
            <ns3:hr>149</ns3:hr>
            <ns3:cad>92</ns3:cad>
          </ns3:TrackPointExtension>
        </extensions>
      </trkpt>
      <trkpt lat="30.75243202038109302520751953125" lon="108.44617224298417568206787109375">
        <ele>414.79998779296875</ele>
        <time>2026-04-17T10:52:32.000Z</time>
        <extensions>
          <ns3:TrackPointExtension>
            <ns3:hr>149</ns3:hr>
            <ns3:cad>92</ns3:cad>
          </ns3:TrackPointExtension>
        </extensions>
      </trkpt>
      <trkpt lat="30.75245498679578304290771484375" lon="108.44617073424160480499267578125">
        <ele>414.79998779296875</ele>
        <time>2026-04-17T10:52:33.000Z</time>
        <extensions>
          <ns3:TrackPointExtension>
            <ns3:hr>149</ns3:hr>
            <ns3:cad>93</ns3:cad>
          </ns3:TrackPointExtension>
        </extensions>
      </trkpt>
      <trkpt lat="30.75247694738209247589111328125" lon="108.44617324881255626678466796875">
        <ele>414.79998779296875</ele>
        <time>2026-04-17T10:52:34.000Z</time>
        <extensions>
          <ns3:TrackPointExtension>
            <ns3:hr>149</ns3:hr>
            <ns3:cad>93</ns3:cad>
          </ns3:TrackPointExtension>
        </extensions>
      </trkpt>
      <trkpt lat="30.75250393711030483245849609375" lon="108.44617140479385852813720703125">
        <ele>414.79998779296875</ele>
        <time>2026-04-17T10:52:35.000Z</time>
        <extensions>
          <ns3:TrackPointExtension>
            <ns3:hr>149</ns3:hr>
            <ns3:cad>94</ns3:cad>
          </ns3:TrackPointExtension>
        </extensions>
      </trkpt>
      <trkpt lat="30.75252086855471134185791015625" lon="108.4461704827845096588134765625">
        <ele>414.79998779296875</ele>
        <time>2026-04-17T10:52:36.000Z</time>
        <extensions>
          <ns3:TrackPointExtension>
            <ns3:hr>149</ns3:hr>
            <ns3:cad>94</ns3:cad>
          </ns3:TrackPointExtension>
        </extensions>
      </trkpt>
      <trkpt lat="30.75254735536873340606689453125" lon="108.44616821967065334320068359375">
        <ele>414.79998779296875</ele>
        <time>2026-04-17T10:52:37.000Z</time>
        <extensions>
          <ns3:TrackPointExtension>
            <ns3:hr>149</ns3:hr>
            <ns3:cad>92</ns3:cad>
          </ns3:TrackPointExtension>
        </extensions>
      </trkpt>
      <trkpt lat="30.7525683939456939697265625" lon="108.44616335816681385040283203125">
        <ele>414.79998779296875</ele>
        <time>2026-04-17T10:52:38.000Z</time>
        <extensions>
          <ns3:TrackPointExtension>
            <ns3:hr>148</ns3:hr>
            <ns3:cad>92</ns3:cad>
          </ns3:TrackPointExtension>
        </extensions>
      </trkpt>
      <trkpt lat="30.752592198550701141357421875" lon="108.446163944900035858154296875">
        <ele>414.600006103515625</ele>
        <time>2026-04-17T10:52:39.000Z</time>
        <extensions>
          <ns3:TrackPointExtension>
            <ns3:hr>148</ns3:hr>
            <ns3:cad>92</ns3:cad>
          </ns3:TrackPointExtension>
        </extensions>
      </trkpt>
      <trkpt lat="30.752614997327327728271484375" lon="108.446160256862640380859375">
        <ele>414.600006103515625</ele>
        <time>2026-04-17T10:52:40.000Z</time>
        <extensions>
          <ns3:TrackPointExtension>
            <ns3:hr>148</ns3:hr>
            <ns3:cad>92</ns3:cad>
          </ns3:TrackPointExtension>
        </extensions>
      </trkpt>
      <trkpt lat="30.75264056213200092315673828125" lon="108.44616570509970188140869140625">
        <ele>414.600006103515625</ele>
        <time>2026-04-17T10:52:41.000Z</time>
        <extensions>
          <ns3:TrackPointExtension>
            <ns3:hr>148</ns3:hr>
            <ns3:cad>92</ns3:cad>
          </ns3:TrackPointExtension>
        </extensions>
      </trkpt>
      <trkpt lat="30.75266436673700809478759765625" lon="108.4461661241948604583740234375">
        <ele>414.600006103515625</ele>
        <time>2026-04-17T10:52:42.000Z</time>
        <extensions>
          <ns3:TrackPointExtension>
            <ns3:hr>148</ns3:hr>
            <ns3:cad>92</ns3:cad>
          </ns3:TrackPointExtension>
        </extensions>
      </trkpt>
      <trkpt lat="30.7526890933513641357421875" lon="108.44617031514644622802734375">
        <ele>414.600006103515625</ele>
        <time>2026-04-17T10:52:43.000Z</time>
        <extensions>
          <ns3:TrackPointExtension>
            <ns3:hr>148</ns3:hr>
            <ns3:cad>92</ns3:cad>
          </ns3:TrackPointExtension>
        </extensions>
      </trkpt>
      <trkpt lat="30.75271658599376678466796875" lon="108.44617408700287342071533203125">
        <ele>414.79998779296875</ele>
        <time>2026-04-17T10:52:44.000Z</time>
        <extensions>
          <ns3:TrackPointExtension>
            <ns3:hr>148</ns3:hr>
            <ns3:cad>92</ns3:cad>
          </ns3:TrackPointExtension>
        </extensions>
      </trkpt>
      <trkpt lat="30.752735026180744171142578125" lon="108.446181379258632659912109375">
        <ele>414.79998779296875</ele>
        <time>2026-04-17T10:52:45.000Z</time>
        <extensions>
          <ns3:TrackPointExtension>
            <ns3:hr>147</ns3:hr>
            <ns3:cad>92</ns3:cad>
          </ns3:TrackPointExtension>
        </extensions>
      </trkpt>
      <trkpt lat="30.7527589984238147735595703125" lon="108.44617743976414203643798828125">
        <ele>414.79998779296875</ele>
        <time>2026-04-17T10:52:46.000Z</time>
        <extensions>
          <ns3:TrackPointExtension>
            <ns3:hr>148</ns3:hr>
            <ns3:cad>92</ns3:cad>
          </ns3:TrackPointExtension>
        </extensions>
      </trkpt>
      <trkpt lat="30.75277416966855525970458984375" lon="108.446174003183841705322265625">
        <ele>414.79998779296875</ele>
        <time>2026-04-17T10:52:47.000Z</time>
        <extensions>
          <ns3:TrackPointExtension>
            <ns3:hr>148</ns3:hr>
            <ns3:cad>92</ns3:cad>
          </ns3:TrackPointExtension>
        </extensions>
      </trkpt>
      <trkpt lat="30.75280082412064075469970703125" lon="108.44617576338350772857666015625">
        <ele>414.79998779296875</ele>
        <time>2026-04-17T10:52:48.000Z</time>
        <extensions>
          <ns3:TrackPointExtension>
            <ns3:hr>147</ns3:hr>
            <ns3:cad>92</ns3:cad>
          </ns3:TrackPointExtension>
        </extensions>
      </trkpt>
      <trkpt lat="30.75282077305018901824951171875" lon="108.4461765177547931671142578125">
        <ele>414.79998779296875</ele>
        <time>2026-04-17T10:52:49.000Z</time>
        <extensions>
          <ns3:TrackPointExtension>
            <ns3:hr>148</ns3:hr>
            <ns3:cad>92</ns3:cad>
          </ns3:TrackPointExtension>
        </extensions>
      </trkpt>
      <trkpt lat="30.75284658931195735931396484375" lon="108.44617827795445919036865234375">
        <ele>414.600006103515625</ele>
        <time>2026-04-17T10:52:50.000Z</time>
        <extensions>
          <ns3:TrackPointExtension>
            <ns3:hr>148</ns3:hr>
            <ns3:cad>92</ns3:cad>
          </ns3:TrackPointExtension>
        </extensions>
      </trkpt>
      <trkpt lat="30.7528666220605373382568359375" lon="108.44617224298417568206787109375">
        <ele>414.600006103515625</ele>
        <time>2026-04-17T10:52:51.000Z</time>
        <extensions>
          <ns3:TrackPointExtension>
            <ns3:hr>148</ns3:hr>
            <ns3:cad>92</ns3:cad>
          </ns3:TrackPointExtension>
        </extensions>
      </trkpt>
      <trkpt lat="30.75288933701813220977783203125" lon="108.44617760740220546722412109375">
        <ele>414.600006103515625</ele>
        <time>2026-04-17T10:52:52.000Z</time>
        <extensions>
          <ns3:TrackPointExtension>
            <ns3:hr>147</ns3:hr>
            <ns3:cad>92</ns3:cad>
          </ns3:TrackPointExtension>
        </extensions>
      </trkpt>
      <trkpt lat="30.7529112137854099273681640625" lon="108.4461738355457782745361328125">
        <ele>414.600006103515625</ele>
        <time>2026-04-17T10:52:53.000Z</time>
        <extensions>
          <ns3:TrackPointExtension>
            <ns3:hr>148</ns3:hr>
            <ns3:cad>92</ns3:cad>
          </ns3:TrackPointExtension>
        </extensions>
      </trkpt>
      <trkpt lat="30.75293208472430706024169921875" lon="108.44617727212607860565185546875">
        <ele>414.600006103515625</ele>
        <time>2026-04-17T10:52:54.000Z</time>
        <extensions>
          <ns3:TrackPointExtension>
            <ns3:hr>148</ns3:hr>
            <ns3:cad>93</ns3:cad>
          </ns3:TrackPointExtension>
        </extensions>
      </trkpt>
      <trkpt lat="30.752955973148345947265625" lon="108.44617299735546112060546875">
        <ele>414.600006103515625</ele>
        <time>2026-04-17T10:52:55.000Z</time>
        <extensions>
          <ns3:TrackPointExtension>
            <ns3:hr>148</ns3:hr>
            <ns3:cad>94</ns3:cad>
          </ns3:TrackPointExtension>
        </extensions>
      </trkpt>
      <trkpt lat="30.75297600589692592620849609375" lon="108.44617660157382488250732421875">
        <ele>414.600006103515625</ele>
        <time>2026-04-17T10:52:56.000Z</time>
        <extensions>
          <ns3:TrackPointExtension>
            <ns3:hr>148</ns3:hr>
            <ns3:cad>94</ns3:cad>
          </ns3:TrackPointExtension>
        </extensions>
      </trkpt>
      <trkpt lat="30.7530020736157894134521484375" lon="108.44617274589836597442626953125">
        <ele>414.600006103515625</ele>
        <time>2026-04-17T10:52:57.000Z</time>
        <extensions>
          <ns3:TrackPointExtension>
            <ns3:hr>148</ns3:hr>
            <ns3:cad>94</ns3:cad>
          </ns3:TrackPointExtension>
        </extensions>
      </trkpt>
      <trkpt lat="30.7530225254595279693603515625" lon="108.446169309318065643310546875">
        <ele>414.600006103515625</ele>
        <time>2026-04-17T10:52:58.000Z</time>
        <extensions>
          <ns3:TrackPointExtension>
            <ns3:hr>148</ns3:hr>
            <ns3:cad>93</ns3:cad>
          </ns3:TrackPointExtension>
        </extensions>
      </trkpt>
      <trkpt lat="30.7530500181019306182861328125" lon="108.44615631736814975738525390625">
        <ele>414.600006103515625</ele>
        <time>2026-04-17T10:52:59.000Z</time>
        <extensions>
          <ns3:TrackPointExtension>
            <ns3:hr>149</ns3:hr>
            <ns3:cad>92</ns3:cad>
          </ns3:TrackPointExtension>
        </extensions>
      </trkpt>
      <trkpt lat="30.75306468643248081207275390625" lon="108.44614290632307529449462890625">
        <ele>414.600006103515625</ele>
        <time>2026-04-17T10:53:00.000Z</time>
        <extensions>
          <ns3:TrackPointExtension>
            <ns3:hr>149</ns3:hr>
            <ns3:cad>92</ns3:cad>
          </ns3:TrackPointExtension>
        </extensions>
      </trkpt>
      <trkpt lat="30.7530842162668704986572265625" lon="108.4461178444325923919677734375">
        <ele>414.600006103515625</ele>
        <time>2026-04-17T10:53:01.000Z</time>
        <extensions>
          <ns3:TrackPointExtension>
            <ns3:hr>149</ns3:hr>
            <ns3:cad>92</ns3:cad>
          </ns3:TrackPointExtension>
        </extensions>
      </trkpt>
      <trkpt lat="30.75309670530259609222412109375" lon="108.4460947103798389434814453125">
        <ele>414.600006103515625</ele>
        <time>2026-04-17T10:53:02.000Z</time>
        <extensions>
          <ns3:TrackPointExtension>
            <ns3:hr>148</ns3:hr>
            <ns3:cad>92</ns3:cad>
          </ns3:TrackPointExtension>
        </extensions>
      </trkpt>
      <trkpt lat="30.753117240965366363525390625" lon="108.44607450999319553375244140625">
        <ele>414.600006103515625</ele>
        <time>2026-04-17T10:53:03.000Z</time>
        <extensions>
          <ns3:TrackPointExtension>
            <ns3:hr>149</ns3:hr>
            <ns3:cad>92</ns3:cad>
          </ns3:TrackPointExtension>
        </extensions>
      </trkpt>
      <trkpt lat="30.75313241221010684967041015625" lon="108.44606076367199420928955078125">
        <ele>414.600006103515625</ele>
        <time>2026-04-17T10:53:04.000Z</time>
        <extensions>
          <ns3:TrackPointExtension>
            <ns3:hr>149</ns3:hr>
            <ns3:cad>92</ns3:cad>
          </ns3:TrackPointExtension>
        </extensions>
      </trkpt>
      <trkpt lat="30.75315152294933795928955078125" lon="108.44605422578752040863037109375">
        <ele>414.600006103515625</ele>
        <time>2026-04-17T10:53:05.000Z</time>
        <extensions>
          <ns3:TrackPointExtension>
            <ns3:hr>148</ns3:hr>
            <ns3:cad>92</ns3:cad>
          </ns3:TrackPointExtension>
        </extensions>
      </trkpt>
      <trkpt lat="30.75317256152629852294921875" lon="108.4460410661995410919189453125">
        <ele>414.600006103515625</ele>
        <time>2026-04-17T10:53:06.000Z</time>
        <extensions>
          <ns3:TrackPointExtension>
            <ns3:hr>148</ns3:hr>
            <ns3:cad>92</ns3:cad>
          </ns3:TrackPointExtension>
        </extensions>
      </trkpt>
      <trkpt lat="30.75318890623748302459716796875" lon="108.4460301697254180908203125">
        <ele>414.600006103515625</ele>
        <time>2026-04-17T10:53:07.000Z</time>
        <extensions>
          <ns3:TrackPointExtension>
            <ns3:hr>148</ns3:hr>
            <ns3:cad>92</ns3:cad>
          </ns3:TrackPointExtension>
        </extensions>
      </trkpt>
      <trkpt lat="30.75320851989090442657470703125" lon="108.44600737094879150390625">
        <ele>414.600006103515625</ele>
        <time>2026-04-17T10:53:08.000Z</time>
        <extensions>
          <ns3:TrackPointExtension>
            <ns3:hr>148</ns3:hr>
            <ns3:cad>93</ns3:cad>
          </ns3:TrackPointExtension>
        </extensions>
      </trkpt>
      <trkpt lat="30.7532179914414882659912109375" lon="108.4459874220192432403564453125">
        <ele>414.600006103515625</ele>
        <time>2026-04-17T10:53:09.000Z</time>
        <extensions>
          <ns3:TrackPointExtension>
            <ns3:hr>148</ns3:hr>
            <ns3:cad>94</ns3:cad>
          </ns3:TrackPointExtension>
        </extensions>
      </trkpt>
      <trkpt lat="30.75322947464883327484130859375" lon="108.44595707952976226806640625">
        <ele>414.600006103515625</ele>
        <time>2026-04-17T10:53:10.000Z</time>
        <extensions>
          <ns3:TrackPointExtension>
            <ns3:hr>148</ns3:hr>
            <ns3:cad>94</ns3:cad>
          </ns3:TrackPointExtension>
        </extensions>
      </trkpt>
      <trkpt lat="30.75323400087654590606689453125" lon="108.44593654386699199676513671875">
        <ele>414.600006103515625</ele>
        <time>2026-04-17T10:53:11.000Z</time>
        <extensions>
          <ns3:TrackPointExtension>
            <ns3:hr>148</ns3:hr>
            <ns3:cad>94</ns3:cad>
          </ns3:TrackPointExtension>
        </extensions>
      </trkpt>
      <trkpt lat="30.75324992649257183074951171875" lon="108.44590636901557445526123046875">
        <ele>414.600006103515625</ele>
        <time>2026-04-17T10:53:12.000Z</time>
        <extensions>
          <ns3:TrackPointExtension>
            <ns3:hr>148</ns3:hr>
            <ns3:cad>92</ns3:cad>
          </ns3:TrackPointExtension>
        </extensions>
      </trkpt>
      <trkpt lat="30.75325830839574337005615234375" lon="108.44588541425764560699462890625">
        <ele>414.600006103515625</ele>
        <time>2026-04-17T10:53:13.000Z</time>
        <extensions>
          <ns3:TrackPointExtension>
            <ns3:hr>147</ns3:hr>
            <ns3:cad>92</ns3:cad>
          </ns3:TrackPointExtension>
        </extensions>
      </trkpt>
      <trkpt lat="30.75327641330659389495849609375" lon="108.445860184729099273681640625">
        <ele>414.600006103515625</ele>
        <time>2026-04-17T10:53:14.000Z</time>
        <extensions>
          <ns3:TrackPointExtension>
            <ns3:hr>148</ns3:hr>
            <ns3:cad>92</ns3:cad>
          </ns3:TrackPointExtension>
        </extensions>
      </trkpt>
      <trkpt lat="30.7532833702862262725830078125" lon="108.44583311118185520172119140625">
        <ele>414.600006103515625</ele>
        <time>2026-04-17T10:53:15.000Z</time>
        <extensions>
          <ns3:TrackPointExtension>
            <ns3:hr>148</ns3:hr>
            <ns3:cad>92</ns3:cad>
          </ns3:TrackPointExtension>
        </extensions>
      </trkpt>
      <trkpt lat="30.75329317711293697357177734375" lon="108.4458103962242603302001953125">
        <ele>414.600006103515625</ele>
        <time>2026-04-17T10:53:16.000Z</time>
        <extensions>
          <ns3:TrackPointExtension>
            <ns3:hr>148</ns3:hr>
            <ns3:cad>92</ns3:cad>
          </ns3:TrackPointExtension>
        </extensions>
      </trkpt>
      <trkpt lat="30.75329585932195186614990234375" lon="108.44578013755381107330322265625">
        <ele>414.600006103515625</ele>
        <time>2026-04-17T10:53:17.000Z</time>
        <extensions>
          <ns3:TrackPointExtension>
            <ns3:hr>148</ns3:hr>
            <ns3:cad>92</ns3:cad>
          </ns3:TrackPointExtension>
        </extensions>
      </trkpt>
      <trkpt lat="30.7532951049506664276123046875" lon="108.44575725495815277099609375">
        <ele>414.600006103515625</ele>
        <time>2026-04-17T10:53:18.000Z</time>
        <extensions>
          <ns3:TrackPointExtension>
            <ns3:hr>148</ns3:hr>
            <ns3:cad>92</ns3:cad>
          </ns3:TrackPointExtension>
        </extensions>
      </trkpt>
      <trkpt lat="30.75329217128455638885498046875" lon="108.44572230242192745208740234375">
        <ele>414.600006103515625</ele>
        <time>2026-04-17T10:53:19.000Z</time>
        <extensions>
          <ns3:TrackPointExtension>
            <ns3:hr>148</ns3:hr>
            <ns3:cad>94</ns3:cad>
          </ns3:TrackPointExtension>
        </extensions>
      </trkpt>
      <trkpt lat="30.75328831560909748077392578125" lon="108.44570084474980831146240234375">
        <ele>414.399993896484375</ele>
        <time>2026-04-17T10:53:20.000Z</time>
        <extensions>
          <ns3:TrackPointExtension>
            <ns3:hr>148</ns3:hr>
            <ns3:cad>94</ns3:cad>
          </ns3:TrackPointExtension>
        </extensions>
      </trkpt>
      <trkpt lat="30.75328982435166835784912109375" lon="108.44566899351775646209716796875">
        <ele>414.399993896484375</ele>
        <time>2026-04-17T10:53:21.000Z</time>
        <extensions>
          <ns3:TrackPointExtension>
            <ns3:hr>148</ns3:hr>
            <ns3:cad>94</ns3:cad>
          </ns3:TrackPointExtension>
        </extensions>
      </trkpt>
      <trkpt lat="30.75328865088522434234619140625" lon="108.44564518891274929046630859375">
        <ele>414.399993896484375</ele>
        <time>2026-04-17T10:53:22.000Z</time>
        <extensions>
          <ns3:TrackPointExtension>
            <ns3:hr>148</ns3:hr>
            <ns3:cad>92</ns3:cad>
          </ns3:TrackPointExtension>
        </extensions>
      </trkpt>
      <trkpt lat="30.7532934285700321197509765625" lon="108.44561752863228321075439453125">
        <ele>414.399993896484375</ele>
        <time>2026-04-17T10:53:23.000Z</time>
        <extensions>
          <ns3:TrackPointExtension>
            <ns3:hr>148</ns3:hr>
            <ns3:cad>92</ns3:cad>
          </ns3:TrackPointExtension>
        </extensions>
      </trkpt>
      <trkpt lat="30.75329652987420558929443359375" lon="108.4455901198089122772216796875">
        <ele>414.399993896484375</ele>
        <time>2026-04-17T10:53:24.000Z</time>
        <extensions>
          <ns3:TrackPointExtension>
            <ns3:hr>148</ns3:hr>
            <ns3:cad>92</ns3:cad>
          </ns3:TrackPointExtension>
        </extensions>
      </trkpt>
      <trkpt lat="30.75330398976802825927734375" lon="108.4455669857561588287353515625">
        <ele>414.399993896484375</ele>
        <time>2026-04-17T10:53:25.000Z</time>
        <extensions>
          <ns3:TrackPointExtension>
            <ns3:hr>148</ns3:hr>
            <ns3:cad>92</ns3:cad>
          </ns3:TrackPointExtension>
        </extensions>
      </trkpt>
      <trkpt lat="30.75330742634832859039306640625" lon="108.44553890638053417205810546875">
        <ele>414.399993896484375</ele>
        <time>2026-04-17T10:53:26.000Z</time>
        <extensions>
          <ns3:TrackPointExtension>
            <ns3:hr>148</ns3:hr>
            <ns3:cad>93</ns3:cad>
          </ns3:TrackPointExtension>
        </extensions>
      </trkpt>
      <trkpt lat="30.7533060014247894287109375" lon="108.44551577232778072357177734375">
        <ele>414.600006103515625</ele>
        <time>2026-04-17T10:53:27.000Z</time>
        <extensions>
          <ns3:TrackPointExtension>
            <ns3:hr>147</ns3:hr>
            <ns3:cad>93</ns3:cad>
          </ns3:TrackPointExtension>
        </extensions>
      </trkpt>
      <trkpt lat="30.7532991282641887664794921875" lon="108.44548911787569522857666015625">
        <ele>414.600006103515625</ele>
        <time>2026-04-17T10:53:28.000Z</time>
        <extensions>
          <ns3:TrackPointExtension>
            <ns3:hr>148</ns3:hr>
            <ns3:cad>93</ns3:cad>
          </ns3:TrackPointExtension>
        </extensions>
      </trkpt>
      <trkpt lat="30.75329451821744441986083984375" lon="108.4454674087464809417724609375">
        <ele>414.399993896484375</ele>
        <time>2026-04-17T10:53:29.000Z</time>
        <extensions>
          <ns3:TrackPointExtension>
            <ns3:hr>148</ns3:hr>
            <ns3:cad>93</ns3:cad>
          </ns3:TrackPointExtension>
        </extensions>
      </trkpt>
      <trkpt lat="30.7532853819429874420166015625" lon="108.445437066256999969482421875">
        <ele>414.600006103515625</ele>
        <time>2026-04-17T10:53:30.000Z</time>
        <extensions>
          <ns3:TrackPointExtension>
            <ns3:hr>148</ns3:hr>
            <ns3:cad>93</ns3:cad>
          </ns3:TrackPointExtension>
        </extensions>
      </trkpt>
      <trkpt lat="30.75327792204916477203369140625" lon="108.44541686587035655975341796875">
        <ele>414.600006103515625</ele>
        <time>2026-04-17T10:53:31.000Z</time>
        <extensions>
          <ns3:TrackPointExtension>
            <ns3:hr>149</ns3:hr>
            <ns3:cad>92</ns3:cad>
          </ns3:TrackPointExtension>
        </extensions>
      </trkpt>
      <trkpt lat="30.753267444670200347900390625" lon="108.44538702629506587982177734375">
        <ele>414.600006103515625</ele>
        <time>2026-04-17T10:53:32.000Z</time>
        <extensions>
          <ns3:TrackPointExtension>
            <ns3:hr>149</ns3:hr>
            <ns3:cad>92</ns3:cad>
          </ns3:TrackPointExtension>
        </extensions>
      </trkpt>
      <trkpt lat="30.75326233170926570892333984375" lon="108.4453649818897247314453125">
        <ele>414.600006103515625</ele>
        <time>2026-04-17T10:53:33.000Z</time>
        <extensions>
          <ns3:TrackPointExtension>
            <ns3:hr>149</ns3:hr>
            <ns3:cad>92</ns3:cad>
          </ns3:TrackPointExtension>
        </extensions>
      </trkpt>
      <trkpt lat="30.7532578893005847930908203125" lon="108.445337153971195220947265625">
        <ele>414.600006103515625</ele>
        <time>2026-04-17T10:53:34.000Z</time>
        <extensions>
          <ns3:TrackPointExtension>
            <ns3:hr>149</ns3:hr>
            <ns3:cad>92</ns3:cad>
          </ns3:TrackPointExtension>
        </extensions>
      </trkpt>
      <trkpt lat="30.753244645893573760986328125" lon="108.44531578011810779571533203125">
        <ele>414.600006103515625</ele>
        <time>2026-04-17T10:53:35.000Z</time>
        <extensions>
          <ns3:TrackPointExtension>
            <ns3:hr>149</ns3:hr>
            <ns3:cad>92</ns3:cad>
          </ns3:TrackPointExtension>
        </extensions>
      </trkpt>
      <trkpt lat="30.75323081575334072113037109375" lon="108.4452934004366397857666015625">
        <ele>414.399993896484375</ele>
        <time>2026-04-17T10:53:36.000Z</time>
        <extensions>
          <ns3:TrackPointExtension>
            <ns3:hr>150</ns3:hr>
            <ns3:cad>92</ns3:cad>
          </ns3:TrackPointExtension>
        </extensions>
      </trkpt>
      <trkpt lat="30.75321187265217304229736328125" lon="108.44527085311710834503173828125">
        <ele>414.399993896484375</ele>
        <time>2026-04-17T10:53:37.000Z</time>
        <extensions>
          <ns3:TrackPointExtension>
            <ns3:hr>150</ns3:hr>
            <ns3:cad>92</ns3:cad>
          </ns3:TrackPointExtension>
        </extensions>
      </trkpt>
      <trkpt lat="30.75319712050259113311767578125" lon="108.44525358639657497406005859375">
        <ele>414.399993896484375</ele>
        <time>2026-04-17T10:53:38.000Z</time>
        <extensions>
          <ns3:TrackPointExtension>
            <ns3:hr>150</ns3:hr>
            <ns3:cad>92</ns3:cad>
          </ns3:TrackPointExtension>
        </extensions>
      </trkpt>
      <trkpt lat="30.75318538583815097808837890625" lon="108.44522592611610889434814453125">
        <ele>414.399993896484375</ele>
        <time>2026-04-17T10:53:39.000Z</time>
        <extensions>
          <ns3:TrackPointExtension>
            <ns3:hr>150</ns3:hr>
            <ns3:cad>93</ns3:cad>
          </ns3:TrackPointExtension>
        </extensions>
      </trkpt>
      <trkpt lat="30.7531799376010894775390625" lon="108.445205390453338623046875">
        <ele>414.399993896484375</ele>
        <time>2026-04-17T10:53:40.000Z</time>
        <extensions>
          <ns3:TrackPointExtension>
            <ns3:hr>150</ns3:hr>
            <ns3:cad>93</ns3:cad>
          </ns3:TrackPointExtension>
        </extensions>
      </trkpt>
      <trkpt lat="30.75318521820008754730224609375" lon="108.44517563469707965850830078125">
        <ele>414.399993896484375</ele>
        <time>2026-04-17T10:53:41.000Z</time>
        <extensions>
          <ns3:TrackPointExtension>
            <ns3:hr>150</ns3:hr>
            <ns3:cad>94</ns3:cad>
          </ns3:TrackPointExtension>
        </extensions>
      </trkpt>
      <trkpt lat="30.75318421237170696258544921875" lon="108.4451509080827236175537109375">
        <ele>414.399993896484375</ele>
        <time>2026-04-17T10:53:42.000Z</time>
        <extensions>
          <ns3:TrackPointExtension>
            <ns3:hr>150</ns3:hr>
            <ns3:cad>94</ns3:cad>
          </ns3:TrackPointExtension>
        </extensions>
      </trkpt>
      <trkpt lat="30.7531814463436603546142578125" lon="108.4451123513281345367431640625">
        <ele>414.399993896484375</ele>
        <time>2026-04-17T10:53:43.000Z</time>
        <extensions>
          <ns3:TrackPointExtension>
            <ns3:hr>151</ns3:hr>
            <ns3:cad>94</ns3:cad>
          </ns3:TrackPointExtension>
        </extensions>
      </trkpt>
      <trkpt lat="30.7531687058508396148681640625" lon="108.44510053284466266632080078125">
        <ele>414.399993896484375</ele>
        <time>2026-04-17T10:53:44.000Z</time>
        <extensions>
          <ns3:TrackPointExtension>
            <ns3:hr>151</ns3:hr>
            <ns3:cad>91</ns3:cad>
          </ns3:TrackPointExtension>
        </extensions>
      </trkpt>
      <trkpt lat="30.7531465776264667510986328125" lon="108.44509231857955455780029296875">
        <ele>414.399993896484375</ele>
        <time>2026-04-17T10:53:45.000Z</time>
        <extensions>
          <ns3:TrackPointExtension>
            <ns3:hr>150</ns3:hr>
            <ns3:cad>91</ns3:cad>
          </ns3:TrackPointExtension>
        </extensions>
      </trkpt>
      <trkpt lat="30.75312771834433078765869140625" lon="108.44509483315050601959228515625">
        <ele>414.399993896484375</ele>
        <time>2026-04-17T10:53:46.000Z</time>
        <extensions>
          <ns3:TrackPointExtension>
            <ns3:hr>150</ns3:hr>
            <ns3:cad>93</ns3:cad>
          </ns3:TrackPointExtension>
        </extensions>
      </trkpt>
      <trkpt lat="30.75310491956770420074462890625" lon="108.44509583897888660430908203125">
        <ele>414.600006103515625</ele>
        <time>2026-04-17T10:53:47.000Z</time>
        <extensions>
          <ns3:TrackPointExtension>
            <ns3:hr>149</ns3:hr>
            <ns3:cad>93</ns3:cad>
          </ns3:TrackPointExtension>
        </extensions>
      </trkpt>
      <trkpt lat="30.7530822046101093292236328125" lon="108.44509818591177463531494140625">
        <ele>414.600006103515625</ele>
        <time>2026-04-17T10:53:48.000Z</time>
        <extensions>
          <ns3:TrackPointExtension>
            <ns3:hr>149</ns3:hr>
            <ns3:cad>93</ns3:cad>
          </ns3:TrackPointExtension>
        </extensions>
      </trkpt>
      <trkpt lat="30.75305462814867496490478515625" lon="108.445095084607601165771484375">
        <ele>414.600006103515625</ele>
        <time>2026-04-17T10:53:49.000Z</time>
        <extensions>
          <ns3:TrackPointExtension>
            <ns3:hr>149</ns3:hr>
            <ns3:cad>94</ns3:cad>
          </ns3:TrackPointExtension>
        </extensions>
      </trkpt>
      <trkpt lat="30.7530218549072742462158203125" lon="108.44509583897888660430908203125">
        <ele>414.600006103515625</ele>
        <time>2026-04-17T10:53:50.000Z</time>
        <extensions>
          <ns3:TrackPointExtension>
            <ns3:hr>149</ns3:hr>
            <ns3:cad>94</ns3:cad>
          </ns3:TrackPointExtension>
        </extensions>
      </trkpt>
      <trkpt lat="30.7530024088919162750244140625" lon="108.4450965933501720428466796875">
        <ele>414.600006103515625</ele>
        <time>2026-04-17T10:53:51.000Z</time>
        <extensions>
          <ns3:TrackPointExtension>
            <ns3:hr>149</ns3:hr>
            <ns3:cad>94</ns3:cad>
          </ns3:TrackPointExtension>
        </extensions>
      </trkpt>
      <trkpt lat="30.75297382660210132598876953125" lon="108.4450982697308063507080078125">
        <ele>414.600006103515625</ele>
        <time>2026-04-17T10:53:52.000Z</time>
        <extensions>
          <ns3:TrackPointExtension>
            <ns3:hr>149</ns3:hr>
            <ns3:cad>92</ns3:cad>
          </ns3:TrackPointExtension>
        </extensions>
      </trkpt>
      <trkpt lat="30.75295371003448963165283203125" lon="108.4451009519398212432861328125">
        <ele>414.600006103515625</ele>
        <time>2026-04-17T10:53:53.000Z</time>
        <extensions>
          <ns3:TrackPointExtension>
            <ns3:hr>149</ns3:hr>
            <ns3:cad>92</ns3:cad>
          </ns3:TrackPointExtension>
        </extensions>
      </trkpt>
      <trkpt lat="30.75292504392564296722412109375" lon="108.44509877264499664306640625">
        <ele>414.600006103515625</ele>
        <time>2026-04-17T10:53:54.000Z</time>
        <extensions>
          <ns3:TrackPointExtension>
            <ns3:hr>149</ns3:hr>
            <ns3:cad>92</ns3:cad>
          </ns3:TrackPointExtension>
        </extensions>
      </trkpt>
      <trkpt lat="30.75290593318641185760498046875" lon="108.4451046399772167205810546875">
        <ele>414.600006103515625</ele>
        <time>2026-04-17T10:53:55.000Z</time>
        <extensions>
          <ns3:TrackPointExtension>
            <ns3:hr>149</ns3:hr>
            <ns3:cad>92</ns3:cad>
          </ns3:TrackPointExtension>
        </extensions>
      </trkpt>
      <trkpt lat="30.75288196094334125518798828125" lon="108.4450982697308063507080078125">
        <ele>414.600006103515625</ele>
        <time>2026-04-17T10:53:56.000Z</time>
        <extensions>
          <ns3:TrackPointExtension>
            <ns3:hr>149</ns3:hr>
            <ns3:cad>92</ns3:cad>
          </ns3:TrackPointExtension>
        </extensions>
      </trkpt>
      <trkpt lat="30.75286217965185642242431640625" lon="108.445099107921123504638671875">
        <ele>414.600006103515625</ele>
        <time>2026-04-17T10:53:57.000Z</time>
        <extensions>
          <ns3:TrackPointExtension>
            <ns3:hr>149</ns3:hr>
            <ns3:cad>92</ns3:cad>
          </ns3:TrackPointExtension>
        </extensions>
      </trkpt>
      <trkpt lat="30.75283954851329326629638671875" lon="108.44509550370275974273681640625">
        <ele>414.600006103515625</ele>
        <time>2026-04-17T10:53:58.000Z</time>
        <extensions>
          <ns3:TrackPointExtension>
            <ns3:hr>148</ns3:hr>
            <ns3:cad>93</ns3:cad>
          </ns3:TrackPointExtension>
        </extensions>
      </trkpt>
      <trkpt lat="30.75281490571796894073486328125" lon="108.44509466551244258880615234375">
        <ele>414.600006103515625</ele>
        <time>2026-04-17T10:53:59.000Z</time>
        <extensions>
          <ns3:TrackPointExtension>
            <ns3:hr>148</ns3:hr>
            <ns3:cad>93</ns3:cad>
          </ns3:TrackPointExtension>
        </extensions>
      </trkpt>
      <trkpt lat="30.75279478915035724639892578125" lon="108.44509097747504711151123046875">
        <ele>414.600006103515625</ele>
        <time>2026-04-17T10:54:00.000Z</time>
        <extensions>
          <ns3:TrackPointExtension>
            <ns3:hr>147</ns3:hr>
            <ns3:cad>92</ns3:cad>
          </ns3:TrackPointExtension>
        </extensions>
      </trkpt>
      <trkpt lat="30.752768553793430328369140625" lon="108.4450895525515079498291015625">
        <ele>414.600006103515625</ele>
        <time>2026-04-17T10:54:01.000Z</time>
        <extensions>
          <ns3:TrackPointExtension>
            <ns3:hr>147</ns3:hr>
            <ns3:cad>92</ns3:cad>
          </ns3:TrackPointExtension>
        </extensions>
      </trkpt>
      <trkpt lat="30.75274818576872348785400390625" lon="108.44509600661695003509521484375">
        <ele>414.399993896484375</ele>
        <time>2026-04-17T10:54:02.000Z</time>
        <extensions>
          <ns3:TrackPointExtension>
            <ns3:hr>148</ns3:hr>
            <ns3:cad>92</ns3:cad>
          </ns3:TrackPointExtension>
        </extensions>
      </trkpt>
      <trkpt lat="30.7527194358408451080322265625" lon="108.44509483315050601959228515625">
        <ele>414.399993896484375</ele>
        <time>2026-04-17T10:54:03.000Z</time>
        <extensions>
          <ns3:TrackPointExtension>
            <ns3:hr>148</ns3:hr>
            <ns3:cad>92</ns3:cad>
          </ns3:TrackPointExtension>
        </extensions>
      </trkpt>
      <trkpt lat="30.752698816359043121337890625" lon="108.44509768299758434295654296875">
        <ele>414.399993896484375</ele>
        <time>2026-04-17T10:54:04.000Z</time>
        <extensions>
          <ns3:TrackPointExtension>
            <ns3:hr>148</ns3:hr>
            <ns3:cad>94</ns3:cad>
          </ns3:TrackPointExtension>
        </extensions>
      </trkpt>
      <trkpt lat="30.75267375446856021881103515625" lon="108.4450935758650302886962890625">
        <ele>414.399993896484375</ele>
        <time>2026-04-17T10:54:05.000Z</time>
        <extensions>
          <ns3:TrackPointExtension>
            <ns3:hr>148</ns3:hr>
            <ns3:cad>94</ns3:cad>
          </ns3:TrackPointExtension>
        </extensions>
      </trkpt>
      <trkpt lat="30.7526547275483608245849609375" lon="108.4450949169695377349853515625">
        <ele>414.399993896484375</ele>
        <time>2026-04-17T10:54:06.000Z</time>
        <extensions>
          <ns3:TrackPointExtension>
            <ns3:hr>148</ns3:hr>
            <ns3:cad>94</ns3:cad>
          </ns3:TrackPointExtension>
        </extensions>
      </trkpt>
      <trkpt lat="30.75263268314301967620849609375" lon="108.44509433023631572723388671875">
        <ele>414.399993896484375</ele>
        <time>2026-04-17T10:54:07.000Z</time>
        <extensions>
          <ns3:TrackPointExtension>
            <ns3:hr>149</ns3:hr>
            <ns3:cad>94</ns3:cad>
          </ns3:TrackPointExtension>
        </extensions>
      </trkpt>
      <trkpt lat="30.7526084594428539276123046875" lon="108.44509433023631572723388671875">
        <ele>414.399993896484375</ele>
        <time>2026-04-17T10:54:08.000Z</time>
        <extensions>
          <ns3:TrackPointExtension>
            <ns3:hr>149</ns3:hr>
            <ns3:cad>94</ns3:cad>
          </ns3:TrackPointExtension>
        </extensions>
      </trkpt>
      <trkpt lat="30.75258691795170307159423828125" lon="108.44509533606469631195068359375">
        <ele>414.399993896484375</ele>
        <time>2026-04-17T10:54:09.000Z</time>
        <extensions>
          <ns3:TrackPointExtension>
            <ns3:hr>149</ns3:hr>
            <ns3:cad>94</ns3:cad>
          </ns3:TrackPointExtension>
        </extensions>
      </trkpt>
      <trkpt lat="30.75256244279444217681884765625" lon="108.4450912289321422576904296875">
        <ele>414.399993896484375</ele>
        <time>2026-04-17T10:54:10.000Z</time>
        <extensions>
          <ns3:TrackPointExtension>
            <ns3:hr>149</ns3:hr>
            <ns3:cad>94</ns3:cad>
          </ns3:TrackPointExtension>
        </extensions>
      </trkpt>
      <trkpt lat="30.752544589340686798095703125" lon="108.44509382732212543487548828125">
        <ele>414.399993896484375</ele>
        <time>2026-04-17T10:54:11.000Z</time>
        <extensions>
          <ns3:TrackPointExtension>
            <ns3:hr>149</ns3:hr>
            <ns3:cad>94</ns3:cad>
          </ns3:TrackPointExtension>
        </extensions>
      </trkpt>
      <trkpt lat="30.75251885689795017242431640625" lon="108.44508863054215908050537109375">
        <ele>414.399993896484375</ele>
        <time>2026-04-17T10:54:12.000Z</time>
        <extensions>
          <ns3:TrackPointExtension>
            <ns3:hr>149</ns3:hr>
            <ns3:cad>94</ns3:cad>
          </ns3:TrackPointExtension>
        </extensions>
      </trkpt>
      <trkpt lat="30.752499662339687347412109375" lon="108.4450949169695377349853515625">
        <ele>414.600006103515625</ele>
        <time>2026-04-17T10:54:13.000Z</time>
        <extensions>
          <ns3:TrackPointExtension>
            <ns3:hr>149</ns3:hr>
            <ns3:cad>94</ns3:cad>
          </ns3:TrackPointExtension>
        </extensions>
      </trkpt>
      <trkpt lat="30.752480216324329376220703125" lon="108.4450913965702056884765625">
        <ele>414.399993896484375</ele>
        <time>2026-04-17T10:54:14.000Z</time>
        <extensions>
          <ns3:TrackPointExtension>
            <ns3:hr>149</ns3:hr>
            <ns3:cad>94</ns3:cad>
          </ns3:TrackPointExtension>
        </extensions>
      </trkpt>
      <trkpt lat="30.75246320106089115142822265625" lon="108.4450986050069332122802734375">
        <ele>414.600006103515625</ele>
        <time>2026-04-17T10:54:15.000Z</time>
        <extensions>
          <ns3:TrackPointExtension>
            <ns3:hr>149</ns3:hr>
            <ns3:cad>94</ns3:cad>
          </ns3:TrackPointExtension>
        </extensions>
      </trkpt>
      <trkpt lat="30.75243956409394741058349609375" lon="108.44509265385568141937255859375">
        <ele>414.399993896484375</ele>
        <time>2026-04-17T10:54:16.000Z</time>
        <extensions>
          <ns3:TrackPointExtension>
            <ns3:hr>149</ns3:hr>
            <ns3:cad>93</ns3:cad>
          </ns3:TrackPointExtension>
        </extensions>
      </trkpt>
      <trkpt lat="30.75241810642182826995849609375" lon="108.445098437368869781494140625">
        <ele>414.399993896484375</ele>
        <time>2026-04-17T10:54:17.000Z</time>
        <extensions>
          <ns3:TrackPointExtension>
            <ns3:hr>149</ns3:hr>
            <ns3:cad>92</ns3:cad>
          </ns3:TrackPointExtension>
        </extensions>
      </trkpt>
      <trkpt lat="30.75239782221615314483642578125" lon="108.445105142891407012939453125">
        <ele>414.399993896484375</ele>
        <time>2026-04-17T10:54:18.000Z</time>
        <extensions>
          <ns3:TrackPointExtension>
            <ns3:hr>148</ns3:hr>
            <ns3:cad>92</ns3:cad>
          </ns3:TrackPointExtension>
        </extensions>
      </trkpt>
      <trkpt lat="30.7523707486689090728759765625" lon="108.445113860070705413818359375">
        <ele>414.399993896484375</ele>
        <time>2026-04-17T10:54:19.000Z</time>
        <extensions>
          <ns3:TrackPointExtension>
            <ns3:hr>148</ns3:hr>
            <ns3:cad>92</ns3:cad>
          </ns3:TrackPointExtension>
        </extensions>
      </trkpt>
      <trkpt lat="30.75235038064420223236083984375" lon="108.4451160393655300140380859375">
        <ele>414.399993896484375</ele>
        <time>2026-04-17T10:54:20.000Z</time>
        <extensions>
          <ns3:TrackPointExtension>
            <ns3:hr>148</ns3:hr>
            <ns3:cad>93</ns3:cad>
          </ns3:TrackPointExtension>
        </extensions>
      </trkpt>
      <trkpt lat="30.7523162662982940673828125" lon="108.44511545263230800628662109375">
        <ele>414.399993896484375</ele>
        <time>2026-04-17T10:54:21.000Z</time>
        <extensions>
          <ns3:TrackPointExtension>
            <ns3:hr>148</ns3:hr>
            <ns3:cad>93</ns3:cad>
          </ns3:TrackPointExtension>
        </extensions>
      </trkpt>
      <trkpt lat="30.75229455716907978057861328125" lon="108.445122241973876953125">
        <ele>414.600006103515625</ele>
        <time>2026-04-17T10:54:22.000Z</time>
        <extensions>
          <ns3:TrackPointExtension>
            <ns3:hr>148</ns3:hr>
            <ns3:cad>92</ns3:cad>
          </ns3:TrackPointExtension>
        </extensions>
      </trkpt>
      <trkpt lat="30.75226538814604282379150390625" lon="108.44511997886002063751220703125">
        <ele>414.600006103515625</ele>
        <time>2026-04-17T10:54:23.000Z</time>
        <extensions>
          <ns3:TrackPointExtension>
            <ns3:hr>148</ns3:hr>
            <ns3:cad>92</ns3:cad>
          </ns3:TrackPointExtension>
        </extensions>
      </trkpt>
      <trkpt lat="30.75224443338811397552490234375" lon="108.4451197274029254913330078125">
        <ele>414.399993896484375</ele>
        <time>2026-04-17T10:54:24.000Z</time>
        <extensions>
          <ns3:TrackPointExtension>
            <ns3:hr>148</ns3:hr>
            <ns3:cad>92</ns3:cad>
          </ns3:TrackPointExtension>
        </extensions>
      </trkpt>
      <trkpt lat="30.75221744365990161895751953125" lon="108.44511042349040508270263671875">
        <ele>414.399993896484375</ele>
        <time>2026-04-17T10:54:25.000Z</time>
        <extensions>
          <ns3:TrackPointExtension>
            <ns3:hr>147</ns3:hr>
            <ns3:cad>93</ns3:cad>
          </ns3:TrackPointExtension>
        </extensions>
      </trkpt>
      <trkpt lat="30.75219883583486080169677734375" lon="108.44510941766202449798583984375">
        <ele>414.399993896484375</ele>
        <time>2026-04-17T10:54:26.000Z</time>
        <extensions>
          <ns3:TrackPointExtension>
            <ns3:hr>148</ns3:hr>
            <ns3:cad>93</ns3:cad>
          </ns3:TrackPointExtension>
        </extensions>
      </trkpt>
      <trkpt lat="30.75217637233436107635498046875" lon="108.44510606490075588226318359375">
        <ele>414.600006103515625</ele>
        <time>2026-04-17T10:54:27.000Z</time>
        <extensions>
          <ns3:TrackPointExtension>
            <ns3:hr>148</ns3:hr>
            <ns3:cad>92</ns3:cad>
          </ns3:TrackPointExtension>
        </extensions>
      </trkpt>
      <trkpt lat="30.752148963510990142822265625" lon="108.44510723836719989776611328125">
        <ele>414.399993896484375</ele>
        <time>2026-04-17T10:54:28.000Z</time>
        <extensions>
          <ns3:TrackPointExtension>
            <ns3:hr>148</ns3:hr>
            <ns3:cad>92</ns3:cad>
          </ns3:TrackPointExtension>
        </extensions>
      </trkpt>
      <trkpt lat="30.75212708674371242523193359375" lon="108.44511377625167369842529296875">
        <ele>414.399993896484375</ele>
        <time>2026-04-17T10:54:29.000Z</time>
        <extensions>
          <ns3:TrackPointExtension>
            <ns3:hr>149</ns3:hr>
            <ns3:cad>92</ns3:cad>
          </ns3:TrackPointExtension>
        </extensions>
      </trkpt>
      <trkpt lat="30.75210059992969036102294921875" lon="108.445121906697750091552734375">
        <ele>414.399993896484375</ele>
        <time>2026-04-17T10:54:30.000Z</time>
        <extensions>
          <ns3:TrackPointExtension>
            <ns3:hr>149</ns3:hr>
            <ns3:cad>92</ns3:cad>
          </ns3:TrackPointExtension>
        </extensions>
      </trkpt>
      <trkpt lat="30.75207889080047607421875" lon="108.44512802548706531524658203125">
        <ele>414.399993896484375</ele>
        <time>2026-04-17T10:54:31.000Z</time>
        <extensions>
          <ns3:TrackPointExtension>
            <ns3:hr>150</ns3:hr>
            <ns3:cad>92</ns3:cad>
          </ns3:TrackPointExtension>
        </extensions>
      </trkpt>
      <trkpt lat="30.75205014087259769439697265625" lon="108.4451317973434925079345703125">
        <ele>414.399993896484375</ele>
        <time>2026-04-17T10:54:32.000Z</time>
        <extensions>
          <ns3:TrackPointExtension>
            <ns3:hr>150</ns3:hr>
            <ns3:cad>93</ns3:cad>
          </ns3:TrackPointExtension>
        </extensions>
      </trkpt>
      <trkpt lat="30.75202968902885913848876953125" lon="108.44513305462896823883056640625">
        <ele>414.399993896484375</ele>
        <time>2026-04-17T10:54:33.000Z</time>
        <extensions>
          <ns3:TrackPointExtension>
            <ns3:hr>150</ns3:hr>
            <ns3:cad>93</ns3:cad>
          </ns3:TrackPointExtension>
        </extensions>
      </trkpt>
      <trkpt lat="30.75200102292001247406005859375" lon="108.44513188116252422332763671875">
        <ele>414.600006103515625</ele>
        <time>2026-04-17T10:54:34.000Z</time>
        <extensions>
          <ns3:TrackPointExtension>
            <ns3:hr>151</ns3:hr>
            <ns3:cad>92</ns3:cad>
          </ns3:TrackPointExtension>
        </extensions>
      </trkpt>
      <trkpt lat="30.75198166072368621826171875" lon="108.44513623975217342376708984375">
        <ele>414.600006103515625</ele>
        <time>2026-04-17T10:54:35.000Z</time>
        <extensions>
          <ns3:TrackPointExtension>
            <ns3:hr>151</ns3:hr>
            <ns3:cad>92</ns3:cad>
          </ns3:TrackPointExtension>
        </extensions>
      </trkpt>
      <trkpt lat="30.751958191394805908203125" lon="108.44513808377087116241455078125">
        <ele>414.600006103515625</ele>
        <time>2026-04-17T10:54:36.000Z</time>
        <extensions>
          <ns3:TrackPointExtension>
            <ns3:hr>151</ns3:hr>
            <ns3:cad>92</ns3:cad>
          </ns3:TrackPointExtension>
        </extensions>
      </trkpt>
      <trkpt lat="30.75193497352302074432373046875" lon="108.4451423585414886474609375">
        <ele>414.600006103515625</ele>
        <time>2026-04-17T10:54:37.000Z</time>
        <extensions>
          <ns3:TrackPointExtension>
            <ns3:hr>150</ns3:hr>
            <ns3:cad>93</ns3:cad>
          </ns3:TrackPointExtension>
        </extensions>
      </trkpt>
      <trkpt lat="30.75191351585090160369873046875" lon="108.44514646567404270172119140625">
        <ele>414.600006103515625</ele>
        <time>2026-04-17T10:54:38.000Z</time>
        <extensions>
          <ns3:TrackPointExtension>
            <ns3:hr>150</ns3:hr>
            <ns3:cad>94</ns3:cad>
          </ns3:TrackPointExtension>
        </extensions>
      </trkpt>
      <trkpt lat="30.7518876157701015472412109375" lon="108.4451569430530071258544921875">
        <ele>414.600006103515625</ele>
        <time>2026-04-17T10:54:39.000Z</time>
        <extensions>
          <ns3:TrackPointExtension>
            <ns3:hr>150</ns3:hr>
            <ns3:cad>93</ns3:cad>
          </ns3:TrackPointExtension>
        </extensions>
      </trkpt>
      <trkpt lat="30.75186842121183872222900390625" lon="108.44517110846936702728271484375">
        <ele>414.600006103515625</ele>
        <time>2026-04-17T10:54:40.000Z</time>
        <extensions>
          <ns3:TrackPointExtension>
            <ns3:hr>150</ns3:hr>
            <ns3:cad>93</ns3:cad>
          </ns3:TrackPointExtension>
        </extensions>
      </trkpt>
      <trkpt lat="30.75184511952102184295654296875" lon="108.44518267549574375152587890625">
        <ele>414.600006103515625</ele>
        <time>2026-04-17T10:54:41.000Z</time>
        <extensions>
          <ns3:TrackPointExtension>
            <ns3:hr>151</ns3:hr>
            <ns3:cad>93</ns3:cad>
          </ns3:TrackPointExtension>
        </extensions>
      </trkpt>
      <trkpt lat="30.75182600878179073333740234375" lon="108.44519960694015026092529296875">
        <ele>414.600006103515625</ele>
        <time>2026-04-17T10:54:42.000Z</time>
        <extensions>
          <ns3:TrackPointExtension>
            <ns3:hr>151</ns3:hr>
            <ns3:cad>93</ns3:cad>
          </ns3:TrackPointExtension>
        </extensions>
      </trkpt>
      <trkpt lat="30.75179449282586574554443359375" lon="108.445211090147495269775390625">
        <ele>414.600006103515625</ele>
        <time>2026-04-17T10:54:43.000Z</time>
        <extensions>
          <ns3:TrackPointExtension>
            <ns3:hr>151</ns3:hr>
            <ns3:cad>92</ns3:cad>
          </ns3:TrackPointExtension>
        </extensions>
      </trkpt>
      <trkpt lat="30.7517773099243640899658203125" lon="108.44522659666836261749267578125">
        <ele>414.600006103515625</ele>
        <time>2026-04-17T10:54:44.000Z</time>
        <extensions>
          <ns3:TrackPointExtension>
            <ns3:hr>151</ns3:hr>
            <ns3:cad>92</ns3:cad>
          </ns3:TrackPointExtension>
        </extensions>
      </trkpt>
      <trkpt lat="30.751751996576786041259765625" lon="108.44524151645600795745849609375">
        <ele>414.600006103515625</ele>
        <time>2026-04-17T10:54:45.000Z</time>
        <extensions>
          <ns3:TrackPointExtension>
            <ns3:hr>152</ns3:hr>
            <ns3:cad>92</ns3:cad>
          </ns3:TrackPointExtension>
        </extensions>
      </trkpt>
      <trkpt lat="30.75173866935074329376220703125" lon="108.44525895081460475921630859375">
        <ele>414.600006103515625</ele>
        <time>2026-04-17T10:54:46.000Z</time>
        <extensions>
          <ns3:TrackPointExtension>
            <ns3:hr>152</ns3:hr>
            <ns3:cad>93</ns3:cad>
          </ns3:TrackPointExtension>
        </extensions>
      </trkpt>
      <trkpt lat="30.75171788223087787628173828125" lon="108.44527672044932842254638671875">
        <ele>414.600006103515625</ele>
        <time>2026-04-17T10:54:47.000Z</time>
        <extensions>
          <ns3:TrackPointExtension>
            <ns3:hr>153</ns3:hr>
            <ns3:cad>93</ns3:cad>
          </ns3:TrackPointExtension>
        </extensions>
      </trkpt>
      <trkpt lat="30.75170564465224742889404296875" lon="108.44529918394982814788818359375">
        <ele>414.600006103515625</ele>
        <time>2026-04-17T10:54:48.000Z</time>
        <extensions>
          <ns3:TrackPointExtension>
            <ns3:hr>153</ns3:hr>
            <ns3:cad>93</ns3:cad>
          </ns3:TrackPointExtension>
        </extensions>
      </trkpt>
      <trkpt lat="30.751689970493316650390625" lon="108.44531879760324954986572265625">
        <ele>414.600006103515625</ele>
        <time>2026-04-17T10:54:49.000Z</time>
        <extensions>
          <ns3:TrackPointExtension>
            <ns3:hr>153</ns3:hr>
            <ns3:cad>93</ns3:cad>
          </ns3:TrackPointExtension>
        </extensions>
      </trkpt>
      <trkpt lat="30.751673877239227294921875" lon="108.445349894464015960693359375">
        <ele>414.600006103515625</ele>
        <time>2026-04-17T10:54:50.000Z</time>
        <extensions>
          <ns3:TrackPointExtension>
            <ns3:hr>153</ns3:hr>
            <ns3:cad>93</ns3:cad>
          </ns3:TrackPointExtension>
        </extensions>
      </trkpt>
      <trkpt lat="30.751665495336055755615234375" lon="108.44536833465099334716796875">
        <ele>414.600006103515625</ele>
        <time>2026-04-17T10:54:51.000Z</time>
        <extensions>
          <ns3:TrackPointExtension>
            <ns3:hr>153</ns3:hr>
            <ns3:cad>93</ns3:cad>
          </ns3:TrackPointExtension>
        </extensions>
      </trkpt>
      <trkpt lat="30.75165384449064731597900390625" lon="108.4454016946256160736083984375">
        <ele>414.600006103515625</ele>
        <time>2026-04-17T10:54:52.000Z</time>
        <extensions>
          <ns3:TrackPointExtension>
            <ns3:hr>152</ns3:hr>
            <ns3:cad>92</ns3:cad>
          </ns3:TrackPointExtension>
        </extensions>
      </trkpt>
      <trkpt lat="30.75165174901485443115234375" lon="108.44542407430708408355712890625">
        <ele>414.600006103515625</ele>
        <time>2026-04-17T10:54:53.000Z</time>
        <extensions>
          <ns3:TrackPointExtension>
            <ns3:hr>152</ns3:hr>
            <ns3:cad>92</ns3:cad>
          </ns3:TrackPointExtension>
        </extensions>
      </trkpt>
      <trkpt lat="30.75164294801652431488037109375" lon="108.44545642845332622528076171875">
        <ele>414.600006103515625</ele>
        <time>2026-04-17T10:54:54.000Z</time>
        <extensions>
          <ns3:TrackPointExtension>
            <ns3:hr>152</ns3:hr>
            <ns3:cad>92</ns3:cad>
          </ns3:TrackPointExtension>
        </extensions>
      </trkpt>
      <trkpt lat="30.7516361586749553680419921875" lon="108.44548098742961883544921875">
        <ele>414.600006103515625</ele>
        <time>2026-04-17T10:54:55.000Z</time>
        <extensions>
          <ns3:TrackPointExtension>
            <ns3:hr>152</ns3:hr>
            <ns3:cad>92</ns3:cad>
          </ns3:TrackPointExtension>
        </extensions>
      </trkpt>
      <trkpt lat="30.75162836350500583648681640625" lon="108.44550722278654575347900390625">
        <ele>414.600006103515625</ele>
        <time>2026-04-17T10:54:56.000Z</time>
        <extensions>
          <ns3:TrackPointExtension>
            <ns3:hr>152</ns3:hr>
            <ns3:cad>92</ns3:cad>
          </ns3:TrackPointExtension>
        </extensions>
      </trkpt>
      <trkpt lat="30.7516242563724517822265625" lon="108.4455311112105846405029296875">
        <ele>414.600006103515625</ele>
        <time>2026-04-17T10:54:57.000Z</time>
        <extensions>
          <ns3:TrackPointExtension>
            <ns3:hr>152</ns3:hr>
            <ns3:cad>92</ns3:cad>
          </ns3:TrackPointExtension>
        </extensions>
      </trkpt>
      <trkpt lat="30.75161947868764400482177734375" lon="108.44555206596851348876953125">
        <ele>414.600006103515625</ele>
        <time>2026-04-17T10:54:58.000Z</time>
        <extensions>
          <ns3:TrackPointExtension>
            <ns3:hr>152</ns3:hr>
            <ns3:cad>92</ns3:cad>
          </ns3:TrackPointExtension>
        </extensions>
      </trkpt>
      <trkpt lat="30.75161595828831195831298828125" lon="108.4455850906670093536376953125">
        <ele>414.600006103515625</ele>
        <time>2026-04-17T10:54:59.000Z</time>
        <extensions>
          <ns3:TrackPointExtension>
            <ns3:hr>151</ns3:hr>
            <ns3:cad>92</ns3:cad>
          </ns3:TrackPointExtension>
        </extensions>
      </trkpt>
      <trkpt lat="30.75161612592637538909912109375" lon="108.4456075541675090789794921875">
        <ele>414.600006103515625</ele>
        <time>2026-04-17T10:55:00.000Z</time>
        <extensions>
          <ns3:TrackPointExtension>
            <ns3:hr>151</ns3:hr>
            <ns3:cad>92</ns3:cad>
          </ns3:TrackPointExtension>
        </extensions>
      </trkpt>
      <trkpt lat="30.75161377899348735809326171875" lon="108.44563865102827548980712890625">
        <ele>414.600006103515625</ele>
        <time>2026-04-17T10:55:01.000Z</time>
        <extensions>
          <ns3:TrackPointExtension>
            <ns3:hr>151</ns3:hr>
            <ns3:cad>92</ns3:cad>
          </ns3:TrackPointExtension>
        </extensions>
      </trkpt>
      <trkpt lat="30.7516177184879779815673828125" lon="108.4456611983478069305419921875">
        <ele>414.399993896484375</ele>
        <time>2026-04-17T10:55:02.000Z</time>
        <extensions>
          <ns3:TrackPointExtension>
            <ns3:hr>151</ns3:hr>
            <ns3:cad>92</ns3:cad>
          </ns3:TrackPointExtension>
        </extensions>
      </trkpt>
      <trkpt lat="30.7516126893460750579833984375" lon="108.44569195993244647979736328125">
        <ele>414.399993896484375</ele>
        <time>2026-04-17T10:55:03.000Z</time>
        <extensions>
          <ns3:TrackPointExtension>
            <ns3:hr>151</ns3:hr>
            <ns3:cad>92</ns3:cad>
          </ns3:TrackPointExtension>
        </extensions>
      </trkpt>
      <trkpt lat="30.7516190595924854278564453125" lon="108.445716686546802520751953125">
        <ele>414.399993896484375</ele>
        <time>2026-04-17T10:55:04.000Z</time>
        <extensions>
          <ns3:TrackPointExtension>
            <ns3:hr>151</ns3:hr>
            <ns3:cad>92</ns3:cad>
          </ns3:TrackPointExtension>
        </extensions>
      </trkpt>
      <trkpt lat="30.75161981396377086639404296875" lon="108.44574912451207637786865234375">
        <ele>414.399993896484375</ele>
        <time>2026-04-17T10:55:05.000Z</time>
        <extensions>
          <ns3:TrackPointExtension>
            <ns3:hr>150</ns3:hr>
            <ns3:cad>92</ns3:cad>
          </ns3:TrackPointExtension>
        </extensions>
      </trkpt>
      <trkpt lat="30.75162752531468868255615234375" lon="108.44577066600322723388671875">
        <ele>414.399993896484375</ele>
        <time>2026-04-17T10:55:06.000Z</time>
        <extensions>
          <ns3:TrackPointExtension>
            <ns3:hr>151</ns3:hr>
            <ns3:cad>93</ns3:cad>
          </ns3:TrackPointExtension>
        </extensions>
      </trkpt>
      <trkpt lat="30.75162802822887897491455078125" lon="108.4457946382462978363037109375">
        <ele>414.399993896484375</ele>
        <time>2026-04-17T10:55:07.000Z</time>
        <extensions>
          <ns3:TrackPointExtension>
            <ns3:hr>151</ns3:hr>
            <ns3:cad>93</ns3:cad>
          </ns3:TrackPointExtension>
        </extensions>
      </trkpt>
      <trkpt lat="30.75163439847528934478759765625" lon="108.4458191134035587310791015625">
        <ele>414.399993896484375</ele>
        <time>2026-04-17T10:55:08.000Z</time>
        <extensions>
          <ns3:TrackPointExtension>
            <ns3:hr>151</ns3:hr>
            <ns3:cad>93</ns3:cad>
          </ns3:TrackPointExtension>
        </extensions>
      </trkpt>
      <trkpt lat="30.7516403496265411376953125" lon="108.44584534876048564910888671875">
        <ele>414.399993896484375</ele>
        <time>2026-04-17T10:55:09.000Z</time>
        <extensions>
          <ns3:TrackPointExtension>
            <ns3:hr>151</ns3:hr>
            <ns3:cad>93</ns3:cad>
          </ns3:TrackPointExtension>
        </extensions>
      </trkpt>
      <trkpt lat="30.75165132991969585418701171875" lon="108.44587753526866436004638671875">
        <ele>414.399993896484375</ele>
        <time>2026-04-17T10:55:10.000Z</time>
        <extensions>
          <ns3:TrackPointExtension>
            <ns3:hr>151</ns3:hr>
            <ns3:cad>92</ns3:cad>
          </ns3:TrackPointExtension>
        </extensions>
      </trkpt>
      <trkpt lat="30.75166071765124797821044921875" lon="108.44589748419821262359619140625">
        <ele>414.399993896484375</ele>
        <time>2026-04-17T10:55:11.000Z</time>
        <extensions>
          <ns3:TrackPointExtension>
            <ns3:hr>151</ns3:hr>
            <ns3:cad>91</ns3:cad>
          </ns3:TrackPointExtension>
        </extensions>
      </trkpt>
      <trkpt lat="30.7516723684966564178466796875" lon="108.4459269046783447265625">
        <ele>414.399993896484375</ele>
        <time>2026-04-17T10:55:12.000Z</time>
        <extensions>
          <ns3:TrackPointExtension>
            <ns3:hr>151</ns3:hr>
            <ns3:cad>91</ns3:cad>
          </ns3:TrackPointExtension>
        </extensions>
      </trkpt>
      <trkpt lat="30.7516859471797943115234375" lon="108.4459414891898632049560546875">
        <ele>414.399993896484375</ele>
        <time>2026-04-17T10:55:13.000Z</time>
        <extensions>
          <ns3:TrackPointExtension>
            <ns3:hr>151</ns3:hr>
            <ns3:cad>92</ns3:cad>
          </ns3:TrackPointExtension>
        </extensions>
      </trkpt>
      <trkpt lat="30.7516988553106784820556640625" lon="108.44596722163259983062744140625">
        <ele>414.399993896484375</ele>
        <time>2026-04-17T10:55:14.000Z</time>
        <extensions>
          <ns3:TrackPointExtension>
            <ns3:hr>151</ns3:hr>
            <ns3:cad>93</ns3:cad>
          </ns3:TrackPointExtension>
        </extensions>
      </trkpt>
      <trkpt lat="30.75171419419348239898681640625" lon="108.4459823928773403167724609375">
        <ele>414.399993896484375</ele>
        <time>2026-04-17T10:55:15.000Z</time>
        <extensions>
          <ns3:TrackPointExtension>
            <ns3:hr>151</ns3:hr>
            <ns3:cad>93</ns3:cad>
          </ns3:TrackPointExtension>
        </extensions>
      </trkpt>
      <trkpt lat="30.75172894634306430816650390625" lon="108.44600804150104522705078125">
        <ele>414.399993896484375</ele>
        <time>2026-04-17T10:55:16.000Z</time>
        <extensions>
          <ns3:TrackPointExtension>
            <ns3:hr>151</ns3:hr>
            <ns3:cad>93</ns3:cad>
          </ns3:TrackPointExtension>
        </extensions>
      </trkpt>
      <trkpt lat="30.7517504878342151641845703125" lon="108.44602388329803943634033203125">
        <ele>414.399993896484375</ele>
        <time>2026-04-17T10:55:17.000Z</time>
        <extensions>
          <ns3:TrackPointExtension>
            <ns3:hr>151</ns3:hr>
            <ns3:cad>92</ns3:cad>
          </ns3:TrackPointExtension>
        </extensions>
      </trkpt>
      <trkpt lat="30.75176415033638477325439453125" lon="108.44604064710438251495361328125">
        <ele>414.399993896484375</ele>
        <time>2026-04-17T10:55:18.000Z</time>
        <extensions>
          <ns3:TrackPointExtension>
            <ns3:hr>151</ns3:hr>
            <ns3:cad>92</ns3:cad>
          </ns3:TrackPointExtension>
        </extensions>
      </trkpt>
      <trkpt lat="30.7517870329320430755615234375" lon="108.4460514597594738006591796875">
        <ele>414.399993896484375</ele>
        <time>2026-04-17T10:55:19.000Z</time>
        <extensions>
          <ns3:TrackPointExtension>
            <ns3:hr>151</ns3:hr>
            <ns3:cad>92</ns3:cad>
          </ns3:TrackPointExtension>
        </extensions>
      </trkpt>
      <trkpt lat="30.7518031261861324310302734375" lon="108.44606327824294567108154296875">
        <ele>414.399993896484375</ele>
        <time>2026-04-17T10:55:20.000Z</time>
        <extensions>
          <ns3:TrackPointExtension>
            <ns3:hr>151</ns3:hr>
            <ns3:cad>92</ns3:cad>
          </ns3:TrackPointExtension>
        </extensions>
      </trkpt>
      <trkpt lat="30.7518259249627590179443359375" lon="108.44608088023960590362548828125">
        <ele>414.399993896484375</ele>
        <time>2026-04-17T10:55:21.000Z</time>
        <extensions>
          <ns3:TrackPointExtension>
            <ns3:hr>150</ns3:hr>
            <ns3:cad>92</ns3:cad>
          </ns3:TrackPointExtension>
        </extensions>
      </trkpt>
      <trkpt lat="30.75184352695941925048828125" lon="108.446085490286350250244140625">
        <ele>414.399993896484375</ele>
        <time>2026-04-17T10:55:22.000Z</time>
        <extensions>
          <ns3:TrackPointExtension>
            <ns3:hr>150</ns3:hr>
            <ns3:cad>92</ns3:cad>
          </ns3:TrackPointExtension>
        </extensions>
      </trkpt>
      <trkpt lat="30.751865319907665252685546875" lon="108.44610502012073993682861328125">
        <ele>414.600006103515625</ele>
        <time>2026-04-17T10:55:23.000Z</time>
        <extensions>
          <ns3:TrackPointExtension>
            <ns3:hr>150</ns3:hr>
            <ns3:cad>92</ns3:cad>
          </ns3:TrackPointExtension>
        </extensions>
      </trkpt>
      <trkpt lat="30.7518832571804523468017578125" lon="108.44611424021422863006591796875">
        <ele>414.600006103515625</ele>
        <time>2026-04-17T10:55:24.000Z</time>
        <extensions>
          <ns3:TrackPointExtension>
            <ns3:hr>151</ns3:hr>
            <ns3:cad>92</ns3:cad>
          </ns3:TrackPointExtension>
        </extensions>
      </trkpt>
      <trkpt lat="30.751902200281620025634765625" lon="108.4461352787911891937255859375">
        <ele>414.600006103515625</ele>
        <time>2026-04-17T10:55:25.000Z</time>
        <extensions>
          <ns3:TrackPointExtension>
            <ns3:hr>150</ns3:hr>
            <ns3:cad>92</ns3:cad>
          </ns3:TrackPointExtension>
        </extensions>
      </trkpt>
      <trkpt lat="30.75192474760115146636962890625" lon="108.4461486898362636566162109375">
        <ele>414.600006103515625</ele>
        <time>2026-04-17T10:55:26.000Z</time>
        <extensions>
          <ns3:TrackPointExtension>
            <ns3:hr>150</ns3:hr>
            <ns3:cad>92</ns3:cad>
          </ns3:TrackPointExtension>
        </extensions>
      </trkpt>
      <trkpt lat="30.75194419361650943756103515625" lon="108.4461647830903530120849609375">
        <ele>414.600006103515625</ele>
        <time>2026-04-17T10:55:27.000Z</time>
        <extensions>
          <ns3:TrackPointExtension>
            <ns3:hr>150</ns3:hr>
            <ns3:cad>92</ns3:cad>
          </ns3:TrackPointExtension>
        </extensions>
      </trkpt>
      <trkpt lat="30.75197017751634120941162109375" lon="108.44616738148033618927001953125">
        <ele>414.600006103515625</ele>
        <time>2026-04-17T10:55:28.000Z</time>
        <extensions>
          <ns3:TrackPointExtension>
            <ns3:hr>151</ns3:hr>
            <ns3:cad>92</ns3:cad>
          </ns3:TrackPointExtension>
        </extensions>
      </trkpt>
      <trkpt lat="30.7519885338842868804931640625" lon="108.446167297661304473876953125">
        <ele>414.600006103515625</ele>
        <time>2026-04-17T10:55:29.000Z</time>
        <extensions>
          <ns3:TrackPointExtension>
            <ns3:hr>150</ns3:hr>
            <ns3:cad>92</ns3:cad>
          </ns3:TrackPointExtension>
        </extensions>
      </trkpt>
      <trkpt lat="30.7520146854221820831298828125" lon="108.446165956556797027587890625">
        <ele>414.600006103515625</ele>
        <time>2026-04-17T10:55:30.000Z</time>
        <extensions>
          <ns3:TrackPointExtension>
            <ns3:hr>151</ns3:hr>
            <ns3:cad>92</ns3:cad>
          </ns3:TrackPointExtension>
        </extensions>
      </trkpt>
      <trkpt lat="30.75203320942819118499755859375" lon="108.4461661241948604583740234375">
        <ele>414.399993896484375</ele>
        <time>2026-04-17T10:55:31.000Z</time>
        <extensions>
          <ns3:TrackPointExtension>
            <ns3:hr>151</ns3:hr>
            <ns3:cad>92</ns3:cad>
          </ns3:TrackPointExtension>
        </extensions>
      </trkpt>
      <trkpt lat="30.75205835513770580291748046875" lon="108.44617073424160480499267578125">
        <ele>414.600006103515625</ele>
        <time>2026-04-17T10:55:32.000Z</time>
        <extensions>
          <ns3:TrackPointExtension>
            <ns3:hr>151</ns3:hr>
            <ns3:cad>92</ns3:cad>
          </ns3:TrackPointExtension>
        </extensions>
      </trkpt>
      <trkpt lat="30.75207394547760486602783203125" lon="108.44616503454744815826416015625">
        <ele>414.399993896484375</ele>
        <time>2026-04-17T10:55:33.000Z</time>
        <extensions>
          <ns3:TrackPointExtension>
            <ns3:hr>150</ns3:hr>
            <ns3:cad>92</ns3:cad>
          </ns3:TrackPointExtension>
        </extensions>
      </trkpt>
      <trkpt lat="30.7520974986255168914794921875" lon="108.4461664594709873199462890625">
        <ele>414.399993896484375</ele>
        <time>2026-04-17T10:55:34.000Z</time>
        <extensions>
          <ns3:TrackPointExtension>
            <ns3:hr>151</ns3:hr>
            <ns3:cad>92</ns3:cad>
          </ns3:TrackPointExtension>
        </extensions>
      </trkpt>
      <trkpt lat="30.75211820192635059356689453125" lon="108.4461614303290843963623046875">
        <ele>414.399993896484375</ele>
        <time>2026-04-17T10:55:35.000Z</time>
        <extensions>
          <ns3:TrackPointExtension>
            <ns3:hr>151</ns3:hr>
            <ns3:cad>92</ns3:cad>
          </ns3:TrackPointExtension>
        </extensions>
      </trkpt>
      <trkpt lat="30.7521390728652477264404296875" lon="108.44616319052875041961669921875">
        <ele>414.399993896484375</ele>
        <time>2026-04-17T10:55:36.000Z</time>
        <extensions>
          <ns3:TrackPointExtension>
            <ns3:hr>150</ns3:hr>
            <ns3:cad>92</ns3:cad>
          </ns3:TrackPointExtension>
        </extensions>
      </trkpt>
      <trkpt lat="30.75216480530798435211181640625" lon="108.446164615452289581298828125">
        <ele>414.399993896484375</ele>
        <time>2026-04-17T10:55:37.000Z</time>
        <extensions>
          <ns3:TrackPointExtension>
            <ns3:hr>151</ns3:hr>
            <ns3:cad>94</ns3:cad>
          </ns3:TrackPointExtension>
        </extensions>
      </trkpt>
      <trkpt lat="30.75218643061816692352294921875" lon="108.44616587273776531219482421875">
        <ele>414.399993896484375</ele>
        <time>2026-04-17T10:55:38.000Z</time>
        <extensions>
          <ns3:TrackPointExtension>
            <ns3:hr>151</ns3:hr>
            <ns3:cad>94</ns3:cad>
          </ns3:TrackPointExtension>
        </extensions>
      </trkpt>
      <trkpt lat="30.75221233069896697998046875" lon="108.4461621008813381195068359375">
        <ele>414.399993896484375</ele>
        <time>2026-04-17T10:55:39.000Z</time>
        <extensions>
          <ns3:TrackPointExtension>
            <ns3:hr>150</ns3:hr>
            <ns3:cad>94</ns3:cad>
          </ns3:TrackPointExtension>
        </extensions>
      </trkpt>
      <trkpt lat="30.75223102234303951263427734375" lon="108.4461617656052112579345703125">
        <ele>414.399993896484375</ele>
        <time>2026-04-17T10:55:40.000Z</time>
        <extensions>
          <ns3:TrackPointExtension>
            <ns3:hr>151</ns3:hr>
            <ns3:cad>93</ns3:cad>
          </ns3:TrackPointExtension>
        </extensions>
      </trkpt>
      <trkpt lat="30.75225868262350559234619140625" lon="108.4461621008813381195068359375">
        <ele>414.600006103515625</ele>
        <time>2026-04-17T10:55:41.000Z</time>
        <extensions>
          <ns3:TrackPointExtension>
            <ns3:hr>151</ns3:hr>
            <ns3:cad>92</ns3:cad>
          </ns3:TrackPointExtension>
        </extensions>
      </trkpt>
      <trkpt lat="30.75227930210530757904052734375" lon="108.446160592138767242431640625">
        <ele>414.399993896484375</ele>
        <time>2026-04-17T10:55:42.000Z</time>
        <extensions>
          <ns3:TrackPointExtension>
            <ns3:hr>150</ns3:hr>
            <ns3:cad>92</ns3:cad>
          </ns3:TrackPointExtension>
        </extensions>
      </trkpt>
      <trkpt lat="30.75230461545288562774658203125" lon="108.44616604037582874298095703125">
        <ele>414.399993896484375</ele>
        <time>2026-04-17T10:55:43.000Z</time>
        <extensions>
          <ns3:TrackPointExtension>
            <ns3:hr>151</ns3:hr>
            <ns3:cad>92</ns3:cad>
          </ns3:TrackPointExtension>
        </extensions>
      </trkpt>
      <trkpt lat="30.75232674367725849151611328125" lon="108.44615866430103778839111328125">
        <ele>414.399993896484375</ele>
        <time>2026-04-17T10:55:44.000Z</time>
        <extensions>
          <ns3:TrackPointExtension>
            <ns3:hr>151</ns3:hr>
            <ns3:cad>92</ns3:cad>
          </ns3:TrackPointExtension>
        </extensions>
      </trkpt>
      <trkpt lat="30.7523513026535511016845703125" lon="108.44616495072841644287109375">
        <ele>414.399993896484375</ele>
        <time>2026-04-17T10:55:45.000Z</time>
        <extensions>
          <ns3:TrackPointExtension>
            <ns3:hr>150</ns3:hr>
            <ns3:cad>92</ns3:cad>
          </ns3:TrackPointExtension>
        </extensions>
      </trkpt>
      <trkpt lat="30.7523739337921142578125" lon="108.446161262691020965576171875">
        <ele>414.399993896484375</ele>
        <time>2026-04-17T10:55:46.000Z</time>
        <extensions>
          <ns3:TrackPointExtension>
            <ns3:hr>151</ns3:hr>
            <ns3:cad>92</ns3:cad>
          </ns3:TrackPointExtension>
        </extensions>
      </trkpt>
      <trkpt lat="30.7523958943784236907958984375" lon="108.446164615452289581298828125">
        <ele>414.399993896484375</ele>
        <time>2026-04-17T10:55:47.000Z</time>
        <extensions>
          <ns3:TrackPointExtension>
            <ns3:hr>151</ns3:hr>
            <ns3:cad>92</ns3:cad>
          </ns3:TrackPointExtension>
        </extensions>
      </trkpt>
      <trkpt lat="30.75241886079311370849609375" lon="108.44616268761456012725830078125">
        <ele>414.399993896484375</ele>
        <time>2026-04-17T10:55:48.000Z</time>
        <extensions>
          <ns3:TrackPointExtension>
            <ns3:hr>150</ns3:hr>
            <ns3:cad>92</ns3:cad>
          </ns3:TrackPointExtension>
        </extensions>
      </trkpt>
      <trkpt lat="30.7524383068084716796875" lon="108.44616436399519443511962890625">
        <ele>414.399993896484375</ele>
        <time>2026-04-17T10:55:49.000Z</time>
        <extensions>
          <ns3:TrackPointExtension>
            <ns3:hr>151</ns3:hr>
            <ns3:cad>93</ns3:cad>
          </ns3:TrackPointExtension>
        </extensions>
      </trkpt>
      <trkpt lat="30.75246185995638370513916015625" lon="108.44617056660354137420654296875">
        <ele>414.399993896484375</ele>
        <time>2026-04-17T10:55:50.000Z</time>
        <extensions>
          <ns3:TrackPointExtension>
            <ns3:hr>150</ns3:hr>
            <ns3:cad>94</ns3:cad>
          </ns3:TrackPointExtension>
        </extensions>
      </trkpt>
      <trkpt lat="30.7524825632572174072265625" lon="108.44616520218551158905029296875">
        <ele>414.399993896484375</ele>
        <time>2026-04-17T10:55:51.000Z</time>
        <extensions>
          <ns3:TrackPointExtension>
            <ns3:hr>150</ns3:hr>
            <ns3:cad>93</ns3:cad>
          </ns3:TrackPointExtension>
        </extensions>
      </trkpt>
      <trkpt lat="30.75250603258609771728515625" lon="108.44617006368935108184814453125">
        <ele>414.399993896484375</ele>
        <time>2026-04-17T10:55:52.000Z</time>
        <extensions>
          <ns3:TrackPointExtension>
            <ns3:hr>150</ns3:hr>
            <ns3:cad>92</ns3:cad>
          </ns3:TrackPointExtension>
        </extensions>
      </trkpt>
      <trkpt lat="30.75252472423017024993896484375" lon="108.44616386108100414276123046875">
        <ele>414.399993896484375</ele>
        <time>2026-04-17T10:55:53.000Z</time>
        <extensions>
          <ns3:TrackPointExtension>
            <ns3:hr>149</ns3:hr>
            <ns3:cad>92</ns3:cad>
          </ns3:TrackPointExtension>
        </extensions>
      </trkpt>
      <trkpt lat="30.75254685245454311370849609375" lon="108.44616671092808246612548828125">
        <ele>414.399993896484375</ele>
        <time>2026-04-17T10:55:54.000Z</time>
        <extensions>
          <ns3:TrackPointExtension>
            <ns3:hr>149</ns3:hr>
            <ns3:cad>92</ns3:cad>
          </ns3:TrackPointExtension>
        </extensions>
      </trkpt>
      <trkpt lat="30.75256981886923313140869140625" lon="108.446163274347782135009765625">
        <ele>414.399993896484375</ele>
        <time>2026-04-17T10:55:55.000Z</time>
        <extensions>
          <ns3:TrackPointExtension>
            <ns3:hr>149</ns3:hr>
            <ns3:cad>93</ns3:cad>
          </ns3:TrackPointExtension>
        </extensions>
      </trkpt>
      <trkpt lat="30.75258675031363964080810546875" lon="108.446166627109050750732421875">
        <ele>414.399993896484375</ele>
        <time>2026-04-17T10:55:56.000Z</time>
        <extensions>
          <ns3:TrackPointExtension>
            <ns3:hr>149</ns3:hr>
            <ns3:cad>93</ns3:cad>
          </ns3:TrackPointExtension>
        </extensions>
      </trkpt>
      <trkpt lat="30.75261374004185199737548828125" lon="108.44616771675646305084228515625">
        <ele>414.399993896484375</ele>
        <time>2026-04-17T10:55:57.000Z</time>
        <extensions>
          <ns3:TrackPointExtension>
            <ns3:hr>150</ns3:hr>
            <ns3:cad>93</ns3:cad>
          </ns3:TrackPointExtension>
        </extensions>
      </trkpt>
      <trkpt lat="30.75263134203851222991943359375" lon="108.446167968213558197021484375">
        <ele>414.399993896484375</ele>
        <time>2026-04-17T10:55:58.000Z</time>
        <extensions>
          <ns3:TrackPointExtension>
            <ns3:hr>149</ns3:hr>
            <ns3:cad>94</ns3:cad>
          </ns3:TrackPointExtension>
        </extensions>
      </trkpt>
      <trkpt lat="30.75265866704285144805908203125" lon="108.44617157243192195892333984375">
        <ele>414.399993896484375</ele>
        <time>2026-04-17T10:55:59.000Z</time>
        <extensions>
          <ns3:TrackPointExtension>
            <ns3:hr>149</ns3:hr>
            <ns3:cad>93</ns3:cad>
          </ns3:TrackPointExtension>
        </extensions>
      </trkpt>
      <trkpt lat="30.752679370343685150146484375" lon="108.446171991527080535888671875">
        <ele>414.399993896484375</ele>
        <time>2026-04-17T10:56:00.000Z</time>
        <extensions>
          <ns3:TrackPointExtension>
            <ns3:hr>149</ns3:hr>
            <ns3:cad>94</ns3:cad>
          </ns3:TrackPointExtension>
        </extensions>
      </trkpt>
      <trkpt lat="30.7527060247957706451416015625" lon="108.4461724944412708282470703125">
        <ele>414.399993896484375</ele>
        <time>2026-04-17T10:56:01.000Z</time>
        <extensions>
          <ns3:TrackPointExtension>
            <ns3:hr>149</ns3:hr>
            <ns3:cad>94</ns3:cad>
          </ns3:TrackPointExtension>
        </extensions>
      </trkpt>
      <trkpt lat="30.7527315057814121246337890625" lon="108.4461664594709873199462890625">
        <ele>414.399993896484375</ele>
        <time>2026-04-17T10:56:02.000Z</time>
        <extensions>
          <ns3:TrackPointExtension>
            <ns3:hr>147</ns3:hr>
            <ns3:cad>94</ns3:cad>
          </ns3:TrackPointExtension>
        </extensions>
      </trkpt>
      <trkpt lat="30.7527543045580387115478515625" lon="108.4461696445941925048828125">
        <ele>414.399993896484375</ele>
        <time>2026-04-17T10:56:03.000Z</time>
        <extensions>
          <ns3:TrackPointExtension>
            <ns3:hr>146</ns3:hr>
            <ns3:cad>94</ns3:cad>
          </ns3:TrackPointExtension>
        </extensions>
      </trkpt>
      <trkpt lat="30.75277500785887241363525390625" lon="108.44616922549903392791748046875">
        <ele>414.399993896484375</ele>
        <time>2026-04-17T10:56:04.000Z</time>
        <extensions>
          <ns3:TrackPointExtension>
            <ns3:hr>146</ns3:hr>
            <ns3:cad>93</ns3:cad>
          </ns3:TrackPointExtension>
        </extensions>
      </trkpt>
      <trkpt lat="30.75279545970261096954345703125" lon="108.4461721591651439666748046875">
        <ele>414.399993896484375</ele>
        <time>2026-04-17T10:56:05.000Z</time>
        <extensions>
          <ns3:TrackPointExtension>
            <ns3:hr>145</ns3:hr>
            <ns3:cad>93</ns3:cad>
          </ns3:TrackPointExtension>
        </extensions>
      </trkpt>
      <trkpt lat="30.75281758792698383331298828125" lon="108.44617291353642940521240234375">
        <ele>414.399993896484375</ele>
        <time>2026-04-17T10:56:06.000Z</time>
        <extensions>
          <ns3:TrackPointExtension>
            <ns3:hr>145</ns3:hr>
            <ns3:cad>93</ns3:cad>
          </ns3:TrackPointExtension>
        </extensions>
      </trkpt>
      <trkpt lat="30.7528347708284854888916015625" lon="108.446177355945110321044921875">
        <ele>414.399993896484375</ele>
        <time>2026-04-17T10:56:07.000Z</time>
        <extensions>
          <ns3:TrackPointExtension>
            <ns3:hr>145</ns3:hr>
            <ns3:cad>92</ns3:cad>
          </ns3:TrackPointExtension>
        </extensions>
      </trkpt>
      <trkpt lat="30.7528622634708881378173828125" lon="108.4461704827845096588134765625">
        <ele>414.399993896484375</ele>
        <time>2026-04-17T10:56:08.000Z</time>
        <extensions>
          <ns3:TrackPointExtension>
            <ns3:hr>145</ns3:hr>
            <ns3:cad>92</ns3:cad>
          </ns3:TrackPointExtension>
        </extensions>
      </trkpt>
      <trkpt lat="30.75288397260010242462158203125" lon="108.44616872258484363555908203125">
        <ele>414.399993896484375</ele>
        <time>2026-04-17T10:56:09.000Z</time>
        <extensions>
          <ns3:TrackPointExtension>
            <ns3:hr>144</ns3:hr>
            <ns3:cad>92</ns3:cad>
          </ns3:TrackPointExtension>
        </extensions>
      </trkpt>
      <trkpt lat="30.75291180051863193511962890625" lon="108.4461641125380992889404296875">
        <ele>414.399993896484375</ele>
        <time>2026-04-17T10:56:10.000Z</time>
        <extensions>
          <ns3:TrackPointExtension>
            <ns3:hr>145</ns3:hr>
            <ns3:cad>92</ns3:cad>
          </ns3:TrackPointExtension>
        </extensions>
      </trkpt>
      <trkpt lat="30.7529313303530216217041015625" lon="108.4461577422916889190673828125">
        <ele>414.399993896484375</ele>
        <time>2026-04-17T10:56:11.000Z</time>
        <extensions>
          <ns3:TrackPointExtension>
            <ns3:hr>145</ns3:hr>
            <ns3:cad>92</ns3:cad>
          </ns3:TrackPointExtension>
        </extensions>
      </trkpt>
      <trkpt lat="30.75295655988156795501708984375" lon="108.446161262691020965576171875">
        <ele>414.399993896484375</ele>
        <time>2026-04-17T10:56:12.000Z</time>
        <extensions>
          <ns3:TrackPointExtension>
            <ns3:hr>144</ns3:hr>
            <ns3:cad>94</ns3:cad>
          </ns3:TrackPointExtension>
        </extensions>
      </trkpt>
      <trkpt lat="30.75298103503882884979248046875" lon="108.44615564681589603424072265625">
        <ele>414.399993896484375</ele>
        <time>2026-04-17T10:56:13.000Z</time>
        <extensions>
          <ns3:TrackPointExtension>
            <ns3:hr>145</ns3:hr>
            <ns3:cad>94</ns3:cad>
          </ns3:TrackPointExtension>
        </extensions>
      </trkpt>
      <trkpt lat="30.75300433672964572906494140625" lon="108.44616268761456012725830078125">
        <ele>414.399993896484375</ele>
        <time>2026-04-17T10:56:14.000Z</time>
        <extensions>
          <ns3:TrackPointExtension>
            <ns3:hr>145</ns3:hr>
            <ns3:cad>94</ns3:cad>
          </ns3:TrackPointExtension>
        </extensions>
      </trkpt>
      <trkpt lat="30.75302713550627231597900390625" lon="108.44615430571138858795166015625">
        <ele>414.399993896484375</ele>
        <time>2026-04-17T10:56:15.000Z</time>
        <extensions>
          <ns3:TrackPointExtension>
            <ns3:hr>144</ns3:hr>
            <ns3:cad>92</ns3:cad>
          </ns3:TrackPointExtension>
        </extensions>
      </trkpt>
      <trkpt lat="30.7530463300645351409912109375" lon="108.44614961184561252593994140625">
        <ele>414.399993896484375</ele>
        <time>2026-04-17T10:56:16.000Z</time>
        <extensions>
          <ns3:TrackPointExtension>
            <ns3:hr>145</ns3:hr>
            <ns3:cad>92</ns3:cad>
          </ns3:TrackPointExtension>
        </extensions>
      </trkpt>
      <trkpt lat="30.753068290650844573974609375" lon="108.44613276422023773193359375">
        <ele>414.399993896484375</ele>
        <time>2026-04-17T10:56:17.000Z</time>
        <extensions>
          <ns3:TrackPointExtension>
            <ns3:hr>145</ns3:hr>
            <ns3:cad>92</ns3:cad>
          </ns3:TrackPointExtension>
        </extensions>
      </trkpt>
      <trkpt lat="30.753081031143665313720703125" lon="108.446117006242275238037109375">
        <ele>414.399993896484375</ele>
        <time>2026-04-17T10:56:18.000Z</time>
        <extensions>
          <ns3:TrackPointExtension>
            <ns3:hr>145</ns3:hr>
            <ns3:cad>93</ns3:cad>
          </ns3:TrackPointExtension>
        </extensions>
      </trkpt>
      <trkpt lat="30.75310089625418186187744140625" lon="108.4460926987230777740478515625">
        <ele>414.399993896484375</ele>
        <time>2026-04-17T10:56:19.000Z</time>
        <extensions>
          <ns3:TrackPointExtension>
            <ns3:hr>145</ns3:hr>
            <ns3:cad>93</ns3:cad>
          </ns3:TrackPointExtension>
        </extensions>
      </trkpt>
      <trkpt lat="30.75310952961444854736328125" lon="108.44607316888868808746337890625">
        <ele>414.399993896484375</ele>
        <time>2026-04-17T10:56:20.000Z</time>
        <extensions>
          <ns3:TrackPointExtension>
            <ns3:hr>146</ns3:hr>
            <ns3:cad>93</ns3:cad>
          </ns3:TrackPointExtension>
        </extensions>
      </trkpt>
      <trkpt lat="30.753134675323963165283203125" lon="108.44605824910104274749755859375">
        <ele>414.20001220703125</ele>
        <time>2026-04-17T10:56:21.000Z</time>
        <extensions>
          <ns3:TrackPointExtension>
            <ns3:hr>147</ns3:hr>
            <ns3:cad>93</ns3:cad>
          </ns3:TrackPointExtension>
        </extensions>
      </trkpt>
      <trkpt lat="30.753149092197418212890625" lon="108.4460427425801753997802734375">
        <ele>414.20001220703125</ele>
        <time>2026-04-17T10:56:22.000Z</time>
        <extensions>
          <ns3:TrackPointExtension>
            <ns3:hr>147</ns3:hr>
            <ns3:cad>93</ns3:cad>
          </ns3:TrackPointExtension>
        </extensions>
      </trkpt>
      <trkpt lat="30.75317465700209140777587890625" lon="108.44603142701089382171630859375">
        <ele>414.20001220703125</ele>
        <time>2026-04-17T10:56:23.000Z</time>
        <extensions>
          <ns3:TrackPointExtension>
            <ns3:hr>148</ns3:hr>
            <ns3:cad>93</ns3:cad>
          </ns3:TrackPointExtension>
        </extensions>
      </trkpt>
      <trkpt lat="30.7531901635229587554931640625" lon="108.44601340591907501220703125">
        <ele>414.20001220703125</ele>
        <time>2026-04-17T10:56:24.000Z</time>
        <extensions>
          <ns3:TrackPointExtension>
            <ns3:hr>148</ns3:hr>
            <ns3:cad>94</ns3:cad>
          </ns3:TrackPointExtension>
        </extensions>
      </trkpt>
      <trkpt lat="30.7532102800905704498291015625" lon="108.445996977388858795166015625">
        <ele>414.399993896484375</ele>
        <time>2026-04-17T10:56:25.000Z</time>
        <extensions>
          <ns3:TrackPointExtension>
            <ns3:hr>149</ns3:hr>
            <ns3:cad>94</ns3:cad>
          </ns3:TrackPointExtension>
        </extensions>
      </trkpt>
      <trkpt lat="30.7532203383743762969970703125" lon="108.44597392715513706207275390625">
        <ele>414.399993896484375</ele>
        <time>2026-04-17T10:56:26.000Z</time>
        <extensions>
          <ns3:TrackPointExtension>
            <ns3:hr>149</ns3:hr>
            <ns3:cad>94</ns3:cad>
          </ns3:TrackPointExtension>
        </extensions>
      </trkpt>
      <trkpt lat="30.75323291122913360595703125" lon="108.44595649279654026031494140625">
        <ele>414.399993896484375</ele>
        <time>2026-04-17T10:56:27.000Z</time>
        <extensions>
          <ns3:TrackPointExtension>
            <ns3:hr>149</ns3:hr>
            <ns3:cad>93</ns3:cad>
          </ns3:TrackPointExtension>
        </extensions>
      </trkpt>
      <trkpt lat="30.75324187986552715301513671875" lon="108.44593025743961334228515625">
        <ele>414.399993896484375</ele>
        <time>2026-04-17T10:56:28.000Z</time>
        <extensions>
          <ns3:TrackPointExtension>
            <ns3:hr>149</ns3:hr>
            <ns3:cad>93</ns3:cad>
          </ns3:TrackPointExtension>
        </extensions>
      </trkpt>
      <trkpt lat="30.7532508485019207000732421875" lon="108.445911817252635955810546875">
        <ele>414.399993896484375</ele>
        <time>2026-04-17T10:56:29.000Z</time>
        <extensions>
          <ns3:TrackPointExtension>
            <ns3:hr>150</ns3:hr>
            <ns3:cad>92</ns3:cad>
          </ns3:TrackPointExtension>
        </extensions>
      </trkpt>
      <trkpt lat="30.753258056938648223876953125" lon="108.4458824805915355682373046875">
        <ele>414.399993896484375</ele>
        <time>2026-04-17T10:56:30.000Z</time>
        <extensions>
          <ns3:TrackPointExtension>
            <ns3:hr>150</ns3:hr>
            <ns3:cad>92</ns3:cad>
          </ns3:TrackPointExtension>
        </extensions>
      </trkpt>
      <trkpt lat="30.75326099060475826263427734375" lon="108.4458586759865283966064453125">
        <ele>414.399993896484375</ele>
        <time>2026-04-17T10:56:31.000Z</time>
        <extensions>
          <ns3:TrackPointExtension>
            <ns3:hr>150</ns3:hr>
            <ns3:cad>93</ns3:cad>
          </ns3:TrackPointExtension>
        </extensions>
      </trkpt>
      <trkpt lat="30.75327004306018352508544921875" lon="108.44582565128803253173828125">
        <ele>414.20001220703125</ele>
        <time>2026-04-17T10:56:32.000Z</time>
        <extensions>
          <ns3:TrackPointExtension>
            <ns3:hr>149</ns3:hr>
            <ns3:cad>94</ns3:cad>
          </ns3:TrackPointExtension>
        </extensions>
      </trkpt>
      <trkpt lat="30.753271467983722686767578125" lon="108.44580310396850109100341796875">
        <ele>414.20001220703125</ele>
        <time>2026-04-17T10:56:33.000Z</time>
        <extensions>
          <ns3:TrackPointExtension>
            <ns3:hr>150</ns3:hr>
            <ns3:cad>93</ns3:cad>
          </ns3:TrackPointExtension>
        </extensions>
      </trkpt>
      <trkpt lat="30.75328052043914794921875" lon="108.445773012936115264892578125">
        <ele>414.20001220703125</ele>
        <time>2026-04-17T10:56:34.000Z</time>
        <extensions>
          <ns3:TrackPointExtension>
            <ns3:hr>150</ns3:hr>
            <ns3:cad>92</ns3:cad>
          </ns3:TrackPointExtension>
        </extensions>
      </trkpt>
      <trkpt lat="30.75328655540943145751953125" lon="108.44574996270239353179931640625">
        <ele>414.20001220703125</ele>
        <time>2026-04-17T10:56:35.000Z</time>
        <extensions>
          <ns3:TrackPointExtension>
            <ns3:hr>150</ns3:hr>
            <ns3:cad>92</ns3:cad>
          </ns3:TrackPointExtension>
        </extensions>
      </trkpt>
      <trkpt lat="30.75329116545617580413818359375" lon="108.445724062621593475341796875">
        <ele>414.20001220703125</ele>
        <time>2026-04-17T10:56:36.000Z</time>
        <extensions>
          <ns3:TrackPointExtension>
            <ns3:hr>150</ns3:hr>
            <ns3:cad>92</ns3:cad>
          </ns3:TrackPointExtension>
        </extensions>
      </trkpt>
      <trkpt lat="30.753293931484222412109375" lon="108.44569078646600246429443359375">
        <ele>414.20001220703125</ele>
        <time>2026-04-17T10:56:37.000Z</time>
        <extensions>
          <ns3:TrackPointExtension>
            <ns3:hr>149</ns3:hr>
            <ns3:cad>92</ns3:cad>
          </ns3:TrackPointExtension>
        </extensions>
      </trkpt>
      <trkpt lat="30.75329435057938098907470703125" lon="108.44566916115581989288330078125">
        <ele>414.20001220703125</ele>
        <time>2026-04-17T10:56:38.000Z</time>
        <extensions>
          <ns3:TrackPointExtension>
            <ns3:hr>149</ns3:hr>
            <ns3:cad>92</ns3:cad>
          </ns3:TrackPointExtension>
        </extensions>
      </trkpt>
      <trkpt lat="30.75329124927520751953125" lon="108.4456367231905460357666015625">
        <ele>414.20001220703125</ele>
        <time>2026-04-17T10:56:39.000Z</time>
        <extensions>
          <ns3:TrackPointExtension>
            <ns3:hr>149</ns3:hr>
            <ns3:cad>92</ns3:cad>
          </ns3:TrackPointExtension>
        </extensions>
      </trkpt>
      <trkpt lat="30.75329317711293697357177734375" lon="108.44561786390841007232666015625">
        <ele>414.20001220703125</ele>
        <time>2026-04-17T10:56:40.000Z</time>
        <extensions>
          <ns3:TrackPointExtension>
            <ns3:hr>149</ns3:hr>
            <ns3:cad>92</ns3:cad>
          </ns3:TrackPointExtension>
        </extensions>
      </trkpt>
      <trkpt lat="30.753298960626125335693359375" lon="108.44558567740023136138916015625">
        <ele>414.20001220703125</ele>
        <time>2026-04-17T10:56:41.000Z</time>
        <extensions>
          <ns3:TrackPointExtension>
            <ns3:hr>149</ns3:hr>
            <ns3:cad>92</ns3:cad>
          </ns3:TrackPointExtension>
        </extensions>
      </trkpt>
      <trkpt lat="30.753300301730632781982421875" lon="108.4455616213381290435791015625">
        <ele>414.20001220703125</ele>
        <time>2026-04-17T10:56:42.000Z</time>
        <extensions>
          <ns3:TrackPointExtension>
            <ns3:hr>149</ns3:hr>
            <ns3:cad>92</ns3:cad>
          </ns3:TrackPointExtension>
        </extensions>
      </trkpt>
      <trkpt lat="30.7533088512718677520751953125" lon="108.445526249706745147705078125">
        <ele>414.20001220703125</ele>
        <time>2026-04-17T10:56:43.000Z</time>
        <extensions>
          <ns3:TrackPointExtension>
            <ns3:hr>149</ns3:hr>
            <ns3:cad>93</ns3:cad>
          </ns3:TrackPointExtension>
        </extensions>
      </trkpt>
      <trkpt lat="30.7533018104732036590576171875" lon="108.4455063007771968841552734375">
        <ele>414.20001220703125</ele>
        <time>2026-04-17T10:56:44.000Z</time>
        <extensions>
          <ns3:TrackPointExtension>
            <ns3:hr>148</ns3:hr>
            <ns3:cad>94</ns3:cad>
          </ns3:TrackPointExtension>
        </extensions>
      </trkpt>
      <trkpt lat="30.75329854153096675872802734375" lon="108.44547704793512821197509765625">
        <ele>414.20001220703125</ele>
        <time>2026-04-17T10:56:45.000Z</time>
        <extensions>
          <ns3:TrackPointExtension>
            <ns3:hr>148</ns3:hr>
            <ns3:cad>94</ns3:cad>
          </ns3:TrackPointExtension>
        </extensions>
      </trkpt>
      <trkpt lat="30.75329099781811237335205078125" lon="108.44545341096818447113037109375">
        <ele>414.20001220703125</ele>
        <time>2026-04-17T10:56:46.000Z</time>
        <extensions>
          <ns3:TrackPointExtension>
            <ns3:hr>148</ns3:hr>
            <ns3:cad>93</ns3:cad>
          </ns3:TrackPointExtension>
        </extensions>
      </trkpt>
      <trkpt lat="30.75328814797103404998779296875" lon="108.44542725943028926849365234375">
        <ele>414.20001220703125</ele>
        <time>2026-04-17T10:56:47.000Z</time>
        <extensions>
          <ns3:TrackPointExtension>
            <ns3:hr>147</ns3:hr>
            <ns3:cad>92</ns3:cad>
          </ns3:TrackPointExtension>
        </extensions>
      </trkpt>
      <trkpt lat="30.7532791793346405029296875" lon="108.44540094025433063507080078125">
        <ele>414.20001220703125</ele>
        <time>2026-04-17T10:56:48.000Z</time>
        <extensions>
          <ns3:TrackPointExtension>
            <ns3:hr>147</ns3:hr>
            <ns3:cad>92</ns3:cad>
          </ns3:TrackPointExtension>
        </extensions>
      </trkpt>
      <trkpt lat="30.7532751560211181640625" lon="108.44538308680057525634765625">
        <ele>414.20001220703125</ele>
        <time>2026-04-17T10:56:49.000Z</time>
        <extensions>
          <ns3:TrackPointExtension>
            <ns3:hr>147</ns3:hr>
            <ns3:cad>92</ns3:cad>
          </ns3:TrackPointExtension>
        </extensions>
      </trkpt>
      <trkpt lat="30.75326467864215373992919921875" lon="108.44535819254815578460693359375">
        <ele>414.20001220703125</ele>
        <time>2026-04-17T10:56:50.000Z</time>
        <extensions>
          <ns3:TrackPointExtension>
            <ns3:hr>147</ns3:hr>
            <ns3:cad>93</ns3:cad>
          </ns3:TrackPointExtension>
        </extensions>
      </trkpt>
      <trkpt lat="30.7532578893005847930908203125" lon="108.44534218311309814453125">
        <ele>414.20001220703125</ele>
        <time>2026-04-17T10:56:51.000Z</time>
        <extensions>
          <ns3:TrackPointExtension>
            <ns3:hr>147</ns3:hr>
            <ns3:cad>93</ns3:cad>
          </ns3:TrackPointExtension>
        </extensions>
      </trkpt>
      <trkpt lat="30.753247998654842376708984375" lon="108.44530857168138027191162109375">
        <ele>414.20001220703125</ele>
        <time>2026-04-17T10:56:52.000Z</time>
        <extensions>
          <ns3:TrackPointExtension>
            <ns3:hr>146</ns3:hr>
            <ns3:cad>93</ns3:cad>
          </ns3:TrackPointExtension>
        </extensions>
      </trkpt>
      <trkpt lat="30.753235928714275360107421875" lon="108.44528895802795886993408203125">
        <ele>414.20001220703125</ele>
        <time>2026-04-17T10:56:53.000Z</time>
        <extensions>
          <ns3:TrackPointExtension>
            <ns3:hr>146</ns3:hr>
            <ns3:cad>92</ns3:cad>
          </ns3:TrackPointExtension>
        </extensions>
      </trkpt>
      <trkpt lat="30.7532193325459957122802734375" lon="108.4452585317194461822509765625">
        <ele>414.20001220703125</ele>
        <time>2026-04-17T10:56:54.000Z</time>
        <extensions>
          <ns3:TrackPointExtension>
            <ns3:hr>146</ns3:hr>
            <ns3:cad>92</ns3:cad>
          </ns3:TrackPointExtension>
        </extensions>
      </trkpt>
      <trkpt lat="30.75320030562579631805419921875" lon="108.44524084590375423431396484375">
        <ele>414.20001220703125</ele>
        <time>2026-04-17T10:56:55.000Z</time>
        <extensions>
          <ns3:TrackPointExtension>
            <ns3:hr>147</ns3:hr>
            <ns3:cad>92</ns3:cad>
          </ns3:TrackPointExtension>
        </extensions>
      </trkpt>
      <trkpt lat="30.75319242663681507110595703125" lon="108.44521989114582538604736328125">
        <ele>414.20001220703125</ele>
        <time>2026-04-17T10:56:56.000Z</time>
        <extensions>
          <ns3:TrackPointExtension>
            <ns3:hr>146</ns3:hr>
            <ns3:cad>92</ns3:cad>
          </ns3:TrackPointExtension>
        </extensions>
      </trkpt>
      <trkpt lat="30.75318597257137298583984375" lon="108.4451938234269618988037109375">
        <ele>414.20001220703125</ele>
        <time>2026-04-17T10:56:57.000Z</time>
        <extensions>
          <ns3:TrackPointExtension>
            <ns3:hr>147</ns3:hr>
            <ns3:cad>92</ns3:cad>
          </ns3:TrackPointExtension>
        </extensions>
      </trkpt>
      <trkpt lat="30.7531868107616901397705078125" lon="108.44516876153647899627685546875">
        <ele>414.20001220703125</ele>
        <time>2026-04-17T10:56:58.000Z</time>
        <extensions>
          <ns3:TrackPointExtension>
            <ns3:hr>147</ns3:hr>
            <ns3:cad>93</ns3:cad>
          </ns3:TrackPointExtension>
        </extensions>
      </trkpt>
      <trkpt lat="30.7531824521720409393310546875" lon="108.44513774849474430084228515625">
        <ele>414.20001220703125</ele>
        <time>2026-04-17T10:56:59.000Z</time>
        <extensions>
          <ns3:TrackPointExtension>
            <ns3:hr>147</ns3:hr>
            <ns3:cad>93</ns3:cad>
          </ns3:TrackPointExtension>
        </extensions>
      </trkpt>
      <trkpt lat="30.75317918322980403900146484375" lon="108.44511218369007110595703125">
        <ele>414.20001220703125</ele>
        <time>2026-04-17T10:57:00.000Z</time>
        <extensions>
          <ns3:TrackPointExtension>
            <ns3:hr>147</ns3:hr>
            <ns3:cad>93</ns3:cad>
          </ns3:TrackPointExtension>
        </extensions>
      </trkpt>
      <trkpt lat="30.75315772555768489837646484375" lon="108.445098102092742919921875">
        <ele>414.20001220703125</ele>
        <time>2026-04-17T10:57:01.000Z</time>
        <extensions>
          <ns3:TrackPointExtension>
            <ns3:hr>147</ns3:hr>
            <ns3:cad>93</ns3:cad>
          </ns3:TrackPointExtension>
        </extensions>
      </trkpt>
      <trkpt lat="30.7531397044658660888671875" lon="108.44509131275117397308349609375">
        <ele>414.20001220703125</ele>
        <time>2026-04-17T10:57:02.000Z</time>
        <extensions>
          <ns3:TrackPointExtension>
            <ns3:hr>147</ns3:hr>
            <ns3:cad>93</ns3:cad>
          </ns3:TrackPointExtension>
        </extensions>
      </trkpt>
      <trkpt lat="30.7531100325286388397216796875" lon="108.445087708532810211181640625">
        <ele>414.20001220703125</ele>
        <time>2026-04-17T10:57:03.000Z</time>
        <extensions>
          <ns3:TrackPointExtension>
            <ns3:hr>148</ns3:hr>
            <ns3:cad>93</ns3:cad>
          </ns3:TrackPointExtension>
        </extensions>
      </trkpt>
      <trkpt lat="30.75309033505618572235107421875" lon="108.44509340822696685791015625">
        <ele>414.20001220703125</ele>
        <time>2026-04-17T10:57:04.000Z</time>
        <extensions>
          <ns3:TrackPointExtension>
            <ns3:hr>148</ns3:hr>
            <ns3:cad>93</ns3:cad>
          </ns3:TrackPointExtension>
        </extensions>
      </trkpt>
      <trkpt lat="30.75306259095668792724609375" lon="108.445095755159854888916015625">
        <ele>414.20001220703125</ele>
        <time>2026-04-17T10:57:05.000Z</time>
        <extensions>
          <ns3:TrackPointExtension>
            <ns3:hr>148</ns3:hr>
            <ns3:cad>93</ns3:cad>
          </ns3:TrackPointExtension>
        </extensions>
      </trkpt>
      <trkpt lat="30.75304272584617137908935546875" lon="108.44509818591177463531494140625">
        <ele>414.20001220703125</ele>
        <time>2026-04-17T10:57:06.000Z</time>
        <extensions>
          <ns3:TrackPointExtension>
            <ns3:hr>148</ns3:hr>
            <ns3:cad>93</ns3:cad>
          </ns3:TrackPointExtension>
        </extensions>
      </trkpt>
      <trkpt lat="30.753017999231815338134765625" lon="108.44509952701628208160400390625">
        <ele>414.20001220703125</ele>
        <time>2026-04-17T10:57:07.000Z</time>
        <extensions>
          <ns3:TrackPointExtension>
            <ns3:hr>148</ns3:hr>
            <ns3:cad>93</ns3:cad>
          </ns3:TrackPointExtension>
        </extensions>
      </trkpt>
      <trkpt lat="30.752993188798427581787109375" lon="108.4451053105294704437255859375">
        <ele>414.20001220703125</ele>
        <time>2026-04-17T10:57:08.000Z</time>
        <extensions>
          <ns3:TrackPointExtension>
            <ns3:hr>148</ns3:hr>
            <ns3:cad>92</ns3:cad>
          </ns3:TrackPointExtension>
        </extensions>
      </trkpt>
      <trkpt lat="30.752968378365039825439453125" lon="108.44510413706302642822265625">
        <ele>414.20001220703125</ele>
        <time>2026-04-17T10:57:09.000Z</time>
        <extensions>
          <ns3:TrackPointExtension>
            <ns3:hr>148</ns3:hr>
            <ns3:cad>92</ns3:cad>
          </ns3:TrackPointExtension>
        </extensions>
      </trkpt>
      <trkpt lat="30.75294264592230319976806640625" lon="108.44509877264499664306640625">
        <ele>414.20001220703125</ele>
        <time>2026-04-17T10:57:10.000Z</time>
        <extensions>
          <ns3:TrackPointExtension>
            <ns3:hr>148</ns3:hr>
            <ns3:cad>92</ns3:cad>
          </ns3:TrackPointExtension>
        </extensions>
      </trkpt>
      <trkpt lat="30.75292252935469150543212890625" lon="108.44510070048272609710693359375">
        <ele>414.20001220703125</ele>
        <time>2026-04-17T10:57:11.000Z</time>
        <extensions>
          <ns3:TrackPointExtension>
            <ns3:hr>148</ns3:hr>
            <ns3:cad>92</ns3:cad>
          </ns3:TrackPointExtension>
        </extensions>
      </trkpt>
      <trkpt lat="30.7528988085687160491943359375" lon="108.44509801827371120452880859375">
        <ele>414.20001220703125</ele>
        <time>2026-04-17T10:57:12.000Z</time>
        <extensions>
          <ns3:TrackPointExtension>
            <ns3:hr>147</ns3:hr>
            <ns3:cad>92</ns3:cad>
          </ns3:TrackPointExtension>
        </extensions>
      </trkpt>
      <trkpt lat="30.75288145802915096282958984375" lon="108.44510153867304325103759765625">
        <ele>414.20001220703125</ele>
        <time>2026-04-17T10:57:13.000Z</time>
        <extensions>
          <ns3:TrackPointExtension>
            <ns3:hr>148</ns3:hr>
            <ns3:cad>94</ns3:cad>
          </ns3:TrackPointExtension>
        </extensions>
      </trkpt>
      <trkpt lat="30.75285413302481174468994140625" lon="108.44509902410209178924560546875">
        <ele>414.20001220703125</ele>
        <time>2026-04-17T10:57:14.000Z</time>
        <extensions>
          <ns3:TrackPointExtension>
            <ns3:hr>148</ns3:hr>
            <ns3:cad>94</ns3:cad>
          </ns3:TrackPointExtension>
        </extensions>
      </trkpt>
      <trkpt lat="30.75283485464751720428466796875" lon="108.44510338269174098968505859375">
        <ele>414.20001220703125</ele>
        <time>2026-04-17T10:57:15.000Z</time>
        <extensions>
          <ns3:TrackPointExtension>
            <ns3:hr>147</ns3:hr>
            <ns3:cad>94</ns3:cad>
          </ns3:TrackPointExtension>
        </extensions>
      </trkpt>
      <trkpt lat="30.752808786928653717041015625" lon="108.4450979344546794891357421875">
        <ele>414.20001220703125</ele>
        <time>2026-04-17T10:57:16.000Z</time>
        <extensions>
          <ns3:TrackPointExtension>
            <ns3:hr>148</ns3:hr>
            <ns3:cad>92</ns3:cad>
          </ns3:TrackPointExtension>
        </extensions>
      </trkpt>
      <trkpt lat="30.75278892181813716888427734375" lon="108.44510170631110668182373046875">
        <ele>414.20001220703125</ele>
        <time>2026-04-17T10:57:17.000Z</time>
        <extensions>
          <ns3:TrackPointExtension>
            <ns3:hr>148</ns3:hr>
            <ns3:cad>92</ns3:cad>
          </ns3:TrackPointExtension>
        </extensions>
      </trkpt>
      <trkpt lat="30.75276352465152740478515625" lon="108.4450939111411571502685546875">
        <ele>414.20001220703125</ele>
        <time>2026-04-17T10:57:18.000Z</time>
        <extensions>
          <ns3:TrackPointExtension>
            <ns3:hr>147</ns3:hr>
            <ns3:cad>92</ns3:cad>
          </ns3:TrackPointExtension>
        </extensions>
      </trkpt>
      <trkpt lat="30.752739720046520233154296875" lon="108.44509667716920375823974609375">
        <ele>414.20001220703125</ele>
        <time>2026-04-17T10:57:19.000Z</time>
        <extensions>
          <ns3:TrackPointExtension>
            <ns3:hr>147</ns3:hr>
            <ns3:cad>92</ns3:cad>
          </ns3:TrackPointExtension>
        </extensions>
      </trkpt>
      <trkpt lat="30.75271449051797389984130859375" lon="108.4450932405889034271240234375">
        <ele>414.20001220703125</ele>
        <time>2026-04-17T10:57:20.000Z</time>
        <extensions>
          <ns3:TrackPointExtension>
            <ns3:hr>147</ns3:hr>
            <ns3:cad>92</ns3:cad>
          </ns3:TrackPointExtension>
        </extensions>
      </trkpt>
      <trkpt lat="30.75269219465553760528564453125" lon="108.44509533606469631195068359375">
        <ele>414.20001220703125</ele>
        <time>2026-04-17T10:57:21.000Z</time>
        <extensions>
          <ns3:TrackPointExtension>
            <ns3:hr>147</ns3:hr>
            <ns3:cad>92</ns3:cad>
          </ns3:TrackPointExtension>
        </extensions>
      </trkpt>
      <trkpt lat="30.75267107225954532623291015625" lon="108.44509902410209178924560546875">
        <ele>414</ele>
        <time>2026-04-17T10:57:22.000Z</time>
        <extensions>
          <ns3:TrackPointExtension>
            <ns3:hr>147</ns3:hr>
            <ns3:cad>92</ns3:cad>
          </ns3:TrackPointExtension>
        </extensions>
      </trkpt>
      <trkpt lat="30.752645172178745269775390625" lon="108.44509835354983806610107421875">
        <ele>414</ele>
        <time>2026-04-17T10:57:23.000Z</time>
        <extensions>
          <ns3:TrackPointExtension>
            <ns3:hr>146</ns3:hr>
            <ns3:cad>93</ns3:cad>
          </ns3:TrackPointExtension>
        </extensions>
      </trkpt>
      <trkpt lat="30.7526268996298313140869140625" lon="108.4450982697308063507080078125">
        <ele>414</ele>
        <time>2026-04-17T10:57:24.000Z</time>
        <extensions>
          <ns3:TrackPointExtension>
            <ns3:hr>146</ns3:hr>
            <ns3:cad>93</ns3:cad>
          </ns3:TrackPointExtension>
        </extensions>
      </trkpt>
      <trkpt lat="30.75260535813868045806884765625" lon="108.445098102092742919921875">
        <ele>414</ele>
        <time>2026-04-17T10:57:25.000Z</time>
        <extensions>
          <ns3:TrackPointExtension>
            <ns3:hr>147</ns3:hr>
            <ns3:cad>93</ns3:cad>
          </ns3:TrackPointExtension>
        </extensions>
      </trkpt>
      <trkpt lat="30.7525866664946079254150390625" lon="108.44510572962462902069091796875">
        <ele>414</ele>
        <time>2026-04-17T10:57:26.000Z</time>
        <extensions>
          <ns3:TrackPointExtension>
            <ns3:hr>147</ns3:hr>
            <ns3:cad>93</ns3:cad>
          </ns3:TrackPointExtension>
        </extensions>
      </trkpt>
      <trkpt lat="30.7525598444044589996337890625" lon="108.44510489143431186676025390625">
        <ele>414</ele>
        <time>2026-04-17T10:57:27.000Z</time>
        <extensions>
          <ns3:TrackPointExtension>
            <ns3:hr>147</ns3:hr>
            <ns3:cad>94</ns3:cad>
          </ns3:TrackPointExtension>
        </extensions>
      </trkpt>
      <trkpt lat="30.75253914110362529754638671875" lon="108.4451086632907390594482421875">
        <ele>414</ele>
        <time>2026-04-17T10:57:28.000Z</time>
        <extensions>
          <ns3:TrackPointExtension>
            <ns3:hr>147</ns3:hr>
            <ns3:cad>93</ns3:cad>
          </ns3:TrackPointExtension>
        </extensions>
      </trkpt>
      <trkpt lat="30.75251131318509578704833984375" lon="108.44510405324399471282958984375">
        <ele>414</ele>
        <time>2026-04-17T10:57:29.000Z</time>
        <extensions>
          <ns3:TrackPointExtension>
            <ns3:hr>147</ns3:hr>
            <ns3:cad>92</ns3:cad>
          </ns3:TrackPointExtension>
        </extensions>
      </trkpt>
      <trkpt lat="30.75248985551297664642333984375" lon="108.445110507309436798095703125">
        <ele>414</ele>
        <time>2026-04-17T10:57:30.000Z</time>
        <extensions>
          <ns3:TrackPointExtension>
            <ns3:hr>147</ns3:hr>
            <ns3:cad>92</ns3:cad>
          </ns3:TrackPointExtension>
        </extensions>
      </trkpt>
      <trkpt lat="30.7524652965366840362548828125" lon="108.44510925002396106719970703125">
        <ele>414</ele>
        <time>2026-04-17T10:57:31.000Z</time>
        <extensions>
          <ns3:TrackPointExtension>
            <ns3:hr>148</ns3:hr>
            <ns3:cad>92</ns3:cad>
          </ns3:TrackPointExtension>
        </extensions>
      </trkpt>
      <trkpt lat="30.75243956409394741058349609375" lon="108.44510841183364391326904296875">
        <ele>414</ele>
        <time>2026-04-17T10:57:32.000Z</time>
        <extensions>
          <ns3:TrackPointExtension>
            <ns3:hr>148</ns3:hr>
            <ns3:cad>92</ns3:cad>
          </ns3:TrackPointExtension>
        </extensions>
      </trkpt>
      <trkpt lat="30.75241860933601856231689453125" lon="108.44510279595851898193359375">
        <ele>414</ele>
        <time>2026-04-17T10:57:33.000Z</time>
        <extensions>
          <ns3:TrackPointExtension>
            <ns3:hr>148</ns3:hr>
            <ns3:cad>92</ns3:cad>
          </ns3:TrackPointExtension>
        </extensions>
      </trkpt>
      <trkpt lat="30.75238726101815700531005859375" lon="108.44510036520659923553466796875">
        <ele>414</ele>
        <time>2026-04-17T10:57:34.000Z</time>
        <extensions>
          <ns3:TrackPointExtension>
            <ns3:hr>148</ns3:hr>
            <ns3:cad>92</ns3:cad>
          </ns3:TrackPointExtension>
        </extensions>
      </trkpt>
      <trkpt lat="30.75236513279378414154052734375" lon="108.4451069869101047515869140625">
        <ele>414</ele>
        <time>2026-04-17T10:57:35.000Z</time>
        <extensions>
          <ns3:TrackPointExtension>
            <ns3:hr>148</ns3:hr>
            <ns3:cad>92</ns3:cad>
          </ns3:TrackPointExtension>
        </extensions>
      </trkpt>
      <trkpt lat="30.75233797542750835418701171875" lon="108.4451036341488361358642578125">
        <ele>414</ele>
        <time>2026-04-17T10:57:36.000Z</time>
        <extensions>
          <ns3:TrackPointExtension>
            <ns3:hr>149</ns3:hr>
            <ns3:cad>92</ns3:cad>
          </ns3:TrackPointExtension>
        </extensions>
      </trkpt>
      <trkpt lat="30.75231635011732578277587890625" lon="108.44510455615818500518798828125">
        <ele>414</ele>
        <time>2026-04-17T10:57:37.000Z</time>
        <extensions>
          <ns3:TrackPointExtension>
            <ns3:hr>149</ns3:hr>
            <ns3:cad>92</ns3:cad>
          </ns3:TrackPointExtension>
        </extensions>
      </trkpt>
      <trkpt lat="30.75229003094136714935302734375" lon="108.445101790130138397216796875">
        <ele>414</ele>
        <time>2026-04-17T10:57:38.000Z</time>
        <extensions>
          <ns3:TrackPointExtension>
            <ns3:hr>149</ns3:hr>
            <ns3:cad>92</ns3:cad>
          </ns3:TrackPointExtension>
        </extensions>
      </trkpt>
      <trkpt lat="30.752268321812152862548828125" lon="108.44510455615818500518798828125">
        <ele>414</ele>
        <time>2026-04-17T10:57:39.000Z</time>
        <extensions>
          <ns3:TrackPointExtension>
            <ns3:hr>149</ns3:hr>
            <ns3:cad>93</ns3:cad>
          </ns3:TrackPointExtension>
        </extensions>
      </trkpt>
      <trkpt lat="30.75224409811198711395263671875" lon="108.44510220922529697418212890625">
        <ele>414.20001220703125</ele>
        <time>2026-04-17T10:57:40.000Z</time>
        <extensions>
          <ns3:TrackPointExtension>
            <ns3:hr>149</ns3:hr>
            <ns3:cad>93</ns3:cad>
          </ns3:TrackPointExtension>
        </extensions>
      </trkpt>
      <trkpt lat="30.75221744365990161895751953125" lon="108.445101790130138397216796875">
        <ele>414.20001220703125</ele>
        <time>2026-04-17T10:57:41.000Z</time>
        <extensions>
          <ns3:TrackPointExtension>
            <ns3:hr>149</ns3:hr>
            <ns3:cad>93</ns3:cad>
          </ns3:TrackPointExtension>
        </extensions>
      </trkpt>
      <trkpt lat="30.7521964050829410552978515625" lon="108.44510338269174098968505859375">
        <ele>414</ele>
        <time>2026-04-17T10:57:42.000Z</time>
        <extensions>
          <ns3:TrackPointExtension>
            <ns3:hr>149</ns3:hr>
            <ns3:cad>92</ns3:cad>
          </ns3:TrackPointExtension>
        </extensions>
      </trkpt>
      <trkpt lat="30.75216765515506267547607421875" lon="108.44511059112846851348876953125">
        <ele>414</ele>
        <time>2026-04-17T10:57:43.000Z</time>
        <extensions>
          <ns3:TrackPointExtension>
            <ns3:hr>149</ns3:hr>
            <ns3:cad>92</ns3:cad>
          </ns3:TrackPointExtension>
        </extensions>
      </trkpt>
      <trkpt lat="30.75214871205389499664306640625" lon="108.44511813484132289886474609375">
        <ele>414</ele>
        <time>2026-04-17T10:57:44.000Z</time>
        <extensions>
          <ns3:TrackPointExtension>
            <ns3:hr>149</ns3:hr>
            <ns3:cad>94</ns3:cad>
          </ns3:TrackPointExtension>
        </extensions>
      </trkpt>
      <trkpt lat="30.752117447555065155029296875" lon="108.4451297856867313385009765625">
        <ele>414</ele>
        <time>2026-04-17T10:57:45.000Z</time>
        <extensions>
          <ns3:TrackPointExtension>
            <ns3:hr>149</ns3:hr>
            <ns3:cad>94</ns3:cad>
          </ns3:TrackPointExtension>
        </extensions>
      </trkpt>
      <trkpt lat="30.75209699571132659912109375" lon="108.44514663331210613250732421875">
        <ele>414</ele>
        <time>2026-04-17T10:57:46.000Z</time>
        <extensions>
          <ns3:TrackPointExtension>
            <ns3:hr>149</ns3:hr>
            <ns3:cad>92</ns3:cad>
          </ns3:TrackPointExtension>
        </extensions>
      </trkpt>
      <trkpt lat="30.75206615030765533447265625" lon="108.44515082426369190216064453125">
        <ele>414</ele>
        <time>2026-04-17T10:57:47.000Z</time>
        <extensions>
          <ns3:TrackPointExtension>
            <ns3:hr>148</ns3:hr>
            <ns3:cad>92</ns3:cad>
          </ns3:TrackPointExtension>
        </extensions>
      </trkpt>
      <trkpt lat="30.75204335153102874755859375" lon="108.445158787071704864501953125">
        <ele>414</ele>
        <time>2026-04-17T10:57:48.000Z</time>
        <extensions>
          <ns3:TrackPointExtension>
            <ns3:hr>148</ns3:hr>
            <ns3:cad>92</ns3:cad>
          </ns3:TrackPointExtension>
        </extensions>
      </trkpt>
      <trkpt lat="30.752016194164752960205078125" lon="108.44515375792980194091796875">
        <ele>414</ele>
        <time>2026-04-17T10:57:49.000Z</time>
        <extensions>
          <ns3:TrackPointExtension>
            <ns3:hr>148</ns3:hr>
            <ns3:cad>92</ns3:cad>
          </ns3:TrackPointExtension>
        </extensions>
      </trkpt>
      <trkpt lat="30.7519922219216823577880859375" lon="108.445152081549167633056640625">
        <ele>414</ele>
        <time>2026-04-17T10:57:50.000Z</time>
        <extensions>
          <ns3:TrackPointExtension>
            <ns3:hr>148</ns3:hr>
            <ns3:cad>92</ns3:cad>
          </ns3:TrackPointExtension>
        </extensions>
      </trkpt>
      <trkpt lat="30.75197017751634120941162109375" lon="108.44515467993915081024169921875">
        <ele>414</ele>
        <time>2026-04-17T10:57:51.000Z</time>
        <extensions>
          <ns3:TrackPointExtension>
            <ns3:hr>148</ns3:hr>
            <ns3:cad>93</ns3:cad>
          </ns3:TrackPointExtension>
        </extensions>
      </trkpt>
      <trkpt lat="30.75194117613136768341064453125" lon="108.4451579488813877105712890625">
        <ele>414.20001220703125</ele>
        <time>2026-04-17T10:57:52.000Z</time>
        <extensions>
          <ns3:TrackPointExtension>
            <ns3:hr>148</ns3:hr>
            <ns3:cad>93</ns3:cad>
          </ns3:TrackPointExtension>
        </extensions>
      </trkpt>
      <trkpt lat="30.75191820971667766571044921875" lon="108.44516674987971782684326171875">
        <ele>414</ele>
        <time>2026-04-17T10:57:53.000Z</time>
        <extensions>
          <ns3:TrackPointExtension>
            <ns3:hr>148</ns3:hr>
            <ns3:cad>93</ns3:cad>
          </ns3:TrackPointExtension>
        </extensions>
      </trkpt>
      <trkpt lat="30.75189088471233844757080078125" lon="108.44517513178288936614990234375">
        <ele>414.20001220703125</ele>
        <time>2026-04-17T10:57:54.000Z</time>
        <extensions>
          <ns3:TrackPointExtension>
            <ns3:hr>149</ns3:hr>
            <ns3:cad>92</ns3:cad>
          </ns3:TrackPointExtension>
        </extensions>
      </trkpt>
      <trkpt lat="30.75186976231634616851806640625" lon="108.445189297199249267578125">
        <ele>414</ele>
        <time>2026-04-17T10:57:55.000Z</time>
        <extensions>
          <ns3:TrackPointExtension>
            <ns3:hr>149</ns3:hr>
            <ns3:cad>92</ns3:cad>
          </ns3:TrackPointExtension>
        </extensions>
      </trkpt>
      <trkpt lat="30.75184193439781665802001953125" lon="108.4451918117702007293701171875">
        <ele>414</ele>
        <time>2026-04-17T10:57:56.000Z</time>
        <extensions>
          <ns3:TrackPointExtension>
            <ns3:hr>149</ns3:hr>
            <ns3:cad>92</ns3:cad>
          </ns3:TrackPointExtension>
        </extensions>
      </trkpt>
      <trkpt lat="30.75182248838245868682861328125" lon="108.44520547427237033843994140625">
        <ele>414</ele>
        <time>2026-04-17T10:57:57.000Z</time>
        <extensions>
          <ns3:TrackPointExtension>
            <ns3:hr>149</ns3:hr>
            <ns3:cad>92</ns3:cad>
          </ns3:TrackPointExtension>
        </extensions>
      </trkpt>
      <trkpt lat="30.7518014498054981231689453125" lon="108.44521821476519107818603515625">
        <ele>414</ele>
        <time>2026-04-17T10:57:58.000Z</time>
        <extensions>
          <ns3:TrackPointExtension>
            <ns3:hr>149</ns3:hr>
            <ns3:cad>92</ns3:cad>
          </ns3:TrackPointExtension>
        </extensions>
      </trkpt>
      <trkpt lat="30.75178460218012332916259765625" lon="108.44523648731410503387451171875">
        <ele>414</ele>
        <time>2026-04-17T10:57:59.000Z</time>
        <extensions>
          <ns3:TrackPointExtension>
            <ns3:hr>149</ns3:hr>
            <ns3:cad>92</ns3:cad>
          </ns3:TrackPointExtension>
        </extensions>
      </trkpt>
      <trkpt lat="30.7517672516405582427978515625" lon="108.44525475986301898956298828125">
        <ele>414</ele>
        <time>2026-04-17T10:58:00.000Z</time>
        <extensions>
          <ns3:TrackPointExtension>
            <ns3:hr>149</ns3:hr>
            <ns3:cad>92</ns3:cad>
          </ns3:TrackPointExtension>
        </extensions>
      </trkpt>
      <trkpt lat="30.7517457939684391021728515625" lon="108.4452783130109310150146484375">
        <ele>414</ele>
        <time>2026-04-17T10:58:01.000Z</time>
        <extensions>
          <ns3:TrackPointExtension>
            <ns3:hr>149</ns3:hr>
            <ns3:cad>92</ns3:cad>
          </ns3:TrackPointExtension>
        </extensions>
      </trkpt>
      <trkpt lat="30.7517307065427303314208984375" lon="108.44529348425567150115966796875">
        <ele>414</ele>
        <time>2026-04-17T10:58:02.000Z</time>
        <extensions>
          <ns3:TrackPointExtension>
            <ns3:hr>149</ns3:hr>
            <ns3:cad>92</ns3:cad>
          </ns3:TrackPointExtension>
        </extensions>
      </trkpt>
      <trkpt lat="30.75170882977545261383056640625" lon="108.44531536102294921875">
        <ele>414</ele>
        <time>2026-04-17T10:58:03.000Z</time>
        <extensions>
          <ns3:TrackPointExtension>
            <ns3:hr>150</ns3:hr>
            <ns3:cad>92</ns3:cad>
          </ns3:TrackPointExtension>
        </extensions>
      </trkpt>
      <trkpt lat="30.75170162133872509002685546875" lon="108.44533673487603664398193359375">
        <ele>414</ele>
        <time>2026-04-17T10:58:04.000Z</time>
        <extensions>
          <ns3:TrackPointExtension>
            <ns3:hr>150</ns3:hr>
            <ns3:cad>93</ns3:cad>
          </ns3:TrackPointExtension>
        </extensions>
      </trkpt>
      <trkpt lat="30.75168284587562084197998046875" lon="108.44536355696618556976318359375">
        <ele>414</ele>
        <time>2026-04-17T10:58:05.000Z</time>
        <extensions>
          <ns3:TrackPointExtension>
            <ns3:hr>150</ns3:hr>
            <ns3:cad>94</ns3:cad>
          </ns3:TrackPointExtension>
        </extensions>
      </trkpt>
      <trkpt lat="30.75167396105825901031494140625" lon="108.4453837573528289794921875">
        <ele>414</ele>
        <time>2026-04-17T10:58:06.000Z</time>
        <extensions>
          <ns3:TrackPointExtension>
            <ns3:hr>151</ns3:hr>
            <ns3:cad>93</ns3:cad>
          </ns3:TrackPointExtension>
        </extensions>
      </trkpt>
      <trkpt lat="30.75165753252804279327392578125" lon="108.44540647231042385101318359375">
        <ele>414</ele>
        <time>2026-04-17T10:58:07.000Z</time>
        <extensions>
          <ns3:TrackPointExtension>
            <ns3:hr>151</ns3:hr>
            <ns3:cad>94</ns3:cad>
          </ns3:TrackPointExtension>
        </extensions>
      </trkpt>
      <trkpt lat="30.75164965353906154632568359375" lon="108.4454320371150970458984375">
        <ele>414</ele>
        <time>2026-04-17T10:58:08.000Z</time>
        <extensions>
          <ns3:TrackPointExtension>
            <ns3:hr>151</ns3:hr>
            <ns3:cad>93</ns3:cad>
          </ns3:TrackPointExtension>
        </extensions>
      </trkpt>
      <trkpt lat="30.7516398467123508453369140625" lon="108.44545676372945308685302734375">
        <ele>414</ele>
        <time>2026-04-17T10:58:09.000Z</time>
        <extensions>
          <ns3:TrackPointExtension>
            <ns3:hr>150</ns3:hr>
            <ns3:cad>94</ns3:cad>
          </ns3:TrackPointExtension>
        </extensions>
      </trkpt>
      <trkpt lat="30.7516351528465747833251953125" lon="108.4454912133514881134033203125">
        <ele>414</ele>
        <time>2026-04-17T10:58:10.000Z</time>
        <extensions>
          <ns3:TrackPointExtension>
            <ns3:hr>151</ns3:hr>
            <ns3:cad>94</ns3:cad>
          </ns3:TrackPointExtension>
        </extensions>
      </trkpt>
      <trkpt lat="30.75163003988564014434814453125" lon="108.44551543705165386199951171875">
        <ele>414</ele>
        <time>2026-04-17T10:58:11.000Z</time>
        <extensions>
          <ns3:TrackPointExtension>
            <ns3:hr>151</ns3:hr>
            <ns3:cad>94</ns3:cad>
          </ns3:TrackPointExtension>
        </extensions>
      </trkpt>
      <trkpt lat="30.75162786059081554412841796875" lon="108.44555097632110118865966796875">
        <ele>414</ele>
        <time>2026-04-17T10:58:12.000Z</time>
        <extensions>
          <ns3:TrackPointExtension>
            <ns3:hr>150</ns3:hr>
            <ns3:cad>93</ns3:cad>
          </ns3:TrackPointExtension>
        </extensions>
      </trkpt>
      <trkpt lat="30.75162769295275211334228515625" lon="108.4455760382115840911865234375">
        <ele>414</ele>
        <time>2026-04-17T10:58:13.000Z</time>
        <extensions>
          <ns3:TrackPointExtension>
            <ns3:hr>151</ns3:hr>
            <ns3:cad>92</ns3:cad>
          </ns3:TrackPointExtension>
        </extensions>
      </trkpt>
      <trkpt lat="30.75162165798246860504150390625" lon="108.4456082247197628021240234375">
        <ele>414</ele>
        <time>2026-04-17T10:58:14.000Z</time>
        <extensions>
          <ns3:TrackPointExtension>
            <ns3:hr>151</ns3:hr>
            <ns3:cad>92</ns3:cad>
          </ns3:TrackPointExtension>
        </extensions>
      </trkpt>
      <trkpt lat="30.7516254298388957977294921875" lon="108.4456310234963893890380859375">
        <ele>414</ele>
        <time>2026-04-17T10:58:15.000Z</time>
        <extensions>
          <ns3:TrackPointExtension>
            <ns3:hr>150</ns3:hr>
            <ns3:cad>92</ns3:cad>
          </ns3:TrackPointExtension>
        </extensions>
      </trkpt>
      <trkpt lat="30.75162165798246860504150390625" lon="108.44565977342426776885986328125">
        <ele>414</ele>
        <time>2026-04-17T10:58:16.000Z</time>
        <extensions>
          <ns3:TrackPointExtension>
            <ns3:hr>151</ns3:hr>
            <ns3:cad>92</ns3:cad>
          </ns3:TrackPointExtension>
        </extensions>
      </trkpt>
      <trkpt lat="30.7516257651150226593017578125" lon="108.44568693079054355621337890625">
        <ele>414</ele>
        <time>2026-04-17T10:58:17.000Z</time>
        <extensions>
          <ns3:TrackPointExtension>
            <ns3:hr>151</ns3:hr>
            <ns3:cad>92</ns3:cad>
          </ns3:TrackPointExtension>
        </extensions>
      </trkpt>
      <trkpt lat="30.75162199325859546661376953125" lon="108.4457136690616607666015625">
        <ele>414</ele>
        <time>2026-04-17T10:58:18.000Z</time>
        <extensions>
          <ns3:TrackPointExtension>
            <ns3:hr>151</ns3:hr>
            <ns3:cad>94</ns3:cad>
          </ns3:TrackPointExtension>
        </extensions>
      </trkpt>
      <trkpt lat="30.751625262200832366943359375" lon="108.44574342481791973114013671875">
        <ele>414</ele>
        <time>2026-04-17T10:58:19.000Z</time>
        <extensions>
          <ns3:TrackPointExtension>
            <ns3:hr>152</ns3:hr>
            <ns3:cad>94</ns3:cad>
          </ns3:TrackPointExtension>
        </extensions>
      </trkpt>
      <trkpt lat="30.751625262200832366943359375" lon="108.44576798379421234130859375">
        <ele>414</ele>
        <time>2026-04-17T10:58:20.000Z</time>
        <extensions>
          <ns3:TrackPointExtension>
            <ns3:hr>152</ns3:hr>
            <ns3:cad>94</ns3:cad>
          </ns3:TrackPointExtension>
        </extensions>
      </trkpt>
      <trkpt lat="30.7516304589807987213134765625" lon="108.4458023495972156524658203125">
        <ele>414</ele>
        <time>2026-04-17T10:58:21.000Z</time>
        <extensions>
          <ns3:TrackPointExtension>
            <ns3:hr>153</ns3:hr>
            <ns3:cad>93</ns3:cad>
          </ns3:TrackPointExtension>
        </extensions>
      </trkpt>
      <trkpt lat="30.751640014350414276123046875" lon="108.44582355581223964691162109375">
        <ele>414</ele>
        <time>2026-04-17T10:58:22.000Z</time>
        <extensions>
          <ns3:TrackPointExtension>
            <ns3:hr>153</ns3:hr>
            <ns3:cad>92</ns3:cad>
          </ns3:TrackPointExtension>
        </extensions>
      </trkpt>
      <trkpt lat="30.7516472227871417999267578125" lon="108.44585691578686237335205078125">
        <ele>414</ele>
        <time>2026-04-17T10:58:23.000Z</time>
        <extensions>
          <ns3:TrackPointExtension>
            <ns3:hr>154</ns3:hr>
            <ns3:cad>92</ns3:cad>
          </ns3:TrackPointExtension>
        </extensions>
      </trkpt>
      <trkpt lat="30.75165820308029651641845703125" lon="108.44587585888803005218505859375">
        <ele>414</ele>
        <time>2026-04-17T10:58:24.000Z</time>
        <extensions>
          <ns3:TrackPointExtension>
            <ns3:hr>154</ns3:hr>
            <ns3:cad>92</ns3:cad>
          </ns3:TrackPointExtension>
        </extensions>
      </trkpt>
      <trkpt lat="30.7516643218696117401123046875" lon="108.445903100073337554931640625">
        <ele>414</ele>
        <time>2026-04-17T10:58:25.000Z</time>
        <extensions>
          <ns3:TrackPointExtension>
            <ns3:hr>154</ns3:hr>
            <ns3:cad>92</ns3:cad>
          </ns3:TrackPointExtension>
        </extensions>
      </trkpt>
      <trkpt lat="30.751678235828876495361328125" lon="108.44592145644128322601318359375">
        <ele>414</ele>
        <time>2026-04-17T10:58:26.000Z</time>
        <extensions>
          <ns3:TrackPointExtension>
            <ns3:hr>154</ns3:hr>
            <ns3:cad>92</ns3:cad>
          </ns3:TrackPointExtension>
        </extensions>
      </trkpt>
      <trkpt lat="30.75168720446527004241943359375" lon="108.44594769179821014404296875">
        <ele>414</ele>
        <time>2026-04-17T10:58:27.000Z</time>
        <extensions>
          <ns3:TrackPointExtension>
            <ns3:hr>154</ns3:hr>
            <ns3:cad>94</ns3:cad>
          </ns3:TrackPointExtension>
        </extensions>
      </trkpt>
      <trkpt lat="30.751701034605503082275390625" lon="108.44596646726131439208984375">
        <ele>414</ele>
        <time>2026-04-17T10:58:28.000Z</time>
        <extensions>
          <ns3:TrackPointExtension>
            <ns3:hr>154</ns3:hr>
            <ns3:cad>94</ns3:cad>
          </ns3:TrackPointExtension>
        </extensions>
      </trkpt>
      <trkpt lat="30.7517109252512454986572265625" lon="108.4459877572953701019287109375">
        <ele>414</ele>
        <time>2026-04-17T10:58:29.000Z</time>
        <extensions>
          <ns3:TrackPointExtension>
            <ns3:hr>153</ns3:hr>
            <ns3:cad>93</ns3:cad>
          </ns3:TrackPointExtension>
        </extensions>
      </trkpt>
      <trkpt lat="30.75172743760049343109130859375" lon="108.446008376777172088623046875">
        <ele>414</ele>
        <time>2026-04-17T10:58:30.000Z</time>
        <extensions>
          <ns3:TrackPointExtension>
            <ns3:hr>153</ns3:hr>
            <ns3:cad>92</ns3:cad>
          </ns3:TrackPointExtension>
        </extensions>
      </trkpt>
      <trkpt lat="30.75174436904489994049072265625" lon="108.4460229612886905670166015625">
        <ele>414</ele>
        <time>2026-04-17T10:58:31.000Z</time>
        <extensions>
          <ns3:TrackPointExtension>
            <ns3:hr>153</ns3:hr>
            <ns3:cad>92</ns3:cad>
          </ns3:TrackPointExtension>
        </extensions>
      </trkpt>
      <trkpt lat="30.75176515616476535797119140625" lon="108.44603930599987506866455078125">
        <ele>414</ele>
        <time>2026-04-17T10:58:32.000Z</time>
        <extensions>
          <ns3:TrackPointExtension>
            <ns3:hr>153</ns3:hr>
            <ns3:cad>91</ns3:cad>
          </ns3:TrackPointExtension>
        </extensions>
      </trkpt>
      <trkpt lat="30.75178460218012332916259765625" lon="108.44604986719787120819091796875">
        <ele>414</ele>
        <time>2026-04-17T10:58:33.000Z</time>
        <extensions>
          <ns3:TrackPointExtension>
            <ns3:hr>152</ns3:hr>
            <ns3:cad>91</ns3:cad>
          </ns3:TrackPointExtension>
        </extensions>
      </trkpt>
      <trkpt lat="30.75180706568062305450439453125" lon="108.44606730155646800994873046875">
        <ele>414</ele>
        <time>2026-04-17T10:58:34.000Z</time>
        <extensions>
          <ns3:TrackPointExtension>
            <ns3:hr>152</ns3:hr>
            <ns3:cad>92</ns3:cad>
          </ns3:TrackPointExtension>
        </extensions>
      </trkpt>
      <trkpt lat="30.7518235780298709869384765625" lon="108.44607065431773662567138671875">
        <ele>414</ele>
        <time>2026-04-17T10:58:35.000Z</time>
        <extensions>
          <ns3:TrackPointExtension>
            <ns3:hr>151</ns3:hr>
            <ns3:cad>93</ns3:cad>
          </ns3:TrackPointExtension>
        </extensions>
      </trkpt>
      <trkpt lat="30.751850903034210205078125" lon="108.44608590938150882720947265625">
        <ele>414</ele>
        <time>2026-04-17T10:58:36.000Z</time>
        <extensions>
          <ns3:TrackPointExtension>
            <ns3:hr>151</ns3:hr>
            <ns3:cad>94</ns3:cad>
          </ns3:TrackPointExtension>
        </extensions>
      </trkpt>
      <trkpt lat="30.75187512673437595367431640625" lon="108.44609253108501434326171875">
        <ele>414</ele>
        <time>2026-04-17T10:58:37.000Z</time>
        <extensions>
          <ns3:TrackPointExtension>
            <ns3:hr>151</ns3:hr>
            <ns3:cad>94</ns3:cad>
          </ns3:TrackPointExtension>
        </extensions>
      </trkpt>
      <trkpt lat="30.7518929801881313323974609375" lon="108.44611122272908687591552734375">
        <ele>414</ele>
        <time>2026-04-17T10:58:38.000Z</time>
        <extensions>
          <ns3:TrackPointExtension>
            <ns3:hr>150</ns3:hr>
            <ns3:cad>93</ns3:cad>
          </ns3:TrackPointExtension>
        </extensions>
      </trkpt>
      <trkpt lat="30.75191418640315532684326171875" lon="108.44612899236381053924560546875">
        <ele>414</ele>
        <time>2026-04-17T10:58:39.000Z</time>
        <extensions>
          <ns3:TrackPointExtension>
            <ns3:hr>150</ns3:hr>
            <ns3:cad>92</ns3:cad>
          </ns3:TrackPointExtension>
        </extensions>
      </trkpt>
      <trkpt lat="30.75193245895206928253173828125" lon="108.44614592380821704864501953125">
        <ele>414</ele>
        <time>2026-04-17T10:58:40.000Z</time>
        <extensions>
          <ns3:TrackPointExtension>
            <ns3:hr>150</ns3:hr>
            <ns3:cad>92</ns3:cad>
          </ns3:TrackPointExtension>
        </extensions>
      </trkpt>
      <trkpt lat="30.75195617973804473876953125" lon="108.44616101123392581939697265625">
        <ele>414</ele>
        <time>2026-04-17T10:58:41.000Z</time>
        <extensions>
          <ns3:TrackPointExtension>
            <ns3:hr>149</ns3:hr>
            <ns3:cad>92</ns3:cad>
          </ns3:TrackPointExtension>
        </extensions>
      </trkpt>
      <trkpt lat="30.75197738595306873321533203125" lon="108.446163944900035858154296875">
        <ele>414</ele>
        <time>2026-04-17T10:58:42.000Z</time>
        <extensions>
          <ns3:TrackPointExtension>
            <ns3:hr>149</ns3:hr>
            <ns3:cad>92</ns3:cad>
          </ns3:TrackPointExtension>
        </extensions>
      </trkpt>
      <trkpt lat="30.75200001709163188934326171875" lon="108.44617157243192195892333984375">
        <ele>414</ele>
        <time>2026-04-17T10:58:43.000Z</time>
        <extensions>
          <ns3:TrackPointExtension>
            <ns3:hr>149</ns3:hr>
            <ns3:cad>92</ns3:cad>
          </ns3:TrackPointExtension>
        </extensions>
      </trkpt>
      <trkpt lat="30.75202113948762416839599609375" lon="108.446162603795528411865234375">
        <ele>414</ele>
        <time>2026-04-17T10:58:44.000Z</time>
        <extensions>
          <ns3:TrackPointExtension>
            <ns3:hr>149</ns3:hr>
            <ns3:cad>93</ns3:cad>
          </ns3:TrackPointExtension>
        </extensions>
      </trkpt>
      <trkpt lat="30.75204477645456790924072265625" lon="108.446161262691020965576171875">
        <ele>414</ele>
        <time>2026-04-17T10:58:45.000Z</time>
        <extensions>
          <ns3:TrackPointExtension>
            <ns3:hr>149</ns3:hr>
            <ns3:cad>93</ns3:cad>
          </ns3:TrackPointExtension>
        </extensions>
      </trkpt>
      <trkpt lat="30.75206891633570194244384765625" lon="108.4461590833961963653564453125">
        <ele>414</ele>
        <time>2026-04-17T10:58:46.000Z</time>
        <extensions>
          <ns3:TrackPointExtension>
            <ns3:hr>149</ns3:hr>
            <ns3:cad>93</ns3:cad>
          </ns3:TrackPointExtension>
        </extensions>
      </trkpt>
      <trkpt lat="30.7520941458642482757568359375" lon="108.44616268761456012725830078125">
        <ele>414</ele>
        <time>2026-04-17T10:58:47.000Z</time>
        <extensions>
          <ns3:TrackPointExtension>
            <ns3:hr>149</ns3:hr>
            <ns3:cad>92</ns3:cad>
          </ns3:TrackPointExtension>
        </extensions>
      </trkpt>
      <trkpt lat="30.75211585499346256256103515625" lon="108.44616067595779895782470703125">
        <ele>414</ele>
        <time>2026-04-17T10:58:48.000Z</time>
        <extensions>
          <ns3:TrackPointExtension>
            <ns3:hr>149</ns3:hr>
            <ns3:cad>92</ns3:cad>
          </ns3:TrackPointExtension>
        </extensions>
      </trkpt>
      <trkpt lat="30.752139575779438018798828125" lon="108.44616570509970188140869140625">
        <ele>414</ele>
        <time>2026-04-17T10:58:49.000Z</time>
        <extensions>
          <ns3:TrackPointExtension>
            <ns3:hr>149</ns3:hr>
            <ns3:cad>92</ns3:cad>
          </ns3:TrackPointExtension>
        </extensions>
      </trkpt>
      <trkpt lat="30.75216279365122318267822265625" lon="108.44616302289068698883056640625">
        <ele>414</ele>
        <time>2026-04-17T10:58:50.000Z</time>
        <extensions>
          <ns3:TrackPointExtension>
            <ns3:hr>150</ns3:hr>
            <ns3:cad>92</ns3:cad>
          </ns3:TrackPointExtension>
        </extensions>
      </trkpt>
      <trkpt lat="30.75218341313302516937255859375" lon="108.4461657889187335968017578125">
        <ele>414</ele>
        <time>2026-04-17T10:58:51.000Z</time>
        <extensions>
          <ns3:TrackPointExtension>
            <ns3:hr>150</ns3:hr>
            <ns3:cad>94</ns3:cad>
          </ns3:TrackPointExtension>
        </extensions>
      </trkpt>
      <trkpt lat="30.75220738537609577178955078125" lon="108.446163944900035858154296875">
        <ele>414</ele>
        <time>2026-04-17T10:58:52.000Z</time>
        <extensions>
          <ns3:TrackPointExtension>
            <ns3:hr>150</ns3:hr>
            <ns3:cad>94</ns3:cad>
          </ns3:TrackPointExtension>
        </extensions>
      </trkpt>
      <trkpt lat="30.7522250711917877197265625" lon="108.44616218470036983489990234375">
        <ele>414</ele>
        <time>2026-04-17T10:58:53.000Z</time>
        <extensions>
          <ns3:TrackPointExtension>
            <ns3:hr>150</ns3:hr>
            <ns3:cad>94</ns3:cad>
          </ns3:TrackPointExtension>
        </extensions>
      </trkpt>
      <trkpt lat="30.752253234386444091796875" lon="108.4461590833961963653564453125">
        <ele>414</ele>
        <time>2026-04-17T10:58:54.000Z</time>
        <extensions>
          <ns3:TrackPointExtension>
            <ns3:hr>150</ns3:hr>
            <ns3:cad>93</ns3:cad>
          </ns3:TrackPointExtension>
        </extensions>
      </trkpt>
      <trkpt lat="30.7522731833159923553466796875" lon="108.44615757465362548828125">
        <ele>414</ele>
        <time>2026-04-17T10:58:55.000Z</time>
        <extensions>
          <ns3:TrackPointExtension>
            <ns3:hr>150</ns3:hr>
            <ns3:cad>92</ns3:cad>
          </ns3:TrackPointExtension>
        </extensions>
      </trkpt>
      <trkpt lat="30.7523006759583950042724609375" lon="108.4461610950529575347900390625">
        <ele>414</ele>
        <time>2026-04-17T10:58:56.000Z</time>
        <extensions>
          <ns3:TrackPointExtension>
            <ns3:hr>150</ns3:hr>
            <ns3:cad>92</ns3:cad>
          </ns3:TrackPointExtension>
        </extensions>
      </trkpt>
      <trkpt lat="30.75232096016407012939453125" lon="108.4461564011871814727783203125">
        <ele>414</ele>
        <time>2026-04-17T10:58:57.000Z</time>
        <extensions>
          <ns3:TrackPointExtension>
            <ns3:hr>150</ns3:hr>
            <ns3:cad>93</ns3:cad>
          </ns3:TrackPointExtension>
        </extensions>
      </trkpt>
      <trkpt lat="30.75234686024487018585205078125" lon="108.44616469927132129669189453125">
        <ele>414</ele>
        <time>2026-04-17T10:58:58.000Z</time>
        <extensions>
          <ns3:TrackPointExtension>
            <ns3:hr>151</ns3:hr>
            <ns3:cad>93</ns3:cad>
          </ns3:TrackPointExtension>
        </extensions>
      </trkpt>
      <trkpt lat="30.7523687370121479034423828125" lon="108.4461590833961963653564453125">
        <ele>414</ele>
        <time>2026-04-17T10:58:59.000Z</time>
        <extensions>
          <ns3:TrackPointExtension>
            <ns3:hr>151</ns3:hr>
            <ns3:cad>93</ns3:cad>
          </ns3:TrackPointExtension>
        </extensions>
      </trkpt>
      <trkpt lat="30.75239262543618679046630859375" lon="108.4461674652993679046630859375">
        <ele>414</ele>
        <time>2026-04-17T10:59:00.000Z</time>
        <extensions>
          <ns3:TrackPointExtension>
            <ns3:hr>151</ns3:hr>
            <ns3:cad>92</ns3:cad>
          </ns3:TrackPointExtension>
        </extensions>
      </trkpt>
      <trkpt lat="30.752419531345367431640625" lon="108.446165286004543304443359375">
        <ele>414</ele>
        <time>2026-04-17T10:59:01.000Z</time>
        <extensions>
          <ns3:TrackPointExtension>
            <ns3:hr>150</ns3:hr>
            <ns3:cad>92</ns3:cad>
          </ns3:TrackPointExtension>
        </extensions>
      </trkpt>
      <trkpt lat="30.75244056992232799530029296875" lon="108.44616788439452648162841796875">
        <ele>414</ele>
        <time>2026-04-17T10:59:02.000Z</time>
        <extensions>
          <ns3:TrackPointExtension>
            <ns3:hr>151</ns3:hr>
            <ns3:cad>92</ns3:cad>
          </ns3:TrackPointExtension>
        </extensions>
      </trkpt>
      <trkpt lat="30.7524689845740795135498046875" lon="108.446165956556797027587890625">
        <ele>414</ele>
        <time>2026-04-17T10:59:03.000Z</time>
        <extensions>
          <ns3:TrackPointExtension>
            <ns3:hr>151</ns3:hr>
            <ns3:cad>92</ns3:cad>
          </ns3:TrackPointExtension>
        </extensions>
      </trkpt>
      <trkpt lat="30.75249019078910350799560546875" lon="108.4461684711277484893798828125">
        <ele>414</ele>
        <time>2026-04-17T10:59:04.000Z</time>
        <extensions>
          <ns3:TrackPointExtension>
            <ns3:hr>151</ns3:hr>
            <ns3:cad>93</ns3:cad>
          </ns3:TrackPointExtension>
        </extensions>
      </trkpt>
      <trkpt lat="30.75251785106956958770751953125" lon="108.4461664594709873199462890625">
        <ele>414</ele>
        <time>2026-04-17T10:59:05.000Z</time>
        <extensions>
          <ns3:TrackPointExtension>
            <ns3:hr>151</ns3:hr>
            <ns3:cad>93</ns3:cad>
          </ns3:TrackPointExtension>
        </extensions>
      </trkpt>
      <trkpt lat="30.75253796763718128204345703125" lon="108.44616570509970188140869140625">
        <ele>414</ele>
        <time>2026-04-17T10:59:06.000Z</time>
        <extensions>
          <ns3:TrackPointExtension>
            <ns3:hr>152</ns3:hr>
            <ns3:cad>94</ns3:cad>
          </ns3:TrackPointExtension>
        </extensions>
      </trkpt>
      <trkpt lat="30.7525658793747425079345703125" lon="108.44616570509970188140869140625">
        <ele>414</ele>
        <time>2026-04-17T10:59:07.000Z</time>
        <extensions>
          <ns3:TrackPointExtension>
            <ns3:hr>152</ns3:hr>
            <ns3:cad>93</ns3:cad>
          </ns3:TrackPointExtension>
        </extensions>
      </trkpt>
      <trkpt lat="30.75258473865687847137451171875" lon="108.4461617656052112579345703125">
        <ele>414</ele>
        <time>2026-04-17T10:59:08.000Z</time>
        <extensions>
          <ns3:TrackPointExtension>
            <ns3:hr>152</ns3:hr>
            <ns3:cad>93</ns3:cad>
          </ns3:TrackPointExtension>
        </extensions>
      </trkpt>
      <trkpt lat="30.7526104710996150970458984375" lon="108.4461654536426067352294921875">
        <ele>414</ele>
        <time>2026-04-17T10:59:09.000Z</time>
        <extensions>
          <ns3:TrackPointExtension>
            <ns3:hr>152</ns3:hr>
            <ns3:cad>93</ns3:cad>
          </ns3:TrackPointExtension>
        </extensions>
      </trkpt>
      <trkpt lat="30.752629749476909637451171875" lon="108.4461615979671478271484375">
        <ele>414</ele>
        <time>2026-04-17T10:59:10.000Z</time>
        <extensions>
          <ns3:TrackPointExtension>
            <ns3:hr>152</ns3:hr>
            <ns3:cad>93</ns3:cad>
          </ns3:TrackPointExtension>
        </extensions>
      </trkpt>
      <trkpt lat="30.7526537217199802398681640625" lon="108.44616704620420932769775390625">
        <ele>413.79998779296875</ele>
        <time>2026-04-17T10:59:11.000Z</time>
        <extensions>
          <ns3:TrackPointExtension>
            <ns3:hr>152</ns3:hr>
            <ns3:cad>92</ns3:cad>
          </ns3:TrackPointExtension>
        </extensions>
      </trkpt>
      <trkpt lat="30.75267660431563854217529296875" lon="108.44616536982357501983642578125">
        <ele>413.79998779296875</ele>
        <time>2026-04-17T10:59:12.000Z</time>
        <extensions>
          <ns3:TrackPointExtension>
            <ns3:hr>152</ns3:hr>
            <ns3:cad>92</ns3:cad>
          </ns3:TrackPointExtension>
        </extensions>
      </trkpt>
      <trkpt lat="30.752700828015804290771484375" lon="108.4461738355457782745361328125">
        <ele>413.79998779296875</ele>
        <time>2026-04-17T10:59:13.000Z</time>
        <extensions>
          <ns3:TrackPointExtension>
            <ns3:hr>152</ns3:hr>
            <ns3:cad>93</ns3:cad>
          </ns3:TrackPointExtension>
        </extensions>
      </trkpt>
      <trkpt lat="30.75272320769727230072021484375" lon="108.4461711533367633819580078125">
        <ele>413.79998779296875</ele>
        <time>2026-04-17T10:59:14.000Z</time>
        <extensions>
          <ns3:TrackPointExtension>
            <ns3:hr>152</ns3:hr>
            <ns3:cad>93</ns3:cad>
          </ns3:TrackPointExtension>
        </extensions>
      </trkpt>
      <trkpt lat="30.7527442462742328643798828125" lon="108.446176014840602874755859375">
        <ele>413.79998779296875</ele>
        <time>2026-04-17T10:59:15.000Z</time>
        <extensions>
          <ns3:TrackPointExtension>
            <ns3:hr>153</ns3:hr>
            <ns3:cad>92</ns3:cad>
          </ns3:TrackPointExtension>
        </extensions>
      </trkpt>
      <trkpt lat="30.7527707330882549285888671875" lon="108.446174003183841705322265625">
        <ele>414</ele>
        <time>2026-04-17T10:59:16.000Z</time>
        <extensions>
          <ns3:TrackPointExtension>
            <ns3:hr>152</ns3:hr>
            <ns3:cad>92</ns3:cad>
          </ns3:TrackPointExtension>
        </extensions>
      </trkpt>
      <trkpt lat="30.75279177166521549224853515625" lon="108.44617224298417568206787109375">
        <ele>414</ele>
        <time>2026-04-17T10:59:17.000Z</time>
        <extensions>
          <ns3:TrackPointExtension>
            <ns3:hr>152</ns3:hr>
            <ns3:cad>92</ns3:cad>
          </ns3:TrackPointExtension>
        </extensions>
      </trkpt>
      <trkpt lat="30.752818174660205841064453125" lon="108.44617123715579509735107421875">
        <ele>414</ele>
        <time>2026-04-17T10:59:18.000Z</time>
        <extensions>
          <ns3:TrackPointExtension>
            <ns3:hr>152</ns3:hr>
            <ns3:cad>93</ns3:cad>
          </ns3:TrackPointExtension>
        </extensions>
      </trkpt>
      <trkpt lat="30.75283887796103954315185546875" lon="108.44616956077516078948974609375">
        <ele>414</ele>
        <time>2026-04-17T10:59:19.000Z</time>
        <extensions>
          <ns3:TrackPointExtension>
            <ns3:hr>151</ns3:hr>
            <ns3:cad>94</ns3:cad>
          </ns3:TrackPointExtension>
        </extensions>
      </trkpt>
      <trkpt lat="30.7528661191463470458984375" lon="108.446170650422573089599609375">
        <ele>414</ele>
        <time>2026-04-17T10:59:20.000Z</time>
        <extensions>
          <ns3:TrackPointExtension>
            <ns3:hr>151</ns3:hr>
            <ns3:cad>93</ns3:cad>
          </ns3:TrackPointExtension>
        </extensions>
      </trkpt>
      <trkpt lat="30.752886235713958740234375" lon="108.4461657889187335968017578125">
        <ele>414</ele>
        <time>2026-04-17T10:59:21.000Z</time>
        <extensions>
          <ns3:TrackPointExtension>
            <ns3:hr>150</ns3:hr>
            <ns3:cad>94</ns3:cad>
          </ns3:TrackPointExtension>
        </extensions>
      </trkpt>
      <trkpt lat="30.7529143989086151123046875" lon="108.44616889022290706634521484375">
        <ele>414</ele>
        <time>2026-04-17T10:59:22.000Z</time>
        <extensions>
          <ns3:TrackPointExtension>
            <ns3:hr>150</ns3:hr>
            <ns3:cad>94</ns3:cad>
          </ns3:TrackPointExtension>
        </extensions>
      </trkpt>
      <trkpt lat="30.75293652713298797607421875" lon="108.4461615979671478271484375">
        <ele>414</ele>
        <time>2026-04-17T10:59:23.000Z</time>
        <extensions>
          <ns3:TrackPointExtension>
            <ns3:hr>150</ns3:hr>
            <ns3:cad>94</ns3:cad>
          </ns3:TrackPointExtension>
        </extensions>
      </trkpt>
      <trkpt lat="30.7529604993760585784912109375" lon="108.44616587273776531219482421875">
        <ele>414</ele>
        <time>2026-04-17T10:59:24.000Z</time>
        <extensions>
          <ns3:TrackPointExtension>
            <ns3:hr>150</ns3:hr>
            <ns3:cad>94</ns3:cad>
          </ns3:TrackPointExtension>
        </extensions>
      </trkpt>
      <trkpt lat="30.75298053212463855743408203125" lon="108.446157909929752349853515625">
        <ele>414</ele>
        <time>2026-04-17T10:59:25.000Z</time>
        <extensions>
          <ns3:TrackPointExtension>
            <ns3:hr>150</ns3:hr>
            <ns3:cad>93</ns3:cad>
          </ns3:TrackPointExtension>
        </extensions>
      </trkpt>
      <trkpt lat="30.7530024088919162750244140625" lon="108.4461580775678157806396484375">
        <ele>414</ele>
        <time>2026-04-17T10:59:26.000Z</time>
        <extensions>
          <ns3:TrackPointExtension>
            <ns3:hr>150</ns3:hr>
            <ns3:cad>93</ns3:cad>
          </ns3:TrackPointExtension>
        </extensions>
      </trkpt>
      <trkpt lat="30.75302529148757457733154296875" lon="108.4461483545601367950439453125">
        <ele>414</ele>
        <time>2026-04-17T10:59:27.000Z</time>
        <extensions>
          <ns3:TrackPointExtension>
            <ns3:hr>151</ns3:hr>
            <ns3:cad>92</ns3:cad>
          </ns3:TrackPointExtension>
        </extensions>
      </trkpt>
      <trkpt lat="30.753044821321964263916015625" lon="108.446149192750453948974609375">
        <ele>414</ele>
        <time>2026-04-17T10:59:28.000Z</time>
        <extensions>
          <ns3:TrackPointExtension>
            <ns3:hr>151</ns3:hr>
            <ns3:cad>92</ns3:cad>
          </ns3:TrackPointExtension>
        </extensions>
      </trkpt>
      <trkpt lat="30.75306787155568599700927734375" lon="108.44613888300955295562744140625">
        <ele>414</ele>
        <time>2026-04-17T10:59:29.000Z</time>
        <extensions>
          <ns3:TrackPointExtension>
            <ns3:hr>151</ns3:hr>
            <ns3:cad>92</ns3:cad>
          </ns3:TrackPointExtension>
        </extensions>
      </trkpt>
      <trkpt lat="30.753081031143665313720703125" lon="108.4461272321641445159912109375">
        <ele>414</ele>
        <time>2026-04-17T10:59:30.000Z</time>
        <extensions>
          <ns3:TrackPointExtension>
            <ns3:hr>151</ns3:hr>
            <ns3:cad>92</ns3:cad>
          </ns3:TrackPointExtension>
        </extensions>
      </trkpt>
      <trkpt lat="30.7531034946441650390625" lon="108.44610468484461307525634765625">
        <ele>414</ele>
        <time>2026-04-17T10:59:31.000Z</time>
        <extensions>
          <ns3:TrackPointExtension>
            <ns3:hr>152</ns3:hr>
            <ns3:cad>92</ns3:cad>
          </ns3:TrackPointExtension>
        </extensions>
      </trkpt>
      <trkpt lat="30.7531147263944149017333984375" lon="108.4460853226482868194580078125">
        <ele>414</ele>
        <time>2026-04-17T10:59:32.000Z</time>
        <extensions>
          <ns3:TrackPointExtension>
            <ns3:hr>152</ns3:hr>
            <ns3:cad>92</ns3:cad>
          </ns3:TrackPointExtension>
        </extensions>
      </trkpt>
      <trkpt lat="30.75313693843781948089599609375" lon="108.44606964848935604095458984375">
        <ele>414</ele>
        <time>2026-04-17T10:59:33.000Z</time>
        <extensions>
          <ns3:TrackPointExtension>
            <ns3:hr>152</ns3:hr>
            <ns3:cad>92</ns3:cad>
          </ns3:TrackPointExtension>
        </extensions>
      </trkpt>
      <trkpt lat="30.7531542889773845672607421875" lon="108.446051292121410369873046875">
        <ele>413.79998779296875</ele>
        <time>2026-04-17T10:59:34.000Z</time>
        <extensions>
          <ns3:TrackPointExtension>
            <ns3:hr>151</ns3:hr>
            <ns3:cad>92</ns3:cad>
          </ns3:TrackPointExtension>
        </extensions>
      </trkpt>
      <trkpt lat="30.7531760819256305694580078125" lon="108.4460357017815113067626953125">
        <ele>413.79998779296875</ele>
        <time>2026-04-17T10:59:35.000Z</time>
        <extensions>
          <ns3:TrackPointExtension>
            <ns3:hr>151</ns3:hr>
            <ns3:cad>92</ns3:cad>
          </ns3:TrackPointExtension>
        </extensions>
      </trkpt>
      <trkpt lat="30.7531908340752124786376953125" lon="108.4460165910422801971435546875">
        <ele>413.79998779296875</ele>
        <time>2026-04-17T10:59:36.000Z</time>
        <extensions>
          <ns3:TrackPointExtension>
            <ns3:hr>151</ns3:hr>
            <ns3:cad>92</ns3:cad>
          </ns3:TrackPointExtension>
        </extensions>
      </trkpt>
      <trkpt lat="30.753207094967365264892578125" lon="108.4459978155791759490966796875">
        <ele>413.79998779296875</ele>
        <time>2026-04-17T10:59:37.000Z</time>
        <extensions>
          <ns3:TrackPointExtension>
            <ns3:hr>150</ns3:hr>
            <ns3:cad>93</ns3:cad>
          </ns3:TrackPointExtension>
        </extensions>
      </trkpt>
      <trkpt lat="30.75321807526051998138427734375" lon="108.4459719993174076080322265625">
        <ele>413.79998779296875</ele>
        <time>2026-04-17T10:59:38.000Z</time>
        <extensions>
          <ns3:TrackPointExtension>
            <ns3:hr>150</ns3:hr>
            <ns3:cad>94</ns3:cad>
          </ns3:TrackPointExtension>
        </extensions>
      </trkpt>
      <trkpt lat="30.75322997756302356719970703125" lon="108.4459525533020496368408203125">
        <ele>413.79998779296875</ele>
        <time>2026-04-17T10:59:39.000Z</time>
        <extensions>
          <ns3:TrackPointExtension>
            <ns3:hr>150</ns3:hr>
            <ns3:cad>94</ns3:cad>
          </ns3:TrackPointExtension>
        </extensions>
      </trkpt>
      <trkpt lat="30.75324120931327342987060546875" lon="108.44592179171741008758544921875">
        <ele>413.79998779296875</ele>
        <time>2026-04-17T10:59:40.000Z</time>
        <extensions>
          <ns3:TrackPointExtension>
            <ns3:hr>149</ns3:hr>
            <ns3:cad>94</ns3:cad>
          </ns3:TrackPointExtension>
        </extensions>
      </trkpt>
      <trkpt lat="30.7532485015690326690673828125" lon="108.44590008258819580078125">
        <ele>413.79998779296875</ele>
        <time>2026-04-17T10:59:41.000Z</time>
        <extensions>
          <ns3:TrackPointExtension>
            <ns3:hr>149</ns3:hr>
            <ns3:cad>93</ns3:cad>
          </ns3:TrackPointExtension>
        </extensions>
      </trkpt>
      <trkpt lat="30.7532592304050922393798828125" lon="108.44586730934679508209228515625">
        <ele>413.79998779296875</ele>
        <time>2026-04-17T10:59:42.000Z</time>
        <extensions>
          <ns3:TrackPointExtension>
            <ns3:hr>149</ns3:hr>
            <ns3:cad>92</ns3:cad>
          </ns3:TrackPointExtension>
        </extensions>
      </trkpt>
      <trkpt lat="30.75325931422412395477294921875" lon="108.4458442591130733489990234375">
        <ele>413.79998779296875</ele>
        <time>2026-04-17T10:59:43.000Z</time>
        <extensions>
          <ns3:TrackPointExtension>
            <ns3:hr>149</ns3:hr>
            <ns3:cad>92</ns3:cad>
          </ns3:TrackPointExtension>
        </extensions>
      </trkpt>
      <trkpt lat="30.75327188707888126373291015625" lon="108.445815257728099822998046875">
        <ele>413.79998779296875</ele>
        <time>2026-04-17T10:59:44.000Z</time>
        <extensions>
          <ns3:TrackPointExtension>
            <ns3:hr>149</ns3:hr>
            <ns3:cad>92</ns3:cad>
          </ns3:TrackPointExtension>
        </extensions>
      </trkpt>
      <trkpt lat="30.75327523984014987945556640625" lon="108.4457926265895366668701171875">
        <ele>413.79998779296875</ele>
        <time>2026-04-17T10:59:45.000Z</time>
        <extensions>
          <ns3:TrackPointExtension>
            <ns3:hr>149</ns3:hr>
            <ns3:cad>92</ns3:cad>
          </ns3:TrackPointExtension>
        </extensions>
      </trkpt>
      <trkpt lat="30.7532845437526702880859375" lon="108.44576622359454631805419921875">
        <ele>413.79998779296875</ele>
        <time>2026-04-17T10:59:46.000Z</time>
        <extensions>
          <ns3:TrackPointExtension>
            <ns3:hr>149</ns3:hr>
            <ns3:cad>92</ns3:cad>
          </ns3:TrackPointExtension>
        </extensions>
      </trkpt>
      <trkpt lat="30.75328697450459003448486328125" lon="108.44573738984763622283935546875">
        <ele>413.79998779296875</ele>
        <time>2026-04-17T10:59:47.000Z</time>
        <extensions>
          <ns3:TrackPointExtension>
            <ns3:hr>149</ns3:hr>
            <ns3:cad>93</ns3:cad>
          </ns3:TrackPointExtension>
        </extensions>
      </trkpt>
      <trkpt lat="30.75329166837036609649658203125" lon="108.44571207650005817413330078125">
        <ele>413.79998779296875</ele>
        <time>2026-04-17T10:59:48.000Z</time>
        <extensions>
          <ns3:TrackPointExtension>
            <ns3:hr>150</ns3:hr>
            <ns3:cad>94</ns3:cad>
          </ns3:TrackPointExtension>
        </extensions>
      </trkpt>
      <trkpt lat="30.75329150073230266571044921875" lon="108.44568072818219661712646484375">
        <ele>413.79998779296875</ele>
        <time>2026-04-17T10:59:49.000Z</time>
        <extensions>
          <ns3:TrackPointExtension>
            <ns3:hr>150</ns3:hr>
            <ns3:cad>93</ns3:cad>
          </ns3:TrackPointExtension>
        </extensions>
      </trkpt>
      <trkpt lat="30.7532880641520023345947265625" lon="108.44565893523395061492919921875">
        <ele>413.79998779296875</ele>
        <time>2026-04-17T10:59:50.000Z</time>
        <extensions>
          <ns3:TrackPointExtension>
            <ns3:hr>151</ns3:hr>
            <ns3:cad>93</ns3:cad>
          </ns3:TrackPointExtension>
        </extensions>
      </trkpt>
      <trkpt lat="30.7532816939055919647216796875" lon="108.4456276707351207733154296875">
        <ele>413.79998779296875</ele>
        <time>2026-04-17T10:59:51.000Z</time>
        <extensions>
          <ns3:TrackPointExtension>
            <ns3:hr>151</ns3:hr>
            <ns3:cad>92</ns3:cad>
          </ns3:TrackPointExtension>
        </extensions>
      </trkpt>
      <trkpt lat="30.75327448546886444091796875" lon="108.44561015255749225616455078125">
        <ele>413.79998779296875</ele>
        <time>2026-04-17T10:59:52.000Z</time>
        <extensions>
          <ns3:TrackPointExtension>
            <ns3:hr>151</ns3:hr>
            <ns3:cad>92</ns3:cad>
          </ns3:TrackPointExtension>
        </extensions>
      </trkpt>
      <trkpt lat="30.75328052043914794921875" lon="108.44557729549705982208251953125">
        <ele>413.79998779296875</ele>
        <time>2026-04-17T10:59:53.000Z</time>
        <extensions>
          <ns3:TrackPointExtension>
            <ns3:hr>152</ns3:hr>
            <ns3:cad>92</ns3:cad>
          </ns3:TrackPointExtension>
        </extensions>
      </trkpt>
      <trkpt lat="30.75327993370592594146728515625" lon="108.44555114395916461944580078125">
        <ele>413.79998779296875</ele>
        <time>2026-04-17T10:59:54.000Z</time>
        <extensions>
          <ns3:TrackPointExtension>
            <ns3:hr>153</ns3:hr>
            <ns3:cad>92</ns3:cad>
          </ns3:TrackPointExtension>
        </extensions>
      </trkpt>
      <trkpt lat="30.7532810233533382415771484375" lon="108.44552113674581050872802734375">
        <ele>414</ele>
        <time>2026-04-17T10:59:55.000Z</time>
        <extensions>
          <ns3:TrackPointExtension>
            <ns3:hr>153</ns3:hr>
            <ns3:cad>92</ns3:cad>
          </ns3:TrackPointExtension>
        </extensions>
      </trkpt>
      <trkpt lat="30.7532783411443233489990234375" lon="108.4454962424933910369873046875">
        <ele>414</ele>
        <time>2026-04-17T10:59:56.000Z</time>
        <extensions>
          <ns3:TrackPointExtension>
            <ns3:hr>153</ns3:hr>
            <ns3:cad>92</ns3:cad>
          </ns3:TrackPointExtension>
        </extensions>
      </trkpt>
      <trkpt lat="30.7532813586294651031494140625" lon="108.44546380452811717987060546875">
        <ele>414</ele>
        <time>2026-04-17T10:59:57.000Z</time>
        <extensions>
          <ns3:TrackPointExtension>
            <ns3:hr>154</ns3:hr>
            <ns3:cad>93</ns3:cad>
          </ns3:TrackPointExtension>
        </extensions>
      </trkpt>
      <trkpt lat="30.7532764971256256103515625" lon="108.44543664716184139251708984375">
        <ele>414</ele>
        <time>2026-04-17T10:59:58.000Z</time>
        <extensions>
          <ns3:TrackPointExtension>
            <ns3:hr>154</ns3:hr>
            <ns3:cad>93</ns3:cad>
          </ns3:TrackPointExtension>
        </extensions>
      </trkpt>
      <trkpt lat="30.75327322818338871002197265625" lon="108.4454080648720264434814453125">
        <ele>414</ele>
        <time>2026-04-17T10:59:59.000Z</time>
        <extensions>
          <ns3:TrackPointExtension>
            <ns3:hr>154</ns3:hr>
            <ns3:cad>93</ns3:cad>
          </ns3:TrackPointExtension>
        </extensions>
      </trkpt>
      <trkpt lat="30.7532612420618534088134765625" lon="108.44537436962127685546875">
        <ele>414</ele>
        <time>2026-04-17T11:00:00.000Z</time>
        <extensions>
          <ns3:TrackPointExtension>
            <ns3:hr>153</ns3:hr>
            <ns3:cad>93</ns3:cad>
          </ns3:TrackPointExtension>
        </extensions>
      </trkpt>
      <trkpt lat="30.7532531954348087310791015625" lon="108.44535492360591888427734375">
        <ele>414</ele>
        <time>2026-04-17T11:00:01.000Z</time>
        <extensions>
          <ns3:TrackPointExtension>
            <ns3:hr>154</ns3:hr>
            <ns3:cad>93</ns3:cad>
          </ns3:TrackPointExtension>
        </extensions>
      </trkpt>
      <trkpt lat="30.75324070639908313751220703125" lon="108.4453260898590087890625">
        <ele>414</ele>
        <time>2026-04-17T11:00:02.000Z</time>
        <extensions>
          <ns3:TrackPointExtension>
            <ns3:hr>153</ns3:hr>
            <ns3:cad>93</ns3:cad>
          </ns3:TrackPointExtension>
        </extensions>
      </trkpt>
      <trkpt lat="30.75323081575334072113037109375" lon="108.44530689530074596405029296875">
        <ele>414</ele>
        <time>2026-04-17T11:00:03.000Z</time>
        <extensions>
          <ns3:TrackPointExtension>
            <ns3:hr>153</ns3:hr>
            <ns3:cad>93</ns3:cad>
          </ns3:TrackPointExtension>
        </extensions>
      </trkpt>
      <trkpt lat="30.7532206736505031585693359375" lon="108.4452776424586772918701171875">
        <ele>414</ele>
        <time>2026-04-17T11:00:04.000Z</time>
        <extensions>
          <ns3:TrackPointExtension>
            <ns3:hr>153</ns3:hr>
            <ns3:cad>93</ns3:cad>
          </ns3:TrackPointExtension>
        </extensions>
      </trkpt>
      <trkpt lat="30.7532045803964138031005859375" lon="108.44526263885200023651123046875">
        <ele>414</ele>
        <time>2026-04-17T11:00:05.000Z</time>
        <extensions>
          <ns3:TrackPointExtension>
            <ns3:hr>153</ns3:hr>
            <ns3:cad>93</ns3:cad>
          </ns3:TrackPointExtension>
        </extensions>
      </trkpt>
      <trkpt lat="30.7531854696571826934814453125" lon="108.44523849897086620330810546875">
        <ele>414</ele>
        <time>2026-04-17T11:00:06.000Z</time>
        <extensions>
          <ns3:TrackPointExtension>
            <ns3:hr>153</ns3:hr>
            <ns3:cad>92</ns3:cad>
          </ns3:TrackPointExtension>
        </extensions>
      </trkpt>
      <trkpt lat="30.75316878966987133026123046875" lon="108.4452250041067600250244140625">
        <ele>414</ele>
        <time>2026-04-17T11:00:07.000Z</time>
        <extensions>
          <ns3:TrackPointExtension>
            <ns3:hr>154</ns3:hr>
            <ns3:cad>92</ns3:cad>
          </ns3:TrackPointExtension>
        </extensions>
      </trkpt>
      <trkpt lat="30.7531526125967502593994140625" lon="108.44520027749240398406982421875">
        <ele>414</ele>
        <time>2026-04-17T11:00:08.000Z</time>
        <extensions>
          <ns3:TrackPointExtension>
            <ns3:hr>153</ns3:hr>
            <ns3:cad>92</ns3:cad>
          </ns3:TrackPointExtension>
        </extensions>
      </trkpt>
      <trkpt lat="30.75313660316169261932373046875" lon="108.44518116675317287445068359375">
        <ele>414</ele>
        <time>2026-04-17T11:00:09.000Z</time>
        <extensions>
          <ns3:TrackPointExtension>
            <ns3:hr>153</ns3:hr>
            <ns3:cad>93</ns3:cad>
          </ns3:TrackPointExtension>
        </extensions>
      </trkpt>
      <trkpt lat="30.75312319211661815643310546875" lon="108.4451576136052608489990234375">
        <ele>414</ele>
        <time>2026-04-17T11:00:10.000Z</time>
        <extensions>
          <ns3:TrackPointExtension>
            <ns3:hr>154</ns3:hr>
            <ns3:cad>94</ns3:cad>
          </ns3:TrackPointExtension>
        </extensions>
      </trkpt>
      <trkpt lat="30.75310491956770420074462890625" lon="108.445136658847332000732421875">
        <ele>414</ele>
        <time>2026-04-17T11:00:11.000Z</time>
        <extensions>
          <ns3:TrackPointExtension>
            <ns3:hr>153</ns3:hr>
            <ns3:cad>93</ns3:cad>
          </ns3:TrackPointExtension>
        </extensions>
      </trkpt>
      <trkpt lat="30.7530902512371540069580078125" lon="108.4451155364513397216796875">
        <ele>414</ele>
        <time>2026-04-17T11:00:12.000Z</time>
        <extensions>
          <ns3:TrackPointExtension>
            <ns3:hr>153</ns3:hr>
            <ns3:cad>91</ns3:cad>
          </ns3:TrackPointExtension>
        </extensions>
      </trkpt>
      <trkpt lat="30.75306518934667110443115234375" lon="108.44510489143431186676025390625">
        <ele>414</ele>
        <time>2026-04-17T11:00:13.000Z</time>
        <extensions>
          <ns3:TrackPointExtension>
            <ns3:hr>154</ns3:hr>
            <ns3:cad>91</ns3:cad>
          </ns3:TrackPointExtension>
        </extensions>
      </trkpt>
      <trkpt lat="30.75304540805518627166748046875" lon="108.44509935937821865081787109375">
        <ele>414</ele>
        <time>2026-04-17T11:00:14.000Z</time>
        <extensions>
          <ns3:TrackPointExtension>
            <ns3:hr>153</ns3:hr>
            <ns3:cad>92</ns3:cad>
          </ns3:TrackPointExtension>
        </extensions>
      </trkpt>
      <trkpt lat="30.75302009470760822296142578125" lon="108.445097096264362335205078125">
        <ele>414</ele>
        <time>2026-04-17T11:00:15.000Z</time>
        <extensions>
          <ns3:TrackPointExtension>
            <ns3:hr>153</ns3:hr>
            <ns3:cad>92</ns3:cad>
          </ns3:TrackPointExtension>
        </extensions>
      </trkpt>
      <trkpt lat="30.75300349853932857513427734375" lon="108.4450996108353137969970703125">
        <ele>414</ele>
        <time>2026-04-17T11:00:16.000Z</time>
        <extensions>
          <ns3:TrackPointExtension>
            <ns3:hr>153</ns3:hr>
            <ns3:cad>92</ns3:cad>
          </ns3:TrackPointExtension>
        </extensions>
      </trkpt>
      <trkpt lat="30.752976424992084503173828125" lon="108.44509877264499664306640625">
        <ele>413.79998779296875</ele>
        <time>2026-04-17T11:00:17.000Z</time>
        <extensions>
          <ns3:TrackPointExtension>
            <ns3:hr>154</ns3:hr>
            <ns3:cad>93</ns3:cad>
          </ns3:TrackPointExtension>
        </extensions>
      </trkpt>
      <trkpt lat="30.75295706279575824737548828125" lon="108.445102460682392120361328125">
        <ele>413.79998779296875</ele>
        <time>2026-04-17T11:00:18.000Z</time>
        <extensions>
          <ns3:TrackPointExtension>
            <ns3:hr>153</ns3:hr>
            <ns3:cad>93</ns3:cad>
          </ns3:TrackPointExtension>
        </extensions>
      </trkpt>
      <trkpt lat="30.75292638503015041351318359375" lon="108.44510237686336040496826171875">
        <ele>413.79998779296875</ele>
        <time>2026-04-17T11:00:19.000Z</time>
        <extensions>
          <ns3:TrackPointExtension>
            <ns3:hr>153</ns3:hr>
            <ns3:cad>94</ns3:cad>
          </ns3:TrackPointExtension>
        </extensions>
      </trkpt>
      <trkpt lat="30.752904005348682403564453125" lon="108.44510740600526332855224609375">
        <ele>413.79998779296875</ele>
        <time>2026-04-17T11:00:20.000Z</time>
        <extensions>
          <ns3:TrackPointExtension>
            <ns3:hr>153</ns3:hr>
            <ns3:cad>93</ns3:cad>
          </ns3:TrackPointExtension>
        </extensions>
      </trkpt>
      <trkpt lat="30.752875171601772308349609375" lon="108.44510237686336040496826171875">
        <ele>413.79998779296875</ele>
        <time>2026-04-17T11:00:21.000Z</time>
        <extensions>
          <ns3:TrackPointExtension>
            <ns3:hr>152</ns3:hr>
            <ns3:cad>93</ns3:cad>
          </ns3:TrackPointExtension>
        </extensions>
      </trkpt>
      <trkpt lat="30.75284860096871852874755859375" lon="108.44510841183364391326904296875">
        <ele>413.79998779296875</ele>
        <time>2026-04-17T11:00:22.000Z</time>
        <extensions>
          <ns3:TrackPointExtension>
            <ns3:hr>152</ns3:hr>
            <ns3:cad>93</ns3:cad>
          </ns3:TrackPointExtension>
        </extensions>
      </trkpt>
      <trkpt lat="30.75282580219209194183349609375" lon="108.4451073221862316131591796875">
        <ele>413.79998779296875</ele>
        <time>2026-04-17T11:00:23.000Z</time>
        <extensions>
          <ns3:TrackPointExtension>
            <ns3:hr>152</ns3:hr>
            <ns3:cad>93</ns3:cad>
          </ns3:TrackPointExtension>
        </extensions>
      </trkpt>
      <trkpt lat="30.75280317105352878570556640625" lon="108.44510757364332675933837890625">
        <ele>413.79998779296875</ele>
        <time>2026-04-17T11:00:24.000Z</time>
        <extensions>
          <ns3:TrackPointExtension>
            <ns3:hr>152</ns3:hr>
            <ns3:cad>93</ns3:cad>
          </ns3:TrackPointExtension>
        </extensions>
      </trkpt>
      <trkpt lat="30.752784311771392822265625" lon="108.4451036341488361358642578125">
        <ele>414</ele>
        <time>2026-04-17T11:00:25.000Z</time>
        <extensions>
          <ns3:TrackPointExtension>
            <ns3:hr>152</ns3:hr>
            <ns3:cad>92</ns3:cad>
          </ns3:TrackPointExtension>
        </extensions>
      </trkpt>
      <trkpt lat="30.75275640003383159637451171875" lon="108.445102460682392120361328125">
        <ele>413.79998779296875</ele>
        <time>2026-04-17T11:00:26.000Z</time>
        <extensions>
          <ns3:TrackPointExtension>
            <ns3:hr>152</ns3:hr>
            <ns3:cad>92</ns3:cad>
          </ns3:TrackPointExtension>
        </extensions>
      </trkpt>
      <trkpt lat="30.75273846276104450225830078125" lon="108.445105142891407012939453125">
        <ele>413.79998779296875</ele>
        <time>2026-04-17T11:00:27.000Z</time>
        <extensions>
          <ns3:TrackPointExtension>
            <ns3:hr>152</ns3:hr>
            <ns3:cad>92</ns3:cad>
          </ns3:TrackPointExtension>
        </extensions>
      </trkpt>
      <trkpt lat="30.75271063484251499176025390625" lon="108.44510355032980442047119140625">
        <ele>413.79998779296875</ele>
        <time>2026-04-17T11:00:28.000Z</time>
        <extensions>
          <ns3:TrackPointExtension>
            <ns3:hr>152</ns3:hr>
            <ns3:cad>92</ns3:cad>
          </ns3:TrackPointExtension>
        </extensions>
      </trkpt>
      <trkpt lat="30.752692781388759613037109375" lon="108.44510841183364391326904296875">
        <ele>413.79998779296875</ele>
        <time>2026-04-17T11:00:29.000Z</time>
        <extensions>
          <ns3:TrackPointExtension>
            <ns3:hr>152</ns3:hr>
            <ns3:cad>92</ns3:cad>
          </ns3:TrackPointExtension>
        </extensions>
      </trkpt>
      <trkpt lat="30.7526651211082935333251953125" lon="108.44510572962462902069091796875">
        <ele>413.79998779296875</ele>
        <time>2026-04-17T11:00:30.000Z</time>
        <extensions>
          <ns3:TrackPointExtension>
            <ns3:hr>152</ns3:hr>
            <ns3:cad>91</ns3:cad>
          </ns3:TrackPointExtension>
        </extensions>
      </trkpt>
      <trkpt lat="30.752644501626491546630859375" lon="108.4451093338429927825927734375">
        <ele>413.79998779296875</ele>
        <time>2026-04-17T11:00:31.000Z</time>
        <extensions>
          <ns3:TrackPointExtension>
            <ns3:hr>152</ns3:hr>
            <ns3:cad>91</ns3:cad>
          </ns3:TrackPointExtension>
        </extensions>
      </trkpt>
      <trkpt lat="30.7526155002415180206298828125" lon="108.44510572962462902069091796875">
        <ele>413.79998779296875</ele>
        <time>2026-04-17T11:00:32.000Z</time>
        <extensions>
          <ns3:TrackPointExtension>
            <ns3:hr>152</ns3:hr>
            <ns3:cad>93</ns3:cad>
          </ns3:TrackPointExtension>
        </extensions>
      </trkpt>
      <trkpt lat="30.7525927014648914337158203125" lon="108.44510388560593128204345703125">
        <ele>413.79998779296875</ele>
        <time>2026-04-17T11:00:33.000Z</time>
        <extensions>
          <ns3:TrackPointExtension>
            <ns3:hr>152</ns3:hr>
            <ns3:cad>93</ns3:cad>
          </ns3:TrackPointExtension>
        </extensions>
      </trkpt>
      <trkpt lat="30.752568729221820831298828125" lon="108.4450982697308063507080078125">
        <ele>413.79998779296875</ele>
        <time>2026-04-17T11:00:34.000Z</time>
        <extensions>
          <ns3:TrackPointExtension>
            <ns3:hr>152</ns3:hr>
            <ns3:cad>93</ns3:cad>
          </ns3:TrackPointExtension>
        </extensions>
      </trkpt>
      <trkpt lat="30.75254500843584537506103515625" lon="108.44509902410209178924560546875">
        <ele>413.79998779296875</ele>
        <time>2026-04-17T11:00:35.000Z</time>
        <extensions>
          <ns3:TrackPointExtension>
            <ns3:hr>152</ns3:hr>
            <ns3:cad>93</ns3:cad>
          </ns3:TrackPointExtension>
        </extensions>
      </trkpt>
      <trkpt lat="30.7525254786014556884765625" lon="108.445097096264362335205078125">
        <ele>414</ele>
        <time>2026-04-17T11:00:36.000Z</time>
        <extensions>
          <ns3:TrackPointExtension>
            <ns3:hr>152</ns3:hr>
            <ns3:cad>93</ns3:cad>
          </ns3:TrackPointExtension>
        </extensions>
      </trkpt>
      <trkpt lat="30.75250209309160709381103515625" lon="108.44509935937821865081787109375">
        <ele>414</ele>
        <time>2026-04-17T11:00:37.000Z</time>
        <extensions>
          <ns3:TrackPointExtension>
            <ns3:hr>152</ns3:hr>
            <ns3:cad>94</ns3:cad>
          </ns3:TrackPointExtension>
        </extensions>
      </trkpt>
      <trkpt lat="30.7524825632572174072265625" lon="108.44510086812078952789306640625">
        <ele>414</ele>
        <time>2026-04-17T11:00:38.000Z</time>
        <extensions>
          <ns3:TrackPointExtension>
            <ns3:hr>153</ns3:hr>
            <ns3:cad>93</ns3:cad>
          </ns3:TrackPointExtension>
        </extensions>
      </trkpt>
      <trkpt lat="30.7524555735290050506591796875" lon="108.4451056458055973052978515625">
        <ele>414</ele>
        <time>2026-04-17T11:00:39.000Z</time>
        <extensions>
          <ns3:TrackPointExtension>
            <ns3:hr>152</ns3:hr>
            <ns3:cad>94</ns3:cad>
          </ns3:TrackPointExtension>
        </extensions>
      </trkpt>
      <trkpt lat="30.752437300980091094970703125" lon="108.44511075876653194427490234375">
        <ele>414</ele>
        <time>2026-04-17T11:00:40.000Z</time>
        <extensions>
          <ns3:TrackPointExtension>
            <ns3:hr>152</ns3:hr>
            <ns3:cad>93</ns3:cad>
          </ns3:TrackPointExtension>
        </extensions>
      </trkpt>
      <trkpt lat="30.75241022743284702301025390625" lon="108.4451103396713733673095703125">
        <ele>414</ele>
        <time>2026-04-17T11:00:41.000Z</time>
        <extensions>
          <ns3:TrackPointExtension>
            <ns3:hr>152</ns3:hr>
            <ns3:cad>93</ns3:cad>
          </ns3:TrackPointExtension>
        </extensions>
      </trkpt>
      <trkpt lat="30.7523928768932819366455078125" lon="108.4451214037835597991943359375">
        <ele>414</ele>
        <time>2026-04-17T11:00:42.000Z</time>
        <extensions>
          <ns3:TrackPointExtension>
            <ns3:hr>152</ns3:hr>
            <ns3:cad>93</ns3:cad>
          </ns3:TrackPointExtension>
        </extensions>
      </trkpt>
      <trkpt lat="30.7523694075644016265869140625" lon="108.44513498246669769287109375">
        <ele>414</ele>
        <time>2026-04-17T11:00:43.000Z</time>
        <extensions>
          <ns3:TrackPointExtension>
            <ns3:hr>152</ns3:hr>
            <ns3:cad>93</ns3:cad>
          </ns3:TrackPointExtension>
        </extensions>
      </trkpt>
      <trkpt lat="30.752349793910980224609375" lon="108.44514462165534496307373046875">
        <ele>414</ele>
        <time>2026-04-17T11:00:44.000Z</time>
        <extensions>
          <ns3:TrackPointExtension>
            <ns3:hr>152</ns3:hr>
            <ns3:cad>93</ns3:cad>
          </ns3:TrackPointExtension>
        </extensions>
      </trkpt>
      <trkpt lat="30.752323977649211883544921875" lon="108.4451435320079326629638671875">
        <ele>413.79998779296875</ele>
        <time>2026-04-17T11:00:45.000Z</time>
        <extensions>
          <ns3:TrackPointExtension>
            <ns3:hr>152</ns3:hr>
            <ns3:cad>93</ns3:cad>
          </ns3:TrackPointExtension>
        </extensions>
      </trkpt>
      <trkpt lat="30.75230092741549015045166015625" lon="108.4451442025601863861083984375">
        <ele>414</ele>
        <time>2026-04-17T11:00:46.000Z</time>
        <extensions>
          <ns3:TrackPointExtension>
            <ns3:hr>152</ns3:hr>
            <ns3:cad>92</ns3:cad>
          </ns3:TrackPointExtension>
        </extensions>
      </trkpt>
      <trkpt lat="30.7522775419056415557861328125" lon="108.445136658847332000732421875">
        <ele>414</ele>
        <time>2026-04-17T11:00:47.000Z</time>
        <extensions>
          <ns3:TrackPointExtension>
            <ns3:hr>153</ns3:hr>
            <ns3:cad>91</ns3:cad>
          </ns3:TrackPointExtension>
        </extensions>
      </trkpt>
      <trkpt lat="30.7522550784051418304443359375" lon="108.44512735493481159210205078125">
        <ele>414.20001220703125</ele>
        <time>2026-04-17T11:00:48.000Z</time>
        <extensions>
          <ns3:TrackPointExtension>
            <ns3:hr>153</ns3:hr>
            <ns3:cad>91</ns3:cad>
          </ns3:TrackPointExtension>
        </extensions>
      </trkpt>
      <trkpt lat="30.75223269872367382049560546875" lon="108.445123918354511260986328125">
        <ele>414.20001220703125</ele>
        <time>2026-04-17T11:00:49.000Z</time>
        <extensions>
          <ns3:TrackPointExtension>
            <ns3:hr>153</ns3:hr>
            <ns3:cad>92</ns3:cad>
          </ns3:TrackPointExtension>
        </extensions>
      </trkpt>
      <trkpt lat="30.75220604427158832550048828125" lon="108.44512291252613067626953125">
        <ele>414.20001220703125</ele>
        <time>2026-04-17T11:00:50.000Z</time>
        <extensions>
          <ns3:TrackPointExtension>
            <ns3:hr>153</ns3:hr>
            <ns3:cad>93</ns3:cad>
          </ns3:TrackPointExtension>
        </extensions>
      </trkpt>
      <trkpt lat="30.75219213031232357025146484375" lon="108.44512819312512874603271484375">
        <ele>414.399993896484375</ele>
        <time>2026-04-17T11:00:51.000Z</time>
        <extensions>
          <ns3:TrackPointExtension>
            <ns3:hr>153</ns3:hr>
            <ns3:cad>94</ns3:cad>
          </ns3:TrackPointExtension>
        </extensions>
      </trkpt>
      <trkpt lat="30.75220570899546146392822265625" lon="108.445124588906764984130859375">
        <ele>414.399993896484375</ele>
        <time>2026-04-17T11:00:52.000Z</time>
        <extensions>
          <ns3:TrackPointExtension>
            <ns3:hr>153</ns3:hr>
            <ns3:cad>93</ns3:cad>
          </ns3:TrackPointExtension>
        </extensions>
      </trkpt>
    </trkseg>
  </trk>
</gpx>
