<gpx xmlns:ns3="http://www.garmin.com/xmlschemas/TrackPointExtension/v1" xmlns="http://www.topografix.com/GPX/1/1" xmlns:xsi="http://www.w3.org/2001/XMLSchema-instance" xmlns:ns2="http://www.garmin.com/xmlschemas/GpxExtensions/v3" creator="Garmin Connect" version="1.1" xsi:schemaLocation="http://www.topografix.com/GPX/1/1 http://www.topografix.com/GPX/11.xsd">
  <extensions>
<distance>3008.39</distance>
<average_hr>152.0</average_hr>
<average_speed>2.905999898910522</average_speed>
<start_time>2026-04-30T12:01:41+00:00</start_time>
<end_time>2026-04-30T12:18:56.089000+00:00</end_time>
<moving_time>1034.083</moving_time>
<elapsed_time>1035.089</elapsed_time>
</extensions>
<metadata>
    <link href="connect.garmin.com">
      <text>Garmin Connect</text>
    </link>
    <time>2026-04-30T12:01:41.000Z</time>
  </metadata>
  <trk>
    <name>Wanzhou Running</name>
    <type>running</type>
    <trkseg>
      <trkpt lat="30.7518778927624225616455078125" lon="108.44521519728004932403564453125">
        <ele>418.600006103515625</ele>
        <time>2026-04-30T12:01:41.000Z</time>
        <extensions>
          <ns3:TrackPointExtension>
            <ns3:hr>78</ns3:hr>
            <ns3:cad>0</ns3:cad>
          </ns3:TrackPointExtension>
        </extensions>
      </trkpt>
      <trkpt lat="30.7518638111650943756103515625" lon="108.445203714072704315185546875">
        <ele>418.600006103515625</ele>
        <time>2026-04-30T12:01:42.000Z</time>
        <extensions>
          <ns3:TrackPointExtension>
            <ns3:hr>78</ns3:hr>
            <ns3:cad>0</ns3:cad>
          </ns3:TrackPointExtension>
        </extensions>
      </trkpt>
      <trkpt lat="30.7518400065600872039794921875" lon="108.44520815648138523101806640625">
        <ele>418.600006103515625</ele>
        <time>2026-04-30T12:01:43.000Z</time>
        <extensions>
          <ns3:TrackPointExtension>
            <ns3:hr>78</ns3:hr>
            <ns3:cad>0</ns3:cad>
          </ns3:TrackPointExtension>
        </extensions>
      </trkpt>
      <trkpt lat="30.75181880034506320953369140625" lon="108.44522575847804546356201171875">
        <ele>418.600006103515625</ele>
        <time>2026-04-30T12:01:44.000Z</time>
        <extensions>
          <ns3:TrackPointExtension>
            <ns3:hr>78</ns3:hr>
            <ns3:cad>0</ns3:cad>
          </ns3:TrackPointExtension>
        </extensions>
      </trkpt>
      <trkpt lat="30.75179114006459712982177734375" lon="108.4452491439878940582275390625">
        <ele>418.600006103515625</ele>
        <time>2026-04-30T12:01:45.000Z</time>
        <extensions>
          <ns3:TrackPointExtension>
            <ns3:hr>79</ns3:hr>
            <ns3:cad>0</ns3:cad>
          </ns3:TrackPointExtension>
        </extensions>
      </trkpt>
      <trkpt lat="30.75177990831434726715087890625" lon="108.44527085311710834503173828125">
        <ele>418.600006103515625</ele>
        <time>2026-04-30T12:01:46.000Z</time>
        <extensions>
          <ns3:TrackPointExtension>
            <ns3:hr>79</ns3:hr>
            <ns3:cad>0</ns3:cad>
          </ns3:TrackPointExtension>
        </extensions>
      </trkpt>
      <trkpt lat="30.75175627134740352630615234375" lon="108.44529549591243267059326171875">
        <ele>418.399993896484375</ele>
        <time>2026-04-30T12:01:47.000Z</time>
        <extensions>
          <ns3:TrackPointExtension>
            <ns3:hr>79</ns3:hr>
            <ns3:cad>0</ns3:cad>
          </ns3:TrackPointExtension>
        </extensions>
      </trkpt>
      <trkpt lat="30.75174906291067600250244140625" lon="108.4453172050416469573974609375">
        <ele>418.600006103515625</ele>
        <time>2026-04-30T12:01:48.000Z</time>
        <extensions>
          <ns3:TrackPointExtension>
            <ns3:hr>79</ns3:hr>
            <ns3:cad>93</ns3:cad>
          </ns3:TrackPointExtension>
        </extensions>
      </trkpt>
      <trkpt lat="30.75172483921051025390625" lon="108.44533748924732208251953125">
        <ele>418.600006103515625</ele>
        <time>2026-04-30T12:01:49.000Z</time>
        <extensions>
          <ns3:TrackPointExtension>
            <ns3:hr>79</ns3:hr>
            <ns3:cad>91</ns3:cad>
          </ns3:TrackPointExtension>
        </extensions>
      </trkpt>
      <trkpt lat="30.7517092488706111907958984375" lon="108.4453664906322956085205078125">
        <ele>418.600006103515625</ele>
        <time>2026-04-30T12:01:50.000Z</time>
        <extensions>
          <ns3:TrackPointExtension>
            <ns3:hr>80</ns3:hr>
            <ns3:cad>91</ns3:cad>
          </ns3:TrackPointExtension>
        </extensions>
      </trkpt>
      <trkpt lat="30.7516859471797943115234375" lon="108.44538853503763675689697265625">
        <ele>418.600006103515625</ele>
        <time>2026-04-30T12:01:51.000Z</time>
        <extensions>
          <ns3:TrackPointExtension>
            <ns3:hr>80</ns3:hr>
            <ns3:cad>92</ns3:cad>
          </ns3:TrackPointExtension>
        </extensions>
      </trkpt>
      <trkpt lat="30.7516720332205295562744140625" lon="108.44541368074715137481689453125">
        <ele>418.600006103515625</ele>
        <time>2026-04-30T12:01:52.000Z</time>
        <extensions>
          <ns3:TrackPointExtension>
            <ns3:hr>81</ns3:hr>
            <ns3:cad>92</ns3:cad>
          </ns3:TrackPointExtension>
        </extensions>
      </trkpt>
      <trkpt lat="30.7516519166529178619384765625" lon="108.44543765299022197723388671875">
        <ele>418.600006103515625</ele>
        <time>2026-04-30T12:01:53.000Z</time>
        <extensions>
          <ns3:TrackPointExtension>
            <ns3:hr>81</ns3:hr>
            <ns3:cad>92</ns3:cad>
          </ns3:TrackPointExtension>
        </extensions>
      </trkpt>
      <trkpt lat="30.75164261274039745330810546875" lon="108.445467241108417510986328125">
        <ele>418.600006103515625</ele>
        <time>2026-04-30T12:01:54.000Z</time>
        <extensions>
          <ns3:TrackPointExtension>
            <ns3:hr>82</ns3:hr>
            <ns3:cad>92</ns3:cad>
          </ns3:TrackPointExtension>
        </extensions>
      </trkpt>
      <trkpt lat="30.75162786059081554412841796875" lon="108.44548811204731464385986328125">
        <ele>418.600006103515625</ele>
        <time>2026-04-30T12:01:55.000Z</time>
        <extensions>
          <ns3:TrackPointExtension>
            <ns3:hr>83</ns3:hr>
            <ns3:cad>92</ns3:cad>
          </ns3:TrackPointExtension>
        </extensions>
      </trkpt>
      <trkpt lat="30.75161981396377086639404296875" lon="108.44552046619355678558349609375">
        <ele>418.600006103515625</ele>
        <time>2026-04-30T12:01:56.000Z</time>
        <extensions>
          <ns3:TrackPointExtension>
            <ns3:hr>83</ns3:hr>
            <ns3:cad>91</ns3:cad>
          </ns3:TrackPointExtension>
        </extensions>
      </trkpt>
      <trkpt lat="30.751615874469280242919921875" lon="108.4455425105988979339599609375">
        <ele>418.600006103515625</ele>
        <time>2026-04-30T12:01:57.000Z</time>
        <extensions>
          <ns3:TrackPointExtension>
            <ns3:hr>84</ns3:hr>
            <ns3:cad>92</ns3:cad>
          </ns3:TrackPointExtension>
        </extensions>
      </trkpt>
      <trkpt lat="30.75161428190767765045166015625" lon="108.44556908123195171356201171875">
        <ele>418.600006103515625</ele>
        <time>2026-04-30T12:01:58.000Z</time>
        <extensions>
          <ns3:TrackPointExtension>
            <ns3:hr>85</ns3:hr>
            <ns3:cad>91</ns3:cad>
          </ns3:TrackPointExtension>
        </extensions>
      </trkpt>
      <trkpt lat="30.7516157068312168121337890625" lon="108.44559154473245143890380859375">
        <ele>418.600006103515625</ele>
        <time>2026-04-30T12:01:59.000Z</time>
        <extensions>
          <ns3:TrackPointExtension>
            <ns3:hr>85</ns3:hr>
            <ns3:cad>92</ns3:cad>
          </ns3:TrackPointExtension>
        </extensions>
      </trkpt>
      <trkpt lat="30.7516160421073436737060546875" lon="108.44561635516583919525146484375">
        <ele>418.600006103515625</ele>
        <time>2026-04-30T12:02:00.000Z</time>
        <extensions>
          <ns3:TrackPointExtension>
            <ns3:hr>86</ns3:hr>
            <ns3:cad>92</ns3:cad>
          </ns3:TrackPointExtension>
        </extensions>
      </trkpt>
      <trkpt lat="30.75161478482186794281005859375" lon="108.4456404112279415130615234375">
        <ele>418.600006103515625</ele>
        <time>2026-04-30T12:02:01.000Z</time>
        <extensions>
          <ns3:TrackPointExtension>
            <ns3:hr>87</ns3:hr>
            <ns3:cad>92</ns3:cad>
          </ns3:TrackPointExtension>
        </extensions>
      </trkpt>
      <trkpt lat="30.75161897577345371246337890625" lon="108.44566782005131244659423828125">
        <ele>418.600006103515625</ele>
        <time>2026-04-30T12:02:02.000Z</time>
        <extensions>
          <ns3:TrackPointExtension>
            <ns3:hr>87</ns3:hr>
            <ns3:cad>92</ns3:cad>
          </ns3:TrackPointExtension>
        </extensions>
      </trkpt>
      <trkpt lat="30.7516188919544219970703125" lon="108.44569154083728790283203125">
        <ele>418.600006103515625</ele>
        <time>2026-04-30T12:02:03.000Z</time>
        <extensions>
          <ns3:TrackPointExtension>
            <ns3:hr>88</ns3:hr>
            <ns3:cad>92</ns3:cad>
          </ns3:TrackPointExtension>
        </extensions>
      </trkpt>
      <trkpt lat="30.75162149034440517425537109375" lon="108.44571777619421482086181640625">
        <ele>418.399993896484375</ele>
        <time>2026-04-30T12:02:04.000Z</time>
        <extensions>
          <ns3:TrackPointExtension>
            <ns3:hr>88</ns3:hr>
            <ns3:cad>92</ns3:cad>
          </ns3:TrackPointExtension>
        </extensions>
      </trkpt>
      <trkpt lat="30.75162802822887897491455078125" lon="108.4457470290362834930419921875">
        <ele>418.399993896484375</ele>
        <time>2026-04-30T12:02:05.000Z</time>
        <extensions>
          <ns3:TrackPointExtension>
            <ns3:hr>88</ns3:hr>
            <ns3:cad>92</ns3:cad>
          </ns3:TrackPointExtension>
        </extensions>
      </trkpt>
      <trkpt lat="30.7516318000853061676025390625" lon="108.44576957635581493377685546875">
        <ele>418.399993896484375</ele>
        <time>2026-04-30T12:02:06.000Z</time>
        <extensions>
          <ns3:TrackPointExtension>
            <ns3:hr>87</ns3:hr>
            <ns3:cad>92</ns3:cad>
          </ns3:TrackPointExtension>
        </extensions>
      </trkpt>
      <trkpt lat="30.75164294801652431488037109375" lon="108.44579623080790042877197265625">
        <ele>418.399993896484375</ele>
        <time>2026-04-30T12:02:07.000Z</time>
        <extensions>
          <ns3:TrackPointExtension>
            <ns3:hr>87</ns3:hr>
            <ns3:cad>93</ns3:cad>
          </ns3:TrackPointExtension>
        </extensions>
      </trkpt>
      <trkpt lat="30.75165283866226673126220703125" lon="108.4458174370229244232177734375">
        <ele>418.399993896484375</ele>
        <time>2026-04-30T12:02:08.000Z</time>
        <extensions>
          <ns3:TrackPointExtension>
            <ns3:hr>87</ns3:hr>
            <ns3:cad>93</ns3:cad>
          </ns3:TrackPointExtension>
        </extensions>
      </trkpt>
      <trkpt lat="30.75166591443121433258056640625" lon="108.44584803096950054168701171875">
        <ele>418.399993896484375</ele>
        <time>2026-04-30T12:02:09.000Z</time>
        <extensions>
          <ns3:TrackPointExtension>
            <ns3:hr>87</ns3:hr>
            <ns3:cad>93</ns3:cad>
          </ns3:TrackPointExtension>
        </extensions>
      </trkpt>
      <trkpt lat="30.75167748145759105682373046875" lon="108.44587267376482486724853515625">
        <ele>418.399993896484375</ele>
        <time>2026-04-30T12:02:10.000Z</time>
        <extensions>
          <ns3:TrackPointExtension>
            <ns3:hr>87</ns3:hr>
            <ns3:cad>93</ns3:cad>
          </ns3:TrackPointExtension>
        </extensions>
      </trkpt>
      <trkpt lat="30.75169122777879238128662109375" lon="108.44590201042592525482177734375">
        <ele>418.399993896484375</ele>
        <time>2026-04-30T12:02:11.000Z</time>
        <extensions>
          <ns3:TrackPointExtension>
            <ns3:hr>87</ns3:hr>
            <ns3:cad>93</ns3:cad>
          </ns3:TrackPointExtension>
        </extensions>
      </trkpt>
      <trkpt lat="30.7517035491764545440673828125" lon="108.445920534431934356689453125">
        <ele>418.600006103515625</ele>
        <time>2026-04-30T12:02:12.000Z</time>
        <extensions>
          <ns3:TrackPointExtension>
            <ns3:hr>87</ns3:hr>
            <ns3:cad>93</ns3:cad>
          </ns3:TrackPointExtension>
        </extensions>
      </trkpt>
      <trkpt lat="30.75171620585024356842041015625" lon="108.44594861380755901336669921875">
        <ele>418.600006103515625</ele>
        <time>2026-04-30T12:02:13.000Z</time>
        <extensions>
          <ns3:TrackPointExtension>
            <ns3:hr>88</ns3:hr>
            <ns3:cad>93</ns3:cad>
          </ns3:TrackPointExtension>
        </extensions>
      </trkpt>
      <trkpt lat="30.75173179619014263153076171875" lon="108.44596202485263347625732421875">
        <ele>418.600006103515625</ele>
        <time>2026-04-30T12:02:14.000Z</time>
        <extensions>
          <ns3:TrackPointExtension>
            <ns3:hr>88</ns3:hr>
            <ns3:cad>92</ns3:cad>
          </ns3:TrackPointExtension>
        </extensions>
      </trkpt>
      <trkpt lat="30.75174520723521709442138671875" lon="108.445991612970829010009765625">
        <ele>418.600006103515625</ele>
        <time>2026-04-30T12:02:15.000Z</time>
        <extensions>
          <ns3:TrackPointExtension>
            <ns3:hr>88</ns3:hr>
            <ns3:cad>93</ns3:cad>
          </ns3:TrackPointExtension>
        </extensions>
      </trkpt>
      <trkpt lat="30.7517622224986553192138671875" lon="108.4460048563778400421142578125">
        <ele>418.399993896484375</ele>
        <time>2026-04-30T12:02:16.000Z</time>
        <extensions>
          <ns3:TrackPointExtension>
            <ns3:hr>88</ns3:hr>
            <ns3:cad>93</ns3:cad>
          </ns3:TrackPointExtension>
        </extensions>
      </trkpt>
      <trkpt lat="30.7517793215811252593994140625" lon="108.4460293315351009368896484375">
        <ele>418.399993896484375</ele>
        <time>2026-04-30T12:02:17.000Z</time>
        <extensions>
          <ns3:TrackPointExtension>
            <ns3:hr>90</ns3:hr>
            <ns3:cad>93</ns3:cad>
          </ns3:TrackPointExtension>
        </extensions>
      </trkpt>
      <trkpt lat="30.75179667212069034576416015625" lon="108.44604534097015857696533203125">
        <ele>418.600006103515625</ele>
        <time>2026-04-30T12:02:18.000Z</time>
        <extensions>
          <ns3:TrackPointExtension>
            <ns3:hr>92</ns3:hr>
            <ns3:cad>92</ns3:cad>
          </ns3:TrackPointExtension>
        </extensions>
      </trkpt>
      <trkpt lat="30.75181092135608196258544921875" lon="108.4460675530135631561279296875">
        <ele>418.600006103515625</ele>
        <time>2026-04-30T12:02:19.000Z</time>
        <extensions>
          <ns3:TrackPointExtension>
            <ns3:hr>94</ns3:hr>
            <ns3:cad>92</ns3:cad>
          </ns3:TrackPointExtension>
        </extensions>
      </trkpt>
      <trkpt lat="30.7518326304852962493896484375" lon="108.4460802935063838958740234375">
        <ele>418.600006103515625</ele>
        <time>2026-04-30T12:02:20.000Z</time>
        <extensions>
          <ns3:TrackPointExtension>
            <ns3:hr>96</ns3:hr>
            <ns3:cad>92</ns3:cad>
          </ns3:TrackPointExtension>
        </extensions>
      </trkpt>
      <trkpt lat="30.75185182504355907440185546875" lon="108.44609647057950496673583984375">
        <ele>418.600006103515625</ele>
        <time>2026-04-30T12:02:21.000Z</time>
        <extensions>
          <ns3:TrackPointExtension>
            <ns3:hr>98</ns3:hr>
            <ns3:cad>92</ns3:cad>
          </ns3:TrackPointExtension>
        </extensions>
      </trkpt>
      <trkpt lat="30.751876719295978546142578125" lon="108.4461124800145626068115234375">
        <ele>418.600006103515625</ele>
        <time>2026-04-30T12:02:22.000Z</time>
        <extensions>
          <ns3:TrackPointExtension>
            <ns3:hr>99</ns3:hr>
            <ns3:cad>92</ns3:cad>
          </ns3:TrackPointExtension>
        </extensions>
      </trkpt>
      <trkpt lat="30.75189583003520965576171875" lon="108.446127735078334808349609375">
        <ele>418.600006103515625</ele>
        <time>2026-04-30T12:02:23.000Z</time>
        <extensions>
          <ns3:TrackPointExtension>
            <ns3:hr>101</ns3:hr>
            <ns3:cad>92</ns3:cad>
          </ns3:TrackPointExtension>
        </extensions>
      </trkpt>
      <trkpt lat="30.7519234903156757354736328125" lon="108.446137793362140655517578125">
        <ele>418.600006103515625</ele>
        <time>2026-04-30T12:02:24.000Z</time>
        <extensions>
          <ns3:TrackPointExtension>
            <ns3:hr>103</ns3:hr>
            <ns3:cad>92</ns3:cad>
          </ns3:TrackPointExtension>
        </extensions>
      </trkpt>
      <trkpt lat="30.7519402541220188140869140625" lon="108.44614223577082157135009765625">
        <ele>418.600006103515625</ele>
        <time>2026-04-30T12:02:25.000Z</time>
        <extensions>
          <ns3:TrackPointExtension>
            <ns3:hr>104</ns3:hr>
            <ns3:cad>93</ns3:cad>
          </ns3:TrackPointExtension>
        </extensions>
      </trkpt>
      <trkpt lat="30.75197051279246807098388671875" lon="108.44614122994244098663330078125">
        <ele>418.600006103515625</ele>
        <time>2026-04-30T12:02:26.000Z</time>
        <extensions>
          <ns3:TrackPointExtension>
            <ns3:hr>106</ns3:hr>
            <ns3:cad>93</ns3:cad>
          </ns3:TrackPointExtension>
        </extensions>
      </trkpt>
      <trkpt lat="30.75199029408395290374755859375" lon="108.44614190049469470977783203125">
        <ele>418.600006103515625</ele>
        <time>2026-04-30T12:02:27.000Z</time>
        <extensions>
          <ns3:TrackPointExtension>
            <ns3:hr>107</ns3:hr>
            <ns3:cad>93</ns3:cad>
          </ns3:TrackPointExtension>
        </extensions>
      </trkpt>
      <trkpt lat="30.75201921164989471435546875" lon="108.4461413137614727020263671875">
        <ele>418.600006103515625</ele>
        <time>2026-04-30T12:02:28.000Z</time>
        <extensions>
          <ns3:TrackPointExtension>
            <ns3:hr>108</ns3:hr>
            <ns3:cad>93</ns3:cad>
          </ns3:TrackPointExtension>
        </extensions>
      </trkpt>
      <trkpt lat="30.7520384900271892547607421875" lon="108.4461396373808383941650390625">
        <ele>418.600006103515625</ele>
        <time>2026-04-30T12:02:29.000Z</time>
        <extensions>
          <ns3:TrackPointExtension>
            <ns3:hr>109</ns3:hr>
            <ns3:cad>93</ns3:cad>
          </ns3:TrackPointExtension>
        </extensions>
      </trkpt>
      <trkpt lat="30.75206723995506763458251953125" lon="108.44614156521856784820556640625">
        <ele>418.600006103515625</ele>
        <time>2026-04-30T12:02:30.000Z</time>
        <extensions>
          <ns3:TrackPointExtension>
            <ns3:hr>111</ns3:hr>
            <ns3:cad>93</ns3:cad>
          </ns3:TrackPointExtension>
        </extensions>
      </trkpt>
      <trkpt lat="30.75208869762718677520751953125" lon="108.44613678753376007080078125">
        <ele>418.600006103515625</ele>
        <time>2026-04-30T12:02:31.000Z</time>
        <extensions>
          <ns3:TrackPointExtension>
            <ns3:hr>117</ns3:hr>
            <ns3:cad>93</ns3:cad>
          </ns3:TrackPointExtension>
        </extensions>
      </trkpt>
      <trkpt lat="30.75211803428828716278076171875" lon="108.44613905064761638641357421875">
        <ele>418.600006103515625</ele>
        <time>2026-04-30T12:02:32.000Z</time>
        <extensions>
          <ns3:TrackPointExtension>
            <ns3:hr>122</ns3:hr>
            <ns3:cad>93</ns3:cad>
          </ns3:TrackPointExtension>
        </extensions>
      </trkpt>
      <trkpt lat="30.7521367259323596954345703125" lon="108.44613435678184032440185546875">
        <ele>418.399993896484375</ele>
        <time>2026-04-30T12:02:33.000Z</time>
        <extensions>
          <ns3:TrackPointExtension>
            <ns3:hr>123</ns3:hr>
            <ns3:cad>93</ns3:cad>
          </ns3:TrackPointExtension>
        </extensions>
      </trkpt>
      <trkpt lat="30.75216472148895263671875" lon="108.4461416490375995635986328125">
        <ele>418.399993896484375</ele>
        <time>2026-04-30T12:02:34.000Z</time>
        <extensions>
          <ns3:TrackPointExtension>
            <ns3:hr>123</ns3:hr>
            <ns3:cad>93</ns3:cad>
          </ns3:TrackPointExtension>
        </extensions>
      </trkpt>
      <trkpt lat="30.75218542478978633880615234375" lon="108.4461379610002040863037109375">
        <ele>418.399993896484375</ele>
        <time>2026-04-30T12:02:35.000Z</time>
        <extensions>
          <ns3:TrackPointExtension>
            <ns3:hr>124</ns3:hr>
            <ns3:cad>93</ns3:cad>
          </ns3:TrackPointExtension>
        </extensions>
      </trkpt>
      <trkpt lat="30.7522121630609035491943359375" lon="108.44614642672240734100341796875">
        <ele>418.600006103515625</ele>
        <time>2026-04-30T12:02:36.000Z</time>
        <extensions>
          <ns3:TrackPointExtension>
            <ns3:hr>125</ns3:hr>
            <ns3:cad>93</ns3:cad>
          </ns3:TrackPointExtension>
        </extensions>
      </trkpt>
      <trkpt lat="30.75223739258944988250732421875" lon="108.44614491797983646392822265625">
        <ele>418.600006103515625</ele>
        <time>2026-04-30T12:02:37.000Z</time>
        <extensions>
          <ns3:TrackPointExtension>
            <ns3:hr>126</ns3:hr>
            <ns3:cad>93</ns3:cad>
          </ns3:TrackPointExtension>
        </extensions>
      </trkpt>
      <trkpt lat="30.75225968845188617706298828125" lon="108.44614860601723194122314453125">
        <ele>418.600006103515625</ele>
        <time>2026-04-30T12:02:38.000Z</time>
        <extensions>
          <ns3:TrackPointExtension>
            <ns3:hr>128</ns3:hr>
            <ns3:cad>93</ns3:cad>
          </ns3:TrackPointExtension>
        </extensions>
      </trkpt>
      <trkpt lat="30.75228743255138397216796875" lon="108.44614617526531219482421875">
        <ele>418.600006103515625</ele>
        <time>2026-04-30T12:02:39.000Z</time>
        <extensions>
          <ns3:TrackPointExtension>
            <ns3:hr>129</ns3:hr>
            <ns3:cad>93</ns3:cad>
          </ns3:TrackPointExtension>
        </extensions>
      </trkpt>
      <trkpt lat="30.7523080520331859588623046875" lon="108.4461481869220733642578125">
        <ele>418.600006103515625</ele>
        <time>2026-04-30T12:02:40.000Z</time>
        <extensions>
          <ns3:TrackPointExtension>
            <ns3:hr>130</ns3:hr>
            <ns3:cad>93</ns3:cad>
          </ns3:TrackPointExtension>
        </extensions>
      </trkpt>
      <trkpt lat="30.75233462266623973846435546875" lon="108.44614491797983646392822265625">
        <ele>418.600006103515625</ele>
        <time>2026-04-30T12:02:41.000Z</time>
        <extensions>
          <ns3:TrackPointExtension>
            <ns3:hr>131</ns3:hr>
            <ns3:cad>93</ns3:cad>
          </ns3:TrackPointExtension>
        </extensions>
      </trkpt>
      <trkpt lat="30.75235272757709026336669921875" lon="108.44614458270370960235595703125">
        <ele>418.600006103515625</ele>
        <time>2026-04-30T12:02:42.000Z</time>
        <extensions>
          <ns3:TrackPointExtension>
            <ns3:hr>132</ns3:hr>
            <ns3:cad>93</ns3:cad>
          </ns3:TrackPointExtension>
        </extensions>
      </trkpt>
      <trkpt lat="30.75238323770463466644287109375" lon="108.446139805018901824951171875">
        <ele>418.600006103515625</ele>
        <time>2026-04-30T12:02:43.000Z</time>
        <extensions>
          <ns3:TrackPointExtension>
            <ns3:hr>132</ns3:hr>
            <ns3:cad>93</ns3:cad>
          </ns3:TrackPointExtension>
        </extensions>
      </trkpt>
      <trkpt lat="30.75240519829094409942626953125" lon="108.44613720662891864776611328125">
        <ele>418.600006103515625</ele>
        <time>2026-04-30T12:02:44.000Z</time>
        <extensions>
          <ns3:TrackPointExtension>
            <ns3:hr>133</ns3:hr>
            <ns3:cad>93</ns3:cad>
          </ns3:TrackPointExtension>
        </extensions>
      </trkpt>
      <trkpt lat="30.7524342834949493408203125" lon="108.4461349435150623321533203125">
        <ele>418.600006103515625</ele>
        <time>2026-04-30T12:02:45.000Z</time>
        <extensions>
          <ns3:TrackPointExtension>
            <ns3:hr>134</ns3:hr>
            <ns3:cad>93</ns3:cad>
          </ns3:TrackPointExtension>
        </extensions>
      </trkpt>
      <trkpt lat="30.75245481915771961212158203125" lon="108.446131758391857147216796875">
        <ele>418.600006103515625</ele>
        <time>2026-04-30T12:02:46.000Z</time>
        <extensions>
          <ns3:TrackPointExtension>
            <ns3:hr>134</ns3:hr>
            <ns3:cad>93</ns3:cad>
          </ns3:TrackPointExtension>
        </extensions>
      </trkpt>
      <trkpt lat="30.75248549692332744598388671875" lon="108.44613502733409404754638671875">
        <ele>418.600006103515625</ele>
        <time>2026-04-30T12:02:47.000Z</time>
        <extensions>
          <ns3:TrackPointExtension>
            <ns3:hr>135</ns3:hr>
            <ns3:cad>93</ns3:cad>
          </ns3:TrackPointExtension>
        </extensions>
      </trkpt>
      <trkpt lat="30.75250728987157344818115234375" lon="108.44613150693476200103759765625">
        <ele>418.600006103515625</ele>
        <time>2026-04-30T12:02:48.000Z</time>
        <extensions>
          <ns3:TrackPointExtension>
            <ns3:hr>135</ns3:hr>
            <ns3:cad>93</ns3:cad>
          </ns3:TrackPointExtension>
        </extensions>
      </trkpt>
      <trkpt lat="30.7525357045233249664306640625" lon="108.446139805018901824951171875">
        <ele>418.600006103515625</ele>
        <time>2026-04-30T12:02:49.000Z</time>
        <extensions>
          <ns3:TrackPointExtension>
            <ns3:hr>135</ns3:hr>
            <ns3:cad>93</ns3:cad>
          </ns3:TrackPointExtension>
        </extensions>
      </trkpt>
      <trkpt lat="30.7525568269193172454833984375" lon="108.44613804481923580169677734375">
        <ele>418.600006103515625</ele>
        <time>2026-04-30T12:02:50.000Z</time>
        <extensions>
          <ns3:TrackPointExtension>
            <ns3:hr>136</ns3:hr>
            <ns3:cad>93</ns3:cad>
          </ns3:TrackPointExtension>
        </extensions>
      </trkpt>
      <trkpt lat="30.7525826431810855865478515625" lon="108.4461481869220733642578125">
        <ele>418.600006103515625</ele>
        <time>2026-04-30T12:02:51.000Z</time>
        <extensions>
          <ns3:TrackPointExtension>
            <ns3:hr>136</ns3:hr>
            <ns3:cad>93</ns3:cad>
          </ns3:TrackPointExtension>
        </extensions>
      </trkpt>
      <trkpt lat="30.7526044361293315887451171875" lon="108.44614676199853420257568359375">
        <ele>418.600006103515625</ele>
        <time>2026-04-30T12:02:52.000Z</time>
        <extensions>
          <ns3:TrackPointExtension>
            <ns3:hr>137</ns3:hr>
            <ns3:cad>93</ns3:cad>
          </ns3:TrackPointExtension>
        </extensions>
      </trkpt>
      <trkpt lat="30.75263218022882938385009765625" lon="108.44615480862557888031005859375">
        <ele>418.600006103515625</ele>
        <time>2026-04-30T12:02:53.000Z</time>
        <extensions>
          <ns3:TrackPointExtension>
            <ns3:hr>137</ns3:hr>
            <ns3:cad>93</ns3:cad>
          </ns3:TrackPointExtension>
        </extensions>
      </trkpt>
      <trkpt lat="30.75265623629093170166015625" lon="108.44615045003592967987060546875">
        <ele>418.600006103515625</ele>
        <time>2026-04-30T12:02:54.000Z</time>
        <extensions>
          <ns3:TrackPointExtension>
            <ns3:hr>138</ns3:hr>
            <ns3:cad>93</ns3:cad>
          </ns3:TrackPointExtension>
        </extensions>
      </trkpt>
      <trkpt lat="30.7526808790862560272216796875" lon="108.44615480862557888031005859375">
        <ele>418.600006103515625</ele>
        <time>2026-04-30T12:02:55.000Z</time>
        <extensions>
          <ns3:TrackPointExtension>
            <ns3:hr>138</ns3:hr>
            <ns3:cad>93</ns3:cad>
          </ns3:TrackPointExtension>
        </extensions>
      </trkpt>
      <trkpt lat="30.7527066953480243682861328125" lon="108.4461530484259128570556640625">
        <ele>418.600006103515625</ele>
        <time>2026-04-30T12:02:56.000Z</time>
        <extensions>
          <ns3:TrackPointExtension>
            <ns3:hr>138</ns3:hr>
            <ns3:cad>93</ns3:cad>
          </ns3:TrackPointExtension>
        </extensions>
      </trkpt>
      <trkpt lat="30.752729661762714385986328125" lon="108.44615899957716464996337890625">
        <ele>418.600006103515625</ele>
        <time>2026-04-30T12:02:57.000Z</time>
        <extensions>
          <ns3:TrackPointExtension>
            <ns3:hr>139</ns3:hr>
            <ns3:cad>93</ns3:cad>
          </ns3:TrackPointExtension>
        </extensions>
      </trkpt>
      <trkpt lat="30.7527546398341655731201171875" lon="108.44616201706230640411376953125">
        <ele>418.600006103515625</ele>
        <time>2026-04-30T12:02:58.000Z</time>
        <extensions>
          <ns3:TrackPointExtension>
            <ns3:hr>139</ns3:hr>
            <ns3:cad>91</ns3:cad>
          </ns3:TrackPointExtension>
        </extensions>
      </trkpt>
      <trkpt lat="30.75277500785887241363525390625" lon="108.44616101123392581939697265625">
        <ele>418.600006103515625</ele>
        <time>2026-04-30T12:02:59.000Z</time>
        <extensions>
          <ns3:TrackPointExtension>
            <ns3:hr>140</ns3:hr>
            <ns3:cad>91</ns3:cad>
          </ns3:TrackPointExtension>
        </extensions>
      </trkpt>
      <trkpt lat="30.75280317105352878570556640625" lon="108.44616017304360866546630859375">
        <ele>418.600006103515625</ele>
        <time>2026-04-30T12:03:00.000Z</time>
        <extensions>
          <ns3:TrackPointExtension>
            <ns3:hr>140</ns3:hr>
            <ns3:cad>93</ns3:cad>
          </ns3:TrackPointExtension>
        </extensions>
      </trkpt>
      <trkpt lat="30.75282521545886993408203125" lon="108.4461604245007038116455078125">
        <ele>418.600006103515625</ele>
        <time>2026-04-30T12:03:01.000Z</time>
        <extensions>
          <ns3:TrackPointExtension>
            <ns3:hr>141</ns3:hr>
            <ns3:cad>93</ns3:cad>
          </ns3:TrackPointExtension>
        </extensions>
      </trkpt>
      <trkpt lat="30.75285312719643115997314453125" lon="108.44615614973008632659912109375">
        <ele>418.600006103515625</ele>
        <time>2026-04-30T12:03:02.000Z</time>
        <extensions>
          <ns3:TrackPointExtension>
            <ns3:hr>141</ns3:hr>
            <ns3:cad>93</ns3:cad>
          </ns3:TrackPointExtension>
        </extensions>
      </trkpt>
      <trkpt lat="30.75287709943950176239013671875" lon="108.44615346752107143402099609375">
        <ele>418.600006103515625</ele>
        <time>2026-04-30T12:03:03.000Z</time>
        <extensions>
          <ns3:TrackPointExtension>
            <ns3:hr>142</ns3:hr>
            <ns3:cad>93</ns3:cad>
          </ns3:TrackPointExtension>
        </extensions>
      </trkpt>
      <trkpt lat="30.7529028318822383880615234375" lon="108.446145839989185333251953125">
        <ele>418.600006103515625</ele>
        <time>2026-04-30T12:03:04.000Z</time>
        <extensions>
          <ns3:TrackPointExtension>
            <ns3:hr>142</ns3:hr>
            <ns3:cad>92</ns3:cad>
          </ns3:TrackPointExtension>
        </extensions>
      </trkpt>
      <trkpt lat="30.7529242895543575286865234375" lon="108.44614424742758274078369140625">
        <ele>418.600006103515625</ele>
        <time>2026-04-30T12:03:05.000Z</time>
        <extensions>
          <ns3:TrackPointExtension>
            <ns3:hr>142</ns3:hr>
            <ns3:cad>90</ns3:cad>
          </ns3:TrackPointExtension>
        </extensions>
      </trkpt>
      <trkpt lat="30.7529497705399990081787109375" lon="108.44613544642925262451171875">
        <ele>418.600006103515625</ele>
        <time>2026-04-30T12:03:06.000Z</time>
        <extensions>
          <ns3:TrackPointExtension>
            <ns3:hr>143</ns3:hr>
            <ns3:cad>90</ns3:cad>
          </ns3:TrackPointExtension>
        </extensions>
      </trkpt>
      <trkpt lat="30.7529715634882450103759765625" lon="108.44613385386765003204345703125">
        <ele>418.399993896484375</ele>
        <time>2026-04-30T12:03:07.000Z</time>
        <extensions>
          <ns3:TrackPointExtension>
            <ns3:hr>143</ns3:hr>
            <ns3:cad>90</ns3:cad>
          </ns3:TrackPointExtension>
        </extensions>
      </trkpt>
      <trkpt lat="30.75300467200577259063720703125" lon="108.4461312554776668548583984375">
        <ele>418.399993896484375</ele>
        <time>2026-04-30T12:03:08.000Z</time>
        <extensions>
          <ns3:TrackPointExtension>
            <ns3:hr>143</ns3:hr>
            <ns3:cad>90</ns3:cad>
          </ns3:TrackPointExtension>
        </extensions>
      </trkpt>
      <trkpt lat="30.75302411802113056182861328125" lon="108.44611742533743381500244140625">
        <ele>418.399993896484375</ele>
        <time>2026-04-30T12:03:09.000Z</time>
        <extensions>
          <ns3:TrackPointExtension>
            <ns3:hr>144</ns3:hr>
            <ns3:cad>90</ns3:cad>
          </ns3:TrackPointExtension>
        </extensions>
      </trkpt>
      <trkpt lat="30.75305278412997722625732421875" lon="108.4461087919771671295166015625">
        <ele>418.399993896484375</ele>
        <time>2026-04-30T12:03:10.000Z</time>
        <extensions>
          <ns3:TrackPointExtension>
            <ns3:hr>144</ns3:hr>
            <ns3:cad>90</ns3:cad>
          </ns3:TrackPointExtension>
        </extensions>
      </trkpt>
      <trkpt lat="30.75307256542146205902099609375" lon="108.44609026797115802764892578125">
        <ele>418.399993896484375</ele>
        <time>2026-04-30T12:03:11.000Z</time>
        <extensions>
          <ns3:TrackPointExtension>
            <ns3:hr>144</ns3:hr>
            <ns3:cad>92</ns3:cad>
          </ns3:TrackPointExtension>
        </extensions>
      </trkpt>
      <trkpt lat="30.75309343636035919189453125" lon="108.44607870094478130340576171875">
        <ele>418.399993896484375</ele>
        <time>2026-04-30T12:03:12.000Z</time>
        <extensions>
          <ns3:TrackPointExtension>
            <ns3:hr>144</ns3:hr>
            <ns3:cad>92</ns3:cad>
          </ns3:TrackPointExtension>
        </extensions>
      </trkpt>
      <trkpt lat="30.75311078689992427825927734375" lon="108.4460595063865184783935546875">
        <ele>418.399993896484375</ele>
        <time>2026-04-30T12:03:13.000Z</time>
        <extensions>
          <ns3:TrackPointExtension>
            <ns3:hr>144</ns3:hr>
            <ns3:cad>91</ns3:cad>
          </ns3:TrackPointExtension>
        </extensions>
      </trkpt>
      <trkpt lat="30.75313031673431396484375" lon="108.44604684971272945404052734375">
        <ele>418.399993896484375</ele>
        <time>2026-04-30T12:03:14.000Z</time>
        <extensions>
          <ns3:TrackPointExtension>
            <ns3:hr>144</ns3:hr>
            <ns3:cad>91</ns3:cad>
          </ns3:TrackPointExtension>
        </extensions>
      </trkpt>
      <trkpt lat="30.7531531155109405517578125" lon="108.44602723605930805206298828125">
        <ele>418.399993896484375</ele>
        <time>2026-04-30T12:03:15.000Z</time>
        <extensions>
          <ns3:TrackPointExtension>
            <ns3:hr>144</ns3:hr>
            <ns3:cad>91</ns3:cad>
          </ns3:TrackPointExtension>
        </extensions>
      </trkpt>
      <trkpt lat="30.7531718909740447998046875" lon="108.44601214863359928131103515625">
        <ele>418.399993896484375</ele>
        <time>2026-04-30T12:03:16.000Z</time>
        <extensions>
          <ns3:TrackPointExtension>
            <ns3:hr>143</ns3:hr>
            <ns3:cad>93</ns3:cad>
          </ns3:TrackPointExtension>
        </extensions>
      </trkpt>
      <trkpt lat="30.7531888224184513092041015625" lon="108.4459854103624820709228515625">
        <ele>418.399993896484375</ele>
        <time>2026-04-30T12:03:17.000Z</time>
        <extensions>
          <ns3:TrackPointExtension>
            <ns3:hr>143</ns3:hr>
            <ns3:cad>94</ns3:cad>
          </ns3:TrackPointExtension>
        </extensions>
      </trkpt>
      <trkpt lat="30.753201059997081756591796875" lon="108.44596537761390209197998046875">
        <ele>418.399993896484375</ele>
        <time>2026-04-30T12:03:18.000Z</time>
        <extensions>
          <ns3:TrackPointExtension>
            <ns3:hr>143</ns3:hr>
            <ns3:cad>94</ns3:cad>
          </ns3:TrackPointExtension>
        </extensions>
      </trkpt>
      <trkpt lat="30.75321639887988567352294921875" lon="108.44593671150505542755126953125">
        <ele>418.399993896484375</ele>
        <time>2026-04-30T12:03:19.000Z</time>
        <extensions>
          <ns3:TrackPointExtension>
            <ns3:hr>143</ns3:hr>
            <ns3:cad>94</ns3:cad>
          </ns3:TrackPointExtension>
        </extensions>
      </trkpt>
      <trkpt lat="30.75322620570659637451171875" lon="108.4459163434803485870361328125">
        <ele>418.600006103515625</ele>
        <time>2026-04-30T12:03:20.000Z</time>
        <extensions>
          <ns3:TrackPointExtension>
            <ns3:hr>143</ns3:hr>
            <ns3:cad>92</ns3:cad>
          </ns3:TrackPointExtension>
        </extensions>
      </trkpt>
      <trkpt lat="30.7532397843897342681884765625" lon="108.4458871744573116302490234375">
        <ele>418.600006103515625</ele>
        <time>2026-04-30T12:03:21.000Z</time>
        <extensions>
          <ns3:TrackPointExtension>
            <ns3:hr>143</ns3:hr>
            <ns3:cad>92</ns3:cad>
          </ns3:TrackPointExtension>
        </extensions>
      </trkpt>
      <trkpt lat="30.75324540026485919952392578125" lon="108.44586730934679508209228515625">
        <ele>418.399993896484375</ele>
        <time>2026-04-30T12:03:22.000Z</time>
        <extensions>
          <ns3:TrackPointExtension>
            <ns3:hr>142</ns3:hr>
            <ns3:cad>92</ns3:cad>
          </ns3:TrackPointExtension>
        </extensions>
      </trkpt>
      <trkpt lat="30.75325705111026763916015625" lon="108.44583612866699695587158203125">
        <ele>418.399993896484375</ele>
        <time>2026-04-30T12:03:23.000Z</time>
        <extensions>
          <ns3:TrackPointExtension>
            <ns3:hr>142</ns3:hr>
            <ns3:cad>92</ns3:cad>
          </ns3:TrackPointExtension>
        </extensions>
      </trkpt>
      <trkpt lat="30.7532615773379802703857421875" lon="108.44581165350973606109619140625">
        <ele>418.399993896484375</ele>
        <time>2026-04-30T12:03:24.000Z</time>
        <extensions>
          <ns3:TrackPointExtension>
            <ns3:hr>141</ns3:hr>
            <ns3:cad>92</ns3:cad>
          </ns3:TrackPointExtension>
        </extensions>
      </trkpt>
      <trkpt lat="30.75327322818338871002197265625" lon="108.44578281976282596588134765625">
        <ele>418.399993896484375</ele>
        <time>2026-04-30T12:03:25.000Z</time>
        <extensions>
          <ns3:TrackPointExtension>
            <ns3:hr>141</ns3:hr>
            <ns3:cad>92</ns3:cad>
          </ns3:TrackPointExtension>
        </extensions>
      </trkpt>
      <trkpt lat="30.753274820744991302490234375" lon="108.44575800932943820953369140625">
        <ele>418.399993896484375</ele>
        <time>2026-04-30T12:03:26.000Z</time>
        <extensions>
          <ns3:TrackPointExtension>
            <ns3:hr>141</ns3:hr>
            <ns3:cad>92</ns3:cad>
          </ns3:TrackPointExtension>
        </extensions>
      </trkpt>
      <trkpt lat="30.75328429229557514190673828125" lon="108.44572640955448150634765625">
        <ele>418.399993896484375</ele>
        <time>2026-04-30T12:03:27.000Z</time>
        <extensions>
          <ns3:TrackPointExtension>
            <ns3:hr>141</ns3:hr>
            <ns3:cad>92</ns3:cad>
          </ns3:TrackPointExtension>
        </extensions>
      </trkpt>
      <trkpt lat="30.7532857172191143035888671875" lon="108.44570101238787174224853515625">
        <ele>418.399993896484375</ele>
        <time>2026-04-30T12:03:28.000Z</time>
        <extensions>
          <ns3:TrackPointExtension>
            <ns3:hr>141</ns3:hr>
            <ns3:cad>92</ns3:cad>
          </ns3:TrackPointExtension>
        </extensions>
      </trkpt>
      <trkpt lat="30.75328848324716091156005859375" lon="108.4456675685942173004150390625">
        <ele>418.399993896484375</ele>
        <time>2026-04-30T12:03:29.000Z</time>
        <extensions>
          <ns3:TrackPointExtension>
            <ns3:hr>142</ns3:hr>
            <ns3:cad>92</ns3:cad>
          </ns3:TrackPointExtension>
        </extensions>
      </trkpt>
      <trkpt lat="30.75328429229557514190673828125" lon="108.44564250670373439788818359375">
        <ele>418.399993896484375</ele>
        <time>2026-04-30T12:03:30.000Z</time>
        <extensions>
          <ns3:TrackPointExtension>
            <ns3:hr>141</ns3:hr>
            <ns3:cad>91</ns3:cad>
          </ns3:TrackPointExtension>
        </extensions>
      </trkpt>
      <trkpt lat="30.7532880641520023345947265625" lon="108.44561417587101459503173828125">
        <ele>418.399993896484375</ele>
        <time>2026-04-30T12:03:31.000Z</time>
        <extensions>
          <ns3:TrackPointExtension>
            <ns3:hr>141</ns3:hr>
            <ns3:cad>91</ns3:cad>
          </ns3:TrackPointExtension>
        </extensions>
      </trkpt>
      <trkpt lat="30.75328730978071689605712890625" lon="108.44558232463896274566650390625">
        <ele>418.399993896484375</ele>
        <time>2026-04-30T12:03:32.000Z</time>
        <extensions>
          <ns3:TrackPointExtension>
            <ns3:hr>142</ns3:hr>
            <ns3:cad>91</ns3:cad>
          </ns3:TrackPointExtension>
        </extensions>
      </trkpt>
      <trkpt lat="30.75329049490392208099365234375" lon="108.44555449672043323516845703125">
        <ele>418.399993896484375</ele>
        <time>2026-04-30T12:03:33.000Z</time>
        <extensions>
          <ns3:TrackPointExtension>
            <ns3:hr>142</ns3:hr>
            <ns3:cad>91</ns3:cad>
          </ns3:TrackPointExtension>
        </extensions>
      </trkpt>
      <trkpt lat="30.75328546576201915740966796875" lon="108.4455233998596668243408203125">
        <ele>418.399993896484375</ele>
        <time>2026-04-30T12:03:34.000Z</time>
        <extensions>
          <ns3:TrackPointExtension>
            <ns3:hr>142</ns3:hr>
            <ns3:cad>90</ns3:cad>
          </ns3:TrackPointExtension>
        </extensions>
      </trkpt>
      <trkpt lat="30.75328445993363857269287109375" lon="108.44549439847469329833984375">
        <ele>418.399993896484375</ele>
        <time>2026-04-30T12:03:35.000Z</time>
        <extensions>
          <ns3:TrackPointExtension>
            <ns3:hr>142</ns3:hr>
            <ns3:cad>90</ns3:cad>
          </ns3:TrackPointExtension>
        </extensions>
      </trkpt>
      <trkpt lat="30.7532766647636890411376953125" lon="108.44546028412878513336181640625">
        <ele>418.399993896484375</ele>
        <time>2026-04-30T12:03:36.000Z</time>
        <extensions>
          <ns3:TrackPointExtension>
            <ns3:hr>142</ns3:hr>
            <ns3:cad>90</ns3:cad>
          </ns3:TrackPointExtension>
        </extensions>
      </trkpt>
      <trkpt lat="30.75327171944081783294677734375" lon="108.4454301930963993072509765625">
        <ele>418.399993896484375</ele>
        <time>2026-04-30T12:03:37.000Z</time>
        <extensions>
          <ns3:TrackPointExtension>
            <ns3:hr>142</ns3:hr>
            <ns3:cad>92</ns3:cad>
          </ns3:TrackPointExtension>
        </extensions>
      </trkpt>
      <trkpt lat="30.75325629673898220062255859375" lon="108.44540026970207691192626953125">
        <ele>418.399993896484375</ele>
        <time>2026-04-30T12:03:38.000Z</time>
        <extensions>
          <ns3:TrackPointExtension>
            <ns3:hr>142</ns3:hr>
            <ns3:cad>92</ns3:cad>
          </ns3:TrackPointExtension>
        </extensions>
      </trkpt>
      <trkpt lat="30.75324657373130321502685546875" lon="108.44537227414548397064208984375">
        <ele>418.399993896484375</ele>
        <time>2026-04-30T12:03:39.000Z</time>
        <extensions>
          <ns3:TrackPointExtension>
            <ns3:hr>142</ns3:hr>
            <ns3:cad>92</ns3:cad>
          </ns3:TrackPointExtension>
        </extensions>
      </trkpt>
      <trkpt lat="30.75322964228689670562744140625" lon="108.44534444622695446014404296875">
        <ele>418.399993896484375</ele>
        <time>2026-04-30T12:03:40.000Z</time>
        <extensions>
          <ns3:TrackPointExtension>
            <ns3:hr>142</ns3:hr>
            <ns3:cad>92</ns3:cad>
          </ns3:TrackPointExtension>
        </extensions>
      </trkpt>
      <trkpt lat="30.7532163150608539581298828125" lon="108.44532282091677188873291015625">
        <ele>418.399993896484375</ele>
        <time>2026-04-30T12:03:41.000Z</time>
        <extensions>
          <ns3:TrackPointExtension>
            <ns3:hr>143</ns3:hr>
            <ns3:cad>92</ns3:cad>
          </ns3:TrackPointExtension>
        </extensions>
      </trkpt>
      <trkpt lat="30.75320030562579631805419921875" lon="108.44529733993113040924072265625">
        <ele>418.399993896484375</ele>
        <time>2026-04-30T12:03:42.000Z</time>
        <extensions>
          <ns3:TrackPointExtension>
            <ns3:hr>143</ns3:hr>
            <ns3:cad>90</ns3:cad>
          </ns3:TrackPointExtension>
        </extensions>
      </trkpt>
      <trkpt lat="30.75318907387554645538330078125" lon="108.44527445733547210693359375">
        <ele>418.399993896484375</ele>
        <time>2026-04-30T12:03:43.000Z</time>
        <extensions>
          <ns3:TrackPointExtension>
            <ns3:hr>143</ns3:hr>
            <ns3:cad>90</ns3:cad>
          </ns3:TrackPointExtension>
        </extensions>
      </trkpt>
      <trkpt lat="30.7531707175076007843017578125" lon="108.44524553976953029632568359375">
        <ele>418.399993896484375</ele>
        <time>2026-04-30T12:03:44.000Z</time>
        <extensions>
          <ns3:TrackPointExtension>
            <ns3:hr>145</ns3:hr>
            <ns3:cad>90</ns3:cad>
          </ns3:TrackPointExtension>
        </extensions>
      </trkpt>
      <trkpt lat="30.75315856374800205230712890625" lon="108.44522483646869659423828125">
        <ele>418.399993896484375</ele>
        <time>2026-04-30T12:03:45.000Z</time>
        <extensions>
          <ns3:TrackPointExtension>
            <ns3:hr>146</ns3:hr>
            <ns3:cad>90</ns3:cad>
          </ns3:TrackPointExtension>
        </extensions>
      </trkpt>
      <trkpt lat="30.75313911773264408111572265625" lon="108.4451968409121036529541015625">
        <ele>418.399993896484375</ele>
        <time>2026-04-30T12:03:46.000Z</time>
        <extensions>
          <ns3:TrackPointExtension>
            <ns3:hr>148</ns3:hr>
            <ns3:cad>90</ns3:cad>
          </ns3:TrackPointExtension>
        </extensions>
      </trkpt>
      <trkpt lat="30.753125958144664764404296875" lon="108.44517563469707965850830078125">
        <ele>418.399993896484375</ele>
        <time>2026-04-30T12:03:47.000Z</time>
        <extensions>
          <ns3:TrackPointExtension>
            <ns3:hr>148</ns3:hr>
            <ns3:cad>90</ns3:cad>
          </ns3:TrackPointExtension>
        </extensions>
      </trkpt>
      <trkpt lat="30.75310173444449901580810546875" lon="108.44515241682529449462890625">
        <ele>418.399993896484375</ele>
        <time>2026-04-30T12:03:48.000Z</time>
        <extensions>
          <ns3:TrackPointExtension>
            <ns3:hr>148</ns3:hr>
            <ns3:cad>90</ns3:cad>
          </ns3:TrackPointExtension>
        </extensions>
      </trkpt>
      <trkpt lat="30.7530833780765533447265625" lon="108.4451408497989177703857421875">
        <ele>418.399993896484375</ele>
        <time>2026-04-30T12:03:49.000Z</time>
        <extensions>
          <ns3:TrackPointExtension>
            <ns3:hr>148</ns3:hr>
            <ns3:cad>91</ns3:cad>
          </ns3:TrackPointExtension>
        </extensions>
      </trkpt>
      <trkpt lat="30.75305462814867496490478515625" lon="108.44512886367738246917724609375">
        <ele>418.399993896484375</ele>
        <time>2026-04-30T12:03:50.000Z</time>
        <extensions>
          <ns3:TrackPointExtension>
            <ns3:hr>148</ns3:hr>
            <ns3:cad>91</ns3:cad>
          </ns3:TrackPointExtension>
        </extensions>
      </trkpt>
      <trkpt lat="30.753034092485904693603515625" lon="108.44512551091611385345458984375">
        <ele>418.20001220703125</ele>
        <time>2026-04-30T12:03:51.000Z</time>
        <extensions>
          <ns3:TrackPointExtension>
            <ns3:hr>148</ns3:hr>
            <ns3:cad>90</ns3:cad>
          </ns3:TrackPointExtension>
        </extensions>
      </trkpt>
      <trkpt lat="30.75300358235836029052734375" lon="108.44512131996452808380126953125">
        <ele>418.399993896484375</ele>
        <time>2026-04-30T12:03:52.000Z</time>
        <extensions>
          <ns3:TrackPointExtension>
            <ns3:hr>147</ns3:hr>
            <ns3:cad>90</ns3:cad>
          </ns3:TrackPointExtension>
        </extensions>
      </trkpt>
      <trkpt lat="30.75298237614333629608154296875" lon="108.445123247802257537841796875">
        <ele>418.399993896484375</ele>
        <time>2026-04-30T12:03:53.000Z</time>
        <extensions>
          <ns3:TrackPointExtension>
            <ns3:hr>148</ns3:hr>
            <ns3:cad>91</ns3:cad>
          </ns3:TrackPointExtension>
        </extensions>
      </trkpt>
      <trkpt lat="30.7529504410922527313232421875" lon="108.44511930830776691436767578125">
        <ele>418.399993896484375</ele>
        <time>2026-04-30T12:03:54.000Z</time>
        <extensions>
          <ns3:TrackPointExtension>
            <ns3:hr>148</ns3:hr>
            <ns3:cad>92</ns3:cad>
          </ns3:TrackPointExtension>
        </extensions>
      </trkpt>
      <trkpt lat="30.75292940251529216766357421875" lon="108.44512668438255786895751953125">
        <ele>418.399993896484375</ele>
        <time>2026-04-30T12:03:55.000Z</time>
        <extensions>
          <ns3:TrackPointExtension>
            <ns3:hr>148</ns3:hr>
            <ns3:cad>92</ns3:cad>
          </ns3:TrackPointExtension>
        </extensions>
      </trkpt>
      <trkpt lat="30.752899311482906341552734375" lon="108.44512199051678180694580078125">
        <ele>418.399993896484375</ele>
        <time>2026-04-30T12:03:56.000Z</time>
        <extensions>
          <ns3:TrackPointExtension>
            <ns3:hr>148</ns3:hr>
            <ns3:cad>92</ns3:cad>
          </ns3:TrackPointExtension>
        </extensions>
      </trkpt>
      <trkpt lat="30.7528790272772312164306640625" lon="108.445122577250003814697265625">
        <ele>418.399993896484375</ele>
        <time>2026-04-30T12:03:57.000Z</time>
        <extensions>
          <ns3:TrackPointExtension>
            <ns3:hr>148</ns3:hr>
            <ns3:cad>92</ns3:cad>
          </ns3:TrackPointExtension>
        </extensions>
      </trkpt>
      <trkpt lat="30.75285010971128940582275390625" lon="108.44511964358389377593994140625">
        <ele>418.399993896484375</ele>
        <time>2026-04-30T12:03:58.000Z</time>
        <extensions>
          <ns3:TrackPointExtension>
            <ns3:hr>149</ns3:hr>
            <ns3:cad>92</ns3:cad>
          </ns3:TrackPointExtension>
        </extensions>
      </trkpt>
      <trkpt lat="30.75282865203917026519775390625" lon="108.44512500800192356109619140625">
        <ele>418.399993896484375</ele>
        <time>2026-04-30T12:03:59.000Z</time>
        <extensions>
          <ns3:TrackPointExtension>
            <ns3:hr>149</ns3:hr>
            <ns3:cad>92</ns3:cad>
          </ns3:TrackPointExtension>
        </extensions>
      </trkpt>
      <trkpt lat="30.7528009079396724700927734375" lon="108.445118553936481475830078125">
        <ele>418.399993896484375</ele>
        <time>2026-04-30T12:04:00.000Z</time>
        <extensions>
          <ns3:TrackPointExtension>
            <ns3:hr>150</ns3:hr>
            <ns3:cad>92</ns3:cad>
          </ns3:TrackPointExtension>
        </extensions>
      </trkpt>
      <trkpt lat="30.7527787797152996063232421875" lon="108.44511746428906917572021484375">
        <ele>418.399993896484375</ele>
        <time>2026-04-30T12:04:01.000Z</time>
        <extensions>
          <ns3:TrackPointExtension>
            <ns3:hr>150</ns3:hr>
            <ns3:cad>92</ns3:cad>
          </ns3:TrackPointExtension>
        </extensions>
      </trkpt>
      <trkpt lat="30.7527512870728969573974609375" lon="108.44511578790843486785888671875">
        <ele>418.399993896484375</ele>
        <time>2026-04-30T12:04:02.000Z</time>
        <extensions>
          <ns3:TrackPointExtension>
            <ns3:hr>150</ns3:hr>
            <ns3:cad>92</ns3:cad>
          </ns3:TrackPointExtension>
        </extensions>
      </trkpt>
      <trkpt lat="30.75272857211530208587646484375" lon="108.44511997886002063751220703125">
        <ele>418.399993896484375</ele>
        <time>2026-04-30T12:04:03.000Z</time>
        <extensions>
          <ns3:TrackPointExtension>
            <ns3:hr>150</ns3:hr>
            <ns3:cad>92</ns3:cad>
          </ns3:TrackPointExtension>
        </extensions>
      </trkpt>
      <trkpt lat="30.75270091183483600616455078125" lon="108.44512299634516239166259765625">
        <ele>418.399993896484375</ele>
        <time>2026-04-30T12:04:04.000Z</time>
        <extensions>
          <ns3:TrackPointExtension>
            <ns3:hr>149</ns3:hr>
            <ns3:cad>92</ns3:cad>
          </ns3:TrackPointExtension>
        </extensions>
      </trkpt>
      <trkpt lat="30.75267358683049678802490234375" lon="108.4451311267912387847900390625">
        <ele>418.399993896484375</ele>
        <time>2026-04-30T12:04:05.000Z</time>
        <extensions>
          <ns3:TrackPointExtension>
            <ns3:hr>149</ns3:hr>
            <ns3:cad>92</ns3:cad>
          </ns3:TrackPointExtension>
        </extensions>
      </trkpt>
      <trkpt lat="30.75264810584485530853271484375" lon="108.44513221643865108489990234375">
        <ele>418.399993896484375</ele>
        <time>2026-04-30T12:04:06.000Z</time>
        <extensions>
          <ns3:TrackPointExtension>
            <ns3:hr>149</ns3:hr>
            <ns3:cad>92</ns3:cad>
          </ns3:TrackPointExtension>
        </extensions>
      </trkpt>
      <trkpt lat="30.7526168413460254669189453125" lon="108.44513322226703166961669921875">
        <ele>418.399993896484375</ele>
        <time>2026-04-30T12:04:07.000Z</time>
        <extensions>
          <ns3:TrackPointExtension>
            <ns3:hr>149</ns3:hr>
            <ns3:cad>92</ns3:cad>
          </ns3:TrackPointExtension>
        </extensions>
      </trkpt>
      <trkpt lat="30.75259597040712833404541015625" lon="108.4451331384479999542236328125">
        <ele>418.399993896484375</ele>
        <time>2026-04-30T12:04:08.000Z</time>
        <extensions>
          <ns3:TrackPointExtension>
            <ns3:hr>148</ns3:hr>
            <ns3:cad>92</ns3:cad>
          </ns3:TrackPointExtension>
        </extensions>
      </trkpt>
      <trkpt lat="30.75256529264152050018310546875" lon="108.4451368264853954315185546875">
        <ele>418.399993896484375</ele>
        <time>2026-04-30T12:04:09.000Z</time>
        <extensions>
          <ns3:TrackPointExtension>
            <ns3:hr>149</ns3:hr>
            <ns3:cad>92</ns3:cad>
          </ns3:TrackPointExtension>
        </extensions>
      </trkpt>
      <trkpt lat="30.75254165567457675933837890625" lon="108.445141017436981201171875">
        <ele>418.399993896484375</ele>
        <time>2026-04-30T12:04:10.000Z</time>
        <extensions>
          <ns3:TrackPointExtension>
            <ns3:hr>150</ns3:hr>
            <ns3:cad>93</ns3:cad>
          </ns3:TrackPointExtension>
        </extensions>
      </trkpt>
      <trkpt lat="30.75251030735671520233154296875" lon="108.44514059834182262420654296875">
        <ele>418.399993896484375</ele>
        <time>2026-04-30T12:04:11.000Z</time>
        <extensions>
          <ns3:TrackPointExtension>
            <ns3:hr>150</ns3:hr>
            <ns3:cad>93</ns3:cad>
          </ns3:TrackPointExtension>
        </extensions>
      </trkpt>
      <trkpt lat="30.7524887658655643463134765625" lon="108.445139341056346893310546875">
        <ele>418.399993896484375</ele>
        <time>2026-04-30T12:04:12.000Z</time>
        <extensions>
          <ns3:TrackPointExtension>
            <ns3:hr>150</ns3:hr>
            <ns3:cad>92</ns3:cad>
          </ns3:TrackPointExtension>
        </extensions>
      </trkpt>
      <trkpt lat="30.75245817191898822784423828125" lon="108.4451398439705371856689453125">
        <ele>418.399993896484375</ele>
        <time>2026-04-30T12:04:13.000Z</time>
        <extensions>
          <ns3:TrackPointExtension>
            <ns3:hr>149</ns3:hr>
            <ns3:cad>92</ns3:cad>
          </ns3:TrackPointExtension>
        </extensions>
      </trkpt>
      <trkpt lat="30.7524388097226619720458984375" lon="108.4451396763324737548828125">
        <ele>418.20001220703125</ele>
        <time>2026-04-30T12:04:14.000Z</time>
        <extensions>
          <ns3:TrackPointExtension>
            <ns3:hr>150</ns3:hr>
            <ns3:cad>92</ns3:cad>
          </ns3:TrackPointExtension>
        </extensions>
      </trkpt>
      <trkpt lat="30.75240653939545154571533203125" lon="108.44513900578022003173828125">
        <ele>418.20001220703125</ele>
        <time>2026-04-30T12:04:15.000Z</time>
        <extensions>
          <ns3:TrackPointExtension>
            <ns3:hr>150</ns3:hr>
            <ns3:cad>92</ns3:cad>
          </ns3:TrackPointExtension>
        </extensions>
      </trkpt>
      <trkpt lat="30.75238558463752269744873046875" lon="108.44514428637921810150146484375">
        <ele>418.20001220703125</ele>
        <time>2026-04-30T12:04:16.000Z</time>
        <extensions>
          <ns3:TrackPointExtension>
            <ns3:hr>149</ns3:hr>
            <ns3:cad>92</ns3:cad>
          </ns3:TrackPointExtension>
        </extensions>
      </trkpt>
      <trkpt lat="30.75235314667224884033203125" lon="108.44514177180826663970947265625">
        <ele>418.20001220703125</ele>
        <time>2026-04-30T12:04:17.000Z</time>
        <extensions>
          <ns3:TrackPointExtension>
            <ns3:hr>150</ns3:hr>
            <ns3:cad>92</ns3:cad>
          </ns3:TrackPointExtension>
        </extensions>
      </trkpt>
      <trkpt lat="30.75233395211398601531982421875" lon="108.44514965079724788665771484375">
        <ele>418.20001220703125</ele>
        <time>2026-04-30T12:04:18.000Z</time>
        <extensions>
          <ns3:TrackPointExtension>
            <ns3:hr>149</ns3:hr>
            <ns3:cad>92</ns3:cad>
          </ns3:TrackPointExtension>
        </extensions>
      </trkpt>
      <trkpt lat="30.75230226851999759674072265625" lon="108.44514914788305759429931640625">
        <ele>418.20001220703125</ele>
        <time>2026-04-30T12:04:19.000Z</time>
        <extensions>
          <ns3:TrackPointExtension>
            <ns3:hr>149</ns3:hr>
            <ns3:cad>92</ns3:cad>
          </ns3:TrackPointExtension>
        </extensions>
      </trkpt>
      <trkpt lat="30.75227846391499042510986328125" lon="108.4451566077768802642822265625">
        <ele>418.20001220703125</ele>
        <time>2026-04-30T12:04:20.000Z</time>
        <extensions>
          <ns3:TrackPointExtension>
            <ns3:hr>149</ns3:hr>
            <ns3:cad>92</ns3:cad>
          </ns3:TrackPointExtension>
        </extensions>
      </trkpt>
      <trkpt lat="30.75224745087325572967529296875" lon="108.44515032134950160980224609375">
        <ele>418.20001220703125</ele>
        <time>2026-04-30T12:04:21.000Z</time>
        <extensions>
          <ns3:TrackPointExtension>
            <ns3:hr>150</ns3:hr>
            <ns3:cad>92</ns3:cad>
          </ns3:TrackPointExtension>
        </extensions>
      </trkpt>
      <trkpt lat="30.75222616083920001983642578125" lon="108.44515099190175533294677734375">
        <ele>418.399993896484375</ele>
        <time>2026-04-30T12:04:22.000Z</time>
        <extensions>
          <ns3:TrackPointExtension>
            <ns3:hr>149</ns3:hr>
            <ns3:cad>92</ns3:cad>
          </ns3:TrackPointExtension>
        </extensions>
      </trkpt>
      <trkpt lat="30.7521953992545604705810546875" lon="108.44514839351177215576171875">
        <ele>418.399993896484375</ele>
        <time>2026-04-30T12:04:23.000Z</time>
        <extensions>
          <ns3:TrackPointExtension>
            <ns3:hr>149</ns3:hr>
            <ns3:cad>92</ns3:cad>
          </ns3:TrackPointExtension>
        </extensions>
      </trkpt>
      <trkpt lat="30.7521719299256801605224609375" lon="108.44515216536819934844970703125">
        <ele>418.399993896484375</ele>
        <time>2026-04-30T12:04:24.000Z</time>
        <extensions>
          <ns3:TrackPointExtension>
            <ns3:hr>148</ns3:hr>
            <ns3:cad>92</ns3:cad>
          </ns3:TrackPointExtension>
        </extensions>
      </trkpt>
      <trkpt lat="30.75214125216007232666015625" lon="108.4451465494930744171142578125">
        <ele>418.399993896484375</ele>
        <time>2026-04-30T12:04:25.000Z</time>
        <extensions>
          <ns3:TrackPointExtension>
            <ns3:hr>149</ns3:hr>
            <ns3:cad>92</ns3:cad>
          </ns3:TrackPointExtension>
        </extensions>
      </trkpt>
      <trkpt lat="30.7521151006221771240234375" lon="108.4451452083885669708251953125">
        <ele>418.399993896484375</ele>
        <time>2026-04-30T12:04:26.000Z</time>
        <extensions>
          <ns3:TrackPointExtension>
            <ns3:hr>149</ns3:hr>
            <ns3:cad>92</ns3:cad>
          </ns3:TrackPointExtension>
        </extensions>
      </trkpt>
      <trkpt lat="30.7520894519984722137451171875" lon="108.44513959251344203948974609375">
        <ele>418.20001220703125</ele>
        <time>2026-04-30T12:04:27.000Z</time>
        <extensions>
          <ns3:TrackPointExtension>
            <ns3:hr>149</ns3:hr>
            <ns3:cad>92</ns3:cad>
          </ns3:TrackPointExtension>
        </extensions>
      </trkpt>
      <trkpt lat="30.75206237845122814178466796875" lon="108.44514227472245693206787109375">
        <ele>418.20001220703125</ele>
        <time>2026-04-30T12:04:28.000Z</time>
        <extensions>
          <ns3:TrackPointExtension>
            <ns3:hr>149</ns3:hr>
            <ns3:cad>92</ns3:cad>
          </ns3:TrackPointExtension>
        </extensions>
      </trkpt>
      <trkpt lat="30.7520348019897937774658203125" lon="108.44514378346502780914306640625">
        <ele>418.20001220703125</ele>
        <time>2026-04-30T12:04:29.000Z</time>
        <extensions>
          <ns3:TrackPointExtension>
            <ns3:hr>149</ns3:hr>
            <ns3:cad>92</ns3:cad>
          </ns3:TrackPointExtension>
        </extensions>
      </trkpt>
      <trkpt lat="30.75200756080448627471923828125" lon="108.44514495693147182464599609375">
        <ele>418.20001220703125</ele>
        <time>2026-04-30T12:04:30.000Z</time>
        <extensions>
          <ns3:TrackPointExtension>
            <ns3:hr>149</ns3:hr>
            <ns3:cad>92</ns3:cad>
          </ns3:TrackPointExtension>
        </extensions>
      </trkpt>
      <trkpt lat="30.751982666552066802978515625" lon="108.445141352713108062744140625">
        <ele>418.20001220703125</ele>
        <time>2026-04-30T12:04:31.000Z</time>
        <extensions>
          <ns3:TrackPointExtension>
            <ns3:hr>149</ns3:hr>
            <ns3:cad>92</ns3:cad>
          </ns3:TrackPointExtension>
        </extensions>
      </trkpt>
      <trkpt lat="30.75195576064288616180419921875" lon="108.4451415203511714935302734375">
        <ele>418.20001220703125</ele>
        <time>2026-04-30T12:04:32.000Z</time>
        <extensions>
          <ns3:TrackPointExtension>
            <ns3:hr>149</ns3:hr>
            <ns3:cad>93</ns3:cad>
          </ns3:TrackPointExtension>
        </extensions>
      </trkpt>
      <trkpt lat="30.75193203985691070556640625" lon="108.44514512456953525543212890625">
        <ele>418.20001220703125</ele>
        <time>2026-04-30T12:04:33.000Z</time>
        <extensions>
          <ns3:TrackPointExtension>
            <ns3:hr>149</ns3:hr>
            <ns3:cad>93</ns3:cad>
          </ns3:TrackPointExtension>
        </extensions>
      </trkpt>
      <trkpt lat="30.7519003562629222869873046875" lon="108.445150069892406463623046875">
        <ele>418.20001220703125</ele>
        <time>2026-04-30T12:04:34.000Z</time>
        <extensions>
          <ns3:TrackPointExtension>
            <ns3:hr>149</ns3:hr>
            <ns3:cad>93</ns3:cad>
          </ns3:TrackPointExtension>
        </extensions>
      </trkpt>
      <trkpt lat="30.75187965296208858489990234375" lon="108.44516105018556118011474609375">
        <ele>418.20001220703125</ele>
        <time>2026-04-30T12:04:35.000Z</time>
        <extensions>
          <ns3:TrackPointExtension>
            <ns3:hr>149</ns3:hr>
            <ns3:cad>91</ns3:cad>
          </ns3:TrackPointExtension>
        </extensions>
      </trkpt>
      <trkpt lat="30.75184897519648075103759765625" lon="108.44517865218222141265869140625">
        <ele>418.20001220703125</ele>
        <time>2026-04-30T12:04:36.000Z</time>
        <extensions>
          <ns3:TrackPointExtension>
            <ns3:hr>149</ns3:hr>
            <ns3:cad>91</ns3:cad>
          </ns3:TrackPointExtension>
        </extensions>
      </trkpt>
      <trkpt lat="30.75183321721851825714111328125" lon="108.44519667327404022216796875">
        <ele>418.20001220703125</ele>
        <time>2026-04-30T12:04:37.000Z</time>
        <extensions>
          <ns3:TrackPointExtension>
            <ns3:hr>149</ns3:hr>
            <ns3:cad>93</ns3:cad>
          </ns3:TrackPointExtension>
        </extensions>
      </trkpt>
      <trkpt lat="30.7518031261861324310302734375" lon="108.4452169574797153472900390625">
        <ele>418.399993896484375</ele>
        <time>2026-04-30T12:04:38.000Z</time>
        <extensions>
          <ns3:TrackPointExtension>
            <ns3:hr>149</ns3:hr>
            <ns3:cad>93</ns3:cad>
          </ns3:TrackPointExtension>
        </extensions>
      </trkpt>
      <trkpt lat="30.75178644619882106781005859375" lon="108.4452353976666927337646484375">
        <ele>418.20001220703125</ele>
        <time>2026-04-30T12:04:39.000Z</time>
        <extensions>
          <ns3:TrackPointExtension>
            <ns3:hr>149</ns3:hr>
            <ns3:cad>93</ns3:cad>
          </ns3:TrackPointExtension>
        </extensions>
      </trkpt>
      <trkpt lat="30.75175878591835498809814453125" lon="108.44525928609073162078857421875">
        <ele>418.399993896484375</ele>
        <time>2026-04-30T12:04:40.000Z</time>
        <extensions>
          <ns3:TrackPointExtension>
            <ns3:hr>150</ns3:hr>
            <ns3:cad>93</ns3:cad>
          </ns3:TrackPointExtension>
        </extensions>
      </trkpt>
      <trkpt lat="30.751743949949741363525390625" lon="108.44528510235249996185302734375">
        <ele>418.399993896484375</ele>
        <time>2026-04-30T12:04:41.000Z</time>
        <extensions>
          <ns3:TrackPointExtension>
            <ns3:hr>150</ns3:hr>
            <ns3:cad>93</ns3:cad>
          </ns3:TrackPointExtension>
        </extensions>
      </trkpt>
      <trkpt lat="30.75171771459281444549560546875" lon="108.44530739821493625640869140625">
        <ele>418.399993896484375</ele>
        <time>2026-04-30T12:04:42.000Z</time>
        <extensions>
          <ns3:TrackPointExtension>
            <ns3:hr>150</ns3:hr>
            <ns3:cad>92</ns3:cad>
          </ns3:TrackPointExtension>
        </extensions>
      </trkpt>
      <trkpt lat="30.75170028023421764373779296875" lon="108.44532717950642108917236328125">
        <ele>418.399993896484375</ele>
        <time>2026-04-30T12:04:43.000Z</time>
        <extensions>
          <ns3:TrackPointExtension>
            <ns3:hr>150</ns3:hr>
            <ns3:cad>92</ns3:cad>
          </ns3:TrackPointExtension>
        </extensions>
      </trkpt>
      <trkpt lat="30.751673541963100433349609375" lon="108.44534813426434993743896484375">
        <ele>418.399993896484375</ele>
        <time>2026-04-30T12:04:44.000Z</time>
        <extensions>
          <ns3:TrackPointExtension>
            <ns3:hr>150</ns3:hr>
            <ns3:cad>92</ns3:cad>
          </ns3:TrackPointExtension>
        </extensions>
      </trkpt>
      <trkpt lat="30.751660801470279693603515625" lon="108.44537378288805484771728515625">
        <ele>418.399993896484375</ele>
        <time>2026-04-30T12:04:45.000Z</time>
        <extensions>
          <ns3:TrackPointExtension>
            <ns3:hr>150</ns3:hr>
            <ns3:cad>92</ns3:cad>
          </ns3:TrackPointExtension>
        </extensions>
      </trkpt>
      <trkpt lat="30.7516411878168582916259765625" lon="108.44539591111242771148681640625">
        <ele>418.399993896484375</ele>
        <time>2026-04-30T12:04:46.000Z</time>
        <extensions>
          <ns3:TrackPointExtension>
            <ns3:hr>150</ns3:hr>
            <ns3:cad>92</ns3:cad>
          </ns3:TrackPointExtension>
        </extensions>
      </trkpt>
      <trkpt lat="30.751628614962100982666015625" lon="108.44542273320257663726806640625">
        <ele>418.20001220703125</ele>
        <time>2026-04-30T12:04:47.000Z</time>
        <extensions>
          <ns3:TrackPointExtension>
            <ns3:hr>150</ns3:hr>
            <ns3:cad>92</ns3:cad>
          </ns3:TrackPointExtension>
        </extensions>
      </trkpt>
      <trkpt lat="30.75161981396377086639404296875" lon="108.44544737599790096282958984375">
        <ele>418.20001220703125</ele>
        <time>2026-04-30T12:04:48.000Z</time>
        <extensions>
          <ns3:TrackPointExtension>
            <ns3:hr>150</ns3:hr>
            <ns3:cad>92</ns3:cad>
          </ns3:TrackPointExtension>
        </extensions>
      </trkpt>
      <trkpt lat="30.75161109678447246551513671875" lon="108.44548023305833339691162109375">
        <ele>418.20001220703125</ele>
        <time>2026-04-30T12:04:49.000Z</time>
        <extensions>
          <ns3:TrackPointExtension>
            <ns3:hr>151</ns3:hr>
            <ns3:cad>91</ns3:cad>
          </ns3:TrackPointExtension>
        </extensions>
      </trkpt>
      <trkpt lat="30.7516093365848064422607421875" lon="108.44549850560724735260009765625">
        <ele>418.20001220703125</ele>
        <time>2026-04-30T12:04:50.000Z</time>
        <extensions>
          <ns3:TrackPointExtension>
            <ns3:hr>151</ns3:hr>
            <ns3:cad>91</ns3:cad>
          </ns3:TrackPointExtension>
        </extensions>
      </trkpt>
      <trkpt lat="30.7516012899577617645263671875" lon="108.44553060829639434814453125">
        <ele>418.20001220703125</ele>
        <time>2026-04-30T12:04:51.000Z</time>
        <extensions>
          <ns3:TrackPointExtension>
            <ns3:hr>151</ns3:hr>
            <ns3:cad>91</ns3:cad>
          </ns3:TrackPointExtension>
        </extensions>
      </trkpt>
      <trkpt lat="30.75160221196711063385009765625" lon="108.4455581009387969970703125">
        <ele>418.20001220703125</ele>
        <time>2026-04-30T12:04:52.000Z</time>
        <extensions>
          <ns3:TrackPointExtension>
            <ns3:hr>151</ns3:hr>
            <ns3:cad>92</ns3:cad>
          </ns3:TrackPointExtension>
        </extensions>
      </trkpt>
      <trkpt lat="30.751595087349414825439453125" lon="108.4455904550850391387939453125">
        <ele>418.20001220703125</ele>
        <time>2026-04-30T12:04:53.000Z</time>
        <extensions>
          <ns3:TrackPointExtension>
            <ns3:hr>152</ns3:hr>
            <ns3:cad>93</ns3:cad>
          </ns3:TrackPointExtension>
        </extensions>
      </trkpt>
      <trkpt lat="30.75159349478781223297119140625" lon="108.44561434350907802581787109375">
        <ele>418.20001220703125</ele>
        <time>2026-04-30T12:04:54.000Z</time>
        <extensions>
          <ns3:TrackPointExtension>
            <ns3:hr>152</ns3:hr>
            <ns3:cad>93</ns3:cad>
          </ns3:TrackPointExtension>
        </extensions>
      </trkpt>
      <trkpt lat="30.75158561579883098602294921875" lon="108.445642255246639251708984375">
        <ele>418.399993896484375</ele>
        <time>2026-04-30T12:04:55.000Z</time>
        <extensions>
          <ns3:TrackPointExtension>
            <ns3:hr>152</ns3:hr>
            <ns3:cad>93</ns3:cad>
          </ns3:TrackPointExtension>
        </extensions>
      </trkpt>
      <trkpt lat="30.75158737599849700927734375" lon="108.44567276537418365478515625">
        <ele>418.399993896484375</ele>
        <time>2026-04-30T12:04:56.000Z</time>
        <extensions>
          <ns3:TrackPointExtension>
            <ns3:hr>152</ns3:hr>
            <ns3:cad>94</ns3:cad>
          </ns3:TrackPointExtension>
        </extensions>
      </trkpt>
      <trkpt lat="30.75158678926527500152587890625" lon="108.445703275501728057861328125">
        <ele>418.399993896484375</ele>
        <time>2026-04-30T12:04:57.000Z</time>
        <extensions>
          <ns3:TrackPointExtension>
            <ns3:hr>151</ns3:hr>
            <ns3:cad>93</ns3:cad>
          </ns3:TrackPointExtension>
        </extensions>
      </trkpt>
      <trkpt lat="30.75159005820751190185546875" lon="108.4457346238195896148681640625">
        <ele>418.399993896484375</ele>
        <time>2026-04-30T12:04:58.000Z</time>
        <extensions>
          <ns3:TrackPointExtension>
            <ns3:hr>151</ns3:hr>
            <ns3:cad>93</ns3:cad>
          </ns3:TrackPointExtension>
        </extensions>
      </trkpt>
      <trkpt lat="30.751597099006175994873046875" lon="108.4457574225962162017822265625">
        <ele>418.399993896484375</ele>
        <time>2026-04-30T12:04:59.000Z</time>
        <extensions>
          <ns3:TrackPointExtension>
            <ns3:hr>148</ns3:hr>
            <ns3:cad>93</ns3:cad>
          </ns3:TrackPointExtension>
        </extensions>
      </trkpt>
      <trkpt lat="30.7516083307564258575439453125" lon="108.4457882679998874664306640625">
        <ele>418.20001220703125</ele>
        <time>2026-04-30T12:05:00.000Z</time>
        <extensions>
          <ns3:TrackPointExtension>
            <ns3:hr>145</ns3:hr>
            <ns3:cad>93</ns3:cad>
          </ns3:TrackPointExtension>
        </extensions>
      </trkpt>
      <trkpt lat="30.7516177184879779815673828125" lon="108.44580947421491146087646484375">
        <ele>418.20001220703125</ele>
        <time>2026-04-30T12:05:01.000Z</time>
        <extensions>
          <ns3:TrackPointExtension>
            <ns3:hr>144</ns3:hr>
            <ns3:cad>93</ns3:cad>
          </ns3:TrackPointExtension>
        </extensions>
      </trkpt>
      <trkpt lat="30.75163372792303562164306640625" lon="108.4458432532846927642822265625">
        <ele>418.20001220703125</ele>
        <time>2026-04-30T12:05:02.000Z</time>
        <extensions>
          <ns3:TrackPointExtension>
            <ns3:hr>144</ns3:hr>
            <ns3:cad>92</ns3:cad>
          </ns3:TrackPointExtension>
        </extensions>
      </trkpt>
      <trkpt lat="30.7516452111303806304931640625" lon="108.445862866938114166259765625">
        <ele>418.20001220703125</ele>
        <time>2026-04-30T12:05:03.000Z</time>
        <extensions>
          <ns3:TrackPointExtension>
            <ns3:hr>144</ns3:hr>
            <ns3:cad>92</ns3:cad>
          </ns3:TrackPointExtension>
        </extensions>
      </trkpt>
      <trkpt lat="30.75165820308029651641845703125" lon="108.44589262269437313079833984375">
        <ele>418.20001220703125</ele>
        <time>2026-04-30T12:05:04.000Z</time>
        <extensions>
          <ns3:TrackPointExtension>
            <ns3:hr>144</ns3:hr>
            <ns3:cad>93</ns3:cad>
          </ns3:TrackPointExtension>
        </extensions>
      </trkpt>
      <trkpt lat="30.751673541963100433349609375" lon="108.4459123201668262481689453125">
        <ele>418.20001220703125</ele>
        <time>2026-04-30T12:05:05.000Z</time>
        <extensions>
          <ns3:TrackPointExtension>
            <ns3:hr>144</ns3:hr>
            <ns3:cad>93</ns3:cad>
          </ns3:TrackPointExtension>
        </extensions>
      </trkpt>
      <trkpt lat="30.7516884617507457733154296875" lon="108.4459443390369415283203125">
        <ele>418.399993896484375</ele>
        <time>2026-04-30T12:05:06.000Z</time>
        <extensions>
          <ns3:TrackPointExtension>
            <ns3:hr>144</ns3:hr>
            <ns3:cad>93</ns3:cad>
          </ns3:TrackPointExtension>
        </extensions>
      </trkpt>
      <trkpt lat="30.75170296244323253631591796875" lon="108.44596168957650661468505859375">
        <ele>418.399993896484375</ele>
        <time>2026-04-30T12:05:07.000Z</time>
        <extensions>
          <ns3:TrackPointExtension>
            <ns3:hr>144</ns3:hr>
            <ns3:cad>92</ns3:cad>
          </ns3:TrackPointExtension>
        </extensions>
      </trkpt>
      <trkpt lat="30.75171905569732189178466796875" lon="108.445989601314067840576171875">
        <ele>418.399993896484375</ele>
        <time>2026-04-30T12:05:08.000Z</time>
        <extensions>
          <ns3:TrackPointExtension>
            <ns3:hr>144</ns3:hr>
            <ns3:cad>92</ns3:cad>
          </ns3:TrackPointExtension>
        </extensions>
      </trkpt>
      <trkpt lat="30.7517367415130138397216796875" lon="108.4460025094449520111083984375">
        <ele>418.399993896484375</ele>
        <time>2026-04-30T12:05:09.000Z</time>
        <extensions>
          <ns3:TrackPointExtension>
            <ns3:hr>143</ns3:hr>
            <ns3:cad>92</ns3:cad>
          </ns3:TrackPointExtension>
        </extensions>
      </trkpt>
      <trkpt lat="30.75175677426159381866455078125" lon="108.44603192992508411407470703125">
        <ele>418.399993896484375</ele>
        <time>2026-04-30T12:05:10.000Z</time>
        <extensions>
          <ns3:TrackPointExtension>
            <ns3:hr>144</ns3:hr>
            <ns3:cad>92</ns3:cad>
          </ns3:TrackPointExtension>
        </extensions>
      </trkpt>
      <trkpt lat="30.75177605263888835906982421875" lon="108.44604500569403171539306640625">
        <ele>418.399993896484375</ele>
        <time>2026-04-30T12:05:11.000Z</time>
        <extensions>
          <ns3:TrackPointExtension>
            <ns3:hr>144</ns3:hr>
            <ns3:cad>92</ns3:cad>
          </ns3:TrackPointExtension>
        </extensions>
      </trkpt>
      <trkpt lat="30.7517954148352146148681640625" lon="108.446066044270992279052734375">
        <ele>418.399993896484375</ele>
        <time>2026-04-30T12:05:12.000Z</time>
        <extensions>
          <ns3:TrackPointExtension>
            <ns3:hr>145</ns3:hr>
            <ns3:cad>92</ns3:cad>
          </ns3:TrackPointExtension>
        </extensions>
      </trkpt>
      <trkpt lat="30.75181896798312664031982421875" lon="108.44608138315379619598388671875">
        <ele>418.399993896484375</ele>
        <time>2026-04-30T12:05:13.000Z</time>
        <extensions>
          <ns3:TrackPointExtension>
            <ns3:hr>145</ns3:hr>
            <ns3:cad>92</ns3:cad>
          </ns3:TrackPointExtension>
        </extensions>
      </trkpt>
      <trkpt lat="30.7518388330936431884765625" lon="108.4460937045514583587646484375">
        <ele>418.399993896484375</ele>
        <time>2026-04-30T12:05:14.000Z</time>
        <extensions>
          <ns3:TrackPointExtension>
            <ns3:hr>146</ns3:hr>
            <ns3:cad>92</ns3:cad>
          </ns3:TrackPointExtension>
        </extensions>
      </trkpt>
      <trkpt lat="30.75186640955507755279541015625" lon="108.44610937871038913726806640625">
        <ele>418.399993896484375</ele>
        <time>2026-04-30T12:05:15.000Z</time>
        <extensions>
          <ns3:TrackPointExtension>
            <ns3:hr>146</ns3:hr>
            <ns3:cad>91</ns3:cad>
          </ns3:TrackPointExtension>
        </extensions>
      </trkpt>
      <trkpt lat="30.75188778340816497802734375" lon="108.44612161628901958465576171875">
        <ele>418.20001220703125</ele>
        <time>2026-04-30T12:05:16.000Z</time>
        <extensions>
          <ns3:TrackPointExtension>
            <ns3:hr>146</ns3:hr>
            <ns3:cad>91</ns3:cad>
          </ns3:TrackPointExtension>
        </extensions>
      </trkpt>
      <trkpt lat="30.75191083364188671112060546875" lon="108.44613905064761638641357421875">
        <ele>418.20001220703125</ele>
        <time>2026-04-30T12:05:17.000Z</time>
        <extensions>
          <ns3:TrackPointExtension>
            <ns3:hr>147</ns3:hr>
            <ns3:cad>91</ns3:cad>
          </ns3:TrackPointExtension>
        </extensions>
      </trkpt>
      <trkpt lat="30.75193430297076702117919921875" lon="108.4461517073214054107666015625">
        <ele>418.20001220703125</ele>
        <time>2026-04-30T12:05:18.000Z</time>
        <extensions>
          <ns3:TrackPointExtension>
            <ns3:hr>148</ns3:hr>
            <ns3:cad>91</ns3:cad>
          </ns3:TrackPointExtension>
        </extensions>
      </trkpt>
      <trkpt lat="30.75195676647126674652099609375" lon="108.44616101123392581939697265625">
        <ele>418.20001220703125</ele>
        <time>2026-04-30T12:05:19.000Z</time>
        <extensions>
          <ns3:TrackPointExtension>
            <ns3:hr>148</ns3:hr>
            <ns3:cad>92</ns3:cad>
          </ns3:TrackPointExtension>
        </extensions>
      </trkpt>
      <trkpt lat="30.75197973288595676422119140625" lon="108.4461610950529575347900390625">
        <ele>418.20001220703125</ele>
        <time>2026-04-30T12:05:20.000Z</time>
        <extensions>
          <ns3:TrackPointExtension>
            <ns3:hr>149</ns3:hr>
            <ns3:cad>93</ns3:cad>
          </ns3:TrackPointExtension>
        </extensions>
      </trkpt>
      <trkpt lat="30.7520024478435516357421875" lon="108.44616000540554523468017578125">
        <ele>418.20001220703125</ele>
        <time>2026-04-30T12:05:21.000Z</time>
        <extensions>
          <ns3:TrackPointExtension>
            <ns3:hr>149</ns3:hr>
            <ns3:cad>94</ns3:cad>
          </ns3:TrackPointExtension>
        </extensions>
      </trkpt>
      <trkpt lat="30.752027593553066253662109375" lon="108.4461594186723232269287109375">
        <ele>418.20001220703125</ele>
        <time>2026-04-30T12:05:22.000Z</time>
        <extensions>
          <ns3:TrackPointExtension>
            <ns3:hr>149</ns3:hr>
            <ns3:cad>95</ns3:cad>
          </ns3:TrackPointExtension>
        </extensions>
      </trkpt>
      <trkpt lat="30.7520522363483905792236328125" lon="108.44615849666297435760498046875">
        <ele>418.20001220703125</ele>
        <time>2026-04-30T12:05:23.000Z</time>
        <extensions>
          <ns3:TrackPointExtension>
            <ns3:hr>148</ns3:hr>
            <ns3:cad>95</ns3:cad>
          </ns3:TrackPointExtension>
        </extensions>
      </trkpt>
      <trkpt lat="30.7520790584385395050048828125" lon="108.44616092741489410400390625">
        <ele>418.20001220703125</ele>
        <time>2026-04-30T12:05:24.000Z</time>
        <extensions>
          <ns3:TrackPointExtension>
            <ns3:hr>148</ns3:hr>
            <ns3:cad>95</ns3:cad>
          </ns3:TrackPointExtension>
        </extensions>
      </trkpt>
      <trkpt lat="30.75209758244454860687255859375" lon="108.4461535513401031494140625">
        <ele>418.399993896484375</ele>
        <time>2026-04-30T12:05:25.000Z</time>
        <extensions>
          <ns3:TrackPointExtension>
            <ns3:hr>148</ns3:hr>
            <ns3:cad>95</ns3:cad>
          </ns3:TrackPointExtension>
        </extensions>
      </trkpt>
      <trkpt lat="30.75212708674371242523193359375" lon="108.446160592138767242431640625">
        <ele>418.399993896484375</ele>
        <time>2026-04-30T12:05:26.000Z</time>
        <extensions>
          <ns3:TrackPointExtension>
            <ns3:hr>147</ns3:hr>
            <ns3:cad>94</ns3:cad>
          </ns3:TrackPointExtension>
        </extensions>
      </trkpt>
      <trkpt lat="30.7521481253206729888916015625" lon="108.44616017304360866546630859375">
        <ele>418.399993896484375</ele>
        <time>2026-04-30T12:05:27.000Z</time>
        <extensions>
          <ns3:TrackPointExtension>
            <ns3:hr>146</ns3:hr>
            <ns3:cad>93</ns3:cad>
          </ns3:TrackPointExtension>
        </extensions>
      </trkpt>
      <trkpt lat="30.752173773944377899169921875" lon="108.44616553746163845062255859375">
        <ele>418.399993896484375</ele>
        <time>2026-04-30T12:05:28.000Z</time>
        <extensions>
          <ns3:TrackPointExtension>
            <ns3:hr>145</ns3:hr>
            <ns3:cad>94</ns3:cad>
          </ns3:TrackPointExtension>
        </extensions>
      </trkpt>
      <trkpt lat="30.75220017693936824798583984375" lon="108.44616536982357501983642578125">
        <ele>418.399993896484375</ele>
        <time>2026-04-30T12:05:29.000Z</time>
        <extensions>
          <ns3:TrackPointExtension>
            <ns3:hr>144</ns3:hr>
            <ns3:cad>93</ns3:cad>
          </ns3:TrackPointExtension>
        </extensions>
      </trkpt>
      <trkpt lat="30.75222398154437541961669921875" lon="108.44616453163325786590576171875">
        <ele>418.399993896484375</ele>
        <time>2026-04-30T12:05:30.000Z</time>
        <extensions>
          <ns3:TrackPointExtension>
            <ns3:hr>143</ns3:hr>
            <ns3:cad>93</ns3:cad>
          </ns3:TrackPointExtension>
        </extensions>
      </trkpt>
      <trkpt lat="30.75225348584353923797607421875" lon="108.446163274347782135009765625">
        <ele>418.399993896484375</ele>
        <time>2026-04-30T12:05:31.000Z</time>
        <extensions>
          <ns3:TrackPointExtension>
            <ns3:hr>142</ns3:hr>
            <ns3:cad>93</ns3:cad>
          </ns3:TrackPointExtension>
        </extensions>
      </trkpt>
      <trkpt lat="30.7522731833159923553466796875" lon="108.446152210235595703125">
        <ele>418.399993896484375</ele>
        <time>2026-04-30T12:05:32.000Z</time>
        <extensions>
          <ns3:TrackPointExtension>
            <ns3:hr>142</ns3:hr>
            <ns3:cad>93</ns3:cad>
          </ns3:TrackPointExtension>
        </extensions>
      </trkpt>
      <trkpt lat="30.75230377726256847381591796875" lon="108.44614751636981964111328125">
        <ele>418.399993896484375</ele>
        <time>2026-04-30T12:05:33.000Z</time>
        <extensions>
          <ns3:TrackPointExtension>
            <ns3:hr>142</ns3:hr>
            <ns3:cad>93</ns3:cad>
          </ns3:TrackPointExtension>
        </extensions>
      </trkpt>
      <trkpt lat="30.75232758186757564544677734375" lon="108.4461443312466144561767578125">
        <ele>418.399993896484375</ele>
        <time>2026-04-30T12:05:34.000Z</time>
        <extensions>
          <ns3:TrackPointExtension>
            <ns3:hr>142</ns3:hr>
            <ns3:cad>94</ns3:cad>
          </ns3:TrackPointExtension>
        </extensions>
      </trkpt>
      <trkpt lat="30.7523559965193271636962890625" lon="108.44615179114043712615966796875">
        <ele>418.399993896484375</ele>
        <time>2026-04-30T12:05:35.000Z</time>
        <extensions>
          <ns3:TrackPointExtension>
            <ns3:hr>143</ns3:hr>
            <ns3:cad>94</ns3:cad>
          </ns3:TrackPointExtension>
        </extensions>
      </trkpt>
      <trkpt lat="30.75237619690597057342529296875" lon="108.446147851645946502685546875">
        <ele>418.399993896484375</ele>
        <time>2026-04-30T12:05:36.000Z</time>
        <extensions>
          <ns3:TrackPointExtension>
            <ns3:hr>143</ns3:hr>
            <ns3:cad>94</ns3:cad>
          </ns3:TrackPointExtension>
        </extensions>
      </trkpt>
      <trkpt lat="30.75240469537675380706787109375" lon="108.44615648500621318817138671875">
        <ele>418.399993896484375</ele>
        <time>2026-04-30T12:05:37.000Z</time>
        <extensions>
          <ns3:TrackPointExtension>
            <ns3:hr>143</ns3:hr>
            <ns3:cad>94</ns3:cad>
          </ns3:TrackPointExtension>
        </extensions>
      </trkpt>
      <trkpt lat="30.7524270750582218170166015625" lon="108.4461493603885173797607421875">
        <ele>418.399993896484375</ele>
        <time>2026-04-30T12:05:38.000Z</time>
        <extensions>
          <ns3:TrackPointExtension>
            <ns3:hr>144</ns3:hr>
            <ns3:cad>92</ns3:cad>
          </ns3:TrackPointExtension>
        </extensions>
      </trkpt>
      <trkpt lat="30.7524535618722438812255859375" lon="108.44615690410137176513671875">
        <ele>418.399993896484375</ele>
        <time>2026-04-30T12:05:39.000Z</time>
        <extensions>
          <ns3:TrackPointExtension>
            <ns3:hr>144</ns3:hr>
            <ns3:cad>92</ns3:cad>
          </ns3:TrackPointExtension>
        </extensions>
      </trkpt>
      <trkpt lat="30.7524790428578853607177734375" lon="108.4461520425975322723388671875">
        <ele>418.399993896484375</ele>
        <time>2026-04-30T12:05:40.000Z</time>
        <extensions>
          <ns3:TrackPointExtension>
            <ns3:hr>144</ns3:hr>
            <ns3:cad>93</ns3:cad>
          </ns3:TrackPointExtension>
        </extensions>
      </trkpt>
      <trkpt lat="30.75250603258609771728515625" lon="108.446153886616230010986328125">
        <ele>418.399993896484375</ele>
        <time>2026-04-30T12:05:41.000Z</time>
        <extensions>
          <ns3:TrackPointExtension>
            <ns3:hr>143</ns3:hr>
            <ns3:cad>93</ns3:cad>
          </ns3:TrackPointExtension>
        </extensions>
      </trkpt>
      <trkpt lat="30.7525340281426906585693359375" lon="108.44615262933075428009033203125">
        <ele>418.399993896484375</ele>
        <time>2026-04-30T12:05:42.000Z</time>
        <extensions>
          <ns3:TrackPointExtension>
            <ns3:hr>143</ns3:hr>
            <ns3:cad>93</ns3:cad>
          </ns3:TrackPointExtension>
        </extensions>
      </trkpt>
      <trkpt lat="30.7525558210909366607666015625" lon="108.4461577422916889190673828125">
        <ele>418.399993896484375</ele>
        <time>2026-04-30T12:05:43.000Z</time>
        <extensions>
          <ns3:TrackPointExtension>
            <ns3:hr>143</ns3:hr>
            <ns3:cad>93</ns3:cad>
          </ns3:TrackPointExtension>
        </extensions>
      </trkpt>
      <trkpt lat="30.7525826431810855865478515625" lon="108.44616084359586238861083984375">
        <ele>418.399993896484375</ele>
        <time>2026-04-30T12:05:44.000Z</time>
        <extensions>
          <ns3:TrackPointExtension>
            <ns3:hr>143</ns3:hr>
            <ns3:cad>93</ns3:cad>
          </ns3:TrackPointExtension>
        </extensions>
      </trkpt>
      <trkpt lat="30.7526054419577121734619140625" lon="108.44616285525262355804443359375">
        <ele>418.399993896484375</ele>
        <time>2026-04-30T12:05:45.000Z</time>
        <extensions>
          <ns3:TrackPointExtension>
            <ns3:hr>143</ns3:hr>
            <ns3:cad>93</ns3:cad>
          </ns3:TrackPointExtension>
        </extensions>
      </trkpt>
      <trkpt lat="30.75263536535203456878662109375" lon="108.4461590833961963653564453125">
        <ele>418.399993896484375</ele>
        <time>2026-04-30T12:05:46.000Z</time>
        <extensions>
          <ns3:TrackPointExtension>
            <ns3:hr>143</ns3:hr>
            <ns3:cad>92</ns3:cad>
          </ns3:TrackPointExtension>
        </extensions>
      </trkpt>
      <trkpt lat="30.75265732593834400177001953125" lon="108.44615832902491092681884765625">
        <ele>418.399993896484375</ele>
        <time>2026-04-30T12:05:47.000Z</time>
        <extensions>
          <ns3:TrackPointExtension>
            <ns3:hr>143</ns3:hr>
            <ns3:cad>92</ns3:cad>
          </ns3:TrackPointExtension>
        </extensions>
      </trkpt>
      <trkpt lat="30.7526872493326663970947265625" lon="108.44615916721522808074951171875">
        <ele>418.399993896484375</ele>
        <time>2026-04-30T12:05:48.000Z</time>
        <extensions>
          <ns3:TrackPointExtension>
            <ns3:hr>143</ns3:hr>
            <ns3:cad>90</ns3:cad>
          </ns3:TrackPointExtension>
        </extensions>
      </trkpt>
      <trkpt lat="30.752708204090595245361328125" lon="108.4461629390716552734375">
        <ele>418.399993896484375</ele>
        <time>2026-04-30T12:05:49.000Z</time>
        <extensions>
          <ns3:TrackPointExtension>
            <ns3:hr>142</ns3:hr>
            <ns3:cad>90</ns3:cad>
          </ns3:TrackPointExtension>
        </extensions>
      </trkpt>
      <trkpt lat="30.7527392171323299407958984375" lon="108.446160592138767242431640625">
        <ele>418.399993896484375</ele>
        <time>2026-04-30T12:05:50.000Z</time>
        <extensions>
          <ns3:TrackPointExtension>
            <ns3:hr>142</ns3:hr>
            <ns3:cad>90</ns3:cad>
          </ns3:TrackPointExtension>
        </extensions>
      </trkpt>
      <trkpt lat="30.75276075862348079681396484375" lon="108.4461560659110546112060546875">
        <ele>418.399993896484375</ele>
        <time>2026-04-30T12:05:51.000Z</time>
        <extensions>
          <ns3:TrackPointExtension>
            <ns3:hr>142</ns3:hr>
            <ns3:cad>90</ns3:cad>
          </ns3:TrackPointExtension>
        </extensions>
      </trkpt>
      <trkpt lat="30.75279411859810352325439453125" lon="108.4461562335491180419921875">
        <ele>418.399993896484375</ele>
        <time>2026-04-30T12:05:52.000Z</time>
        <extensions>
          <ns3:TrackPointExtension>
            <ns3:hr>142</ns3:hr>
            <ns3:cad>90</ns3:cad>
          </ns3:TrackPointExtension>
        </extensions>
      </trkpt>
      <trkpt lat="30.75281473807990550994873046875" lon="108.44615112058818340301513671875">
        <ele>418.600006103515625</ele>
        <time>2026-04-30T12:05:53.000Z</time>
        <extensions>
          <ns3:TrackPointExtension>
            <ns3:hr>143</ns3:hr>
            <ns3:cad>92</ns3:cad>
          </ns3:TrackPointExtension>
        </extensions>
      </trkpt>
      <trkpt lat="30.75284960679709911346435546875" lon="108.44615212641656398773193359375">
        <ele>418.600006103515625</ele>
        <time>2026-04-30T12:05:54.000Z</time>
        <extensions>
          <ns3:TrackPointExtension>
            <ns3:hr>143</ns3:hr>
            <ns3:cad>92</ns3:cad>
          </ns3:TrackPointExtension>
        </extensions>
      </trkpt>
      <trkpt lat="30.75286989100277423858642578125" lon="108.446151874959468841552734375">
        <ele>418.600006103515625</ele>
        <time>2026-04-30T12:05:55.000Z</time>
        <extensions>
          <ns3:TrackPointExtension>
            <ns3:hr>146</ns3:hr>
            <ns3:cad>92</ns3:cad>
          </ns3:TrackPointExtension>
        </extensions>
      </trkpt>
      <trkpt lat="30.75290434062480926513671875" lon="108.44615329988300800323486328125">
        <ele>418.600006103515625</ele>
        <time>2026-04-30T12:05:56.000Z</time>
        <extensions>
          <ns3:TrackPointExtension>
            <ns3:hr>147</ns3:hr>
            <ns3:cad>92</ns3:cad>
          </ns3:TrackPointExtension>
        </extensions>
      </trkpt>
      <trkpt lat="30.75292806141078472137451171875" lon="108.446155227720737457275390625">
        <ele>418.600006103515625</ele>
        <time>2026-04-30T12:05:57.000Z</time>
        <extensions>
          <ns3:TrackPointExtension>
            <ns3:hr>148</ns3:hr>
            <ns3:cad>92</ns3:cad>
          </ns3:TrackPointExtension>
        </extensions>
      </trkpt>
      <trkpt lat="30.7529581524431705474853515625" lon="108.4461523778736591339111328125">
        <ele>418.600006103515625</ele>
        <time>2026-04-30T12:05:58.000Z</time>
        <extensions>
          <ns3:TrackPointExtension>
            <ns3:hr>148</ns3:hr>
            <ns3:cad>91</ns3:cad>
          </ns3:TrackPointExtension>
        </extensions>
      </trkpt>
      <trkpt lat="30.752982795238494873046875" lon="108.44615715555846691131591796875">
        <ele>418.79998779296875</ele>
        <time>2026-04-30T12:05:59.000Z</time>
        <extensions>
          <ns3:TrackPointExtension>
            <ns3:hr>149</ns3:hr>
            <ns3:cad>91</ns3:cad>
          </ns3:TrackPointExtension>
        </extensions>
      </trkpt>
      <trkpt lat="30.75301120989024639129638671875" lon="108.4461455047130584716796875">
        <ele>418.79998779296875</ele>
        <time>2026-04-30T12:06:00.000Z</time>
        <extensions>
          <ns3:TrackPointExtension>
            <ns3:hr>149</ns3:hr>
            <ns3:cad>91</ns3:cad>
          </ns3:TrackPointExtension>
        </extensions>
      </trkpt>
      <trkpt lat="30.75303518213331699371337890625" lon="108.44613921828567981719970703125">
        <ele>418.79998779296875</ele>
        <time>2026-04-30T12:06:01.000Z</time>
        <extensions>
          <ns3:TrackPointExtension>
            <ns3:hr>150</ns3:hr>
            <ns3:cad>91</ns3:cad>
          </ns3:TrackPointExtension>
        </extensions>
      </trkpt>
      <trkpt lat="30.753057561814785003662109375" lon="108.44611801207065582275390625">
        <ele>418.79998779296875</ele>
        <time>2026-04-30T12:06:02.000Z</time>
        <extensions>
          <ns3:TrackPointExtension>
            <ns3:hr>150</ns3:hr>
            <ns3:cad>92</ns3:cad>
          </ns3:TrackPointExtension>
        </extensions>
      </trkpt>
      <trkpt lat="30.7530785165727138519287109375" lon="108.44610015861690044403076171875">
        <ele>418.79998779296875</ele>
        <time>2026-04-30T12:06:03.000Z</time>
        <extensions>
          <ns3:TrackPointExtension>
            <ns3:hr>151</ns3:hr>
            <ns3:cad>92</ns3:cad>
          </ns3:TrackPointExtension>
        </extensions>
      </trkpt>
      <trkpt lat="30.753095448017120361328125" lon="108.4460757672786712646484375">
        <ele>418.79998779296875</ele>
        <time>2026-04-30T12:06:04.000Z</time>
        <extensions>
          <ns3:TrackPointExtension>
            <ns3:hr>151</ns3:hr>
            <ns3:cad>92</ns3:cad>
          </ns3:TrackPointExtension>
        </extensions>
      </trkpt>
      <trkpt lat="30.753113217651844024658203125" lon="108.446059338748455047607421875">
        <ele>418.79998779296875</ele>
        <time>2026-04-30T12:06:05.000Z</time>
        <extensions>
          <ns3:TrackPointExtension>
            <ns3:hr>151</ns3:hr>
            <ns3:cad>92</ns3:cad>
          </ns3:TrackPointExtension>
        </extensions>
      </trkpt>
      <trkpt lat="30.753132998943328857421875" lon="108.44604651443660259246826171875">
        <ele>419</ele>
        <time>2026-04-30T12:06:06.000Z</time>
        <extensions>
          <ns3:TrackPointExtension>
            <ns3:hr>150</ns3:hr>
            <ns3:cad>93</ns3:cad>
          </ns3:TrackPointExtension>
        </extensions>
      </trkpt>
      <trkpt lat="30.75315537862479686737060546875" lon="108.4460266493260860443115234375">
        <ele>419</ele>
        <time>2026-04-30T12:06:07.000Z</time>
        <extensions>
          <ns3:TrackPointExtension>
            <ns3:hr>151</ns3:hr>
            <ns3:cad>93</ns3:cad>
          </ns3:TrackPointExtension>
        </extensions>
      </trkpt>
      <trkpt lat="30.75317180715501308441162109375" lon="108.44600644893944263458251953125">
        <ele>419</ele>
        <time>2026-04-30T12:06:08.000Z</time>
        <extensions>
          <ns3:TrackPointExtension>
            <ns3:hr>151</ns3:hr>
            <ns3:cad>93</ns3:cad>
          </ns3:TrackPointExtension>
        </extensions>
      </trkpt>
      <trkpt lat="30.75318655930459499359130859375" lon="108.44598180614411830902099609375">
        <ele>419.20001220703125</ele>
        <time>2026-04-30T12:06:09.000Z</time>
        <extensions>
          <ns3:TrackPointExtension>
            <ns3:hr>151</ns3:hr>
            <ns3:cad>93</ns3:cad>
          </ns3:TrackPointExtension>
        </extensions>
      </trkpt>
      <trkpt lat="30.753193013370037078857421875" lon="108.44596101902425289154052734375">
        <ele>419.20001220703125</ele>
        <time>2026-04-30T12:06:10.000Z</time>
        <extensions>
          <ns3:TrackPointExtension>
            <ns3:hr>151</ns3:hr>
            <ns3:cad>92</ns3:cad>
          </ns3:TrackPointExtension>
        </extensions>
      </trkpt>
      <trkpt lat="30.7532106153666973114013671875" lon="108.4459277428686618804931640625">
        <ele>419.20001220703125</ele>
        <time>2026-04-30T12:06:11.000Z</time>
        <extensions>
          <ns3:TrackPointExtension>
            <ns3:hr>151</ns3:hr>
            <ns3:cad>92</ns3:cad>
          </ns3:TrackPointExtension>
        </extensions>
      </trkpt>
      <trkpt lat="30.75322176329791545867919921875" lon="108.44590477645397186279296875">
        <ele>419.20001220703125</ele>
        <time>2026-04-30T12:06:12.000Z</time>
        <extensions>
          <ns3:TrackPointExtension>
            <ns3:hr>151</ns3:hr>
            <ns3:cad>92</ns3:cad>
          </ns3:TrackPointExtension>
        </extensions>
      </trkpt>
      <trkpt lat="30.75324003584682941436767578125" lon="108.44587284140288829803466796875">
        <ele>419.20001220703125</ele>
        <time>2026-04-30T12:06:13.000Z</time>
        <extensions>
          <ns3:TrackPointExtension>
            <ns3:hr>151</ns3:hr>
            <ns3:cad>93</ns3:cad>
          </ns3:TrackPointExtension>
        </extensions>
      </trkpt>
      <trkpt lat="30.75324975885450839996337890625" lon="108.44584886915981769561767578125">
        <ele>419.20001220703125</ele>
        <time>2026-04-30T12:06:14.000Z</time>
        <extensions>
          <ns3:TrackPointExtension>
            <ns3:hr>151</ns3:hr>
            <ns3:cad>93</ns3:cad>
          </ns3:TrackPointExtension>
        </extensions>
      </trkpt>
      <trkpt lat="30.75326233170926570892333984375" lon="108.44581332989037036895751953125">
        <ele>419.399993896484375</ele>
        <time>2026-04-30T12:06:15.000Z</time>
        <extensions>
          <ns3:TrackPointExtension>
            <ns3:hr>151</ns3:hr>
            <ns3:cad>93</ns3:cad>
          </ns3:TrackPointExtension>
        </extensions>
      </trkpt>
      <trkpt lat="30.7532609067857265472412109375" lon="108.4457889385521411895751953125">
        <ele>419.399993896484375</ele>
        <time>2026-04-30T12:06:16.000Z</time>
        <extensions>
          <ns3:TrackPointExtension>
            <ns3:hr>151</ns3:hr>
            <ns3:cad>93</ns3:cad>
          </ns3:TrackPointExtension>
        </extensions>
      </trkpt>
      <trkpt lat="30.75326954014599323272705078125" lon="108.44575432129204273223876953125">
        <ele>419.399993896484375</ele>
        <time>2026-04-30T12:06:17.000Z</time>
        <extensions>
          <ns3:TrackPointExtension>
            <ns3:hr>152</ns3:hr>
            <ns3:cad>93</ns3:cad>
          </ns3:TrackPointExtension>
        </extensions>
      </trkpt>
      <trkpt lat="30.75327046215534210205078125" lon="108.44572531990706920623779296875">
        <ele>419.399993896484375</ele>
        <time>2026-04-30T12:06:18.000Z</time>
        <extensions>
          <ns3:TrackPointExtension>
            <ns3:hr>152</ns3:hr>
            <ns3:cad>92</ns3:cad>
          </ns3:TrackPointExtension>
        </extensions>
      </trkpt>
      <trkpt lat="30.75327959842979907989501953125" lon="108.44569095410406589508056640625">
        <ele>419.399993896484375</ele>
        <time>2026-04-30T12:06:19.000Z</time>
        <extensions>
          <ns3:TrackPointExtension>
            <ns3:hr>151</ns3:hr>
            <ns3:cad>92</ns3:cad>
          </ns3:TrackPointExtension>
        </extensions>
      </trkpt>
      <trkpt lat="30.75327775441110134124755859375" lon="108.44566069543361663818359375">
        <ele>419.399993896484375</ele>
        <time>2026-04-30T12:06:20.000Z</time>
        <extensions>
          <ns3:TrackPointExtension>
            <ns3:hr>150</ns3:hr>
            <ns3:cad>93</ns3:cad>
          </ns3:TrackPointExtension>
        </extensions>
      </trkpt>
      <trkpt lat="30.75328244827687740325927734375" lon="108.4456290118396282196044921875">
        <ele>419.399993896484375</ele>
        <time>2026-04-30T12:06:21.000Z</time>
        <extensions>
          <ns3:TrackPointExtension>
            <ns3:hr>150</ns3:hr>
            <ns3:cad>93</ns3:cad>
          </ns3:TrackPointExtension>
        </extensions>
      </trkpt>
      <trkpt lat="30.75328077189624309539794921875" lon="108.4455983340740203857421875">
        <ele>419.399993896484375</ele>
        <time>2026-04-30T12:06:22.000Z</time>
        <extensions>
          <ns3:TrackPointExtension>
            <ns3:hr>150</ns3:hr>
            <ns3:cad>92</ns3:cad>
          </ns3:TrackPointExtension>
        </extensions>
      </trkpt>
      <trkpt lat="30.7532840408384799957275390625" lon="108.4455666504800319671630859375">
        <ele>419.399993896484375</ele>
        <time>2026-04-30T12:06:23.000Z</time>
        <extensions>
          <ns3:TrackPointExtension>
            <ns3:hr>150</ns3:hr>
            <ns3:cad>92</ns3:cad>
          </ns3:TrackPointExtension>
        </extensions>
      </trkpt>
      <trkpt lat="30.7532833702862262725830078125" lon="108.44553354196250438690185546875">
        <ele>419.399993896484375</ele>
        <time>2026-04-30T12:06:24.000Z</time>
        <extensions>
          <ns3:TrackPointExtension>
            <ns3:hr>150</ns3:hr>
            <ns3:cad>92</ns3:cad>
          </ns3:TrackPointExtension>
        </extensions>
      </trkpt>
      <trkpt lat="30.7532860524952411651611328125" lon="108.44549817033112049102783203125">
        <ele>419.399993896484375</ele>
        <time>2026-04-30T12:06:25.000Z</time>
        <extensions>
          <ns3:TrackPointExtension>
            <ns3:hr>151</ns3:hr>
            <ns3:cad>92</ns3:cad>
          </ns3:TrackPointExtension>
        </extensions>
      </trkpt>
      <trkpt lat="30.75327959842979907989501953125" lon="108.4454684145748615264892578125">
        <ele>419.600006103515625</ele>
        <time>2026-04-30T12:06:26.000Z</time>
        <extensions>
          <ns3:TrackPointExtension>
            <ns3:hr>151</ns3:hr>
            <ns3:cad>90</ns3:cad>
          </ns3:TrackPointExtension>
        </extensions>
      </trkpt>
      <trkpt lat="30.7532743178308010101318359375" lon="108.4454352222383022308349609375">
        <ele>419.600006103515625</ele>
        <time>2026-04-30T12:06:27.000Z</time>
        <extensions>
          <ns3:TrackPointExtension>
            <ns3:hr>152</ns3:hr>
            <ns3:cad>90</ns3:cad>
          </ns3:TrackPointExtension>
        </extensions>
      </trkpt>
      <trkpt lat="30.75326283462345600128173828125" lon="108.44540932215750217437744140625">
        <ele>419.600006103515625</ele>
        <time>2026-04-30T12:06:28.000Z</time>
        <extensions>
          <ns3:TrackPointExtension>
            <ns3:hr>153</ns3:hr>
            <ns3:cad>90</ns3:cad>
          </ns3:TrackPointExtension>
        </extensions>
      </trkpt>
      <trkpt lat="30.75325428508222103118896484375" lon="108.44538300298154354095458984375">
        <ele>419.600006103515625</ele>
        <time>2026-04-30T12:06:29.000Z</time>
        <extensions>
          <ns3:TrackPointExtension>
            <ns3:hr>154</ns3:hr>
            <ns3:cad>90</ns3:cad>
          </ns3:TrackPointExtension>
        </extensions>
      </trkpt>
      <trkpt lat="30.7532414607703685760498046875" lon="108.44535869546234607696533203125">
        <ele>419.600006103515625</ele>
        <time>2026-04-30T12:06:30.000Z</time>
        <extensions>
          <ns3:TrackPointExtension>
            <ns3:hr>155</ns3:hr>
            <ns3:cad>90</ns3:cad>
          </ns3:TrackPointExtension>
        </extensions>
      </trkpt>
      <trkpt lat="30.75323282741010189056396484375" lon="108.4453329630196094512939453125">
        <ele>419.600006103515625</ele>
        <time>2026-04-30T12:06:31.000Z</time>
        <extensions>
          <ns3:TrackPointExtension>
            <ns3:hr>155</ns3:hr>
            <ns3:cad>90</ns3:cad>
          </ns3:TrackPointExtension>
        </extensions>
      </trkpt>
      <trkpt lat="30.753215141594409942626953125" lon="108.44530798494815826416015625">
        <ele>419.600006103515625</ele>
        <time>2026-04-30T12:06:32.000Z</time>
        <extensions>
          <ns3:TrackPointExtension>
            <ns3:hr>155</ns3:hr>
            <ns3:cad>90</ns3:cad>
          </ns3:TrackPointExtension>
        </extensions>
      </trkpt>
      <trkpt lat="30.75320399366319179534912109375" lon="108.44528191722929477691650390625">
        <ele>419.600006103515625</ele>
        <time>2026-04-30T12:06:33.000Z</time>
        <extensions>
          <ns3:TrackPointExtension>
            <ns3:hr>154</ns3:hr>
            <ns3:cad>90</ns3:cad>
          </ns3:TrackPointExtension>
        </extensions>
      </trkpt>
      <trkpt lat="30.75318672694265842437744140625" lon="108.445256017148494720458984375">
        <ele>419.600006103515625</ele>
        <time>2026-04-30T12:06:34.000Z</time>
        <extensions>
          <ns3:TrackPointExtension>
            <ns3:hr>154</ns3:hr>
            <ns3:cad>90</ns3:cad>
          </ns3:TrackPointExtension>
        </extensions>
      </trkpt>
      <trkpt lat="30.7531757466495037078857421875" lon="108.44522877596318721771240234375">
        <ele>419.600006103515625</ele>
        <time>2026-04-30T12:06:35.000Z</time>
        <extensions>
          <ns3:TrackPointExtension>
            <ns3:hr>154</ns3:hr>
            <ns3:cad>90</ns3:cad>
          </ns3:TrackPointExtension>
        </extensions>
      </trkpt>
      <trkpt lat="30.75316308997571468353271484375" lon="108.4451973438262939453125">
        <ele>419.600006103515625</ele>
        <time>2026-04-30T12:06:36.000Z</time>
        <extensions>
          <ns3:TrackPointExtension>
            <ns3:hr>154</ns3:hr>
            <ns3:cad>90</ns3:cad>
          </ns3:TrackPointExtension>
        </extensions>
      </trkpt>
      <trkpt lat="30.7531536184251308441162109375" lon="108.44517228193581104278564453125">
        <ele>419.600006103515625</ele>
        <time>2026-04-30T12:06:37.000Z</time>
        <extensions>
          <ns3:TrackPointExtension>
            <ns3:hr>153</ns3:hr>
            <ns3:cad>90</ns3:cad>
          </ns3:TrackPointExtension>
        </extensions>
      </trkpt>
      <trkpt lat="30.75313509441912174224853515625" lon="108.445146381855010986328125">
        <ele>419.600006103515625</ele>
        <time>2026-04-30T12:06:38.000Z</time>
        <extensions>
          <ns3:TrackPointExtension>
            <ns3:hr>153</ns3:hr>
            <ns3:cad>90</ns3:cad>
          </ns3:TrackPointExtension>
        </extensions>
      </trkpt>
      <trkpt lat="30.75311866588890552520751953125" lon="108.44512852840125560760498046875">
        <ele>419.600006103515625</ele>
        <time>2026-04-30T12:06:39.000Z</time>
        <extensions>
          <ns3:TrackPointExtension>
            <ns3:hr>153</ns3:hr>
            <ns3:cad>90</ns3:cad>
          </ns3:TrackPointExtension>
        </extensions>
      </trkpt>
      <trkpt lat="30.7530879043042659759521484375" lon="108.44512215815484523773193359375">
        <ele>419.600006103515625</ele>
        <time>2026-04-30T12:06:40.000Z</time>
        <extensions>
          <ns3:TrackPointExtension>
            <ns3:hr>152</ns3:hr>
            <ns3:cad>90</ns3:cad>
          </ns3:TrackPointExtension>
        </extensions>
      </trkpt>
      <trkpt lat="30.7530646026134490966796875" lon="108.4451193921267986297607421875">
        <ele>419.600006103515625</ele>
        <time>2026-04-30T12:06:41.000Z</time>
        <extensions>
          <ns3:TrackPointExtension>
            <ns3:hr>151</ns3:hr>
            <ns3:cad>90</ns3:cad>
          </ns3:TrackPointExtension>
        </extensions>
      </trkpt>
      <trkpt lat="30.75303300283849239349365234375" lon="108.445115201175212860107421875">
        <ele>419.600006103515625</ele>
        <time>2026-04-30T12:06:42.000Z</time>
        <extensions>
          <ns3:TrackPointExtension>
            <ns3:hr>148</ns3:hr>
            <ns3:cad>90</ns3:cad>
          </ns3:TrackPointExtension>
        </extensions>
      </trkpt>
      <trkpt lat="30.75300903059542179107666015625" lon="108.4451182186603546142578125">
        <ele>419.600006103515625</ele>
        <time>2026-04-30T12:06:43.000Z</time>
        <extensions>
          <ns3:TrackPointExtension>
            <ns3:hr>147</ns3:hr>
            <ns3:cad>90</ns3:cad>
          </ns3:TrackPointExtension>
        </extensions>
      </trkpt>
      <trkpt lat="30.7529765926301479339599609375" lon="108.4451200626790523529052734375">
        <ele>419.600006103515625</ele>
        <time>2026-04-30T12:06:44.000Z</time>
        <extensions>
          <ns3:TrackPointExtension>
            <ns3:hr>148</ns3:hr>
            <ns3:cad>90</ns3:cad>
          </ns3:TrackPointExtension>
        </extensions>
      </trkpt>
      <trkpt lat="30.752954967319965362548828125" lon="108.44512349925935268402099609375">
        <ele>419.600006103515625</ele>
        <time>2026-04-30T12:06:45.000Z</time>
        <extensions>
          <ns3:TrackPointExtension>
            <ns3:hr>148</ns3:hr>
            <ns3:cad>90</ns3:cad>
          </ns3:TrackPointExtension>
        </extensions>
      </trkpt>
      <trkpt lat="30.7529229484498500823974609375" lon="108.4451257623732089996337890625">
        <ele>419.600006103515625</ele>
        <time>2026-04-30T12:06:46.000Z</time>
        <extensions>
          <ns3:TrackPointExtension>
            <ns3:hr>149</ns3:hr>
            <ns3:cad>90</ns3:cad>
          </ns3:TrackPointExtension>
        </extensions>
      </trkpt>
      <trkpt lat="30.75290190987288951873779296875" lon="108.445129282772541046142578125">
        <ele>419.600006103515625</ele>
        <time>2026-04-30T12:06:47.000Z</time>
        <extensions>
          <ns3:TrackPointExtension>
            <ns3:hr>149</ns3:hr>
            <ns3:cad>90</ns3:cad>
          </ns3:TrackPointExtension>
        </extensions>
      </trkpt>
      <trkpt lat="30.75286804698407649993896484375" lon="108.44512936659157276153564453125">
        <ele>419.600006103515625</ele>
        <time>2026-04-30T12:06:48.000Z</time>
        <extensions>
          <ns3:TrackPointExtension>
            <ns3:hr>150</ns3:hr>
            <ns3:cad>91</ns3:cad>
          </ns3:TrackPointExtension>
        </extensions>
      </trkpt>
      <trkpt lat="30.75284591875970363616943359375" lon="108.44513288699090480804443359375">
        <ele>419.600006103515625</ele>
        <time>2026-04-30T12:06:49.000Z</time>
        <extensions>
          <ns3:TrackPointExtension>
            <ns3:hr>151</ns3:hr>
            <ns3:cad>91</ns3:cad>
          </ns3:TrackPointExtension>
        </extensions>
      </trkpt>
      <trkpt lat="30.752813816070556640625" lon="108.4451307915151119232177734375">
        <ele>419.600006103515625</ele>
        <time>2026-04-30T12:06:50.000Z</time>
        <extensions>
          <ns3:TrackPointExtension>
            <ns3:hr>151</ns3:hr>
            <ns3:cad>91</ns3:cad>
          </ns3:TrackPointExtension>
        </extensions>
      </trkpt>
      <trkpt lat="30.75279294513165950775146484375" lon="108.44513230025768280029296875">
        <ele>419.600006103515625</ele>
        <time>2026-04-30T12:06:51.000Z</time>
        <extensions>
          <ns3:TrackPointExtension>
            <ns3:hr>151</ns3:hr>
            <ns3:cad>91</ns3:cad>
          </ns3:TrackPointExtension>
        </extensions>
      </trkpt>
      <trkpt lat="30.75276176445186138153076171875" lon="108.44512693583965301513671875">
        <ele>419.600006103515625</ele>
        <time>2026-04-30T12:06:52.000Z</time>
        <extensions>
          <ns3:TrackPointExtension>
            <ns3:hr>151</ns3:hr>
            <ns3:cad>91</ns3:cad>
          </ns3:TrackPointExtension>
        </extensions>
      </trkpt>
      <trkpt lat="30.75274072587490081787109375" lon="108.4451257623732089996337890625">
        <ele>419.600006103515625</ele>
        <time>2026-04-30T12:06:53.000Z</time>
        <extensions>
          <ns3:TrackPointExtension>
            <ns3:hr>152</ns3:hr>
            <ns3:cad>92</ns3:cad>
          </ns3:TrackPointExtension>
        </extensions>
      </trkpt>
      <trkpt lat="30.752709209918975830078125" lon="108.44511997886002063751220703125">
        <ele>419.600006103515625</ele>
        <time>2026-04-30T12:06:54.000Z</time>
        <extensions>
          <ns3:TrackPointExtension>
            <ns3:hr>152</ns3:hr>
            <ns3:cad>92</ns3:cad>
          </ns3:TrackPointExtension>
        </extensions>
      </trkpt>
      <trkpt lat="30.7526872493326663970947265625" lon="108.445124588906764984130859375">
        <ele>419.600006103515625</ele>
        <time>2026-04-30T12:06:55.000Z</time>
        <extensions>
          <ns3:TrackPointExtension>
            <ns3:hr>153</ns3:hr>
            <ns3:cad>92</ns3:cad>
          </ns3:TrackPointExtension>
        </extensions>
      </trkpt>
      <trkpt lat="30.7526564039289951324462890625" lon="108.44512316398322582244873046875">
        <ele>419.600006103515625</ele>
        <time>2026-04-30T12:06:56.000Z</time>
        <extensions>
          <ns3:TrackPointExtension>
            <ns3:hr>153</ns3:hr>
            <ns3:cad>92</ns3:cad>
          </ns3:TrackPointExtension>
        </extensions>
      </trkpt>
      <trkpt lat="30.7526356168091297149658203125" lon="108.44512802548706531524658203125">
        <ele>419.600006103515625</ele>
        <time>2026-04-30T12:06:57.000Z</time>
        <extensions>
          <ns3:TrackPointExtension>
            <ns3:hr>153</ns3:hr>
            <ns3:cad>92</ns3:cad>
          </ns3:TrackPointExtension>
        </extensions>
      </trkpt>
      <trkpt lat="30.75260887853801250457763671875" lon="108.445122241973876953125">
        <ele>419.600006103515625</ele>
        <time>2026-04-30T12:06:58.000Z</time>
        <extensions>
          <ns3:TrackPointExtension>
            <ns3:hr>153</ns3:hr>
            <ns3:cad>92</ns3:cad>
          </ns3:TrackPointExtension>
        </extensions>
      </trkpt>
      <trkpt lat="30.7525859959423542022705078125" lon="108.44512366689741611480712890625">
        <ele>419.600006103515625</ele>
        <time>2026-04-30T12:06:59.000Z</time>
        <extensions>
          <ns3:TrackPointExtension>
            <ns3:hr>154</ns3:hr>
            <ns3:cad>92</ns3:cad>
          </ns3:TrackPointExtension>
        </extensions>
      </trkpt>
      <trkpt lat="30.75255875475704669952392578125" lon="108.4451182186603546142578125">
        <ele>419.600006103515625</ele>
        <time>2026-04-30T12:07:00.000Z</time>
        <extensions>
          <ns3:TrackPointExtension>
            <ns3:hr>153</ns3:hr>
            <ns3:cad>92</ns3:cad>
          </ns3:TrackPointExtension>
        </extensions>
      </trkpt>
      <trkpt lat="30.7525316812098026275634765625" lon="108.44511830247938632965087890625">
        <ele>419.600006103515625</ele>
        <time>2026-04-30T12:07:01.000Z</time>
        <extensions>
          <ns3:TrackPointExtension>
            <ns3:hr>153</ns3:hr>
            <ns3:cad>92</ns3:cad>
          </ns3:TrackPointExtension>
        </extensions>
      </trkpt>
      <trkpt lat="30.75250661931931972503662109375" lon="108.44510891474783420562744140625">
        <ele>419.600006103515625</ele>
        <time>2026-04-30T12:07:02.000Z</time>
        <extensions>
          <ns3:TrackPointExtension>
            <ns3:hr>153</ns3:hr>
            <ns3:cad>92</ns3:cad>
          </ns3:TrackPointExtension>
        </extensions>
      </trkpt>
      <trkpt lat="30.75247921049594879150390625" lon="108.44511310569941997528076171875">
        <ele>419.600006103515625</ele>
        <time>2026-04-30T12:07:03.000Z</time>
        <extensions>
          <ns3:TrackPointExtension>
            <ns3:hr>153</ns3:hr>
            <ns3:cad>92</ns3:cad>
          </ns3:TrackPointExtension>
        </extensions>
      </trkpt>
      <trkpt lat="30.75245431624352931976318359375" lon="108.4451093338429927825927734375">
        <ele>419.600006103515625</ele>
        <time>2026-04-30T12:07:04.000Z</time>
        <extensions>
          <ns3:TrackPointExtension>
            <ns3:hr>153</ns3:hr>
            <ns3:cad>92</ns3:cad>
          </ns3:TrackPointExtension>
        </extensions>
      </trkpt>
      <trkpt lat="30.752426572144031524658203125" lon="108.445113189518451690673828125">
        <ele>419.600006103515625</ele>
        <time>2026-04-30T12:07:05.000Z</time>
        <extensions>
          <ns3:TrackPointExtension>
            <ns3:hr>152</ns3:hr>
            <ns3:cad>92</ns3:cad>
          </ns3:TrackPointExtension>
        </extensions>
      </trkpt>
      <trkpt lat="30.75240268371999263763427734375" lon="108.4451173804700374603271484375">
        <ele>419.600006103515625</ele>
        <time>2026-04-30T12:07:06.000Z</time>
        <extensions>
          <ns3:TrackPointExtension>
            <ns3:hr>151</ns3:hr>
            <ns3:cad>92</ns3:cad>
          </ns3:TrackPointExtension>
        </extensions>
      </trkpt>
      <trkpt lat="30.75237167067825794219970703125" lon="108.4451214037835597991943359375">
        <ele>419.600006103515625</ele>
        <time>2026-04-30T12:07:07.000Z</time>
        <extensions>
          <ns3:TrackPointExtension>
            <ns3:hr>151</ns3:hr>
            <ns3:cad>92</ns3:cad>
          </ns3:TrackPointExtension>
        </extensions>
      </trkpt>
      <trkpt lat="30.7523511350154876708984375" lon="108.445127271115779876708984375">
        <ele>419.600006103515625</ele>
        <time>2026-04-30T12:07:08.000Z</time>
        <extensions>
          <ns3:TrackPointExtension>
            <ns3:hr>151</ns3:hr>
            <ns3:cad>92</ns3:cad>
          </ns3:TrackPointExtension>
        </extensions>
      </trkpt>
      <trkpt lat="30.7523171044886112213134765625" lon="108.4451281093060970306396484375">
        <ele>419.600006103515625</ele>
        <time>2026-04-30T12:07:09.000Z</time>
        <extensions>
          <ns3:TrackPointExtension>
            <ns3:hr>151</ns3:hr>
            <ns3:cad>92</ns3:cad>
          </ns3:TrackPointExtension>
        </extensions>
      </trkpt>
      <trkpt lat="30.75229422189295291900634765625" lon="108.4451371617615222930908203125">
        <ele>419.600006103515625</ele>
        <time>2026-04-30T12:07:10.000Z</time>
        <extensions>
          <ns3:TrackPointExtension>
            <ns3:hr>152</ns3:hr>
            <ns3:cad>92</ns3:cad>
          </ns3:TrackPointExtension>
        </extensions>
      </trkpt>
      <trkpt lat="30.75226102955639362335205078125" lon="108.44513724558055400848388671875">
        <ele>419.600006103515625</ele>
        <time>2026-04-30T12:07:11.000Z</time>
        <extensions>
          <ns3:TrackPointExtension>
            <ns3:hr>152</ns3:hr>
            <ns3:cad>92</ns3:cad>
          </ns3:TrackPointExtension>
        </extensions>
      </trkpt>
      <trkpt lat="30.75223839841783046722412109375" lon="108.4451468847692012786865234375">
        <ele>419.600006103515625</ele>
        <time>2026-04-30T12:07:12.000Z</time>
        <extensions>
          <ns3:TrackPointExtension>
            <ns3:hr>152</ns3:hr>
            <ns3:cad>92</ns3:cad>
          </ns3:TrackPointExtension>
        </extensions>
      </trkpt>
      <trkpt lat="30.75220772065222263336181640625" lon="108.44515350647270679473876953125">
        <ele>419.600006103515625</ele>
        <time>2026-04-30T12:07:13.000Z</time>
        <extensions>
          <ns3:TrackPointExtension>
            <ns3:hr>152</ns3:hr>
            <ns3:cad>93</ns3:cad>
          </ns3:TrackPointExtension>
        </extensions>
      </trkpt>
      <trkpt lat="30.75218508951365947723388671875" lon="108.445156775414943695068359375">
        <ele>419.600006103515625</ele>
        <time>2026-04-30T12:07:14.000Z</time>
        <extensions>
          <ns3:TrackPointExtension>
            <ns3:hr>153</ns3:hr>
            <ns3:cad>93</ns3:cad>
          </ns3:TrackPointExtension>
        </extensions>
      </trkpt>
      <trkpt lat="30.7521548308432102203369140625" lon="108.44515107572078704833984375">
        <ele>419.600006103515625</ele>
        <time>2026-04-30T12:07:15.000Z</time>
        <extensions>
          <ns3:TrackPointExtension>
            <ns3:hr>153</ns3:hr>
            <ns3:cad>93</ns3:cad>
          </ns3:TrackPointExtension>
        </extensions>
      </trkpt>
      <trkpt lat="30.752129517495632171630859375" lon="108.44515752978622913360595703125">
        <ele>419.600006103515625</ele>
        <time>2026-04-30T12:07:16.000Z</time>
        <extensions>
          <ns3:TrackPointExtension>
            <ns3:hr>153</ns3:hr>
            <ns3:cad>93</ns3:cad>
          </ns3:TrackPointExtension>
        </extensions>
      </trkpt>
      <trkpt lat="30.75209992937743663787841796875" lon="108.44514512456953525543212890625">
        <ele>419.600006103515625</ele>
        <time>2026-04-30T12:07:17.000Z</time>
        <extensions>
          <ns3:TrackPointExtension>
            <ns3:hr>153</ns3:hr>
            <ns3:cad>93</ns3:cad>
          </ns3:TrackPointExtension>
        </extensions>
      </trkpt>
      <trkpt lat="30.7520746998488903045654296875" lon="108.44514696858823299407958984375">
        <ele>419.600006103515625</ele>
        <time>2026-04-30T12:07:18.000Z</time>
        <extensions>
          <ns3:TrackPointExtension>
            <ns3:hr>154</ns3:hr>
            <ns3:cad>93</ns3:cad>
          </ns3:TrackPointExtension>
        </extensions>
      </trkpt>
      <trkpt lat="30.75204879976809024810791015625" lon="108.44514613039791584014892578125">
        <ele>419.600006103515625</ele>
        <time>2026-04-30T12:07:19.000Z</time>
        <extensions>
          <ns3:TrackPointExtension>
            <ns3:hr>154</ns3:hr>
            <ns3:cad>93</ns3:cad>
          </ns3:TrackPointExtension>
        </extensions>
      </trkpt>
      <trkpt lat="30.75202633626759052276611328125" lon="108.44516021199524402618408203125">
        <ele>419.79998779296875</ele>
        <time>2026-04-30T12:07:20.000Z</time>
        <extensions>
          <ns3:TrackPointExtension>
            <ns3:hr>154</ns3:hr>
            <ns3:cad>93</ns3:cad>
          </ns3:TrackPointExtension>
        </extensions>
      </trkpt>
      <trkpt lat="30.75200311839580535888671875" lon="108.445169515907764434814453125">
        <ele>419.79998779296875</ele>
        <time>2026-04-30T12:07:21.000Z</time>
        <extensions>
          <ns3:TrackPointExtension>
            <ns3:hr>154</ns3:hr>
            <ns3:cad>93</ns3:cad>
          </ns3:TrackPointExtension>
        </extensions>
      </trkpt>
      <trkpt lat="30.75197638012468814849853515625" lon="108.445174209773540496826171875">
        <ele>419.79998779296875</ele>
        <time>2026-04-30T12:07:22.000Z</time>
        <extensions>
          <ns3:TrackPointExtension>
            <ns3:hr>154</ns3:hr>
            <ns3:cad>93</ns3:cad>
          </ns3:TrackPointExtension>
        </extensions>
      </trkpt>
      <trkpt lat="30.75195240788161754608154296875" lon="108.4451730363070964813232421875">
        <ele>420</ele>
        <time>2026-04-30T12:07:23.000Z</time>
        <extensions>
          <ns3:TrackPointExtension>
            <ns3:hr>154</ns3:hr>
            <ns3:cad>93</ns3:cad>
          </ns3:TrackPointExtension>
        </extensions>
      </trkpt>
      <trkpt lat="30.75192240066826343536376953125" lon="108.44517647288739681243896484375">
        <ele>420</ele>
        <time>2026-04-30T12:07:24.000Z</time>
        <extensions>
          <ns3:TrackPointExtension>
            <ns3:hr>155</ns3:hr>
            <ns3:cad>93</ns3:cad>
          </ns3:TrackPointExtension>
        </extensions>
      </trkpt>
      <trkpt lat="30.7519010268151760101318359375" lon="108.44517479650676250457763671875">
        <ele>420</ele>
        <time>2026-04-30T12:07:25.000Z</time>
        <extensions>
          <ns3:TrackPointExtension>
            <ns3:hr>155</ns3:hr>
            <ns3:cad>92</ns3:cad>
          </ns3:TrackPointExtension>
        </extensions>
      </trkpt>
      <trkpt lat="30.7518698461353778839111328125" lon="108.44518267549574375152587890625">
        <ele>420</ele>
        <time>2026-04-30T12:07:26.000Z</time>
        <extensions>
          <ns3:TrackPointExtension>
            <ns3:hr>156</ns3:hr>
            <ns3:cad>92</ns3:cad>
          </ns3:TrackPointExtension>
        </extensions>
      </trkpt>
      <trkpt lat="30.75184511952102184295654296875" lon="108.4451904706656932830810546875">
        <ele>420</ele>
        <time>2026-04-30T12:07:27.000Z</time>
        <extensions>
          <ns3:TrackPointExtension>
            <ns3:hr>157</ns3:hr>
            <ns3:cad>93</ns3:cad>
          </ns3:TrackPointExtension>
        </extensions>
      </trkpt>
      <trkpt lat="30.7518172077834606170654296875" lon="108.44520832411944866180419921875">
        <ele>420</ele>
        <time>2026-04-30T12:07:28.000Z</time>
        <extensions>
          <ns3:TrackPointExtension>
            <ns3:hr>157</ns3:hr>
            <ns3:cad>93</ns3:cad>
          </ns3:TrackPointExtension>
        </extensions>
      </trkpt>
      <trkpt lat="30.7517960853874683380126953125" lon="108.44522542320191860198974609375">
        <ele>420.20001220703125</ele>
        <time>2026-04-30T12:07:29.000Z</time>
        <extensions>
          <ns3:TrackPointExtension>
            <ns3:hr>157</ns3:hr>
            <ns3:cad>92</ns3:cad>
          </ns3:TrackPointExtension>
        </extensions>
      </trkpt>
      <trkpt lat="30.75177152641117572784423828125" lon="108.44525023363530635833740234375">
        <ele>420.20001220703125</ele>
        <time>2026-04-30T12:07:30.000Z</time>
        <extensions>
          <ns3:TrackPointExtension>
            <ns3:hr>157</ns3:hr>
            <ns3:cad>92</ns3:cad>
          </ns3:TrackPointExtension>
        </extensions>
      </trkpt>
      <trkpt lat="30.751755349338054656982421875" lon="108.44527051784098148345947265625">
        <ele>420.20001220703125</ele>
        <time>2026-04-30T12:07:31.000Z</time>
        <extensions>
          <ns3:TrackPointExtension>
            <ns3:hr>157</ns3:hr>
            <ns3:cad>92</ns3:cad>
          </ns3:TrackPointExtension>
        </extensions>
      </trkpt>
      <trkpt lat="30.75173028744757175445556640625" lon="108.44529767520725727081298828125">
        <ele>420.399993896484375</ele>
        <time>2026-04-30T12:07:32.000Z</time>
        <extensions>
          <ns3:TrackPointExtension>
            <ns3:hr>157</ns3:hr>
            <ns3:cad>92</ns3:cad>
          </ns3:TrackPointExtension>
        </extensions>
      </trkpt>
      <trkpt lat="30.75171587057411670684814453125" lon="108.44531737267971038818359375">
        <ele>420.399993896484375</ele>
        <time>2026-04-30T12:07:33.000Z</time>
        <extensions>
          <ns3:TrackPointExtension>
            <ns3:hr>157</ns3:hr>
            <ns3:cad>92</ns3:cad>
          </ns3:TrackPointExtension>
        </extensions>
      </trkpt>
      <trkpt lat="30.7516891323029994964599609375" lon="108.44533924944698810577392578125">
        <ele>420.399993896484375</ele>
        <time>2026-04-30T12:07:34.000Z</time>
        <extensions>
          <ns3:TrackPointExtension>
            <ns3:hr>157</ns3:hr>
            <ns3:cad>92</ns3:cad>
          </ns3:TrackPointExtension>
        </extensions>
      </trkpt>
      <trkpt lat="30.7516763918101787567138671875" lon="108.44535986892879009246826171875">
        <ele>420.399993896484375</ele>
        <time>2026-04-30T12:07:35.000Z</time>
        <extensions>
          <ns3:TrackPointExtension>
            <ns3:hr>158</ns3:hr>
            <ns3:cad>92</ns3:cad>
          </ns3:TrackPointExtension>
        </extensions>
      </trkpt>
      <trkpt lat="30.7516545988619327545166015625" lon="108.445385433733463287353515625">
        <ele>420.399993896484375</ele>
        <time>2026-04-30T12:07:36.000Z</time>
        <extensions>
          <ns3:TrackPointExtension>
            <ns3:hr>158</ns3:hr>
            <ns3:cad>92</ns3:cad>
          </ns3:TrackPointExtension>
        </extensions>
      </trkpt>
      <trkpt lat="30.75164638459682464599609375" lon="108.4454107470810413360595703125">
        <ele>420.399993896484375</ele>
        <time>2026-04-30T12:07:37.000Z</time>
        <extensions>
          <ns3:TrackPointExtension>
            <ns3:hr>158</ns3:hr>
            <ns3:cad>92</ns3:cad>
          </ns3:TrackPointExtension>
        </extensions>
      </trkpt>
      <trkpt lat="30.75162953697144985198974609375" lon="108.44543983228504657745361328125">
        <ele>420.399993896484375</ele>
        <time>2026-04-30T12:07:38.000Z</time>
        <extensions>
          <ns3:TrackPointExtension>
            <ns3:hr>158</ns3:hr>
            <ns3:cad>92</ns3:cad>
          </ns3:TrackPointExtension>
        </extensions>
      </trkpt>
      <trkpt lat="30.7516230829060077667236328125" lon="108.445463217794895172119140625">
        <ele>420.399993896484375</ele>
        <time>2026-04-30T12:07:39.000Z</time>
        <extensions>
          <ns3:TrackPointExtension>
            <ns3:hr>158</ns3:hr>
            <ns3:cad>92</ns3:cad>
          </ns3:TrackPointExtension>
        </extensions>
      </trkpt>
      <trkpt lat="30.7516066543757915496826171875" lon="108.4454922191798686981201171875">
        <ele>420.399993896484375</ele>
        <time>2026-04-30T12:07:40.000Z</time>
        <extensions>
          <ns3:TrackPointExtension>
            <ns3:hr>158</ns3:hr>
            <ns3:cad>92</ns3:cad>
          </ns3:TrackPointExtension>
        </extensions>
      </trkpt>
      <trkpt lat="30.7515986077487468719482421875" lon="108.44552390277385711669921875">
        <ele>420.399993896484375</ele>
        <time>2026-04-30T12:07:41.000Z</time>
        <extensions>
          <ns3:TrackPointExtension>
            <ns3:hr>158</ns3:hr>
            <ns3:cad>92</ns3:cad>
          </ns3:TrackPointExtension>
        </extensions>
      </trkpt>
      <trkpt lat="30.7515902258455753326416015625" lon="108.44555466435849666595458984375">
        <ele>420.600006103515625</ele>
        <time>2026-04-30T12:07:42.000Z</time>
        <extensions>
          <ns3:TrackPointExtension>
            <ns3:hr>158</ns3:hr>
            <ns3:cad>92</ns3:cad>
          </ns3:TrackPointExtension>
        </extensions>
      </trkpt>
      <trkpt lat="30.7515851967036724090576171875" lon="108.445586264133453369140625">
        <ele>420.600006103515625</ele>
        <time>2026-04-30T12:07:43.000Z</time>
        <extensions>
          <ns3:TrackPointExtension>
            <ns3:hr>159</ns3:hr>
            <ns3:cad>90</ns3:cad>
          </ns3:TrackPointExtension>
        </extensions>
      </trkpt>
      <trkpt lat="30.7515801675617694854736328125" lon="108.44561803154647350311279296875">
        <ele>420.79998779296875</ele>
        <time>2026-04-30T12:07:44.000Z</time>
        <extensions>
          <ns3:TrackPointExtension>
            <ns3:hr>159</ns3:hr>
            <ns3:cad>90</ns3:cad>
          </ns3:TrackPointExtension>
        </extensions>
      </trkpt>
      <trkpt lat="30.75158209539949893951416015625" lon="108.4456487931311130523681640625">
        <ele>420.79998779296875</ele>
        <time>2026-04-30T12:07:45.000Z</time>
        <extensions>
          <ns3:TrackPointExtension>
            <ns3:hr>159</ns3:hr>
            <ns3:cad>93</ns3:cad>
          </ns3:TrackPointExtension>
        </extensions>
      </trkpt>
      <trkpt lat="30.75157664716243743896484375" lon="108.445674441754817962646484375">
        <ele>420.79998779296875</ele>
        <time>2026-04-30T12:07:46.000Z</time>
        <extensions>
          <ns3:TrackPointExtension>
            <ns3:hr>159</ns3:hr>
            <ns3:cad>93</ns3:cad>
          </ns3:TrackPointExtension>
        </extensions>
      </trkpt>
      <trkpt lat="30.7515808381140232086181640625" lon="108.4457078017294406890869140625">
        <ele>420.79998779296875</ele>
        <time>2026-04-30T12:07:47.000Z</time>
        <extensions>
          <ns3:TrackPointExtension>
            <ns3:hr>159</ns3:hr>
            <ns3:cad>93</ns3:cad>
          </ns3:TrackPointExtension>
        </extensions>
      </trkpt>
      <trkpt lat="30.7515835203230381011962890625" lon="108.4457351267337799072265625">
        <ele>420.79998779296875</ele>
        <time>2026-04-30T12:07:48.000Z</time>
        <extensions>
          <ns3:TrackPointExtension>
            <ns3:hr>159</ns3:hr>
            <ns3:cad>93</ns3:cad>
          </ns3:TrackPointExtension>
        </extensions>
      </trkpt>
      <trkpt lat="30.75159148313105106353759765625" lon="108.44576974399387836456298828125">
        <ele>420.79998779296875</ele>
        <time>2026-04-30T12:07:49.000Z</time>
        <extensions>
          <ns3:TrackPointExtension>
            <ns3:hr>159</ns3:hr>
            <ns3:cad>92</ns3:cad>
          </ns3:TrackPointExtension>
        </extensions>
      </trkpt>
      <trkpt lat="30.75159986503422260284423828125" lon="108.4457939676940441131591796875">
        <ele>420.79998779296875</ele>
        <time>2026-04-30T12:07:50.000Z</time>
        <extensions>
          <ns3:TrackPointExtension>
            <ns3:hr>159</ns3:hr>
            <ns3:cad>92</ns3:cad>
          </ns3:TrackPointExtension>
        </extensions>
      </trkpt>
      <trkpt lat="30.75161344371736049652099609375" lon="108.44583009369671344757080078125">
        <ele>420.79998779296875</ele>
        <time>2026-04-30T12:07:51.000Z</time>
        <extensions>
          <ns3:TrackPointExtension>
            <ns3:hr>160</ns3:hr>
            <ns3:cad>92</ns3:cad>
          </ns3:TrackPointExtension>
        </extensions>
      </trkpt>
      <trkpt lat="30.75162626802921295166015625" lon="108.44584937207400798797607421875">
        <ele>420.79998779296875</ele>
        <time>2026-04-30T12:07:52.000Z</time>
        <extensions>
          <ns3:TrackPointExtension>
            <ns3:hr>159</ns3:hr>
            <ns3:cad>92</ns3:cad>
          </ns3:TrackPointExtension>
        </extensions>
      </trkpt>
      <trkpt lat="30.75164026580750942230224609375" lon="108.44588306732475757598876953125">
        <ele>420.79998779296875</ele>
        <time>2026-04-30T12:07:53.000Z</time>
        <extensions>
          <ns3:TrackPointExtension>
            <ns3:hr>159</ns3:hr>
            <ns3:cad>92</ns3:cad>
          </ns3:TrackPointExtension>
        </extensions>
      </trkpt>
      <trkpt lat="30.75165434740483760833740234375" lon="108.44590184278786182403564453125">
        <ele>420.79998779296875</ele>
        <time>2026-04-30T12:07:54.000Z</time>
        <extensions>
          <ns3:TrackPointExtension>
            <ns3:hr>160</ns3:hr>
            <ns3:cad>92</ns3:cad>
          </ns3:TrackPointExtension>
        </extensions>
      </trkpt>
      <trkpt lat="30.75166943483054637908935546875" lon="108.44593503512442111968994140625">
        <ele>420.79998779296875</ele>
        <time>2026-04-30T12:07:55.000Z</time>
        <extensions>
          <ns3:TrackPointExtension>
            <ns3:hr>160</ns3:hr>
            <ns3:cad>92</ns3:cad>
          </ns3:TrackPointExtension>
        </extensions>
      </trkpt>
      <trkpt lat="30.7516824267804622650146484375" lon="108.44595330767333507537841796875">
        <ele>420.600006103515625</ele>
        <time>2026-04-30T12:07:56.000Z</time>
        <extensions>
          <ns3:TrackPointExtension>
            <ns3:hr>160</ns3:hr>
            <ns3:cad>92</ns3:cad>
          </ns3:TrackPointExtension>
        </extensions>
      </trkpt>
      <trkpt lat="30.7516993582248687744140625" lon="108.44598599709570407867431640625">
        <ele>420.600006103515625</ele>
        <time>2026-04-30T12:07:57.000Z</time>
        <extensions>
          <ns3:TrackPointExtension>
            <ns3:hr>159</ns3:hr>
            <ns3:cad>92</ns3:cad>
          </ns3:TrackPointExtension>
        </extensions>
      </trkpt>
      <trkpt lat="30.75172056443989276885986328125" lon="108.44599739648401737213134765625">
        <ele>420.600006103515625</ele>
        <time>2026-04-30T12:07:58.000Z</time>
        <extensions>
          <ns3:TrackPointExtension>
            <ns3:hr>160</ns3:hr>
            <ns3:cad>92</ns3:cad>
          </ns3:TrackPointExtension>
        </extensions>
      </trkpt>
      <trkpt lat="30.7517434470355510711669921875" lon="108.44602472148835659027099609375">
        <ele>420.600006103515625</ele>
        <time>2026-04-30T12:07:59.000Z</time>
        <extensions>
          <ns3:TrackPointExtension>
            <ns3:hr>160</ns3:hr>
            <ns3:cad>92</ns3:cad>
          </ns3:TrackPointExtension>
        </extensions>
      </trkpt>
      <trkpt lat="30.75176951475441455841064453125" lon="108.446039222180843353271484375">
        <ele>420.600006103515625</ele>
        <time>2026-04-30T12:08:00.000Z</time>
        <extensions>
          <ns3:TrackPointExtension>
            <ns3:hr>160</ns3:hr>
            <ns3:cad>92</ns3:cad>
          </ns3:TrackPointExtension>
        </extensions>
      </trkpt>
      <trkpt lat="30.75178829021751880645751953125" lon="108.44606260769069194793701171875">
        <ele>420.600006103515625</ele>
        <time>2026-04-30T12:08:01.000Z</time>
        <extensions>
          <ns3:TrackPointExtension>
            <ns3:hr>159</ns3:hr>
            <ns3:cad>92</ns3:cad>
          </ns3:TrackPointExtension>
        </extensions>
      </trkpt>
      <trkpt lat="30.75180907733738422393798828125" lon="108.44607752747833728790283203125">
        <ele>420.600006103515625</ele>
        <time>2026-04-30T12:08:02.000Z</time>
        <extensions>
          <ns3:TrackPointExtension>
            <ns3:hr>160</ns3:hr>
            <ns3:cad>92</ns3:cad>
          </ns3:TrackPointExtension>
        </extensions>
      </trkpt>
      <trkpt lat="30.7518279366195201873779296875" lon="108.44609814696013927459716796875">
        <ele>420.600006103515625</ele>
        <time>2026-04-30T12:08:03.000Z</time>
        <extensions>
          <ns3:TrackPointExtension>
            <ns3:hr>160</ns3:hr>
            <ns3:cad>92</ns3:cad>
          </ns3:TrackPointExtension>
        </extensions>
      </trkpt>
      <trkpt lat="30.75184880755841732025146484375" lon="108.44610988162457942962646484375">
        <ele>420.600006103515625</ele>
        <time>2026-04-30T12:08:04.000Z</time>
        <extensions>
          <ns3:TrackPointExtension>
            <ns3:hr>159</ns3:hr>
            <ns3:cad>92</ns3:cad>
          </ns3:TrackPointExtension>
        </extensions>
      </trkpt>
      <trkpt lat="30.751872025430202484130859375" lon="108.44612781889736652374267578125">
        <ele>420.600006103515625</ele>
        <time>2026-04-30T12:08:05.000Z</time>
        <extensions>
          <ns3:TrackPointExtension>
            <ns3:hr>159</ns3:hr>
            <ns3:cad>92</ns3:cad>
          </ns3:TrackPointExtension>
        </extensions>
      </trkpt>
      <trkpt lat="30.75189926661550998687744140625" lon="108.44614072702825069427490234375">
        <ele>420.600006103515625</ele>
        <time>2026-04-30T12:08:06.000Z</time>
        <extensions>
          <ns3:TrackPointExtension>
            <ns3:hr>159</ns3:hr>
            <ns3:cad>92</ns3:cad>
          </ns3:TrackPointExtension>
        </extensions>
      </trkpt>
      <trkpt lat="30.75192575342953205108642578125" lon="108.446155227720737457275390625">
        <ele>420.600006103515625</ele>
        <time>2026-04-30T12:08:07.000Z</time>
        <extensions>
          <ns3:TrackPointExtension>
            <ns3:hr>159</ns3:hr>
            <ns3:cad>90</ns3:cad>
          </ns3:TrackPointExtension>
        </extensions>
      </trkpt>
      <trkpt lat="30.75195542536675930023193359375" lon="108.44615824520587921142578125">
        <ele>420.600006103515625</ele>
        <time>2026-04-30T12:08:08.000Z</time>
        <extensions>
          <ns3:TrackPointExtension>
            <ns3:hr>159</ns3:hr>
            <ns3:cad>90</ns3:cad>
          </ns3:TrackPointExtension>
        </extensions>
      </trkpt>
      <trkpt lat="30.751978643238544464111328125" lon="108.44616386108100414276123046875">
        <ele>420.79998779296875</ele>
        <time>2026-04-30T12:08:09.000Z</time>
        <extensions>
          <ns3:TrackPointExtension>
            <ns3:hr>159</ns3:hr>
            <ns3:cad>90</ns3:cad>
          </ns3:TrackPointExtension>
        </extensions>
      </trkpt>
      <trkpt lat="30.75200823135673999786376953125" lon="108.446164615452289581298828125">
        <ele>420.79998779296875</ele>
        <time>2026-04-30T12:08:10.000Z</time>
        <extensions>
          <ns3:TrackPointExtension>
            <ns3:hr>158</ns3:hr>
            <ns3:cad>92</ns3:cad>
          </ns3:TrackPointExtension>
        </extensions>
      </trkpt>
      <trkpt lat="30.7520314492285251617431640625" lon="108.4461664594709873199462890625">
        <ele>420.79998779296875</ele>
        <time>2026-04-30T12:08:11.000Z</time>
        <extensions>
          <ns3:TrackPointExtension>
            <ns3:hr>158</ns3:hr>
            <ns3:cad>92</ns3:cad>
          </ns3:TrackPointExtension>
        </extensions>
      </trkpt>
      <trkpt lat="30.75206137262284755706787109375" lon="108.4461610950529575347900390625">
        <ele>420.79998779296875</ele>
        <time>2026-04-30T12:08:12.000Z</time>
        <extensions>
          <ns3:TrackPointExtension>
            <ns3:hr>157</ns3:hr>
            <ns3:cad>92</ns3:cad>
          </ns3:TrackPointExtension>
        </extensions>
      </trkpt>
      <trkpt lat="30.752084590494632720947265625" lon="108.4461604245007038116455078125">
        <ele>420.79998779296875</ele>
        <time>2026-04-30T12:08:13.000Z</time>
        <extensions>
          <ns3:TrackPointExtension>
            <ns3:hr>157</ns3:hr>
            <ns3:cad>92</ns3:cad>
          </ns3:TrackPointExtension>
        </extensions>
      </trkpt>
      <trkpt lat="30.7521152682602405548095703125" lon="108.44615816138684749603271484375">
        <ele>420.79998779296875</ele>
        <time>2026-04-30T12:08:14.000Z</time>
        <extensions>
          <ns3:TrackPointExtension>
            <ns3:hr>156</ns3:hr>
            <ns3:cad>92</ns3:cad>
          </ns3:TrackPointExtension>
        </extensions>
      </trkpt>
      <trkpt lat="30.7521370612084865570068359375" lon="108.44616084359586238861083984375">
        <ele>420.79998779296875</ele>
        <time>2026-04-30T12:08:15.000Z</time>
        <extensions>
          <ns3:TrackPointExtension>
            <ns3:hr>155</ns3:hr>
            <ns3:cad>92</ns3:cad>
          </ns3:TrackPointExtension>
        </extensions>
      </trkpt>
      <trkpt lat="30.752170085906982421875" lon="108.44615983776748180389404296875">
        <ele>420.79998779296875</ele>
        <time>2026-04-30T12:08:16.000Z</time>
        <extensions>
          <ns3:TrackPointExtension>
            <ns3:hr>154</ns3:hr>
            <ns3:cad>92</ns3:cad>
          </ns3:TrackPointExtension>
        </extensions>
      </trkpt>
      <trkpt lat="30.75219280086457729339599609375" lon="108.446154892444610595703125">
        <ele>420.79998779296875</ele>
        <time>2026-04-30T12:08:17.000Z</time>
        <extensions>
          <ns3:TrackPointExtension>
            <ns3:hr>154</ns3:hr>
            <ns3:cad>92</ns3:cad>
          </ns3:TrackPointExtension>
        </extensions>
      </trkpt>
      <trkpt lat="30.75222113169729709625244140625" lon="108.44615078531205654144287109375">
        <ele>420.79998779296875</ele>
        <time>2026-04-30T12:08:18.000Z</time>
        <extensions>
          <ns3:TrackPointExtension>
            <ns3:hr>153</ns3:hr>
            <ns3:cad>92</ns3:cad>
          </ns3:TrackPointExtension>
        </extensions>
      </trkpt>
      <trkpt lat="30.75224359519779682159423828125" lon="108.44614676199853420257568359375">
        <ele>420.79998779296875</ele>
        <time>2026-04-30T12:08:19.000Z</time>
        <extensions>
          <ns3:TrackPointExtension>
            <ns3:hr>153</ns3:hr>
            <ns3:cad>91</ns3:cad>
          </ns3:TrackPointExtension>
        </extensions>
      </trkpt>
      <trkpt lat="30.752273015677928924560546875" lon="108.446143828332424163818359375">
        <ele>420.79998779296875</ele>
        <time>2026-04-30T12:08:20.000Z</time>
        <extensions>
          <ns3:TrackPointExtension>
            <ns3:hr>153</ns3:hr>
            <ns3:cad>91</ns3:cad>
          </ns3:TrackPointExtension>
        </extensions>
      </trkpt>
      <trkpt lat="30.752293132245540618896484375" lon="108.44613469205796718597412109375">
        <ele>420.79998779296875</ele>
        <time>2026-04-30T12:08:21.000Z</time>
        <extensions>
          <ns3:TrackPointExtension>
            <ns3:hr>153</ns3:hr>
            <ns3:cad>91</ns3:cad>
          </ns3:TrackPointExtension>
        </extensions>
      </trkpt>
      <trkpt lat="30.75232070870697498321533203125" lon="108.446129076182842254638671875">
        <ele>420.79998779296875</ele>
        <time>2026-04-30T12:08:22.000Z</time>
        <extensions>
          <ns3:TrackPointExtension>
            <ns3:hr>152</ns3:hr>
            <ns3:cad>92</ns3:cad>
          </ns3:TrackPointExtension>
        </extensions>
      </trkpt>
      <trkpt lat="30.75234375894069671630859375" lon="108.44612547196447849273681640625">
        <ele>420.79998779296875</ele>
        <time>2026-04-30T12:08:23.000Z</time>
        <extensions>
          <ns3:TrackPointExtension>
            <ns3:hr>152</ns3:hr>
            <ns3:cad>92</ns3:cad>
          </ns3:TrackPointExtension>
        </extensions>
      </trkpt>
      <trkpt lat="30.75237452052533626556396484375" lon="108.44613452441990375518798828125">
        <ele>420.79998779296875</ele>
        <time>2026-04-30T12:08:24.000Z</time>
        <extensions>
          <ns3:TrackPointExtension>
            <ns3:hr>152</ns3:hr>
            <ns3:cad>92</ns3:cad>
          </ns3:TrackPointExtension>
        </extensions>
      </trkpt>
      <trkpt lat="30.752400420606136322021484375" lon="108.44613276422023773193359375">
        <ele>420.79998779296875</ele>
        <time>2026-04-30T12:08:25.000Z</time>
        <extensions>
          <ns3:TrackPointExtension>
            <ns3:hr>152</ns3:hr>
            <ns3:cad>92</ns3:cad>
          </ns3:TrackPointExtension>
        </extensions>
      </trkpt>
      <trkpt lat="30.75242984108626842498779296875" lon="108.44613754190504550933837890625">
        <ele>420.79998779296875</ele>
        <time>2026-04-30T12:08:26.000Z</time>
        <extensions>
          <ns3:TrackPointExtension>
            <ns3:hr>152</ns3:hr>
            <ns3:cad>92</ns3:cad>
          </ns3:TrackPointExtension>
        </extensions>
      </trkpt>
      <trkpt lat="30.75245180167257785797119140625" lon="108.446132428944110870361328125">
        <ele>420.79998779296875</ele>
        <time>2026-04-30T12:08:27.000Z</time>
        <extensions>
          <ns3:TrackPointExtension>
            <ns3:hr>151</ns3:hr>
            <ns3:cad>92</ns3:cad>
          </ns3:TrackPointExtension>
        </extensions>
      </trkpt>
      <trkpt lat="30.752476863563060760498046875" lon="108.44614039175212383270263671875">
        <ele>420.79998779296875</ele>
        <time>2026-04-30T12:08:28.000Z</time>
        <extensions>
          <ns3:TrackPointExtension>
            <ns3:hr>151</ns3:hr>
            <ns3:cad>92</ns3:cad>
          </ns3:TrackPointExtension>
        </extensions>
      </trkpt>
      <trkpt lat="30.752502344548702239990234375" lon="108.44613821245729923248291015625">
        <ele>420.79998779296875</ele>
        <time>2026-04-30T12:08:29.000Z</time>
        <extensions>
          <ns3:TrackPointExtension>
            <ns3:hr>150</ns3:hr>
            <ns3:cad>92</ns3:cad>
          </ns3:TrackPointExtension>
        </extensions>
      </trkpt>
      <trkpt lat="30.75252958573400974273681640625" lon="108.4461481869220733642578125">
        <ele>421</ele>
        <time>2026-04-30T12:08:30.000Z</time>
        <extensions>
          <ns3:TrackPointExtension>
            <ns3:hr>150</ns3:hr>
            <ns3:cad>92</ns3:cad>
          </ns3:TrackPointExtension>
        </extensions>
      </trkpt>
      <trkpt lat="30.75255473144352436065673828125" lon="108.44614726491272449493408203125">
        <ele>421</ele>
        <time>2026-04-30T12:08:31.000Z</time>
        <extensions>
          <ns3:TrackPointExtension>
            <ns3:hr>150</ns3:hr>
            <ns3:cad>92</ns3:cad>
          </ns3:TrackPointExtension>
        </extensions>
      </trkpt>
      <trkpt lat="30.7525843195617198944091796875" lon="108.44614944420754909515380859375">
        <ele>421</ele>
        <time>2026-04-30T12:08:32.000Z</time>
        <extensions>
          <ns3:TrackPointExtension>
            <ns3:hr>151</ns3:hr>
            <ns3:cad>92</ns3:cad>
          </ns3:TrackPointExtension>
        </extensions>
      </trkpt>
      <trkpt lat="30.7526131533086299896240234375" lon="108.4461520425975322723388671875">
        <ele>421.20001220703125</ele>
        <time>2026-04-30T12:08:33.000Z</time>
        <extensions>
          <ns3:TrackPointExtension>
            <ns3:hr>151</ns3:hr>
            <ns3:cad>92</ns3:cad>
          </ns3:TrackPointExtension>
        </extensions>
      </trkpt>
      <trkpt lat="30.75263754464685916900634765625" lon="108.44615497626364231109619140625">
        <ele>421.20001220703125</ele>
        <time>2026-04-30T12:08:34.000Z</time>
        <extensions>
          <ns3:TrackPointExtension>
            <ns3:hr>151</ns3:hr>
            <ns3:cad>92</ns3:cad>
          </ns3:TrackPointExtension>
        </extensions>
      </trkpt>
      <trkpt lat="30.75266486965119838714599609375" lon="108.446155227720737457275390625">
        <ele>421.20001220703125</ele>
        <time>2026-04-30T12:08:35.000Z</time>
        <extensions>
          <ns3:TrackPointExtension>
            <ns3:hr>152</ns3:hr>
            <ns3:cad>91</ns3:cad>
          </ns3:TrackPointExtension>
        </extensions>
      </trkpt>
      <trkpt lat="30.752685070037841796875" lon="108.44615153968334197998046875">
        <ele>421.399993896484375</ele>
        <time>2026-04-30T12:08:36.000Z</time>
        <extensions>
          <ns3:TrackPointExtension>
            <ns3:hr>152</ns3:hr>
            <ns3:cad>90</ns3:cad>
          </ns3:TrackPointExtension>
        </extensions>
      </trkpt>
      <trkpt lat="30.7527150772511959075927734375" lon="108.44615246169269084930419921875">
        <ele>421.399993896484375</ele>
        <time>2026-04-30T12:08:37.000Z</time>
        <extensions>
          <ns3:TrackPointExtension>
            <ns3:hr>152</ns3:hr>
            <ns3:cad>90</ns3:cad>
          </ns3:TrackPointExtension>
        </extensions>
      </trkpt>
      <trkpt lat="30.75273536145687103271484375" lon="108.446149863302707672119140625">
        <ele>421.399993896484375</ele>
        <time>2026-04-30T12:08:38.000Z</time>
        <extensions>
          <ns3:TrackPointExtension>
            <ns3:hr>153</ns3:hr>
            <ns3:cad>90</ns3:cad>
          </ns3:TrackPointExtension>
        </extensions>
      </trkpt>
      <trkpt lat="30.7527650333940982818603515625" lon="108.4461527131497859954833984375">
        <ele>421.20001220703125</ele>
        <time>2026-04-30T12:08:39.000Z</time>
        <extensions>
          <ns3:TrackPointExtension>
            <ns3:hr>153</ns3:hr>
            <ns3:cad>90</ns3:cad>
          </ns3:TrackPointExtension>
        </extensions>
      </trkpt>
      <trkpt lat="30.75278741307556629180908203125" lon="108.44614994712173938751220703125">
        <ele>421.20001220703125</ele>
        <time>2026-04-30T12:08:40.000Z</time>
        <extensions>
          <ns3:TrackPointExtension>
            <ns3:hr>153</ns3:hr>
            <ns3:cad>90</ns3:cad>
          </ns3:TrackPointExtension>
        </extensions>
      </trkpt>
      <trkpt lat="30.752818174660205841064453125" lon="108.44614994712173938751220703125">
        <ele>421.20001220703125</ele>
        <time>2026-04-30T12:08:41.000Z</time>
        <extensions>
          <ns3:TrackPointExtension>
            <ns3:hr>154</ns3:hr>
            <ns3:cad>90</ns3:cad>
          </ns3:TrackPointExtension>
        </extensions>
      </trkpt>
      <trkpt lat="30.7528397999703884124755859375" lon="108.44614542089402675628662109375">
        <ele>421.20001220703125</ele>
        <time>2026-04-30T12:08:42.000Z</time>
        <extensions>
          <ns3:TrackPointExtension>
            <ns3:hr>154</ns3:hr>
            <ns3:cad>90</ns3:cad>
          </ns3:TrackPointExtension>
        </extensions>
      </trkpt>
      <trkpt lat="30.75286938808858394622802734375" lon="108.446145169436931610107421875">
        <ele>421.20001220703125</ele>
        <time>2026-04-30T12:08:43.000Z</time>
        <extensions>
          <ns3:TrackPointExtension>
            <ns3:hr>155</ns3:hr>
            <ns3:cad>90</ns3:cad>
          </ns3:TrackPointExtension>
        </extensions>
      </trkpt>
      <trkpt lat="30.75289017520844936370849609375" lon="108.44614349305629730224609375">
        <ele>421.20001220703125</ele>
        <time>2026-04-30T12:08:44.000Z</time>
        <extensions>
          <ns3:TrackPointExtension>
            <ns3:hr>155</ns3:hr>
            <ns3:cad>90</ns3:cad>
          </ns3:TrackPointExtension>
        </extensions>
      </trkpt>
      <trkpt lat="30.75292085297405719757080078125" lon="108.44614424742758274078369140625">
        <ele>421.20001220703125</ele>
        <time>2026-04-30T12:08:45.000Z</time>
        <extensions>
          <ns3:TrackPointExtension>
            <ns3:hr>155</ns3:hr>
            <ns3:cad>90</ns3:cad>
          </ns3:TrackPointExtension>
        </extensions>
      </trkpt>
      <trkpt lat="30.7529447413980960845947265625" lon="108.4461433254182338714599609375">
        <ele>421.20001220703125</ele>
        <time>2026-04-30T12:08:46.000Z</time>
        <extensions>
          <ns3:TrackPointExtension>
            <ns3:hr>155</ns3:hr>
            <ns3:cad>90</ns3:cad>
          </ns3:TrackPointExtension>
        </extensions>
      </trkpt>
      <trkpt lat="30.7529772631824016571044921875" lon="108.44615019857883453369140625">
        <ele>421</ele>
        <time>2026-04-30T12:08:47.000Z</time>
        <extensions>
          <ns3:TrackPointExtension>
            <ns3:hr>155</ns3:hr>
            <ns3:cad>90</ns3:cad>
          </ns3:TrackPointExtension>
        </extensions>
      </trkpt>
      <trkpt lat="30.7529980503022670745849609375" lon="108.446144498884677886962890625">
        <ele>421</ele>
        <time>2026-04-30T12:08:48.000Z</time>
        <extensions>
          <ns3:TrackPointExtension>
            <ns3:hr>155</ns3:hr>
            <ns3:cad>90</ns3:cad>
          </ns3:TrackPointExtension>
        </extensions>
      </trkpt>
      <trkpt lat="30.7530302368104457855224609375" lon="108.44613812863826751708984375">
        <ele>421</ele>
        <time>2026-04-30T12:08:49.000Z</time>
        <extensions>
          <ns3:TrackPointExtension>
            <ns3:hr>155</ns3:hr>
            <ns3:cad>90</ns3:cad>
          </ns3:TrackPointExtension>
        </extensions>
      </trkpt>
      <trkpt lat="30.753047168254852294921875" lon="108.4461240470409393310546875">
        <ele>421</ele>
        <time>2026-04-30T12:08:50.000Z</time>
        <extensions>
          <ns3:TrackPointExtension>
            <ns3:hr>156</ns3:hr>
            <ns3:cad>90</ns3:cad>
          </ns3:TrackPointExtension>
        </extensions>
      </trkpt>
      <trkpt lat="30.75307457707822322845458984375" lon="108.44610686413943767547607421875">
        <ele>421</ele>
        <time>2026-04-30T12:08:51.000Z</time>
        <extensions>
          <ns3:TrackPointExtension>
            <ns3:hr>156</ns3:hr>
            <ns3:cad>91</ns3:cad>
          </ns3:TrackPointExtension>
        </extensions>
      </trkpt>
      <trkpt lat="30.75308580882847309112548828125" lon="108.44608641229569911956787109375">
        <ele>421</ele>
        <time>2026-04-30T12:08:52.000Z</time>
        <extensions>
          <ns3:TrackPointExtension>
            <ns3:hr>156</ns3:hr>
            <ns3:cad>92</ns3:cad>
          </ns3:TrackPointExtension>
        </extensions>
      </trkpt>
      <trkpt lat="30.753104500472545623779296875" lon="108.44605900347232818603515625">
        <ele>421</ele>
        <time>2026-04-30T12:08:53.000Z</time>
        <extensions>
          <ns3:TrackPointExtension>
            <ns3:hr>156</ns3:hr>
            <ns3:cad>92</ns3:cad>
          </ns3:TrackPointExtension>
        </extensions>
      </trkpt>
      <trkpt lat="30.75312034226953983306884765625" lon="108.446035869419574737548828125">
        <ele>421</ele>
        <time>2026-04-30T12:08:54.000Z</time>
        <extensions>
          <ns3:TrackPointExtension>
            <ns3:hr>156</ns3:hr>
            <ns3:cad>92</ns3:cad>
          </ns3:TrackPointExtension>
        </extensions>
      </trkpt>
      <trkpt lat="30.75314381159842014312744140625" lon="108.4460127353668212890625">
        <ele>421</ele>
        <time>2026-04-30T12:08:55.000Z</time>
        <extensions>
          <ns3:TrackPointExtension>
            <ns3:hr>157</ns3:hr>
            <ns3:cad>91</ns3:cad>
          </ns3:TrackPointExtension>
        </extensions>
      </trkpt>
      <trkpt lat="30.7531576417386531829833984375" lon="108.44598901458084583282470703125">
        <ele>421</ele>
        <time>2026-04-30T12:08:56.000Z</time>
        <extensions>
          <ns3:TrackPointExtension>
            <ns3:hr>157</ns3:hr>
            <ns3:cad>91</ns3:cad>
          </ns3:TrackPointExtension>
        </extensions>
      </trkpt>
      <trkpt lat="30.75317851267755031585693359375" lon="108.44596571289002895355224609375">
        <ele>421.20001220703125</ele>
        <time>2026-04-30T12:08:57.000Z</time>
        <extensions>
          <ns3:TrackPointExtension>
            <ns3:hr>157</ns3:hr>
            <ns3:cad>90</ns3:cad>
          </ns3:TrackPointExtension>
        </extensions>
      </trkpt>
      <trkpt lat="30.75318999588489532470703125" lon="108.445943333208560943603515625">
        <ele>421.20001220703125</ele>
        <time>2026-04-30T12:08:58.000Z</time>
        <extensions>
          <ns3:TrackPointExtension>
            <ns3:hr>157</ns3:hr>
            <ns3:cad>90</ns3:cad>
          </ns3:TrackPointExtension>
        </extensions>
      </trkpt>
      <trkpt lat="30.75321036390960216522216796875" lon="108.44592489302158355712890625">
        <ele>421.20001220703125</ele>
        <time>2026-04-30T12:08:59.000Z</time>
        <extensions>
          <ns3:TrackPointExtension>
            <ns3:hr>157</ns3:hr>
            <ns3:cad>90</ns3:cad>
          </ns3:TrackPointExtension>
        </extensions>
      </trkpt>
      <trkpt lat="30.753226540982723236083984375" lon="108.44589748419821262359619140625">
        <ele>421.20001220703125</ele>
        <time>2026-04-30T12:09:00.000Z</time>
        <extensions>
          <ns3:TrackPointExtension>
            <ns3:hr>157</ns3:hr>
            <ns3:cad>90</ns3:cad>
          </ns3:TrackPointExtension>
        </extensions>
      </trkpt>
      <trkpt lat="30.7532471604645252227783203125" lon="108.445873595774173736572265625">
        <ele>421.20001220703125</ele>
        <time>2026-04-30T12:09:01.000Z</time>
        <extensions>
          <ns3:TrackPointExtension>
            <ns3:hr>157</ns3:hr>
            <ns3:cad>92</ns3:cad>
          </ns3:TrackPointExtension>
        </extensions>
      </trkpt>
      <trkpt lat="30.75326082296669483184814453125" lon="108.44584668986499309539794921875">
        <ele>421.399993896484375</ele>
        <time>2026-04-30T12:09:02.000Z</time>
        <extensions>
          <ns3:TrackPointExtension>
            <ns3:hr>157</ns3:hr>
            <ns3:cad>92</ns3:cad>
          </ns3:TrackPointExtension>
        </extensions>
      </trkpt>
      <trkpt lat="30.75327289290726184844970703125" lon="108.4458201192319393157958984375">
        <ele>421.399993896484375</ele>
        <time>2026-04-30T12:09:03.000Z</time>
        <extensions>
          <ns3:TrackPointExtension>
            <ns3:hr>157</ns3:hr>
            <ns3:cad>92</ns3:cad>
          </ns3:TrackPointExtension>
        </extensions>
      </trkpt>
      <trkpt lat="30.753281526267528533935546875" lon="108.4457899443805217742919921875">
        <ele>421.399993896484375</ele>
        <time>2026-04-30T12:09:04.000Z</time>
        <extensions>
          <ns3:TrackPointExtension>
            <ns3:hr>157</ns3:hr>
            <ns3:cad>92</ns3:cad>
          </ns3:TrackPointExtension>
        </extensions>
      </trkpt>
      <trkpt lat="30.75328848324716091156005859375" lon="108.4457641281187534332275390625">
        <ele>421.399993896484375</ele>
        <time>2026-04-30T12:09:05.000Z</time>
        <extensions>
          <ns3:TrackPointExtension>
            <ns3:hr>157</ns3:hr>
            <ns3:cad>92</ns3:cad>
          </ns3:TrackPointExtension>
        </extensions>
      </trkpt>
      <trkpt lat="30.7532860524952411651611328125" lon="108.4457302652299404144287109375">
        <ele>421.399993896484375</ele>
        <time>2026-04-30T12:09:06.000Z</time>
        <extensions>
          <ns3:TrackPointExtension>
            <ns3:hr>156</ns3:hr>
            <ns3:cad>92</ns3:cad>
          </ns3:TrackPointExtension>
        </extensions>
      </trkpt>
      <trkpt lat="30.75327993370592594146728515625" lon="108.44570537097752094268798828125">
        <ele>421.600006103515625</ele>
        <time>2026-04-30T12:09:07.000Z</time>
        <extensions>
          <ns3:TrackPointExtension>
            <ns3:hr>155</ns3:hr>
            <ns3:cad>92</ns3:cad>
          </ns3:TrackPointExtension>
        </extensions>
      </trkpt>
      <trkpt lat="30.7532746531069278717041015625" lon="108.44567410647869110107421875">
        <ele>421.600006103515625</ele>
        <time>2026-04-30T12:09:08.000Z</time>
        <extensions>
          <ns3:TrackPointExtension>
            <ns3:hr>155</ns3:hr>
            <ns3:cad>92</ns3:cad>
          </ns3:TrackPointExtension>
        </extensions>
      </trkpt>
      <trkpt lat="30.753268115222454071044921875" lon="108.4456481225788593292236328125">
        <ele>421.600006103515625</ele>
        <time>2026-04-30T12:09:09.000Z</time>
        <extensions>
          <ns3:TrackPointExtension>
            <ns3:hr>154</ns3:hr>
            <ns3:cad>92</ns3:cad>
          </ns3:TrackPointExtension>
        </extensions>
      </trkpt>
      <trkpt lat="30.75326853431761264801025390625" lon="108.4456115774810314178466796875">
        <ele>421.600006103515625</ele>
        <time>2026-04-30T12:09:10.000Z</time>
        <extensions>
          <ns3:TrackPointExtension>
            <ns3:hr>154</ns3:hr>
            <ns3:cad>92</ns3:cad>
          </ns3:TrackPointExtension>
        </extensions>
      </trkpt>
      <trkpt lat="30.7532711327075958251953125" lon="108.44558685086667537689208984375">
        <ele>421.600006103515625</ele>
        <time>2026-04-30T12:09:11.000Z</time>
        <extensions>
          <ns3:TrackPointExtension>
            <ns3:hr>154</ns3:hr>
            <ns3:cad>92</ns3:cad>
          </ns3:TrackPointExtension>
        </extensions>
      </trkpt>
      <trkpt lat="30.75327825732529163360595703125" lon="108.4455488808453083038330078125">
        <ele>421.600006103515625</ele>
        <time>2026-04-30T12:09:12.000Z</time>
        <extensions>
          <ns3:TrackPointExtension>
            <ns3:hr>153</ns3:hr>
            <ns3:cad>92</ns3:cad>
          </ns3:TrackPointExtension>
        </extensions>
      </trkpt>
      <trkpt lat="30.7532803528010845184326171875" lon="108.445523567497730255126953125">
        <ele>421.600006103515625</ele>
        <time>2026-04-30T12:09:13.000Z</time>
        <extensions>
          <ns3:TrackPointExtension>
            <ns3:hr>153</ns3:hr>
            <ns3:cad>92</ns3:cad>
          </ns3:TrackPointExtension>
        </extensions>
      </trkpt>
      <trkpt lat="30.7532770000398159027099609375" lon="108.44548727385699748992919921875">
        <ele>421.79998779296875</ele>
        <time>2026-04-30T12:09:14.000Z</time>
        <extensions>
          <ns3:TrackPointExtension>
            <ns3:hr>153</ns3:hr>
            <ns3:cad>92</ns3:cad>
          </ns3:TrackPointExtension>
        </extensions>
      </trkpt>
      <trkpt lat="30.75327088125050067901611328125" lon="108.44545927830040454864501953125">
        <ele>421.79998779296875</ele>
        <time>2026-04-30T12:09:15.000Z</time>
        <extensions>
          <ns3:TrackPointExtension>
            <ns3:hr>153</ns3:hr>
            <ns3:cad>92</ns3:cad>
          </ns3:TrackPointExtension>
        </extensions>
      </trkpt>
      <trkpt lat="30.75326551683247089385986328125" lon="108.44542658887803554534912109375">
        <ele>421.79998779296875</ele>
        <time>2026-04-30T12:09:16.000Z</time>
        <extensions>
          <ns3:TrackPointExtension>
            <ns3:hr>153</ns3:hr>
            <ns3:cad>92</ns3:cad>
          </ns3:TrackPointExtension>
        </extensions>
      </trkpt>
      <trkpt lat="30.75325436890125274658203125" lon="108.4453993476927280426025390625">
        <ele>421.79998779296875</ele>
        <time>2026-04-30T12:09:17.000Z</time>
        <extensions>
          <ns3:TrackPointExtension>
            <ns3:hr>153</ns3:hr>
            <ns3:cad>92</ns3:cad>
          </ns3:TrackPointExtension>
        </extensions>
      </trkpt>
      <trkpt lat="30.75324095785617828369140625" lon="108.44536431133747100830078125">
        <ele>421.79998779296875</ele>
        <time>2026-04-30T12:09:18.000Z</time>
        <extensions>
          <ns3:TrackPointExtension>
            <ns3:hr>154</ns3:hr>
            <ns3:cad>92</ns3:cad>
          </ns3:TrackPointExtension>
        </extensions>
      </trkpt>
      <trkpt lat="30.75323165394365787506103515625" lon="108.4453413449227809906005859375">
        <ele>421.79998779296875</ele>
        <time>2026-04-30T12:09:19.000Z</time>
        <extensions>
          <ns3:TrackPointExtension>
            <ns3:hr>154</ns3:hr>
            <ns3:cad>90</ns3:cad>
          </ns3:TrackPointExtension>
        </extensions>
      </trkpt>
      <trkpt lat="30.7532189972698688507080078125" lon="108.44530572183430194854736328125">
        <ele>421.79998779296875</ele>
        <time>2026-04-30T12:09:20.000Z</time>
        <extensions>
          <ns3:TrackPointExtension>
            <ns3:hr>154</ns3:hr>
            <ns3:cad>90</ns3:cad>
          </ns3:TrackPointExtension>
        </extensions>
      </trkpt>
      <trkpt lat="30.7532052509486675262451171875" lon="108.4452850185334682464599609375">
        <ele>422</ele>
        <time>2026-04-30T12:09:21.000Z</time>
        <extensions>
          <ns3:TrackPointExtension>
            <ns3:hr>155</ns3:hr>
            <ns3:cad>90</ns3:cad>
          </ns3:TrackPointExtension>
        </extensions>
      </trkpt>
      <trkpt lat="30.7531884871423244476318359375" lon="108.44525702297687530517578125">
        <ele>422</ele>
        <time>2026-04-30T12:09:22.000Z</time>
        <extensions>
          <ns3:TrackPointExtension>
            <ns3:hr>155</ns3:hr>
            <ns3:cad>90</ns3:cad>
          </ns3:TrackPointExtension>
        </extensions>
      </trkpt>
      <trkpt lat="30.7531747408211231231689453125" lon="108.445239253342151641845703125">
        <ele>422</ele>
        <time>2026-04-30T12:09:23.000Z</time>
        <extensions>
          <ns3:TrackPointExtension>
            <ns3:hr>156</ns3:hr>
            <ns3:cad>90</ns3:cad>
          </ns3:TrackPointExtension>
        </extensions>
      </trkpt>
      <trkpt lat="30.7531623356044292449951171875" lon="108.44520849175751209259033203125">
        <ele>422</ele>
        <time>2026-04-30T12:09:24.000Z</time>
        <extensions>
          <ns3:TrackPointExtension>
            <ns3:hr>155</ns3:hr>
            <ns3:cad>90</ns3:cad>
          </ns3:TrackPointExtension>
        </extensions>
      </trkpt>
      <trkpt lat="30.7531472481787204742431640625" lon="108.4451851062476634979248046875">
        <ele>422</ele>
        <time>2026-04-30T12:09:25.000Z</time>
        <extensions>
          <ns3:TrackPointExtension>
            <ns3:hr>156</ns3:hr>
            <ns3:cad>90</ns3:cad>
          </ns3:TrackPointExtension>
        </extensions>
      </trkpt>
      <trkpt lat="30.7531304843723773956298828125" lon="108.4451522491872310638427734375">
        <ele>422</ele>
        <time>2026-04-30T12:09:26.000Z</time>
        <extensions>
          <ns3:TrackPointExtension>
            <ns3:hr>156</ns3:hr>
            <ns3:cad>90</ns3:cad>
          </ns3:TrackPointExtension>
        </extensions>
      </trkpt>
      <trkpt lat="30.75310952961444854736328125" lon="108.44513238407671451568603515625">
        <ele>422</ele>
        <time>2026-04-30T12:09:27.000Z</time>
        <extensions>
          <ns3:TrackPointExtension>
            <ns3:hr>156</ns3:hr>
            <ns3:cad>90</ns3:cad>
          </ns3:TrackPointExtension>
        </extensions>
      </trkpt>
      <trkpt lat="30.75308446772396564483642578125" lon="108.44511059112846851348876953125">
        <ele>422</ele>
        <time>2026-04-30T12:09:28.000Z</time>
        <extensions>
          <ns3:TrackPointExtension>
            <ns3:hr>155</ns3:hr>
            <ns3:cad>90</ns3:cad>
          </ns3:TrackPointExtension>
        </extensions>
      </trkpt>
      <trkpt lat="30.753062255680561065673828125" lon="108.44510908238589763641357421875">
        <ele>422</ele>
        <time>2026-04-30T12:09:29.000Z</time>
        <extensions>
          <ns3:TrackPointExtension>
            <ns3:hr>156</ns3:hr>
            <ns3:cad>90</ns3:cad>
          </ns3:TrackPointExtension>
        </extensions>
      </trkpt>
      <trkpt lat="30.75303182937204837799072265625" lon="108.44510589726269245147705078125">
        <ele>422</ele>
        <time>2026-04-30T12:09:30.000Z</time>
        <extensions>
          <ns3:TrackPointExtension>
            <ns3:hr>156</ns3:hr>
            <ns3:cad>90</ns3:cad>
          </ns3:TrackPointExtension>
        </extensions>
      </trkpt>
      <trkpt lat="30.7530101202428340911865234375" lon="108.44511260278522968292236328125">
        <ele>422</ele>
        <time>2026-04-30T12:09:31.000Z</time>
        <extensions>
          <ns3:TrackPointExtension>
            <ns3:hr>156</ns3:hr>
            <ns3:cad>90</ns3:cad>
          </ns3:TrackPointExtension>
        </extensions>
      </trkpt>
      <trkpt lat="30.75298212468624114990234375" lon="108.4451073221862316131591796875">
        <ele>422.20001220703125</ele>
        <time>2026-04-30T12:09:32.000Z</time>
        <extensions>
          <ns3:TrackPointExtension>
            <ns3:hr>157</ns3:hr>
            <ns3:cad>90</ns3:cad>
          </ns3:TrackPointExtension>
        </extensions>
      </trkpt>
      <trkpt lat="30.75295555405318737030029296875" lon="108.4451076574623584747314453125">
        <ele>422.20001220703125</ele>
        <time>2026-04-30T12:09:33.000Z</time>
        <extensions>
          <ns3:TrackPointExtension>
            <ns3:hr>157</ns3:hr>
            <ns3:cad>91</ns3:cad>
          </ns3:TrackPointExtension>
        </extensions>
      </trkpt>
      <trkpt lat="30.752929486334323883056640625" lon="108.44510656781494617462158203125">
        <ele>422.20001220703125</ele>
        <time>2026-04-30T12:09:34.000Z</time>
        <extensions>
          <ns3:TrackPointExtension>
            <ns3:hr>157</ns3:hr>
            <ns3:cad>92</ns3:cad>
          </ns3:TrackPointExtension>
        </extensions>
      </trkpt>
      <trkpt lat="30.75290174223482608795166015625" lon="108.4451106749475002288818359375">
        <ele>422.20001220703125</ele>
        <time>2026-04-30T12:09:35.000Z</time>
        <extensions>
          <ns3:TrackPointExtension>
            <ns3:hr>157</ns3:hr>
            <ns3:cad>92</ns3:cad>
          </ns3:TrackPointExtension>
        </extensions>
      </trkpt>
      <trkpt lat="30.75287810526788234710693359375" lon="108.44511025585234165191650390625">
        <ele>422.20001220703125</ele>
        <time>2026-04-30T12:09:36.000Z</time>
        <extensions>
          <ns3:TrackPointExtension>
            <ns3:hr>158</ns3:hr>
            <ns3:cad>92</ns3:cad>
          </ns3:TrackPointExtension>
        </extensions>
      </trkpt>
      <trkpt lat="30.7528485171496868133544921875" lon="108.44511310569941997528076171875">
        <ele>422.399993896484375</ele>
        <time>2026-04-30T12:09:37.000Z</time>
        <extensions>
          <ns3:TrackPointExtension>
            <ns3:hr>158</ns3:hr>
            <ns3:cad>92</ns3:cad>
          </ns3:TrackPointExtension>
        </extensions>
      </trkpt>
      <trkpt lat="30.7528237067162990570068359375" lon="108.445113189518451690673828125">
        <ele>422.399993896484375</ele>
        <time>2026-04-30T12:09:38.000Z</time>
        <extensions>
          <ns3:TrackPointExtension>
            <ns3:hr>158</ns3:hr>
            <ns3:cad>92</ns3:cad>
          </ns3:TrackPointExtension>
        </extensions>
      </trkpt>
      <trkpt lat="30.752794705331325531005859375" lon="108.4451183862984180450439453125">
        <ele>422.399993896484375</ele>
        <time>2026-04-30T12:09:39.000Z</time>
        <extensions>
          <ns3:TrackPointExtension>
            <ns3:hr>158</ns3:hr>
            <ns3:cad>92</ns3:cad>
          </ns3:TrackPointExtension>
        </extensions>
      </trkpt>
      <trkpt lat="30.75276914052665233612060546875" lon="108.44511754810810089111328125">
        <ele>422.399993896484375</ele>
        <time>2026-04-30T12:09:40.000Z</time>
        <extensions>
          <ns3:TrackPointExtension>
            <ns3:hr>158</ns3:hr>
            <ns3:cad>92</ns3:cad>
          </ns3:TrackPointExtension>
        </extensions>
      </trkpt>
      <trkpt lat="30.75274047441780567169189453125" lon="108.44512182287871837615966796875">
        <ele>422.399993896484375</ele>
        <time>2026-04-30T12:09:41.000Z</time>
        <extensions>
          <ns3:TrackPointExtension>
            <ns3:hr>158</ns3:hr>
            <ns3:cad>91</ns3:cad>
          </ns3:TrackPointExtension>
        </extensions>
      </trkpt>
      <trkpt lat="30.7527147419750690460205078125" lon="108.44512668438255786895751953125">
        <ele>422.399993896484375</ele>
        <time>2026-04-30T12:09:42.000Z</time>
        <extensions>
          <ns3:TrackPointExtension>
            <ns3:hr>158</ns3:hr>
            <ns3:cad>91</ns3:cad>
          </ns3:TrackPointExtension>
        </extensions>
      </trkpt>
      <trkpt lat="30.7526845671236515045166015625" lon="108.44512970186769962310791015625">
        <ele>422.399993896484375</ele>
        <time>2026-04-30T12:09:43.000Z</time>
        <extensions>
          <ns3:TrackPointExtension>
            <ns3:hr>158</ns3:hr>
            <ns3:cad>90</ns3:cad>
          </ns3:TrackPointExtension>
        </extensions>
      </trkpt>
      <trkpt lat="30.75266302563250064849853515625" lon="108.445126600563526153564453125">
        <ele>422.399993896484375</ele>
        <time>2026-04-30T12:09:44.000Z</time>
        <extensions>
          <ns3:TrackPointExtension>
            <ns3:hr>158</ns3:hr>
            <ns3:cad>90</ns3:cad>
          </ns3:TrackPointExtension>
        </extensions>
      </trkpt>
      <trkpt lat="30.752632431685924530029296875" lon="108.4451250918209552764892578125">
        <ele>422.399993896484375</ele>
        <time>2026-04-30T12:09:45.000Z</time>
        <extensions>
          <ns3:TrackPointExtension>
            <ns3:hr>158</ns3:hr>
            <ns3:cad>91</ns3:cad>
          </ns3:TrackPointExtension>
        </extensions>
      </trkpt>
      <trkpt lat="30.752608962357044219970703125" lon="108.44512752257287502288818359375">
        <ele>422.399993896484375</ele>
        <time>2026-04-30T12:09:46.000Z</time>
        <extensions>
          <ns3:TrackPointExtension>
            <ns3:hr>159</ns3:hr>
            <ns3:cad>91</ns3:cad>
          </ns3:TrackPointExtension>
        </extensions>
      </trkpt>
      <trkpt lat="30.7525762729346752166748046875" lon="108.4451311267912387847900390625">
        <ele>422.399993896484375</ele>
        <time>2026-04-30T12:09:47.000Z</time>
        <extensions>
          <ns3:TrackPointExtension>
            <ns3:hr>159</ns3:hr>
            <ns3:cad>92</ns3:cad>
          </ns3:TrackPointExtension>
        </extensions>
      </trkpt>
      <trkpt lat="30.7525551505386829376220703125" lon="108.44513942487537860870361328125">
        <ele>422.600006103515625</ele>
        <time>2026-04-30T12:09:48.000Z</time>
        <extensions>
          <ns3:TrackPointExtension>
            <ns3:hr>160</ns3:hr>
            <ns3:cad>92</ns3:cad>
          </ns3:TrackPointExtension>
        </extensions>
      </trkpt>
      <trkpt lat="30.7525239698588848114013671875" lon="108.44514093361794948577880859375">
        <ele>422.600006103515625</ele>
        <time>2026-04-30T12:09:49.000Z</time>
        <extensions>
          <ns3:TrackPointExtension>
            <ns3:hr>160</ns3:hr>
            <ns3:cad>92</ns3:cad>
          </ns3:TrackPointExtension>
        </extensions>
      </trkpt>
      <trkpt lat="30.75250494293868541717529296875" lon="108.44514965079724788665771484375">
        <ele>422.600006103515625</ele>
        <time>2026-04-30T12:09:50.000Z</time>
        <extensions>
          <ns3:TrackPointExtension>
            <ns3:hr>160</ns3:hr>
            <ns3:cad>92</ns3:cad>
          </ns3:TrackPointExtension>
        </extensions>
      </trkpt>
      <trkpt lat="30.75247309170663356781005859375" lon="108.44515317119657993316650390625">
        <ele>422.600006103515625</ele>
        <time>2026-04-30T12:09:51.000Z</time>
        <extensions>
          <ns3:TrackPointExtension>
            <ns3:hr>160</ns3:hr>
            <ns3:cad>93</ns3:cad>
          </ns3:TrackPointExtension>
        </extensions>
      </trkpt>
      <trkpt lat="30.7524542324244976043701171875" lon="108.445162810385227203369140625">
        <ele>422.600006103515625</ele>
        <time>2026-04-30T12:09:52.000Z</time>
        <extensions>
          <ns3:TrackPointExtension>
            <ns3:hr>160</ns3:hr>
            <ns3:cad>93</ns3:cad>
          </ns3:TrackPointExtension>
        </extensions>
      </trkpt>
      <trkpt lat="30.75242481194436550140380859375" lon="108.4451599605381488800048828125">
        <ele>422.600006103515625</ele>
        <time>2026-04-30T12:09:53.000Z</time>
        <extensions>
          <ns3:TrackPointExtension>
            <ns3:hr>159</ns3:hr>
            <ns3:cad>93</ns3:cad>
          </ns3:TrackPointExtension>
        </extensions>
      </trkpt>
      <trkpt lat="30.75240234844386577606201171875" lon="108.44516339711844921112060546875">
        <ele>422.600006103515625</ele>
        <time>2026-04-30T12:09:54.000Z</time>
        <extensions>
          <ns3:TrackPointExtension>
            <ns3:hr>159</ns3:hr>
            <ns3:cad>92</ns3:cad>
          </ns3:TrackPointExtension>
        </extensions>
      </trkpt>
      <trkpt lat="30.75236923992633819580078125" lon="108.445154763758182525634765625">
        <ele>422.600006103515625</ele>
        <time>2026-04-30T12:09:55.000Z</time>
        <extensions>
          <ns3:TrackPointExtension>
            <ns3:hr>159</ns3:hr>
            <ns3:cad>92</ns3:cad>
          </ns3:TrackPointExtension>
        </extensions>
      </trkpt>
      <trkpt lat="30.752342753112316131591796875" lon="108.4451566077768802642822265625">
        <ele>422.600006103515625</ele>
        <time>2026-04-30T12:09:56.000Z</time>
        <extensions>
          <ns3:TrackPointExtension>
            <ns3:hr>159</ns3:hr>
            <ns3:cad>92</ns3:cad>
          </ns3:TrackPointExtension>
        </extensions>
      </trkpt>
      <trkpt lat="30.75231417082250118255615234375" lon="108.44515317119657993316650390625">
        <ele>422.600006103515625</ele>
        <time>2026-04-30T12:09:57.000Z</time>
        <extensions>
          <ns3:TrackPointExtension>
            <ns3:hr>159</ns3:hr>
            <ns3:cad>92</ns3:cad>
          </ns3:TrackPointExtension>
        </extensions>
      </trkpt>
      <trkpt lat="30.75228609144687652587890625" lon="108.4451549313962459564208984375">
        <ele>422.600006103515625</ele>
        <time>2026-04-30T12:09:58.000Z</time>
        <extensions>
          <ns3:TrackPointExtension>
            <ns3:hr>160</ns3:hr>
            <ns3:cad>92</ns3:cad>
          </ns3:TrackPointExtension>
        </extensions>
      </trkpt>
      <trkpt lat="30.7522572576999664306640625" lon="108.44514227472245693206787109375">
        <ele>422.600006103515625</ele>
        <time>2026-04-30T12:09:59.000Z</time>
        <extensions>
          <ns3:TrackPointExtension>
            <ns3:hr>159</ns3:hr>
            <ns3:cad>92</ns3:cad>
          </ns3:TrackPointExtension>
        </extensions>
      </trkpt>
      <trkpt lat="30.75223118998110294342041015625" lon="108.4451425261795520782470703125">
        <ele>422.600006103515625</ele>
        <time>2026-04-30T12:10:00.000Z</time>
        <extensions>
          <ns3:TrackPointExtension>
            <ns3:hr>159</ns3:hr>
            <ns3:cad>92</ns3:cad>
          </ns3:TrackPointExtension>
        </extensions>
      </trkpt>
      <trkpt lat="30.752208642661571502685546875" lon="108.44513774849474430084228515625">
        <ele>422.600006103515625</ele>
        <time>2026-04-30T12:10:01.000Z</time>
        <extensions>
          <ns3:TrackPointExtension>
            <ns3:hr>159</ns3:hr>
            <ns3:cad>92</ns3:cad>
          </ns3:TrackPointExtension>
        </extensions>
      </trkpt>
      <trkpt lat="30.75217721052467823028564453125" lon="108.4451391734182834625244140625">
        <ele>422.600006103515625</ele>
        <time>2026-04-30T12:10:02.000Z</time>
        <extensions>
          <ns3:TrackPointExtension>
            <ns3:hr>159</ns3:hr>
            <ns3:cad>92</ns3:cad>
          </ns3:TrackPointExtension>
        </extensions>
      </trkpt>
      <trkpt lat="30.75215390883386135101318359375" lon="108.44513758085668087005615234375">
        <ele>422.600006103515625</ele>
        <time>2026-04-30T12:10:03.000Z</time>
        <extensions>
          <ns3:TrackPointExtension>
            <ns3:hr>159</ns3:hr>
            <ns3:cad>93</ns3:cad>
          </ns3:TrackPointExtension>
        </extensions>
      </trkpt>
      <trkpt lat="30.75212155468761920928955078125" lon="108.4451369941234588623046875">
        <ele>422.399993896484375</ele>
        <time>2026-04-30T12:10:04.000Z</time>
        <extensions>
          <ns3:TrackPointExtension>
            <ns3:hr>159</ns3:hr>
            <ns3:cad>93</ns3:cad>
          </ns3:TrackPointExtension>
        </extensions>
      </trkpt>
      <trkpt lat="30.75209892354905605316162109375" lon="108.44514076597988605499267578125">
        <ele>422.399993896484375</ele>
        <time>2026-04-30T12:10:05.000Z</time>
        <extensions>
          <ns3:TrackPointExtension>
            <ns3:hr>160</ns3:hr>
            <ns3:cad>93</ns3:cad>
          </ns3:TrackPointExtension>
        </extensions>
      </trkpt>
      <trkpt lat="30.7520669884979724884033203125" lon="108.44514613039791584014892578125">
        <ele>422.399993896484375</ele>
        <time>2026-04-30T12:10:06.000Z</time>
        <extensions>
          <ns3:TrackPointExtension>
            <ns3:hr>159</ns3:hr>
            <ns3:cad>93</ns3:cad>
          </ns3:TrackPointExtension>
        </extensions>
      </trkpt>
      <trkpt lat="30.75204444117844104766845703125" lon="108.44514981843531131744384765625">
        <ele>422.399993896484375</ele>
        <time>2026-04-30T12:10:07.000Z</time>
        <extensions>
          <ns3:TrackPointExtension>
            <ns3:hr>159</ns3:hr>
            <ns3:cad>93</ns3:cad>
          </ns3:TrackPointExtension>
        </extensions>
      </trkpt>
      <trkpt lat="30.75201091356575489044189453125" lon="108.44514948315918445587158203125">
        <ele>422.399993896484375</ele>
        <time>2026-04-30T12:10:08.000Z</time>
        <extensions>
          <ns3:TrackPointExtension>
            <ns3:hr>160</ns3:hr>
            <ns3:cad>93</ns3:cad>
          </ns3:TrackPointExtension>
        </extensions>
      </trkpt>
      <trkpt lat="30.75198845006525516510009765625" lon="108.44514847733080387115478515625">
        <ele>422.600006103515625</ele>
        <time>2026-04-30T12:10:09.000Z</time>
        <extensions>
          <ns3:TrackPointExtension>
            <ns3:hr>159</ns3:hr>
            <ns3:cad>92</ns3:cad>
          </ns3:TrackPointExtension>
        </extensions>
      </trkpt>
      <trkpt lat="30.751955509185791015625" lon="108.4451401792466640472412109375">
        <ele>422.399993896484375</ele>
        <time>2026-04-30T12:10:10.000Z</time>
        <extensions>
          <ns3:TrackPointExtension>
            <ns3:hr>159</ns3:hr>
            <ns3:cad>92</ns3:cad>
          </ns3:TrackPointExtension>
        </extensions>
      </trkpt>
      <trkpt lat="30.7519332133233547210693359375" lon="108.4451411850750446319580078125">
        <ele>422.600006103515625</ele>
        <time>2026-04-30T12:10:11.000Z</time>
        <extensions>
          <ns3:TrackPointExtension>
            <ns3:hr>160</ns3:hr>
            <ns3:cad>92</ns3:cad>
          </ns3:TrackPointExtension>
        </extensions>
      </trkpt>
      <trkpt lat="30.75190127827227115631103515625" lon="108.44513908959925174713134765625">
        <ele>422.600006103515625</ele>
        <time>2026-04-30T12:10:12.000Z</time>
        <extensions>
          <ns3:TrackPointExtension>
            <ns3:hr>160</ns3:hr>
            <ns3:cad>92</ns3:cad>
          </ns3:TrackPointExtension>
        </extensions>
      </trkpt>
      <trkpt lat="30.75188334099948406219482421875" lon="108.445149399340152740478515625">
        <ele>422.600006103515625</ele>
        <time>2026-04-30T12:10:13.000Z</time>
        <extensions>
          <ns3:TrackPointExtension>
            <ns3:hr>160</ns3:hr>
            <ns3:cad>92</ns3:cad>
          </ns3:TrackPointExtension>
        </extensions>
      </trkpt>
      <trkpt lat="30.7518534176051616668701171875" lon="108.44516322948038578033447265625">
        <ele>422.600006103515625</ele>
        <time>2026-04-30T12:10:14.000Z</time>
        <extensions>
          <ns3:TrackPointExtension>
            <ns3:hr>159</ns3:hr>
            <ns3:cad>92</ns3:cad>
          </ns3:TrackPointExtension>
        </extensions>
      </trkpt>
      <trkpt lat="30.7518356479704380035400390625" lon="108.44518234021961688995361328125">
        <ele>422.600006103515625</ele>
        <time>2026-04-30T12:10:15.000Z</time>
        <extensions>
          <ns3:TrackPointExtension>
            <ns3:hr>160</ns3:hr>
            <ns3:cad>92</ns3:cad>
          </ns3:TrackPointExtension>
        </extensions>
      </trkpt>
      <trkpt lat="30.751806311309337615966796875" lon="108.4451933205127716064453125">
        <ele>422.600006103515625</ele>
        <time>2026-04-30T12:10:16.000Z</time>
        <extensions>
          <ns3:TrackPointExtension>
            <ns3:hr>160</ns3:hr>
            <ns3:cad>92</ns3:cad>
          </ns3:TrackPointExtension>
        </extensions>
      </trkpt>
      <trkpt lat="30.75178854167461395263671875" lon="108.445209749042987823486328125">
        <ele>422.600006103515625</ele>
        <time>2026-04-30T12:10:17.000Z</time>
        <extensions>
          <ns3:TrackPointExtension>
            <ns3:hr>160</ns3:hr>
            <ns3:cad>92</ns3:cad>
          </ns3:TrackPointExtension>
        </extensions>
      </trkpt>
      <trkpt lat="30.75176130048930644989013671875" lon="108.445230536162853240966796875">
        <ele>422.600006103515625</ele>
        <time>2026-04-30T12:10:18.000Z</time>
        <extensions>
          <ns3:TrackPointExtension>
            <ns3:hr>160</ns3:hr>
            <ns3:cad>92</ns3:cad>
          </ns3:TrackPointExtension>
        </extensions>
      </trkpt>
      <trkpt lat="30.751746632158756256103515625" lon="108.445253334939479827880859375">
        <ele>422.600006103515625</ele>
        <time>2026-04-30T12:10:19.000Z</time>
        <extensions>
          <ns3:TrackPointExtension>
            <ns3:hr>159</ns3:hr>
            <ns3:cad>92</ns3:cad>
          </ns3:TrackPointExtension>
        </extensions>
      </trkpt>
      <trkpt lat="30.751723833382129669189453125" lon="108.44527579843997955322265625">
        <ele>422.600006103515625</ele>
        <time>2026-04-30T12:10:20.000Z</time>
        <extensions>
          <ns3:TrackPointExtension>
            <ns3:hr>160</ns3:hr>
            <ns3:cad>92</ns3:cad>
          </ns3:TrackPointExtension>
        </extensions>
      </trkpt>
      <trkpt lat="30.7517058961093425750732421875" lon="108.44530404545366764068603515625">
        <ele>422.79998779296875</ele>
        <time>2026-04-30T12:10:21.000Z</time>
        <extensions>
          <ns3:TrackPointExtension>
            <ns3:hr>160</ns3:hr>
            <ns3:cad>92</ns3:cad>
          </ns3:TrackPointExtension>
        </extensions>
      </trkpt>
      <trkpt lat="30.7516844384372234344482421875" lon="108.44533002935349941253662109375">
        <ele>422.79998779296875</ele>
        <time>2026-04-30T12:10:22.000Z</time>
        <extensions>
          <ns3:TrackPointExtension>
            <ns3:hr>160</ns3:hr>
            <ns3:cad>92</ns3:cad>
          </ns3:TrackPointExtension>
        </extensions>
      </trkpt>
      <trkpt lat="30.75166742317378520965576171875" lon="108.44535936601459980010986328125">
        <ele>422.79998779296875</ele>
        <time>2026-04-30T12:10:23.000Z</time>
        <extensions>
          <ns3:TrackPointExtension>
            <ns3:hr>160</ns3:hr>
            <ns3:cad>92</ns3:cad>
          </ns3:TrackPointExtension>
        </extensions>
      </trkpt>
      <trkpt lat="30.7516510784626007080078125" lon="108.4453810751438140869140625">
        <ele>422.79998779296875</ele>
        <time>2026-04-30T12:10:24.000Z</time>
        <extensions>
          <ns3:TrackPointExtension>
            <ns3:hr>161</ns3:hr>
            <ns3:cad>92</ns3:cad>
          </ns3:TrackPointExtension>
        </extensions>
      </trkpt>
      <trkpt lat="30.75163456611335277557373046875" lon="108.44541284255683422088623046875">
        <ele>422.79998779296875</ele>
        <time>2026-04-30T12:10:25.000Z</time>
        <extensions>
          <ns3:TrackPointExtension>
            <ns3:hr>160</ns3:hr>
            <ns3:cad>92</ns3:cad>
          </ns3:TrackPointExtension>
        </extensions>
      </trkpt>
      <trkpt lat="30.75161998160183429718017578125" lon="108.445439077913761138916015625">
        <ele>422.79998779296875</ele>
        <time>2026-04-30T12:10:26.000Z</time>
        <extensions>
          <ns3:TrackPointExtension>
            <ns3:hr>160</ns3:hr>
            <ns3:cad>92</ns3:cad>
          </ns3:TrackPointExtension>
        </extensions>
      </trkpt>
      <trkpt lat="30.7516110129654407501220703125" lon="108.44547335989773273468017578125">
        <ele>422.79998779296875</ele>
        <time>2026-04-30T12:10:27.000Z</time>
        <extensions>
          <ns3:TrackPointExtension>
            <ns3:hr>160</ns3:hr>
            <ns3:cad>92</ns3:cad>
          </ns3:TrackPointExtension>
        </extensions>
      </trkpt>
      <trkpt lat="30.751604139804840087890625" lon="108.445500098168849945068359375">
        <ele>422.79998779296875</ele>
        <time>2026-04-30T12:10:28.000Z</time>
        <extensions>
          <ns3:TrackPointExtension>
            <ns3:hr>160</ns3:hr>
            <ns3:cad>92</ns3:cad>
          </ns3:TrackPointExtension>
        </extensions>
      </trkpt>
      <trkpt lat="30.75160321779549121856689453125" lon="108.44553639180958271026611328125">
        <ele>422.79998779296875</ele>
        <time>2026-04-30T12:10:29.000Z</time>
        <extensions>
          <ns3:TrackPointExtension>
            <ns3:hr>160</ns3:hr>
            <ns3:cad>92</ns3:cad>
          </ns3:TrackPointExtension>
        </extensions>
      </trkpt>
      <trkpt lat="30.75160522945225238800048828125" lon="108.445561118423938751220703125">
        <ele>422.79998779296875</ele>
        <time>2026-04-30T12:10:30.000Z</time>
        <extensions>
          <ns3:TrackPointExtension>
            <ns3:hr>160</ns3:hr>
            <ns3:cad>92</ns3:cad>
          </ns3:TrackPointExtension>
        </extensions>
      </trkpt>
      <trkpt lat="30.7516029663383960723876953125" lon="108.44559674151241779327392578125">
        <ele>422.79998779296875</ele>
        <time>2026-04-30T12:10:31.000Z</time>
        <extensions>
          <ns3:TrackPointExtension>
            <ns3:hr>160</ns3:hr>
            <ns3:cad>92</ns3:cad>
          </ns3:TrackPointExtension>
        </extensions>
      </trkpt>
      <trkpt lat="30.751603133976459503173828125" lon="108.4456233121454715728759765625">
        <ele>422.79998779296875</ele>
        <time>2026-04-30T12:10:32.000Z</time>
        <extensions>
          <ns3:TrackPointExtension>
            <ns3:hr>160</ns3:hr>
            <ns3:cad>92</ns3:cad>
          </ns3:TrackPointExtension>
        </extensions>
      </trkpt>
      <trkpt lat="30.75160087086260318756103515625" lon="108.44565977342426776885986328125">
        <ele>422.79998779296875</ele>
        <time>2026-04-30T12:10:33.000Z</time>
        <extensions>
          <ns3:TrackPointExtension>
            <ns3:hr>160</ns3:hr>
            <ns3:cad>92</ns3:cad>
          </ns3:TrackPointExtension>
        </extensions>
      </trkpt>
      <trkpt lat="30.7516029663383960723876953125" lon="108.4456786327064037322998046875">
        <ele>422.79998779296875</ele>
        <time>2026-04-30T12:10:34.000Z</time>
        <extensions>
          <ns3:TrackPointExtension>
            <ns3:hr>160</ns3:hr>
            <ns3:cad>92</ns3:cad>
          </ns3:TrackPointExtension>
        </extensions>
      </trkpt>
      <trkpt lat="30.7516026310622692108154296875" lon="108.4457148425281047821044921875">
        <ele>422.79998779296875</ele>
        <time>2026-04-30T12:10:35.000Z</time>
        <extensions>
          <ns3:TrackPointExtension>
            <ns3:hr>160</ns3:hr>
            <ns3:cad>92</ns3:cad>
          </ns3:TrackPointExtension>
        </extensions>
      </trkpt>
      <trkpt lat="30.75160673819482326507568359375" lon="108.44573671929538249969482421875">
        <ele>422.79998779296875</ele>
        <time>2026-04-30T12:10:36.000Z</time>
        <extensions>
          <ns3:TrackPointExtension>
            <ns3:hr>161</ns3:hr>
            <ns3:cad>92</ns3:cad>
          </ns3:TrackPointExtension>
        </extensions>
      </trkpt>
      <trkpt lat="30.75161042623221874237060546875" lon="108.44577200710773468017578125">
        <ele>422.79998779296875</ele>
        <time>2026-04-30T12:10:37.000Z</time>
        <extensions>
          <ns3:TrackPointExtension>
            <ns3:hr>161</ns3:hr>
            <ns3:cad>92</ns3:cad>
          </ns3:TrackPointExtension>
        </extensions>
      </trkpt>
      <trkpt lat="30.75161696411669254302978515625" lon="108.44579824246466159820556640625">
        <ele>422.79998779296875</ele>
        <time>2026-04-30T12:10:38.000Z</time>
        <extensions>
          <ns3:TrackPointExtension>
            <ns3:hr>161</ns3:hr>
            <ns3:cad>92</ns3:cad>
          </ns3:TrackPointExtension>
        </extensions>
      </trkpt>
      <trkpt lat="30.7516220770776271820068359375" lon="108.4458331950008869171142578125">
        <ele>422.79998779296875</ele>
        <time>2026-04-30T12:10:39.000Z</time>
        <extensions>
          <ns3:TrackPointExtension>
            <ns3:hr>161</ns3:hr>
            <ns3:cad>92</ns3:cad>
          </ns3:TrackPointExtension>
        </extensions>
      </trkpt>
      <trkpt lat="30.75163297355175018310546875" lon="108.4458580054342746734619140625">
        <ele>422.79998779296875</ele>
        <time>2026-04-30T12:10:40.000Z</time>
        <extensions>
          <ns3:TrackPointExtension>
            <ns3:hr>161</ns3:hr>
            <ns3:cad>92</ns3:cad>
          </ns3:TrackPointExtension>
        </extensions>
      </trkpt>
      <trkpt lat="30.7516385056078433990478515625" lon="108.44589010812342166900634765625">
        <ele>422.79998779296875</ele>
        <time>2026-04-30T12:10:41.000Z</time>
        <extensions>
          <ns3:TrackPointExtension>
            <ns3:hr>162</ns3:hr>
            <ns3:cad>92</ns3:cad>
          </ns3:TrackPointExtension>
        </extensions>
      </trkpt>
      <trkpt lat="30.75165032409131526947021484375" lon="108.4459150023758411407470703125">
        <ele>422.79998779296875</ele>
        <time>2026-04-30T12:10:42.000Z</time>
        <extensions>
          <ns3:TrackPointExtension>
            <ns3:hr>162</ns3:hr>
            <ns3:cad>92</ns3:cad>
          </ns3:TrackPointExtension>
        </extensions>
      </trkpt>
      <trkpt lat="30.7516591250896453857421875" lon="108.44594408757984638214111328125">
        <ele>422.79998779296875</ele>
        <time>2026-04-30T12:10:43.000Z</time>
        <extensions>
          <ns3:TrackPointExtension>
            <ns3:hr>162</ns3:hr>
            <ns3:cad>92</ns3:cad>
          </ns3:TrackPointExtension>
        </extensions>
      </trkpt>
      <trkpt lat="30.75167295522987842559814453125" lon="108.44596914947032928466796875">
        <ele>422.79998779296875</ele>
        <time>2026-04-30T12:10:44.000Z</time>
        <extensions>
          <ns3:TrackPointExtension>
            <ns3:hr>162</ns3:hr>
            <ns3:cad>92</ns3:cad>
          </ns3:TrackPointExtension>
        </extensions>
      </trkpt>
      <trkpt lat="30.75168368406593799591064453125" lon="108.44599572010338306427001953125">
        <ele>422.79998779296875</ele>
        <time>2026-04-30T12:10:45.000Z</time>
        <extensions>
          <ns3:TrackPointExtension>
            <ns3:hr>161</ns3:hr>
            <ns3:cad>92</ns3:cad>
          </ns3:TrackPointExtension>
        </extensions>
      </trkpt>
      <trkpt lat="30.751704387366771697998046875" lon="108.44601751305162906646728515625">
        <ele>422.79998779296875</ele>
        <time>2026-04-30T12:10:46.000Z</time>
        <extensions>
          <ns3:TrackPointExtension>
            <ns3:hr>162</ns3:hr>
            <ns3:cad>93</ns3:cad>
          </ns3:TrackPointExtension>
        </extensions>
      </trkpt>
      <trkpt lat="30.75172140263020992279052734375" lon="108.44603796489536762237548828125">
        <ele>422.79998779296875</ele>
        <time>2026-04-30T12:10:47.000Z</time>
        <extensions>
          <ns3:TrackPointExtension>
            <ns3:hr>162</ns3:hr>
            <ns3:cad>93</ns3:cad>
          </ns3:TrackPointExtension>
        </extensions>
      </trkpt>
      <trkpt lat="30.75174705125391483306884765625" lon="108.44605187885463237762451171875">
        <ele>422.79998779296875</ele>
        <time>2026-04-30T12:10:48.000Z</time>
        <extensions>
          <ns3:TrackPointExtension>
            <ns3:hr>162</ns3:hr>
            <ns3:cad>93</ns3:cad>
          </ns3:TrackPointExtension>
        </extensions>
      </trkpt>
      <trkpt lat="30.75176775455474853515625" lon="108.4460638649761676788330078125">
        <ele>422.79998779296875</ele>
        <time>2026-04-30T12:10:49.000Z</time>
        <extensions>
          <ns3:TrackPointExtension>
            <ns3:hr>162</ns3:hr>
            <ns3:cad>92</ns3:cad>
          </ns3:TrackPointExtension>
        </extensions>
      </trkpt>
      <trkpt lat="30.75179658830165863037109375" lon="108.44608004204928874969482421875">
        <ele>422.79998779296875</ele>
        <time>2026-04-30T12:10:50.000Z</time>
        <extensions>
          <ns3:TrackPointExtension>
            <ns3:hr>162</ns3:hr>
            <ns3:cad>92</ns3:cad>
          </ns3:TrackPointExtension>
        </extensions>
      </trkpt>
      <trkpt lat="30.75181494466960430145263671875" lon="108.44609462656080722808837890625">
        <ele>422.79998779296875</ele>
        <time>2026-04-30T12:10:51.000Z</time>
        <extensions>
          <ns3:TrackPointExtension>
            <ns3:hr>161</ns3:hr>
            <ns3:cad>92</ns3:cad>
          </ns3:TrackPointExtension>
        </extensions>
      </trkpt>
      <trkpt lat="30.7518460415303707122802734375" lon="108.44611222855746746063232421875">
        <ele>422.79998779296875</ele>
        <time>2026-04-30T12:10:52.000Z</time>
        <extensions>
          <ns3:TrackPointExtension>
            <ns3:hr>160</ns3:hr>
            <ns3:cad>92</ns3:cad>
          </ns3:TrackPointExtension>
        </extensions>
      </trkpt>
      <trkpt lat="30.75186766684055328369140625" lon="108.4461228735744953155517578125">
        <ele>422.79998779296875</ele>
        <time>2026-04-30T12:10:53.000Z</time>
        <extensions>
          <ns3:TrackPointExtension>
            <ns3:hr>160</ns3:hr>
            <ns3:cad>92</ns3:cad>
          </ns3:TrackPointExtension>
        </extensions>
      </trkpt>
      <trkpt lat="30.75189876370131969451904296875" lon="108.4461413137614727020263671875">
        <ele>422.79998779296875</ele>
        <time>2026-04-30T12:10:54.000Z</time>
        <extensions>
          <ns3:TrackPointExtension>
            <ns3:hr>160</ns3:hr>
            <ns3:cad>92</ns3:cad>
          </ns3:TrackPointExtension>
        </extensions>
      </trkpt>
      <trkpt lat="30.75192089192569255828857421875" lon="108.44614659436047077178955078125">
        <ele>422.79998779296875</ele>
        <time>2026-04-30T12:10:55.000Z</time>
        <extensions>
          <ns3:TrackPointExtension>
            <ns3:hr>160</ns3:hr>
            <ns3:cad>92</ns3:cad>
          </ns3:TrackPointExtension>
        </extensions>
      </trkpt>
      <trkpt lat="30.7519529946148395538330078125" lon="108.446151204407215118408203125">
        <ele>422.79998779296875</ele>
        <time>2026-04-30T12:10:56.000Z</time>
        <extensions>
          <ns3:TrackPointExtension>
            <ns3:hr>159</ns3:hr>
            <ns3:cad>92</ns3:cad>
          </ns3:TrackPointExtension>
        </extensions>
      </trkpt>
      <trkpt lat="30.751973278820514678955078125" lon="108.44614684581756591796875">
        <ele>422.79998779296875</ele>
        <time>2026-04-30T12:10:57.000Z</time>
        <extensions>
          <ns3:TrackPointExtension>
            <ns3:hr>159</ns3:hr>
            <ns3:cad>92</ns3:cad>
          </ns3:TrackPointExtension>
        </extensions>
      </trkpt>
      <trkpt lat="30.752005465328693389892578125" lon="108.4461476840078830718994140625">
        <ele>422.79998779296875</ele>
        <time>2026-04-30T12:10:58.000Z</time>
        <extensions>
          <ns3:TrackPointExtension>
            <ns3:hr>159</ns3:hr>
            <ns3:cad>92</ns3:cad>
          </ns3:TrackPointExtension>
        </extensions>
      </trkpt>
      <trkpt lat="30.75202700681984424591064453125" lon="108.44614072702825069427490234375">
        <ele>423</ele>
        <time>2026-04-30T12:10:59.000Z</time>
        <extensions>
          <ns3:TrackPointExtension>
            <ns3:hr>158</ns3:hr>
            <ns3:cad>92</ns3:cad>
          </ns3:TrackPointExtension>
        </extensions>
      </trkpt>
      <trkpt lat="30.75205936096608638763427734375" lon="108.446144498884677886962890625">
        <ele>423</ele>
        <time>2026-04-30T12:11:00.000Z</time>
        <extensions>
          <ns3:TrackPointExtension>
            <ns3:hr>158</ns3:hr>
            <ns3:cad>92</ns3:cad>
          </ns3:TrackPointExtension>
        </extensions>
      </trkpt>
      <trkpt lat="30.75208215974271297454833984375" lon="108.44614357687532901763916015625">
        <ele>422.79998779296875</ele>
        <time>2026-04-30T12:11:01.000Z</time>
        <extensions>
          <ns3:TrackPointExtension>
            <ns3:hr>158</ns3:hr>
            <ns3:cad>92</ns3:cad>
          </ns3:TrackPointExtension>
        </extensions>
      </trkpt>
      <trkpt lat="30.7521122507750988006591796875" lon="108.44615095295011997222900390625">
        <ele>423</ele>
        <time>2026-04-30T12:11:02.000Z</time>
        <extensions>
          <ns3:TrackPointExtension>
            <ns3:hr>158</ns3:hr>
            <ns3:cad>92</ns3:cad>
          </ns3:TrackPointExtension>
        </extensions>
      </trkpt>
      <trkpt lat="30.75213412754237651824951171875" lon="108.4461428225040435791015625">
        <ele>423</ele>
        <time>2026-04-30T12:11:03.000Z</time>
        <extensions>
          <ns3:TrackPointExtension>
            <ns3:hr>158</ns3:hr>
            <ns3:cad>92</ns3:cad>
          </ns3:TrackPointExtension>
        </extensions>
      </trkpt>
      <trkpt lat="30.7521642185747623443603515625" lon="108.44614977948367595672607421875">
        <ele>423</ele>
        <time>2026-04-30T12:11:04.000Z</time>
        <extensions>
          <ns3:TrackPointExtension>
            <ns3:hr>158</ns3:hr>
            <ns3:cad>92</ns3:cad>
          </ns3:TrackPointExtension>
        </extensions>
      </trkpt>
      <trkpt lat="30.752186514437198638916015625" lon="108.44614273868501186370849609375">
        <ele>423</ele>
        <time>2026-04-30T12:11:05.000Z</time>
        <extensions>
          <ns3:TrackPointExtension>
            <ns3:hr>158</ns3:hr>
            <ns3:cad>91</ns3:cad>
          </ns3:TrackPointExtension>
        </extensions>
      </trkpt>
      <trkpt lat="30.7522143423557281494140625" lon="108.44614810310304164886474609375">
        <ele>423</ele>
        <time>2026-04-30T12:11:06.000Z</time>
        <extensions>
          <ns3:TrackPointExtension>
            <ns3:hr>158</ns3:hr>
            <ns3:cad>91</ns3:cad>
          </ns3:TrackPointExtension>
        </extensions>
      </trkpt>
      <trkpt lat="30.75223756022751331329345703125" lon="108.4461413137614727020263671875">
        <ele>423</ele>
        <time>2026-04-30T12:11:07.000Z</time>
        <extensions>
          <ns3:TrackPointExtension>
            <ns3:hr>157</ns3:hr>
            <ns3:cad>91</ns3:cad>
          </ns3:TrackPointExtension>
        </extensions>
      </trkpt>
      <trkpt lat="30.75226421467959880828857421875" lon="108.44614709727466106414794921875">
        <ele>423</ele>
        <time>2026-04-30T12:11:08.000Z</time>
        <extensions>
          <ns3:TrackPointExtension>
            <ns3:hr>157</ns3:hr>
            <ns3:cad>91</ns3:cad>
          </ns3:TrackPointExtension>
        </extensions>
      </trkpt>
      <trkpt lat="30.75229137204587459564208984375" lon="108.4461403079330921173095703125">
        <ele>423</ele>
        <time>2026-04-30T12:11:09.000Z</time>
        <extensions>
          <ns3:TrackPointExtension>
            <ns3:hr>157</ns3:hr>
            <ns3:cad>91</ns3:cad>
          </ns3:TrackPointExtension>
        </extensions>
      </trkpt>
      <trkpt lat="30.7523187808692455291748046875" lon="108.4461460076272487640380859375">
        <ele>423</ele>
        <time>2026-04-30T12:11:10.000Z</time>
        <extensions>
          <ns3:TrackPointExtension>
            <ns3:hr>158</ns3:hr>
            <ns3:cad>91</ns3:cad>
          </ns3:TrackPointExtension>
        </extensions>
      </trkpt>
      <trkpt lat="30.752344094216823577880859375" lon="108.4461423195898532867431640625">
        <ele>423</ele>
        <time>2026-04-30T12:11:11.000Z</time>
        <extensions>
          <ns3:TrackPointExtension>
            <ns3:hr>158</ns3:hr>
            <ns3:cad>92</ns3:cad>
          </ns3:TrackPointExtension>
        </extensions>
      </trkpt>
      <trkpt lat="30.75237032957375049591064453125" lon="108.44614793546497821807861328125">
        <ele>423</ele>
        <time>2026-04-30T12:11:12.000Z</time>
        <extensions>
          <ns3:TrackPointExtension>
            <ns3:hr>158</ns3:hr>
            <ns3:cad>92</ns3:cad>
          </ns3:TrackPointExtension>
        </extensions>
      </trkpt>
      <trkpt lat="30.7523962296545505523681640625" lon="108.446143157780170440673828125">
        <ele>423</ele>
        <time>2026-04-30T12:11:13.000Z</time>
        <extensions>
          <ns3:TrackPointExtension>
            <ns3:hr>158</ns3:hr>
            <ns3:cad>92</ns3:cad>
          </ns3:TrackPointExtension>
        </extensions>
      </trkpt>
      <trkpt lat="30.7524193637073040008544921875" lon="108.44614592380821704864501953125">
        <ele>423</ele>
        <time>2026-04-30T12:11:14.000Z</time>
        <extensions>
          <ns3:TrackPointExtension>
            <ns3:hr>158</ns3:hr>
            <ns3:cad>92</ns3:cad>
          </ns3:TrackPointExtension>
        </extensions>
      </trkpt>
      <trkpt lat="30.75244777835905551910400390625" lon="108.446144498884677886962890625">
        <ele>423</ele>
        <time>2026-04-30T12:11:15.000Z</time>
        <extensions>
          <ns3:TrackPointExtension>
            <ns3:hr>158</ns3:hr>
            <ns3:cad>92</ns3:cad>
          </ns3:TrackPointExtension>
        </extensions>
      </trkpt>
      <trkpt lat="30.75247258879244327545166015625" lon="108.4461473487317562103271484375">
        <ele>423</ele>
        <time>2026-04-30T12:11:16.000Z</time>
        <extensions>
          <ns3:TrackPointExtension>
            <ns3:hr>158</ns3:hr>
            <ns3:cad>92</ns3:cad>
          </ns3:TrackPointExtension>
        </extensions>
      </trkpt>
      <trkpt lat="30.75250343419611454010009765625" lon="108.44614827074110507965087890625">
        <ele>423</ele>
        <time>2026-04-30T12:11:17.000Z</time>
        <extensions>
          <ns3:TrackPointExtension>
            <ns3:hr>158</ns3:hr>
            <ns3:cad>92</ns3:cad>
          </ns3:TrackPointExtension>
        </extensions>
      </trkpt>
      <trkpt lat="30.7525293342769145965576171875" lon="108.4461470134556293487548828125">
        <ele>423</ele>
        <time>2026-04-30T12:11:18.000Z</time>
        <extensions>
          <ns3:TrackPointExtension>
            <ns3:hr>159</ns3:hr>
            <ns3:cad>92</ns3:cad>
          </ns3:TrackPointExtension>
        </extensions>
      </trkpt>
      <trkpt lat="30.7525608502328395843505859375" lon="108.44614424742758274078369140625">
        <ele>423</ele>
        <time>2026-04-30T12:11:19.000Z</time>
        <extensions>
          <ns3:TrackPointExtension>
            <ns3:hr>159</ns3:hr>
            <ns3:cad>92</ns3:cad>
          </ns3:TrackPointExtension>
        </extensions>
      </trkpt>
      <trkpt lat="30.752584151923656463623046875" lon="108.44614290632307529449462890625">
        <ele>423.20001220703125</ele>
        <time>2026-04-30T12:11:20.000Z</time>
        <extensions>
          <ns3:TrackPointExtension>
            <ns3:hr>159</ns3:hr>
            <ns3:cad>92</ns3:cad>
          </ns3:TrackPointExtension>
        </extensions>
      </trkpt>
      <trkpt lat="30.75261533260345458984375" lon="108.44613988883793354034423828125">
        <ele>423.20001220703125</ele>
        <time>2026-04-30T12:11:21.000Z</time>
        <extensions>
          <ns3:TrackPointExtension>
            <ns3:hr>159</ns3:hr>
            <ns3:cad>92</ns3:cad>
          </ns3:TrackPointExtension>
        </extensions>
      </trkpt>
      <trkpt lat="30.75263771228492259979248046875" lon="108.4461374580860137939453125">
        <ele>423.20001220703125</ele>
        <time>2026-04-30T12:11:22.000Z</time>
        <extensions>
          <ns3:TrackPointExtension>
            <ns3:hr>160</ns3:hr>
            <ns3:cad>91</ns3:cad>
          </ns3:TrackPointExtension>
        </extensions>
      </trkpt>
      <trkpt lat="30.75266696512699127197265625" lon="108.4461372904479503631591796875">
        <ele>423.20001220703125</ele>
        <time>2026-04-30T12:11:23.000Z</time>
        <extensions>
          <ns3:TrackPointExtension>
            <ns3:hr>160</ns3:hr>
            <ns3:cad>91</ns3:cad>
          </ns3:TrackPointExtension>
        </extensions>
      </trkpt>
      <trkpt lat="30.75269269756972789764404296875" lon="108.4461356140673160552978515625">
        <ele>423.20001220703125</ele>
        <time>2026-04-30T12:11:24.000Z</time>
        <extensions>
          <ns3:TrackPointExtension>
            <ns3:hr>160</ns3:hr>
            <ns3:cad>90</ns3:cad>
          </ns3:TrackPointExtension>
        </extensions>
      </trkpt>
      <trkpt lat="30.7527234591543674468994140625" lon="108.4461349435150623321533203125">
        <ele>423.20001220703125</ele>
        <time>2026-04-30T12:11:25.000Z</time>
        <extensions>
          <ns3:TrackPointExtension>
            <ns3:hr>160</ns3:hr>
            <ns3:cad>90</ns3:cad>
          </ns3:TrackPointExtension>
        </extensions>
      </trkpt>
      <trkpt lat="30.75275137089192867279052734375" lon="108.44613385386765003204345703125">
        <ele>423</ele>
        <time>2026-04-30T12:11:26.000Z</time>
        <extensions>
          <ns3:TrackPointExtension>
            <ns3:hr>160</ns3:hr>
            <ns3:cad>90</ns3:cad>
          </ns3:TrackPointExtension>
        </extensions>
      </trkpt>
      <trkpt lat="30.75278154574334621429443359375" lon="108.44613117165863513946533203125">
        <ele>423</ele>
        <time>2026-04-30T12:11:27.000Z</time>
        <extensions>
          <ns3:TrackPointExtension>
            <ns3:hr>161</ns3:hr>
            <ns3:cad>90</ns3:cad>
          </ns3:TrackPointExtension>
        </extensions>
      </trkpt>
      <trkpt lat="30.75280585326254367828369140625" lon="108.4461332671344280242919921875">
        <ele>423</ele>
        <time>2026-04-30T12:11:28.000Z</time>
        <extensions>
          <ns3:TrackPointExtension>
            <ns3:hr>161</ns3:hr>
            <ns3:cad>89</ns3:cad>
          </ns3:TrackPointExtension>
        </extensions>
      </trkpt>
      <trkpt lat="30.752834267914295196533203125" lon="108.44613418914377689361572265625">
        <ele>423</ele>
        <time>2026-04-30T12:11:29.000Z</time>
        <extensions>
          <ns3:TrackPointExtension>
            <ns3:hr>161</ns3:hr>
            <ns3:cad>89</ns3:cad>
          </ns3:TrackPointExtension>
        </extensions>
      </trkpt>
      <trkpt lat="30.7528595812618732452392578125" lon="108.44613544642925262451171875">
        <ele>423</ele>
        <time>2026-04-30T12:11:30.000Z</time>
        <extensions>
          <ns3:TrackPointExtension>
            <ns3:hr>161</ns3:hr>
            <ns3:cad>89</ns3:cad>
          </ns3:TrackPointExtension>
        </extensions>
      </trkpt>
      <trkpt lat="30.75288933701813220977783203125" lon="108.446135111153125762939453125">
        <ele>423</ele>
        <time>2026-04-30T12:11:31.000Z</time>
        <extensions>
          <ns3:TrackPointExtension>
            <ns3:hr>161</ns3:hr>
            <ns3:cad>89</ns3:cad>
          </ns3:TrackPointExtension>
        </extensions>
      </trkpt>
      <trkpt lat="30.752914063632488250732421875" lon="108.44613553024828433990478515625">
        <ele>423</ele>
        <time>2026-04-30T12:11:32.000Z</time>
        <extensions>
          <ns3:TrackPointExtension>
            <ns3:hr>161</ns3:hr>
            <ns3:cad>89</ns3:cad>
          </ns3:TrackPointExtension>
        </extensions>
      </trkpt>
      <trkpt lat="30.75294482521712779998779296875" lon="108.44613410532474517822265625">
        <ele>423</ele>
        <time>2026-04-30T12:11:33.000Z</time>
        <extensions>
          <ns3:TrackPointExtension>
            <ns3:hr>161</ns3:hr>
            <ns3:cad>89</ns3:cad>
          </ns3:TrackPointExtension>
        </extensions>
      </trkpt>
      <trkpt lat="30.752970390021800994873046875" lon="108.4461285732686519622802734375">
        <ele>423</ele>
        <time>2026-04-30T12:11:34.000Z</time>
        <extensions>
          <ns3:TrackPointExtension>
            <ns3:hr>162</ns3:hr>
            <ns3:cad>90</ns3:cad>
          </ns3:TrackPointExtension>
        </extensions>
      </trkpt>
      <trkpt lat="30.752997882664203643798828125" lon="108.446115665137767791748046875">
        <ele>423</ele>
        <time>2026-04-30T12:11:35.000Z</time>
        <extensions>
          <ns3:TrackPointExtension>
            <ns3:hr>162</ns3:hr>
            <ns3:cad>90</ns3:cad>
          </ns3:TrackPointExtension>
        </extensions>
      </trkpt>
      <trkpt lat="30.75301925651729106903076171875" lon="108.44610753469169139862060546875">
        <ele>423</ele>
        <time>2026-04-30T12:11:36.000Z</time>
        <extensions>
          <ns3:TrackPointExtension>
            <ns3:hr>161</ns3:hr>
            <ns3:cad>90</ns3:cad>
          </ns3:TrackPointExtension>
        </extensions>
      </trkpt>
      <trkpt lat="30.75304473750293254852294921875" lon="108.44609127379953861236572265625">
        <ele>423</ele>
        <time>2026-04-30T12:11:37.000Z</time>
        <extensions>
          <ns3:TrackPointExtension>
            <ns3:hr>161</ns3:hr>
            <ns3:cad>90</ns3:cad>
          </ns3:TrackPointExtension>
        </extensions>
      </trkpt>
      <trkpt lat="30.7530644349753856658935546875" lon="108.44607970677316188812255859375">
        <ele>423</ele>
        <time>2026-04-30T12:11:38.000Z</time>
        <extensions>
          <ns3:TrackPointExtension>
            <ns3:hr>161</ns3:hr>
            <ns3:cad>90</ns3:cad>
          </ns3:TrackPointExtension>
        </extensions>
      </trkpt>
      <trkpt lat="30.75308899395167827606201171875" lon="108.4460615180432796478271484375">
        <ele>423</ele>
        <time>2026-04-30T12:11:39.000Z</time>
        <extensions>
          <ns3:TrackPointExtension>
            <ns3:hr>161</ns3:hr>
            <ns3:cad>90</ns3:cad>
          </ns3:TrackPointExtension>
        </extensions>
      </trkpt>
      <trkpt lat="30.75310206972062587738037109375" lon="108.44604919664561748504638671875">
        <ele>423</ele>
        <time>2026-04-30T12:11:40.000Z</time>
        <extensions>
          <ns3:TrackPointExtension>
            <ns3:hr>161</ns3:hr>
            <ns3:cad>91</ns3:cad>
          </ns3:TrackPointExtension>
        </extensions>
      </trkpt>
      <trkpt lat="30.75312805362045764923095703125" lon="108.44603427685797214508056640625">
        <ele>423</ele>
        <time>2026-04-30T12:11:41.000Z</time>
        <extensions>
          <ns3:TrackPointExtension>
            <ns3:hr>161</ns3:hr>
            <ns3:cad>91</ns3:cad>
          </ns3:TrackPointExtension>
        </extensions>
      </trkpt>
      <trkpt lat="30.75314749963581562042236328125" lon="108.44601650722324848175048828125">
        <ele>423</ele>
        <time>2026-04-30T12:11:42.000Z</time>
        <extensions>
          <ns3:TrackPointExtension>
            <ns3:hr>162</ns3:hr>
            <ns3:cad>91</ns3:cad>
          </ns3:TrackPointExtension>
        </extensions>
      </trkpt>
      <trkpt lat="30.753171555697917938232421875" lon="108.44600041396915912628173828125">
        <ele>423.20001220703125</ele>
        <time>2026-04-30T12:11:43.000Z</time>
        <extensions>
          <ns3:TrackPointExtension>
            <ns3:hr>161</ns3:hr>
            <ns3:cad>92</ns3:cad>
          </ns3:TrackPointExtension>
        </extensions>
      </trkpt>
      <trkpt lat="30.75318119488656520843505859375" lon="108.44597476534545421600341796875">
        <ele>423.20001220703125</ele>
        <time>2026-04-30T12:11:44.000Z</time>
        <extensions>
          <ns3:TrackPointExtension>
            <ns3:hr>161</ns3:hr>
            <ns3:cad>92</ns3:cad>
          </ns3:TrackPointExtension>
        </extensions>
      </trkpt>
      <trkpt lat="30.7532012276351451873779296875" lon="108.4459475241601467132568359375">
        <ele>423.20001220703125</ele>
        <time>2026-04-30T12:11:45.000Z</time>
        <extensions>
          <ns3:TrackPointExtension>
            <ns3:hr>161</ns3:hr>
            <ns3:cad>92</ns3:cad>
          </ns3:TrackPointExtension>
        </extensions>
      </trkpt>
      <trkpt lat="30.75321388430893421173095703125" lon="108.44592229463160037994384765625">
        <ele>423.20001220703125</ele>
        <time>2026-04-30T12:11:46.000Z</time>
        <extensions>
          <ns3:TrackPointExtension>
            <ns3:hr>161</ns3:hr>
            <ns3:cad>92</ns3:cad>
          </ns3:TrackPointExtension>
        </extensions>
      </trkpt>
      <trkpt lat="30.75323534198105335235595703125" lon="108.4458968974649906158447265625">
        <ele>423.20001220703125</ele>
        <time>2026-04-30T12:11:47.000Z</time>
        <extensions>
          <ns3:TrackPointExtension>
            <ns3:hr>161</ns3:hr>
            <ns3:cad>92</ns3:cad>
          </ns3:TrackPointExtension>
        </extensions>
      </trkpt>
      <trkpt lat="30.753242634236812591552734375" lon="108.4458700753748416900634765625">
        <ele>423.20001220703125</ele>
        <time>2026-04-30T12:11:48.000Z</time>
        <extensions>
          <ns3:TrackPointExtension>
            <ns3:hr>161</ns3:hr>
            <ns3:cad>92</ns3:cad>
          </ns3:TrackPointExtension>
        </extensions>
      </trkpt>
      <trkpt lat="30.75325830839574337005615234375" lon="108.4458388946950435638427734375">
        <ele>423.399993896484375</ele>
        <time>2026-04-30T12:11:49.000Z</time>
        <extensions>
          <ns3:TrackPointExtension>
            <ns3:hr>160</ns3:hr>
            <ns3:cad>92</ns3:cad>
          </ns3:TrackPointExtension>
        </extensions>
      </trkpt>
      <trkpt lat="30.75326568447053432464599609375" lon="108.44581332989037036895751953125">
        <ele>423.20001220703125</ele>
        <time>2026-04-30T12:11:50.000Z</time>
        <extensions>
          <ns3:TrackPointExtension>
            <ns3:hr>160</ns3:hr>
            <ns3:cad>92</ns3:cad>
          </ns3:TrackPointExtension>
        </extensions>
      </trkpt>
      <trkpt lat="30.75327909551560878753662109375" lon="108.4457815624773502349853515625">
        <ele>423.20001220703125</ele>
        <time>2026-04-30T12:11:51.000Z</time>
        <extensions>
          <ns3:TrackPointExtension>
            <ns3:hr>159</ns3:hr>
            <ns3:cad>92</ns3:cad>
          </ns3:TrackPointExtension>
        </extensions>
      </trkpt>
      <trkpt lat="30.7532813586294651031494140625" lon="108.44575448893010616302490234375">
        <ele>423.20001220703125</ele>
        <time>2026-04-30T12:11:52.000Z</time>
        <extensions>
          <ns3:TrackPointExtension>
            <ns3:hr>159</ns3:hr>
            <ns3:cad>90</ns3:cad>
          </ns3:TrackPointExtension>
        </extensions>
      </trkpt>
      <trkpt lat="30.75328630395233631134033203125" lon="108.4457252360880374908447265625">
        <ele>423.399993896484375</ele>
        <time>2026-04-30T12:11:53.000Z</time>
        <extensions>
          <ns3:TrackPointExtension>
            <ns3:hr>159</ns3:hr>
            <ns3:cad>90</ns3:cad>
          </ns3:TrackPointExtension>
        </extensions>
      </trkpt>
      <trkpt lat="30.75328010134398937225341796875" lon="108.44570151530206203460693359375">
        <ele>423.399993896484375</ele>
        <time>2026-04-30T12:11:54.000Z</time>
        <extensions>
          <ns3:TrackPointExtension>
            <ns3:hr>159</ns3:hr>
            <ns3:cad>90</ns3:cad>
          </ns3:TrackPointExtension>
        </extensions>
      </trkpt>
      <trkpt lat="30.75328462757170200347900390625" lon="108.44566882587969303131103515625">
        <ele>423.399993896484375</ele>
        <time>2026-04-30T12:11:55.000Z</time>
        <extensions>
          <ns3:TrackPointExtension>
            <ns3:hr>159</ns3:hr>
            <ns3:cad>90</ns3:cad>
          </ns3:TrackPointExtension>
        </extensions>
      </trkpt>
      <trkpt lat="30.75327976606786251068115234375" lon="108.4456410817801952362060546875">
        <ele>423.399993896484375</ele>
        <time>2026-04-30T12:11:56.000Z</time>
        <extensions>
          <ns3:TrackPointExtension>
            <ns3:hr>159</ns3:hr>
            <ns3:cad>90</ns3:cad>
          </ns3:TrackPointExtension>
        </extensions>
      </trkpt>
      <trkpt lat="30.753282867372035980224609375" lon="108.44560579396784305572509765625">
        <ele>423.399993896484375</ele>
        <time>2026-04-30T12:11:57.000Z</time>
        <extensions>
          <ns3:TrackPointExtension>
            <ns3:hr>158</ns3:hr>
            <ns3:cad>90</ns3:cad>
          </ns3:TrackPointExtension>
        </extensions>
      </trkpt>
      <trkpt lat="30.75327825732529163360595703125" lon="108.44557796604931354522705078125">
        <ele>423.399993896484375</ele>
        <time>2026-04-30T12:11:58.000Z</time>
        <extensions>
          <ns3:TrackPointExtension>
            <ns3:hr>159</ns3:hr>
            <ns3:cad>90</ns3:cad>
          </ns3:TrackPointExtension>
        </extensions>
      </trkpt>
      <trkpt lat="30.7532830350100994110107421875" lon="108.44554544426500797271728515625">
        <ele>423.399993896484375</ele>
        <time>2026-04-30T12:11:59.000Z</time>
        <extensions>
          <ns3:TrackPointExtension>
            <ns3:hr>159</ns3:hr>
            <ns3:cad>90</ns3:cad>
          </ns3:TrackPointExtension>
        </extensions>
      </trkpt>
      <trkpt lat="30.7532800175249576568603515625" lon="108.44551342539489269256591796875">
        <ele>423.399993896484375</ele>
        <time>2026-04-30T12:12:00.000Z</time>
        <extensions>
          <ns3:TrackPointExtension>
            <ns3:hr>159</ns3:hr>
            <ns3:cad>90</ns3:cad>
          </ns3:TrackPointExtension>
        </extensions>
      </trkpt>
      <trkpt lat="30.75328052043914794921875" lon="108.44548123888671398162841796875">
        <ele>423.399993896484375</ele>
        <time>2026-04-30T12:12:01.000Z</time>
        <extensions>
          <ns3:TrackPointExtension>
            <ns3:hr>160</ns3:hr>
            <ns3:cad>90</ns3:cad>
          </ns3:TrackPointExtension>
        </extensions>
      </trkpt>
      <trkpt lat="30.75327071361243724822998046875" lon="108.4454534947872161865234375">
        <ele>423.600006103515625</ele>
        <time>2026-04-30T12:12:02.000Z</time>
        <extensions>
          <ns3:TrackPointExtension>
            <ns3:hr>159</ns3:hr>
            <ns3:cad>90</ns3:cad>
          </ns3:TrackPointExtension>
        </extensions>
      </trkpt>
      <trkpt lat="30.75326484628021717071533203125" lon="108.44542508013546466827392578125">
        <ele>423.600006103515625</ele>
        <time>2026-04-30T12:12:03.000Z</time>
        <extensions>
          <ns3:TrackPointExtension>
            <ns3:hr>159</ns3:hr>
            <ns3:cad>90</ns3:cad>
          </ns3:TrackPointExtension>
        </extensions>
      </trkpt>
      <trkpt lat="30.75325076468288898468017578125" lon="108.44540244899690151214599609375">
        <ele>423.600006103515625</ele>
        <time>2026-04-30T12:12:04.000Z</time>
        <extensions>
          <ns3:TrackPointExtension>
            <ns3:hr>159</ns3:hr>
            <ns3:cad>90</ns3:cad>
          </ns3:TrackPointExtension>
        </extensions>
      </trkpt>
      <trkpt lat="30.75323819182813167572021484375" lon="108.44537629745900630950927734375">
        <ele>423.600006103515625</ele>
        <time>2026-04-30T12:12:05.000Z</time>
        <extensions>
          <ns3:TrackPointExtension>
            <ns3:hr>159</ns3:hr>
            <ns3:cad>90</ns3:cad>
          </ns3:TrackPointExtension>
        </extensions>
      </trkpt>
      <trkpt lat="30.75322084128856658935546875" lon="108.44535249285399913787841796875">
        <ele>423.600006103515625</ele>
        <time>2026-04-30T12:12:06.000Z</time>
        <extensions>
          <ns3:TrackPointExtension>
            <ns3:hr>159</ns3:hr>
            <ns3:cad>90</ns3:cad>
          </ns3:TrackPointExtension>
        </extensions>
      </trkpt>
      <trkpt lat="30.75321170501410961151123046875" lon="108.445324413478374481201171875">
        <ele>423.600006103515625</ele>
        <time>2026-04-30T12:12:07.000Z</time>
        <extensions>
          <ns3:TrackPointExtension>
            <ns3:hr>159</ns3:hr>
            <ns3:cad>91</ns3:cad>
          </ns3:TrackPointExtension>
        </extensions>
      </trkpt>
      <trkpt lat="30.7531968690454959869384765625" lon="108.4452947415411472320556640625">
        <ele>423.600006103515625</ele>
        <time>2026-04-30T12:12:08.000Z</time>
        <extensions>
          <ns3:TrackPointExtension>
            <ns3:hr>158</ns3:hr>
            <ns3:cad>91</ns3:cad>
          </ns3:TrackPointExtension>
        </extensions>
      </trkpt>
      <trkpt lat="30.75318924151360988616943359375" lon="108.44526750035583972930908203125">
        <ele>423.600006103515625</ele>
        <time>2026-04-30T12:12:09.000Z</time>
        <extensions>
          <ns3:TrackPointExtension>
            <ns3:hr>159</ns3:hr>
            <ns3:cad>92</ns3:cad>
          </ns3:TrackPointExtension>
        </extensions>
      </trkpt>
      <trkpt lat="30.75317515991628170013427734375" lon="108.44523581676185131072998046875">
        <ele>423.600006103515625</ele>
        <time>2026-04-30T12:12:10.000Z</time>
        <extensions>
          <ns3:TrackPointExtension>
            <ns3:hr>159</ns3:hr>
            <ns3:cad>92</ns3:cad>
          </ns3:TrackPointExtension>
        </extensions>
      </trkpt>
      <trkpt lat="30.75316593982279300689697265625" lon="108.4452102519571781158447265625">
        <ele>423.600006103515625</ele>
        <time>2026-04-30T12:12:11.000Z</time>
        <extensions>
          <ns3:TrackPointExtension>
            <ns3:hr>159</ns3:hr>
            <ns3:cad>92</ns3:cad>
          </ns3:TrackPointExtension>
        </extensions>
      </trkpt>
      <trkpt lat="30.7531549595296382904052734375" lon="108.445178903639316558837890625">
        <ele>423.600006103515625</ele>
        <time>2026-04-30T12:12:12.000Z</time>
        <extensions>
          <ns3:TrackPointExtension>
            <ns3:hr>159</ns3:hr>
            <ns3:cad>92</ns3:cad>
          </ns3:TrackPointExtension>
        </extensions>
      </trkpt>
      <trkpt lat="30.75314515270292758941650390625" lon="108.44515199773013591766357421875">
        <ele>423.600006103515625</ele>
        <time>2026-04-30T12:12:13.000Z</time>
        <extensions>
          <ns3:TrackPointExtension>
            <ns3:hr>158</ns3:hr>
            <ns3:cad>92</ns3:cad>
          </ns3:TrackPointExtension>
        </extensions>
      </trkpt>
      <trkpt lat="30.75312671251595020294189453125" lon="108.44512316398322582244873046875">
        <ele>423.600006103515625</ele>
        <time>2026-04-30T12:12:14.000Z</time>
        <extensions>
          <ns3:TrackPointExtension>
            <ns3:hr>158</ns3:hr>
            <ns3:cad>91</ns3:cad>
          </ns3:TrackPointExtension>
        </extensions>
      </trkpt>
      <trkpt lat="30.75310760177671909332275390625" lon="108.44510681927204132080078125">
        <ele>423.600006103515625</ele>
        <time>2026-04-30T12:12:15.000Z</time>
        <extensions>
          <ns3:TrackPointExtension>
            <ns3:hr>159</ns3:hr>
            <ns3:cad>91</ns3:cad>
          </ns3:TrackPointExtension>
        </extensions>
      </trkpt>
      <trkpt lat="30.75307725928723812103271484375" lon="108.445098437368869781494140625">
        <ele>423.600006103515625</ele>
        <time>2026-04-30T12:12:16.000Z</time>
        <extensions>
          <ns3:TrackPointExtension>
            <ns3:hr>158</ns3:hr>
            <ns3:cad>90</ns3:cad>
          </ns3:TrackPointExtension>
        </extensions>
      </trkpt>
      <trkpt lat="30.753053538501262664794921875" lon="108.44509885646402835845947265625">
        <ele>423.600006103515625</ele>
        <time>2026-04-30T12:12:17.000Z</time>
        <extensions>
          <ns3:TrackPointExtension>
            <ns3:hr>158</ns3:hr>
            <ns3:cad>90</ns3:cad>
          </ns3:TrackPointExtension>
        </extensions>
      </trkpt>
      <trkpt lat="30.75302059762179851531982421875" lon="108.445105142891407012939453125">
        <ele>423.600006103515625</ele>
        <time>2026-04-30T12:12:18.000Z</time>
        <extensions>
          <ns3:TrackPointExtension>
            <ns3:hr>158</ns3:hr>
            <ns3:cad>90</ns3:cad>
          </ns3:TrackPointExtension>
        </extensions>
      </trkpt>
      <trkpt lat="30.7529997266829013824462890625" lon="108.44511226750910282135009765625">
        <ele>423.399993896484375</ele>
        <time>2026-04-30T12:12:19.000Z</time>
        <extensions>
          <ns3:TrackPointExtension>
            <ns3:hr>158</ns3:hr>
            <ns3:cad>90</ns3:cad>
          </ns3:TrackPointExtension>
        </extensions>
      </trkpt>
      <trkpt lat="30.7529678754508495330810546875" lon="108.445113189518451690673828125">
        <ele>423.399993896484375</ele>
        <time>2026-04-30T12:12:20.000Z</time>
        <extensions>
          <ns3:TrackPointExtension>
            <ns3:hr>158</ns3:hr>
            <ns3:cad>90</ns3:cad>
          </ns3:TrackPointExtension>
        </extensions>
      </trkpt>
      <trkpt lat="30.75295102782547473907470703125" lon="108.44511779956519603729248046875">
        <ele>423.399993896484375</ele>
        <time>2026-04-30T12:12:21.000Z</time>
        <extensions>
          <ns3:TrackPointExtension>
            <ns3:hr>158</ns3:hr>
            <ns3:cad>90</ns3:cad>
          </ns3:TrackPointExtension>
        </extensions>
      </trkpt>
      <trkpt lat="30.752918086946010589599609375" lon="108.44511964358389377593994140625">
        <ele>423.600006103515625</ele>
        <time>2026-04-30T12:12:22.000Z</time>
        <extensions>
          <ns3:TrackPointExtension>
            <ns3:hr>157</ns3:hr>
            <ns3:cad>90</ns3:cad>
          </ns3:TrackPointExtension>
        </extensions>
      </trkpt>
      <trkpt lat="30.7528988085687160491943359375" lon="108.445121906697750091552734375">
        <ele>423.600006103515625</ele>
        <time>2026-04-30T12:12:23.000Z</time>
        <extensions>
          <ns3:TrackPointExtension>
            <ns3:hr>157</ns3:hr>
            <ns3:cad>90</ns3:cad>
          </ns3:TrackPointExtension>
        </extensions>
      </trkpt>
      <trkpt lat="30.7528659515082836151123046875" lon="108.44511645846068859100341796875">
        <ele>423.600006103515625</ele>
        <time>2026-04-30T12:12:24.000Z</time>
        <extensions>
          <ns3:TrackPointExtension>
            <ns3:hr>156</ns3:hr>
            <ns3:cad>90</ns3:cad>
          </ns3:TrackPointExtension>
        </extensions>
      </trkpt>
      <trkpt lat="30.7528431527316570281982421875" lon="108.445121236145496368408203125">
        <ele>423.600006103515625</ele>
        <time>2026-04-30T12:12:25.000Z</time>
        <extensions>
          <ns3:TrackPointExtension>
            <ns3:hr>156</ns3:hr>
            <ns3:cad>90</ns3:cad>
          </ns3:TrackPointExtension>
        </extensions>
      </trkpt>
      <trkpt lat="30.75281105004251003265380859375" lon="108.445117883384227752685546875">
        <ele>423.600006103515625</ele>
        <time>2026-04-30T12:12:26.000Z</time>
        <extensions>
          <ns3:TrackPointExtension>
            <ns3:hr>155</ns3:hr>
            <ns3:cad>90</ns3:cad>
          </ns3:TrackPointExtension>
        </extensions>
      </trkpt>
      <trkpt lat="30.752789676189422607421875" lon="108.44512316398322582244873046875">
        <ele>423.600006103515625</ele>
        <time>2026-04-30T12:12:27.000Z</time>
        <extensions>
          <ns3:TrackPointExtension>
            <ns3:hr>155</ns3:hr>
            <ns3:cad>90</ns3:cad>
          </ns3:TrackPointExtension>
        </extensions>
      </trkpt>
      <trkpt lat="30.75275841169059276580810546875" lon="108.445119895040988922119140625">
        <ele>423.600006103515625</ele>
        <time>2026-04-30T12:12:28.000Z</time>
        <extensions>
          <ns3:TrackPointExtension>
            <ns3:hr>155</ns3:hr>
            <ns3:cad>92</ns3:cad>
          </ns3:TrackPointExtension>
        </extensions>
      </trkpt>
      <trkpt lat="30.75273670256137847900390625" lon="108.44513003714382648468017578125">
        <ele>423.79998779296875</ele>
        <time>2026-04-30T12:12:29.000Z</time>
        <extensions>
          <ns3:TrackPointExtension>
            <ns3:hr>155</ns3:hr>
            <ns3:cad>92</ns3:cad>
          </ns3:TrackPointExtension>
        </extensions>
      </trkpt>
      <trkpt lat="30.75270862318575382232666015625" lon="108.44512802548706531524658203125">
        <ele>423.79998779296875</ele>
        <time>2026-04-30T12:12:30.000Z</time>
        <extensions>
          <ns3:TrackPointExtension>
            <ns3:hr>155</ns3:hr>
            <ns3:cad>92</ns3:cad>
          </ns3:TrackPointExtension>
        </extensions>
      </trkpt>
      <trkpt lat="30.7526859082281589508056640625" lon="108.44512836076319217681884765625">
        <ele>423.79998779296875</ele>
        <time>2026-04-30T12:12:31.000Z</time>
        <extensions>
          <ns3:TrackPointExtension>
            <ns3:hr>155</ns3:hr>
            <ns3:cad>92</ns3:cad>
          </ns3:TrackPointExtension>
        </extensions>
      </trkpt>
      <trkpt lat="30.75265933759510517120361328125" lon="108.4451217390596866607666015625">
        <ele>423.79998779296875</ele>
        <time>2026-04-30T12:12:32.000Z</time>
        <extensions>
          <ns3:TrackPointExtension>
            <ns3:hr>156</ns3:hr>
            <ns3:cad>92</ns3:cad>
          </ns3:TrackPointExtension>
        </extensions>
      </trkpt>
      <trkpt lat="30.75263679027557373046875" lon="108.44512215815484523773193359375">
        <ele>423.79998779296875</ele>
        <time>2026-04-30T12:12:33.000Z</time>
        <extensions>
          <ns3:TrackPointExtension>
            <ns3:hr>156</ns3:hr>
            <ns3:cad>92</ns3:cad>
          </ns3:TrackPointExtension>
        </extensions>
      </trkpt>
      <trkpt lat="30.7526118122041225433349609375" lon="108.445113860070705413818359375">
        <ele>423.79998779296875</ele>
        <time>2026-04-30T12:12:34.000Z</time>
        <extensions>
          <ns3:TrackPointExtension>
            <ns3:hr>156</ns3:hr>
            <ns3:cad>92</ns3:cad>
          </ns3:TrackPointExtension>
        </extensions>
      </trkpt>
      <trkpt lat="30.75258524157106876373291015625" lon="108.4451173804700374603271484375">
        <ele>423.79998779296875</ele>
        <time>2026-04-30T12:12:35.000Z</time>
        <extensions>
          <ns3:TrackPointExtension>
            <ns3:hr>157</ns3:hr>
            <ns3:cad>92</ns3:cad>
          </ns3:TrackPointExtension>
        </extensions>
      </trkpt>
      <trkpt lat="30.75255925767123699188232421875" lon="108.445117212831974029541015625">
        <ele>423.79998779296875</ele>
        <time>2026-04-30T12:12:36.000Z</time>
        <extensions>
          <ns3:TrackPointExtension>
            <ns3:hr>156</ns3:hr>
            <ns3:cad>92</ns3:cad>
          </ns3:TrackPointExtension>
        </extensions>
      </trkpt>
      <trkpt lat="30.752526819705963134765625" lon="108.445121236145496368408203125">
        <ele>423.79998779296875</ele>
        <time>2026-04-30T12:12:37.000Z</time>
        <extensions>
          <ns3:TrackPointExtension>
            <ns3:hr>156</ns3:hr>
            <ns3:cad>92</ns3:cad>
          </ns3:TrackPointExtension>
        </extensions>
      </trkpt>
      <trkpt lat="30.75250276364386081695556640625" lon="108.44511981122195720672607421875">
        <ele>423.79998779296875</ele>
        <time>2026-04-30T12:12:38.000Z</time>
        <extensions>
          <ns3:TrackPointExtension>
            <ns3:hr>157</ns3:hr>
            <ns3:cad>92</ns3:cad>
          </ns3:TrackPointExtension>
        </extensions>
      </trkpt>
      <trkpt lat="30.75247141532599925994873046875" lon="108.44512425363063812255859375">
        <ele>423.79998779296875</ele>
        <time>2026-04-30T12:12:39.000Z</time>
        <extensions>
          <ns3:TrackPointExtension>
            <ns3:hr>156</ns3:hr>
            <ns3:cad>92</ns3:cad>
          </ns3:TrackPointExtension>
        </extensions>
      </trkpt>
      <trkpt lat="30.75244777835905551910400390625" lon="108.44512651674449443817138671875">
        <ele>423.79998779296875</ele>
        <time>2026-04-30T12:12:40.000Z</time>
        <extensions>
          <ns3:TrackPointExtension>
            <ns3:hr>157</ns3:hr>
            <ns3:cad>92</ns3:cad>
          </ns3:TrackPointExtension>
        </extensions>
      </trkpt>
      <trkpt lat="30.75241441838443279266357421875" lon="108.44513020478188991546630859375">
        <ele>423.79998779296875</ele>
        <time>2026-04-30T12:12:41.000Z</time>
        <extensions>
          <ns3:TrackPointExtension>
            <ns3:hr>157</ns3:hr>
            <ns3:cad>92</ns3:cad>
          </ns3:TrackPointExtension>
        </extensions>
      </trkpt>
      <trkpt lat="30.752392709255218505859375" lon="108.445135317742824554443359375">
        <ele>423.79998779296875</ele>
        <time>2026-04-30T12:12:42.000Z</time>
        <extensions>
          <ns3:TrackPointExtension>
            <ns3:hr>157</ns3:hr>
            <ns3:cad>92</ns3:cad>
          </ns3:TrackPointExtension>
        </extensions>
      </trkpt>
      <trkpt lat="30.75235775671899318695068359375" lon="108.44513640739023685455322265625">
        <ele>423.79998779296875</ele>
        <time>2026-04-30T12:12:43.000Z</time>
        <extensions>
          <ns3:TrackPointExtension>
            <ns3:hr>156</ns3:hr>
            <ns3:cad>92</ns3:cad>
          </ns3:TrackPointExtension>
        </extensions>
      </trkpt>
      <trkpt lat="30.7523358799517154693603515625" lon="108.4451396763324737548828125">
        <ele>424</ele>
        <time>2026-04-30T12:12:44.000Z</time>
        <extensions>
          <ns3:TrackPointExtension>
            <ns3:hr>157</ns3:hr>
            <ns3:cad>93</ns3:cad>
          </ns3:TrackPointExtension>
        </extensions>
      </trkpt>
      <trkpt lat="30.75230092741549015045166015625" lon="108.445136658847332000732421875">
        <ele>424</ele>
        <time>2026-04-30T12:12:45.000Z</time>
        <extensions>
          <ns3:TrackPointExtension>
            <ns3:hr>157</ns3:hr>
            <ns3:cad>92</ns3:cad>
          </ns3:TrackPointExtension>
        </extensions>
      </trkpt>
      <trkpt lat="30.75227796100080013275146484375" lon="108.445140682160854339599609375">
        <ele>424</ele>
        <time>2026-04-30T12:12:46.000Z</time>
        <extensions>
          <ns3:TrackPointExtension>
            <ns3:hr>157</ns3:hr>
            <ns3:cad>92</ns3:cad>
          </ns3:TrackPointExtension>
        </extensions>
      </trkpt>
      <trkpt lat="30.752244852483272552490234375" lon="108.44513556919991970062255859375">
        <ele>424</ele>
        <time>2026-04-30T12:12:47.000Z</time>
        <extensions>
          <ns3:TrackPointExtension>
            <ns3:hr>158</ns3:hr>
            <ns3:cad>92</ns3:cad>
          </ns3:TrackPointExtension>
        </extensions>
      </trkpt>
      <trkpt lat="30.7522218860685825347900390625" lon="108.44514160417020320892333984375">
        <ele>424</ele>
        <time>2026-04-30T12:12:48.000Z</time>
        <extensions>
          <ns3:TrackPointExtension>
            <ns3:hr>158</ns3:hr>
            <ns3:cad>92</ns3:cad>
          </ns3:TrackPointExtension>
        </extensions>
      </trkpt>
      <trkpt lat="30.75218978337943553924560546875" lon="108.44514009542763233184814453125">
        <ele>424</ele>
        <time>2026-04-30T12:12:49.000Z</time>
        <extensions>
          <ns3:TrackPointExtension>
            <ns3:hr>158</ns3:hr>
            <ns3:cad>92</ns3:cad>
          </ns3:TrackPointExtension>
        </extensions>
      </trkpt>
      <trkpt lat="30.75216731987893581390380859375" lon="108.44514512456953525543212890625">
        <ele>424</ele>
        <time>2026-04-30T12:12:50.000Z</time>
        <extensions>
          <ns3:TrackPointExtension>
            <ns3:hr>158</ns3:hr>
            <ns3:cad>92</ns3:cad>
          </ns3:TrackPointExtension>
        </extensions>
      </trkpt>
      <trkpt lat="30.752138234674930572509765625" lon="108.4451395086944103240966796875">
        <ele>424</ele>
        <time>2026-04-30T12:12:51.000Z</time>
        <extensions>
          <ns3:TrackPointExtension>
            <ns3:hr>158</ns3:hr>
            <ns3:cad>92</ns3:cad>
          </ns3:TrackPointExtension>
        </extensions>
      </trkpt>
      <trkpt lat="30.7521145977079868316650390625" lon="108.445146381855010986328125">
        <ele>424</ele>
        <time>2026-04-30T12:12:52.000Z</time>
        <extensions>
          <ns3:TrackPointExtension>
            <ns3:hr>158</ns3:hr>
            <ns3:cad>92</ns3:cad>
          </ns3:TrackPointExtension>
        </extensions>
      </trkpt>
      <trkpt lat="30.75208316557109355926513671875" lon="108.44514244236052036285400390625">
        <ele>424</ele>
        <time>2026-04-30T12:12:53.000Z</time>
        <extensions>
          <ns3:TrackPointExtension>
            <ns3:hr>158</ns3:hr>
            <ns3:cad>92</ns3:cad>
          </ns3:TrackPointExtension>
        </extensions>
      </trkpt>
      <trkpt lat="30.75206003151834011077880859375" lon="108.4451504051685333251953125">
        <ele>424</ele>
        <time>2026-04-30T12:12:54.000Z</time>
        <extensions>
          <ns3:TrackPointExtension>
            <ns3:hr>158</ns3:hr>
            <ns3:cad>90</ns3:cad>
          </ns3:TrackPointExtension>
        </extensions>
      </trkpt>
      <trkpt lat="30.7520277611911296844482421875" lon="108.44514663331210613250732421875">
        <ele>424</ele>
        <time>2026-04-30T12:12:55.000Z</time>
        <extensions>
          <ns3:TrackPointExtension>
            <ns3:hr>158</ns3:hr>
            <ns3:cad>90</ns3:cad>
          </ns3:TrackPointExtension>
        </extensions>
      </trkpt>
      <trkpt lat="30.75200052000582218170166015625" lon="108.44515065662562847137451171875">
        <ele>424</ele>
        <time>2026-04-30T12:12:56.000Z</time>
        <extensions>
          <ns3:TrackPointExtension>
            <ns3:hr>158</ns3:hr>
            <ns3:cad>90</ns3:cad>
          </ns3:TrackPointExtension>
        </extensions>
      </trkpt>
      <trkpt lat="30.751970596611499786376953125" lon="108.44514730386435985565185546875">
        <ele>424</ele>
        <time>2026-04-30T12:12:57.000Z</time>
        <extensions>
          <ns3:TrackPointExtension>
            <ns3:hr>158</ns3:hr>
            <ns3:cad>90</ns3:cad>
          </ns3:TrackPointExtension>
        </extensions>
      </trkpt>
      <trkpt lat="30.75194654054939746856689453125" lon="108.44515183009207248687744140625">
        <ele>424</ele>
        <time>2026-04-30T12:12:58.000Z</time>
        <extensions>
          <ns3:TrackPointExtension>
            <ns3:hr>158</ns3:hr>
            <ns3:cad>90</ns3:cad>
          </ns3:TrackPointExtension>
        </extensions>
      </trkpt>
      <trkpt lat="30.75191728770732879638671875" lon="108.44514830969274044036865234375">
        <ele>424</ele>
        <time>2026-04-30T12:12:59.000Z</time>
        <extensions>
          <ns3:TrackPointExtension>
            <ns3:hr>159</ns3:hr>
            <ns3:cad>90</ns3:cad>
          </ns3:TrackPointExtension>
        </extensions>
      </trkpt>
      <trkpt lat="30.75189180672168731689453125" lon="108.445160128176212310791015625">
        <ele>424</ele>
        <time>2026-04-30T12:13:00.000Z</time>
        <extensions>
          <ns3:TrackPointExtension>
            <ns3:hr>159</ns3:hr>
            <ns3:cad>91</ns3:cad>
          </ns3:TrackPointExtension>
        </extensions>
      </trkpt>
      <trkpt lat="30.75186624191701412200927734375" lon="108.44516004435718059539794921875">
        <ele>424</ele>
        <time>2026-04-30T12:13:01.000Z</time>
        <extensions>
          <ns3:TrackPointExtension>
            <ns3:hr>159</ns3:hr>
            <ns3:cad>91</ns3:cad>
          </ns3:TrackPointExtension>
        </extensions>
      </trkpt>
      <trkpt lat="30.7518420182168483734130859375" lon="108.4451703540980815887451171875">
        <ele>424</ele>
        <time>2026-04-30T12:13:02.000Z</time>
        <extensions>
          <ns3:TrackPointExtension>
            <ns3:hr>159</ns3:hr>
            <ns3:cad>91</ns3:cad>
          </ns3:TrackPointExtension>
        </extensions>
      </trkpt>
      <trkpt lat="30.7518178783357143402099609375" lon="108.4451800771057605743408203125">
        <ele>424</ele>
        <time>2026-04-30T12:13:03.000Z</time>
        <extensions>
          <ns3:TrackPointExtension>
            <ns3:hr>160</ns3:hr>
            <ns3:cad>92</ns3:cad>
          </ns3:TrackPointExtension>
        </extensions>
      </trkpt>
      <trkpt lat="30.7517930679023265838623046875" lon="108.44519709236919879913330078125">
        <ele>424.20001220703125</ele>
        <time>2026-04-30T12:13:04.000Z</time>
        <extensions>
          <ns3:TrackPointExtension>
            <ns3:hr>160</ns3:hr>
            <ns3:cad>92</ns3:cad>
          </ns3:TrackPointExtension>
        </extensions>
      </trkpt>
      <trkpt lat="30.75177571736276149749755859375" lon="108.445213772356510162353515625">
        <ele>424.20001220703125</ele>
        <time>2026-04-30T12:13:05.000Z</time>
        <extensions>
          <ns3:TrackPointExtension>
            <ns3:hr>160</ns3:hr>
            <ns3:cad>92</ns3:cad>
          </ns3:TrackPointExtension>
        </extensions>
      </trkpt>
      <trkpt lat="30.751754678785800933837890625" lon="108.44523883424699306488037109375">
        <ele>424.20001220703125</ele>
        <time>2026-04-30T12:13:06.000Z</time>
        <extensions>
          <ns3:TrackPointExtension>
            <ns3:hr>160</ns3:hr>
            <ns3:cad>92</ns3:cad>
          </ns3:TrackPointExtension>
        </extensions>
      </trkpt>
      <trkpt lat="30.75173716060817241668701171875" lon="108.44525911845266819000244140625">
        <ele>424.20001220703125</ele>
        <time>2026-04-30T12:13:07.000Z</time>
        <extensions>
          <ns3:TrackPointExtension>
            <ns3:hr>161</ns3:hr>
            <ns3:cad>92</ns3:cad>
          </ns3:TrackPointExtension>
        </extensions>
      </trkpt>
      <trkpt lat="30.7517196424305438995361328125" lon="108.445292226970195770263671875">
        <ele>424.20001220703125</ele>
        <time>2026-04-30T12:13:08.000Z</time>
        <extensions>
          <ns3:TrackPointExtension>
            <ns3:hr>161</ns3:hr>
            <ns3:cad>91</ns3:cad>
          </ns3:TrackPointExtension>
        </extensions>
      </trkpt>
      <trkpt lat="30.75169994495809078216552734375" lon="108.44531695358455181121826171875">
        <ele>424.20001220703125</ele>
        <time>2026-04-30T12:13:09.000Z</time>
        <extensions>
          <ns3:TrackPointExtension>
            <ns3:hr>161</ns3:hr>
            <ns3:cad>91</ns3:cad>
          </ns3:TrackPointExtension>
        </extensions>
      </trkpt>
      <trkpt lat="30.7516747154295444488525390625" lon="108.4453440271317958831787109375">
        <ele>424.20001220703125</ele>
        <time>2026-04-30T12:13:10.000Z</time>
        <extensions>
          <ns3:TrackPointExtension>
            <ns3:hr>161</ns3:hr>
            <ns3:cad>93</ns3:cad>
          </ns3:TrackPointExtension>
        </extensions>
      </trkpt>
      <trkpt lat="30.751658789813518524169921875" lon="108.4453703463077545166015625">
        <ele>424.20001220703125</ele>
        <time>2026-04-30T12:13:11.000Z</time>
        <extensions>
          <ns3:TrackPointExtension>
            <ns3:hr>161</ns3:hr>
            <ns3:cad>93</ns3:cad>
          </ns3:TrackPointExtension>
        </extensions>
      </trkpt>
      <trkpt lat="30.75164160691201686859130859375" lon="108.44540119171142578125">
        <ele>424.20001220703125</ele>
        <time>2026-04-30T12:13:12.000Z</time>
        <extensions>
          <ns3:TrackPointExtension>
            <ns3:hr>160</ns3:hr>
            <ns3:cad>93</ns3:cad>
          </ns3:TrackPointExtension>
        </extensions>
      </trkpt>
      <trkpt lat="30.75163071043789386749267578125" lon="108.44542725943028926849365234375">
        <ele>424.20001220703125</ele>
        <time>2026-04-30T12:13:13.000Z</time>
        <extensions>
          <ns3:TrackPointExtension>
            <ns3:hr>160</ns3:hr>
            <ns3:cad>93</ns3:cad>
          </ns3:TrackPointExtension>
        </extensions>
      </trkpt>
      <trkpt lat="30.751620233058929443359375" lon="108.44545793719589710235595703125">
        <ele>424.20001220703125</ele>
        <time>2026-04-30T12:13:14.000Z</time>
        <extensions>
          <ns3:TrackPointExtension>
            <ns3:hr>161</ns3:hr>
            <ns3:cad>92</ns3:cad>
          </ns3:TrackPointExtension>
        </extensions>
      </trkpt>
      <trkpt lat="30.75161998160183429718017578125" lon="108.44548241235315799713134765625">
        <ele>424.20001220703125</ele>
        <time>2026-04-30T12:13:15.000Z</time>
        <extensions>
          <ns3:TrackPointExtension>
            <ns3:hr>161</ns3:hr>
            <ns3:cad>91</ns3:cad>
          </ns3:TrackPointExtension>
        </extensions>
      </trkpt>
      <trkpt lat="30.75161344371736049652099609375" lon="108.4455163590610027313232421875">
        <ele>424.20001220703125</ele>
        <time>2026-04-30T12:13:16.000Z</time>
        <extensions>
          <ns3:TrackPointExtension>
            <ns3:hr>161</ns3:hr>
            <ns3:cad>91</ns3:cad>
          </ns3:TrackPointExtension>
        </extensions>
      </trkpt>
      <trkpt lat="30.75161327607929706573486328125" lon="108.4455393254756927490234375">
        <ele>424.20001220703125</ele>
        <time>2026-04-30T12:13:17.000Z</time>
        <extensions>
          <ns3:TrackPointExtension>
            <ns3:hr>161</ns3:hr>
            <ns3:cad>91</ns3:cad>
          </ns3:TrackPointExtension>
        </extensions>
      </trkpt>
      <trkpt lat="30.75160305015742778778076171875" lon="108.44556950032711029052734375">
        <ele>424.20001220703125</ele>
        <time>2026-04-30T12:13:18.000Z</time>
        <extensions>
          <ns3:TrackPointExtension>
            <ns3:hr>162</ns3:hr>
            <ns3:cad>91</ns3:cad>
          </ns3:TrackPointExtension>
        </extensions>
      </trkpt>
      <trkpt lat="30.75160321779549121856689453125" lon="108.44559556804597377777099609375">
        <ele>424.20001220703125</ele>
        <time>2026-04-30T12:13:19.000Z</time>
        <extensions>
          <ns3:TrackPointExtension>
            <ns3:hr>162</ns3:hr>
            <ns3:cad>92</ns3:cad>
          </ns3:TrackPointExtension>
        </extensions>
      </trkpt>
      <trkpt lat="30.7515949197113513946533203125" lon="108.445628844201564788818359375">
        <ele>424.20001220703125</ele>
        <time>2026-04-30T12:13:20.000Z</time>
        <extensions>
          <ns3:TrackPointExtension>
            <ns3:hr>162</ns3:hr>
            <ns3:cad>92</ns3:cad>
          </ns3:TrackPointExtension>
        </extensions>
      </trkpt>
      <trkpt lat="30.7515959255397319793701171875" lon="108.44565533101558685302734375">
        <ele>424.20001220703125</ele>
        <time>2026-04-30T12:13:21.000Z</time>
        <extensions>
          <ns3:TrackPointExtension>
            <ns3:hr>161</ns3:hr>
            <ns3:cad>92</ns3:cad>
          </ns3:TrackPointExtension>
        </extensions>
      </trkpt>
      <trkpt lat="30.7515892200171947479248046875" lon="108.44568676315248012542724609375">
        <ele>424.399993896484375</ele>
        <time>2026-04-30T12:13:22.000Z</time>
        <extensions>
          <ns3:TrackPointExtension>
            <ns3:hr>162</ns3:hr>
            <ns3:cad>92</ns3:cad>
          </ns3:TrackPointExtension>
        </extensions>
      </trkpt>
      <trkpt lat="30.75159274041652679443359375" lon="108.445709310472011566162109375">
        <ele>424.399993896484375</ele>
        <time>2026-04-30T12:13:23.000Z</time>
        <extensions>
          <ns3:TrackPointExtension>
            <ns3:hr>162</ns3:hr>
            <ns3:cad>92</ns3:cad>
          </ns3:TrackPointExtension>
        </extensions>
      </trkpt>
      <trkpt lat="30.751593075692653656005859375" lon="108.445739485323429107666015625">
        <ele>424.399993896484375</ele>
        <time>2026-04-30T12:13:24.000Z</time>
        <extensions>
          <ns3:TrackPointExtension>
            <ns3:hr>163</ns3:hr>
            <ns3:cad>92</ns3:cad>
          </ns3:TrackPointExtension>
        </extensions>
      </trkpt>
      <trkpt lat="30.75160003267228603363037109375" lon="108.44576127827167510986328125">
        <ele>424.399993896484375</ele>
        <time>2026-04-30T12:13:25.000Z</time>
        <extensions>
          <ns3:TrackPointExtension>
            <ns3:hr>163</ns3:hr>
            <ns3:cad>92</ns3:cad>
          </ns3:TrackPointExtension>
        </extensions>
      </trkpt>
      <trkpt lat="30.75160087086260318756103515625" lon="108.4457926265895366668701171875">
        <ele>424.20001220703125</ele>
        <time>2026-04-30T12:13:26.000Z</time>
        <extensions>
          <ns3:TrackPointExtension>
            <ns3:hr>163</ns3:hr>
            <ns3:cad>92</ns3:cad>
          </ns3:TrackPointExtension>
        </extensions>
      </trkpt>
      <trkpt lat="30.7516100071370601654052734375" lon="108.44582003541290760040283203125">
        <ele>424.20001220703125</ele>
        <time>2026-04-30T12:13:27.000Z</time>
        <extensions>
          <ns3:TrackPointExtension>
            <ns3:hr>163</ns3:hr>
            <ns3:cad>92</ns3:cad>
          </ns3:TrackPointExtension>
        </extensions>
      </trkpt>
      <trkpt lat="30.75161763466894626617431640625" lon="108.44584467820823192596435546875">
        <ele>424.20001220703125</ele>
        <time>2026-04-30T12:13:28.000Z</time>
        <extensions>
          <ns3:TrackPointExtension>
            <ns3:hr>162</ns3:hr>
            <ns3:cad>92</ns3:cad>
          </ns3:TrackPointExtension>
        </extensions>
      </trkpt>
      <trkpt lat="30.75162987224757671356201171875" lon="108.44587015919387340545654296875">
        <ele>424.20001220703125</ele>
        <time>2026-04-30T12:13:29.000Z</time>
        <extensions>
          <ns3:TrackPointExtension>
            <ns3:hr>163</ns3:hr>
            <ns3:cad>92</ns3:cad>
          </ns3:TrackPointExtension>
        </extensions>
      </trkpt>
      <trkpt lat="30.75163900852203369140625" lon="108.44589228741824626922607421875">
        <ele>424.20001220703125</ele>
        <time>2026-04-30T12:13:30.000Z</time>
        <extensions>
          <ns3:TrackPointExtension>
            <ns3:hr>162</ns3:hr>
            <ns3:cad>92</ns3:cad>
          </ns3:TrackPointExtension>
        </extensions>
      </trkpt>
      <trkpt lat="30.7516515813767910003662109375" lon="108.44591877423226833343505859375">
        <ele>424.20001220703125</ele>
        <time>2026-04-30T12:13:31.000Z</time>
        <extensions>
          <ns3:TrackPointExtension>
            <ns3:hr>161</ns3:hr>
            <ns3:cad>92</ns3:cad>
          </ns3:TrackPointExtension>
        </extensions>
      </trkpt>
      <trkpt lat="30.7516646571457386016845703125" lon="108.44594039954245090484619140625">
        <ele>424.20001220703125</ele>
        <time>2026-04-30T12:13:32.000Z</time>
        <extensions>
          <ns3:TrackPointExtension>
            <ns3:hr>161</ns3:hr>
            <ns3:cad>92</ns3:cad>
          </ns3:TrackPointExtension>
        </extensions>
      </trkpt>
      <trkpt lat="30.75168192386627197265625" lon="108.44596738927066326141357421875">
        <ele>424.20001220703125</ele>
        <time>2026-04-30T12:13:33.000Z</time>
        <extensions>
          <ns3:TrackPointExtension>
            <ns3:hr>160</ns3:hr>
            <ns3:cad>92</ns3:cad>
          </ns3:TrackPointExtension>
        </extensions>
      </trkpt>
      <trkpt lat="30.75169625692069530487060546875" lon="108.445985578000545501708984375">
        <ele>424.20001220703125</ele>
        <time>2026-04-30T12:13:34.000Z</time>
        <extensions>
          <ns3:TrackPointExtension>
            <ns3:hr>159</ns3:hr>
            <ns3:cad>92</ns3:cad>
          </ns3:TrackPointExtension>
        </extensions>
      </trkpt>
      <trkpt lat="30.75171654112637042999267578125" lon="108.4460102207958698272705078125">
        <ele>424.20001220703125</ele>
        <time>2026-04-30T12:13:35.000Z</time>
        <extensions>
          <ns3:TrackPointExtension>
            <ns3:hr>159</ns3:hr>
            <ns3:cad>92</ns3:cad>
          </ns3:TrackPointExtension>
        </extensions>
      </trkpt>
      <trkpt lat="30.75173665769398212432861328125" lon="108.446021117269992828369140625">
        <ele>424.20001220703125</ele>
        <time>2026-04-30T12:13:36.000Z</time>
        <extensions>
          <ns3:TrackPointExtension>
            <ns3:hr>158</ns3:hr>
            <ns3:cad>92</ns3:cad>
          </ns3:TrackPointExtension>
        </extensions>
      </trkpt>
      <trkpt lat="30.7517588697373867034912109375" lon="108.44604265876114368438720703125">
        <ele>424.20001220703125</ele>
        <time>2026-04-30T12:13:37.000Z</time>
        <extensions>
          <ns3:TrackPointExtension>
            <ns3:hr>158</ns3:hr>
            <ns3:cad>92</ns3:cad>
          </ns3:TrackPointExtension>
        </extensions>
      </trkpt>
      <trkpt lat="30.751777477562427520751953125" lon="108.44605154357850551605224609375">
        <ele>424.20001220703125</ele>
        <time>2026-04-30T12:13:38.000Z</time>
        <extensions>
          <ns3:TrackPointExtension>
            <ns3:hr>157</ns3:hr>
            <ns3:cad>92</ns3:cad>
          </ns3:TrackPointExtension>
        </extensions>
      </trkpt>
      <trkpt lat="30.75179927051067352294921875" lon="108.446074426174163818359375">
        <ele>424.20001220703125</ele>
        <time>2026-04-30T12:13:39.000Z</time>
        <extensions>
          <ns3:TrackPointExtension>
            <ns3:hr>157</ns3:hr>
            <ns3:cad>92</ns3:cad>
          </ns3:TrackPointExtension>
        </extensions>
      </trkpt>
      <trkpt lat="30.75181913562119007110595703125" lon="108.446083478629589080810546875">
        <ele>424.20001220703125</ele>
        <time>2026-04-30T12:13:40.000Z</time>
        <extensions>
          <ns3:TrackPointExtension>
            <ns3:hr>156</ns3:hr>
            <ns3:cad>93</ns3:cad>
          </ns3:TrackPointExtension>
        </extensions>
      </trkpt>
      <trkpt lat="30.75184461660683155059814453125" lon="108.44610217027366161346435546875">
        <ele>424.20001220703125</ele>
        <time>2026-04-30T12:13:41.000Z</time>
        <extensions>
          <ns3:TrackPointExtension>
            <ns3:hr>156</ns3:hr>
            <ns3:cad>93</ns3:cad>
          </ns3:TrackPointExtension>
        </extensions>
      </trkpt>
      <trkpt lat="30.7518658228218555450439453125" lon="108.44611004926264286041259765625">
        <ele>424.20001220703125</ele>
        <time>2026-04-30T12:13:42.000Z</time>
        <extensions>
          <ns3:TrackPointExtension>
            <ns3:hr>156</ns3:hr>
            <ns3:cad>93</ns3:cad>
          </ns3:TrackPointExtension>
        </extensions>
      </trkpt>
      <trkpt lat="30.7518892921507358551025390625" lon="108.4461265616118907928466796875">
        <ele>424.20001220703125</ele>
        <time>2026-04-30T12:13:43.000Z</time>
        <extensions>
          <ns3:TrackPointExtension>
            <ns3:hr>156</ns3:hr>
            <ns3:cad>92</ns3:cad>
          </ns3:TrackPointExtension>
        </extensions>
      </trkpt>
      <trkpt lat="30.751912929117679595947265625" lon="108.44614005647599697113037109375">
        <ele>424.20001220703125</ele>
        <time>2026-04-30T12:13:44.000Z</time>
        <extensions>
          <ns3:TrackPointExtension>
            <ns3:hr>156</ns3:hr>
            <ns3:cad>92</ns3:cad>
          </ns3:TrackPointExtension>
        </extensions>
      </trkpt>
      <trkpt lat="30.751935727894306182861328125" lon="108.4461543895304203033447265625">
        <ele>424.399993896484375</ele>
        <time>2026-04-30T12:13:45.000Z</time>
        <extensions>
          <ns3:TrackPointExtension>
            <ns3:hr>156</ns3:hr>
            <ns3:cad>92</ns3:cad>
          </ns3:TrackPointExtension>
        </extensions>
      </trkpt>
      <trkpt lat="30.75196531601250171661376953125" lon="108.44615329988300800323486328125">
        <ele>424.20001220703125</ele>
        <time>2026-04-30T12:13:46.000Z</time>
        <extensions>
          <ns3:TrackPointExtension>
            <ns3:hr>156</ns3:hr>
            <ns3:cad>92</ns3:cad>
          </ns3:TrackPointExtension>
        </extensions>
      </trkpt>
      <trkpt lat="30.75198694132268428802490234375" lon="108.44615581445395946502685546875">
        <ele>424.399993896484375</ele>
        <time>2026-04-30T12:13:47.000Z</time>
        <extensions>
          <ns3:TrackPointExtension>
            <ns3:hr>156</ns3:hr>
            <ns3:cad>91</ns3:cad>
          </ns3:TrackPointExtension>
        </extensions>
      </trkpt>
      <trkpt lat="30.75201560743153095245361328125" lon="108.44615112058818340301513671875">
        <ele>424.399993896484375</ele>
        <time>2026-04-30T12:13:48.000Z</time>
        <extensions>
          <ns3:TrackPointExtension>
            <ns3:hr>156</ns3:hr>
            <ns3:cad>91</ns3:cad>
          </ns3:TrackPointExtension>
        </extensions>
      </trkpt>
      <trkpt lat="30.7520358078181743621826171875" lon="108.44615095295011997222900390625">
        <ele>424.399993896484375</ele>
        <time>2026-04-30T12:13:49.000Z</time>
        <extensions>
          <ns3:TrackPointExtension>
            <ns3:hr>156</ns3:hr>
            <ns3:cad>93</ns3:cad>
          </ns3:TrackPointExtension>
        </extensions>
      </trkpt>
      <trkpt lat="30.75206355191767215728759765625" lon="108.4461473487317562103271484375">
        <ele>424.399993896484375</ele>
        <time>2026-04-30T12:13:50.000Z</time>
        <extensions>
          <ns3:TrackPointExtension>
            <ns3:hr>156</ns3:hr>
            <ns3:cad>93</ns3:cad>
          </ns3:TrackPointExtension>
        </extensions>
      </trkpt>
      <trkpt lat="30.75208350084722042083740234375" lon="108.44614743255078792572021484375">
        <ele>424.399993896484375</ele>
        <time>2026-04-30T12:13:51.000Z</time>
        <extensions>
          <ns3:TrackPointExtension>
            <ns3:hr>155</ns3:hr>
            <ns3:cad>93</ns3:cad>
          </ns3:TrackPointExtension>
        </extensions>
      </trkpt>
      <trkpt lat="30.75211032293736934661865234375" lon="108.44614617526531219482421875">
        <ele>424.399993896484375</ele>
        <time>2026-04-30T12:13:52.000Z</time>
        <extensions>
          <ns3:TrackPointExtension>
            <ns3:hr>156</ns3:hr>
            <ns3:cad>92</ns3:cad>
          </ns3:TrackPointExtension>
        </extensions>
      </trkpt>
      <trkpt lat="30.7521316967904567718505859375" lon="108.44614307396113872528076171875">
        <ele>424.399993896484375</ele>
        <time>2026-04-30T12:13:53.000Z</time>
        <extensions>
          <ns3:TrackPointExtension>
            <ns3:hr>156</ns3:hr>
            <ns3:cad>92</ns3:cad>
          </ns3:TrackPointExtension>
        </extensions>
      </trkpt>
      <trkpt lat="30.752161704003810882568359375" lon="108.446140475571155548095703125">
        <ele>424.399993896484375</ele>
        <time>2026-04-30T12:13:54.000Z</time>
        <extensions>
          <ns3:TrackPointExtension>
            <ns3:hr>156</ns3:hr>
            <ns3:cad>92</ns3:cad>
          </ns3:TrackPointExtension>
        </extensions>
      </trkpt>
      <trkpt lat="30.7521826587617397308349609375" lon="108.446138463914394378662109375">
        <ele>424.399993896484375</ele>
        <time>2026-04-30T12:13:55.000Z</time>
        <extensions>
          <ns3:TrackPointExtension>
            <ns3:hr>156</ns3:hr>
            <ns3:cad>92</ns3:cad>
          </ns3:TrackPointExtension>
        </extensions>
      </trkpt>
      <trkpt lat="30.75221107341349124908447265625" lon="108.44613653607666492462158203125">
        <ele>424.399993896484375</ele>
        <time>2026-04-30T12:13:56.000Z</time>
        <extensions>
          <ns3:TrackPointExtension>
            <ns3:hr>157</ns3:hr>
            <ns3:cad>92</ns3:cad>
          </ns3:TrackPointExtension>
        </extensions>
      </trkpt>
      <trkpt lat="30.75223186053335666656494140625" lon="108.44613142311573028564453125">
        <ele>424.399993896484375</ele>
        <time>2026-04-30T12:13:57.000Z</time>
        <extensions>
          <ns3:TrackPointExtension>
            <ns3:hr>157</ns3:hr>
            <ns3:cad>92</ns3:cad>
          </ns3:TrackPointExtension>
        </extensions>
      </trkpt>
      <trkpt lat="30.75226069428026676177978515625" lon="108.44613402150571346282958984375">
        <ele>424.399993896484375</ele>
        <time>2026-04-30T12:13:58.000Z</time>
        <extensions>
          <ns3:TrackPointExtension>
            <ns3:hr>157</ns3:hr>
            <ns3:cad>92</ns3:cad>
          </ns3:TrackPointExtension>
        </extensions>
      </trkpt>
      <trkpt lat="30.7522822357714176177978515625" lon="108.44612966291606426239013671875">
        <ele>424.399993896484375</ele>
        <time>2026-04-30T12:13:59.000Z</time>
        <extensions>
          <ns3:TrackPointExtension>
            <ns3:hr>157</ns3:hr>
            <ns3:cad>92</ns3:cad>
          </ns3:TrackPointExtension>
        </extensions>
      </trkpt>
      <trkpt lat="30.7523130811750888824462890625" lon="108.44613670371472835540771484375">
        <ele>424.399993896484375</ele>
        <time>2026-04-30T12:14:00.000Z</time>
        <extensions>
          <ns3:TrackPointExtension>
            <ns3:hr>157</ns3:hr>
            <ns3:cad>92</ns3:cad>
          </ns3:TrackPointExtension>
        </extensions>
      </trkpt>
      <trkpt lat="30.75233571231365203857421875" lon="108.44613033346831798553466796875">
        <ele>424.20001220703125</ele>
        <time>2026-04-30T12:14:01.000Z</time>
        <extensions>
          <ns3:TrackPointExtension>
            <ns3:hr>157</ns3:hr>
            <ns3:cad>92</ns3:cad>
          </ns3:TrackPointExtension>
        </extensions>
      </trkpt>
      <trkpt lat="30.752364210784435272216796875" lon="108.4461372904479503631591796875">
        <ele>424.399993896484375</ele>
        <time>2026-04-30T12:14:02.000Z</time>
        <extensions>
          <ns3:TrackPointExtension>
            <ns3:hr>158</ns3:hr>
            <ns3:cad>92</ns3:cad>
          </ns3:TrackPointExtension>
        </extensions>
      </trkpt>
      <trkpt lat="30.75238692574203014373779296875" lon="108.44613636843860149383544921875">
        <ele>424.399993896484375</ele>
        <time>2026-04-30T12:14:03.000Z</time>
        <extensions>
          <ns3:TrackPointExtension>
            <ns3:hr>158</ns3:hr>
            <ns3:cad>92</ns3:cad>
          </ns3:TrackPointExtension>
        </extensions>
      </trkpt>
      <trkpt lat="30.75241391547024250030517578125" lon="108.4461366198956966400146484375">
        <ele>424.399993896484375</ele>
        <time>2026-04-30T12:14:04.000Z</time>
        <extensions>
          <ns3:TrackPointExtension>
            <ns3:hr>158</ns3:hr>
            <ns3:cad>92</ns3:cad>
          </ns3:TrackPointExtension>
        </extensions>
      </trkpt>
      <trkpt lat="30.75243805535137653350830078125" lon="108.44613703899085521697998046875">
        <ele>424.399993896484375</ele>
        <time>2026-04-30T12:14:05.000Z</time>
        <extensions>
          <ns3:TrackPointExtension>
            <ns3:hr>159</ns3:hr>
            <ns3:cad>92</ns3:cad>
          </ns3:TrackPointExtension>
        </extensions>
      </trkpt>
      <trkpt lat="30.75246118940412998199462890625" lon="108.44614592380821704864501953125">
        <ele>424.399993896484375</ele>
        <time>2026-04-30T12:14:06.000Z</time>
        <extensions>
          <ns3:TrackPointExtension>
            <ns3:hr>159</ns3:hr>
            <ns3:cad>92</ns3:cad>
          </ns3:TrackPointExtension>
        </extensions>
      </trkpt>
      <trkpt lat="30.752486251294612884521484375" lon="108.44614407978951930999755859375">
        <ele>424.399993896484375</ele>
        <time>2026-04-30T12:14:07.000Z</time>
        <extensions>
          <ns3:TrackPointExtension>
            <ns3:hr>159</ns3:hr>
            <ns3:cad>91</ns3:cad>
          </ns3:TrackPointExtension>
        </extensions>
      </trkpt>
      <trkpt lat="30.75250930152833461761474609375" lon="108.4461480192840099334716796875">
        <ele>424.399993896484375</ele>
        <time>2026-04-30T12:14:08.000Z</time>
        <extensions>
          <ns3:TrackPointExtension>
            <ns3:hr>159</ns3:hr>
            <ns3:cad>91</ns3:cad>
          </ns3:TrackPointExtension>
        </extensions>
      </trkpt>
      <trkpt lat="30.752535872161388397216796875" lon="108.44614625908434391021728515625">
        <ele>424.399993896484375</ele>
        <time>2026-04-30T12:14:09.000Z</time>
        <extensions>
          <ns3:TrackPointExtension>
            <ns3:hr>158</ns3:hr>
            <ns3:cad>91</ns3:cad>
          </ns3:TrackPointExtension>
        </extensions>
      </trkpt>
      <trkpt lat="30.7525576651096343994140625" lon="108.44614290632307529449462890625">
        <ele>424.399993896484375</ele>
        <time>2026-04-30T12:14:10.000Z</time>
        <extensions>
          <ns3:TrackPointExtension>
            <ns3:hr>159</ns3:hr>
            <ns3:cad>92</ns3:cad>
          </ns3:TrackPointExtension>
        </extensions>
      </trkpt>
      <trkpt lat="30.7525853253901004791259765625" lon="108.44614106230437755584716796875">
        <ele>424.399993896484375</ele>
        <time>2026-04-30T12:14:11.000Z</time>
        <extensions>
          <ns3:TrackPointExtension>
            <ns3:hr>159</ns3:hr>
            <ns3:cad>92</ns3:cad>
          </ns3:TrackPointExtension>
        </extensions>
      </trkpt>
      <trkpt lat="30.75260720215737819671630859375" lon="108.4461382962763309478759765625">
        <ele>424.399993896484375</ele>
        <time>2026-04-30T12:14:12.000Z</time>
        <extensions>
          <ns3:TrackPointExtension>
            <ns3:hr>159</ns3:hr>
            <ns3:cad>93</ns3:cad>
          </ns3:TrackPointExtension>
        </extensions>
      </trkpt>
      <trkpt lat="30.75263720937073230743408203125" lon="108.446135111153125762939453125">
        <ele>424.399993896484375</ele>
        <time>2026-04-30T12:14:13.000Z</time>
        <extensions>
          <ns3:TrackPointExtension>
            <ns3:hr>159</ns3:hr>
            <ns3:cad>93</ns3:cad>
          </ns3:TrackPointExtension>
        </extensions>
      </trkpt>
      <trkpt lat="30.75265849940478801727294921875" lon="108.446124382317066192626953125">
        <ele>424.399993896484375</ele>
        <time>2026-04-30T12:14:14.000Z</time>
        <extensions>
          <ns3:TrackPointExtension>
            <ns3:hr>160</ns3:hr>
            <ns3:cad>93</ns3:cad>
          </ns3:TrackPointExtension>
        </extensions>
      </trkpt>
      <trkpt lat="30.75268968008458614349365234375" lon="108.4461208619177341461181640625">
        <ele>424.399993896484375</ele>
        <time>2026-04-30T12:14:15.000Z</time>
        <extensions>
          <ns3:TrackPointExtension>
            <ns3:hr>159</ns3:hr>
            <ns3:cad>93</ns3:cad>
          </ns3:TrackPointExtension>
        </extensions>
      </trkpt>
      <trkpt lat="30.752712227404117584228515625" lon="108.44611658714711666107177734375">
        <ele>424.399993896484375</ele>
        <time>2026-04-30T12:14:16.000Z</time>
        <extensions>
          <ns3:TrackPointExtension>
            <ns3:hr>159</ns3:hr>
            <ns3:cad>93</ns3:cad>
          </ns3:TrackPointExtension>
        </extensions>
      </trkpt>
      <trkpt lat="30.752744413912296295166015625" lon="108.4461213648319244384765625">
        <ele>424.399993896484375</ele>
        <time>2026-04-30T12:14:17.000Z</time>
        <extensions>
          <ns3:TrackPointExtension>
            <ns3:hr>159</ns3:hr>
            <ns3:cad>93</ns3:cad>
          </ns3:TrackPointExtension>
        </extensions>
      </trkpt>
      <trkpt lat="30.752766542136669158935546875" lon="108.44612010754644870758056640625">
        <ele>424.399993896484375</ele>
        <time>2026-04-30T12:14:18.000Z</time>
        <extensions>
          <ns3:TrackPointExtension>
            <ns3:hr>158</ns3:hr>
            <ns3:cad>93</ns3:cad>
          </ns3:TrackPointExtension>
        </extensions>
      </trkpt>
      <trkpt lat="30.75279411859810352325439453125" lon="108.44613611698150634765625">
        <ele>424.399993896484375</ele>
        <time>2026-04-30T12:14:19.000Z</time>
        <extensions>
          <ns3:TrackPointExtension>
            <ns3:hr>158</ns3:hr>
            <ns3:cad>93</ns3:cad>
          </ns3:TrackPointExtension>
        </extensions>
      </trkpt>
      <trkpt lat="30.752818174660205841064453125" lon="108.44613955356180667877197265625">
        <ele>424.399993896484375</ele>
        <time>2026-04-30T12:14:20.000Z</time>
        <extensions>
          <ns3:TrackPointExtension>
            <ns3:hr>157</ns3:hr>
            <ns3:cad>93</ns3:cad>
          </ns3:TrackPointExtension>
        </extensions>
      </trkpt>
      <trkpt lat="30.7528448291122913360595703125" lon="108.446150533854961395263671875">
        <ele>424.399993896484375</ele>
        <time>2026-04-30T12:14:21.000Z</time>
        <extensions>
          <ns3:TrackPointExtension>
            <ns3:hr>157</ns3:hr>
            <ns3:cad>93</ns3:cad>
          </ns3:TrackPointExtension>
        </extensions>
      </trkpt>
      <trkpt lat="30.75286871753633022308349609375" lon="108.44615011475980281829833984375">
        <ele>424.399993896484375</ele>
        <time>2026-04-30T12:14:22.000Z</time>
        <extensions>
          <ns3:TrackPointExtension>
            <ns3:hr>157</ns3:hr>
            <ns3:cad>93</ns3:cad>
          </ns3:TrackPointExtension>
        </extensions>
      </trkpt>
      <trkpt lat="30.752893947064876556396484375" lon="108.44615732319653034210205078125">
        <ele>424.399993896484375</ele>
        <time>2026-04-30T12:14:23.000Z</time>
        <extensions>
          <ns3:TrackPointExtension>
            <ns3:hr>156</ns3:hr>
            <ns3:cad>93</ns3:cad>
          </ns3:TrackPointExtension>
        </extensions>
      </trkpt>
      <trkpt lat="30.752918757498264312744140625" lon="108.446155227720737457275390625">
        <ele>424.399993896484375</ele>
        <time>2026-04-30T12:14:24.000Z</time>
        <extensions>
          <ns3:TrackPointExtension>
            <ns3:hr>156</ns3:hr>
            <ns3:cad>93</ns3:cad>
          </ns3:TrackPointExtension>
        </extensions>
      </trkpt>
      <trkpt lat="30.75293979607522487640380859375" lon="108.44615153968334197998046875">
        <ele>424.399993896484375</ele>
        <time>2026-04-30T12:14:25.000Z</time>
        <extensions>
          <ns3:TrackPointExtension>
            <ns3:hr>156</ns3:hr>
            <ns3:cad>93</ns3:cad>
          </ns3:TrackPointExtension>
        </extensions>
      </trkpt>
      <trkpt lat="30.75296980328857898712158203125" lon="108.446144163608551025390625">
        <ele>424.20001220703125</ele>
        <time>2026-04-30T12:14:26.000Z</time>
        <extensions>
          <ns3:TrackPointExtension>
            <ns3:hr>155</ns3:hr>
            <ns3:cad>93</ns3:cad>
          </ns3:TrackPointExtension>
        </extensions>
      </trkpt>
      <trkpt lat="30.75299092568457126617431640625" lon="108.44613402150571346282958984375">
        <ele>424.20001220703125</ele>
        <time>2026-04-30T12:14:27.000Z</time>
        <extensions>
          <ns3:TrackPointExtension>
            <ns3:hr>155</ns3:hr>
            <ns3:cad>93</ns3:cad>
          </ns3:TrackPointExtension>
        </extensions>
      </trkpt>
      <trkpt lat="30.7530171610414981842041015625" lon="108.44612329266965389251708984375">
        <ele>424.20001220703125</ele>
        <time>2026-04-30T12:14:28.000Z</time>
        <extensions>
          <ns3:TrackPointExtension>
            <ns3:hr>155</ns3:hr>
            <ns3:cad>91</ns3:cad>
          </ns3:TrackPointExtension>
        </extensions>
      </trkpt>
      <trkpt lat="30.75303576886653900146484375" lon="108.4461106359958648681640625">
        <ele>424.20001220703125</ele>
        <time>2026-04-30T12:14:29.000Z</time>
        <extensions>
          <ns3:TrackPointExtension>
            <ns3:hr>156</ns3:hr>
            <ns3:cad>91</ns3:cad>
          </ns3:TrackPointExtension>
        </extensions>
      </trkpt>
      <trkpt lat="30.75306233949959278106689453125" lon="108.44609160907566547393798828125">
        <ele>424.20001220703125</ele>
        <time>2026-04-30T12:14:30.000Z</time>
        <extensions>
          <ns3:TrackPointExtension>
            <ns3:hr>156</ns3:hr>
            <ns3:cad>93</ns3:cad>
          </ns3:TrackPointExtension>
        </extensions>
      </trkpt>
      <trkpt lat="30.75307860039174556732177734375" lon="108.446074090898036956787109375">
        <ele>424.20001220703125</ele>
        <time>2026-04-30T12:14:31.000Z</time>
        <extensions>
          <ns3:TrackPointExtension>
            <ns3:hr>157</ns3:hr>
            <ns3:cad>93</ns3:cad>
          </ns3:TrackPointExtension>
        </extensions>
      </trkpt>
      <trkpt lat="30.753103159368038177490234375" lon="108.44605489633977413177490234375">
        <ele>424.399993896484375</ele>
        <time>2026-04-30T12:14:32.000Z</time>
        <extensions>
          <ns3:TrackPointExtension>
            <ns3:hr>157</ns3:hr>
            <ns3:cad>93</ns3:cad>
          </ns3:TrackPointExtension>
        </extensions>
      </trkpt>
      <trkpt lat="30.75312000699341297149658203125" lon="108.4460382163524627685546875">
        <ele>424.399993896484375</ele>
        <time>2026-04-30T12:14:33.000Z</time>
        <extensions>
          <ns3:TrackPointExtension>
            <ns3:hr>157</ns3:hr>
            <ns3:cad>92</ns3:cad>
          </ns3:TrackPointExtension>
        </extensions>
      </trkpt>
      <trkpt lat="30.7531423866748809814453125" lon="108.44601734541356563568115234375">
        <ele>424.399993896484375</ele>
        <time>2026-04-30T12:14:34.000Z</time>
        <extensions>
          <ns3:TrackPointExtension>
            <ns3:hr>157</ns3:hr>
            <ns3:cad>92</ns3:cad>
          </ns3:TrackPointExtension>
        </extensions>
      </trkpt>
      <trkpt lat="30.75315646827220916748046875" lon="108.44599622301757335662841796875">
        <ele>424.399993896484375</ele>
        <time>2026-04-30T12:14:35.000Z</time>
        <extensions>
          <ns3:TrackPointExtension>
            <ns3:hr>158</ns3:hr>
            <ns3:cad>92</ns3:cad>
          </ns3:TrackPointExtension>
        </extensions>
      </trkpt>
      <trkpt lat="30.753177590668201446533203125" lon="108.44597459770739078521728515625">
        <ele>424.399993896484375</ele>
        <time>2026-04-30T12:14:36.000Z</time>
        <extensions>
          <ns3:TrackPointExtension>
            <ns3:hr>158</ns3:hr>
            <ns3:cad>92</ns3:cad>
          </ns3:TrackPointExtension>
        </extensions>
      </trkpt>
      <trkpt lat="30.7531878165900707244873046875" lon="108.44595112837851047515869140625">
        <ele>424.399993896484375</ele>
        <time>2026-04-30T12:14:37.000Z</time>
        <extensions>
          <ns3:TrackPointExtension>
            <ns3:hr>158</ns3:hr>
            <ns3:cad>92</ns3:cad>
          </ns3:TrackPointExtension>
        </extensions>
      </trkpt>
      <trkpt lat="30.75320608913898468017578125" lon="108.4459309279918670654296875">
        <ele>424.399993896484375</ele>
        <time>2026-04-30T12:14:38.000Z</time>
        <extensions>
          <ns3:TrackPointExtension>
            <ns3:hr>158</ns3:hr>
            <ns3:cad>92</ns3:cad>
          </ns3:TrackPointExtension>
        </extensions>
      </trkpt>
      <trkpt lat="30.7532146386802196502685546875" lon="108.4459069557487964630126953125">
        <ele>424.600006103515625</ele>
        <time>2026-04-30T12:14:39.000Z</time>
        <extensions>
          <ns3:TrackPointExtension>
            <ns3:hr>158</ns3:hr>
            <ns3:cad>92</ns3:cad>
          </ns3:TrackPointExtension>
        </extensions>
      </trkpt>
      <trkpt lat="30.7532303966581821441650390625" lon="108.44588105566799640655517578125">
        <ele>424.600006103515625</ele>
        <time>2026-04-30T12:14:40.000Z</time>
        <extensions>
          <ns3:TrackPointExtension>
            <ns3:hr>158</ns3:hr>
            <ns3:cad>92</ns3:cad>
          </ns3:TrackPointExtension>
        </extensions>
      </trkpt>
      <trkpt lat="30.75324154458940029144287109375" lon="108.4458573348820209503173828125">
        <ele>424.600006103515625</ele>
        <time>2026-04-30T12:14:41.000Z</time>
        <extensions>
          <ns3:TrackPointExtension>
            <ns3:hr>158</ns3:hr>
            <ns3:cad>92</ns3:cad>
          </ns3:TrackPointExtension>
        </extensions>
      </trkpt>
      <trkpt lat="30.75325562618672847747802734375" lon="108.44583411701023578643798828125">
        <ele>424.600006103515625</ele>
        <time>2026-04-30T12:14:42.000Z</time>
        <extensions>
          <ns3:TrackPointExtension>
            <ns3:hr>157</ns3:hr>
            <ns3:cad>92</ns3:cad>
          </ns3:TrackPointExtension>
        </extensions>
      </trkpt>
      <trkpt lat="30.7532662712037563323974609375" lon="108.445805199444293975830078125">
        <ele>424.600006103515625</ele>
        <time>2026-04-30T12:14:43.000Z</time>
        <extensions>
          <ns3:TrackPointExtension>
            <ns3:hr>156</ns3:hr>
            <ns3:cad>92</ns3:cad>
          </ns3:TrackPointExtension>
        </extensions>
      </trkpt>
      <trkpt lat="30.7532753236591815948486328125" lon="108.44577913172543048858642578125">
        <ele>424.600006103515625</ele>
        <time>2026-04-30T12:14:44.000Z</time>
        <extensions>
          <ns3:TrackPointExtension>
            <ns3:hr>155</ns3:hr>
            <ns3:cad>93</ns3:cad>
          </ns3:TrackPointExtension>
        </extensions>
      </trkpt>
      <trkpt lat="30.7532773353159427642822265625" lon="108.44574728049337863922119140625">
        <ele>424.79998779296875</ele>
        <time>2026-04-30T12:14:45.000Z</time>
        <extensions>
          <ns3:TrackPointExtension>
            <ns3:hr>155</ns3:hr>
            <ns3:cad>93</ns3:cad>
          </ns3:TrackPointExtension>
        </extensions>
      </trkpt>
      <trkpt lat="30.75327423401176929473876953125" lon="108.44572096131742000579833984375">
        <ele>424.79998779296875</ele>
        <time>2026-04-30T12:14:46.000Z</time>
        <extensions>
          <ns3:TrackPointExtension>
            <ns3:hr>155</ns3:hr>
            <ns3:cad>93</ns3:cad>
          </ns3:TrackPointExtension>
        </extensions>
      </trkpt>
      <trkpt lat="30.7532736472785472869873046875" lon="108.4456900320947170257568359375">
        <ele>424.79998779296875</ele>
        <time>2026-04-30T12:14:47.000Z</time>
        <extensions>
          <ns3:TrackPointExtension>
            <ns3:hr>155</ns3:hr>
            <ns3:cad>93</ns3:cad>
          </ns3:TrackPointExtension>
        </extensions>
      </trkpt>
      <trkpt lat="30.753272473812103271484375" lon="108.44566530548036098480224609375">
        <ele>424.79998779296875</ele>
        <time>2026-04-30T12:14:48.000Z</time>
        <extensions>
          <ns3:TrackPointExtension>
            <ns3:hr>155</ns3:hr>
            <ns3:cad>93</ns3:cad>
          </ns3:TrackPointExtension>
        </extensions>
      </trkpt>
      <trkpt lat="30.753272809088230133056640625" lon="108.44563295133411884307861328125">
        <ele>424.79998779296875</ele>
        <time>2026-04-30T12:14:49.000Z</time>
        <extensions>
          <ns3:TrackPointExtension>
            <ns3:hr>155</ns3:hr>
            <ns3:cad>92</ns3:cad>
          </ns3:TrackPointExtension>
        </extensions>
      </trkpt>
      <trkpt lat="30.75327314436435699462890625" lon="108.44560881145298480987548828125">
        <ele>424.79998779296875</ele>
        <time>2026-04-30T12:14:50.000Z</time>
        <extensions>
          <ns3:TrackPointExtension>
            <ns3:hr>154</ns3:hr>
            <ns3:cad>92</ns3:cad>
          </ns3:TrackPointExtension>
        </extensions>
      </trkpt>
      <trkpt lat="30.75327943079173564910888671875" lon="108.445576541125774383544921875">
        <ele>424.79998779296875</ele>
        <time>2026-04-30T12:14:51.000Z</time>
        <extensions>
          <ns3:TrackPointExtension>
            <ns3:hr>154</ns3:hr>
            <ns3:cad>92</ns3:cad>
          </ns3:TrackPointExtension>
        </extensions>
      </trkpt>
      <trkpt lat="30.75327909551560878753662109375" lon="108.44555097632110118865966796875">
        <ele>425</ele>
        <time>2026-04-30T12:14:52.000Z</time>
        <extensions>
          <ns3:TrackPointExtension>
            <ns3:hr>154</ns3:hr>
            <ns3:cad>92</ns3:cad>
          </ns3:TrackPointExtension>
        </extensions>
      </trkpt>
      <trkpt lat="30.7532806880772113800048828125" lon="108.4455143474042415618896484375">
        <ele>425</ele>
        <time>2026-04-30T12:14:53.000Z</time>
        <extensions>
          <ns3:TrackPointExtension>
            <ns3:hr>154</ns3:hr>
            <ns3:cad>92</ns3:cad>
          </ns3:TrackPointExtension>
        </extensions>
      </trkpt>
      <trkpt lat="30.753276832401752471923828125" lon="108.44548610039055347442626953125">
        <ele>425</ele>
        <time>2026-04-30T12:14:54.000Z</time>
        <extensions>
          <ns3:TrackPointExtension>
            <ns3:hr>155</ns3:hr>
            <ns3:cad>92</ns3:cad>
          </ns3:TrackPointExtension>
        </extensions>
      </trkpt>
      <trkpt lat="30.75327456928789615631103515625" lon="108.4454523213207721710205078125">
        <ele>425</ele>
        <time>2026-04-30T12:14:55.000Z</time>
        <extensions>
          <ns3:TrackPointExtension>
            <ns3:hr>154</ns3:hr>
            <ns3:cad>92</ns3:cad>
          </ns3:TrackPointExtension>
        </extensions>
      </trkpt>
      <trkpt lat="30.7532625831663608551025390625" lon="108.4454271756112575531005859375">
        <ele>425</ele>
        <time>2026-04-30T12:14:56.000Z</time>
        <extensions>
          <ns3:TrackPointExtension>
            <ns3:hr>154</ns3:hr>
            <ns3:cad>92</ns3:cad>
          </ns3:TrackPointExtension>
        </extensions>
      </trkpt>
      <trkpt lat="30.75325294397771358489990234375" lon="108.445392809808254241943359375">
        <ele>425</ele>
        <time>2026-04-30T12:14:57.000Z</time>
        <extensions>
          <ns3:TrackPointExtension>
            <ns3:hr>155</ns3:hr>
            <ns3:cad>92</ns3:cad>
          </ns3:TrackPointExtension>
        </extensions>
      </trkpt>
      <trkpt lat="30.753240287303924560546875" lon="108.44537143595516681671142578125">
        <ele>425</ele>
        <time>2026-04-30T12:14:58.000Z</time>
        <extensions>
          <ns3:TrackPointExtension>
            <ns3:hr>155</ns3:hr>
            <ns3:cad>92</ns3:cad>
          </ns3:TrackPointExtension>
        </extensions>
      </trkpt>
      <trkpt lat="30.75323022902011871337890625" lon="108.445337824523448944091796875">
        <ele>425</ele>
        <time>2026-04-30T12:14:59.000Z</time>
        <extensions>
          <ns3:TrackPointExtension>
            <ns3:hr>155</ns3:hr>
            <ns3:cad>92</ns3:cad>
          </ns3:TrackPointExtension>
        </extensions>
      </trkpt>
      <trkpt lat="30.75321656651794910430908203125" lon="108.44531611539423465728759765625">
        <ele>425</ele>
        <time>2026-04-30T12:15:00.000Z</time>
        <extensions>
          <ns3:TrackPointExtension>
            <ns3:hr>155</ns3:hr>
            <ns3:cad>92</ns3:cad>
          </ns3:TrackPointExtension>
        </extensions>
      </trkpt>
      <trkpt lat="30.75320516712963581085205078125" lon="108.44528920948505401611328125">
        <ele>425</ele>
        <time>2026-04-30T12:15:01.000Z</time>
        <extensions>
          <ns3:TrackPointExtension>
            <ns3:hr>155</ns3:hr>
            <ns3:cad>91</ns3:cad>
          </ns3:TrackPointExtension>
        </extensions>
      </trkpt>
      <trkpt lat="30.7531901635229587554931640625" lon="108.445268087089061737060546875">
        <ele>425</ele>
        <time>2026-04-30T12:15:02.000Z</time>
        <extensions>
          <ns3:TrackPointExtension>
            <ns3:hr>155</ns3:hr>
            <ns3:cad>91</ns3:cad>
          </ns3:TrackPointExtension>
        </extensions>
      </trkpt>
      <trkpt lat="30.753181278705596923828125" lon="108.44524092972278594970703125">
        <ele>425.20001220703125</ele>
        <time>2026-04-30T12:15:03.000Z</time>
        <extensions>
          <ns3:TrackPointExtension>
            <ns3:hr>155</ns3:hr>
            <ns3:cad>91</ns3:cad>
          </ns3:TrackPointExtension>
        </extensions>
      </trkpt>
      <trkpt lat="30.7531633414328098297119140625" lon="108.445218466222286224365234375">
        <ele>425.20001220703125</ele>
        <time>2026-04-30T12:15:04.000Z</time>
        <extensions>
          <ns3:TrackPointExtension>
            <ns3:hr>156</ns3:hr>
            <ns3:cad>91</ns3:cad>
          </ns3:TrackPointExtension>
        </extensions>
      </trkpt>
      <trkpt lat="30.753149092197418212890625" lon="108.44518904574215412139892578125">
        <ele>425.20001220703125</ele>
        <time>2026-04-30T12:15:05.000Z</time>
        <extensions>
          <ns3:TrackPointExtension>
            <ns3:hr>156</ns3:hr>
            <ns3:cad>91</ns3:cad>
          </ns3:TrackPointExtension>
        </extensions>
      </trkpt>
      <trkpt lat="30.7531316578388214111328125" lon="108.4451670013368129730224609375">
        <ele>425.20001220703125</ele>
        <time>2026-04-30T12:15:06.000Z</time>
        <extensions>
          <ns3:TrackPointExtension>
            <ns3:hr>156</ns3:hr>
            <ns3:cad>91</ns3:cad>
          </ns3:TrackPointExtension>
        </extensions>
      </trkpt>
      <trkpt lat="30.753114223480224609375" lon="108.44514411874115467071533203125">
        <ele>425.20001220703125</ele>
        <time>2026-04-30T12:15:07.000Z</time>
        <extensions>
          <ns3:TrackPointExtension>
            <ns3:hr>156</ns3:hr>
            <ns3:cad>91</ns3:cad>
          </ns3:TrackPointExtension>
        </extensions>
      </trkpt>
      <trkpt lat="30.75309167616069316864013671875" lon="108.44512484036386013031005859375">
        <ele>425.20001220703125</ele>
        <time>2026-04-30T12:15:08.000Z</time>
        <extensions>
          <ns3:TrackPointExtension>
            <ns3:hr>157</ns3:hr>
            <ns3:cad>91</ns3:cad>
          </ns3:TrackPointExtension>
        </extensions>
      </trkpt>
      <trkpt lat="30.7530672848224639892578125" lon="108.44511662609875202178955078125">
        <ele>425.20001220703125</ele>
        <time>2026-04-30T12:15:09.000Z</time>
        <extensions>
          <ns3:TrackPointExtension>
            <ns3:hr>157</ns3:hr>
            <ns3:cad>91</ns3:cad>
          </ns3:TrackPointExtension>
        </extensions>
      </trkpt>
      <trkpt lat="30.753036104142665863037109375" lon="108.445108830928802490234375">
        <ele>425.399993896484375</ele>
        <time>2026-04-30T12:15:10.000Z</time>
        <extensions>
          <ns3:TrackPointExtension>
            <ns3:hr>158</ns3:hr>
            <ns3:cad>92</ns3:cad>
          </ns3:TrackPointExtension>
        </extensions>
      </trkpt>
      <trkpt lat="30.753013975918292999267578125" lon="108.44511377625167369842529296875">
        <ele>425.399993896484375</ele>
        <time>2026-04-30T12:15:11.000Z</time>
        <extensions>
          <ns3:TrackPointExtension>
            <ns3:hr>158</ns3:hr>
            <ns3:cad>92</ns3:cad>
          </ns3:TrackPointExtension>
        </extensions>
      </trkpt>
      <trkpt lat="30.7529836334288120269775390625" lon="108.4451157040894031524658203125">
        <ele>425.399993896484375</ele>
        <time>2026-04-30T12:15:12.000Z</time>
        <extensions>
          <ns3:TrackPointExtension>
            <ns3:hr>158</ns3:hr>
            <ns3:cad>91</ns3:cad>
          </ns3:TrackPointExtension>
        </extensions>
      </trkpt>
      <trkpt lat="30.7529635168612003326416015625" lon="108.44511930830776691436767578125">
        <ele>425.399993896484375</ele>
        <time>2026-04-30T12:15:13.000Z</time>
        <extensions>
          <ns3:TrackPointExtension>
            <ns3:hr>158</ns3:hr>
            <ns3:cad>91</ns3:cad>
          </ns3:TrackPointExtension>
        </extensions>
      </trkpt>
      <trkpt lat="30.752931497991085052490234375" lon="108.44511763192713260650634765625">
        <ele>425.399993896484375</ele>
        <time>2026-04-30T12:15:14.000Z</time>
        <extensions>
          <ns3:TrackPointExtension>
            <ns3:hr>158</ns3:hr>
            <ns3:cad>92</ns3:cad>
          </ns3:TrackPointExtension>
        </extensions>
      </trkpt>
      <trkpt lat="30.75291163288056850433349609375" lon="108.445124924182891845703125">
        <ele>425.399993896484375</ele>
        <time>2026-04-30T12:15:15.000Z</time>
        <extensions>
          <ns3:TrackPointExtension>
            <ns3:hr>158</ns3:hr>
            <ns3:cad>92</ns3:cad>
          </ns3:TrackPointExtension>
        </extensions>
      </trkpt>
      <trkpt lat="30.7528830505907535552978515625" lon="108.44511796720325946807861328125">
        <ele>425.399993896484375</ele>
        <time>2026-04-30T12:15:16.000Z</time>
        <extensions>
          <ns3:TrackPointExtension>
            <ns3:hr>158</ns3:hr>
            <ns3:cad>93</ns3:cad>
          </ns3:TrackPointExtension>
        </extensions>
      </trkpt>
      <trkpt lat="30.7528625987470149993896484375" lon="108.44512291252613067626953125">
        <ele>425.600006103515625</ele>
        <time>2026-04-30T12:15:17.000Z</time>
        <extensions>
          <ns3:TrackPointExtension>
            <ns3:hr>158</ns3:hr>
            <ns3:cad>93</ns3:cad>
          </ns3:TrackPointExtension>
        </extensions>
      </trkpt>
      <trkpt lat="30.7528367824852466583251953125" lon="108.44511897303164005279541015625">
        <ele>425.600006103515625</ele>
        <time>2026-04-30T12:15:18.000Z</time>
        <extensions>
          <ns3:TrackPointExtension>
            <ns3:hr>158</ns3:hr>
            <ns3:cad>93</ns3:cad>
          </ns3:TrackPointExtension>
        </extensions>
      </trkpt>
      <trkpt lat="30.7528156600892543792724609375" lon="108.445124924182891845703125">
        <ele>425.600006103515625</ele>
        <time>2026-04-30T12:15:19.000Z</time>
        <extensions>
          <ns3:TrackPointExtension>
            <ns3:hr>158</ns3:hr>
            <ns3:cad>93</ns3:cad>
          </ns3:TrackPointExtension>
        </extensions>
      </trkpt>
      <trkpt lat="30.75278691016137599945068359375" lon="108.4451183862984180450439453125">
        <ele>425.600006103515625</ele>
        <time>2026-04-30T12:15:20.000Z</time>
        <extensions>
          <ns3:TrackPointExtension>
            <ns3:hr>158</ns3:hr>
            <ns3:cad>92</ns3:cad>
          </ns3:TrackPointExtension>
        </extensions>
      </trkpt>
      <trkpt lat="30.752762518823146820068359375" lon="108.44511888921260833740234375">
        <ele>425.600006103515625</ele>
        <time>2026-04-30T12:15:21.000Z</time>
        <extensions>
          <ns3:TrackPointExtension>
            <ns3:hr>157</ns3:hr>
            <ns3:cad>92</ns3:cad>
          </ns3:TrackPointExtension>
        </extensions>
      </trkpt>
      <trkpt lat="30.75273795984685420989990234375" lon="108.4451177157461643218994140625">
        <ele>425.600006103515625</ele>
        <time>2026-04-30T12:15:22.000Z</time>
        <extensions>
          <ns3:TrackPointExtension>
            <ns3:hr>157</ns3:hr>
            <ns3:cad>92</ns3:cad>
          </ns3:TrackPointExtension>
        </extensions>
      </trkpt>
      <trkpt lat="30.75271130539476871490478515625" lon="108.4451200626790523529052734375">
        <ele>425.600006103515625</ele>
        <time>2026-04-30T12:15:23.000Z</time>
        <extensions>
          <ns3:TrackPointExtension>
            <ns3:hr>157</ns3:hr>
            <ns3:cad>93</ns3:cad>
          </ns3:TrackPointExtension>
        </extensions>
      </trkpt>
      <trkpt lat="30.75268783606588840484619140625" lon="108.445115871727466583251953125">
        <ele>425.600006103515625</ele>
        <time>2026-04-30T12:15:24.000Z</time>
        <extensions>
          <ns3:TrackPointExtension>
            <ns3:hr>157</ns3:hr>
            <ns3:cad>93</ns3:cad>
          </ns3:TrackPointExtension>
        </extensions>
      </trkpt>
      <trkpt lat="30.75265950523316860198974609375" lon="108.44511763192713260650634765625">
        <ele>425.399993896484375</ele>
        <time>2026-04-30T12:15:25.000Z</time>
        <extensions>
          <ns3:TrackPointExtension>
            <ns3:hr>156</ns3:hr>
            <ns3:cad>93</ns3:cad>
          </ns3:TrackPointExtension>
        </extensions>
      </trkpt>
      <trkpt lat="30.7526362873613834381103515625" lon="108.44511620700359344482421875">
        <ele>425.399993896484375</ele>
        <time>2026-04-30T12:15:26.000Z</time>
        <extensions>
          <ns3:TrackPointExtension>
            <ns3:hr>156</ns3:hr>
            <ns3:cad>93</ns3:cad>
          </ns3:TrackPointExtension>
        </extensions>
      </trkpt>
      <trkpt lat="30.75260669924318790435791015625" lon="108.44511914066970348358154296875">
        <ele>425.399993896484375</ele>
        <time>2026-04-30T12:15:27.000Z</time>
        <extensions>
          <ns3:TrackPointExtension>
            <ns3:hr>156</ns3:hr>
            <ns3:cad>93</ns3:cad>
          </ns3:TrackPointExtension>
        </extensions>
      </trkpt>
      <trkpt lat="30.75258524157106876373291015625" lon="108.4451210685074329376220703125">
        <ele>425.399993896484375</ele>
        <time>2026-04-30T12:15:28.000Z</time>
        <extensions>
          <ns3:TrackPointExtension>
            <ns3:hr>156</ns3:hr>
            <ns3:cad>92</ns3:cad>
          </ns3:TrackPointExtension>
        </extensions>
      </trkpt>
      <trkpt lat="30.7525571621954441070556640625" lon="108.44512551091611385345458984375">
        <ele>425.399993896484375</ele>
        <time>2026-04-30T12:15:29.000Z</time>
        <extensions>
          <ns3:TrackPointExtension>
            <ns3:hr>157</ns3:hr>
            <ns3:cad>92</ns3:cad>
          </ns3:TrackPointExtension>
        </extensions>
      </trkpt>
      <trkpt lat="30.75253545306622982025146484375" lon="108.44513498246669769287109375">
        <ele>425.600006103515625</ele>
        <time>2026-04-30T12:15:30.000Z</time>
        <extensions>
          <ns3:TrackPointExtension>
            <ns3:hr>157</ns3:hr>
            <ns3:cad>92</ns3:cad>
          </ns3:TrackPointExtension>
        </extensions>
      </trkpt>
      <trkpt lat="30.7525026798248291015625" lon="108.44513825140893459320068359375">
        <ele>425.600006103515625</ele>
        <time>2026-04-30T12:15:31.000Z</time>
        <extensions>
          <ns3:TrackPointExtension>
            <ns3:hr>157</ns3:hr>
            <ns3:cad>92</ns3:cad>
          </ns3:TrackPointExtension>
        </extensions>
      </trkpt>
      <trkpt lat="30.75248063541948795318603515625" lon="108.4451405145227909088134765625">
        <ele>425.600006103515625</ele>
        <time>2026-04-30T12:15:32.000Z</time>
        <extensions>
          <ns3:TrackPointExtension>
            <ns3:hr>156</ns3:hr>
            <ns3:cad>92</ns3:cad>
          </ns3:TrackPointExtension>
        </extensions>
      </trkpt>
      <trkpt lat="30.752452723681926727294921875" lon="108.4451338090002536773681640625">
        <ele>425.600006103515625</ele>
        <time>2026-04-30T12:15:33.000Z</time>
        <extensions>
          <ns3:TrackPointExtension>
            <ns3:hr>157</ns3:hr>
            <ns3:cad>91</ns3:cad>
          </ns3:TrackPointExtension>
        </extensions>
      </trkpt>
      <trkpt lat="30.75243118219077587127685546875" lon="108.44514043070375919342041015625">
        <ele>425.79998779296875</ele>
        <time>2026-04-30T12:15:34.000Z</time>
        <extensions>
          <ns3:TrackPointExtension>
            <ns3:hr>157</ns3:hr>
            <ns3:cad>91</ns3:cad>
          </ns3:TrackPointExtension>
        </extensions>
      </trkpt>
      <trkpt lat="30.7524076290428638458251953125" lon="108.4451324678957462310791015625">
        <ele>425.79998779296875</ele>
        <time>2026-04-30T12:15:35.000Z</time>
        <extensions>
          <ns3:TrackPointExtension>
            <ns3:hr>157</ns3:hr>
            <ns3:cad>93</ns3:cad>
          </ns3:TrackPointExtension>
        </extensions>
      </trkpt>
      <trkpt lat="30.7523868419229984283447265625" lon="108.44513498246669769287109375">
        <ele>425.79998779296875</ele>
        <time>2026-04-30T12:15:36.000Z</time>
        <extensions>
          <ns3:TrackPointExtension>
            <ns3:hr>157</ns3:hr>
            <ns3:cad>93</ns3:cad>
          </ns3:TrackPointExtension>
        </extensions>
      </trkpt>
      <trkpt lat="30.75236211530864238739013671875" lon="108.44512836076319217681884765625">
        <ele>425.79998779296875</ele>
        <time>2026-04-30T12:15:37.000Z</time>
        <extensions>
          <ns3:TrackPointExtension>
            <ns3:hr>157</ns3:hr>
            <ns3:cad>94</ns3:cad>
          </ns3:TrackPointExtension>
        </extensions>
      </trkpt>
      <trkpt lat="30.75233696959912776947021484375" lon="108.4451291151344776153564453125">
        <ele>425.79998779296875</ele>
        <time>2026-04-30T12:15:38.000Z</time>
        <extensions>
          <ns3:TrackPointExtension>
            <ns3:hr>157</ns3:hr>
            <ns3:cad>94</ns3:cad>
          </ns3:TrackPointExtension>
        </extensions>
      </trkpt>
      <trkpt lat="30.75231232680380344390869140625" lon="108.445124588906764984130859375">
        <ele>425.79998779296875</ele>
        <time>2026-04-30T12:15:39.000Z</time>
        <extensions>
          <ns3:TrackPointExtension>
            <ns3:hr>157</ns3:hr>
            <ns3:cad>93</ns3:cad>
          </ns3:TrackPointExtension>
        </extensions>
      </trkpt>
      <trkpt lat="30.75228433124721050262451171875" lon="108.4451260976493358612060546875">
        <ele>425.79998779296875</ele>
        <time>2026-04-30T12:15:40.000Z</time>
        <extensions>
          <ns3:TrackPointExtension>
            <ns3:hr>156</ns3:hr>
            <ns3:cad>93</ns3:cad>
          </ns3:TrackPointExtension>
        </extensions>
      </trkpt>
      <trkpt lat="30.75226052664220333099365234375" lon="108.44512416981160640716552734375">
        <ele>425.79998779296875</ele>
        <time>2026-04-30T12:15:41.000Z</time>
        <extensions>
          <ns3:TrackPointExtension>
            <ns3:hr>156</ns3:hr>
            <ns3:cad>93</ns3:cad>
          </ns3:TrackPointExtension>
        </extensions>
      </trkpt>
      <trkpt lat="30.7522306032478809356689453125" lon="108.44512333162128925323486328125">
        <ele>425.79998779296875</ele>
        <time>2026-04-30T12:15:42.000Z</time>
        <extensions>
          <ns3:TrackPointExtension>
            <ns3:hr>156</ns3:hr>
            <ns3:cad>93</ns3:cad>
          </ns3:TrackPointExtension>
        </extensions>
      </trkpt>
      <trkpt lat="30.7522098161280155181884765625" lon="108.44512416981160640716552734375">
        <ele>425.79998779296875</ele>
        <time>2026-04-30T12:15:43.000Z</time>
        <extensions>
          <ns3:TrackPointExtension>
            <ns3:hr>156</ns3:hr>
            <ns3:cad>93</ns3:cad>
          </ns3:TrackPointExtension>
        </extensions>
      </trkpt>
      <trkpt lat="30.75217871926724910736083984375" lon="108.445124588906764984130859375">
        <ele>425.79998779296875</ele>
        <time>2026-04-30T12:15:44.000Z</time>
        <extensions>
          <ns3:TrackPointExtension>
            <ns3:hr>155</ns3:hr>
            <ns3:cad>93</ns3:cad>
          </ns3:TrackPointExtension>
        </extensions>
      </trkpt>
      <trkpt lat="30.752157680690288543701171875" lon="108.445131964981555938720703125">
        <ele>425.79998779296875</ele>
        <time>2026-04-30T12:15:45.000Z</time>
        <extensions>
          <ns3:TrackPointExtension>
            <ns3:hr>155</ns3:hr>
            <ns3:cad>93</ns3:cad>
          </ns3:TrackPointExtension>
        </extensions>
      </trkpt>
      <trkpt lat="30.7521285116672515869140625" lon="108.44513489864766597747802734375">
        <ele>425.79998779296875</ele>
        <time>2026-04-30T12:15:46.000Z</time>
        <extensions>
          <ns3:TrackPointExtension>
            <ns3:hr>155</ns3:hr>
            <ns3:cad>92</ns3:cad>
          </ns3:TrackPointExtension>
        </extensions>
      </trkpt>
      <trkpt lat="30.75210898183286190032958984375" lon="108.44514168798923492431640625">
        <ele>425.79998779296875</ele>
        <time>2026-04-30T12:15:47.000Z</time>
        <extensions>
          <ns3:TrackPointExtension>
            <ns3:hr>154</ns3:hr>
            <ns3:cad>92</ns3:cad>
          </ns3:TrackPointExtension>
        </extensions>
      </trkpt>
      <trkpt lat="30.752081573009490966796875" lon="108.44514227472245693206787109375">
        <ele>425.79998779296875</ele>
        <time>2026-04-30T12:15:48.000Z</time>
        <extensions>
          <ns3:TrackPointExtension>
            <ns3:hr>154</ns3:hr>
            <ns3:cad>92</ns3:cad>
          </ns3:TrackPointExtension>
        </extensions>
      </trkpt>
      <trkpt lat="30.7520576007664203643798828125" lon="108.44514914788305759429931640625">
        <ele>425.79998779296875</ele>
        <time>2026-04-30T12:15:49.000Z</time>
        <extensions>
          <ns3:TrackPointExtension>
            <ns3:hr>154</ns3:hr>
            <ns3:cad>93</ns3:cad>
          </ns3:TrackPointExtension>
        </extensions>
      </trkpt>
      <trkpt lat="30.752028264105319976806640625" lon="108.4451435320079326629638671875">
        <ele>425.79998779296875</ele>
        <time>2026-04-30T12:15:50.000Z</time>
        <extensions>
          <ns3:TrackPointExtension>
            <ns3:hr>154</ns3:hr>
            <ns3:cad>93</ns3:cad>
          </ns3:TrackPointExtension>
        </extensions>
      </trkpt>
      <trkpt lat="30.75200219638645648956298828125" lon="108.44514696858823299407958984375">
        <ele>425.79998779296875</ele>
        <time>2026-04-30T12:15:51.000Z</time>
        <extensions>
          <ns3:TrackPointExtension>
            <ns3:hr>154</ns3:hr>
            <ns3:cad>93</ns3:cad>
          </ns3:TrackPointExtension>
        </extensions>
      </trkpt>
      <trkpt lat="30.75197495520114898681640625" lon="108.44513959251344203948974609375">
        <ele>426</ele>
        <time>2026-04-30T12:15:52.000Z</time>
        <extensions>
          <ns3:TrackPointExtension>
            <ns3:hr>153</ns3:hr>
            <ns3:cad>93</ns3:cad>
          </ns3:TrackPointExtension>
        </extensions>
      </trkpt>
      <trkpt lat="30.75194947421550750732421875" lon="108.4451435320079326629638671875">
        <ele>426</ele>
        <time>2026-04-30T12:15:53.000Z</time>
        <extensions>
          <ns3:TrackPointExtension>
            <ns3:hr>153</ns3:hr>
            <ns3:cad>93</ns3:cad>
          </ns3:TrackPointExtension>
        </extensions>
      </trkpt>
      <trkpt lat="30.75192541815340518951416015625" lon="108.44514437019824981689453125">
        <ele>426</ele>
        <time>2026-04-30T12:15:54.000Z</time>
        <extensions>
          <ns3:TrackPointExtension>
            <ns3:hr>153</ns3:hr>
            <ns3:cad>93</ns3:cad>
          </ns3:TrackPointExtension>
        </extensions>
      </trkpt>
      <trkpt lat="30.75189775787293910980224609375" lon="108.4451544284820556640625">
        <ele>426</ele>
        <time>2026-04-30T12:15:55.000Z</time>
        <extensions>
          <ns3:TrackPointExtension>
            <ns3:hr>153</ns3:hr>
            <ns3:cad>93</ns3:cad>
          </ns3:TrackPointExtension>
        </extensions>
      </trkpt>
      <trkpt lat="30.751874707639217376708984375" lon="108.4451649896800518035888671875">
        <ele>426</ele>
        <time>2026-04-30T12:15:56.000Z</time>
        <extensions>
          <ns3:TrackPointExtension>
            <ns3:hr>153</ns3:hr>
            <ns3:cad>93</ns3:cad>
          </ns3:TrackPointExtension>
        </extensions>
      </trkpt>
      <trkpt lat="30.75184830464422702789306640625" lon="108.44518099911510944366455078125">
        <ele>426.20001220703125</ele>
        <time>2026-04-30T12:15:57.000Z</time>
        <extensions>
          <ns3:TrackPointExtension>
            <ns3:hr>153</ns3:hr>
            <ns3:cad>93</ns3:cad>
          </ns3:TrackPointExtension>
        </extensions>
      </trkpt>
      <trkpt lat="30.7518272660672664642333984375" lon="108.4451918117702007293701171875">
        <ele>426.20001220703125</ele>
        <time>2026-04-30T12:15:58.000Z</time>
        <extensions>
          <ns3:TrackPointExtension>
            <ns3:hr>153</ns3:hr>
            <ns3:cad>93</ns3:cad>
          </ns3:TrackPointExtension>
        </extensions>
      </trkpt>
      <trkpt lat="30.75180069543421268463134765625" lon="108.44521268270909786224365234375">
        <ele>426.20001220703125</ele>
        <time>2026-04-30T12:15:59.000Z</time>
        <extensions>
          <ns3:TrackPointExtension>
            <ns3:hr>153</ns3:hr>
            <ns3:cad>92</ns3:cad>
          </ns3:TrackPointExtension>
        </extensions>
      </trkpt>
      <trkpt lat="30.75177957303822040557861328125" lon="108.4452333860099315643310546875">
        <ele>426.20001220703125</ele>
        <time>2026-04-30T12:16:00.000Z</time>
        <extensions>
          <ns3:TrackPointExtension>
            <ns3:hr>153</ns3:hr>
            <ns3:cad>92</ns3:cad>
          </ns3:TrackPointExtension>
        </extensions>
      </trkpt>
      <trkpt lat="30.751753337681293487548828125" lon="108.4452581964433193206787109375">
        <ele>426.20001220703125</ele>
        <time>2026-04-30T12:16:01.000Z</time>
        <extensions>
          <ns3:TrackPointExtension>
            <ns3:hr>152</ns3:hr>
            <ns3:cad>92</ns3:cad>
          </ns3:TrackPointExtension>
        </extensions>
      </trkpt>
      <trkpt lat="30.75173581950366497039794921875" lon="108.44528074376285076141357421875">
        <ele>426.20001220703125</ele>
        <time>2026-04-30T12:16:02.000Z</time>
        <extensions>
          <ns3:TrackPointExtension>
            <ns3:hr>153</ns3:hr>
            <ns3:cad>92</ns3:cad>
          </ns3:TrackPointExtension>
        </extensions>
      </trkpt>
      <trkpt lat="30.75171235017478466033935546875" lon="108.445307649672031402587890625">
        <ele>426.20001220703125</ele>
        <time>2026-04-30T12:16:03.000Z</time>
        <extensions>
          <ns3:TrackPointExtension>
            <ns3:hr>153</ns3:hr>
            <ns3:cad>92</ns3:cad>
          </ns3:TrackPointExtension>
        </extensions>
      </trkpt>
      <trkpt lat="30.7516975142061710357666015625" lon="108.4453301131725311279296875">
        <ele>426.399993896484375</ele>
        <time>2026-04-30T12:16:04.000Z</time>
        <extensions>
          <ns3:TrackPointExtension>
            <ns3:hr>153</ns3:hr>
            <ns3:cad>92</ns3:cad>
          </ns3:TrackPointExtension>
        </extensions>
      </trkpt>
      <trkpt lat="30.75167723000049591064453125" lon="108.44535735435783863067626953125">
        <ele>426.399993896484375</ele>
        <time>2026-04-30T12:16:05.000Z</time>
        <extensions>
          <ns3:TrackPointExtension>
            <ns3:hr>153</ns3:hr>
            <ns3:cad>92</ns3:cad>
          </ns3:TrackPointExtension>
        </extensions>
      </trkpt>
      <trkpt lat="30.75166557915508747100830078125" lon="108.445379734039306640625">
        <ele>426.399993896484375</ele>
        <time>2026-04-30T12:16:06.000Z</time>
        <extensions>
          <ns3:TrackPointExtension>
            <ns3:hr>154</ns3:hr>
            <ns3:cad>92</ns3:cad>
          </ns3:TrackPointExtension>
        </extensions>
      </trkpt>
      <trkpt lat="30.7516478933393955230712890625" lon="108.445406220853328704833984375">
        <ele>426.399993896484375</ele>
        <time>2026-04-30T12:16:07.000Z</time>
        <extensions>
          <ns3:TrackPointExtension>
            <ns3:hr>154</ns3:hr>
            <ns3:cad>92</ns3:cad>
          </ns3:TrackPointExtension>
        </extensions>
      </trkpt>
      <trkpt lat="30.75164043344557285308837890625" lon="108.44543044455349445343017578125">
        <ele>426.399993896484375</ele>
        <time>2026-04-30T12:16:08.000Z</time>
        <extensions>
          <ns3:TrackPointExtension>
            <ns3:hr>154</ns3:hr>
            <ns3:cad>92</ns3:cad>
          </ns3:TrackPointExtension>
        </extensions>
      </trkpt>
      <trkpt lat="30.75162333436310291290283203125" lon="108.4454603679478168487548828125">
        <ele>426.399993896484375</ele>
        <time>2026-04-30T12:16:09.000Z</time>
        <extensions>
          <ns3:TrackPointExtension>
            <ns3:hr>156</ns3:hr>
            <ns3:cad>92</ns3:cad>
          </ns3:TrackPointExtension>
        </extensions>
      </trkpt>
      <trkpt lat="30.7516197301447391510009765625" lon="108.44548341818153858184814453125">
        <ele>426.399993896484375</ele>
        <time>2026-04-30T12:16:10.000Z</time>
        <extensions>
          <ns3:TrackPointExtension>
            <ns3:hr>157</ns3:hr>
            <ns3:cad>92</ns3:cad>
          </ns3:TrackPointExtension>
        </extensions>
      </trkpt>
      <trkpt lat="30.75160891748964786529541015625" lon="108.445513509213924407958984375">
        <ele>426.399993896484375</ele>
        <time>2026-04-30T12:16:11.000Z</time>
        <extensions>
          <ns3:TrackPointExtension>
            <ns3:hr>157</ns3:hr>
            <ns3:cad>93</ns3:cad>
          </ns3:TrackPointExtension>
        </extensions>
      </trkpt>
      <trkpt lat="30.75160271488130092620849609375" lon="108.4455431811511516571044921875">
        <ele>426.399993896484375</ele>
        <time>2026-04-30T12:16:12.000Z</time>
        <extensions>
          <ns3:TrackPointExtension>
            <ns3:hr>158</ns3:hr>
            <ns3:cad>93</ns3:cad>
          </ns3:TrackPointExtension>
        </extensions>
      </trkpt>
      <trkpt lat="30.75159030966460704803466796875" lon="108.44557628966867923736572265625">
        <ele>426.399993896484375</ele>
        <time>2026-04-30T12:16:13.000Z</time>
        <extensions>
          <ns3:TrackPointExtension>
            <ns3:hr>159</ns3:hr>
            <ns3:cad>93</ns3:cad>
          </ns3:TrackPointExtension>
        </extensions>
      </trkpt>
      <trkpt lat="30.75158611871302127838134765625" lon="108.44561048783361911773681640625">
        <ele>426.399993896484375</ele>
        <time>2026-04-30T12:16:14.000Z</time>
        <extensions>
          <ns3:TrackPointExtension>
            <ns3:hr>159</ns3:hr>
            <ns3:cad>93</ns3:cad>
          </ns3:TrackPointExtension>
        </extensions>
      </trkpt>
      <trkpt lat="30.7515815086662769317626953125" lon="108.44563814811408519744873046875">
        <ele>426.399993896484375</ele>
        <time>2026-04-30T12:16:15.000Z</time>
        <extensions>
          <ns3:TrackPointExtension>
            <ns3:hr>160</ns3:hr>
            <ns3:cad>93</ns3:cad>
          </ns3:TrackPointExtension>
        </extensions>
      </trkpt>
      <trkpt lat="30.751582346856594085693359375" lon="108.44567184336483478546142578125">
        <ele>426.600006103515625</ele>
        <time>2026-04-30T12:16:16.000Z</time>
        <extensions>
          <ns3:TrackPointExtension>
            <ns3:hr>160</ns3:hr>
            <ns3:cad>93</ns3:cad>
          </ns3:TrackPointExtension>
        </extensions>
      </trkpt>
      <trkpt lat="30.75158067047595977783203125" lon="108.44569866545498371124267578125">
        <ele>426.600006103515625</ele>
        <time>2026-04-30T12:16:17.000Z</time>
        <extensions>
          <ns3:TrackPointExtension>
            <ns3:hr>160</ns3:hr>
            <ns3:cad>93</ns3:cad>
          </ns3:TrackPointExtension>
        </extensions>
      </trkpt>
      <trkpt lat="30.75158980675041675567626953125" lon="108.4457332827150821685791015625">
        <ele>426.600006103515625</ele>
        <time>2026-04-30T12:16:18.000Z</time>
        <extensions>
          <ns3:TrackPointExtension>
            <ns3:hr>159</ns3:hr>
            <ns3:cad>93</ns3:cad>
          </ns3:TrackPointExtension>
        </extensions>
      </trkpt>
      <trkpt lat="30.75159542262554168701171875" lon="108.44576002098619937896728515625">
        <ele>426.600006103515625</ele>
        <time>2026-04-30T12:16:19.000Z</time>
        <extensions>
          <ns3:TrackPointExtension>
            <ns3:hr>160</ns3:hr>
            <ns3:cad>93</ns3:cad>
          </ns3:TrackPointExtension>
        </extensions>
      </trkpt>
      <trkpt lat="30.751599781215190887451171875" lon="108.44579354859888553619384765625">
        <ele>426.600006103515625</ele>
        <time>2026-04-30T12:16:20.000Z</time>
        <extensions>
          <ns3:TrackPointExtension>
            <ns3:hr>160</ns3:hr>
            <ns3:cad>93</ns3:cad>
          </ns3:TrackPointExtension>
        </extensions>
      </trkpt>
      <trkpt lat="30.75160757638514041900634765625" lon="108.44581265933811664581298828125">
        <ele>426.600006103515625</ele>
        <time>2026-04-30T12:16:21.000Z</time>
        <extensions>
          <ns3:TrackPointExtension>
            <ns3:hr>160</ns3:hr>
            <ns3:cad>93</ns3:cad>
          </ns3:TrackPointExtension>
        </extensions>
      </trkpt>
      <trkpt lat="30.7516160421073436737060546875" lon="108.44584249891340732574462890625">
        <ele>426.600006103515625</ele>
        <time>2026-04-30T12:16:22.000Z</time>
        <extensions>
          <ns3:TrackPointExtension>
            <ns3:hr>160</ns3:hr>
            <ns3:cad>93</ns3:cad>
          </ns3:TrackPointExtension>
        </extensions>
      </trkpt>
      <trkpt lat="30.75162936933338642120361328125" lon="108.445867560803890228271484375">
        <ele>426.600006103515625</ele>
        <time>2026-04-30T12:16:23.000Z</time>
        <extensions>
          <ns3:TrackPointExtension>
            <ns3:hr>160</ns3:hr>
            <ns3:cad>93</ns3:cad>
          </ns3:TrackPointExtension>
        </extensions>
      </trkpt>
      <trkpt lat="30.751638673245906829833984375" lon="108.4459066204726696014404296875">
        <ele>426.600006103515625</ele>
        <time>2026-04-30T12:16:24.000Z</time>
        <extensions>
          <ns3:TrackPointExtension>
            <ns3:hr>160</ns3:hr>
            <ns3:cad>93</ns3:cad>
          </ns3:TrackPointExtension>
        </extensions>
      </trkpt>
      <trkpt lat="30.75165535323321819305419921875" lon="108.44592983834445476531982421875">
        <ele>426.600006103515625</ele>
        <time>2026-04-30T12:16:25.000Z</time>
        <extensions>
          <ns3:TrackPointExtension>
            <ns3:hr>161</ns3:hr>
            <ns3:cad>93</ns3:cad>
          </ns3:TrackPointExtension>
        </extensions>
      </trkpt>
      <trkpt lat="30.751669518649578094482421875" lon="108.445962108671665191650390625">
        <ele>426.600006103515625</ele>
        <time>2026-04-30T12:16:26.000Z</time>
        <extensions>
          <ns3:TrackPointExtension>
            <ns3:hr>161</ns3:hr>
            <ns3:cad>91</ns3:cad>
          </ns3:TrackPointExtension>
        </extensions>
      </trkpt>
      <trkpt lat="30.7516877911984920501708984375" lon="108.44597996212542057037353515625">
        <ele>426.600006103515625</ele>
        <time>2026-04-30T12:16:27.000Z</time>
        <extensions>
          <ns3:TrackPointExtension>
            <ns3:hr>161</ns3:hr>
            <ns3:cad>91</ns3:cad>
          </ns3:TrackPointExtension>
        </extensions>
      </trkpt>
      <trkpt lat="30.75170061551034450531005859375" lon="108.446004353463649749755859375">
        <ele>426.600006103515625</ele>
        <time>2026-04-30T12:16:28.000Z</time>
        <extensions>
          <ns3:TrackPointExtension>
            <ns3:hr>161</ns3:hr>
            <ns3:cad>93</ns3:cad>
          </ns3:TrackPointExtension>
        </extensions>
      </trkpt>
      <trkpt lat="30.75172425247728824615478515625" lon="108.446023799479007720947265625">
        <ele>426.600006103515625</ele>
        <time>2026-04-30T12:16:29.000Z</time>
        <extensions>
          <ns3:TrackPointExtension>
            <ns3:hr>161</ns3:hr>
            <ns3:cad>93</ns3:cad>
          </ns3:TrackPointExtension>
        </extensions>
      </trkpt>
      <trkpt lat="30.75174302794039249420166015625" lon="108.44604182057082653045654296875">
        <ele>426.600006103515625</ele>
        <time>2026-04-30T12:16:30.000Z</time>
        <extensions>
          <ns3:TrackPointExtension>
            <ns3:hr>161</ns3:hr>
            <ns3:cad>93</ns3:cad>
          </ns3:TrackPointExtension>
        </extensions>
      </trkpt>
      <trkpt lat="30.75176951475441455841064453125" lon="108.4460591711103916168212890625">
        <ele>426.600006103515625</ele>
        <time>2026-04-30T12:16:31.000Z</time>
        <extensions>
          <ns3:TrackPointExtension>
            <ns3:hr>161</ns3:hr>
            <ns3:cad>91</ns3:cad>
          </ns3:TrackPointExtension>
        </extensions>
      </trkpt>
      <trkpt lat="30.75179114006459712982177734375" lon="108.4460715763270854949951171875">
        <ele>426.600006103515625</ele>
        <time>2026-04-30T12:16:32.000Z</time>
        <extensions>
          <ns3:TrackPointExtension>
            <ns3:hr>162</ns3:hr>
            <ns3:cad>91</ns3:cad>
          </ns3:TrackPointExtension>
        </extensions>
      </trkpt>
      <trkpt lat="30.7518192194402217864990234375" lon="108.44608892686665058135986328125">
        <ele>426.600006103515625</ele>
        <time>2026-04-30T12:16:33.000Z</time>
        <extensions>
          <ns3:TrackPointExtension>
            <ns3:hr>162</ns3:hr>
            <ns3:cad>93</ns3:cad>
          </ns3:TrackPointExtension>
        </extensions>
      </trkpt>
      <trkpt lat="30.75183992274105548858642578125" lon="108.44610418193042278289794921875">
        <ele>426.600006103515625</ele>
        <time>2026-04-30T12:16:34.000Z</time>
        <extensions>
          <ns3:TrackPointExtension>
            <ns3:hr>162</ns3:hr>
            <ns3:cad>93</ns3:cad>
          </ns3:TrackPointExtension>
        </extensions>
      </trkpt>
      <trkpt lat="30.75186842121183872222900390625" lon="108.4461238794028759002685546875">
        <ele>426.600006103515625</ele>
        <time>2026-04-30T12:16:35.000Z</time>
        <extensions>
          <ns3:TrackPointExtension>
            <ns3:hr>162</ns3:hr>
            <ns3:cad>93</ns3:cad>
          </ns3:TrackPointExtension>
        </extensions>
      </trkpt>
      <trkpt lat="30.751889459788799285888671875" lon="108.4461325965821743011474609375">
        <ele>426.600006103515625</ele>
        <time>2026-04-30T12:16:36.000Z</time>
        <extensions>
          <ns3:TrackPointExtension>
            <ns3:hr>162</ns3:hr>
            <ns3:cad>93</ns3:cad>
          </ns3:TrackPointExtension>
        </extensions>
      </trkpt>
      <trkpt lat="30.75191888026893138885498046875" lon="108.4461456723511219024658203125">
        <ele>426.600006103515625</ele>
        <time>2026-04-30T12:16:37.000Z</time>
        <extensions>
          <ns3:TrackPointExtension>
            <ns3:hr>163</ns3:hr>
            <ns3:cad>93</ns3:cad>
          </ns3:TrackPointExtension>
        </extensions>
      </trkpt>
      <trkpt lat="30.751940421760082244873046875" lon="108.4461486898362636566162109375">
        <ele>426.600006103515625</ele>
        <time>2026-04-30T12:16:38.000Z</time>
        <extensions>
          <ns3:TrackPointExtension>
            <ns3:hr>163</ns3:hr>
            <ns3:cad>92</ns3:cad>
          </ns3:TrackPointExtension>
        </extensions>
      </trkpt>
      <trkpt lat="30.75196967460215091705322265625" lon="108.44615581445395946502685546875">
        <ele>426.600006103515625</ele>
        <time>2026-04-30T12:16:39.000Z</time>
        <extensions>
          <ns3:TrackPointExtension>
            <ns3:hr>163</ns3:hr>
            <ns3:cad>92</ns3:cad>
          </ns3:TrackPointExtension>
        </extensions>
      </trkpt>
      <trkpt lat="30.75199230574071407318115234375" lon="108.4461513720452785491943359375">
        <ele>426.600006103515625</ele>
        <time>2026-04-30T12:16:40.000Z</time>
        <extensions>
          <ns3:TrackPointExtension>
            <ns3:hr>162</ns3:hr>
            <ns3:cad>92</ns3:cad>
          </ns3:TrackPointExtension>
        </extensions>
      </trkpt>
      <trkpt lat="30.75202197767794132232666015625" lon="108.44615824520587921142578125">
        <ele>426.600006103515625</ele>
        <time>2026-04-30T12:16:41.000Z</time>
        <extensions>
          <ns3:TrackPointExtension>
            <ns3:hr>163</ns3:hr>
            <ns3:cad>92</ns3:cad>
          </ns3:TrackPointExtension>
        </extensions>
      </trkpt>
      <trkpt lat="30.75204662047326564788818359375" lon="108.4461508691310882568359375">
        <ele>426.600006103515625</ele>
        <time>2026-04-30T12:16:42.000Z</time>
        <extensions>
          <ns3:TrackPointExtension>
            <ns3:hr>163</ns3:hr>
            <ns3:cad>92</ns3:cad>
          </ns3:TrackPointExtension>
        </extensions>
      </trkpt>
      <trkpt lat="30.7520767115056514739990234375" lon="108.4461597539484500885009765625">
        <ele>426.600006103515625</ele>
        <time>2026-04-30T12:16:43.000Z</time>
        <extensions>
          <ns3:TrackPointExtension>
            <ns3:hr>162</ns3:hr>
            <ns3:cad>92</ns3:cad>
          </ns3:TrackPointExtension>
        </extensions>
      </trkpt>
      <trkpt lat="30.75209808535873889923095703125" lon="108.44615262933075428009033203125">
        <ele>426.600006103515625</ele>
        <time>2026-04-30T12:16:44.000Z</time>
        <extensions>
          <ns3:TrackPointExtension>
            <ns3:hr>163</ns3:hr>
            <ns3:cad>92</ns3:cad>
          </ns3:TrackPointExtension>
        </extensions>
      </trkpt>
      <trkpt lat="30.75212658382952213287353515625" lon="108.44616117887198925018310546875">
        <ele>426.79998779296875</ele>
        <time>2026-04-30T12:16:45.000Z</time>
        <extensions>
          <ns3:TrackPointExtension>
            <ns3:hr>163</ns3:hr>
            <ns3:cad>92</ns3:cad>
          </ns3:TrackPointExtension>
        </extensions>
      </trkpt>
      <trkpt lat="30.75215122662484645843505859375" lon="108.446155227720737457275390625">
        <ele>426.79998779296875</ele>
        <time>2026-04-30T12:16:46.000Z</time>
        <extensions>
          <ns3:TrackPointExtension>
            <ns3:hr>162</ns3:hr>
            <ns3:cad>92</ns3:cad>
          </ns3:TrackPointExtension>
        </extensions>
      </trkpt>
      <trkpt lat="30.7521756179630756378173828125" lon="108.44615958631038665771484375">
        <ele>426.79998779296875</ele>
        <time>2026-04-30T12:16:47.000Z</time>
        <extensions>
          <ns3:TrackPointExtension>
            <ns3:hr>163</ns3:hr>
            <ns3:cad>92</ns3:cad>
          </ns3:TrackPointExtension>
        </extensions>
      </trkpt>
      <trkpt lat="30.7522004283964633941650390625" lon="108.44615564681589603424072265625">
        <ele>426.79998779296875</ele>
        <time>2026-04-30T12:16:48.000Z</time>
        <extensions>
          <ns3:TrackPointExtension>
            <ns3:hr>163</ns3:hr>
            <ns3:cad>92</ns3:cad>
          </ns3:TrackPointExtension>
        </extensions>
      </trkpt>
      <trkpt lat="30.75222867541015148162841796875" lon="108.44616050831973552703857421875">
        <ele>426.79998779296875</ele>
        <time>2026-04-30T12:16:49.000Z</time>
        <extensions>
          <ns3:TrackPointExtension>
            <ns3:hr>162</ns3:hr>
            <ns3:cad>92</ns3:cad>
          </ns3:TrackPointExtension>
        </extensions>
      </trkpt>
      <trkpt lat="30.7522540725767612457275390625" lon="108.4461560659110546112060546875">
        <ele>426.79998779296875</ele>
        <time>2026-04-30T12:16:50.000Z</time>
        <extensions>
          <ns3:TrackPointExtension>
            <ns3:hr>163</ns3:hr>
            <ns3:cad>92</ns3:cad>
          </ns3:TrackPointExtension>
        </extensions>
      </trkpt>
      <trkpt lat="30.75228164903819561004638671875" lon="108.44615849666297435760498046875">
        <ele>426.79998779296875</ele>
        <time>2026-04-30T12:16:51.000Z</time>
        <extensions>
          <ns3:TrackPointExtension>
            <ns3:hr>163</ns3:hr>
            <ns3:cad>92</ns3:cad>
          </ns3:TrackPointExtension>
        </extensions>
      </trkpt>
      <trkpt lat="30.75231048278510570526123046875" lon="108.4461527131497859954833984375">
        <ele>426.79998779296875</ele>
        <time>2026-04-30T12:16:52.000Z</time>
        <extensions>
          <ns3:TrackPointExtension>
            <ns3:hr>162</ns3:hr>
            <ns3:cad>92</ns3:cad>
          </ns3:TrackPointExtension>
        </extensions>
      </trkpt>
      <trkpt lat="30.75233847834169864654541015625" lon="108.44615380279719829559326171875">
        <ele>426.79998779296875</ele>
        <time>2026-04-30T12:16:53.000Z</time>
        <extensions>
          <ns3:TrackPointExtension>
            <ns3:hr>163</ns3:hr>
            <ns3:cad>92</ns3:cad>
          </ns3:TrackPointExtension>
        </extensions>
      </trkpt>
      <trkpt lat="30.75236865319311618804931640625" lon="108.4461503662168979644775390625">
        <ele>426.79998779296875</ele>
        <time>2026-04-30T12:16:54.000Z</time>
        <extensions>
          <ns3:TrackPointExtension>
            <ns3:hr>163</ns3:hr>
            <ns3:cad>91</ns3:cad>
          </ns3:TrackPointExtension>
        </extensions>
      </trkpt>
      <trkpt lat="30.75239296071231365203857421875" lon="108.44615229405462741851806640625">
        <ele>426.79998779296875</ele>
        <time>2026-04-30T12:16:55.000Z</time>
        <extensions>
          <ns3:TrackPointExtension>
            <ns3:hr>162</ns3:hr>
            <ns3:cad>91</ns3:cad>
          </ns3:TrackPointExtension>
        </extensions>
      </trkpt>
      <trkpt lat="30.752423219382762908935546875" lon="108.4461508691310882568359375">
        <ele>426.79998779296875</ele>
        <time>2026-04-30T12:16:56.000Z</time>
        <extensions>
          <ns3:TrackPointExtension>
            <ns3:hr>163</ns3:hr>
            <ns3:cad>91</ns3:cad>
          </ns3:TrackPointExtension>
        </extensions>
      </trkpt>
      <trkpt lat="30.7524475269019603729248046875" lon="108.446147851645946502685546875">
        <ele>426.79998779296875</ele>
        <time>2026-04-30T12:16:57.000Z</time>
        <extensions>
          <ns3:TrackPointExtension>
            <ns3:hr>163</ns3:hr>
            <ns3:cad>91</ns3:cad>
          </ns3:TrackPointExtension>
        </extensions>
      </trkpt>
      <trkpt lat="30.752477534115314483642578125" lon="108.446146510541439056396484375">
        <ele>426.79998779296875</ele>
        <time>2026-04-30T12:16:58.000Z</time>
        <extensions>
          <ns3:TrackPointExtension>
            <ns3:hr>162</ns3:hr>
            <ns3:cad>92</ns3:cad>
          </ns3:TrackPointExtension>
        </extensions>
      </trkpt>
      <trkpt lat="30.75250343419611454010009765625" lon="108.4461436606943607330322265625">
        <ele>426.79998779296875</ele>
        <time>2026-04-30T12:16:59.000Z</time>
        <extensions>
          <ns3:TrackPointExtension>
            <ns3:hr>163</ns3:hr>
            <ns3:cad>92</ns3:cad>
          </ns3:TrackPointExtension>
        </extensions>
      </trkpt>
      <trkpt lat="30.7525336928665637969970703125" lon="108.4461433254182338714599609375">
        <ele>426.79998779296875</ele>
        <time>2026-04-30T12:17:00.000Z</time>
        <extensions>
          <ns3:TrackPointExtension>
            <ns3:hr>163</ns3:hr>
            <ns3:cad>91</ns3:cad>
          </ns3:TrackPointExtension>
        </extensions>
      </trkpt>
      <trkpt lat="30.75256126932799816131591796875" lon="108.44614391215145587921142578125">
        <ele>426.79998779296875</ele>
        <time>2026-04-30T12:17:01.000Z</time>
        <extensions>
          <ns3:TrackPointExtension>
            <ns3:hr>162</ns3:hr>
            <ns3:cad>90</ns3:cad>
          </ns3:TrackPointExtension>
        </extensions>
      </trkpt>
      <trkpt lat="30.75259513221681118011474609375" lon="108.44614223577082157135009765625">
        <ele>426.79998779296875</ele>
        <time>2026-04-30T12:17:02.000Z</time>
        <extensions>
          <ns3:TrackPointExtension>
            <ns3:hr>163</ns3:hr>
            <ns3:cad>90</ns3:cad>
          </ns3:TrackPointExtension>
        </extensions>
      </trkpt>
      <trkpt lat="30.75262329541146755218505859375" lon="108.44614290632307529449462890625">
        <ele>426.79998779296875</ele>
        <time>2026-04-30T12:17:03.000Z</time>
        <extensions>
          <ns3:TrackPointExtension>
            <ns3:hr>163</ns3:hr>
            <ns3:cad>90</ns3:cad>
          </ns3:TrackPointExtension>
        </extensions>
      </trkpt>
      <trkpt lat="30.7526560686528682708740234375" lon="108.44614307396113872528076171875">
        <ele>426.79998779296875</ele>
        <time>2026-04-30T12:17:04.000Z</time>
        <extensions>
          <ns3:TrackPointExtension>
            <ns3:hr>162</ns3:hr>
            <ns3:cad>90</ns3:cad>
          </ns3:TrackPointExtension>
        </extensions>
      </trkpt>
      <trkpt lat="30.7526781968772411346435546875" lon="108.44614240340888500213623046875">
        <ele>426.79998779296875</ele>
        <time>2026-04-30T12:17:05.000Z</time>
        <extensions>
          <ns3:TrackPointExtension>
            <ns3:hr>163</ns3:hr>
            <ns3:cad>90</ns3:cad>
          </ns3:TrackPointExtension>
        </extensions>
      </trkpt>
      <trkpt lat="30.7527100481092929840087890625" lon="108.44614726491272449493408203125">
        <ele>426.79998779296875</ele>
        <time>2026-04-30T12:17:06.000Z</time>
        <extensions>
          <ns3:TrackPointExtension>
            <ns3:hr>163</ns3:hr>
            <ns3:cad>91</ns3:cad>
          </ns3:TrackPointExtension>
        </extensions>
      </trkpt>
      <trkpt lat="30.7527355290949344635009765625" lon="108.44614743255078792572021484375">
        <ele>426.79998779296875</ele>
        <time>2026-04-30T12:17:07.000Z</time>
        <extensions>
          <ns3:TrackPointExtension>
            <ns3:hr>164</ns3:hr>
            <ns3:cad>92</ns3:cad>
          </ns3:TrackPointExtension>
        </extensions>
      </trkpt>
      <trkpt lat="30.75276578776538372039794921875" lon="108.44615011475980281829833984375">
        <ele>426.79998779296875</ele>
        <time>2026-04-30T12:17:08.000Z</time>
        <extensions>
          <ns3:TrackPointExtension>
            <ns3:hr>164</ns3:hr>
            <ns3:cad>92</ns3:cad>
          </ns3:TrackPointExtension>
        </extensions>
      </trkpt>
      <trkpt lat="30.7527895085513591766357421875" lon="108.44614726491272449493408203125">
        <ele>426.79998779296875</ele>
        <time>2026-04-30T12:17:09.000Z</time>
        <extensions>
          <ns3:TrackPointExtension>
            <ns3:hr>164</ns3:hr>
            <ns3:cad>91</ns3:cad>
          </ns3:TrackPointExtension>
        </extensions>
      </trkpt>
      <trkpt lat="30.75282077305018901824951171875" lon="108.44614894129335880279541015625">
        <ele>426.79998779296875</ele>
        <time>2026-04-30T12:17:10.000Z</time>
        <extensions>
          <ns3:TrackPointExtension>
            <ns3:hr>164</ns3:hr>
            <ns3:cad>91</ns3:cad>
          </ns3:TrackPointExtension>
        </extensions>
      </trkpt>
      <trkpt lat="30.7528468407690525054931640625" lon="108.44614525325596332550048828125">
        <ele>426.79998779296875</ele>
        <time>2026-04-30T12:17:11.000Z</time>
        <extensions>
          <ns3:TrackPointExtension>
            <ns3:hr>165</ns3:hr>
            <ns3:cad>90</ns3:cad>
          </ns3:TrackPointExtension>
        </extensions>
      </trkpt>
      <trkpt lat="30.7528786920011043548583984375" lon="108.4461450017988681793212890625">
        <ele>426.79998779296875</ele>
        <time>2026-04-30T12:17:12.000Z</time>
        <extensions>
          <ns3:TrackPointExtension>
            <ns3:hr>165</ns3:hr>
            <ns3:cad>90</ns3:cad>
          </ns3:TrackPointExtension>
        </extensions>
      </trkpt>
      <trkpt lat="30.7529028318822383880615234375" lon="108.44614072702825069427490234375">
        <ele>426.79998779296875</ele>
        <time>2026-04-30T12:17:13.000Z</time>
        <extensions>
          <ns3:TrackPointExtension>
            <ns3:hr>165</ns3:hr>
            <ns3:cad>90</ns3:cad>
          </ns3:TrackPointExtension>
        </extensions>
      </trkpt>
      <trkpt lat="30.75293577276170253753662109375" lon="108.4461409784853458404541015625">
        <ele>426.79998779296875</ele>
        <time>2026-04-30T12:17:14.000Z</time>
        <extensions>
          <ns3:TrackPointExtension>
            <ns3:hr>165</ns3:hr>
            <ns3:cad>90</ns3:cad>
          </ns3:TrackPointExtension>
        </extensions>
      </trkpt>
      <trkpt lat="30.75295756570994853973388671875" lon="108.44613544642925262451171875">
        <ele>426.79998779296875</ele>
        <time>2026-04-30T12:17:15.000Z</time>
        <extensions>
          <ns3:TrackPointExtension>
            <ns3:hr>165</ns3:hr>
            <ns3:cad>90</ns3:cad>
          </ns3:TrackPointExtension>
        </extensions>
      </trkpt>
      <trkpt lat="30.752987824380397796630859375" lon="108.44613544642925262451171875">
        <ele>426.79998779296875</ele>
        <time>2026-04-30T12:17:16.000Z</time>
        <extensions>
          <ns3:TrackPointExtension>
            <ns3:hr>164</ns3:hr>
            <ns3:cad>90</ns3:cad>
          </ns3:TrackPointExtension>
        </extensions>
      </trkpt>
      <trkpt lat="30.75300852768123149871826171875" lon="108.44612547196447849273681640625">
        <ele>426.79998779296875</ele>
        <time>2026-04-30T12:17:17.000Z</time>
        <extensions>
          <ns3:TrackPointExtension>
            <ns3:hr>164</ns3:hr>
            <ns3:cad>90</ns3:cad>
          </ns3:TrackPointExtension>
        </extensions>
      </trkpt>
      <trkpt lat="30.7530386187136173248291015625" lon="108.4461138211190700531005859375">
        <ele>426.79998779296875</ele>
        <time>2026-04-30T12:17:18.000Z</time>
        <extensions>
          <ns3:TrackPointExtension>
            <ns3:hr>164</ns3:hr>
            <ns3:cad>90</ns3:cad>
          </ns3:TrackPointExtension>
        </extensions>
      </trkpt>
      <trkpt lat="30.75305613689124584197998046875" lon="108.44609797932207584381103515625">
        <ele>426.79998779296875</ele>
        <time>2026-04-30T12:17:19.000Z</time>
        <extensions>
          <ns3:TrackPointExtension>
            <ns3:hr>164</ns3:hr>
            <ns3:cad>90</ns3:cad>
          </ns3:TrackPointExtension>
        </extensions>
      </trkpt>
      <trkpt lat="30.75308027677237987518310546875" lon="108.4460789524018764495849609375">
        <ele>426.79998779296875</ele>
        <time>2026-04-30T12:17:20.000Z</time>
        <extensions>
          <ns3:TrackPointExtension>
            <ns3:hr>164</ns3:hr>
            <ns3:cad>90</ns3:cad>
          </ns3:TrackPointExtension>
        </extensions>
      </trkpt>
      <trkpt lat="30.75309435836970806121826171875" lon="108.44606026075780391693115234375">
        <ele>426.79998779296875</ele>
        <time>2026-04-30T12:17:21.000Z</time>
        <extensions>
          <ns3:TrackPointExtension>
            <ns3:hr>163</ns3:hr>
            <ns3:cad>90</ns3:cad>
          </ns3:TrackPointExtension>
        </extensions>
      </trkpt>
      <trkpt lat="30.75311916880309581756591796875" lon="108.44604416750371456146240234375">
        <ele>426.79998779296875</ele>
        <time>2026-04-30T12:17:22.000Z</time>
        <extensions>
          <ns3:TrackPointExtension>
            <ns3:hr>163</ns3:hr>
            <ns3:cad>90</ns3:cad>
          </ns3:TrackPointExtension>
        </extensions>
      </trkpt>
      <trkpt lat="30.75313392095267772674560546875" lon="108.44602623023092746734619140625">
        <ele>426.79998779296875</ele>
        <time>2026-04-30T12:17:23.000Z</time>
        <extensions>
          <ns3:TrackPointExtension>
            <ns3:hr>163</ns3:hr>
            <ns3:cad>90</ns3:cad>
          </ns3:TrackPointExtension>
        </extensions>
      </trkpt>
      <trkpt lat="30.75315940193831920623779296875" lon="108.44600477255880832672119140625">
        <ele>426.79998779296875</ele>
        <time>2026-04-30T12:17:24.000Z</time>
        <extensions>
          <ns3:TrackPointExtension>
            <ns3:hr>162</ns3:hr>
            <ns3:cad>90</ns3:cad>
          </ns3:TrackPointExtension>
        </extensions>
      </trkpt>
      <trkpt lat="30.753172896802425384521484375" lon="108.4459840692579746246337890625">
        <ele>426.79998779296875</ele>
        <time>2026-04-30T12:17:25.000Z</time>
        <extensions>
          <ns3:TrackPointExtension>
            <ns3:hr>162</ns3:hr>
            <ns3:cad>90</ns3:cad>
          </ns3:TrackPointExtension>
        </extensions>
      </trkpt>
      <trkpt lat="30.75319427065551280975341796875" lon="108.4459602646529674530029296875">
        <ele>426.79998779296875</ele>
        <time>2026-04-30T12:17:26.000Z</time>
        <extensions>
          <ns3:TrackPointExtension>
            <ns3:hr>162</ns3:hr>
            <ns3:cad>90</ns3:cad>
          </ns3:TrackPointExtension>
        </extensions>
      </trkpt>
      <trkpt lat="30.753205753862857818603515625" lon="108.44593704678118228912353515625">
        <ele>426.79998779296875</ele>
        <time>2026-04-30T12:17:27.000Z</time>
        <extensions>
          <ns3:TrackPointExtension>
            <ns3:hr>162</ns3:hr>
            <ns3:cad>90</ns3:cad>
          </ns3:TrackPointExtension>
        </extensions>
      </trkpt>
      <trkpt lat="30.7532240264117717742919921875" lon="108.445910476148128509521484375">
        <ele>426.79998779296875</ele>
        <time>2026-04-30T12:17:28.000Z</time>
        <extensions>
          <ns3:TrackPointExtension>
            <ns3:hr>161</ns3:hr>
            <ns3:cad>90</ns3:cad>
          </ns3:TrackPointExtension>
        </extensions>
      </trkpt>
      <trkpt lat="30.75323148630559444427490234375" lon="108.445887677371501922607421875">
        <ele>426.79998779296875</ele>
        <time>2026-04-30T12:17:29.000Z</time>
        <extensions>
          <ns3:TrackPointExtension>
            <ns3:hr>161</ns3:hr>
            <ns3:cad>90</ns3:cad>
          </ns3:TrackPointExtension>
        </extensions>
      </trkpt>
      <trkpt lat="30.75324757955968379974365234375" lon="108.4458590112626552581787109375">
        <ele>426.79998779296875</ele>
        <time>2026-04-30T12:17:30.000Z</time>
        <extensions>
          <ns3:TrackPointExtension>
            <ns3:hr>161</ns3:hr>
            <ns3:cad>90</ns3:cad>
          </ns3:TrackPointExtension>
        </extensions>
      </trkpt>
      <trkpt lat="30.753256715834140777587890625" lon="108.44583160243928432464599609375">
        <ele>426.79998779296875</ele>
        <time>2026-04-30T12:17:31.000Z</time>
        <extensions>
          <ns3:TrackPointExtension>
            <ns3:hr>161</ns3:hr>
            <ns3:cad>90</ns3:cad>
          </ns3:TrackPointExtension>
        </extensions>
      </trkpt>
      <trkpt lat="30.7532669417560100555419921875" lon="108.44580209814012050628662109375">
        <ele>426.79998779296875</ele>
        <time>2026-04-30T12:17:32.000Z</time>
        <extensions>
          <ns3:TrackPointExtension>
            <ns3:hr>160</ns3:hr>
            <ns3:cad>90</ns3:cad>
          </ns3:TrackPointExtension>
        </extensions>
      </trkpt>
      <trkpt lat="30.75327104888856410980224609375" lon="108.44577192328870296478271484375">
        <ele>426.79998779296875</ele>
        <time>2026-04-30T12:17:33.000Z</time>
        <extensions>
          <ns3:TrackPointExtension>
            <ns3:hr>160</ns3:hr>
            <ns3:cad>90</ns3:cad>
          </ns3:TrackPointExtension>
        </extensions>
      </trkpt>
      <trkpt lat="30.75327406637370586395263671875" lon="108.44574225135147571563720703125">
        <ele>426.79998779296875</ele>
        <time>2026-04-30T12:17:34.000Z</time>
        <extensions>
          <ns3:TrackPointExtension>
            <ns3:hr>159</ns3:hr>
            <ns3:cad>90</ns3:cad>
          </ns3:TrackPointExtension>
        </extensions>
      </trkpt>
      <trkpt lat="30.7532766647636890411376953125" lon="108.4457114897668361663818359375">
        <ele>426.79998779296875</ele>
        <time>2026-04-30T12:17:35.000Z</time>
        <extensions>
          <ns3:TrackPointExtension>
            <ns3:hr>159</ns3:hr>
            <ns3:cad>90</ns3:cad>
          </ns3:TrackPointExtension>
        </extensions>
      </trkpt>
      <trkpt lat="30.7532793469727039337158203125" lon="108.4456796385347843170166015625">
        <ele>426.79998779296875</ele>
        <time>2026-04-30T12:17:36.000Z</time>
        <extensions>
          <ns3:TrackPointExtension>
            <ns3:hr>159</ns3:hr>
            <ns3:cad>90</ns3:cad>
          </ns3:TrackPointExtension>
        </extensions>
      </trkpt>
      <trkpt lat="30.7532816939055919647216796875" lon="108.44564594328403472900390625">
        <ele>426.79998779296875</ele>
        <time>2026-04-30T12:17:37.000Z</time>
        <extensions>
          <ns3:TrackPointExtension>
            <ns3:hr>159</ns3:hr>
            <ns3:cad>90</ns3:cad>
          </ns3:TrackPointExtension>
        </extensions>
      </trkpt>
      <trkpt lat="30.75328110717236995697021484375" lon="108.44561635516583919525146484375">
        <ele>426.79998779296875</ele>
        <time>2026-04-30T12:17:38.000Z</time>
        <extensions>
          <ns3:TrackPointExtension>
            <ns3:hr>159</ns3:hr>
            <ns3:cad>93</ns3:cad>
          </ns3:TrackPointExtension>
        </extensions>
      </trkpt>
      <trkpt lat="30.75327641330659389495849609375" lon="108.4455835819244384765625">
        <ele>426.79998779296875</ele>
        <time>2026-04-30T12:17:39.000Z</time>
        <extensions>
          <ns3:TrackPointExtension>
            <ns3:hr>159</ns3:hr>
            <ns3:cad>93</ns3:cad>
          </ns3:TrackPointExtension>
        </extensions>
      </trkpt>
      <trkpt lat="30.75327314436435699462890625" lon="108.44555416144430637359619140625">
        <ele>426.79998779296875</ele>
        <time>2026-04-30T12:17:40.000Z</time>
        <extensions>
          <ns3:TrackPointExtension>
            <ns3:hr>160</ns3:hr>
            <ns3:cad>92</ns3:cad>
          </ns3:TrackPointExtension>
        </extensions>
      </trkpt>
      <trkpt lat="30.75326886959373950958251953125" lon="108.44551987946033477783203125">
        <ele>426.79998779296875</ele>
        <time>2026-04-30T12:17:41.000Z</time>
        <extensions>
          <ns3:TrackPointExtension>
            <ns3:hr>160</ns3:hr>
            <ns3:cad>92</ns3:cad>
          </ns3:TrackPointExtension>
        </extensions>
      </trkpt>
      <trkpt lat="30.75326643884181976318359375" lon="108.44549171626567840576171875">
        <ele>427</ele>
        <time>2026-04-30T12:17:42.000Z</time>
        <extensions>
          <ns3:TrackPointExtension>
            <ns3:hr>161</ns3:hr>
            <ns3:cad>91</ns3:cad>
          </ns3:TrackPointExtension>
        </extensions>
      </trkpt>
      <trkpt lat="30.7532605715095996856689453125" lon="108.445457518100738525390625">
        <ele>427</ele>
        <time>2026-04-30T12:17:43.000Z</time>
        <extensions>
          <ns3:TrackPointExtension>
            <ns3:hr>161</ns3:hr>
            <ns3:cad>90</ns3:cad>
          </ns3:TrackPointExtension>
        </extensions>
      </trkpt>
      <trkpt lat="30.753256380558013916015625" lon="108.44542927108705043792724609375">
        <ele>426.79998779296875</ele>
        <time>2026-04-30T12:17:44.000Z</time>
        <extensions>
          <ns3:TrackPointExtension>
            <ns3:hr>162</ns3:hr>
            <ns3:cad>90</ns3:cad>
          </ns3:TrackPointExtension>
        </extensions>
      </trkpt>
      <trkpt lat="30.75324833393096923828125" lon="108.4453983418643474578857421875">
        <ele>427</ele>
        <time>2026-04-30T12:17:45.000Z</time>
        <extensions>
          <ns3:TrackPointExtension>
            <ns3:hr>162</ns3:hr>
            <ns3:cad>90</ns3:cad>
          </ns3:TrackPointExtension>
        </extensions>
      </trkpt>
      <trkpt lat="30.7532397843897342681884765625" lon="108.445370681583881378173828125">
        <ele>427</ele>
        <time>2026-04-30T12:17:46.000Z</time>
        <extensions>
          <ns3:TrackPointExtension>
            <ns3:hr>162</ns3:hr>
            <ns3:cad>90</ns3:cad>
          </ns3:TrackPointExtension>
        </extensions>
      </trkpt>
      <trkpt lat="30.753224529325962066650390625" lon="108.445344865322113037109375">
        <ele>427</ele>
        <time>2026-04-30T12:17:47.000Z</time>
        <extensions>
          <ns3:TrackPointExtension>
            <ns3:hr>163</ns3:hr>
            <ns3:cad>90</ns3:cad>
          </ns3:TrackPointExtension>
        </extensions>
      </trkpt>
      <trkpt lat="30.753211788833141326904296875" lon="108.445322401821613311767578125">
        <ele>427</ele>
        <time>2026-04-30T12:17:48.000Z</time>
        <extensions>
          <ns3:TrackPointExtension>
            <ns3:hr>163</ns3:hr>
            <ns3:cad>90</ns3:cad>
          </ns3:TrackPointExtension>
        </extensions>
      </trkpt>
      <trkpt lat="30.75319745577871799468994140625" lon="108.4452937357127666473388671875">
        <ele>427</ele>
        <time>2026-04-30T12:17:49.000Z</time>
        <extensions>
          <ns3:TrackPointExtension>
            <ns3:hr>163</ns3:hr>
            <ns3:cad>90</ns3:cad>
          </ns3:TrackPointExtension>
        </extensions>
      </trkpt>
      <trkpt lat="30.7531854696571826934814453125" lon="108.4452712722122669219970703125">
        <ele>427</ele>
        <time>2026-04-30T12:17:50.000Z</time>
        <extensions>
          <ns3:TrackPointExtension>
            <ns3:hr>163</ns3:hr>
            <ns3:cad>90</ns3:cad>
          </ns3:TrackPointExtension>
        </extensions>
      </trkpt>
      <trkpt lat="30.75317532755434513092041015625" lon="108.4452427737414836883544921875">
        <ele>427</ele>
        <time>2026-04-30T12:17:51.000Z</time>
        <extensions>
          <ns3:TrackPointExtension>
            <ns3:hr>163</ns3:hr>
            <ns3:cad>90</ns3:cad>
          </ns3:TrackPointExtension>
        </extensions>
      </trkpt>
      <trkpt lat="30.75316543690860271453857421875" lon="108.44522081315517425537109375">
        <ele>427</ele>
        <time>2026-04-30T12:17:52.000Z</time>
        <extensions>
          <ns3:TrackPointExtension>
            <ns3:hr>163</ns3:hr>
            <ns3:cad>91</ns3:cad>
          </ns3:TrackPointExtension>
        </extensions>
      </trkpt>
      <trkpt lat="30.75315420515835285186767578125" lon="108.44518728554248809814453125">
        <ele>427</ele>
        <time>2026-04-30T12:17:53.000Z</time>
        <extensions>
          <ns3:TrackPointExtension>
            <ns3:hr>162</ns3:hr>
            <ns3:cad>91</ns3:cad>
          </ns3:TrackPointExtension>
        </extensions>
      </trkpt>
      <trkpt lat="30.75313962064683437347412109375" lon="108.44516540877521038055419921875">
        <ele>427</ele>
        <time>2026-04-30T12:17:54.000Z</time>
        <extensions>
          <ns3:TrackPointExtension>
            <ns3:hr>163</ns3:hr>
            <ns3:cad>91</ns3:cad>
          </ns3:TrackPointExtension>
        </extensions>
      </trkpt>
      <trkpt lat="30.75311648659408092498779296875" lon="108.44513825140893459320068359375">
        <ele>427</ele>
        <time>2026-04-30T12:17:55.000Z</time>
        <extensions>
          <ns3:TrackPointExtension>
            <ns3:hr>163</ns3:hr>
            <ns3:cad>90</ns3:cad>
          </ns3:TrackPointExtension>
        </extensions>
      </trkpt>
      <trkpt lat="30.75309502892196178436279296875" lon="108.4451289474964141845703125">
        <ele>427</ele>
        <time>2026-04-30T12:17:56.000Z</time>
        <extensions>
          <ns3:TrackPointExtension>
            <ns3:hr>162</ns3:hr>
            <ns3:cad>90</ns3:cad>
          </ns3:TrackPointExtension>
        </extensions>
      </trkpt>
      <trkpt lat="30.7530651055276393890380859375" lon="108.44511578790843486785888671875">
        <ele>427</ele>
        <time>2026-04-30T12:17:57.000Z</time>
        <extensions>
          <ns3:TrackPointExtension>
            <ns3:hr>162</ns3:hr>
            <ns3:cad>90</ns3:cad>
          </ns3:TrackPointExtension>
        </extensions>
      </trkpt>
      <trkpt lat="30.75304205529391765594482421875" lon="108.44511930830776691436767578125">
        <ele>427</ele>
        <time>2026-04-30T12:17:58.000Z</time>
        <extensions>
          <ns3:TrackPointExtension>
            <ns3:hr>162</ns3:hr>
            <ns3:cad>91</ns3:cad>
          </ns3:TrackPointExtension>
        </extensions>
      </trkpt>
      <trkpt lat="30.75301028788089752197265625" lon="108.44511687755584716796875">
        <ele>427</ele>
        <time>2026-04-30T12:17:59.000Z</time>
        <extensions>
          <ns3:TrackPointExtension>
            <ns3:hr>161</ns3:hr>
            <ns3:cad>91</ns3:cad>
          </ns3:TrackPointExtension>
        </extensions>
      </trkpt>
      <trkpt lat="30.7529863156378269195556640625" lon="108.44512157142162322998046875">
        <ele>427</ele>
        <time>2026-04-30T12:18:00.000Z</time>
        <extensions>
          <ns3:TrackPointExtension>
            <ns3:hr>160</ns3:hr>
            <ns3:cad>92</ns3:cad>
          </ns3:TrackPointExtension>
        </extensions>
      </trkpt>
      <trkpt lat="30.7529551349580287933349609375" lon="108.44511511735618114471435546875">
        <ele>427</ele>
        <time>2026-04-30T12:18:01.000Z</time>
        <extensions>
          <ns3:TrackPointExtension>
            <ns3:hr>160</ns3:hr>
            <ns3:cad>92</ns3:cad>
          </ns3:TrackPointExtension>
        </extensions>
      </trkpt>
      <trkpt lat="30.7529303245246410369873046875" lon="108.4451177157461643218994140625">
        <ele>427</ele>
        <time>2026-04-30T12:18:02.000Z</time>
        <extensions>
          <ns3:TrackPointExtension>
            <ns3:hr>160</ns3:hr>
            <ns3:cad>92</ns3:cad>
          </ns3:TrackPointExtension>
        </extensions>
      </trkpt>
      <trkpt lat="30.7529031671583652496337890625" lon="108.44511075876653194427490234375">
        <ele>427</ele>
        <time>2026-04-30T12:18:03.000Z</time>
        <extensions>
          <ns3:TrackPointExtension>
            <ns3:hr>160</ns3:hr>
            <ns3:cad>92</ns3:cad>
          </ns3:TrackPointExtension>
        </extensions>
      </trkpt>
      <trkpt lat="30.75287961401045322418212890625" lon="108.44511796720325946807861328125">
        <ele>427</ele>
        <time>2026-04-30T12:18:04.000Z</time>
        <extensions>
          <ns3:TrackPointExtension>
            <ns3:hr>159</ns3:hr>
            <ns3:cad>92</ns3:cad>
          </ns3:TrackPointExtension>
        </extensions>
      </trkpt>
      <trkpt lat="30.752854384481906890869140625" lon="108.4451157040894031524658203125">
        <ele>427</ele>
        <time>2026-04-30T12:18:05.000Z</time>
        <extensions>
          <ns3:TrackPointExtension>
            <ns3:hr>160</ns3:hr>
            <ns3:cad>92</ns3:cad>
          </ns3:TrackPointExtension>
        </extensions>
      </trkpt>
      <trkpt lat="30.752825550734996795654296875" lon="108.44511662609875202178955078125">
        <ele>427</ele>
        <time>2026-04-30T12:18:06.000Z</time>
        <extensions>
          <ns3:TrackPointExtension>
            <ns3:hr>160</ns3:hr>
            <ns3:cad>92</ns3:cad>
          </ns3:TrackPointExtension>
        </extensions>
      </trkpt>
      <trkpt lat="30.752800405025482177734375" lon="108.44511025585234165191650390625">
        <ele>427</ele>
        <time>2026-04-30T12:18:07.000Z</time>
        <extensions>
          <ns3:TrackPointExtension>
            <ns3:hr>159</ns3:hr>
            <ns3:cad>92</ns3:cad>
          </ns3:TrackPointExtension>
        </extensions>
      </trkpt>
      <trkpt lat="30.75277316384017467498779296875" lon="108.445111177861690521240234375">
        <ele>427</ele>
        <time>2026-04-30T12:18:08.000Z</time>
        <extensions>
          <ns3:TrackPointExtension>
            <ns3:hr>160</ns3:hr>
            <ns3:cad>92</ns3:cad>
          </ns3:TrackPointExtension>
        </extensions>
      </trkpt>
      <trkpt lat="30.7527507841587066650390625" lon="108.44511008821427822113037109375">
        <ele>427</ele>
        <time>2026-04-30T12:18:09.000Z</time>
        <extensions>
          <ns3:TrackPointExtension>
            <ns3:hr>159</ns3:hr>
            <ns3:cad>92</ns3:cad>
          </ns3:TrackPointExtension>
        </extensions>
      </trkpt>
      <trkpt lat="30.75272203423082828521728515625" lon="108.44511209987103939056396484375">
        <ele>427.20001220703125</ele>
        <time>2026-04-30T12:18:10.000Z</time>
        <extensions>
          <ns3:TrackPointExtension>
            <ns3:hr>160</ns3:hr>
            <ns3:cad>92</ns3:cad>
          </ns3:TrackPointExtension>
        </extensions>
      </trkpt>
      <trkpt lat="30.75270057655870914459228515625" lon="108.4451101720333099365234375">
        <ele>427.20001220703125</ele>
        <time>2026-04-30T12:18:11.000Z</time>
        <extensions>
          <ns3:TrackPointExtension>
            <ns3:hr>160</ns3:hr>
            <ns3:cad>92</ns3:cad>
          </ns3:TrackPointExtension>
        </extensions>
      </trkpt>
      <trkpt lat="30.75266822241246700286865234375" lon="108.4451143629848957061767578125">
        <ele>427.20001220703125</ele>
        <time>2026-04-30T12:18:12.000Z</time>
        <extensions>
          <ns3:TrackPointExtension>
            <ns3:hr>160</ns3:hr>
            <ns3:cad>92</ns3:cad>
          </ns3:TrackPointExtension>
        </extensions>
      </trkpt>
      <trkpt lat="30.75264324434101581573486328125" lon="108.44511947594583034515380859375">
        <ele>427.20001220703125</ele>
        <time>2026-04-30T12:18:13.000Z</time>
        <extensions>
          <ns3:TrackPointExtension>
            <ns3:hr>159</ns3:hr>
            <ns3:cad>92</ns3:cad>
          </ns3:TrackPointExtension>
        </extensions>
      </trkpt>
      <trkpt lat="30.752612985670566558837890625" lon="108.44512986950576305389404296875">
        <ele>427.20001220703125</ele>
        <time>2026-04-30T12:18:14.000Z</time>
        <extensions>
          <ns3:TrackPointExtension>
            <ns3:hr>160</ns3:hr>
            <ns3:cad>92</ns3:cad>
          </ns3:TrackPointExtension>
        </extensions>
      </trkpt>
      <trkpt lat="30.75259077362716197967529296875" lon="108.445136658847332000732421875">
        <ele>427.20001220703125</ele>
        <time>2026-04-30T12:18:15.000Z</time>
        <extensions>
          <ns3:TrackPointExtension>
            <ns3:hr>161</ns3:hr>
            <ns3:cad>92</ns3:cad>
          </ns3:TrackPointExtension>
        </extensions>
      </trkpt>
      <trkpt lat="30.75256093405187129974365234375" lon="108.4451438672840595245361328125">
        <ele>427.20001220703125</ele>
        <time>2026-04-30T12:18:16.000Z</time>
        <extensions>
          <ns3:TrackPointExtension>
            <ns3:hr>161</ns3:hr>
            <ns3:cad>92</ns3:cad>
          </ns3:TrackPointExtension>
        </extensions>
      </trkpt>
      <trkpt lat="30.75253880582749843597412109375" lon="108.44514763914048671722412109375">
        <ele>427.20001220703125</ele>
        <time>2026-04-30T12:18:17.000Z</time>
        <extensions>
          <ns3:TrackPointExtension>
            <ns3:hr>162</ns3:hr>
            <ns3:cad>92</ns3:cad>
          </ns3:TrackPointExtension>
        </extensions>
      </trkpt>
      <trkpt lat="30.75250645168125629425048828125" lon="108.445153422653675079345703125">
        <ele>427.20001220703125</ele>
        <time>2026-04-30T12:18:18.000Z</time>
        <extensions>
          <ns3:TrackPointExtension>
            <ns3:hr>162</ns3:hr>
            <ns3:cad>92</ns3:cad>
          </ns3:TrackPointExtension>
        </extensions>
      </trkpt>
      <trkpt lat="30.7524850778281688690185546875" lon="108.4451643191277980804443359375">
        <ele>427.20001220703125</ele>
        <time>2026-04-30T12:18:19.000Z</time>
        <extensions>
          <ns3:TrackPointExtension>
            <ns3:hr>163</ns3:hr>
            <ns3:cad>92</ns3:cad>
          </ns3:TrackPointExtension>
        </extensions>
      </trkpt>
      <trkpt lat="30.75245238840579986572265625" lon="108.44516691751778125762939453125">
        <ele>427.20001220703125</ele>
        <time>2026-04-30T12:18:20.000Z</time>
        <extensions>
          <ns3:TrackPointExtension>
            <ns3:hr>163</ns3:hr>
            <ns3:cad>92</ns3:cad>
          </ns3:TrackPointExtension>
        </extensions>
      </trkpt>
      <trkpt lat="30.752428583800792694091796875" lon="108.4451743774116039276123046875">
        <ele>427.20001220703125</ele>
        <time>2026-04-30T12:18:21.000Z</time>
        <extensions>
          <ns3:TrackPointExtension>
            <ns3:hr>163</ns3:hr>
            <ns3:cad>92</ns3:cad>
          </ns3:TrackPointExtension>
        </extensions>
      </trkpt>
      <trkpt lat="30.7523995824158191680908203125" lon="108.44516725279390811920166015625">
        <ele>427.20001220703125</ele>
        <time>2026-04-30T12:18:22.000Z</time>
        <extensions>
          <ns3:TrackPointExtension>
            <ns3:hr>163</ns3:hr>
            <ns3:cad>92</ns3:cad>
          </ns3:TrackPointExtension>
        </extensions>
      </trkpt>
      <trkpt lat="30.7523781247437000274658203125" lon="108.44516557641327381134033203125">
        <ele>427.20001220703125</ele>
        <time>2026-04-30T12:18:23.000Z</time>
        <extensions>
          <ns3:TrackPointExtension>
            <ns3:hr>163</ns3:hr>
            <ns3:cad>92</ns3:cad>
          </ns3:TrackPointExtension>
        </extensions>
      </trkpt>
      <trkpt lat="30.75235658325254917144775390625" lon="108.44515250064432621002197265625">
        <ele>427.20001220703125</ele>
        <time>2026-04-30T12:18:24.000Z</time>
        <extensions>
          <ns3:TrackPointExtension>
            <ns3:hr>163</ns3:hr>
            <ns3:cad>92</ns3:cad>
          </ns3:TrackPointExtension>
        </extensions>
      </trkpt>
      <trkpt lat="30.75233629904687404632568359375" lon="108.44514948315918445587158203125">
        <ele>427.399993896484375</ele>
        <time>2026-04-30T12:18:25.000Z</time>
        <extensions>
          <ns3:TrackPointExtension>
            <ns3:hr>163</ns3:hr>
            <ns3:cad>92</ns3:cad>
          </ns3:TrackPointExtension>
        </extensions>
      </trkpt>
      <trkpt lat="30.75231199152767658233642578125" lon="108.4451418556272983551025390625">
        <ele>427.399993896484375</ele>
        <time>2026-04-30T12:18:26.000Z</time>
        <extensions>
          <ns3:TrackPointExtension>
            <ns3:hr>163</ns3:hr>
            <ns3:cad>92</ns3:cad>
          </ns3:TrackPointExtension>
        </extensions>
      </trkpt>
      <trkpt lat="30.7522852532565593719482421875" lon="108.4451401792466640472412109375">
        <ele>427.399993896484375</ele>
        <time>2026-04-30T12:18:27.000Z</time>
        <extensions>
          <ns3:TrackPointExtension>
            <ns3:hr>163</ns3:hr>
            <ns3:cad>92</ns3:cad>
          </ns3:TrackPointExtension>
        </extensions>
      </trkpt>
      <trkpt lat="30.75226220302283763885498046875" lon="108.445134647190570831298828125">
        <ele>427.399993896484375</ele>
        <time>2026-04-30T12:18:28.000Z</time>
        <extensions>
          <ns3:TrackPointExtension>
            <ns3:hr>163</ns3:hr>
            <ns3:cad>92</ns3:cad>
          </ns3:TrackPointExtension>
        </extensions>
      </trkpt>
      <trkpt lat="30.75223336927592754364013671875" lon="108.4451369941234588623046875">
        <ele>427.399993896484375</ele>
        <time>2026-04-30T12:18:29.000Z</time>
        <extensions>
          <ns3:TrackPointExtension>
            <ns3:hr>163</ns3:hr>
            <ns3:cad>92</ns3:cad>
          </ns3:TrackPointExtension>
        </extensions>
      </trkpt>
      <trkpt lat="30.7522098161280155181884765625" lon="108.4451408497989177703857421875">
        <ele>427.399993896484375</ele>
        <time>2026-04-30T12:18:30.000Z</time>
        <extensions>
          <ns3:TrackPointExtension>
            <ns3:hr>163</ns3:hr>
            <ns3:cad>90</ns3:cad>
          </ns3:TrackPointExtension>
        </extensions>
      </trkpt>
      <trkpt lat="30.7521783001720905303955078125" lon="108.445146046578884124755859375">
        <ele>427.399993896484375</ele>
        <time>2026-04-30T12:18:31.000Z</time>
        <extensions>
          <ns3:TrackPointExtension>
            <ns3:hr>162</ns3:hr>
            <ns3:cad>90</ns3:cad>
          </ns3:TrackPointExtension>
        </extensions>
      </trkpt>
      <trkpt lat="30.75215357355773448944091796875" lon="108.44514696858823299407958984375">
        <ele>427.399993896484375</ele>
        <time>2026-04-30T12:18:32.000Z</time>
        <extensions>
          <ns3:TrackPointExtension>
            <ns3:hr>163</ns3:hr>
            <ns3:cad>90</ns3:cad>
          </ns3:TrackPointExtension>
        </extensions>
      </trkpt>
      <trkpt lat="30.75212272815406322479248046875" lon="108.44514763914048671722412109375">
        <ele>427.20001220703125</ele>
        <time>2026-04-30T12:18:33.000Z</time>
        <extensions>
          <ns3:TrackPointExtension>
            <ns3:hr>163</ns3:hr>
            <ns3:cad>94</ns3:cad>
          </ns3:TrackPointExtension>
        </extensions>
      </trkpt>
      <trkpt lat="30.7521035335958003997802734375" lon="108.4451478905975818634033203125">
        <ele>427.20001220703125</ele>
        <time>2026-04-30T12:18:34.000Z</time>
        <extensions>
          <ns3:TrackPointExtension>
            <ns3:hr>162</ns3:hr>
            <ns3:cad>94</ns3:cad>
          </ns3:TrackPointExtension>
        </extensions>
      </trkpt>
      <trkpt lat="30.75207394547760486602783203125" lon="108.4451504051685333251953125">
        <ele>427.20001220703125</ele>
        <time>2026-04-30T12:18:35.000Z</time>
        <extensions>
          <ns3:TrackPointExtension>
            <ns3:hr>163</ns3:hr>
            <ns3:cad>94</ns3:cad>
          </ns3:TrackPointExtension>
        </extensions>
      </trkpt>
      <trkpt lat="30.7520502246916294097900390625" lon="108.44515551812946796417236328125">
        <ele>427.20001220703125</ele>
        <time>2026-04-30T12:18:36.000Z</time>
        <extensions>
          <ns3:TrackPointExtension>
            <ns3:hr>163</ns3:hr>
            <ns3:cad>93</ns3:cad>
          </ns3:TrackPointExtension>
        </extensions>
      </trkpt>
      <trkpt lat="30.75201896019279956817626953125" lon="108.44515451230108737945556640625">
        <ele>427.20001220703125</ele>
        <time>2026-04-30T12:18:37.000Z</time>
        <extensions>
          <ns3:TrackPointExtension>
            <ns3:hr>162</ns3:hr>
            <ns3:cad>93</ns3:cad>
          </ns3:TrackPointExtension>
        </extensions>
      </trkpt>
      <trkpt lat="30.75199649669229984283447265625" lon="108.4451542608439922332763671875">
        <ele>427.20001220703125</ele>
        <time>2026-04-30T12:18:38.000Z</time>
        <extensions>
          <ns3:TrackPointExtension>
            <ns3:hr>163</ns3:hr>
            <ns3:cad>93</ns3:cad>
          </ns3:TrackPointExtension>
        </extensions>
      </trkpt>
      <trkpt lat="30.751968584954738616943359375" lon="108.44514545984566211700439453125">
        <ele>427.20001220703125</ele>
        <time>2026-04-30T12:18:39.000Z</time>
        <extensions>
          <ns3:TrackPointExtension>
            <ns3:hr>163</ns3:hr>
            <ns3:cad>93</ns3:cad>
          </ns3:TrackPointExtension>
        </extensions>
      </trkpt>
      <trkpt lat="30.7519395835697650909423828125" lon="108.44514445401728153228759765625">
        <ele>427.399993896484375</ele>
        <time>2026-04-30T12:18:40.000Z</time>
        <extensions>
          <ns3:TrackPointExtension>
            <ns3:hr>162</ns3:hr>
            <ns3:cad>93</ns3:cad>
          </ns3:TrackPointExtension>
        </extensions>
      </trkpt>
      <trkpt lat="30.75191100127995014190673828125" lon="108.44513892196118831634521484375">
        <ele>427.20001220703125</ele>
        <time>2026-04-30T12:18:41.000Z</time>
        <extensions>
          <ns3:TrackPointExtension>
            <ns3:hr>163</ns3:hr>
            <ns3:cad>93</ns3:cad>
          </ns3:TrackPointExtension>
        </extensions>
      </trkpt>
      <trkpt lat="30.75188644230365753173828125" lon="108.4451475553214550018310546875">
        <ele>427.20001220703125</ele>
        <time>2026-04-30T12:18:42.000Z</time>
        <extensions>
          <ns3:TrackPointExtension>
            <ns3:hr>163</ns3:hr>
            <ns3:cad>91</ns3:cad>
          </ns3:TrackPointExtension>
        </extensions>
      </trkpt>
      <trkpt lat="30.75186171568930149078369140625" lon="108.4451562725007534027099609375">
        <ele>427.399993896484375</ele>
        <time>2026-04-30T12:18:43.000Z</time>
        <extensions>
          <ns3:TrackPointExtension>
            <ns3:hr>163</ns3:hr>
            <ns3:cad>91</ns3:cad>
          </ns3:TrackPointExtension>
        </extensions>
      </trkpt>
      <trkpt lat="30.75183740817010402679443359375" lon="108.44517932273447513580322265625">
        <ele>427.399993896484375</ele>
        <time>2026-04-30T12:18:44.000Z</time>
        <extensions>
          <ns3:TrackPointExtension>
            <ns3:hr>163</ns3:hr>
            <ns3:cad>93</ns3:cad>
          </ns3:TrackPointExtension>
        </extensions>
      </trkpt>
      <trkpt lat="30.751814357936382293701171875" lon="108.44519726000726222991943359375">
        <ele>427.399993896484375</ele>
        <time>2026-04-30T12:18:45.000Z</time>
        <extensions>
          <ns3:TrackPointExtension>
            <ns3:hr>164</ns3:hr>
            <ns3:cad>93</ns3:cad>
          </ns3:TrackPointExtension>
        </extensions>
      </trkpt>
      <trkpt lat="30.75179616920650005340576171875" lon="108.445221148431301116943359375">
        <ele>427.600006103515625</ele>
        <time>2026-04-30T12:18:46.000Z</time>
        <extensions>
          <ns3:TrackPointExtension>
            <ns3:hr>163</ns3:hr>
            <ns3:cad>93</ns3:cad>
          </ns3:TrackPointExtension>
        </extensions>
      </trkpt>
      <trkpt lat="30.751776136457920074462890625" lon="108.445241935551166534423828125">
        <ele>427.600006103515625</ele>
        <time>2026-04-30T12:18:47.000Z</time>
        <extensions>
          <ns3:TrackPointExtension>
            <ns3:hr>163</ns3:hr>
            <ns3:cad>93</ns3:cad>
          </ns3:TrackPointExtension>
        </extensions>
      </trkpt>
      <trkpt lat="30.75177739374339580535888671875" lon="108.44525911845266819000244140625">
        <ele>427.600006103515625</ele>
        <time>2026-04-30T12:18:48.000Z</time>
        <extensions>
          <ns3:TrackPointExtension>
            <ns3:hr>163</ns3:hr>
            <ns3:cad>93</ns3:cad>
          </ns3:TrackPointExtension>
        </extensions>
      </trkpt>
      <trkpt lat="30.75178921222686767578125" lon="108.4452578611671924591064453125">
        <ele>427.600006103515625</ele>
        <time>2026-04-30T12:18:49.000Z</time>
        <extensions>
          <ns3:TrackPointExtension>
            <ns3:hr>162</ns3:hr>
            <ns3:cad>93</ns3:cad>
          </ns3:TrackPointExtension>
        </extensions>
      </trkpt>
      <trkpt lat="30.7517977617681026458740234375" lon="108.445230536162853240966796875">
        <ele>427.600006103515625</ele>
        <time>2026-04-30T12:18:50.000Z</time>
        <extensions>
          <ns3:TrackPointExtension>
            <ns3:hr>162</ns3:hr>
            <ns3:cad>92</ns3:cad>
          </ns3:TrackPointExtension>
        </extensions>
      </trkpt>
      <trkpt lat="30.7518121786415576934814453125" lon="108.4452042169868946075439453125">
        <ele>427.600006103515625</ele>
        <time>2026-04-30T12:18:51.000Z</time>
        <extensions>
          <ns3:TrackPointExtension>
            <ns3:hr>162</ns3:hr>
            <ns3:cad>91</ns3:cad>
          </ns3:TrackPointExtension>
        </extensions>
      </trkpt>
      <trkpt lat="30.75182349421083927154541015625" lon="108.4451787360012531280517578125">
        <ele>427.600006103515625</ele>
        <time>2026-04-30T12:18:52.000Z</time>
        <extensions>
          <ns3:TrackPointExtension>
            <ns3:hr>163</ns3:hr>
            <ns3:cad>90</ns3:cad>
          </ns3:TrackPointExtension>
        </extensions>
      </trkpt>
      <trkpt lat="30.75184092856943607330322265625" lon="108.4451616369187831878662109375">
        <ele>427.79998779296875</ele>
        <time>2026-04-30T12:18:53.000Z</time>
        <extensions>
          <ns3:TrackPointExtension>
            <ns3:hr>162</ns3:hr>
            <ns3:cad>89</ns3:cad>
          </ns3:TrackPointExtension>
        </extensions>
      </trkpt>
      <trkpt lat="30.75185936875641345977783203125" lon="108.445142693817615509033203125">
        <ele>427.79998779296875</ele>
        <time>2026-04-30T12:18:54.000Z</time>
        <extensions>
          <ns3:TrackPointExtension>
            <ns3:hr>162</ns3:hr>
            <ns3:cad>88</ns3:cad>
          </ns3:TrackPointExtension>
        </extensions>
      </trkpt>
      <trkpt lat="30.75187529437243938446044921875" lon="108.44512919895350933074951171875">
        <ele>427.79998779296875</ele>
        <time>2026-04-30T12:18:55.000Z</time>
        <extensions>
          <ns3:TrackPointExtension>
            <ns3:hr>162</ns3:hr>
            <ns3:cad>88</ns3:cad>
          </ns3:TrackPointExtension>
        </extensions>
      </trkpt>
      <trkpt lat="30.75188233517110347747802734375" lon="108.44511411152780055999755859375">
        <ele>427.79998779296875</ele>
        <time>2026-04-30T12:18:56.000Z</time>
        <extensions>
          <ns3:TrackPointExtension>
            <ns3:hr>162</ns3:hr>
            <ns3:cad>88</ns3:cad>
          </ns3:TrackPointExtension>
        </extensions>
      </trkpt>
    </trkseg>
  </trk>
</gpx>
