<gpx xmlns:ns3="http://www.garmin.com/xmlschemas/TrackPointExtension/v1" xmlns="http://www.topografix.com/GPX/1/1" xmlns:xsi="http://www.w3.org/2001/XMLSchema-instance" xmlns:ns2="http://www.garmin.com/xmlschemas/GpxExtensions/v3" creator="Garmin Connect" version="1.1" xsi:schemaLocation="http://www.topografix.com/GPX/1/1 http://www.topografix.com/GPX/11.xsd">
  <extensions>
<distance>4058.46</distance>
<average_hr>134.0</average_hr>
<average_speed>2.259999990463257</average_speed>
<start_time>2026-06-16T13:33:12+00:00</start_time>
<end_time>2026-06-16T14:03:07.808000+00:00</end_time>
<moving_time>1794.452</moving_time>
<elapsed_time>1795.808</elapsed_time>
</extensions>
<metadata>
    <link href="connect.garmin.com">
      <text>Garmin Connect</text>
    </link>
    <time>2026-06-16T13:33:12.000Z</time>
  </metadata>
  <trk>
    <name>万州区 跑步</name>
    <type>running</type>
    <trkseg>
      <trkpt lat="30.75202994048595428466796875" lon="108.445110507309436798095703125">
        <ele>421.79998779296875</ele>
        <time>2026-06-16T13:33:12.000Z</time>
        <extensions>
          <ns3:TrackPointExtension>
            <ns3:hr>85</ns3:hr>
            <ns3:cad>0</ns3:cad>
          </ns3:TrackPointExtension>
        </extensions>
      </trkpt>
      <trkpt lat="30.75201795436441898345947265625" lon="108.44511687755584716796875">
        <ele>421.79998779296875</ele>
        <time>2026-06-16T13:33:13.000Z</time>
        <extensions>
          <ns3:TrackPointExtension>
            <ns3:hr>85</ns3:hr>
            <ns3:cad>0</ns3:cad>
          </ns3:TrackPointExtension>
        </extensions>
      </trkpt>
      <trkpt lat="30.75199414975941181182861328125" lon="108.4451150335371494293212890625">
        <ele>421.600006103515625</ele>
        <time>2026-06-16T13:33:14.000Z</time>
        <extensions>
          <ns3:TrackPointExtension>
            <ns3:hr>85</ns3:hr>
            <ns3:cad>0</ns3:cad>
          </ns3:TrackPointExtension>
        </extensions>
      </trkpt>
      <trkpt lat="30.75196967460215091705322265625" lon="108.4451183862984180450439453125">
        <ele>421.600006103515625</ele>
        <time>2026-06-16T13:33:15.000Z</time>
        <extensions>
          <ns3:TrackPointExtension>
            <ns3:hr>85</ns3:hr>
            <ns3:cad>0</ns3:cad>
          </ns3:TrackPointExtension>
        </extensions>
      </trkpt>
      <trkpt lat="30.75194410979747772216796875" lon="108.44512500800192356109619140625">
        <ele>421.600006103515625</ele>
        <time>2026-06-16T13:33:16.000Z</time>
        <extensions>
          <ns3:TrackPointExtension>
            <ns3:hr>85</ns3:hr>
            <ns3:cad>0</ns3:cad>
          </ns3:TrackPointExtension>
        </extensions>
      </trkpt>
      <trkpt lat="30.75192005373537540435791015625" lon="108.44513221643865108489990234375">
        <ele>421.600006103515625</ele>
        <time>2026-06-16T13:33:17.000Z</time>
        <extensions>
          <ns3:TrackPointExtension>
            <ns3:hr>84</ns3:hr>
            <ns3:cad>0</ns3:cad>
          </ns3:TrackPointExtension>
        </extensions>
      </trkpt>
      <trkpt lat="30.75190362520515918731689453125" lon="108.44513556919991970062255859375">
        <ele>421.600006103515625</ele>
        <time>2026-06-16T13:33:18.000Z</time>
        <extensions>
          <ns3:TrackPointExtension>
            <ns3:hr>85</ns3:hr>
            <ns3:cad>59</ns3:cad>
          </ns3:TrackPointExtension>
        </extensions>
      </trkpt>
      <trkpt lat="30.751881413161754608154296875" lon="108.445144705474376678466796875">
        <ele>421.600006103515625</ele>
        <time>2026-06-16T13:33:19.000Z</time>
        <extensions>
          <ns3:TrackPointExtension>
            <ns3:hr>85</ns3:hr>
            <ns3:cad>90</ns3:cad>
          </ns3:TrackPointExtension>
        </extensions>
      </trkpt>
      <trkpt lat="30.75186766684055328369140625" lon="108.44514864496886730194091796875">
        <ele>421.600006103515625</ele>
        <time>2026-06-16T13:33:20.000Z</time>
        <extensions>
          <ns3:TrackPointExtension>
            <ns3:hr>84</ns3:hr>
            <ns3:cad>91</ns3:cad>
          </ns3:TrackPointExtension>
        </extensions>
      </trkpt>
      <trkpt lat="30.7518467120826244354248046875" lon="108.4451579488813877105712890625">
        <ele>421.600006103515625</ele>
        <time>2026-06-16T13:33:21.000Z</time>
        <extensions>
          <ns3:TrackPointExtension>
            <ns3:hr>85</ns3:hr>
            <ns3:cad>91</ns3:cad>
          </ns3:TrackPointExtension>
        </extensions>
      </trkpt>
      <trkpt lat="30.75183908455073833465576171875" lon="108.44516691751778125762939453125">
        <ele>421.600006103515625</ele>
        <time>2026-06-16T13:33:22.000Z</time>
        <extensions>
          <ns3:TrackPointExtension>
            <ns3:hr>85</ns3:hr>
            <ns3:cad>91</ns3:cad>
          </ns3:TrackPointExtension>
        </extensions>
      </trkpt>
      <trkpt lat="30.75181460939347743988037109375" lon="108.44519130885601043701171875">
        <ele>421.600006103515625</ele>
        <time>2026-06-16T13:33:23.000Z</time>
        <extensions>
          <ns3:TrackPointExtension>
            <ns3:hr>85</ns3:hr>
            <ns3:cad>91</ns3:cad>
          </ns3:TrackPointExtension>
        </extensions>
      </trkpt>
      <trkpt lat="30.75180304236710071563720703125" lon="108.445199690759181976318359375">
        <ele>421.600006103515625</ele>
        <time>2026-06-16T13:33:24.000Z</time>
        <extensions>
          <ns3:TrackPointExtension>
            <ns3:hr>85</ns3:hr>
            <ns3:cad>91</ns3:cad>
          </ns3:TrackPointExtension>
        </extensions>
      </trkpt>
      <trkpt lat="30.75178141705691814422607421875" lon="108.44522005878388881683349609375">
        <ele>421.79998779296875</ele>
        <time>2026-06-16T13:33:25.000Z</time>
        <extensions>
          <ns3:TrackPointExtension>
            <ns3:hr>84</ns3:hr>
            <ns3:cad>91</ns3:cad>
          </ns3:TrackPointExtension>
        </extensions>
      </trkpt>
      <trkpt lat="30.75177135877311229705810546875" lon="108.44523380510509014129638671875">
        <ele>421.79998779296875</ele>
        <time>2026-06-16T13:33:26.000Z</time>
        <extensions>
          <ns3:TrackPointExtension>
            <ns3:hr>85</ns3:hr>
            <ns3:cad>91</ns3:cad>
          </ns3:TrackPointExtension>
        </extensions>
      </trkpt>
      <trkpt lat="30.75175040401518344879150390625" lon="108.4452617168426513671875">
        <ele>421.79998779296875</ele>
        <time>2026-06-16T13:33:27.000Z</time>
        <extensions>
          <ns3:TrackPointExtension>
            <ns3:hr>85</ns3:hr>
            <ns3:cad>91</ns3:cad>
          </ns3:TrackPointExtension>
        </extensions>
      </trkpt>
      <trkpt lat="30.7517422735691070556640625" lon="108.44527621753513813018798828125">
        <ele>421.79998779296875</ele>
        <time>2026-06-16T13:33:28.000Z</time>
        <extensions>
          <ns3:TrackPointExtension>
            <ns3:hr>85</ns3:hr>
            <ns3:cad>92</ns3:cad>
          </ns3:TrackPointExtension>
        </extensions>
      </trkpt>
      <trkpt lat="30.75172458775341510772705078125" lon="108.44529650174081325531005859375">
        <ele>421.79998779296875</ele>
        <time>2026-06-16T13:33:29.000Z</time>
        <extensions>
          <ns3:TrackPointExtension>
            <ns3:hr>85</ns3:hr>
            <ns3:cad>92</ns3:cad>
          </ns3:TrackPointExtension>
        </extensions>
      </trkpt>
      <trkpt lat="30.75171335600316524505615234375" lon="108.445313014090061187744140625">
        <ele>421.79998779296875</ele>
        <time>2026-06-16T13:33:30.000Z</time>
        <extensions>
          <ns3:TrackPointExtension>
            <ns3:hr>85</ns3:hr>
            <ns3:cad>92</ns3:cad>
          </ns3:TrackPointExtension>
        </extensions>
      </trkpt>
      <trkpt lat="30.75169600546360015869140625" lon="108.445331119000911712646484375">
        <ele>421.79998779296875</ele>
        <time>2026-06-16T13:33:31.000Z</time>
        <extensions>
          <ns3:TrackPointExtension>
            <ns3:hr>84</ns3:hr>
            <ns3:cad>92</ns3:cad>
          </ns3:TrackPointExtension>
        </extensions>
      </trkpt>
      <trkpt lat="30.7516851089894771575927734375" lon="108.44534494914114475250244140625">
        <ele>421.79998779296875</ele>
        <time>2026-06-16T13:33:32.000Z</time>
        <extensions>
          <ns3:TrackPointExtension>
            <ns3:hr>86</ns3:hr>
            <ns3:cad>92</ns3:cad>
          </ns3:TrackPointExtension>
        </extensions>
      </trkpt>
      <trkpt lat="30.75166591443121433258056640625" lon="108.44536271877586841583251953125">
        <ele>421.600006103515625</ele>
        <time>2026-06-16T13:33:33.000Z</time>
        <extensions>
          <ns3:TrackPointExtension>
            <ns3:hr>89</ns3:hr>
            <ns3:cad>92</ns3:cad>
          </ns3:TrackPointExtension>
        </extensions>
      </trkpt>
      <trkpt lat="30.7516549341380596160888671875" lon="108.44537512399256229400634765625">
        <ele>421.600006103515625</ele>
        <time>2026-06-16T13:33:34.000Z</time>
        <extensions>
          <ns3:TrackPointExtension>
            <ns3:hr>90</ns3:hr>
            <ns3:cad>93</ns3:cad>
          </ns3:TrackPointExtension>
        </extensions>
      </trkpt>
      <trkpt lat="30.7516368292272090911865234375" lon="108.44539088197052478790283203125">
        <ele>421.600006103515625</ele>
        <time>2026-06-16T13:33:35.000Z</time>
        <extensions>
          <ns3:TrackPointExtension>
            <ns3:hr>92</ns3:hr>
            <ns3:cad>93</ns3:cad>
          </ns3:TrackPointExtension>
        </extensions>
      </trkpt>
      <trkpt lat="30.75162702240049839019775390625" lon="108.44541250728070735931396484375">
        <ele>421.600006103515625</ele>
        <time>2026-06-16T13:33:36.000Z</time>
        <extensions>
          <ns3:TrackPointExtension>
            <ns3:hr>94</ns3:hr>
            <ns3:cad>92</ns3:cad>
          </ns3:TrackPointExtension>
        </extensions>
      </trkpt>
      <trkpt lat="30.751614533364772796630859375" lon="108.44543061219155788421630859375">
        <ele>421.600006103515625</ele>
        <time>2026-06-16T13:33:37.000Z</time>
        <extensions>
          <ns3:TrackPointExtension>
            <ns3:hr>97</ns3:hr>
            <ns3:cad>91</ns3:cad>
          </ns3:TrackPointExtension>
        </extensions>
      </trkpt>
      <trkpt lat="30.75160221196711063385009765625" lon="108.44545810483396053314208984375">
        <ele>421.600006103515625</ele>
        <time>2026-06-16T13:33:38.000Z</time>
        <extensions>
          <ns3:TrackPointExtension>
            <ns3:hr>99</ns3:hr>
            <ns3:cad>91</ns3:cad>
          </ns3:TrackPointExtension>
        </extensions>
      </trkpt>
      <trkpt lat="30.75159835629165172576904296875" lon="108.44547386281192302703857421875">
        <ele>421.600006103515625</ele>
        <time>2026-06-16T13:33:39.000Z</time>
        <extensions>
          <ns3:TrackPointExtension>
            <ns3:hr>103</ns3:hr>
            <ns3:cad>91</ns3:cad>
          </ns3:TrackPointExtension>
        </extensions>
      </trkpt>
      <trkpt lat="30.7515915669500827789306640625" lon="108.44549967907369136810302734375">
        <ele>421.600006103515625</ele>
        <time>2026-06-16T13:33:40.000Z</time>
        <extensions>
          <ns3:TrackPointExtension>
            <ns3:hr>107</ns3:hr>
            <ns3:cad>92</ns3:cad>
          </ns3:TrackPointExtension>
        </extensions>
      </trkpt>
      <trkpt lat="30.75158997438848018646240234375" lon="108.4455109946429729461669921875">
        <ele>421.600006103515625</ele>
        <time>2026-06-16T13:33:41.000Z</time>
        <extensions>
          <ns3:TrackPointExtension>
            <ns3:hr>110</ns3:hr>
            <ns3:cad>92</ns3:cad>
          </ns3:TrackPointExtension>
        </extensions>
      </trkpt>
      <trkpt lat="30.7515841908752918243408203125" lon="108.44553220085799694061279296875">
        <ele>421.600006103515625</ele>
        <time>2026-06-16T13:33:42.000Z</time>
        <extensions>
          <ns3:TrackPointExtension>
            <ns3:hr>111</ns3:hr>
            <ns3:cad>93</ns3:cad>
          </ns3:TrackPointExtension>
        </extensions>
      </trkpt>
      <trkpt lat="30.7515875436365604400634765625" lon="108.4455461986362934112548828125">
        <ele>421.600006103515625</ele>
        <time>2026-06-16T13:33:43.000Z</time>
        <extensions>
          <ns3:TrackPointExtension>
            <ns3:hr>113</ns3:hr>
            <ns3:cad>93</ns3:cad>
          </ns3:TrackPointExtension>
        </extensions>
      </trkpt>
      <trkpt lat="30.751580335199832916259765625" lon="108.44556924887001514434814453125">
        <ele>421.79998779296875</ele>
        <time>2026-06-16T13:33:44.000Z</time>
        <extensions>
          <ns3:TrackPointExtension>
            <ns3:hr>114</ns3:hr>
            <ns3:cad>93</ns3:cad>
          </ns3:TrackPointExtension>
        </extensions>
      </trkpt>
      <trkpt lat="30.75158142484724521636962890625" lon="108.4455924667418003082275390625">
        <ele>421.79998779296875</ele>
        <time>2026-06-16T13:33:45.000Z</time>
        <extensions>
          <ns3:TrackPointExtension>
            <ns3:hr>115</ns3:hr>
            <ns3:cad>92</ns3:cad>
          </ns3:TrackPointExtension>
        </extensions>
      </trkpt>
      <trkpt lat="30.75157471932470798492431640625" lon="108.44561375677585601806640625">
        <ele>421.600006103515625</ele>
        <time>2026-06-16T13:33:46.000Z</time>
        <extensions>
          <ns3:TrackPointExtension>
            <ns3:hr>115</ns3:hr>
            <ns3:cad>92</ns3:cad>
          </ns3:TrackPointExtension>
        </extensions>
      </trkpt>
      <trkpt lat="30.75157170183956623077392578125" lon="108.44564418308436870574951171875">
        <ele>421.600006103515625</ele>
        <time>2026-06-16T13:33:47.000Z</time>
        <extensions>
          <ns3:TrackPointExtension>
            <ns3:hr>116</ns3:hr>
            <ns3:cad>92</ns3:cad>
          </ns3:TrackPointExtension>
        </extensions>
      </trkpt>
      <trkpt lat="30.75156901963055133819580078125" lon="108.44567301683127880096435546875">
        <ele>421.600006103515625</ele>
        <time>2026-06-16T13:33:48.000Z</time>
        <extensions>
          <ns3:TrackPointExtension>
            <ns3:hr>116</ns3:hr>
            <ns3:cad>92</ns3:cad>
          </ns3:TrackPointExtension>
        </extensions>
      </trkpt>
      <trkpt lat="30.7515706121921539306640625" lon="108.44570084474980831146240234375">
        <ele>421.600006103515625</ele>
        <time>2026-06-16T13:33:49.000Z</time>
        <extensions>
          <ns3:TrackPointExtension>
            <ns3:hr>116</ns3:hr>
            <ns3:cad>93</ns3:cad>
          </ns3:TrackPointExtension>
        </extensions>
      </trkpt>
      <trkpt lat="30.75157438404858112335205078125" lon="108.4457212127745151519775390625">
        <ele>421.600006103515625</ele>
        <time>2026-06-16T13:33:50.000Z</time>
        <extensions>
          <ns3:TrackPointExtension>
            <ns3:hr>116</ns3:hr>
            <ns3:cad>93</ns3:cad>
          </ns3:TrackPointExtension>
        </extensions>
      </trkpt>
      <trkpt lat="30.7515801675617694854736328125" lon="108.44574275426566600799560546875">
        <ele>421.399993896484375</ele>
        <time>2026-06-16T13:33:51.000Z</time>
        <extensions>
          <ns3:TrackPointExtension>
            <ns3:hr>115</ns3:hr>
            <ns3:cad>93</ns3:cad>
          </ns3:TrackPointExtension>
        </extensions>
      </trkpt>
      <trkpt lat="30.75158603489398956298828125" lon="108.44576102681457996368408203125">
        <ele>421.399993896484375</ele>
        <time>2026-06-16T13:33:52.000Z</time>
        <extensions>
          <ns3:TrackPointExtension>
            <ns3:hr>115</ns3:hr>
            <ns3:cad>92</ns3:cad>
          </ns3:TrackPointExtension>
        </extensions>
      </trkpt>
      <trkpt lat="30.75159081257879734039306640625" lon="108.44578005373477935791015625">
        <ele>421.399993896484375</ele>
        <time>2026-06-16T13:33:53.000Z</time>
        <extensions>
          <ns3:TrackPointExtension>
            <ns3:hr>115</ns3:hr>
            <ns3:cad>92</ns3:cad>
          </ns3:TrackPointExtension>
        </extensions>
      </trkpt>
      <trkpt lat="30.75159701518714427947998046875" lon="108.44579623080790042877197265625">
        <ele>421.399993896484375</ele>
        <time>2026-06-16T13:33:54.000Z</time>
        <extensions>
          <ns3:TrackPointExtension>
            <ns3:hr>116</ns3:hr>
            <ns3:cad>92</ns3:cad>
          </ns3:TrackPointExtension>
        </extensions>
      </trkpt>
      <trkpt lat="30.7516019605100154876708984375" lon="108.44581617973744869232177734375">
        <ele>421.600006103515625</ele>
        <time>2026-06-16T13:33:55.000Z</time>
        <extensions>
          <ns3:TrackPointExtension>
            <ns3:hr>116</ns3:hr>
            <ns3:cad>92</ns3:cad>
          </ns3:TrackPointExtension>
        </extensions>
      </trkpt>
      <trkpt lat="30.75160740874707698822021484375" lon="108.44582959078252315521240234375">
        <ele>421.600006103515625</ele>
        <time>2026-06-16T13:33:56.000Z</time>
        <extensions>
          <ns3:TrackPointExtension>
            <ns3:hr>117</ns3:hr>
            <ns3:cad>92</ns3:cad>
          </ns3:TrackPointExtension>
        </extensions>
      </trkpt>
      <trkpt lat="30.751612521708011627197265625" lon="108.4458476118743419647216796875">
        <ele>421.600006103515625</ele>
        <time>2026-06-16T13:33:57.000Z</time>
        <extensions>
          <ns3:TrackPointExtension>
            <ns3:hr>117</ns3:hr>
            <ns3:cad>93</ns3:cad>
          </ns3:TrackPointExtension>
        </extensions>
      </trkpt>
      <trkpt lat="30.7516217418015003204345703125" lon="108.4458683989942073822021484375">
        <ele>421.600006103515625</ele>
        <time>2026-06-16T13:33:58.000Z</time>
        <extensions>
          <ns3:TrackPointExtension>
            <ns3:hr>117</ns3:hr>
            <ns3:cad>93</ns3:cad>
          </ns3:TrackPointExtension>
        </extensions>
      </trkpt>
      <trkpt lat="30.751629285514354705810546875" lon="108.44588591717183589935302734375">
        <ele>421.600006103515625</ele>
        <time>2026-06-16T13:33:59.000Z</time>
        <extensions>
          <ns3:TrackPointExtension>
            <ns3:hr>117</ns3:hr>
            <ns3:cad>93</ns3:cad>
          </ns3:TrackPointExtension>
        </extensions>
      </trkpt>
      <trkpt lat="30.7516361586749553680419921875" lon="108.44590804539620876312255859375">
        <ele>421.600006103515625</ele>
        <time>2026-06-16T13:34:00.000Z</time>
        <extensions>
          <ns3:TrackPointExtension>
            <ns3:hr>117</ns3:hr>
            <ns3:cad>93</ns3:cad>
          </ns3:TrackPointExtension>
        </extensions>
      </trkpt>
      <trkpt lat="30.7516483962535858154296875" lon="108.4459220431745052337646484375">
        <ele>421.600006103515625</ele>
        <time>2026-06-16T13:34:01.000Z</time>
        <extensions>
          <ns3:TrackPointExtension>
            <ns3:hr>116</ns3:hr>
            <ns3:cad>93</ns3:cad>
          </ns3:TrackPointExtension>
        </extensions>
      </trkpt>
      <trkpt lat="30.75165870599448680877685546875" lon="108.4459488652646541595458984375">
        <ele>421.600006103515625</ele>
        <time>2026-06-16T13:34:02.000Z</time>
        <extensions>
          <ns3:TrackPointExtension>
            <ns3:hr>116</ns3:hr>
            <ns3:cad>93</ns3:cad>
          </ns3:TrackPointExtension>
        </extensions>
      </trkpt>
      <trkpt lat="30.751670859754085540771484375" lon="108.44595850445330142974853515625">
        <ele>421.600006103515625</ele>
        <time>2026-06-16T13:34:03.000Z</time>
        <extensions>
          <ns3:TrackPointExtension>
            <ns3:hr>115</ns3:hr>
            <ns3:cad>91</ns3:cad>
          </ns3:TrackPointExtension>
        </extensions>
      </trkpt>
      <trkpt lat="30.75168125331401824951171875" lon="108.44597862102091312408447265625">
        <ele>421.600006103515625</ele>
        <time>2026-06-16T13:34:04.000Z</time>
        <extensions>
          <ns3:TrackPointExtension>
            <ns3:hr>115</ns3:hr>
            <ns3:cad>91</ns3:cad>
          </ns3:TrackPointExtension>
        </extensions>
      </trkpt>
      <trkpt lat="30.75169323943555355072021484375" lon="108.445988930761814117431640625">
        <ele>421.600006103515625</ele>
        <time>2026-06-16T13:34:05.000Z</time>
        <extensions>
          <ns3:TrackPointExtension>
            <ns3:hr>115</ns3:hr>
            <ns3:cad>91</ns3:cad>
          </ns3:TrackPointExtension>
        </extensions>
      </trkpt>
      <trkpt lat="30.75170648284256458282470703125" lon="108.44600309617817401885986328125">
        <ele>421.600006103515625</ele>
        <time>2026-06-16T13:34:06.000Z</time>
        <extensions>
          <ns3:TrackPointExtension>
            <ns3:hr>115</ns3:hr>
            <ns3:cad>92</ns3:cad>
          </ns3:TrackPointExtension>
        </extensions>
      </trkpt>
      <trkpt lat="30.7517243362963199615478515625" lon="108.4460127353668212890625">
        <ele>421.600006103515625</ele>
        <time>2026-06-16T13:34:07.000Z</time>
        <extensions>
          <ns3:TrackPointExtension>
            <ns3:hr>115</ns3:hr>
            <ns3:cad>92</ns3:cad>
          </ns3:TrackPointExtension>
        </extensions>
      </trkpt>
      <trkpt lat="30.751737914979457855224609375" lon="108.44602413475513458251953125">
        <ele>421.600006103515625</ele>
        <time>2026-06-16T13:34:08.000Z</time>
        <extensions>
          <ns3:TrackPointExtension>
            <ns3:hr>115</ns3:hr>
            <ns3:cad>92</ns3:cad>
          </ns3:TrackPointExtension>
        </extensions>
      </trkpt>
      <trkpt lat="30.75176440179347991943359375" lon="108.4460383839905261993408203125">
        <ele>421.600006103515625</ele>
        <time>2026-06-16T13:34:09.000Z</time>
        <extensions>
          <ns3:TrackPointExtension>
            <ns3:hr>115</ns3:hr>
            <ns3:cad>92</ns3:cad>
          </ns3:TrackPointExtension>
        </extensions>
      </trkpt>
      <trkpt lat="30.751777477562427520751953125" lon="108.4460528008639812469482421875">
        <ele>421.600006103515625</ele>
        <time>2026-06-16T13:34:10.000Z</time>
        <extensions>
          <ns3:TrackPointExtension>
            <ns3:hr>115</ns3:hr>
            <ns3:cad>93</ns3:cad>
          </ns3:TrackPointExtension>
        </extensions>
      </trkpt>
      <trkpt lat="30.751794911921024322509765625" lon="108.44607149250805377960205078125">
        <ele>421.600006103515625</ele>
        <time>2026-06-16T13:34:11.000Z</time>
        <extensions>
          <ns3:TrackPointExtension>
            <ns3:hr>115</ns3:hr>
            <ns3:cad>93</ns3:cad>
          </ns3:TrackPointExtension>
        </extensions>
      </trkpt>
      <trkpt lat="30.75180522166192531585693359375" lon="108.44608247280120849609375">
        <ele>421.600006103515625</ele>
        <time>2026-06-16T13:34:12.000Z</time>
        <extensions>
          <ns3:TrackPointExtension>
            <ns3:hr>115</ns3:hr>
            <ns3:cad>93</ns3:cad>
          </ns3:TrackPointExtension>
        </extensions>
      </trkpt>
      <trkpt lat="30.7518276013433933258056640625" lon="108.44609923660755157470703125">
        <ele>421.600006103515625</ele>
        <time>2026-06-16T13:34:13.000Z</time>
        <extensions>
          <ns3:TrackPointExtension>
            <ns3:hr>115</ns3:hr>
            <ns3:cad>93</ns3:cad>
          </ns3:TrackPointExtension>
        </extensions>
      </trkpt>
      <trkpt lat="30.7518415153026580810546875" lon="108.446104265749454498291015625">
        <ele>421.600006103515625</ele>
        <time>2026-06-16T13:34:14.000Z</time>
        <extensions>
          <ns3:TrackPointExtension>
            <ns3:hr>115</ns3:hr>
            <ns3:cad>93</ns3:cad>
          </ns3:TrackPointExtension>
        </extensions>
      </trkpt>
      <trkpt lat="30.75186096131801605224609375" lon="108.44611709006130695343017578125">
        <ele>421.600006103515625</ele>
        <time>2026-06-16T13:34:15.000Z</time>
        <extensions>
          <ns3:TrackPointExtension>
            <ns3:hr>115</ns3:hr>
            <ns3:cad>93</ns3:cad>
          </ns3:TrackPointExtension>
        </extensions>
      </trkpt>
      <trkpt lat="30.75187562964856624603271484375" lon="108.44612295739352703094482421875">
        <ele>421.600006103515625</ele>
        <time>2026-06-16T13:34:16.000Z</time>
        <extensions>
          <ns3:TrackPointExtension>
            <ns3:hr>115</ns3:hr>
            <ns3:cad>93</ns3:cad>
          </ns3:TrackPointExtension>
        </extensions>
      </trkpt>
      <trkpt lat="30.7518923096358776092529296875" lon="108.4461428225040435791015625">
        <ele>421.600006103515625</ele>
        <time>2026-06-16T13:34:17.000Z</time>
        <extensions>
          <ns3:TrackPointExtension>
            <ns3:hr>115</ns3:hr>
            <ns3:cad>92</ns3:cad>
          </ns3:TrackPointExtension>
        </extensions>
      </trkpt>
      <trkpt lat="30.75190530158579349517822265625" lon="108.4461520425975322723388671875">
        <ele>421.600006103515625</ele>
        <time>2026-06-16T13:34:18.000Z</time>
        <extensions>
          <ns3:TrackPointExtension>
            <ns3:hr>116</ns3:hr>
            <ns3:cad>92</ns3:cad>
          </ns3:TrackPointExtension>
        </extensions>
      </trkpt>
      <trkpt lat="30.7519219815731048583984375" lon="108.44616402871906757354736328125">
        <ele>421.600006103515625</ele>
        <time>2026-06-16T13:34:19.000Z</time>
        <extensions>
          <ns3:TrackPointExtension>
            <ns3:hr>116</ns3:hr>
            <ns3:cad>92</ns3:cad>
          </ns3:TrackPointExtension>
        </extensions>
      </trkpt>
      <trkpt lat="30.75194050557911396026611328125" lon="108.44616687856614589691162109375">
        <ele>421.600006103515625</ele>
        <time>2026-06-16T13:34:20.000Z</time>
        <extensions>
          <ns3:TrackPointExtension>
            <ns3:hr>116</ns3:hr>
            <ns3:cad>94</ns3:cad>
          </ns3:TrackPointExtension>
        </extensions>
      </trkpt>
      <trkpt lat="30.75195743702352046966552734375" lon="108.4461723268032073974609375">
        <ele>421.600006103515625</ele>
        <time>2026-06-16T13:34:21.000Z</time>
        <extensions>
          <ns3:TrackPointExtension>
            <ns3:hr>116</ns3:hr>
            <ns3:cad>94</ns3:cad>
          </ns3:TrackPointExtension>
        </extensions>
      </trkpt>
      <trkpt lat="30.7519794814288616180419921875" lon="108.44617073424160480499267578125">
        <ele>421.600006103515625</ele>
        <time>2026-06-16T13:34:22.000Z</time>
        <extensions>
          <ns3:TrackPointExtension>
            <ns3:hr>117</ns3:hr>
            <ns3:cad>92</ns3:cad>
          </ns3:TrackPointExtension>
        </extensions>
      </trkpt>
      <trkpt lat="30.75199599377810955047607421875" lon="108.44616922549903392791748046875">
        <ele>421.600006103515625</ele>
        <time>2026-06-16T13:34:23.000Z</time>
        <extensions>
          <ns3:TrackPointExtension>
            <ns3:hr>117</ns3:hr>
            <ns3:cad>92</ns3:cad>
          </ns3:TrackPointExtension>
        </extensions>
      </trkpt>
      <trkpt lat="30.75202063657343387603759765625" lon="108.44616360962390899658203125">
        <ele>421.600006103515625</ele>
        <time>2026-06-16T13:34:24.000Z</time>
        <extensions>
          <ns3:TrackPointExtension>
            <ns3:hr>116</ns3:hr>
            <ns3:cad>93</ns3:cad>
          </ns3:TrackPointExtension>
        </extensions>
      </trkpt>
      <trkpt lat="30.7520337961614131927490234375" lon="108.4461631067097187042236328125">
        <ele>421.600006103515625</ele>
        <time>2026-06-16T13:34:25.000Z</time>
        <extensions>
          <ns3:TrackPointExtension>
            <ns3:hr>116</ns3:hr>
            <ns3:cad>94</ns3:cad>
          </ns3:TrackPointExtension>
        </extensions>
      </trkpt>
      <trkpt lat="30.75205768458545207977294921875" lon="108.44615967012941837310791015625">
        <ele>421.600006103515625</ele>
        <time>2026-06-16T13:34:26.000Z</time>
        <extensions>
          <ns3:TrackPointExtension>
            <ns3:hr>116</ns3:hr>
            <ns3:cad>94</ns3:cad>
          </ns3:TrackPointExtension>
        </extensions>
      </trkpt>
      <trkpt lat="30.75207344256341457366943359375" lon="108.44615715555846691131591796875">
        <ele>421.600006103515625</ele>
        <time>2026-06-16T13:34:27.000Z</time>
        <extensions>
          <ns3:TrackPointExtension>
            <ns3:hr>117</ns3:hr>
            <ns3:cad>94</ns3:cad>
          </ns3:TrackPointExtension>
        </extensions>
      </trkpt>
      <trkpt lat="30.7520988397300243377685546875" lon="108.44615547917783260345458984375">
        <ele>421.600006103515625</ele>
        <time>2026-06-16T13:34:28.000Z</time>
        <extensions>
          <ns3:TrackPointExtension>
            <ns3:hr>116</ns3:hr>
            <ns3:cad>94</ns3:cad>
          </ns3:TrackPointExtension>
        </extensions>
      </trkpt>
      <trkpt lat="30.75211451388895511627197265625" lon="108.4461493603885173797607421875">
        <ele>421.600006103515625</ele>
        <time>2026-06-16T13:34:29.000Z</time>
        <extensions>
          <ns3:TrackPointExtension>
            <ns3:hr>117</ns3:hr>
            <ns3:cad>93</ns3:cad>
          </ns3:TrackPointExtension>
        </extensions>
      </trkpt>
      <trkpt lat="30.752134211361408233642578125" lon="108.44615313224494457244873046875">
        <ele>421.600006103515625</ele>
        <time>2026-06-16T13:34:30.000Z</time>
        <extensions>
          <ns3:TrackPointExtension>
            <ns3:hr>117</ns3:hr>
            <ns3:cad>92</ns3:cad>
          </ns3:TrackPointExtension>
        </extensions>
      </trkpt>
      <trkpt lat="30.75215466320514678955078125" lon="108.4461527131497859954833984375">
        <ele>421.600006103515625</ele>
        <time>2026-06-16T13:34:31.000Z</time>
        <extensions>
          <ns3:TrackPointExtension>
            <ns3:hr>117</ns3:hr>
            <ns3:cad>92</ns3:cad>
          </ns3:TrackPointExtension>
        </extensions>
      </trkpt>
      <trkpt lat="30.75217167846858501434326171875" lon="108.44615631736814975738525390625">
        <ele>421.600006103515625</ele>
        <time>2026-06-16T13:34:32.000Z</time>
        <extensions>
          <ns3:TrackPointExtension>
            <ns3:hr>116</ns3:hr>
            <ns3:cad>93</ns3:cad>
          </ns3:TrackPointExtension>
        </extensions>
      </trkpt>
      <trkpt lat="30.7521850056946277618408203125" lon="108.44615162350237369537353515625">
        <ele>421.600006103515625</ele>
        <time>2026-06-16T13:34:33.000Z</time>
        <extensions>
          <ns3:TrackPointExtension>
            <ns3:hr>117</ns3:hr>
            <ns3:cad>93</ns3:cad>
          </ns3:TrackPointExtension>
        </extensions>
      </trkpt>
      <trkpt lat="30.75220051221549510955810546875" lon="108.446153886616230010986328125">
        <ele>421.600006103515625</ele>
        <time>2026-06-16T13:34:34.000Z</time>
        <extensions>
          <ns3:TrackPointExtension>
            <ns3:hr>117</ns3:hr>
            <ns3:cad>92</ns3:cad>
          </ns3:TrackPointExtension>
        </extensions>
      </trkpt>
      <trkpt lat="30.75222280807793140411376953125" lon="108.4461507014930248260498046875">
        <ele>421.600006103515625</ele>
        <time>2026-06-16T13:34:35.000Z</time>
        <extensions>
          <ns3:TrackPointExtension>
            <ns3:hr>116</ns3:hr>
            <ns3:cad>92</ns3:cad>
          </ns3:TrackPointExtension>
        </extensions>
      </trkpt>
      <trkpt lat="30.7522384822368621826171875" lon="108.44615422189235687255859375">
        <ele>421.600006103515625</ele>
        <time>2026-06-16T13:34:36.000Z</time>
        <extensions>
          <ns3:TrackPointExtension>
            <ns3:hr>117</ns3:hr>
            <ns3:cad>92</ns3:cad>
          </ns3:TrackPointExtension>
        </extensions>
      </trkpt>
      <trkpt lat="30.75226387940347194671630859375" lon="108.4461527131497859954833984375">
        <ele>421.600006103515625</ele>
        <time>2026-06-16T13:34:37.000Z</time>
        <extensions>
          <ns3:TrackPointExtension>
            <ns3:hr>117</ns3:hr>
            <ns3:cad>93</ns3:cad>
          </ns3:TrackPointExtension>
        </extensions>
      </trkpt>
      <trkpt lat="30.75228198431432247161865234375" lon="108.44615413807332515716552734375">
        <ele>421.600006103515625</ele>
        <time>2026-06-16T13:34:38.000Z</time>
        <extensions>
          <ns3:TrackPointExtension>
            <ns3:hr>118</ns3:hr>
            <ns3:cad>93</ns3:cad>
          </ns3:TrackPointExtension>
        </extensions>
      </trkpt>
      <trkpt lat="30.75230763293802738189697265625" lon="108.44614994712173938751220703125">
        <ele>421.600006103515625</ele>
        <time>2026-06-16T13:34:39.000Z</time>
        <extensions>
          <ns3:TrackPointExtension>
            <ns3:hr>119</ns3:hr>
            <ns3:cad>93</ns3:cad>
          </ns3:TrackPointExtension>
        </extensions>
      </trkpt>
      <trkpt lat="30.75232456438243389129638671875" lon="108.4461493603885173797607421875">
        <ele>421.600006103515625</ele>
        <time>2026-06-16T13:34:40.000Z</time>
        <extensions>
          <ns3:TrackPointExtension>
            <ns3:hr>120</ns3:hr>
            <ns3:cad>92</ns3:cad>
          </ns3:TrackPointExtension>
        </extensions>
      </trkpt>
      <trkpt lat="30.75235054828226566314697265625" lon="108.4461470134556293487548828125">
        <ele>421.600006103515625</ele>
        <time>2026-06-16T13:34:41.000Z</time>
        <extensions>
          <ns3:TrackPointExtension>
            <ns3:hr>120</ns3:hr>
            <ns3:cad>93</ns3:cad>
          </ns3:TrackPointExtension>
        </extensions>
      </trkpt>
      <trkpt lat="30.7523653842508792877197265625" lon="108.44614240340888500213623046875">
        <ele>421.399993896484375</ele>
        <time>2026-06-16T13:34:42.000Z</time>
        <extensions>
          <ns3:TrackPointExtension>
            <ns3:hr>121</ns3:hr>
            <ns3:cad>93</ns3:cad>
          </ns3:TrackPointExtension>
        </extensions>
      </trkpt>
      <trkpt lat="30.75238642282783985137939453125" lon="108.44614843837916851043701171875">
        <ele>421.399993896484375</ele>
        <time>2026-06-16T13:34:43.000Z</time>
        <extensions>
          <ns3:TrackPointExtension>
            <ns3:hr>122</ns3:hr>
            <ns3:cad>93</ns3:cad>
          </ns3:TrackPointExtension>
        </extensions>
      </trkpt>
      <trkpt lat="30.75240134261548519134521484375" lon="108.44614709727466106414794921875">
        <ele>421.399993896484375</ele>
        <time>2026-06-16T13:34:44.000Z</time>
        <extensions>
          <ns3:TrackPointExtension>
            <ns3:hr>122</ns3:hr>
            <ns3:cad>93</ns3:cad>
          </ns3:TrackPointExtension>
        </extensions>
      </trkpt>
      <trkpt lat="30.75242028571665287017822265625" lon="108.4461486898362636566162109375">
        <ele>421.600006103515625</ele>
        <time>2026-06-16T13:34:45.000Z</time>
        <extensions>
          <ns3:TrackPointExtension>
            <ns3:hr>122</ns3:hr>
            <ns3:cad>92</ns3:cad>
          </ns3:TrackPointExtension>
        </extensions>
      </trkpt>
      <trkpt lat="30.75243487022817134857177734375" lon="108.4461450017988681793212890625">
        <ele>421.600006103515625</ele>
        <time>2026-06-16T13:34:46.000Z</time>
        <extensions>
          <ns3:TrackPointExtension>
            <ns3:hr>122</ns3:hr>
            <ns3:cad>92</ns3:cad>
          </ns3:TrackPointExtension>
        </extensions>
      </trkpt>
      <trkpt lat="30.7524538971483707427978515625" lon="108.44614340923726558685302734375">
        <ele>421.600006103515625</ele>
        <time>2026-06-16T13:34:47.000Z</time>
        <extensions>
          <ns3:TrackPointExtension>
            <ns3:hr>122</ns3:hr>
            <ns3:cad>92</ns3:cad>
          </ns3:TrackPointExtension>
        </extensions>
      </trkpt>
      <trkpt lat="30.75247309170663356781005859375" lon="108.4461443312466144561767578125">
        <ele>421.600006103515625</ele>
        <time>2026-06-16T13:34:48.000Z</time>
        <extensions>
          <ns3:TrackPointExtension>
            <ns3:hr>122</ns3:hr>
            <ns3:cad>92</ns3:cad>
          </ns3:TrackPointExtension>
        </extensions>
      </trkpt>
      <trkpt lat="30.75249220244586467742919921875" lon="108.44614860601723194122314453125">
        <ele>421.600006103515625</ele>
        <time>2026-06-16T13:34:49.000Z</time>
        <extensions>
          <ns3:TrackPointExtension>
            <ns3:hr>123</ns3:hr>
            <ns3:cad>92</ns3:cad>
          </ns3:TrackPointExtension>
        </extensions>
      </trkpt>
      <trkpt lat="30.752514414489269256591796875" lon="108.4461476840078830718994140625">
        <ele>421.600006103515625</ele>
        <time>2026-06-16T13:34:50.000Z</time>
        <extensions>
          <ns3:TrackPointExtension>
            <ns3:hr>122</ns3:hr>
            <ns3:cad>91</ns3:cad>
          </ns3:TrackPointExtension>
        </extensions>
      </trkpt>
      <trkpt lat="30.7525283284485340118408203125" lon="108.44614885747432708740234375">
        <ele>421.600006103515625</ele>
        <time>2026-06-16T13:34:51.000Z</time>
        <extensions>
          <ns3:TrackPointExtension>
            <ns3:hr>123</ns3:hr>
            <ns3:cad>91</ns3:cad>
          </ns3:TrackPointExtension>
        </extensions>
      </trkpt>
      <trkpt lat="30.75255154632031917572021484375" lon="108.446147851645946502685546875">
        <ele>421.600006103515625</ele>
        <time>2026-06-16T13:34:52.000Z</time>
        <extensions>
          <ns3:TrackPointExtension>
            <ns3:hr>122</ns3:hr>
            <ns3:cad>93</ns3:cad>
          </ns3:TrackPointExtension>
        </extensions>
      </trkpt>
      <trkpt lat="30.7525665499269962310791015625" lon="108.44614307396113872528076171875">
        <ele>421.399993896484375</ele>
        <time>2026-06-16T13:34:53.000Z</time>
        <extensions>
          <ns3:TrackPointExtension>
            <ns3:hr>122</ns3:hr>
            <ns3:cad>93</ns3:cad>
          </ns3:TrackPointExtension>
        </extensions>
      </trkpt>
      <trkpt lat="30.7525900192558765411376953125" lon="108.44614324159920215606689453125">
        <ele>421.399993896484375</ele>
        <time>2026-06-16T13:34:54.000Z</time>
        <extensions>
          <ns3:TrackPointExtension>
            <ns3:hr>122</ns3:hr>
            <ns3:cad>92</ns3:cad>
          </ns3:TrackPointExtension>
        </extensions>
      </trkpt>
      <trkpt lat="30.75260485522449016571044921875" lon="108.44613905064761638641357421875">
        <ele>421.399993896484375</ele>
        <time>2026-06-16T13:34:55.000Z</time>
        <extensions>
          <ns3:TrackPointExtension>
            <ns3:hr>121</ns3:hr>
            <ns3:cad>92</ns3:cad>
          </ns3:TrackPointExtension>
        </extensions>
      </trkpt>
      <trkpt lat="30.75262731872498989105224609375" lon="108.44614692963659763336181640625">
        <ele>421.399993896484375</ele>
        <time>2026-06-16T13:34:56.000Z</time>
        <extensions>
          <ns3:TrackPointExtension>
            <ns3:hr>121</ns3:hr>
            <ns3:cad>92</ns3:cad>
          </ns3:TrackPointExtension>
        </extensions>
      </trkpt>
      <trkpt lat="30.7526443339884281158447265625" lon="108.4461460076272487640380859375">
        <ele>421.399993896484375</ele>
        <time>2026-06-16T13:34:57.000Z</time>
        <extensions>
          <ns3:TrackPointExtension>
            <ns3:hr>120</ns3:hr>
            <ns3:cad>92</ns3:cad>
          </ns3:TrackPointExtension>
        </extensions>
      </trkpt>
      <trkpt lat="30.7526641152799129486083984375" lon="108.446153886616230010986328125">
        <ele>421.399993896484375</ele>
        <time>2026-06-16T13:34:58.000Z</time>
        <extensions>
          <ns3:TrackPointExtension>
            <ns3:hr>119</ns3:hr>
            <ns3:cad>93</ns3:cad>
          </ns3:TrackPointExtension>
        </extensions>
      </trkpt>
      <trkpt lat="30.752683393657207489013671875" lon="108.44615464098751544952392578125">
        <ele>421.399993896484375</ele>
        <time>2026-06-16T13:34:59.000Z</time>
        <extensions>
          <ns3:TrackPointExtension>
            <ns3:hr>119</ns3:hr>
            <ns3:cad>93</ns3:cad>
          </ns3:TrackPointExtension>
        </extensions>
      </trkpt>
      <trkpt lat="30.75269990600645542144775390625" lon="108.44615363515913486480712890625">
        <ele>421.399993896484375</ele>
        <time>2026-06-16T13:35:00.000Z</time>
        <extensions>
          <ns3:TrackPointExtension>
            <ns3:hr>119</ns3:hr>
            <ns3:cad>92</ns3:cad>
          </ns3:TrackPointExtension>
        </extensions>
      </trkpt>
      <trkpt lat="30.75271834619343280792236328125" lon="108.446149192750453948974609375">
        <ele>421.399993896484375</ele>
        <time>2026-06-16T13:35:01.000Z</time>
        <extensions>
          <ns3:TrackPointExtension>
            <ns3:hr>119</ns3:hr>
            <ns3:cad>92</ns3:cad>
          </ns3:TrackPointExtension>
        </extensions>
      </trkpt>
      <trkpt lat="30.75273628346621990203857421875" lon="108.446155227720737457275390625">
        <ele>421.600006103515625</ele>
        <time>2026-06-16T13:35:02.000Z</time>
        <extensions>
          <ns3:TrackPointExtension>
            <ns3:hr>119</ns3:hr>
            <ns3:cad>93</ns3:cad>
          </ns3:TrackPointExtension>
        </extensions>
      </trkpt>
      <trkpt lat="30.7527569867670536041259765625" lon="108.44616084359586238861083984375">
        <ele>421.399993896484375</ele>
        <time>2026-06-16T13:35:03.000Z</time>
        <extensions>
          <ns3:TrackPointExtension>
            <ns3:hr>119</ns3:hr>
            <ns3:cad>93</ns3:cad>
          </ns3:TrackPointExtension>
        </extensions>
      </trkpt>
      <trkpt lat="30.75277333147823810577392578125" lon="108.44616536982357501983642578125">
        <ele>421.399993896484375</ele>
        <time>2026-06-16T13:35:04.000Z</time>
        <extensions>
          <ns3:TrackPointExtension>
            <ns3:hr>119</ns3:hr>
            <ns3:cad>91</ns3:cad>
          </ns3:TrackPointExtension>
        </extensions>
      </trkpt>
      <trkpt lat="30.752797387540340423583984375" lon="108.44616629183292388916015625">
        <ele>421.399993896484375</ele>
        <time>2026-06-16T13:35:05.000Z</time>
        <extensions>
          <ns3:TrackPointExtension>
            <ns3:hr>119</ns3:hr>
            <ns3:cad>91</ns3:cad>
          </ns3:TrackPointExtension>
        </extensions>
      </trkpt>
      <trkpt lat="30.752816498279571533203125" lon="108.44616352580487728118896484375">
        <ele>421.399993896484375</ele>
        <time>2026-06-16T13:35:06.000Z</time>
        <extensions>
          <ns3:TrackPointExtension>
            <ns3:hr>119</ns3:hr>
            <ns3:cad>91</ns3:cad>
          </ns3:TrackPointExtension>
        </extensions>
      </trkpt>
      <trkpt lat="30.75284340418875217437744140625" lon="108.44616402871906757354736328125">
        <ele>421.399993896484375</ele>
        <time>2026-06-16T13:35:07.000Z</time>
        <extensions>
          <ns3:TrackPointExtension>
            <ns3:hr>119</ns3:hr>
            <ns3:cad>91</ns3:cad>
          </ns3:TrackPointExtension>
        </extensions>
      </trkpt>
      <trkpt lat="30.752859748899936676025390625" lon="108.44615916721522808074951171875">
        <ele>421.399993896484375</ele>
        <time>2026-06-16T13:35:08.000Z</time>
        <extensions>
          <ns3:TrackPointExtension>
            <ns3:hr>119</ns3:hr>
            <ns3:cad>91</ns3:cad>
          </ns3:TrackPointExtension>
        </extensions>
      </trkpt>
      <trkpt lat="30.75288380496203899383544921875" lon="108.44615883193910121917724609375">
        <ele>421.399993896484375</ele>
        <time>2026-06-16T13:35:09.000Z</time>
        <extensions>
          <ns3:TrackPointExtension>
            <ns3:hr>119</ns3:hr>
            <ns3:cad>91</ns3:cad>
          </ns3:TrackPointExtension>
        </extensions>
      </trkpt>
      <trkpt lat="30.75290190987288951873779296875" lon="108.44615497626364231109619140625">
        <ele>421.399993896484375</ele>
        <time>2026-06-16T13:35:10.000Z</time>
        <extensions>
          <ns3:TrackPointExtension>
            <ns3:hr>120</ns3:hr>
            <ns3:cad>92</ns3:cad>
          </ns3:TrackPointExtension>
        </extensions>
      </trkpt>
      <trkpt lat="30.7529242895543575286865234375" lon="108.44615732319653034210205078125">
        <ele>421.399993896484375</ele>
        <time>2026-06-16T13:35:11.000Z</time>
        <extensions>
          <ns3:TrackPointExtension>
            <ns3:hr>120</ns3:hr>
            <ns3:cad>92</ns3:cad>
          </ns3:TrackPointExtension>
        </extensions>
      </trkpt>
      <trkpt lat="30.75293962843716144561767578125" lon="108.4461493603885173797607421875">
        <ele>421.399993896484375</ele>
        <time>2026-06-16T13:35:12.000Z</time>
        <extensions>
          <ns3:TrackPointExtension>
            <ns3:hr>120</ns3:hr>
            <ns3:cad>92</ns3:cad>
          </ns3:TrackPointExtension>
        </extensions>
      </trkpt>
      <trkpt lat="30.75295907445251941680908203125" lon="108.446152210235595703125">
        <ele>421.399993896484375</ele>
        <time>2026-06-16T13:35:13.000Z</time>
        <extensions>
          <ns3:TrackPointExtension>
            <ns3:hr>121</ns3:hr>
            <ns3:cad>92</ns3:cad>
          </ns3:TrackPointExtension>
        </extensions>
      </trkpt>
      <trkpt lat="30.752978436648845672607421875" lon="108.44615363515913486480712890625">
        <ele>421.399993896484375</ele>
        <time>2026-06-16T13:35:14.000Z</time>
        <extensions>
          <ns3:TrackPointExtension>
            <ns3:hr>121</ns3:hr>
            <ns3:cad>93</ns3:cad>
          </ns3:TrackPointExtension>
        </extensions>
      </trkpt>
      <trkpt lat="30.7529973797500133514404296875" lon="108.44615547917783260345458984375">
        <ele>421.399993896484375</ele>
        <time>2026-06-16T13:35:15.000Z</time>
        <extensions>
          <ns3:TrackPointExtension>
            <ns3:hr>122</ns3:hr>
            <ns3:cad>93</ns3:cad>
          </ns3:TrackPointExtension>
        </extensions>
      </trkpt>
      <trkpt lat="30.75301758013665676116943359375" lon="108.44615112058818340301513671875">
        <ele>421.399993896484375</ele>
        <time>2026-06-16T13:35:16.000Z</time>
        <extensions>
          <ns3:TrackPointExtension>
            <ns3:hr>123</ns3:hr>
            <ns3:cad>93</ns3:cad>
          </ns3:TrackPointExtension>
        </extensions>
      </trkpt>
      <trkpt lat="30.75303442776203155517578125" lon="108.446151204407215118408203125">
        <ele>421.399993896484375</ele>
        <time>2026-06-16T13:35:17.000Z</time>
        <extensions>
          <ns3:TrackPointExtension>
            <ns3:hr>123</ns3:hr>
            <ns3:cad>93</ns3:cad>
          </ns3:TrackPointExtension>
        </extensions>
      </trkpt>
      <trkpt lat="30.7530540414154529571533203125" lon="108.446141816675662994384765625">
        <ele>421.399993896484375</ele>
        <time>2026-06-16T13:35:18.000Z</time>
        <extensions>
          <ns3:TrackPointExtension>
            <ns3:hr>123</ns3:hr>
            <ns3:cad>93</ns3:cad>
          </ns3:TrackPointExtension>
        </extensions>
      </trkpt>
      <trkpt lat="30.75306854210793972015380859375" lon="108.44613469205796718597412109375">
        <ele>421.399993896484375</ele>
        <time>2026-06-16T13:35:19.000Z</time>
        <extensions>
          <ns3:TrackPointExtension>
            <ns3:hr>123</ns3:hr>
            <ns3:cad>93</ns3:cad>
          </ns3:TrackPointExtension>
        </extensions>
      </trkpt>
      <trkpt lat="30.7530852220952510833740234375" lon="108.44611759297549724578857421875">
        <ele>421.399993896484375</ele>
        <time>2026-06-16T13:35:20.000Z</time>
        <extensions>
          <ns3:TrackPointExtension>
            <ns3:hr>123</ns3:hr>
            <ns3:cad>93</ns3:cad>
          </ns3:TrackPointExtension>
        </extensions>
      </trkpt>
      <trkpt lat="30.7530915923416614532470703125" lon="108.44610082916915416717529296875">
        <ele>421.399993896484375</ele>
        <time>2026-06-16T13:35:21.000Z</time>
        <extensions>
          <ns3:TrackPointExtension>
            <ns3:hr>123</ns3:hr>
            <ns3:cad>93</ns3:cad>
          </ns3:TrackPointExtension>
        </extensions>
      </trkpt>
      <trkpt lat="30.7531029917299747467041015625" lon="108.44607400707900524139404296875">
        <ele>421.399993896484375</ele>
        <time>2026-06-16T13:35:22.000Z</time>
        <extensions>
          <ns3:TrackPointExtension>
            <ns3:hr>123</ns3:hr>
            <ns3:cad>93</ns3:cad>
          </ns3:TrackPointExtension>
        </extensions>
      </trkpt>
      <trkpt lat="30.75311229564249515533447265625" lon="108.44606076367199420928955078125">
        <ele>421.399993896484375</ele>
        <time>2026-06-16T13:35:23.000Z</time>
        <extensions>
          <ns3:TrackPointExtension>
            <ns3:hr>123</ns3:hr>
            <ns3:cad>93</ns3:cad>
          </ns3:TrackPointExtension>
        </extensions>
      </trkpt>
      <trkpt lat="30.75313224457204341888427734375" lon="108.44604961574077606201171875">
        <ele>421.399993896484375</ele>
        <time>2026-06-16T13:35:24.000Z</time>
        <extensions>
          <ns3:TrackPointExtension>
            <ns3:hr>123</ns3:hr>
            <ns3:cad>93</ns3:cad>
          </ns3:TrackPointExtension>
        </extensions>
      </trkpt>
      <trkpt lat="30.7531445659697055816650390625" lon="108.4460390545427799224853515625">
        <ele>421.399993896484375</ele>
        <time>2026-06-16T13:35:25.000Z</time>
        <extensions>
          <ns3:TrackPointExtension>
            <ns3:hr>123</ns3:hr>
            <ns3:cad>93</ns3:cad>
          </ns3:TrackPointExtension>
        </extensions>
      </trkpt>
      <trkpt lat="30.75316308997571468353271484375" lon="108.44602421857416629791259765625">
        <ele>421.399993896484375</ele>
        <time>2026-06-16T13:35:26.000Z</time>
        <extensions>
          <ns3:TrackPointExtension>
            <ns3:hr>123</ns3:hr>
            <ns3:cad>93</ns3:cad>
          </ns3:TrackPointExtension>
        </extensions>
      </trkpt>
      <trkpt lat="30.753170549869537353515625" lon="108.44600678421556949615478515625">
        <ele>421.399993896484375</ele>
        <time>2026-06-16T13:35:27.000Z</time>
        <extensions>
          <ns3:TrackPointExtension>
            <ns3:hr>124</ns3:hr>
            <ns3:cad>93</ns3:cad>
          </ns3:TrackPointExtension>
        </extensions>
      </trkpt>
      <trkpt lat="30.7531884871423244476318359375" lon="108.4459899365901947021484375">
        <ele>421.399993896484375</ele>
        <time>2026-06-16T13:35:28.000Z</time>
        <extensions>
          <ns3:TrackPointExtension>
            <ns3:hr>124</ns3:hr>
            <ns3:cad>93</ns3:cad>
          </ns3:TrackPointExtension>
        </extensions>
      </trkpt>
      <trkpt lat="30.753197371959686279296875" lon="108.44596990384161472320556640625">
        <ele>421.399993896484375</ele>
        <time>2026-06-16T13:35:29.000Z</time>
        <extensions>
          <ns3:TrackPointExtension>
            <ns3:hr>123</ns3:hr>
            <ns3:cad>93</ns3:cad>
          </ns3:TrackPointExtension>
        </extensions>
      </trkpt>
      <trkpt lat="30.75321036390960216522216796875" lon="108.44595230184495449066162109375">
        <ele>421.399993896484375</ele>
        <time>2026-06-16T13:35:30.000Z</time>
        <extensions>
          <ns3:TrackPointExtension>
            <ns3:hr>123</ns3:hr>
            <ns3:cad>93</ns3:cad>
          </ns3:TrackPointExtension>
        </extensions>
      </trkpt>
      <trkpt lat="30.75321941636502742767333984375" lon="108.44593469984829425811767578125">
        <ele>421.399993896484375</ele>
        <time>2026-06-16T13:35:31.000Z</time>
        <extensions>
          <ns3:TrackPointExtension>
            <ns3:hr>123</ns3:hr>
            <ns3:cad>93</ns3:cad>
          </ns3:TrackPointExtension>
        </extensions>
      </trkpt>
      <trkpt lat="30.7532335817813873291015625" lon="108.44591558910906314849853515625">
        <ele>421.399993896484375</ele>
        <time>2026-06-16T13:35:32.000Z</time>
        <extensions>
          <ns3:TrackPointExtension>
            <ns3:hr>123</ns3:hr>
            <ns3:cad>93</ns3:cad>
          </ns3:TrackPointExtension>
        </extensions>
      </trkpt>
      <trkpt lat="30.75324288569390773773193359375" lon="108.4458987414836883544921875">
        <ele>421.399993896484375</ele>
        <time>2026-06-16T13:35:33.000Z</time>
        <extensions>
          <ns3:TrackPointExtension>
            <ns3:hr>123</ns3:hr>
            <ns3:cad>93</ns3:cad>
          </ns3:TrackPointExtension>
        </extensions>
      </trkpt>
      <trkpt lat="30.75325160287320613861083984375" lon="108.44588172622025012969970703125">
        <ele>421.399993896484375</ele>
        <time>2026-06-16T13:35:34.000Z</time>
        <extensions>
          <ns3:TrackPointExtension>
            <ns3:hr>122</ns3:hr>
            <ns3:cad>93</ns3:cad>
          </ns3:TrackPointExtension>
        </extensions>
      </trkpt>
      <trkpt lat="30.75326065532863140106201171875" lon="108.44586211256682872772216796875">
        <ele>421.20001220703125</ele>
        <time>2026-06-16T13:35:35.000Z</time>
        <extensions>
          <ns3:TrackPointExtension>
            <ns3:hr>123</ns3:hr>
            <ns3:cad>93</ns3:cad>
          </ns3:TrackPointExtension>
        </extensions>
      </trkpt>
      <trkpt lat="30.753267109394073486328125" lon="108.4458496235311031341552734375">
        <ele>421.20001220703125</ele>
        <time>2026-06-16T13:35:36.000Z</time>
        <extensions>
          <ns3:TrackPointExtension>
            <ns3:hr>123</ns3:hr>
            <ns3:cad>92</ns3:cad>
          </ns3:TrackPointExtension>
        </extensions>
      </trkpt>
      <trkpt lat="30.75327582657337188720703125" lon="108.44582833349704742431640625">
        <ele>421.20001220703125</ele>
        <time>2026-06-16T13:35:37.000Z</time>
        <extensions>
          <ns3:TrackPointExtension>
            <ns3:hr>123</ns3:hr>
            <ns3:cad>91</ns3:cad>
          </ns3:TrackPointExtension>
        </extensions>
      </trkpt>
      <trkpt lat="30.7532763294875621795654296875" lon="108.4458129107952117919921875">
        <ele>421.20001220703125</ele>
        <time>2026-06-16T13:35:38.000Z</time>
        <extensions>
          <ns3:TrackPointExtension>
            <ns3:hr>123</ns3:hr>
            <ns3:cad>92</ns3:cad>
          </ns3:TrackPointExtension>
        </extensions>
      </trkpt>
      <trkpt lat="30.75328261591494083404541015625" lon="108.44578851945698261260986328125">
        <ele>421.20001220703125</ele>
        <time>2026-06-16T13:35:39.000Z</time>
        <extensions>
          <ns3:TrackPointExtension>
            <ns3:hr>123</ns3:hr>
            <ns3:cad>92</ns3:cad>
          </ns3:TrackPointExtension>
        </extensions>
      </trkpt>
      <trkpt lat="30.753283202648162841796875" lon="108.445771001279354095458984375">
        <ele>421.20001220703125</ele>
        <time>2026-06-16T13:35:40.000Z</time>
        <extensions>
          <ns3:TrackPointExtension>
            <ns3:hr>123</ns3:hr>
            <ns3:cad>94</ns3:cad>
          </ns3:TrackPointExtension>
        </extensions>
      </trkpt>
      <trkpt lat="30.75328328646719455718994140625" lon="108.44574392773211002349853515625">
        <ele>421.20001220703125</ele>
        <time>2026-06-16T13:35:41.000Z</time>
        <extensions>
          <ns3:TrackPointExtension>
            <ns3:hr>123</ns3:hr>
            <ns3:cad>94</ns3:cad>
          </ns3:TrackPointExtension>
        </extensions>
      </trkpt>
      <trkpt lat="30.7532764971256256103515625" lon="108.4457238949835300445556640625">
        <ele>421.20001220703125</ele>
        <time>2026-06-16T13:35:42.000Z</time>
        <extensions>
          <ns3:TrackPointExtension>
            <ns3:hr>123</ns3:hr>
            <ns3:cad>94</ns3:cad>
          </ns3:TrackPointExtension>
        </extensions>
      </trkpt>
      <trkpt lat="30.75327909551560878753662109375" lon="108.44569958746433258056640625">
        <ele>421.20001220703125</ele>
        <time>2026-06-16T13:35:43.000Z</time>
        <extensions>
          <ns3:TrackPointExtension>
            <ns3:hr>123</ns3:hr>
            <ns3:cad>94</ns3:cad>
          </ns3:TrackPointExtension>
        </extensions>
      </trkpt>
      <trkpt lat="30.7532790116965770721435546875" lon="108.4456759504973888397216796875">
        <ele>421.20001220703125</ele>
        <time>2026-06-16T13:35:44.000Z</time>
        <extensions>
          <ns3:TrackPointExtension>
            <ns3:hr>123</ns3:hr>
            <ns3:cad>93</ns3:cad>
          </ns3:TrackPointExtension>
        </extensions>
      </trkpt>
      <trkpt lat="30.75328077189624309539794921875" lon="108.44565457664430141448974609375">
        <ele>421.20001220703125</ele>
        <time>2026-06-16T13:35:45.000Z</time>
        <extensions>
          <ns3:TrackPointExtension>
            <ns3:hr>123</ns3:hr>
            <ns3:cad>93</ns3:cad>
          </ns3:TrackPointExtension>
        </extensions>
      </trkpt>
      <trkpt lat="30.7532791793346405029296875" lon="108.445629179477691650390625">
        <ele>421.20001220703125</ele>
        <time>2026-06-16T13:35:46.000Z</time>
        <extensions>
          <ns3:TrackPointExtension>
            <ns3:hr>123</ns3:hr>
            <ns3:cad>93</ns3:cad>
          </ns3:TrackPointExtension>
        </extensions>
      </trkpt>
      <trkpt lat="30.75327758677303791046142578125" lon="108.4456090629100799560546875">
        <ele>421.20001220703125</ele>
        <time>2026-06-16T13:35:47.000Z</time>
        <extensions>
          <ns3:TrackPointExtension>
            <ns3:hr>123</ns3:hr>
            <ns3:cad>93</ns3:cad>
          </ns3:TrackPointExtension>
        </extensions>
      </trkpt>
      <trkpt lat="30.75327322818338871002197265625" lon="108.44558064825832843780517578125">
        <ele>421.20001220703125</ele>
        <time>2026-06-16T13:35:48.000Z</time>
        <extensions>
          <ns3:TrackPointExtension>
            <ns3:hr>122</ns3:hr>
            <ns3:cad>93</ns3:cad>
          </ns3:TrackPointExtension>
        </extensions>
      </trkpt>
      <trkpt lat="30.75326987542212009429931640625" lon="108.445564806461334228515625">
        <ele>421.20001220703125</ele>
        <time>2026-06-16T13:35:49.000Z</time>
        <extensions>
          <ns3:TrackPointExtension>
            <ns3:hr>121</ns3:hr>
            <ns3:cad>93</ns3:cad>
          </ns3:TrackPointExtension>
        </extensions>
      </trkpt>
      <trkpt lat="30.75327021069824695587158203125" lon="108.44553505070507526397705078125">
        <ele>421.20001220703125</ele>
        <time>2026-06-16T13:35:50.000Z</time>
        <extensions>
          <ns3:TrackPointExtension>
            <ns3:hr>120</ns3:hr>
            <ns3:cad>93</ns3:cad>
          </ns3:TrackPointExtension>
        </extensions>
      </trkpt>
      <trkpt lat="30.7532716356217861175537109375" lon="108.4455143474042415618896484375">
        <ele>421.20001220703125</ele>
        <time>2026-06-16T13:35:51.000Z</time>
        <extensions>
          <ns3:TrackPointExtension>
            <ns3:hr>120</ns3:hr>
            <ns3:cad>92</ns3:cad>
          </ns3:TrackPointExtension>
        </extensions>
      </trkpt>
      <trkpt lat="30.75327306054532527923583984375" lon="108.44548610039055347442626953125">
        <ele>421.20001220703125</ele>
        <time>2026-06-16T13:35:52.000Z</time>
        <extensions>
          <ns3:TrackPointExtension>
            <ns3:hr>119</ns3:hr>
            <ns3:cad>93</ns3:cad>
          </ns3:TrackPointExtension>
        </extensions>
      </trkpt>
      <trkpt lat="30.7532684504985809326171875" lon="108.44547017477452754974365234375">
        <ele>421.20001220703125</ele>
        <time>2026-06-16T13:35:53.000Z</time>
        <extensions>
          <ns3:TrackPointExtension>
            <ns3:hr>119</ns3:hr>
            <ns3:cad>93</ns3:cad>
          </ns3:TrackPointExtension>
        </extensions>
      </trkpt>
      <trkpt lat="30.75326241552829742431640625" lon="108.445445112884044647216796875">
        <ele>421.20001220703125</ele>
        <time>2026-06-16T13:35:54.000Z</time>
        <extensions>
          <ns3:TrackPointExtension>
            <ns3:hr>119</ns3:hr>
            <ns3:cad>93</ns3:cad>
          </ns3:TrackPointExtension>
        </extensions>
      </trkpt>
      <trkpt lat="30.75325529091060161590576171875" lon="108.44542776234447956085205078125">
        <ele>421.20001220703125</ele>
        <time>2026-06-16T13:35:55.000Z</time>
        <extensions>
          <ns3:TrackPointExtension>
            <ns3:hr>119</ns3:hr>
            <ns3:cad>92</ns3:cad>
          </ns3:TrackPointExtension>
        </extensions>
      </trkpt>
      <trkpt lat="30.753252692520618438720703125" lon="108.4454043768346309661865234375">
        <ele>421.20001220703125</ele>
        <time>2026-06-16T13:35:56.000Z</time>
        <extensions>
          <ns3:TrackPointExtension>
            <ns3:hr>119</ns3:hr>
            <ns3:cad>92</ns3:cad>
          </ns3:TrackPointExtension>
        </extensions>
      </trkpt>
      <trkpt lat="30.75324389152228832244873046875" lon="108.44539021141827106475830078125">
        <ele>421.20001220703125</ele>
        <time>2026-06-16T13:35:57.000Z</time>
        <extensions>
          <ns3:TrackPointExtension>
            <ns3:hr>119</ns3:hr>
            <ns3:cad>92</ns3:cad>
          </ns3:TrackPointExtension>
        </extensions>
      </trkpt>
      <trkpt lat="30.75323601253330707550048828125" lon="108.4453678317368030548095703125">
        <ele>421.20001220703125</ele>
        <time>2026-06-16T13:35:58.000Z</time>
        <extensions>
          <ns3:TrackPointExtension>
            <ns3:hr>119</ns3:hr>
            <ns3:cad>93</ns3:cad>
          </ns3:TrackPointExtension>
        </extensions>
      </trkpt>
      <trkpt lat="30.753225870430469512939453125" lon="108.44534981064498424530029296875">
        <ele>421.20001220703125</ele>
        <time>2026-06-16T13:35:59.000Z</time>
        <extensions>
          <ns3:TrackPointExtension>
            <ns3:hr>118</ns3:hr>
            <ns3:cad>93</ns3:cad>
          </ns3:TrackPointExtension>
        </extensions>
      </trkpt>
      <trkpt lat="30.7532159797847270965576171875" lon="108.4453302808105945587158203125">
        <ele>421.20001220703125</ele>
        <time>2026-06-16T13:36:00.000Z</time>
        <extensions>
          <ns3:TrackPointExtension>
            <ns3:hr>118</ns3:hr>
            <ns3:cad>93</ns3:cad>
          </ns3:TrackPointExtension>
        </extensions>
      </trkpt>
      <trkpt lat="30.7532055862247943878173828125" lon="108.4453118406236171722412109375">
        <ele>421.20001220703125</ele>
        <time>2026-06-16T13:36:01.000Z</time>
        <extensions>
          <ns3:TrackPointExtension>
            <ns3:hr>118</ns3:hr>
            <ns3:cad>93</ns3:cad>
          </ns3:TrackPointExtension>
        </extensions>
      </trkpt>
      <trkpt lat="30.75319804251194000244140625" lon="108.44529465772211551666259765625">
        <ele>421.20001220703125</ele>
        <time>2026-06-16T13:36:02.000Z</time>
        <extensions>
          <ns3:TrackPointExtension>
            <ns3:hr>117</ns3:hr>
            <ns3:cad>93</ns3:cad>
          </ns3:TrackPointExtension>
        </extensions>
      </trkpt>
      <trkpt lat="30.75318337418138980865478515625" lon="108.44527437351644039154052734375">
        <ele>421.20001220703125</ele>
        <time>2026-06-16T13:36:03.000Z</time>
        <extensions>
          <ns3:TrackPointExtension>
            <ns3:hr>117</ns3:hr>
            <ns3:cad>93</ns3:cad>
          </ns3:TrackPointExtension>
        </extensions>
      </trkpt>
      <trkpt lat="30.75317465700209140777587890625" lon="108.4452575258910655975341796875">
        <ele>421.20001220703125</ele>
        <time>2026-06-16T13:36:04.000Z</time>
        <extensions>
          <ns3:TrackPointExtension>
            <ns3:hr>117</ns3:hr>
            <ns3:cad>93</ns3:cad>
          </ns3:TrackPointExtension>
        </extensions>
      </trkpt>
      <trkpt lat="30.75316728092730045318603515625" lon="108.44522953033447265625">
        <ele>421.20001220703125</ele>
        <time>2026-06-16T13:36:05.000Z</time>
        <extensions>
          <ns3:TrackPointExtension>
            <ns3:hr>117</ns3:hr>
            <ns3:cad>93</ns3:cad>
          </ns3:TrackPointExtension>
        </extensions>
      </trkpt>
      <trkpt lat="30.7531630061566829681396484375" lon="108.445210419595241546630859375">
        <ele>421.20001220703125</ele>
        <time>2026-06-16T13:36:06.000Z</time>
        <extensions>
          <ns3:TrackPointExtension>
            <ns3:hr>118</ns3:hr>
            <ns3:cad>93</ns3:cad>
          </ns3:TrackPointExtension>
        </extensions>
      </trkpt>
      <trkpt lat="30.753163509070873260498046875" lon="108.44518049620091915130615234375">
        <ele>421.20001220703125</ele>
        <time>2026-06-16T13:36:07.000Z</time>
        <extensions>
          <ns3:TrackPointExtension>
            <ns3:hr>117</ns3:hr>
            <ns3:cad>93</ns3:cad>
          </ns3:TrackPointExtension>
        </extensions>
      </trkpt>
      <trkpt lat="30.7531611621379852294921875" lon="108.4451633132994174957275390625">
        <ele>421.20001220703125</ele>
        <time>2026-06-16T13:36:08.000Z</time>
        <extensions>
          <ns3:TrackPointExtension>
            <ns3:hr>118</ns3:hr>
            <ns3:cad>93</ns3:cad>
          </ns3:TrackPointExtension>
        </extensions>
      </trkpt>
      <trkpt lat="30.7531606592237949371337890625" lon="108.4451354853808879852294921875">
        <ele>421.20001220703125</ele>
        <time>2026-06-16T13:36:09.000Z</time>
        <extensions>
          <ns3:TrackPointExtension>
            <ns3:hr>118</ns3:hr>
            <ns3:cad>93</ns3:cad>
          </ns3:TrackPointExtension>
        </extensions>
      </trkpt>
      <trkpt lat="30.75314976274967193603515625" lon="108.4451210685074329376220703125">
        <ele>421.20001220703125</ele>
        <time>2026-06-16T13:36:10.000Z</time>
        <extensions>
          <ns3:TrackPointExtension>
            <ns3:hr>120</ns3:hr>
            <ns3:cad>93</ns3:cad>
          </ns3:TrackPointExtension>
        </extensions>
      </trkpt>
      <trkpt lat="30.75313157401978969573974609375" lon="108.44511494971811771392822265625">
        <ele>421.20001220703125</ele>
        <time>2026-06-16T13:36:11.000Z</time>
        <extensions>
          <ns3:TrackPointExtension>
            <ns3:hr>121</ns3:hr>
            <ns3:cad>93</ns3:cad>
          </ns3:TrackPointExtension>
        </extensions>
      </trkpt>
      <trkpt lat="30.7531164027750492095947265625" lon="108.44511897303164005279541015625">
        <ele>421.20001220703125</ele>
        <time>2026-06-16T13:36:12.000Z</time>
        <extensions>
          <ns3:TrackPointExtension>
            <ns3:hr>121</ns3:hr>
            <ns3:cad>93</ns3:cad>
          </ns3:TrackPointExtension>
        </extensions>
      </trkpt>
      <trkpt lat="30.75309469364583492279052734375" lon="108.44512023031711578369140625">
        <ele>421.20001220703125</ele>
        <time>2026-06-16T13:36:13.000Z</time>
        <extensions>
          <ns3:TrackPointExtension>
            <ns3:hr>120</ns3:hr>
            <ns3:cad>93</ns3:cad>
          </ns3:TrackPointExtension>
        </extensions>
      </trkpt>
      <trkpt lat="30.75307742692530155181884765625" lon="108.445122577250003814697265625">
        <ele>421.20001220703125</ele>
        <time>2026-06-16T13:36:14.000Z</time>
        <extensions>
          <ns3:TrackPointExtension>
            <ns3:hr>119</ns3:hr>
            <ns3:cad>93</ns3:cad>
          </ns3:TrackPointExtension>
        </extensions>
      </trkpt>
      <trkpt lat="30.75306016020476818084716796875" lon="108.4451173804700374603271484375">
        <ele>421.20001220703125</ele>
        <time>2026-06-16T13:36:15.000Z</time>
        <extensions>
          <ns3:TrackPointExtension>
            <ns3:hr>119</ns3:hr>
            <ns3:cad>93</ns3:cad>
          </ns3:TrackPointExtension>
        </extensions>
      </trkpt>
      <trkpt lat="30.75304071418941020965576171875" lon="108.445119559764862060546875">
        <ele>421.20001220703125</ele>
        <time>2026-06-16T13:36:16.000Z</time>
        <extensions>
          <ns3:TrackPointExtension>
            <ns3:hr>118</ns3:hr>
            <ns3:cad>93</ns3:cad>
          </ns3:TrackPointExtension>
        </extensions>
      </trkpt>
      <trkpt lat="30.75302462093532085418701171875" lon="108.4451190568506717681884765625">
        <ele>421.20001220703125</ele>
        <time>2026-06-16T13:36:17.000Z</time>
        <extensions>
          <ns3:TrackPointExtension>
            <ns3:hr>118</ns3:hr>
            <ns3:cad>93</ns3:cad>
          </ns3:TrackPointExtension>
        </extensions>
      </trkpt>
      <trkpt lat="30.75300349853932857513427734375" lon="108.44512081705033779144287109375">
        <ele>421.20001220703125</ele>
        <time>2026-06-16T13:36:18.000Z</time>
        <extensions>
          <ns3:TrackPointExtension>
            <ns3:hr>118</ns3:hr>
            <ns3:cad>93</ns3:cad>
          </ns3:TrackPointExtension>
        </extensions>
      </trkpt>
      <trkpt lat="30.75298346579074859619140625" lon="108.4451207332313060760498046875">
        <ele>421.20001220703125</ele>
        <time>2026-06-16T13:36:19.000Z</time>
        <extensions>
          <ns3:TrackPointExtension>
            <ns3:hr>117</ns3:hr>
            <ns3:cad>93</ns3:cad>
          </ns3:TrackPointExtension>
        </extensions>
      </trkpt>
      <trkpt lat="30.75296259485185146331787109375" lon="108.44511897303164005279541015625">
        <ele>421.20001220703125</ele>
        <time>2026-06-16T13:36:20.000Z</time>
        <extensions>
          <ns3:TrackPointExtension>
            <ns3:hr>117</ns3:hr>
            <ns3:cad>93</ns3:cad>
          </ns3:TrackPointExtension>
        </extensions>
      </trkpt>
      <trkpt lat="30.752945579588413238525390625" lon="108.445120565593242645263671875">
        <ele>421.20001220703125</ele>
        <time>2026-06-16T13:36:21.000Z</time>
        <extensions>
          <ns3:TrackPointExtension>
            <ns3:hr>117</ns3:hr>
            <ns3:cad>92</ns3:cad>
          </ns3:TrackPointExtension>
        </extensions>
      </trkpt>
      <trkpt lat="30.75292311608791351318359375" lon="108.4451120160520076751708984375">
        <ele>421.20001220703125</ele>
        <time>2026-06-16T13:36:22.000Z</time>
        <extensions>
          <ns3:TrackPointExtension>
            <ns3:hr>117</ns3:hr>
            <ns3:cad>92</ns3:cad>
          </ns3:TrackPointExtension>
        </extensions>
      </trkpt>
      <trkpt lat="30.75290375389158725738525390625" lon="108.4451173804700374603271484375">
        <ele>421.20001220703125</ele>
        <time>2026-06-16T13:36:23.000Z</time>
        <extensions>
          <ns3:TrackPointExtension>
            <ns3:hr>116</ns3:hr>
            <ns3:cad>92</ns3:cad>
          </ns3:TrackPointExtension>
        </extensions>
      </trkpt>
      <trkpt lat="30.75288355350494384765625" lon="108.44511427916586399078369140625">
        <ele>421.20001220703125</ele>
        <time>2026-06-16T13:36:24.000Z</time>
        <extensions>
          <ns3:TrackPointExtension>
            <ns3:hr>117</ns3:hr>
            <ns3:cad>92</ns3:cad>
          </ns3:TrackPointExtension>
        </extensions>
      </trkpt>
      <trkpt lat="30.7528674602508544921875" lon="108.4451180510222911834716796875">
        <ele>421.20001220703125</ele>
        <time>2026-06-16T13:36:25.000Z</time>
        <extensions>
          <ns3:TrackPointExtension>
            <ns3:hr>117</ns3:hr>
            <ns3:cad>92</ns3:cad>
          </ns3:TrackPointExtension>
        </extensions>
      </trkpt>
      <trkpt lat="30.75284491293132305145263671875" lon="108.44511352479457855224609375">
        <ele>421.20001220703125</ele>
        <time>2026-06-16T13:36:26.000Z</time>
        <extensions>
          <ns3:TrackPointExtension>
            <ns3:hr>117</ns3:hr>
            <ns3:cad>93</ns3:cad>
          </ns3:TrackPointExtension>
        </extensions>
      </trkpt>
      <trkpt lat="30.75282798148691654205322265625" lon="108.44511511735618114471435546875">
        <ele>421.20001220703125</ele>
        <time>2026-06-16T13:36:27.000Z</time>
        <extensions>
          <ns3:TrackPointExtension>
            <ns3:hr>118</ns3:hr>
            <ns3:cad>94</ns3:cad>
          </ns3:TrackPointExtension>
        </extensions>
      </trkpt>
      <trkpt lat="30.752806775271892547607421875" lon="108.4451103396713733673095703125">
        <ele>421.20001220703125</ele>
        <time>2026-06-16T13:36:28.000Z</time>
        <extensions>
          <ns3:TrackPointExtension>
            <ns3:hr>119</ns3:hr>
            <ns3:cad>94</ns3:cad>
          </ns3:TrackPointExtension>
        </extensions>
      </trkpt>
      <trkpt lat="30.7527885027229785919189453125" lon="108.4451128542423248291015625">
        <ele>421.20001220703125</ele>
        <time>2026-06-16T13:36:29.000Z</time>
        <extensions>
          <ns3:TrackPointExtension>
            <ns3:hr>120</ns3:hr>
            <ns3:cad>93</ns3:cad>
          </ns3:TrackPointExtension>
        </extensions>
      </trkpt>
      <trkpt lat="30.75276964344084262847900390625" lon="108.4451093338429927825927734375">
        <ele>421.20001220703125</ele>
        <time>2026-06-16T13:36:30.000Z</time>
        <extensions>
          <ns3:TrackPointExtension>
            <ns3:hr>120</ns3:hr>
            <ns3:cad>93</ns3:cad>
          </ns3:TrackPointExtension>
        </extensions>
      </trkpt>
      <trkpt lat="30.75275120325386524200439453125" lon="108.4451100043952465057373046875">
        <ele>421.20001220703125</ele>
        <time>2026-06-16T13:36:31.000Z</time>
        <extensions>
          <ns3:TrackPointExtension>
            <ns3:hr>120</ns3:hr>
            <ns3:cad>93</ns3:cad>
          </ns3:TrackPointExtension>
        </extensions>
      </trkpt>
      <trkpt lat="30.752730667591094970703125" lon="108.4451076574623584747314453125">
        <ele>421.20001220703125</ele>
        <time>2026-06-16T13:36:32.000Z</time>
        <extensions>
          <ns3:TrackPointExtension>
            <ns3:hr>121</ns3:hr>
            <ns3:cad>93</ns3:cad>
          </ns3:TrackPointExtension>
        </extensions>
      </trkpt>
      <trkpt lat="30.75270929373800754547119140625" lon="108.44510640017688274383544921875">
        <ele>421.20001220703125</ele>
        <time>2026-06-16T13:36:33.000Z</time>
        <extensions>
          <ns3:TrackPointExtension>
            <ns3:hr>121</ns3:hr>
            <ns3:cad>93</ns3:cad>
          </ns3:TrackPointExtension>
        </extensions>
      </trkpt>
      <trkpt lat="30.75269118882715702056884765625" lon="108.44510673545300960540771484375">
        <ele>421.20001220703125</ele>
        <time>2026-06-16T13:36:34.000Z</time>
        <extensions>
          <ns3:TrackPointExtension>
            <ns3:hr>121</ns3:hr>
            <ns3:cad>92</ns3:cad>
          </ns3:TrackPointExtension>
        </extensions>
      </trkpt>
      <trkpt lat="30.75267140753567218780517578125" lon="108.445105813443660736083984375">
        <ele>421.20001220703125</ele>
        <time>2026-06-16T13:36:35.000Z</time>
        <extensions>
          <ns3:TrackPointExtension>
            <ns3:hr>122</ns3:hr>
            <ns3:cad>92</ns3:cad>
          </ns3:TrackPointExtension>
        </extensions>
      </trkpt>
      <trkpt lat="30.75265514664351940155029296875" lon="108.4451110102236270904541015625">
        <ele>421.20001220703125</ele>
        <time>2026-06-16T13:36:36.000Z</time>
        <extensions>
          <ns3:TrackPointExtension>
            <ns3:hr>122</ns3:hr>
            <ns3:cad>92</ns3:cad>
          </ns3:TrackPointExtension>
        </extensions>
      </trkpt>
      <trkpt lat="30.75263503007590770721435546875" lon="108.445107825100421905517578125">
        <ele>421.20001220703125</ele>
        <time>2026-06-16T13:36:37.000Z</time>
        <extensions>
          <ns3:TrackPointExtension>
            <ns3:hr>122</ns3:hr>
            <ns3:cad>92</ns3:cad>
          </ns3:TrackPointExtension>
        </extensions>
      </trkpt>
      <trkpt lat="30.75262011028826236724853515625" lon="108.44511059112846851348876953125">
        <ele>421.20001220703125</ele>
        <time>2026-06-16T13:36:38.000Z</time>
        <extensions>
          <ns3:TrackPointExtension>
            <ns3:hr>122</ns3:hr>
            <ns3:cad>93</ns3:cad>
          </ns3:TrackPointExtension>
        </extensions>
      </trkpt>
      <trkpt lat="30.7526030950248241424560546875" lon="108.44510640017688274383544921875">
        <ele>421.20001220703125</ele>
        <time>2026-06-16T13:36:39.000Z</time>
        <extensions>
          <ns3:TrackPointExtension>
            <ns3:hr>120</ns3:hr>
            <ns3:cad>93</ns3:cad>
          </ns3:TrackPointExtension>
        </extensions>
      </trkpt>
      <trkpt lat="30.75258742086589336395263671875" lon="108.445107154548168182373046875">
        <ele>421.20001220703125</ele>
        <time>2026-06-16T13:36:40.000Z</time>
        <extensions>
          <ns3:TrackPointExtension>
            <ns3:hr>119</ns3:hr>
            <ns3:cad>92</ns3:cad>
          </ns3:TrackPointExtension>
        </extensions>
      </trkpt>
      <trkpt lat="30.752566047012805938720703125" lon="108.44510355032980442047119140625">
        <ele>421.20001220703125</ele>
        <time>2026-06-16T13:36:41.000Z</time>
        <extensions>
          <ns3:TrackPointExtension>
            <ns3:hr>119</ns3:hr>
            <ns3:cad>92</ns3:cad>
          </ns3:TrackPointExtension>
        </extensions>
      </trkpt>
      <trkpt lat="30.7525471039116382598876953125" lon="108.4451009519398212432861328125">
        <ele>421.20001220703125</ele>
        <time>2026-06-16T13:36:42.000Z</time>
        <extensions>
          <ns3:TrackPointExtension>
            <ns3:hr>118</ns3:hr>
            <ns3:cad>92</ns3:cad>
          </ns3:TrackPointExtension>
        </extensions>
      </trkpt>
      <trkpt lat="30.75252757407724857330322265625" lon="108.4450989402830600738525390625">
        <ele>421.20001220703125</ele>
        <time>2026-06-16T13:36:43.000Z</time>
        <extensions>
          <ns3:TrackPointExtension>
            <ns3:hr>118</ns3:hr>
            <ns3:cad>92</ns3:cad>
          </ns3:TrackPointExtension>
        </extensions>
      </trkpt>
      <trkpt lat="30.752507708966732025146484375" lon="108.445097766816616058349609375">
        <ele>421.20001220703125</ele>
        <time>2026-06-16T13:36:44.000Z</time>
        <extensions>
          <ns3:TrackPointExtension>
            <ns3:hr>118</ns3:hr>
            <ns3:cad>92</ns3:cad>
          </ns3:TrackPointExtension>
        </extensions>
      </trkpt>
      <trkpt lat="30.75249128043651580810546875" lon="108.4450965933501720428466796875">
        <ele>421.20001220703125</ele>
        <time>2026-06-16T13:36:45.000Z</time>
        <extensions>
          <ns3:TrackPointExtension>
            <ns3:hr>118</ns3:hr>
            <ns3:cad>93</ns3:cad>
          </ns3:TrackPointExtension>
        </extensions>
      </trkpt>
      <trkpt lat="30.75246789492666721343994140625" lon="108.44509617425501346588134765625">
        <ele>421.20001220703125</ele>
        <time>2026-06-16T13:36:46.000Z</time>
        <extensions>
          <ns3:TrackPointExtension>
            <ns3:hr>118</ns3:hr>
            <ns3:cad>93</ns3:cad>
          </ns3:TrackPointExtension>
        </extensions>
      </trkpt>
      <trkpt lat="30.7524502091109752655029296875" lon="108.4451012872159481048583984375">
        <ele>421.20001220703125</ele>
        <time>2026-06-16T13:36:47.000Z</time>
        <extensions>
          <ns3:TrackPointExtension>
            <ns3:hr>118</ns3:hr>
            <ns3:cad>92</ns3:cad>
          </ns3:TrackPointExtension>
        </extensions>
      </trkpt>
      <trkpt lat="30.752427577972412109375" lon="108.44510137103497982025146484375">
        <ele>421.20001220703125</ele>
        <time>2026-06-16T13:36:48.000Z</time>
        <extensions>
          <ns3:TrackPointExtension>
            <ns3:hr>118</ns3:hr>
            <ns3:cad>92</ns3:cad>
          </ns3:TrackPointExtension>
        </extensions>
      </trkpt>
      <trkpt lat="30.75241324491798877716064453125" lon="108.445108495652675628662109375">
        <ele>421.20001220703125</ele>
        <time>2026-06-16T13:36:49.000Z</time>
        <extensions>
          <ns3:TrackPointExtension>
            <ns3:hr>118</ns3:hr>
            <ns3:cad>92</ns3:cad>
          </ns3:TrackPointExtension>
        </extensions>
      </trkpt>
      <trkpt lat="30.7523940503597259521484375" lon="108.44510757364332675933837890625">
        <ele>421.20001220703125</ele>
        <time>2026-06-16T13:36:50.000Z</time>
        <extensions>
          <ns3:TrackPointExtension>
            <ns3:hr>118</ns3:hr>
            <ns3:cad>92</ns3:cad>
          </ns3:TrackPointExtension>
        </extensions>
      </trkpt>
      <trkpt lat="30.75238022021949291229248046875" lon="108.44511293806135654449462890625">
        <ele>421.20001220703125</ele>
        <time>2026-06-16T13:36:51.000Z</time>
        <extensions>
          <ns3:TrackPointExtension>
            <ns3:hr>118</ns3:hr>
            <ns3:cad>92</ns3:cad>
          </ns3:TrackPointExtension>
        </extensions>
      </trkpt>
      <trkpt lat="30.7523616962134838104248046875" lon="108.44510824419558048248291015625">
        <ele>421.20001220703125</ele>
        <time>2026-06-16T13:36:52.000Z</time>
        <extensions>
          <ns3:TrackPointExtension>
            <ns3:hr>118</ns3:hr>
            <ns3:cad>94</ns3:cad>
          </ns3:TrackPointExtension>
        </extensions>
      </trkpt>
      <trkpt lat="30.75234820134937763214111328125" lon="108.44511344097554683685302734375">
        <ele>421.20001220703125</ele>
        <time>2026-06-16T13:36:53.000Z</time>
        <extensions>
          <ns3:TrackPointExtension>
            <ns3:hr>118</ns3:hr>
            <ns3:cad>94</ns3:cad>
          </ns3:TrackPointExtension>
        </extensions>
      </trkpt>
      <trkpt lat="30.752330012619495391845703125" lon="108.44511411152780055999755859375">
        <ele>421.20001220703125</ele>
        <time>2026-06-16T13:36:54.000Z</time>
        <extensions>
          <ns3:TrackPointExtension>
            <ns3:hr>119</ns3:hr>
            <ns3:cad>93</ns3:cad>
          </ns3:TrackPointExtension>
        </extensions>
      </trkpt>
      <trkpt lat="30.75230880640447139739990234375" lon="108.445116542279720306396484375">
        <ele>421.20001220703125</ele>
        <time>2026-06-16T13:36:55.000Z</time>
        <extensions>
          <ns3:TrackPointExtension>
            <ns3:hr>120</ns3:hr>
            <ns3:cad>93</ns3:cad>
          </ns3:TrackPointExtension>
        </extensions>
      </trkpt>
      <trkpt lat="30.75228801928460597991943359375" lon="108.445114530622959136962890625">
        <ele>421.20001220703125</ele>
        <time>2026-06-16T13:36:56.000Z</time>
        <extensions>
          <ns3:TrackPointExtension>
            <ns3:hr>121</ns3:hr>
            <ns3:cad>93</ns3:cad>
          </ns3:TrackPointExtension>
        </extensions>
      </trkpt>
      <trkpt lat="30.752264298498630523681640625" lon="108.44511478208005428314208984375">
        <ele>421.20001220703125</ele>
        <time>2026-06-16T13:36:57.000Z</time>
        <extensions>
          <ns3:TrackPointExtension>
            <ns3:hr>122</ns3:hr>
            <ns3:cad>93</ns3:cad>
          </ns3:TrackPointExtension>
        </extensions>
      </trkpt>
      <trkpt lat="30.7522446848452091217041015625" lon="108.4451167099177837371826171875">
        <ele>421.20001220703125</ele>
        <time>2026-06-16T13:36:58.000Z</time>
        <extensions>
          <ns3:TrackPointExtension>
            <ns3:hr>123</ns3:hr>
            <ns3:cad>93</ns3:cad>
          </ns3:TrackPointExtension>
        </extensions>
      </trkpt>
      <trkpt lat="30.752220712602138519287109375" lon="108.445114530622959136962890625">
        <ele>421.20001220703125</ele>
        <time>2026-06-16T13:36:59.000Z</time>
        <extensions>
          <ns3:TrackPointExtension>
            <ns3:hr>124</ns3:hr>
            <ns3:cad>93</ns3:cad>
          </ns3:TrackPointExtension>
        </extensions>
      </trkpt>
      <trkpt lat="30.75220294296741485595703125" lon="108.44511109404265880584716796875">
        <ele>421.20001220703125</ele>
        <time>2026-06-16T13:37:00.000Z</time>
        <extensions>
          <ns3:TrackPointExtension>
            <ns3:hr>124</ns3:hr>
            <ns3:cad>93</ns3:cad>
          </ns3:TrackPointExtension>
        </extensions>
      </trkpt>
      <trkpt lat="30.75218106620013713836669921875" lon="108.4451046399772167205810546875">
        <ele>421.20001220703125</ele>
        <time>2026-06-16T13:37:01.000Z</time>
        <extensions>
          <ns3:TrackPointExtension>
            <ns3:hr>125</ns3:hr>
            <ns3:cad>93</ns3:cad>
          </ns3:TrackPointExtension>
        </extensions>
      </trkpt>
      <trkpt lat="30.752163715660572052001953125" lon="108.44510522671043872833251953125">
        <ele>421.20001220703125</ele>
        <time>2026-06-16T13:37:02.000Z</time>
        <extensions>
          <ns3:TrackPointExtension>
            <ns3:hr>124</ns3:hr>
            <ns3:cad>93</ns3:cad>
          </ns3:TrackPointExtension>
        </extensions>
      </trkpt>
      <trkpt lat="30.7521377317607402801513671875" lon="108.44510254450142383575439453125">
        <ele>421.20001220703125</ele>
        <time>2026-06-16T13:37:03.000Z</time>
        <extensions>
          <ns3:TrackPointExtension>
            <ns3:hr>124</ns3:hr>
            <ns3:cad>92</ns3:cad>
          </ns3:TrackPointExtension>
        </extensions>
      </trkpt>
      <trkpt lat="30.75212138704955577850341796875" lon="108.4451089985668659210205078125">
        <ele>421.20001220703125</ele>
        <time>2026-06-16T13:37:04.000Z</time>
        <extensions>
          <ns3:TrackPointExtension>
            <ns3:hr>124</ns3:hr>
            <ns3:cad>92</ns3:cad>
          </ns3:TrackPointExtension>
        </extensions>
      </trkpt>
      <trkpt lat="30.75209942646324634552001953125" lon="108.44510673545300960540771484375">
        <ele>421.20001220703125</ele>
        <time>2026-06-16T13:37:05.000Z</time>
        <extensions>
          <ns3:TrackPointExtension>
            <ns3:hr>123</ns3:hr>
            <ns3:cad>93</ns3:cad>
          </ns3:TrackPointExtension>
        </extensions>
      </trkpt>
      <trkpt lat="30.75208400376141071319580078125" lon="108.445110507309436798095703125">
        <ele>421.20001220703125</ele>
        <time>2026-06-16T13:37:06.000Z</time>
        <extensions>
          <ns3:TrackPointExtension>
            <ns3:hr>121</ns3:hr>
            <ns3:cad>93</ns3:cad>
          </ns3:TrackPointExtension>
        </extensions>
      </trkpt>
      <trkpt lat="30.75206472538411617279052734375" lon="108.44510656781494617462158203125">
        <ele>421.20001220703125</ele>
        <time>2026-06-16T13:37:07.000Z</time>
        <extensions>
          <ns3:TrackPointExtension>
            <ns3:hr>119</ns3:hr>
            <ns3:cad>93</ns3:cad>
          </ns3:TrackPointExtension>
        </extensions>
      </trkpt>
      <trkpt lat="30.75204662047326564788818359375" lon="108.445111848413944244384765625">
        <ele>421.20001220703125</ele>
        <time>2026-06-16T13:37:08.000Z</time>
        <extensions>
          <ns3:TrackPointExtension>
            <ns3:hr>118</ns3:hr>
            <ns3:cad>93</ns3:cad>
          </ns3:TrackPointExtension>
        </extensions>
      </trkpt>
      <trkpt lat="30.7520270906388759613037109375" lon="108.44510774128139019012451171875">
        <ele>421.20001220703125</ele>
        <time>2026-06-16T13:37:09.000Z</time>
        <extensions>
          <ns3:TrackPointExtension>
            <ns3:hr>118</ns3:hr>
            <ns3:cad>93</ns3:cad>
          </ns3:TrackPointExtension>
        </extensions>
      </trkpt>
      <trkpt lat="30.75200890190899372100830078125" lon="108.44511059112846851348876953125">
        <ele>421.20001220703125</ele>
        <time>2026-06-16T13:37:10.000Z</time>
        <extensions>
          <ns3:TrackPointExtension>
            <ns3:hr>118</ns3:hr>
            <ns3:cad>93</ns3:cad>
          </ns3:TrackPointExtension>
        </extensions>
      </trkpt>
      <trkpt lat="30.7519898749887943267822265625" lon="108.445112518966197967529296875">
        <ele>421.20001220703125</ele>
        <time>2026-06-16T13:37:11.000Z</time>
        <extensions>
          <ns3:TrackPointExtension>
            <ns3:hr>117</ns3:hr>
            <ns3:cad>93</ns3:cad>
          </ns3:TrackPointExtension>
        </extensions>
      </trkpt>
      <trkpt lat="30.75197000987827777862548828125" lon="108.44511645846068859100341796875">
        <ele>421.20001220703125</ele>
        <time>2026-06-16T13:37:12.000Z</time>
        <extensions>
          <ns3:TrackPointExtension>
            <ns3:hr>117</ns3:hr>
            <ns3:cad>93</ns3:cad>
          </ns3:TrackPointExtension>
        </extensions>
      </trkpt>
      <trkpt lat="30.7519543357193470001220703125" lon="108.44512266106903553009033203125">
        <ele>421.20001220703125</ele>
        <time>2026-06-16T13:37:13.000Z</time>
        <extensions>
          <ns3:TrackPointExtension>
            <ns3:hr>117</ns3:hr>
            <ns3:cad>93</ns3:cad>
          </ns3:TrackPointExtension>
        </extensions>
      </trkpt>
      <trkpt lat="30.7519312016665935516357421875" lon="108.44512986950576305389404296875">
        <ele>421.20001220703125</ele>
        <time>2026-06-16T13:37:14.000Z</time>
        <extensions>
          <ns3:TrackPointExtension>
            <ns3:hr>118</ns3:hr>
            <ns3:cad>94</ns3:cad>
          </ns3:TrackPointExtension>
        </extensions>
      </trkpt>
      <trkpt lat="30.751916952431201934814453125" lon="108.44513741321861743927001953125">
        <ele>421.20001220703125</ele>
        <time>2026-06-16T13:37:15.000Z</time>
        <extensions>
          <ns3:TrackPointExtension>
            <ns3:hr>118</ns3:hr>
            <ns3:cad>94</ns3:cad>
          </ns3:TrackPointExtension>
        </extensions>
      </trkpt>
      <trkpt lat="30.751896165311336517333984375" lon="108.44514126889407634735107421875">
        <ele>421.20001220703125</ele>
        <time>2026-06-16T13:37:16.000Z</time>
        <extensions>
          <ns3:TrackPointExtension>
            <ns3:hr>118</ns3:hr>
            <ns3:cad>92</ns3:cad>
          </ns3:TrackPointExtension>
        </extensions>
      </trkpt>
      <trkpt lat="30.75188367627561092376708984375" lon="108.4451502375304698944091796875">
        <ele>421.20001220703125</ele>
        <time>2026-06-16T13:37:17.000Z</time>
        <extensions>
          <ns3:TrackPointExtension>
            <ns3:hr>117</ns3:hr>
            <ns3:cad>91</ns3:cad>
          </ns3:TrackPointExtension>
        </extensions>
      </trkpt>
      <trkpt lat="30.751861631870269775390625" lon="108.44515702687203884124755859375">
        <ele>421.20001220703125</ele>
        <time>2026-06-16T13:37:18.000Z</time>
        <extensions>
          <ns3:TrackPointExtension>
            <ns3:hr>117</ns3:hr>
            <ns3:cad>91</ns3:cad>
          </ns3:TrackPointExtension>
        </extensions>
      </trkpt>
      <trkpt lat="30.7518483884632587432861328125" lon="108.44517429359257221221923828125">
        <ele>421.20001220703125</ele>
        <time>2026-06-16T13:37:19.000Z</time>
        <extensions>
          <ns3:TrackPointExtension>
            <ns3:hr>117</ns3:hr>
            <ns3:cad>92</ns3:cad>
          </ns3:TrackPointExtension>
        </extensions>
      </trkpt>
      <trkpt lat="30.751826763153076171875" lon="108.44518653117120265960693359375">
        <ele>421.20001220703125</ele>
        <time>2026-06-16T13:37:20.000Z</time>
        <extensions>
          <ns3:TrackPointExtension>
            <ns3:hr>117</ns3:hr>
            <ns3:cad>93</ns3:cad>
          </ns3:TrackPointExtension>
        </extensions>
      </trkpt>
      <trkpt lat="30.75180999934673309326171875" lon="108.445197679102420806884765625">
        <ele>421.20001220703125</ele>
        <time>2026-06-16T13:37:21.000Z</time>
        <extensions>
          <ns3:TrackPointExtension>
            <ns3:hr>117</ns3:hr>
            <ns3:cad>94</ns3:cad>
          </ns3:TrackPointExtension>
        </extensions>
      </trkpt>
      <trkpt lat="30.75178896076977252960205078125" lon="108.445202372968196868896484375">
        <ele>421.20001220703125</ele>
        <time>2026-06-16T13:37:22.000Z</time>
        <extensions>
          <ns3:TrackPointExtension>
            <ns3:hr>117</ns3:hr>
            <ns3:cad>93</ns3:cad>
          </ns3:TrackPointExtension>
        </extensions>
      </trkpt>
      <trkpt lat="30.7517742924392223358154296875" lon="108.44521586783230304718017578125">
        <ele>421.20001220703125</ele>
        <time>2026-06-16T13:37:23.000Z</time>
        <extensions>
          <ns3:TrackPointExtension>
            <ns3:hr>117</ns3:hr>
            <ns3:cad>93</ns3:cad>
          </ns3:TrackPointExtension>
        </extensions>
      </trkpt>
      <trkpt lat="30.75176130048930644989013671875" lon="108.4452313743531703948974609375">
        <ele>421.20001220703125</ele>
        <time>2026-06-16T13:37:24.000Z</time>
        <extensions>
          <ns3:TrackPointExtension>
            <ns3:hr>116</ns3:hr>
            <ns3:cad>93</ns3:cad>
          </ns3:TrackPointExtension>
        </extensions>
      </trkpt>
      <trkpt lat="30.75175140984356403350830078125" lon="108.44525593332946300506591796875">
        <ele>421.20001220703125</ele>
        <time>2026-06-16T13:37:25.000Z</time>
        <extensions>
          <ns3:TrackPointExtension>
            <ns3:hr>116</ns3:hr>
            <ns3:cad>93</ns3:cad>
          </ns3:TrackPointExtension>
        </extensions>
      </trkpt>
      <trkpt lat="30.75174001045525074005126953125" lon="108.445270098745822906494140625">
        <ele>421.20001220703125</ele>
        <time>2026-06-16T13:37:26.000Z</time>
        <extensions>
          <ns3:TrackPointExtension>
            <ns3:hr>116</ns3:hr>
            <ns3:cad>93</ns3:cad>
          </ns3:TrackPointExtension>
        </extensions>
      </trkpt>
      <trkpt lat="30.75172592885792255401611328125" lon="108.4452950768172740936279296875">
        <ele>421.20001220703125</ele>
        <time>2026-06-16T13:37:27.000Z</time>
        <extensions>
          <ns3:TrackPointExtension>
            <ns3:hr>116</ns3:hr>
            <ns3:cad>93</ns3:cad>
          </ns3:TrackPointExtension>
        </extensions>
      </trkpt>
      <trkpt lat="30.75172106735408306121826171875" lon="108.4453111700713634490966796875">
        <ele>421.20001220703125</ele>
        <time>2026-06-16T13:37:28.000Z</time>
        <extensions>
          <ns3:TrackPointExtension>
            <ns3:hr>116</ns3:hr>
            <ns3:cad>92</ns3:cad>
          </ns3:TrackPointExtension>
        </extensions>
      </trkpt>
      <trkpt lat="30.75170983560383319854736328125" lon="108.44533438794314861297607421875">
        <ele>421.20001220703125</ele>
        <time>2026-06-16T13:37:29.000Z</time>
        <extensions>
          <ns3:TrackPointExtension>
            <ns3:hr>116</ns3:hr>
            <ns3:cad>91</ns3:cad>
          </ns3:TrackPointExtension>
        </extensions>
      </trkpt>
      <trkpt lat="30.7517038844525814056396484375" lon="108.44535349868237972259521484375">
        <ele>421.20001220703125</ele>
        <time>2026-06-16T13:37:30.000Z</time>
        <extensions>
          <ns3:TrackPointExtension>
            <ns3:hr>117</ns3:hr>
            <ns3:cad>92</ns3:cad>
          </ns3:TrackPointExtension>
        </extensions>
      </trkpt>
      <trkpt lat="30.75168753974139690399169921875" lon="108.44537235796451568603515625">
        <ele>421.20001220703125</ele>
        <time>2026-06-16T13:37:31.000Z</time>
        <extensions>
          <ns3:TrackPointExtension>
            <ns3:hr>117</ns3:hr>
            <ns3:cad>92</ns3:cad>
          </ns3:TrackPointExtension>
        </extensions>
      </trkpt>
      <trkpt lat="30.7516752183437347412109375" lon="108.445387780666351318359375">
        <ele>421.20001220703125</ele>
        <time>2026-06-16T13:37:32.000Z</time>
        <extensions>
          <ns3:TrackPointExtension>
            <ns3:hr>117</ns3:hr>
            <ns3:cad>92</ns3:cad>
          </ns3:TrackPointExtension>
        </extensions>
      </trkpt>
      <trkpt lat="30.75165954418480396270751953125" lon="108.4454025328159332275390625">
        <ele>421.20001220703125</ele>
        <time>2026-06-16T13:37:33.000Z</time>
        <extensions>
          <ns3:TrackPointExtension>
            <ns3:hr>117</ns3:hr>
            <ns3:cad>92</ns3:cad>
          </ns3:TrackPointExtension>
        </extensions>
      </trkpt>
      <trkpt lat="30.7516478933393955230712890625" lon="108.4454218111932277679443359375">
        <ele>421.20001220703125</ele>
        <time>2026-06-16T13:37:34.000Z</time>
        <extensions>
          <ns3:TrackPointExtension>
            <ns3:hr>117</ns3:hr>
            <ns3:cad>92</ns3:cad>
          </ns3:TrackPointExtension>
        </extensions>
      </trkpt>
      <trkpt lat="30.751635320484638214111328125" lon="108.4454358927905559539794921875">
        <ele>421.20001220703125</ele>
        <time>2026-06-16T13:37:35.000Z</time>
        <extensions>
          <ns3:TrackPointExtension>
            <ns3:hr>117</ns3:hr>
            <ns3:cad>92</ns3:cad>
          </ns3:TrackPointExtension>
        </extensions>
      </trkpt>
      <trkpt lat="30.751626603305339813232421875" lon="108.4454596973955631256103515625">
        <ele>421.20001220703125</ele>
        <time>2026-06-16T13:37:36.000Z</time>
        <extensions>
          <ns3:TrackPointExtension>
            <ns3:hr>118</ns3:hr>
            <ns3:cad>92</ns3:cad>
          </ns3:TrackPointExtension>
        </extensions>
      </trkpt>
      <trkpt lat="30.75162224471569061279296875" lon="108.44547637738287448883056640625">
        <ele>421.20001220703125</ele>
        <time>2026-06-16T13:37:37.000Z</time>
        <extensions>
          <ns3:TrackPointExtension>
            <ns3:hr>117</ns3:hr>
            <ns3:cad>93</ns3:cad>
          </ns3:TrackPointExtension>
        </extensions>
      </trkpt>
      <trkpt lat="30.75161763466894626617431640625" lon="108.4455049596726894378662109375">
        <ele>421.20001220703125</ele>
        <time>2026-06-16T13:37:38.000Z</time>
        <extensions>
          <ns3:TrackPointExtension>
            <ns3:hr>117</ns3:hr>
            <ns3:cad>94</ns3:cad>
          </ns3:TrackPointExtension>
        </extensions>
      </trkpt>
      <trkpt lat="30.75161411426961421966552734375" lon="108.4455259144306182861328125">
        <ele>421.20001220703125</ele>
        <time>2026-06-16T13:37:39.000Z</time>
        <extensions>
          <ns3:TrackPointExtension>
            <ns3:hr>118</ns3:hr>
            <ns3:cad>93</ns3:cad>
          </ns3:TrackPointExtension>
        </extensions>
      </trkpt>
      <trkpt lat="30.7516108453273773193359375" lon="108.44555030576884746551513671875">
        <ele>421.20001220703125</ele>
        <time>2026-06-16T13:37:40.000Z</time>
        <extensions>
          <ns3:TrackPointExtension>
            <ns3:hr>118</ns3:hr>
            <ns3:cad>93</ns3:cad>
          </ns3:TrackPointExtension>
        </extensions>
      </trkpt>
      <trkpt lat="30.7516110129654407501220703125" lon="108.44556841067969799041748046875">
        <ele>421.20001220703125</ele>
        <time>2026-06-16T13:37:41.000Z</time>
        <extensions>
          <ns3:TrackPointExtension>
            <ns3:hr>118</ns3:hr>
            <ns3:cad>92</ns3:cad>
          </ns3:TrackPointExtension>
        </extensions>
      </trkpt>
      <trkpt lat="30.7516043074429035186767578125" lon="108.4455914609134197235107421875">
        <ele>421.20001220703125</ele>
        <time>2026-06-16T13:37:42.000Z</time>
        <extensions>
          <ns3:TrackPointExtension>
            <ns3:hr>118</ns3:hr>
            <ns3:cad>91</ns3:cad>
          </ns3:TrackPointExtension>
        </extensions>
      </trkpt>
      <trkpt lat="30.7516053132712841033935546875" lon="108.4456068836152553558349609375">
        <ele>421.20001220703125</ele>
        <time>2026-06-16T13:37:43.000Z</time>
        <extensions>
          <ns3:TrackPointExtension>
            <ns3:hr>118</ns3:hr>
            <ns3:cad>91</ns3:cad>
          </ns3:TrackPointExtension>
        </extensions>
      </trkpt>
      <trkpt lat="30.75159902684390544891357421875" lon="108.44562825746834278106689453125">
        <ele>421.20001220703125</ele>
        <time>2026-06-16T13:37:44.000Z</time>
        <extensions>
          <ns3:TrackPointExtension>
            <ns3:hr>119</ns3:hr>
            <ns3:cad>92</ns3:cad>
          </ns3:TrackPointExtension>
        </extensions>
      </trkpt>
      <trkpt lat="30.7515982724726200103759765625" lon="108.4456492960453033447265625">
        <ele>421.20001220703125</ele>
        <time>2026-06-16T13:37:45.000Z</time>
        <extensions>
          <ns3:TrackPointExtension>
            <ns3:hr>120</ns3:hr>
            <ns3:cad>93</ns3:cad>
          </ns3:TrackPointExtension>
        </extensions>
      </trkpt>
      <trkpt lat="30.75159399770200252532958984375" lon="108.44567586667835712432861328125">
        <ele>421</ele>
        <time>2026-06-16T13:37:46.000Z</time>
        <extensions>
          <ns3:TrackPointExtension>
            <ns3:hr>120</ns3:hr>
            <ns3:cad>94</ns3:cad>
          </ns3:TrackPointExtension>
        </extensions>
      </trkpt>
      <trkpt lat="30.75159684754908084869384765625" lon="108.44569967128336429595947265625">
        <ele>421</ele>
        <time>2026-06-16T13:37:47.000Z</time>
        <extensions>
          <ns3:TrackPointExtension>
            <ns3:hr>121</ns3:hr>
            <ns3:cad>93</ns3:cad>
          </ns3:TrackPointExtension>
        </extensions>
      </trkpt>
      <trkpt lat="30.751598440110683441162109375" lon="108.445721380412578582763671875">
        <ele>421</ele>
        <time>2026-06-16T13:37:48.000Z</time>
        <extensions>
          <ns3:TrackPointExtension>
            <ns3:hr>122</ns3:hr>
            <ns3:cad>92</ns3:cad>
          </ns3:TrackPointExtension>
        </extensions>
      </trkpt>
      <trkpt lat="30.75160481035709381103515625" lon="108.44574644230306148529052734375">
        <ele>421.20001220703125</ele>
        <time>2026-06-16T13:37:49.000Z</time>
        <extensions>
          <ns3:TrackPointExtension>
            <ns3:hr>121</ns3:hr>
            <ns3:cad>91</ns3:cad>
          </ns3:TrackPointExtension>
        </extensions>
      </trkpt>
      <trkpt lat="30.751615203917026519775390625" lon="108.44576605595648288726806640625">
        <ele>421.20001220703125</ele>
        <time>2026-06-16T13:37:50.000Z</time>
        <extensions>
          <ns3:TrackPointExtension>
            <ns3:hr>121</ns3:hr>
            <ns3:cad>91</ns3:cad>
          </ns3:TrackPointExtension>
        </extensions>
      </trkpt>
      <trkpt lat="30.7516242563724517822265625" lon="108.445791117846965789794921875">
        <ele>421.20001220703125</ele>
        <time>2026-06-16T13:37:51.000Z</time>
        <extensions>
          <ns3:TrackPointExtension>
            <ns3:hr>121</ns3:hr>
            <ns3:cad>91</ns3:cad>
          </ns3:TrackPointExtension>
        </extensions>
      </trkpt>
      <trkpt lat="30.751630961894989013671875" lon="108.44580511562526226043701171875">
        <ele>421.20001220703125</ele>
        <time>2026-06-16T13:37:52.000Z</time>
        <extensions>
          <ns3:TrackPointExtension>
            <ns3:hr>121</ns3:hr>
            <ns3:cad>92</ns3:cad>
          </ns3:TrackPointExtension>
        </extensions>
      </trkpt>
      <trkpt lat="30.75163641013205051422119140625" lon="108.44582975842058658599853515625">
        <ele>421.20001220703125</ele>
        <time>2026-06-16T13:37:53.000Z</time>
        <extensions>
          <ns3:TrackPointExtension>
            <ns3:hr>121</ns3:hr>
            <ns3:cad>92</ns3:cad>
          </ns3:TrackPointExtension>
        </extensions>
      </trkpt>
      <trkpt lat="30.7516428641974925994873046875" lon="108.44584668986499309539794921875">
        <ele>421.20001220703125</ele>
        <time>2026-06-16T13:37:54.000Z</time>
        <extensions>
          <ns3:TrackPointExtension>
            <ns3:hr>121</ns3:hr>
            <ns3:cad>92</ns3:cad>
          </ns3:TrackPointExtension>
        </extensions>
      </trkpt>
      <trkpt lat="30.75164194218814373016357421875" lon="108.4458717517554759979248046875">
        <ele>421.20001220703125</ele>
        <time>2026-06-16T13:37:55.000Z</time>
        <extensions>
          <ns3:TrackPointExtension>
            <ns3:hr>120</ns3:hr>
            <ns3:cad>92</ns3:cad>
          </ns3:TrackPointExtension>
        </extensions>
      </trkpt>
      <trkpt lat="30.75164529494941234588623046875" lon="108.4458935447037220001220703125">
        <ele>421.20001220703125</ele>
        <time>2026-06-16T13:37:56.000Z</time>
        <extensions>
          <ns3:TrackPointExtension>
            <ns3:hr>120</ns3:hr>
            <ns3:cad>92</ns3:cad>
          </ns3:TrackPointExtension>
        </extensions>
      </trkpt>
      <trkpt lat="30.75164864771068096160888671875" lon="108.4459148347377777099609375">
        <ele>421.20001220703125</ele>
        <time>2026-06-16T13:37:57.000Z</time>
        <extensions>
          <ns3:TrackPointExtension>
            <ns3:hr>120</ns3:hr>
            <ns3:cad>92</ns3:cad>
          </ns3:TrackPointExtension>
        </extensions>
      </trkpt>
      <trkpt lat="30.75165904127061367034912109375" lon="108.44593402929604053497314453125">
        <ele>421.20001220703125</ele>
        <time>2026-06-16T13:37:58.000Z</time>
        <extensions>
          <ns3:TrackPointExtension>
            <ns3:hr>119</ns3:hr>
            <ns3:cad>94</ns3:cad>
          </ns3:TrackPointExtension>
        </extensions>
      </trkpt>
      <trkpt lat="30.75166977010667324066162109375" lon="108.4459532238543033599853515625">
        <ele>421.20001220703125</ele>
        <time>2026-06-16T13:37:59.000Z</time>
        <extensions>
          <ns3:TrackPointExtension>
            <ns3:hr>119</ns3:hr>
            <ns3:cad>94</ns3:cad>
          </ns3:TrackPointExtension>
        </extensions>
      </trkpt>
      <trkpt lat="30.75168334878981113433837890625" lon="108.4459743462502956390380859375">
        <ele>421.20001220703125</ele>
        <time>2026-06-16T13:38:00.000Z</time>
        <extensions>
          <ns3:TrackPointExtension>
            <ns3:hr>119</ns3:hr>
            <ns3:cad>94</ns3:cad>
          </ns3:TrackPointExtension>
        </extensions>
      </trkpt>
      <trkpt lat="30.75169323943555355072021484375" lon="108.4459864161908626556396484375">
        <ele>421.20001220703125</ele>
        <time>2026-06-16T13:38:01.000Z</time>
        <extensions>
          <ns3:TrackPointExtension>
            <ns3:hr>119</ns3:hr>
            <ns3:cad>93</ns3:cad>
          </ns3:TrackPointExtension>
        </extensions>
      </trkpt>
      <trkpt lat="30.7517092488706111907958984375" lon="108.4460078738629817962646484375">
        <ele>421.20001220703125</ele>
        <time>2026-06-16T13:38:02.000Z</time>
        <extensions>
          <ns3:TrackPointExtension>
            <ns3:hr>119</ns3:hr>
            <ns3:cad>93</ns3:cad>
          </ns3:TrackPointExtension>
        </extensions>
      </trkpt>
      <trkpt lat="30.7517234981060028076171875" lon="108.44601985998451709747314453125">
        <ele>421.20001220703125</ele>
        <time>2026-06-16T13:38:03.000Z</time>
        <extensions>
          <ns3:TrackPointExtension>
            <ns3:hr>119</ns3:hr>
            <ns3:cad>93</ns3:cad>
          </ns3:TrackPointExtension>
        </extensions>
      </trkpt>
      <trkpt lat="30.75174068100750446319580078125" lon="108.4460367076098918914794921875">
        <ele>421.20001220703125</ele>
        <time>2026-06-16T13:38:04.000Z</time>
        <extensions>
          <ns3:TrackPointExtension>
            <ns3:hr>119</ns3:hr>
            <ns3:cad>93</ns3:cad>
          </ns3:TrackPointExtension>
        </extensions>
      </trkpt>
      <trkpt lat="30.75175912119448184967041015625" lon="108.44604634679853916168212890625">
        <ele>421.20001220703125</ele>
        <time>2026-06-16T13:38:05.000Z</time>
        <extensions>
          <ns3:TrackPointExtension>
            <ns3:hr>119</ns3:hr>
            <ns3:cad>93</ns3:cad>
          </ns3:TrackPointExtension>
        </extensions>
      </trkpt>
      <trkpt lat="30.75177890248596668243408203125" lon="108.4460596740245819091796875">
        <ele>421.20001220703125</ele>
        <time>2026-06-16T13:38:06.000Z</time>
        <extensions>
          <ns3:TrackPointExtension>
            <ns3:hr>120</ns3:hr>
            <ns3:cad>92</ns3:cad>
          </ns3:TrackPointExtension>
        </extensions>
      </trkpt>
      <trkpt lat="30.7517967559397220611572265625" lon="108.44606973230838775634765625">
        <ele>421.20001220703125</ele>
        <time>2026-06-16T13:38:07.000Z</time>
        <extensions>
          <ns3:TrackPointExtension>
            <ns3:hr>120</ns3:hr>
            <ns3:cad>91</ns3:cad>
          </ns3:TrackPointExtension>
        </extensions>
      </trkpt>
      <trkpt lat="30.75181243009865283966064453125" lon="108.44608440063893795013427734375">
        <ele>421.20001220703125</ele>
        <time>2026-06-16T13:38:08.000Z</time>
        <extensions>
          <ns3:TrackPointExtension>
            <ns3:hr>120</ns3:hr>
            <ns3:cad>91</ns3:cad>
          </ns3:TrackPointExtension>
        </extensions>
      </trkpt>
      <trkpt lat="30.751830451190471649169921875" lon="108.4460950456559658050537109375">
        <ele>421.399993896484375</ele>
        <time>2026-06-16T13:38:09.000Z</time>
        <extensions>
          <ns3:TrackPointExtension>
            <ns3:hr>122</ns3:hr>
            <ns3:cad>91</ns3:cad>
          </ns3:TrackPointExtension>
        </extensions>
      </trkpt>
      <trkpt lat="30.7518480531871318817138671875" lon="108.44610854052007198333740234375">
        <ele>421.399993896484375</ele>
        <time>2026-06-16T13:38:10.000Z</time>
        <extensions>
          <ns3:TrackPointExtension>
            <ns3:hr>124</ns3:hr>
            <ns3:cad>92</ns3:cad>
          </ns3:TrackPointExtension>
        </extensions>
      </trkpt>
      <trkpt lat="30.7518698461353778839111328125" lon="108.4461186826229095458984375">
        <ele>421.399993896484375</ele>
        <time>2026-06-16T13:38:11.000Z</time>
        <extensions>
          <ns3:TrackPointExtension>
            <ns3:hr>124</ns3:hr>
            <ns3:cad>92</ns3:cad>
          </ns3:TrackPointExtension>
        </extensions>
      </trkpt>
      <trkpt lat="30.7518866099417209625244140625" lon="108.4461307525634765625">
        <ele>421.399993896484375</ele>
        <time>2026-06-16T13:38:12.000Z</time>
        <extensions>
          <ns3:TrackPointExtension>
            <ns3:hr>124</ns3:hr>
            <ns3:cad>94</ns3:cad>
          </ns3:TrackPointExtension>
        </extensions>
      </trkpt>
      <trkpt lat="30.751906223595142364501953125" lon="108.446142487227916717529296875">
        <ele>421.399993896484375</ele>
        <time>2026-06-16T13:38:13.000Z</time>
        <extensions>
          <ns3:TrackPointExtension>
            <ns3:hr>124</ns3:hr>
            <ns3:cad>94</ns3:cad>
          </ns3:TrackPointExtension>
        </extensions>
      </trkpt>
      <trkpt lat="30.75192189775407314300537109375" lon="108.4461483545601367950439453125">
        <ele>421.399993896484375</ele>
        <time>2026-06-16T13:38:14.000Z</time>
        <extensions>
          <ns3:TrackPointExtension>
            <ns3:hr>124</ns3:hr>
            <ns3:cad>93</ns3:cad>
          </ns3:TrackPointExtension>
        </extensions>
      </trkpt>
      <trkpt lat="30.75194276869297027587890625" lon="108.4461580775678157806396484375">
        <ele>421.399993896484375</ele>
        <time>2026-06-16T13:38:15.000Z</time>
        <extensions>
          <ns3:TrackPointExtension>
            <ns3:hr>125</ns3:hr>
            <ns3:cad>92</ns3:cad>
          </ns3:TrackPointExtension>
        </extensions>
      </trkpt>
      <trkpt lat="30.75195844285190105438232421875" lon="108.44616226851940155029296875">
        <ele>421.20001220703125</ele>
        <time>2026-06-16T13:38:16.000Z</time>
        <extensions>
          <ns3:TrackPointExtension>
            <ns3:hr>125</ns3:hr>
            <ns3:cad>92</ns3:cad>
          </ns3:TrackPointExtension>
        </extensions>
      </trkpt>
      <trkpt lat="30.75198124162852764129638671875" lon="108.44617031514644622802734375">
        <ele>421.20001220703125</ele>
        <time>2026-06-16T13:38:17.000Z</time>
        <extensions>
          <ns3:TrackPointExtension>
            <ns3:hr>125</ns3:hr>
            <ns3:cad>92</ns3:cad>
          </ns3:TrackPointExtension>
        </extensions>
      </trkpt>
      <trkpt lat="30.7519970834255218505859375" lon="108.44616620801389217376708984375">
        <ele>421.20001220703125</ele>
        <time>2026-06-16T13:38:18.000Z</time>
        <extensions>
          <ns3:TrackPointExtension>
            <ns3:hr>125</ns3:hr>
            <ns3:cad>92</ns3:cad>
          </ns3:TrackPointExtension>
        </extensions>
      </trkpt>
      <trkpt lat="30.75201963074505329132080078125" lon="108.446170985698699951171875">
        <ele>421.20001220703125</ele>
        <time>2026-06-16T13:38:19.000Z</time>
        <extensions>
          <ns3:TrackPointExtension>
            <ns3:hr>124</ns3:hr>
            <ns3:cad>93</ns3:cad>
          </ns3:TrackPointExtension>
        </extensions>
      </trkpt>
      <trkpt lat="30.7520348019897937774658203125" lon="108.4461694769561290740966796875">
        <ele>421.20001220703125</ele>
        <time>2026-06-16T13:38:20.000Z</time>
        <extensions>
          <ns3:TrackPointExtension>
            <ns3:hr>124</ns3:hr>
            <ns3:cad>94</ns3:cad>
          </ns3:TrackPointExtension>
        </extensions>
      </trkpt>
      <trkpt lat="30.75205651111900806427001953125" lon="108.446173332631587982177734375">
        <ele>421.20001220703125</ele>
        <time>2026-06-16T13:38:21.000Z</time>
        <extensions>
          <ns3:TrackPointExtension>
            <ns3:hr>123</ns3:hr>
            <ns3:cad>94</ns3:cad>
          </ns3:TrackPointExtension>
        </extensions>
      </trkpt>
      <trkpt lat="30.7520740292966365814208984375" lon="108.446174003183841705322265625">
        <ele>421.20001220703125</ele>
        <time>2026-06-16T13:38:22.000Z</time>
        <extensions>
          <ns3:TrackPointExtension>
            <ns3:hr>123</ns3:hr>
            <ns3:cad>93</ns3:cad>
          </ns3:TrackPointExtension>
        </extensions>
      </trkpt>
      <trkpt lat="30.75209422968327999114990234375" lon="108.4461776912212371826171875">
        <ele>421.20001220703125</ele>
        <time>2026-06-16T13:38:23.000Z</time>
        <extensions>
          <ns3:TrackPointExtension>
            <ns3:hr>122</ns3:hr>
            <ns3:cad>93</ns3:cad>
          </ns3:TrackPointExtension>
        </extensions>
      </trkpt>
      <trkpt lat="30.7521097362041473388671875" lon="108.446176350116729736328125">
        <ele>421.20001220703125</ele>
        <time>2026-06-16T13:38:24.000Z</time>
        <extensions>
          <ns3:TrackPointExtension>
            <ns3:hr>122</ns3:hr>
            <ns3:cad>93</ns3:cad>
          </ns3:TrackPointExtension>
        </extensions>
      </trkpt>
      <trkpt lat="30.75212993659079074859619140625" lon="108.446181714534759521484375">
        <ele>421.20001220703125</ele>
        <time>2026-06-16T13:38:25.000Z</time>
        <extensions>
          <ns3:TrackPointExtension>
            <ns3:hr>122</ns3:hr>
            <ns3:cad>92</ns3:cad>
          </ns3:TrackPointExtension>
        </extensions>
      </trkpt>
      <trkpt lat="30.75215198099613189697265625" lon="108.44618238508701324462890625">
        <ele>421.20001220703125</ele>
        <time>2026-06-16T13:38:26.000Z</time>
        <extensions>
          <ns3:TrackPointExtension>
            <ns3:hr>123</ns3:hr>
            <ns3:cad>92</ns3:cad>
          </ns3:TrackPointExtension>
        </extensions>
      </trkpt>
      <trkpt lat="30.7521709240972995758056640625" lon="108.4461862407624721527099609375">
        <ele>421.20001220703125</ele>
        <time>2026-06-16T13:38:27.000Z</time>
        <extensions>
          <ns3:TrackPointExtension>
            <ns3:hr>123</ns3:hr>
            <ns3:cad>93</ns3:cad>
          </ns3:TrackPointExtension>
        </extensions>
      </trkpt>
      <trkpt lat="30.752190537750720977783203125" lon="108.446180038154125213623046875">
        <ele>421.20001220703125</ele>
        <time>2026-06-16T13:38:28.000Z</time>
        <extensions>
          <ns3:TrackPointExtension>
            <ns3:hr>123</ns3:hr>
            <ns3:cad>93</ns3:cad>
          </ns3:TrackPointExtension>
        </extensions>
      </trkpt>
      <trkpt lat="30.75220671482384204864501953125" lon="108.4461761824786663055419921875">
        <ele>421.20001220703125</ele>
        <time>2026-06-16T13:38:29.000Z</time>
        <extensions>
          <ns3:TrackPointExtension>
            <ns3:hr>123</ns3:hr>
            <ns3:cad>93</ns3:cad>
          </ns3:TrackPointExtension>
        </extensions>
      </trkpt>
      <trkpt lat="30.75222951360046863555908203125" lon="108.44617023132741451263427734375">
        <ele>421.20001220703125</ele>
        <time>2026-06-16T13:38:30.000Z</time>
        <extensions>
          <ns3:TrackPointExtension>
            <ns3:hr>122</ns3:hr>
            <ns3:cad>93</ns3:cad>
          </ns3:TrackPointExtension>
        </extensions>
      </trkpt>
      <trkpt lat="30.75224325992166996002197265625" lon="108.4461629390716552734375">
        <ele>421.20001220703125</ele>
        <time>2026-06-16T13:38:31.000Z</time>
        <extensions>
          <ns3:TrackPointExtension>
            <ns3:hr>122</ns3:hr>
            <ns3:cad>93</ns3:cad>
          </ns3:TrackPointExtension>
        </extensions>
      </trkpt>
      <trkpt lat="30.7522671483457088470458984375" lon="108.44615422189235687255859375">
        <ele>421.20001220703125</ele>
        <time>2026-06-16T13:38:32.000Z</time>
        <extensions>
          <ns3:TrackPointExtension>
            <ns3:hr>122</ns3:hr>
            <ns3:cad>93</ns3:cad>
          </ns3:TrackPointExtension>
        </extensions>
      </trkpt>
      <trkpt lat="30.7522792182862758636474609375" lon="108.44614483416080474853515625">
        <ele>421.20001220703125</ele>
        <time>2026-06-16T13:38:33.000Z</time>
        <extensions>
          <ns3:TrackPointExtension>
            <ns3:hr>122</ns3:hr>
            <ns3:cad>93</ns3:cad>
          </ns3:TrackPointExtension>
        </extensions>
      </trkpt>
      <trkpt lat="30.75230310671031475067138671875" lon="108.4461403079330921173095703125">
        <ele>421</ele>
        <time>2026-06-16T13:38:34.000Z</time>
        <extensions>
          <ns3:TrackPointExtension>
            <ns3:hr>122</ns3:hr>
            <ns3:cad>91</ns3:cad>
          </ns3:TrackPointExtension>
        </extensions>
      </trkpt>
      <trkpt lat="30.75231718830764293670654296875" lon="108.44613184221088886260986328125">
        <ele>421</ele>
        <time>2026-06-16T13:38:35.000Z</time>
        <extensions>
          <ns3:TrackPointExtension>
            <ns3:hr>122</ns3:hr>
            <ns3:cad>91</ns3:cad>
          </ns3:TrackPointExtension>
        </extensions>
      </trkpt>
      <trkpt lat="30.75233931653201580047607421875" lon="108.44613301567733287811279296875">
        <ele>421</ele>
        <time>2026-06-16T13:38:36.000Z</time>
        <extensions>
          <ns3:TrackPointExtension>
            <ns3:hr>121</ns3:hr>
            <ns3:cad>93</ns3:cad>
          </ns3:TrackPointExtension>
        </extensions>
      </trkpt>
      <trkpt lat="30.75235540978610515594482421875" lon="108.44612698070704936981201171875">
        <ele>421</ele>
        <time>2026-06-16T13:38:37.000Z</time>
        <extensions>
          <ns3:TrackPointExtension>
            <ns3:hr>121</ns3:hr>
            <ns3:cad>93</ns3:cad>
          </ns3:TrackPointExtension>
        </extensions>
      </trkpt>
      <trkpt lat="30.75237602926790714263916015625" lon="108.44613083638250827789306640625">
        <ele>421</ele>
        <time>2026-06-16T13:38:38.000Z</time>
        <extensions>
          <ns3:TrackPointExtension>
            <ns3:hr>121</ns3:hr>
            <ns3:cad>93</ns3:cad>
          </ns3:TrackPointExtension>
        </extensions>
      </trkpt>
      <trkpt lat="30.75239530764520168304443359375" lon="108.446130417287349700927734375">
        <ele>421</ele>
        <time>2026-06-16T13:38:39.000Z</time>
        <extensions>
          <ns3:TrackPointExtension>
            <ns3:hr>122</ns3:hr>
            <ns3:cad>93</ns3:cad>
          </ns3:TrackPointExtension>
        </extensions>
      </trkpt>
      <trkpt lat="30.75241223908960819244384765625" lon="108.4461393021047115325927734375">
        <ele>421</ele>
        <time>2026-06-16T13:38:40.000Z</time>
        <extensions>
          <ns3:TrackPointExtension>
            <ns3:hr>122</ns3:hr>
            <ns3:cad>93</ns3:cad>
          </ns3:TrackPointExtension>
        </extensions>
      </trkpt>
      <trkpt lat="30.752435289323329925537109375" lon="108.44614215195178985595703125">
        <ele>421</ele>
        <time>2026-06-16T13:38:41.000Z</time>
        <extensions>
          <ns3:TrackPointExtension>
            <ns3:hr>122</ns3:hr>
            <ns3:cad>93</ns3:cad>
          </ns3:TrackPointExtension>
        </extensions>
      </trkpt>
      <trkpt lat="30.752452723681926727294921875" lon="108.44614374451339244842529296875">
        <ele>421.20001220703125</ele>
        <time>2026-06-16T13:38:42.000Z</time>
        <extensions>
          <ns3:TrackPointExtension>
            <ns3:hr>122</ns3:hr>
            <ns3:cad>93</ns3:cad>
          </ns3:TrackPointExtension>
        </extensions>
      </trkpt>
      <trkpt lat="30.752476863563060760498046875" lon="108.446143157780170440673828125">
        <ele>421.20001220703125</ele>
        <time>2026-06-16T13:38:43.000Z</time>
        <extensions>
          <ns3:TrackPointExtension>
            <ns3:hr>121</ns3:hr>
            <ns3:cad>93</ns3:cad>
          </ns3:TrackPointExtension>
        </extensions>
      </trkpt>
      <trkpt lat="30.75249270536005496978759765625" lon="108.44614122994244098663330078125">
        <ele>421.20001220703125</ele>
        <time>2026-06-16T13:38:44.000Z</time>
        <extensions>
          <ns3:TrackPointExtension>
            <ns3:hr>121</ns3:hr>
            <ns3:cad>93</ns3:cad>
          </ns3:TrackPointExtension>
        </extensions>
      </trkpt>
      <trkpt lat="30.75251676142215728759765625" lon="108.44614860601723194122314453125">
        <ele>421.20001220703125</ele>
        <time>2026-06-16T13:38:45.000Z</time>
        <extensions>
          <ns3:TrackPointExtension>
            <ns3:hr>121</ns3:hr>
            <ns3:cad>93</ns3:cad>
          </ns3:TrackPointExtension>
        </extensions>
      </trkpt>
      <trkpt lat="30.75253260321915149688720703125" lon="108.44614684581756591796875">
        <ele>421.20001220703125</ele>
        <time>2026-06-16T13:38:46.000Z</time>
        <extensions>
          <ns3:TrackPointExtension>
            <ns3:hr>121</ns3:hr>
            <ns3:cad>93</ns3:cad>
          </ns3:TrackPointExtension>
        </extensions>
      </trkpt>
      <trkpt lat="30.75255473144352436065673828125" lon="108.446151204407215118408203125">
        <ele>421.20001220703125</ele>
        <time>2026-06-16T13:38:47.000Z</time>
        <extensions>
          <ns3:TrackPointExtension>
            <ns3:hr>122</ns3:hr>
            <ns3:cad>93</ns3:cad>
          </ns3:TrackPointExtension>
        </extensions>
      </trkpt>
      <trkpt lat="30.75256998650729656219482421875" lon="108.44614676199853420257568359375">
        <ele>421.20001220703125</ele>
        <time>2026-06-16T13:38:48.000Z</time>
        <extensions>
          <ns3:TrackPointExtension>
            <ns3:hr>121</ns3:hr>
            <ns3:cad>93</ns3:cad>
          </ns3:TrackPointExtension>
        </extensions>
      </trkpt>
      <trkpt lat="30.7525927014648914337158203125" lon="108.446150533854961395263671875">
        <ele>421.20001220703125</ele>
        <time>2026-06-16T13:38:49.000Z</time>
        <extensions>
          <ns3:TrackPointExtension>
            <ns3:hr>122</ns3:hr>
            <ns3:cad>93</ns3:cad>
          </ns3:TrackPointExtension>
        </extensions>
      </trkpt>
      <trkpt lat="30.75261340476572513580322265625" lon="108.4461503662168979644775390625">
        <ele>421.20001220703125</ele>
        <time>2026-06-16T13:38:50.000Z</time>
        <extensions>
          <ns3:TrackPointExtension>
            <ns3:hr>122</ns3:hr>
            <ns3:cad>93</ns3:cad>
          </ns3:TrackPointExtension>
        </extensions>
      </trkpt>
      <trkpt lat="30.7526359520852565765380859375" lon="108.44615866430103778839111328125">
        <ele>421.20001220703125</ele>
        <time>2026-06-16T13:38:51.000Z</time>
        <extensions>
          <ns3:TrackPointExtension>
            <ns3:hr>122</ns3:hr>
            <ns3:cad>93</ns3:cad>
          </ns3:TrackPointExtension>
        </extensions>
      </trkpt>
      <trkpt lat="30.7526543922722339630126953125" lon="108.44615816138684749603271484375">
        <ele>421.20001220703125</ele>
        <time>2026-06-16T13:38:52.000Z</time>
        <extensions>
          <ns3:TrackPointExtension>
            <ns3:hr>122</ns3:hr>
            <ns3:cad>92</ns3:cad>
          </ns3:TrackPointExtension>
        </extensions>
      </trkpt>
      <trkpt lat="30.752676017582416534423828125" lon="108.44616570509970188140869140625">
        <ele>421.20001220703125</ele>
        <time>2026-06-16T13:38:53.000Z</time>
        <extensions>
          <ns3:TrackPointExtension>
            <ns3:hr>122</ns3:hr>
            <ns3:cad>92</ns3:cad>
          </ns3:TrackPointExtension>
        </extensions>
      </trkpt>
      <trkpt lat="30.7526971399784088134765625" lon="108.4461651183664798736572265625">
        <ele>421.20001220703125</ele>
        <time>2026-06-16T13:38:54.000Z</time>
        <extensions>
          <ns3:TrackPointExtension>
            <ns3:hr>123</ns3:hr>
            <ns3:cad>93</ns3:cad>
          </ns3:TrackPointExtension>
        </extensions>
      </trkpt>
      <trkpt lat="30.75271834619343280792236328125" lon="108.4461698122322559356689453125">
        <ele>421.20001220703125</ele>
        <time>2026-06-16T13:38:55.000Z</time>
        <extensions>
          <ns3:TrackPointExtension>
            <ns3:hr>123</ns3:hr>
            <ns3:cad>93</ns3:cad>
          </ns3:TrackPointExtension>
        </extensions>
      </trkpt>
      <trkpt lat="30.7527382113039493560791015625" lon="108.44617224298417568206787109375">
        <ele>421.20001220703125</ele>
        <time>2026-06-16T13:38:56.000Z</time>
        <extensions>
          <ns3:TrackPointExtension>
            <ns3:hr>124</ns3:hr>
            <ns3:cad>93</ns3:cad>
          </ns3:TrackPointExtension>
        </extensions>
      </trkpt>
      <trkpt lat="30.752755813300609588623046875" lon="108.44617777504026889801025390625">
        <ele>421.20001220703125</ele>
        <time>2026-06-16T13:38:57.000Z</time>
        <extensions>
          <ns3:TrackPointExtension>
            <ns3:hr>124</ns3:hr>
            <ns3:cad>93</ns3:cad>
          </ns3:TrackPointExtension>
        </extensions>
      </trkpt>
      <trkpt lat="30.75277903117239475250244140625" lon="108.44617458991706371307373046875">
        <ele>421.399993896484375</ele>
        <time>2026-06-16T13:38:58.000Z</time>
        <extensions>
          <ns3:TrackPointExtension>
            <ns3:hr>124</ns3:hr>
            <ns3:cad>93</ns3:cad>
          </ns3:TrackPointExtension>
        </extensions>
      </trkpt>
      <trkpt lat="30.75279478915035724639892578125" lon="108.44617031514644622802734375">
        <ele>421.399993896484375</ele>
        <time>2026-06-16T13:38:59.000Z</time>
        <extensions>
          <ns3:TrackPointExtension>
            <ns3:hr>124</ns3:hr>
            <ns3:cad>92</ns3:cad>
          </ns3:TrackPointExtension>
        </extensions>
      </trkpt>
      <trkpt lat="30.752817504107952117919921875" lon="108.4461691416800022125244140625">
        <ele>421.399993896484375</ele>
        <time>2026-06-16T13:39:00.000Z</time>
        <extensions>
          <ns3:TrackPointExtension>
            <ns3:hr>124</ns3:hr>
            <ns3:cad>90</ns3:cad>
          </ns3:TrackPointExtension>
        </extensions>
      </trkpt>
      <trkpt lat="30.75283166952431201934814453125" lon="108.446165286004543304443359375">
        <ele>421.399993896484375</ele>
        <time>2026-06-16T13:39:01.000Z</time>
        <extensions>
          <ns3:TrackPointExtension>
            <ns3:hr>124</ns3:hr>
            <ns3:cad>90</ns3:cad>
          </ns3:TrackPointExtension>
        </extensions>
      </trkpt>
      <trkpt lat="30.75285715050995349884033203125" lon="108.4461651183664798736572265625">
        <ele>421.399993896484375</ele>
        <time>2026-06-16T13:39:02.000Z</time>
        <extensions>
          <ns3:TrackPointExtension>
            <ns3:hr>124</ns3:hr>
            <ns3:cad>92</ns3:cad>
          </ns3:TrackPointExtension>
        </extensions>
      </trkpt>
      <trkpt lat="30.752870477735996246337890625" lon="108.4461614303290843963623046875">
        <ele>421.399993896484375</ele>
        <time>2026-06-16T13:39:03.000Z</time>
        <extensions>
          <ns3:TrackPointExtension>
            <ns3:hr>124</ns3:hr>
            <ns3:cad>92</ns3:cad>
          </ns3:TrackPointExtension>
        </extensions>
      </trkpt>
      <trkpt lat="30.75288983993232250213623046875" lon="108.44616620801389217376708984375">
        <ele>421.399993896484375</ele>
        <time>2026-06-16T13:39:04.000Z</time>
        <extensions>
          <ns3:TrackPointExtension>
            <ns3:hr>124</ns3:hr>
            <ns3:cad>92</ns3:cad>
          </ns3:TrackPointExtension>
        </extensions>
      </trkpt>
      <trkpt lat="30.7529085315763950347900390625" lon="108.44616553746163845062255859375">
        <ele>421.399993896484375</ele>
        <time>2026-06-16T13:39:05.000Z</time>
        <extensions>
          <ns3:TrackPointExtension>
            <ns3:hr>124</ns3:hr>
            <ns3:cad>92</ns3:cad>
          </ns3:TrackPointExtension>
        </extensions>
      </trkpt>
      <trkpt lat="30.752930827438831329345703125" lon="108.44617023132741451263427734375">
        <ele>421.399993896484375</ele>
        <time>2026-06-16T13:39:06.000Z</time>
        <extensions>
          <ns3:TrackPointExtension>
            <ns3:hr>124</ns3:hr>
            <ns3:cad>92</ns3:cad>
          </ns3:TrackPointExtension>
        </extensions>
      </trkpt>
      <trkpt lat="30.75295153073966503143310546875" lon="108.4461704827845096588134765625">
        <ele>421.399993896484375</ele>
        <time>2026-06-16T13:39:07.000Z</time>
        <extensions>
          <ns3:TrackPointExtension>
            <ns3:hr>123</ns3:hr>
            <ns3:cad>92</ns3:cad>
          </ns3:TrackPointExtension>
        </extensions>
      </trkpt>
      <trkpt lat="30.752967707812786102294921875" lon="108.4461704827845096588134765625">
        <ele>421.399993896484375</ele>
        <time>2026-06-16T13:39:08.000Z</time>
        <extensions>
          <ns3:TrackPointExtension>
            <ns3:hr>123</ns3:hr>
            <ns3:cad>92</ns3:cad>
          </ns3:TrackPointExtension>
        </extensions>
      </trkpt>
      <trkpt lat="30.75299243442714214324951171875" lon="108.44616687856614589691162109375">
        <ele>421.399993896484375</ele>
        <time>2026-06-16T13:39:09.000Z</time>
        <extensions>
          <ns3:TrackPointExtension>
            <ns3:hr>123</ns3:hr>
            <ns3:cad>92</ns3:cad>
          </ns3:TrackPointExtension>
        </extensions>
      </trkpt>
      <trkpt lat="30.75300903059542179107666015625" lon="108.44616419635713100433349609375">
        <ele>421.399993896484375</ele>
        <time>2026-06-16T13:39:10.000Z</time>
        <extensions>
          <ns3:TrackPointExtension>
            <ns3:hr>124</ns3:hr>
            <ns3:cad>92</ns3:cad>
          </ns3:TrackPointExtension>
        </extensions>
      </trkpt>
      <trkpt lat="30.7530342601239681243896484375" lon="108.44615665264427661895751953125">
        <ele>421.399993896484375</ele>
        <time>2026-06-16T13:39:11.000Z</time>
        <extensions>
          <ns3:TrackPointExtension>
            <ns3:hr>123</ns3:hr>
            <ns3:cad>92</ns3:cad>
          </ns3:TrackPointExtension>
        </extensions>
      </trkpt>
      <trkpt lat="30.7530466653406620025634765625" lon="108.44614391215145587921142578125">
        <ele>421.399993896484375</ele>
        <time>2026-06-16T13:39:12.000Z</time>
        <extensions>
          <ns3:TrackPointExtension>
            <ns3:hr>123</ns3:hr>
            <ns3:cad>93</ns3:cad>
          </ns3:TrackPointExtension>
        </extensions>
      </trkpt>
      <trkpt lat="30.75306602753698825836181640625" lon="108.44612874090671539306640625">
        <ele>421.399993896484375</ele>
        <time>2026-06-16T13:39:13.000Z</time>
        <extensions>
          <ns3:TrackPointExtension>
            <ns3:hr>124</ns3:hr>
            <ns3:cad>93</ns3:cad>
          </ns3:TrackPointExtension>
        </extensions>
      </trkpt>
      <trkpt lat="30.75307424180209636688232421875" lon="108.44611373730003833770751953125">
        <ele>421.399993896484375</ele>
        <time>2026-06-16T13:39:14.000Z</time>
        <extensions>
          <ns3:TrackPointExtension>
            <ns3:hr>124</ns3:hr>
            <ns3:cad>92</ns3:cad>
          </ns3:TrackPointExtension>
        </extensions>
      </trkpt>
      <trkpt lat="30.7530902512371540069580078125" lon="108.44610082916915416717529296875">
        <ele>421.399993896484375</ele>
        <time>2026-06-16T13:39:15.000Z</time>
        <extensions>
          <ns3:TrackPointExtension>
            <ns3:hr>125</ns3:hr>
            <ns3:cad>92</ns3:cad>
          </ns3:TrackPointExtension>
        </extensions>
      </trkpt>
      <trkpt lat="30.7530982978641986846923828125" lon="108.44608590938150882720947265625">
        <ele>421.399993896484375</ele>
        <time>2026-06-16T13:39:16.000Z</time>
        <extensions>
          <ns3:TrackPointExtension>
            <ns3:hr>126</ns3:hr>
            <ns3:cad>92</ns3:cad>
          </ns3:TrackPointExtension>
        </extensions>
      </trkpt>
      <trkpt lat="30.753117911517620086669921875" lon="108.446074426174163818359375">
        <ele>421.399993896484375</ele>
        <time>2026-06-16T13:39:17.000Z</time>
        <extensions>
          <ns3:TrackPointExtension>
            <ns3:hr>127</ns3:hr>
            <ns3:cad>94</ns3:cad>
          </ns3:TrackPointExtension>
        </extensions>
      </trkpt>
      <trkpt lat="30.7531338371336460113525390625" lon="108.44606109894812107086181640625">
        <ele>421.20001220703125</ele>
        <time>2026-06-16T13:39:18.000Z</time>
        <extensions>
          <ns3:TrackPointExtension>
            <ns3:hr>127</ns3:hr>
            <ns3:cad>94</ns3:cad>
          </ns3:TrackPointExtension>
        </extensions>
      </trkpt>
      <trkpt lat="30.75315370224416255950927734375" lon="108.446052968502044677734375">
        <ele>421.20001220703125</ele>
        <time>2026-06-16T13:39:19.000Z</time>
        <extensions>
          <ns3:TrackPointExtension>
            <ns3:hr>127</ns3:hr>
            <ns3:cad>92</ns3:cad>
          </ns3:TrackPointExtension>
        </extensions>
      </trkpt>
      <trkpt lat="30.75317381881177425384521484375" lon="108.4460355341434478759765625">
        <ele>421.20001220703125</ele>
        <time>2026-06-16T13:39:20.000Z</time>
        <extensions>
          <ns3:TrackPointExtension>
            <ns3:hr>126</ns3:hr>
            <ns3:cad>92</ns3:cad>
          </ns3:TrackPointExtension>
        </extensions>
      </trkpt>
      <trkpt lat="30.75318873859941959381103515625" lon="108.446020781993865966796875">
        <ele>421.20001220703125</ele>
        <time>2026-06-16T13:39:21.000Z</time>
        <extensions>
          <ns3:TrackPointExtension>
            <ns3:hr>126</ns3:hr>
            <ns3:cad>92</ns3:cad>
          </ns3:TrackPointExtension>
        </extensions>
      </trkpt>
      <trkpt lat="30.75320147909224033355712890625" lon="108.44600074924528598785400390625">
        <ele>421.20001220703125</ele>
        <time>2026-06-16T13:39:22.000Z</time>
        <extensions>
          <ns3:TrackPointExtension>
            <ns3:hr>125</ns3:hr>
            <ns3:cad>93</ns3:cad>
          </ns3:TrackPointExtension>
        </extensions>
      </trkpt>
      <trkpt lat="30.75321279466152191162109375" lon="108.44598256051540374755859375">
        <ele>421.20001220703125</ele>
        <time>2026-06-16T13:39:23.000Z</time>
        <extensions>
          <ns3:TrackPointExtension>
            <ns3:hr>125</ns3:hr>
            <ns3:cad>93</ns3:cad>
          </ns3:TrackPointExtension>
        </extensions>
      </trkpt>
      <trkpt lat="30.7532246969640254974365234375" lon="108.445956744253635406494140625">
        <ele>421.20001220703125</ele>
        <time>2026-06-16T13:39:24.000Z</time>
        <extensions>
          <ns3:TrackPointExtension>
            <ns3:hr>125</ns3:hr>
            <ns3:cad>93</ns3:cad>
          </ns3:TrackPointExtension>
        </extensions>
      </trkpt>
      <trkpt lat="30.75322980992496013641357421875" lon="108.44593872316181659698486328125">
        <ele>421.20001220703125</ele>
        <time>2026-06-16T13:39:25.000Z</time>
        <extensions>
          <ns3:TrackPointExtension>
            <ns3:hr>123</ns3:hr>
            <ns3:cad>93</ns3:cad>
          </ns3:TrackPointExtension>
        </extensions>
      </trkpt>
      <trkpt lat="30.7532414607703685760498046875" lon="108.4459123201668262481689453125">
        <ele>421.20001220703125</ele>
        <time>2026-06-16T13:39:26.000Z</time>
        <extensions>
          <ns3:TrackPointExtension>
            <ns3:hr>123</ns3:hr>
            <ns3:cad>93</ns3:cad>
          </ns3:TrackPointExtension>
        </extensions>
      </trkpt>
      <trkpt lat="30.7532428018748760223388671875" lon="108.44589312560856342315673828125">
        <ele>421.20001220703125</ele>
        <time>2026-06-16T13:39:27.000Z</time>
        <extensions>
          <ns3:TrackPointExtension>
            <ns3:hr>123</ns3:hr>
            <ns3:cad>93</ns3:cad>
          </ns3:TrackPointExtension>
        </extensions>
      </trkpt>
      <trkpt lat="30.75325663201510906219482421875" lon="108.44587300904095172882080078125">
        <ele>421.20001220703125</ele>
        <time>2026-06-16T13:39:28.000Z</time>
        <extensions>
          <ns3:TrackPointExtension>
            <ns3:hr>122</ns3:hr>
            <ns3:cad>93</ns3:cad>
          </ns3:TrackPointExtension>
        </extensions>
      </trkpt>
      <trkpt lat="30.75326249934732913970947265625" lon="108.44585716724395751953125">
        <ele>421.20001220703125</ele>
        <time>2026-06-16T13:39:29.000Z</time>
        <extensions>
          <ns3:TrackPointExtension>
            <ns3:hr>122</ns3:hr>
            <ns3:cad>93</ns3:cad>
          </ns3:TrackPointExtension>
        </extensions>
      </trkpt>
      <trkpt lat="30.7532738149166107177734375" lon="108.4458365477621555328369140625">
        <ele>421.20001220703125</ele>
        <time>2026-06-16T13:39:30.000Z</time>
        <extensions>
          <ns3:TrackPointExtension>
            <ns3:hr>122</ns3:hr>
            <ns3:cad>92</ns3:cad>
          </ns3:TrackPointExtension>
        </extensions>
      </trkpt>
      <trkpt lat="30.7532738149166107177734375" lon="108.44581760466098785400390625">
        <ele>421.20001220703125</ele>
        <time>2026-06-16T13:39:31.000Z</time>
        <extensions>
          <ns3:TrackPointExtension>
            <ns3:hr>122</ns3:hr>
            <ns3:cad>92</ns3:cad>
          </ns3:TrackPointExtension>
        </extensions>
      </trkpt>
      <trkpt lat="30.75327892787754535675048828125" lon="108.44579623080790042877197265625">
        <ele>421.20001220703125</ele>
        <time>2026-06-16T13:39:32.000Z</time>
        <extensions>
          <ns3:TrackPointExtension>
            <ns3:hr>121</ns3:hr>
            <ns3:cad>93</ns3:cad>
          </ns3:TrackPointExtension>
        </extensions>
      </trkpt>
      <trkpt lat="30.753277502954006195068359375" lon="108.4457715041935443878173828125">
        <ele>421.20001220703125</ele>
        <time>2026-06-16T13:39:33.000Z</time>
        <extensions>
          <ns3:TrackPointExtension>
            <ns3:hr>121</ns3:hr>
            <ns3:cad>93</ns3:cad>
          </ns3:TrackPointExtension>
        </extensions>
      </trkpt>
      <trkpt lat="30.75328127481043338775634765625" lon="108.44575080089271068572998046875">
        <ele>421.20001220703125</ele>
        <time>2026-06-16T13:39:34.000Z</time>
        <extensions>
          <ns3:TrackPointExtension>
            <ns3:hr>121</ns3:hr>
            <ns3:cad>93</ns3:cad>
          </ns3:TrackPointExtension>
        </extensions>
      </trkpt>
      <trkpt lat="30.7532803528010845184326171875" lon="108.4457262419164180755615234375">
        <ele>421.20001220703125</ele>
        <time>2026-06-16T13:39:35.000Z</time>
        <extensions>
          <ns3:TrackPointExtension>
            <ns3:hr>121</ns3:hr>
            <ns3:cad>93</ns3:cad>
          </ns3:TrackPointExtension>
        </extensions>
      </trkpt>
      <trkpt lat="30.7532800175249576568603515625" lon="108.44570486806333065032958984375">
        <ele>421.20001220703125</ele>
        <time>2026-06-16T13:39:36.000Z</time>
        <extensions>
          <ns3:TrackPointExtension>
            <ns3:hr>120</ns3:hr>
            <ns3:cad>93</ns3:cad>
          </ns3:TrackPointExtension>
        </extensions>
      </trkpt>
      <trkpt lat="30.75328119099140167236328125" lon="108.4456756152212619781494140625">
        <ele>421.20001220703125</ele>
        <time>2026-06-16T13:39:37.000Z</time>
        <extensions>
          <ns3:TrackPointExtension>
            <ns3:hr>120</ns3:hr>
            <ns3:cad>93</ns3:cad>
          </ns3:TrackPointExtension>
        </extensions>
      </trkpt>
      <trkpt lat="30.75328144244849681854248046875" lon="108.4456534869968891143798828125">
        <ele>421.20001220703125</ele>
        <time>2026-06-16T13:39:38.000Z</time>
        <extensions>
          <ns3:TrackPointExtension>
            <ns3:hr>120</ns3:hr>
            <ns3:cad>92</ns3:cad>
          </ns3:TrackPointExtension>
        </extensions>
      </trkpt>
      <trkpt lat="30.75328244827687740325927734375" lon="108.4456266649067401885986328125">
        <ele>421.20001220703125</ele>
        <time>2026-06-16T13:39:39.000Z</time>
        <extensions>
          <ns3:TrackPointExtension>
            <ns3:hr>121</ns3:hr>
            <ns3:cad>92</ns3:cad>
          </ns3:TrackPointExtension>
        </extensions>
      </trkpt>
      <trkpt lat="30.753277838230133056640625" lon="108.4456095658242702484130859375">
        <ele>421.20001220703125</ele>
        <time>2026-06-16T13:39:40.000Z</time>
        <extensions>
          <ns3:TrackPointExtension>
            <ns3:hr>120</ns3:hr>
            <ns3:cad>92</ns3:cad>
          </ns3:TrackPointExtension>
        </extensions>
      </trkpt>
      <trkpt lat="30.75327775441110134124755859375" lon="108.44558022916316986083984375">
        <ele>421.20001220703125</ele>
        <time>2026-06-16T13:39:41.000Z</time>
        <extensions>
          <ns3:TrackPointExtension>
            <ns3:hr>120</ns3:hr>
            <ns3:cad>92</ns3:cad>
          </ns3:TrackPointExtension>
        </extensions>
      </trkpt>
      <trkpt lat="30.75327004306018352508544921875" lon="108.4455612860620021820068359375">
        <ele>421.20001220703125</ele>
        <time>2026-06-16T13:39:42.000Z</time>
        <extensions>
          <ns3:TrackPointExtension>
            <ns3:hr>121</ns3:hr>
            <ns3:cad>94</ns3:cad>
          </ns3:TrackPointExtension>
        </extensions>
      </trkpt>
      <trkpt lat="30.7532756589353084564208984375" lon="108.4455339610576629638671875">
        <ele>421.20001220703125</ele>
        <time>2026-06-16T13:39:43.000Z</time>
        <extensions>
          <ns3:TrackPointExtension>
            <ns3:hr>120</ns3:hr>
            <ns3:cad>94</ns3:cad>
          </ns3:TrackPointExtension>
        </extensions>
      </trkpt>
      <trkpt lat="30.75327507220208644866943359375" lon="108.445516526699066162109375">
        <ele>421.20001220703125</ele>
        <time>2026-06-16T13:39:44.000Z</time>
        <extensions>
          <ns3:TrackPointExtension>
            <ns3:hr>120</ns3:hr>
            <ns3:cad>94</ns3:cad>
          </ns3:TrackPointExtension>
        </extensions>
      </trkpt>
      <trkpt lat="30.753279514610767364501953125" lon="108.44549029134213924407958984375">
        <ele>421.20001220703125</ele>
        <time>2026-06-16T13:39:45.000Z</time>
        <extensions>
          <ns3:TrackPointExtension>
            <ns3:hr>121</ns3:hr>
            <ns3:cad>93</ns3:cad>
          </ns3:TrackPointExtension>
        </extensions>
      </trkpt>
      <trkpt lat="30.75327607803046703338623046875" lon="108.44546623528003692626953125">
        <ele>421.20001220703125</ele>
        <time>2026-06-16T13:39:46.000Z</time>
        <extensions>
          <ns3:TrackPointExtension>
            <ns3:hr>120</ns3:hr>
            <ns3:cad>93</ns3:cad>
          </ns3:TrackPointExtension>
        </extensions>
      </trkpt>
      <trkpt lat="30.7532729767262935638427734375" lon="108.4454405866563320159912109375">
        <ele>421.20001220703125</ele>
        <time>2026-06-16T13:39:47.000Z</time>
        <extensions>
          <ns3:TrackPointExtension>
            <ns3:hr>120</ns3:hr>
            <ns3:cad>93</ns3:cad>
          </ns3:TrackPointExtension>
        </extensions>
      </trkpt>
      <trkpt lat="30.75326501391828060150146484375" lon="108.44541887752711772918701171875">
        <ele>421.20001220703125</ele>
        <time>2026-06-16T13:39:48.000Z</time>
        <extensions>
          <ns3:TrackPointExtension>
            <ns3:hr>121</ns3:hr>
            <ns3:cad>93</ns3:cad>
          </ns3:TrackPointExtension>
        </extensions>
      </trkpt>
      <trkpt lat="30.75325814075767993927001953125" lon="108.44539649784564971923828125">
        <ele>421.20001220703125</ele>
        <time>2026-06-16T13:39:49.000Z</time>
        <extensions>
          <ns3:TrackPointExtension>
            <ns3:hr>121</ns3:hr>
            <ns3:cad>93</ns3:cad>
          </ns3:TrackPointExtension>
        </extensions>
      </trkpt>
      <trkpt lat="30.75324632227420806884765625" lon="108.44537361524999141693115234375">
        <ele>421.20001220703125</ele>
        <time>2026-06-16T13:39:50.000Z</time>
        <extensions>
          <ns3:TrackPointExtension>
            <ns3:hr>121</ns3:hr>
            <ns3:cad>93</ns3:cad>
          </ns3:TrackPointExtension>
        </extensions>
      </trkpt>
      <trkpt lat="30.75323760509490966796875" lon="108.44535416923463344573974609375">
        <ele>421.20001220703125</ele>
        <time>2026-06-16T13:39:51.000Z</time>
        <extensions>
          <ns3:TrackPointExtension>
            <ns3:hr>120</ns3:hr>
            <ns3:cad>93</ns3:cad>
          </ns3:TrackPointExtension>
        </extensions>
      </trkpt>
      <trkpt lat="30.75322528369724750518798828125" lon="108.445328772068023681640625">
        <ele>421.20001220703125</ele>
        <time>2026-06-16T13:39:52.000Z</time>
        <extensions>
          <ns3:TrackPointExtension>
            <ns3:hr>120</ns3:hr>
            <ns3:cad>91</ns3:cad>
          </ns3:TrackPointExtension>
        </extensions>
      </trkpt>
      <trkpt lat="30.75321421958506107330322265625" lon="108.44531594775617122650146484375">
        <ele>421.20001220703125</ele>
        <time>2026-06-16T13:39:53.000Z</time>
        <extensions>
          <ns3:TrackPointExtension>
            <ns3:hr>120</ns3:hr>
            <ns3:cad>91</ns3:cad>
          </ns3:TrackPointExtension>
        </extensions>
      </trkpt>
      <trkpt lat="30.7532029040157794952392578125" lon="108.44529180787503719329833984375">
        <ele>421.20001220703125</ele>
        <time>2026-06-16T13:39:54.000Z</time>
        <extensions>
          <ns3:TrackPointExtension>
            <ns3:hr>121</ns3:hr>
            <ns3:cad>92</ns3:cad>
          </ns3:TrackPointExtension>
        </extensions>
      </trkpt>
      <trkpt lat="30.75319292955100536346435546875" lon="108.44527957029640674591064453125">
        <ele>421.20001220703125</ele>
        <time>2026-06-16T13:39:55.000Z</time>
        <extensions>
          <ns3:TrackPointExtension>
            <ns3:hr>120</ns3:hr>
            <ns3:cad>93</ns3:cad>
          </ns3:TrackPointExtension>
        </extensions>
      </trkpt>
      <trkpt lat="30.75318002142012119293212890625" lon="108.4452571906149387359619140625">
        <ele>421.20001220703125</ele>
        <time>2026-06-16T13:39:56.000Z</time>
        <extensions>
          <ns3:TrackPointExtension>
            <ns3:hr>120</ns3:hr>
            <ns3:cad>93</ns3:cad>
          </ns3:TrackPointExtension>
        </extensions>
      </trkpt>
      <trkpt lat="30.7531703822314739227294921875" lon="108.4452390857040882110595703125">
        <ele>421.20001220703125</ele>
        <time>2026-06-16T13:39:57.000Z</time>
        <extensions>
          <ns3:TrackPointExtension>
            <ns3:hr>121</ns3:hr>
            <ns3:cad>94</ns3:cad>
          </ns3:TrackPointExtension>
        </extensions>
      </trkpt>
      <trkpt lat="30.75316560454666614532470703125" lon="108.44521234743297100067138671875">
        <ele>421.20001220703125</ele>
        <time>2026-06-16T13:39:58.000Z</time>
        <extensions>
          <ns3:TrackPointExtension>
            <ns3:hr>121</ns3:hr>
            <ns3:cad>93</ns3:cad>
          </ns3:TrackPointExtension>
        </extensions>
      </trkpt>
      <trkpt lat="30.7531599886715412139892578125" lon="108.44519088976085186004638671875">
        <ele>421.20001220703125</ele>
        <time>2026-06-16T13:39:59.000Z</time>
        <extensions>
          <ns3:TrackPointExtension>
            <ns3:hr>123</ns3:hr>
            <ns3:cad>93</ns3:cad>
          </ns3:TrackPointExtension>
        </extensions>
      </trkpt>
      <trkpt lat="30.753162167966365814208984375" lon="108.44516851007938385009765625">
        <ele>421.20001220703125</ele>
        <time>2026-06-16T13:40:00.000Z</time>
        <extensions>
          <ns3:TrackPointExtension>
            <ns3:hr>124</ns3:hr>
            <ns3:cad>93</ns3:cad>
          </ns3:TrackPointExtension>
        </extensions>
      </trkpt>
      <trkpt lat="30.753159485757350921630859375" lon="108.44514696858823299407958984375">
        <ele>421.20001220703125</ele>
        <time>2026-06-16T13:40:01.000Z</time>
        <extensions>
          <ns3:TrackPointExtension>
            <ns3:hr>125</ns3:hr>
            <ns3:cad>91</ns3:cad>
          </ns3:TrackPointExtension>
        </extensions>
      </trkpt>
      <trkpt lat="30.75315671972930431365966796875" lon="108.44512718729674816131591796875">
        <ele>421.20001220703125</ele>
        <time>2026-06-16T13:40:02.000Z</time>
        <extensions>
          <ns3:TrackPointExtension>
            <ns3:hr>125</ns3:hr>
            <ns3:cad>91</ns3:cad>
          </ns3:TrackPointExtension>
        </extensions>
      </trkpt>
      <trkpt lat="30.7531432248651981353759765625" lon="108.4451101720333099365234375">
        <ele>421.20001220703125</ele>
        <time>2026-06-16T13:40:03.000Z</time>
        <extensions>
          <ns3:TrackPointExtension>
            <ns3:hr>125</ns3:hr>
            <ns3:cad>91</ns3:cad>
          </ns3:TrackPointExtension>
        </extensions>
      </trkpt>
      <trkpt lat="30.75312570668756961822509765625" lon="108.44510338269174098968505859375">
        <ele>421.20001220703125</ele>
        <time>2026-06-16T13:40:04.000Z</time>
        <extensions>
          <ns3:TrackPointExtension>
            <ns3:hr>126</ns3:hr>
            <ns3:cad>94</ns3:cad>
          </ns3:TrackPointExtension>
        </extensions>
      </trkpt>
      <trkpt lat="30.753104500472545623779296875" lon="108.44510002993047237396240234375">
        <ele>421.20001220703125</ele>
        <time>2026-06-16T13:40:05.000Z</time>
        <extensions>
          <ns3:TrackPointExtension>
            <ns3:hr>125</ns3:hr>
            <ns3:cad>94</ns3:cad>
          </ns3:TrackPointExtension>
        </extensions>
      </trkpt>
      <trkpt lat="30.7530855573713779449462890625" lon="108.4451002813875675201416015625">
        <ele>421.20001220703125</ele>
        <time>2026-06-16T13:40:06.000Z</time>
        <extensions>
          <ns3:TrackPointExtension>
            <ns3:hr>125</ns3:hr>
            <ns3:cad>93</ns3:cad>
          </ns3:TrackPointExtension>
        </extensions>
      </trkpt>
      <trkpt lat="30.7530617527663707733154296875" lon="108.44510002993047237396240234375">
        <ele>421.20001220703125</ele>
        <time>2026-06-16T13:40:07.000Z</time>
        <extensions>
          <ns3:TrackPointExtension>
            <ns3:hr>125</ns3:hr>
            <ns3:cad>92</ns3:cad>
          </ns3:TrackPointExtension>
        </extensions>
      </trkpt>
      <trkpt lat="30.7530470006167888641357421875" lon="108.44510614871978759765625">
        <ele>421</ele>
        <time>2026-06-16T13:40:08.000Z</time>
        <extensions>
          <ns3:TrackPointExtension>
            <ns3:hr>124</ns3:hr>
            <ns3:cad>92</ns3:cad>
          </ns3:TrackPointExtension>
        </extensions>
      </trkpt>
      <trkpt lat="30.75302395038306713104248046875" lon="108.44510120339691638946533203125">
        <ele>421</ele>
        <time>2026-06-16T13:40:09.000Z</time>
        <extensions>
          <ns3:TrackPointExtension>
            <ns3:hr>124</ns3:hr>
            <ns3:cad>93</ns3:cad>
          </ns3:TrackPointExtension>
        </extensions>
      </trkpt>
      <trkpt lat="30.75300651602447032928466796875" lon="108.44510908238589763641357421875">
        <ele>421</ele>
        <time>2026-06-16T13:40:10.000Z</time>
        <extensions>
          <ns3:TrackPointExtension>
            <ns3:hr>123</ns3:hr>
            <ns3:cad>93</ns3:cad>
          </ns3:TrackPointExtension>
        </extensions>
      </trkpt>
      <trkpt lat="30.7529829628765583038330078125" lon="108.44510505907237529754638671875">
        <ele>421</ele>
        <time>2026-06-16T13:40:11.000Z</time>
        <extensions>
          <ns3:TrackPointExtension>
            <ns3:hr>122</ns3:hr>
            <ns3:cad>92</ns3:cad>
          </ns3:TrackPointExtension>
        </extensions>
      </trkpt>
      <trkpt lat="30.75296343304216861724853515625" lon="108.44511218369007110595703125">
        <ele>421.20001220703125</ele>
        <time>2026-06-16T13:40:12.000Z</time>
        <extensions>
          <ns3:TrackPointExtension>
            <ns3:hr>121</ns3:hr>
            <ns3:cad>92</ns3:cad>
          </ns3:TrackPointExtension>
        </extensions>
      </trkpt>
      <trkpt lat="30.75294231064617633819580078125" lon="108.4451155364513397216796875">
        <ele>421.20001220703125</ele>
        <time>2026-06-16T13:40:13.000Z</time>
        <extensions>
          <ns3:TrackPointExtension>
            <ns3:hr>121</ns3:hr>
            <ns3:cad>92</ns3:cad>
          </ns3:TrackPointExtension>
        </extensions>
      </trkpt>
      <trkpt lat="30.752922110259532928466796875" lon="108.44511880539357662200927734375">
        <ele>421.20001220703125</ele>
        <time>2026-06-16T13:40:14.000Z</time>
        <extensions>
          <ns3:TrackPointExtension>
            <ns3:hr>120</ns3:hr>
            <ns3:cad>92</ns3:cad>
          </ns3:TrackPointExtension>
        </extensions>
      </trkpt>
      <trkpt lat="30.7529045082628726959228515625" lon="108.44511754810810089111328125">
        <ele>421.20001220703125</ele>
        <time>2026-06-16T13:40:15.000Z</time>
        <extensions>
          <ns3:TrackPointExtension>
            <ns3:hr>120</ns3:hr>
            <ns3:cad>92</ns3:cad>
          </ns3:TrackPointExtension>
        </extensions>
      </trkpt>
      <trkpt lat="30.75288179330527782440185546875" lon="108.44511754810810089111328125">
        <ele>421.20001220703125</ele>
        <time>2026-06-16T13:40:16.000Z</time>
        <extensions>
          <ns3:TrackPointExtension>
            <ns3:hr>120</ns3:hr>
            <ns3:cad>92</ns3:cad>
          </ns3:TrackPointExtension>
        </extensions>
      </trkpt>
      <trkpt lat="30.75286519713699817657470703125" lon="108.44511914066970348358154296875">
        <ele>421.20001220703125</ele>
        <time>2026-06-16T13:40:17.000Z</time>
        <extensions>
          <ns3:TrackPointExtension>
            <ns3:hr>121</ns3:hr>
            <ns3:cad>92</ns3:cad>
          </ns3:TrackPointExtension>
        </extensions>
      </trkpt>
      <trkpt lat="30.75284223072230815887451171875" lon="108.4451190568506717681884765625">
        <ele>421.20001220703125</ele>
        <time>2026-06-16T13:40:18.000Z</time>
        <extensions>
          <ns3:TrackPointExtension>
            <ns3:hr>120</ns3:hr>
            <ns3:cad>92</ns3:cad>
          </ns3:TrackPointExtension>
        </extensions>
      </trkpt>
      <trkpt lat="30.7528273947536945343017578125" lon="108.44512400217354297637939453125">
        <ele>421.20001220703125</ele>
        <time>2026-06-16T13:40:19.000Z</time>
        <extensions>
          <ns3:TrackPointExtension>
            <ns3:hr>121</ns3:hr>
            <ns3:cad>93</ns3:cad>
          </ns3:TrackPointExtension>
        </extensions>
      </trkpt>
      <trkpt lat="30.752805769443511962890625" lon="108.44511830247938632965087890625">
        <ele>421</ele>
        <time>2026-06-16T13:40:20.000Z</time>
        <extensions>
          <ns3:TrackPointExtension>
            <ns3:hr>121</ns3:hr>
            <ns3:cad>93</ns3:cad>
          </ns3:TrackPointExtension>
        </extensions>
      </trkpt>
      <trkpt lat="30.7527891732752323150634765625" lon="108.44512484036386013031005859375">
        <ele>421</ele>
        <time>2026-06-16T13:40:21.000Z</time>
        <extensions>
          <ns3:TrackPointExtension>
            <ns3:hr>121</ns3:hr>
            <ns3:cad>93</ns3:cad>
          </ns3:TrackPointExtension>
        </extensions>
      </trkpt>
      <trkpt lat="30.752767212688922882080078125" lon="108.4451187215745449066162109375">
        <ele>421</ele>
        <time>2026-06-16T13:40:22.000Z</time>
        <extensions>
          <ns3:TrackPointExtension>
            <ns3:hr>121</ns3:hr>
            <ns3:cad>93</ns3:cad>
          </ns3:TrackPointExtension>
        </extensions>
      </trkpt>
      <trkpt lat="30.7527489401400089263916015625" lon="108.44512098468840122222900390625">
        <ele>421</ele>
        <time>2026-06-16T13:40:23.000Z</time>
        <extensions>
          <ns3:TrackPointExtension>
            <ns3:hr>122</ns3:hr>
            <ns3:cad>92</ns3:cad>
          </ns3:TrackPointExtension>
        </extensions>
      </trkpt>
      <trkpt lat="30.75272597372531890869140625" lon="108.44511360861361026763916015625">
        <ele>421</ele>
        <time>2026-06-16T13:40:24.000Z</time>
        <extensions>
          <ns3:TrackPointExtension>
            <ns3:hr>123</ns3:hr>
            <ns3:cad>92</ns3:cad>
          </ns3:TrackPointExtension>
        </extensions>
      </trkpt>
      <trkpt lat="30.75270795263350009918212890625" lon="108.445118553936481475830078125">
        <ele>421</ele>
        <time>2026-06-16T13:40:25.000Z</time>
        <extensions>
          <ns3:TrackPointExtension>
            <ns3:hr>123</ns3:hr>
            <ns3:cad>92</ns3:cad>
          </ns3:TrackPointExtension>
        </extensions>
      </trkpt>
      <trkpt lat="30.752687416970729827880859375" lon="108.44511511735618114471435546875">
        <ele>421</ele>
        <time>2026-06-16T13:40:26.000Z</time>
        <extensions>
          <ns3:TrackPointExtension>
            <ns3:hr>123</ns3:hr>
            <ns3:cad>93</ns3:cad>
          </ns3:TrackPointExtension>
        </extensions>
      </trkpt>
      <trkpt lat="30.75266570784151554107666015625" lon="108.445115871727466583251953125">
        <ele>421</ele>
        <time>2026-06-16T13:40:27.000Z</time>
        <extensions>
          <ns3:TrackPointExtension>
            <ns3:hr>124</ns3:hr>
            <ns3:cad>93</ns3:cad>
          </ns3:TrackPointExtension>
        </extensions>
      </trkpt>
      <trkpt lat="30.75264751911163330078125" lon="108.44511209987103939056396484375">
        <ele>421</ele>
        <time>2026-06-16T13:40:28.000Z</time>
        <extensions>
          <ns3:TrackPointExtension>
            <ns3:hr>123</ns3:hr>
            <ns3:cad>93</ns3:cad>
          </ns3:TrackPointExtension>
        </extensions>
      </trkpt>
      <trkpt lat="30.75262547470629215240478515625" lon="108.44511159695684909820556640625">
        <ele>421</ele>
        <time>2026-06-16T13:40:29.000Z</time>
        <extensions>
          <ns3:TrackPointExtension>
            <ns3:hr>123</ns3:hr>
            <ns3:cad>93</ns3:cad>
          </ns3:TrackPointExtension>
        </extensions>
      </trkpt>
      <trkpt lat="30.752609632909297943115234375" lon="108.44510941766202449798583984375">
        <ele>421</ele>
        <time>2026-06-16T13:40:30.000Z</time>
        <extensions>
          <ns3:TrackPointExtension>
            <ns3:hr>123</ns3:hr>
            <ns3:cad>93</ns3:cad>
          </ns3:TrackPointExtension>
        </extensions>
      </trkpt>
      <trkpt lat="30.752587504684925079345703125" lon="108.4451059810817241668701171875">
        <ele>421</ele>
        <time>2026-06-16T13:40:31.000Z</time>
        <extensions>
          <ns3:TrackPointExtension>
            <ns3:hr>123</ns3:hr>
            <ns3:cad>93</ns3:cad>
          </ns3:TrackPointExtension>
        </extensions>
      </trkpt>
      <trkpt lat="30.75257099233567714691162109375" lon="108.44510807655751705169677734375">
        <ele>421</ele>
        <time>2026-06-16T13:40:32.000Z</time>
        <extensions>
          <ns3:TrackPointExtension>
            <ns3:hr>123</ns3:hr>
            <ns3:cad>93</ns3:cad>
          </ns3:TrackPointExtension>
        </extensions>
      </trkpt>
      <trkpt lat="30.75255020521581172943115234375" lon="108.44510187394917011260986328125">
        <ele>421</ele>
        <time>2026-06-16T13:40:33.000Z</time>
        <extensions>
          <ns3:TrackPointExtension>
            <ns3:hr>124</ns3:hr>
            <ns3:cad>93</ns3:cad>
          </ns3:TrackPointExtension>
        </extensions>
      </trkpt>
      <trkpt lat="30.75253151357173919677734375" lon="108.44510338269174098968505859375">
        <ele>421</ele>
        <time>2026-06-16T13:40:34.000Z</time>
        <extensions>
          <ns3:TrackPointExtension>
            <ns3:hr>125</ns3:hr>
            <ns3:cad>92</ns3:cad>
          </ns3:TrackPointExtension>
        </extensions>
      </trkpt>
      <trkpt lat="30.75251081027090549468994140625" lon="108.4450945816934108734130859375">
        <ele>421</ele>
        <time>2026-06-16T13:40:35.000Z</time>
        <extensions>
          <ns3:TrackPointExtension>
            <ns3:hr>125</ns3:hr>
            <ns3:cad>92</ns3:cad>
          </ns3:TrackPointExtension>
        </extensions>
      </trkpt>
      <trkpt lat="30.752496309578418731689453125" lon="108.44509718008339405059814453125">
        <ele>421</ele>
        <time>2026-06-16T13:40:36.000Z</time>
        <extensions>
          <ns3:TrackPointExtension>
            <ns3:hr>126</ns3:hr>
            <ns3:cad>92</ns3:cad>
          </ns3:TrackPointExtension>
        </extensions>
      </trkpt>
      <trkpt lat="30.75247384607791900634765625" lon="108.44509013928472995758056640625">
        <ele>421</ele>
        <time>2026-06-16T13:40:37.000Z</time>
        <extensions>
          <ns3:TrackPointExtension>
            <ns3:hr>127</ns3:hr>
            <ns3:cad>94</ns3:cad>
          </ns3:TrackPointExtension>
        </extensions>
      </trkpt>
      <trkpt lat="30.75245448388159275054931640625" lon="108.445093072950839996337890625">
        <ele>421</ele>
        <time>2026-06-16T13:40:38.000Z</time>
        <extensions>
          <ns3:TrackPointExtension>
            <ns3:hr>128</ns3:hr>
            <ns3:cad>94</ns3:cad>
          </ns3:TrackPointExtension>
        </extensions>
      </trkpt>
      <trkpt lat="30.75243302620947360992431640625" lon="108.44508661888539791107177734375">
        <ele>421</ele>
        <time>2026-06-16T13:40:39.000Z</time>
        <extensions>
          <ns3:TrackPointExtension>
            <ns3:hr>129</ns3:hr>
            <ns3:cad>93</ns3:cad>
          </ns3:TrackPointExtension>
        </extensions>
      </trkpt>
      <trkpt lat="30.75241659767925739288330078125" lon="108.44509072601795196533203125">
        <ele>421.20001220703125</ele>
        <time>2026-06-16T13:40:40.000Z</time>
        <extensions>
          <ns3:TrackPointExtension>
            <ns3:hr>129</ns3:hr>
            <ns3:cad>93</ns3:cad>
          </ns3:TrackPointExtension>
        </extensions>
      </trkpt>
      <trkpt lat="30.7523962296545505523681640625" lon="108.44508527778089046478271484375">
        <ele>421.20001220703125</ele>
        <time>2026-06-16T13:40:41.000Z</time>
        <extensions>
          <ns3:TrackPointExtension>
            <ns3:hr>129</ns3:hr>
            <ns3:cad>93</ns3:cad>
          </ns3:TrackPointExtension>
        </extensions>
      </trkpt>
      <trkpt lat="30.75237452052533626556396484375" lon="108.44508846290409564971923828125">
        <ele>421.20001220703125</ele>
        <time>2026-06-16T13:40:42.000Z</time>
        <extensions>
          <ns3:TrackPointExtension>
            <ns3:hr>129</ns3:hr>
            <ns3:cad>93</ns3:cad>
          </ns3:TrackPointExtension>
        </extensions>
      </trkpt>
      <trkpt lat="30.752354823052883148193359375" lon="108.44509047456085681915283203125">
        <ele>421.20001220703125</ele>
        <time>2026-06-16T13:40:43.000Z</time>
        <extensions>
          <ns3:TrackPointExtension>
            <ns3:hr>129</ns3:hr>
            <ns3:cad>93</ns3:cad>
          </ns3:TrackPointExtension>
        </extensions>
      </trkpt>
      <trkpt lat="30.752332024276256561279296875" lon="108.44510036520659923553466796875">
        <ele>421.20001220703125</ele>
        <time>2026-06-16T13:40:44.000Z</time>
        <extensions>
          <ns3:TrackPointExtension>
            <ns3:hr>129</ns3:hr>
            <ns3:cad>93</ns3:cad>
          </ns3:TrackPointExtension>
        </extensions>
      </trkpt>
      <trkpt lat="30.75231635011732578277587890625" lon="108.44510656781494617462158203125">
        <ele>421.20001220703125</ele>
        <time>2026-06-16T13:40:45.000Z</time>
        <extensions>
          <ns3:TrackPointExtension>
            <ns3:hr>129</ns3:hr>
            <ns3:cad>92</ns3:cad>
          </ns3:TrackPointExtension>
        </extensions>
      </trkpt>
      <trkpt lat="30.75229003094136714935302734375" lon="108.4451133571565151214599609375">
        <ele>421.20001220703125</ele>
        <time>2026-06-16T13:40:46.000Z</time>
        <extensions>
          <ns3:TrackPointExtension>
            <ns3:hr>128</ns3:hr>
            <ns3:cad>92</ns3:cad>
          </ns3:TrackPointExtension>
        </extensions>
      </trkpt>
      <trkpt lat="30.75227377004921436309814453125" lon="108.44512249343097209930419921875">
        <ele>421.20001220703125</ele>
        <time>2026-06-16T13:40:47.000Z</time>
        <extensions>
          <ns3:TrackPointExtension>
            <ns3:hr>128</ns3:hr>
            <ns3:cad>93</ns3:cad>
          </ns3:TrackPointExtension>
        </extensions>
      </trkpt>
      <trkpt lat="30.75224988162517547607421875" lon="108.445124924182891845703125">
        <ele>421.20001220703125</ele>
        <time>2026-06-16T13:40:48.000Z</time>
        <extensions>
          <ns3:TrackPointExtension>
            <ns3:hr>128</ns3:hr>
            <ns3:cad>93</ns3:cad>
          </ns3:TrackPointExtension>
        </extensions>
      </trkpt>
      <trkpt lat="30.75223068706691265106201171875" lon="108.44513020478188991546630859375">
        <ele>421.20001220703125</ele>
        <time>2026-06-16T13:40:49.000Z</time>
        <extensions>
          <ns3:TrackPointExtension>
            <ns3:hr>128</ns3:hr>
            <ns3:cad>93</ns3:cad>
          </ns3:TrackPointExtension>
        </extensions>
      </trkpt>
      <trkpt lat="30.75220738537609577178955078125" lon="108.4451203979551792144775390625">
        <ele>421.20001220703125</ele>
        <time>2026-06-16T13:40:50.000Z</time>
        <extensions>
          <ns3:TrackPointExtension>
            <ns3:hr>128</ns3:hr>
            <ns3:cad>93</ns3:cad>
          </ns3:TrackPointExtension>
        </extensions>
      </trkpt>
      <trkpt lat="30.75218911282718181610107421875" lon="108.445120565593242645263671875">
        <ele>421.20001220703125</ele>
        <time>2026-06-16T13:40:51.000Z</time>
        <extensions>
          <ns3:TrackPointExtension>
            <ns3:hr>128</ns3:hr>
            <ns3:cad>93</ns3:cad>
          </ns3:TrackPointExtension>
        </extensions>
      </trkpt>
      <trkpt lat="30.75216648168861865997314453125" lon="108.44511209987103939056396484375">
        <ele>421.20001220703125</ele>
        <time>2026-06-16T13:40:52.000Z</time>
        <extensions>
          <ns3:TrackPointExtension>
            <ns3:hr>127</ns3:hr>
            <ns3:cad>93</ns3:cad>
          </ns3:TrackPointExtension>
        </extensions>
      </trkpt>
      <trkpt lat="30.75214938260614871978759765625" lon="108.4451116807758808135986328125">
        <ele>421.20001220703125</ele>
        <time>2026-06-16T13:40:53.000Z</time>
        <extensions>
          <ns3:TrackPointExtension>
            <ns3:hr>127</ns3:hr>
            <ns3:cad>93</ns3:cad>
          </ns3:TrackPointExtension>
        </extensions>
      </trkpt>
      <trkpt lat="30.75212675146758556365966796875" lon="108.44510681927204132080078125">
        <ele>421.20001220703125</ele>
        <time>2026-06-16T13:40:54.000Z</time>
        <extensions>
          <ns3:TrackPointExtension>
            <ns3:hr>126</ns3:hr>
            <ns3:cad>93</ns3:cad>
          </ns3:TrackPointExtension>
        </extensions>
      </trkpt>
      <trkpt lat="30.7521082274615764617919921875" lon="108.44511075876653194427490234375">
        <ele>421.20001220703125</ele>
        <time>2026-06-16T13:40:55.000Z</time>
        <extensions>
          <ns3:TrackPointExtension>
            <ns3:hr>126</ns3:hr>
            <ns3:cad>93</ns3:cad>
          </ns3:TrackPointExtension>
        </extensions>
      </trkpt>
      <trkpt lat="30.75208852998912334442138671875" lon="108.445107825100421905517578125">
        <ele>421.20001220703125</ele>
        <time>2026-06-16T13:40:56.000Z</time>
        <extensions>
          <ns3:TrackPointExtension>
            <ns3:hr>125</ns3:hr>
            <ns3:cad>92</ns3:cad>
          </ns3:TrackPointExtension>
        </extensions>
      </trkpt>
      <trkpt lat="30.75206615030765533447265625" lon="108.4451130218803882598876953125">
        <ele>421.20001220703125</ele>
        <time>2026-06-16T13:40:57.000Z</time>
        <extensions>
          <ns3:TrackPointExtension>
            <ns3:hr>125</ns3:hr>
            <ns3:cad>91</ns3:cad>
          </ns3:TrackPointExtension>
        </extensions>
      </trkpt>
      <trkpt lat="30.7520485483109951019287109375" lon="108.44511612318456172943115234375">
        <ele>421.20001220703125</ele>
        <time>2026-06-16T13:40:58.000Z</time>
        <extensions>
          <ns3:TrackPointExtension>
            <ns3:hr>125</ns3:hr>
            <ns3:cad>91</ns3:cad>
          </ns3:TrackPointExtension>
        </extensions>
      </trkpt>
      <trkpt lat="30.752025581896305084228515625" lon="108.44511888921260833740234375">
        <ele>421</ele>
        <time>2026-06-16T13:40:59.000Z</time>
        <extensions>
          <ns3:TrackPointExtension>
            <ns3:hr>125</ns3:hr>
            <ns3:cad>92</ns3:cad>
          </ns3:TrackPointExtension>
        </extensions>
      </trkpt>
      <trkpt lat="30.752010159194469451904296875" lon="108.44512291252613067626953125">
        <ele>421</ele>
        <time>2026-06-16T13:41:00.000Z</time>
        <extensions>
          <ns3:TrackPointExtension>
            <ns3:hr>125</ns3:hr>
            <ns3:cad>93</ns3:cad>
          </ns3:TrackPointExtension>
        </extensions>
      </trkpt>
      <trkpt lat="30.75198568403720855712890625" lon="108.44512802548706531524658203125">
        <ele>421</ele>
        <time>2026-06-16T13:41:01.000Z</time>
        <extensions>
          <ns3:TrackPointExtension>
            <ns3:hr>125</ns3:hr>
            <ns3:cad>94</ns3:cad>
          </ns3:TrackPointExtension>
        </extensions>
      </trkpt>
      <trkpt lat="30.751970596611499786376953125" lon="108.44513506628572940826416015625">
        <ele>421</ele>
        <time>2026-06-16T13:41:02.000Z</time>
        <extensions>
          <ns3:TrackPointExtension>
            <ns3:hr>125</ns3:hr>
            <ns3:cad>94</ns3:cad>
          </ns3:TrackPointExtension>
        </extensions>
      </trkpt>
      <trkpt lat="30.7519493065774440765380859375" lon="108.44513724558055400848388671875">
        <ele>421</ele>
        <time>2026-06-16T13:41:03.000Z</time>
        <extensions>
          <ns3:TrackPointExtension>
            <ns3:hr>125</ns3:hr>
            <ns3:cad>94</ns3:cad>
          </ns3:TrackPointExtension>
        </extensions>
      </trkpt>
      <trkpt lat="30.751933045685291290283203125" lon="108.44514529220759868621826171875">
        <ele>421</ele>
        <time>2026-06-16T13:41:04.000Z</time>
        <extensions>
          <ns3:TrackPointExtension>
            <ns3:hr>125</ns3:hr>
            <ns3:cad>93</ns3:cad>
          </ns3:TrackPointExtension>
        </extensions>
      </trkpt>
      <trkpt lat="30.7519117556512355804443359375" lon="108.445152752101421356201171875">
        <ele>421.20001220703125</ele>
        <time>2026-06-16T13:41:05.000Z</time>
        <extensions>
          <ns3:TrackPointExtension>
            <ns3:hr>125</ns3:hr>
            <ns3:cad>93</ns3:cad>
          </ns3:TrackPointExtension>
        </extensions>
      </trkpt>
      <trkpt lat="30.75189985334873199462890625" lon="108.44516314566135406494140625">
        <ele>421.20001220703125</ele>
        <time>2026-06-16T13:41:06.000Z</time>
        <extensions>
          <ns3:TrackPointExtension>
            <ns3:hr>125</ns3:hr>
            <ns3:cad>92</ns3:cad>
          </ns3:TrackPointExtension>
        </extensions>
      </trkpt>
      <trkpt lat="30.75187697075307369232177734375" lon="108.44517278485000133514404296875">
        <ele>421.20001220703125</ele>
        <time>2026-06-16T13:41:07.000Z</time>
        <extensions>
          <ns3:TrackPointExtension>
            <ns3:hr>125</ns3:hr>
            <ns3:cad>92</ns3:cad>
          </ns3:TrackPointExtension>
        </extensions>
      </trkpt>
      <trkpt lat="30.7518621347844600677490234375" lon="108.4451834298670291900634765625">
        <ele>421.20001220703125</ele>
        <time>2026-06-16T13:41:08.000Z</time>
        <extensions>
          <ns3:TrackPointExtension>
            <ns3:hr>125</ns3:hr>
            <ns3:cad>92</ns3:cad>
          </ns3:TrackPointExtension>
        </extensions>
      </trkpt>
      <trkpt lat="30.75183950364589691162109375" lon="108.44518938101828098297119140625">
        <ele>421.20001220703125</ele>
        <time>2026-06-16T13:41:09.000Z</time>
        <extensions>
          <ns3:TrackPointExtension>
            <ns3:hr>125</ns3:hr>
            <ns3:cad>92</ns3:cad>
          </ns3:TrackPointExtension>
        </extensions>
      </trkpt>
      <trkpt lat="30.751825757324695587158203125" lon="108.44520337879657745361328125">
        <ele>421.20001220703125</ele>
        <time>2026-06-16T13:41:10.000Z</time>
        <extensions>
          <ns3:TrackPointExtension>
            <ns3:hr>125</ns3:hr>
            <ns3:cad>92</ns3:cad>
          </ns3:TrackPointExtension>
        </extensions>
      </trkpt>
      <trkpt lat="30.7518044672906398773193359375" lon="108.445214442908763885498046875">
        <ele>421.20001220703125</ele>
        <time>2026-06-16T13:41:11.000Z</time>
        <extensions>
          <ns3:TrackPointExtension>
            <ns3:hr>125</ns3:hr>
            <ns3:cad>93</ns3:cad>
          </ns3:TrackPointExtension>
        </extensions>
      </trkpt>
      <trkpt lat="30.75179114006459712982177734375" lon="108.4452327154576778411865234375">
        <ele>421.20001220703125</ele>
        <time>2026-06-16T13:41:12.000Z</time>
        <extensions>
          <ns3:TrackPointExtension>
            <ns3:hr>125</ns3:hr>
            <ns3:cad>93</ns3:cad>
          </ns3:TrackPointExtension>
        </extensions>
      </trkpt>
      <trkpt lat="30.75177513062953948974609375" lon="108.44524939544498920440673828125">
        <ele>421.20001220703125</ele>
        <time>2026-06-16T13:41:13.000Z</time>
        <extensions>
          <ns3:TrackPointExtension>
            <ns3:hr>125</ns3:hr>
            <ns3:cad>93</ns3:cad>
          </ns3:TrackPointExtension>
        </extensions>
      </trkpt>
      <trkpt lat="30.7517612166702747344970703125" lon="108.4452719427645206451416015625">
        <ele>421.20001220703125</ele>
        <time>2026-06-16T13:41:14.000Z</time>
        <extensions>
          <ns3:TrackPointExtension>
            <ns3:hr>125</ns3:hr>
            <ns3:cad>93</ns3:cad>
          </ns3:TrackPointExtension>
        </extensions>
      </trkpt>
      <trkpt lat="30.7517461292445659637451171875" lon="108.44528795219957828521728515625">
        <ele>421.20001220703125</ele>
        <time>2026-06-16T13:41:15.000Z</time>
        <extensions>
          <ns3:TrackPointExtension>
            <ns3:hr>126</ns3:hr>
            <ns3:cad>93</ns3:cad>
          </ns3:TrackPointExtension>
        </extensions>
      </trkpt>
      <trkpt lat="30.75172777287662029266357421875" lon="108.4453111700713634490966796875">
        <ele>421.20001220703125</ele>
        <time>2026-06-16T13:41:16.000Z</time>
        <extensions>
          <ns3:TrackPointExtension>
            <ns3:hr>126</ns3:hr>
            <ns3:cad>93</ns3:cad>
          </ns3:TrackPointExtension>
        </extensions>
      </trkpt>
      <trkpt lat="30.7517139427363872528076171875" lon="108.445320390164852142333984375">
        <ele>421.20001220703125</ele>
        <time>2026-06-16T13:41:17.000Z</time>
        <extensions>
          <ns3:TrackPointExtension>
            <ns3:hr>126</ns3:hr>
            <ns3:cad>93</ns3:cad>
          </ns3:TrackPointExtension>
        </extensions>
      </trkpt>
      <trkpt lat="30.75169575400650501251220703125" lon="108.44534042291343212127685546875">
        <ele>421.20001220703125</ele>
        <time>2026-06-16T13:41:18.000Z</time>
        <extensions>
          <ns3:TrackPointExtension>
            <ns3:hr>126</ns3:hr>
            <ns3:cad>93</ns3:cad>
          </ns3:TrackPointExtension>
        </extensions>
      </trkpt>
      <trkpt lat="30.7516871206462383270263671875" lon="108.44536037184298038482666015625">
        <ele>421.20001220703125</ele>
        <time>2026-06-16T13:41:19.000Z</time>
        <extensions>
          <ns3:TrackPointExtension>
            <ns3:hr>125</ns3:hr>
            <ns3:cad>93</ns3:cad>
          </ns3:TrackPointExtension>
        </extensions>
      </trkpt>
      <trkpt lat="30.75167345814406871795654296875" lon="108.44538308680057525634765625">
        <ele>421.20001220703125</ele>
        <time>2026-06-16T13:41:20.000Z</time>
        <extensions>
          <ns3:TrackPointExtension>
            <ns3:hr>125</ns3:hr>
            <ns3:cad>93</ns3:cad>
          </ns3:TrackPointExtension>
        </extensions>
      </trkpt>
      <trkpt lat="30.75166440568864345550537109375" lon="108.44539859332144260406494140625">
        <ele>421.20001220703125</ele>
        <time>2026-06-16T13:41:21.000Z</time>
        <extensions>
          <ns3:TrackPointExtension>
            <ns3:hr>125</ns3:hr>
            <ns3:cad>93</ns3:cad>
          </ns3:TrackPointExtension>
        </extensions>
      </trkpt>
      <trkpt lat="30.75164529494941234588623046875" lon="108.445416949689388275146484375">
        <ele>421.20001220703125</ele>
        <time>2026-06-16T13:41:22.000Z</time>
        <extensions>
          <ns3:TrackPointExtension>
            <ns3:hr>125</ns3:hr>
            <ns3:cad>93</ns3:cad>
          </ns3:TrackPointExtension>
        </extensions>
      </trkpt>
      <trkpt lat="30.751636326313018798828125" lon="108.44543228857219219207763671875">
        <ele>421.20001220703125</ele>
        <time>2026-06-16T13:41:23.000Z</time>
        <extensions>
          <ns3:TrackPointExtension>
            <ns3:hr>125</ns3:hr>
            <ns3:cad>93</ns3:cad>
          </ns3:TrackPointExtension>
        </extensions>
      </trkpt>
      <trkpt lat="30.75162182562053203582763671875" lon="108.44545391388237476348876953125">
        <ele>421.20001220703125</ele>
        <time>2026-06-16T13:41:24.000Z</time>
        <extensions>
          <ns3:TrackPointExtension>
            <ns3:hr>125</ns3:hr>
            <ns3:cad>93</ns3:cad>
          </ns3:TrackPointExtension>
        </extensions>
      </trkpt>
      <trkpt lat="30.75161847285926342010498046875" lon="108.4454707615077495574951171875">
        <ele>421.20001220703125</ele>
        <time>2026-06-16T13:41:25.000Z</time>
        <extensions>
          <ns3:TrackPointExtension>
            <ns3:hr>125</ns3:hr>
            <ns3:cad>93</ns3:cad>
          </ns3:TrackPointExtension>
        </extensions>
      </trkpt>
      <trkpt lat="30.751607827842235565185546875" lon="108.4454905427992343902587890625">
        <ele>421.20001220703125</ele>
        <time>2026-06-16T13:41:26.000Z</time>
        <extensions>
          <ns3:TrackPointExtension>
            <ns3:hr>125</ns3:hr>
            <ns3:cad>92</ns3:cad>
          </ns3:TrackPointExtension>
        </extensions>
      </trkpt>
      <trkpt lat="30.75160606764256954193115234375" lon="108.4455098211765289306640625">
        <ele>421.20001220703125</ele>
        <time>2026-06-16T13:41:27.000Z</time>
        <extensions>
          <ns3:TrackPointExtension>
            <ns3:hr>125</ns3:hr>
            <ns3:cad>92</ns3:cad>
          </ns3:TrackPointExtension>
        </extensions>
      </trkpt>
      <trkpt lat="30.751597769558429718017578125" lon="108.44552926719188690185546875">
        <ele>421.20001220703125</ele>
        <time>2026-06-16T13:41:28.000Z</time>
        <extensions>
          <ns3:TrackPointExtension>
            <ns3:hr>126</ns3:hr>
            <ns3:cad>92</ns3:cad>
          </ns3:TrackPointExtension>
        </extensions>
      </trkpt>
      <trkpt lat="30.75159483589231967926025390625" lon="108.445552401244640350341796875">
        <ele>421.20001220703125</ele>
        <time>2026-06-16T13:41:29.000Z</time>
        <extensions>
          <ns3:TrackPointExtension>
            <ns3:hr>126</ns3:hr>
            <ns3:cad>93</ns3:cad>
          </ns3:TrackPointExtension>
        </extensions>
      </trkpt>
      <trkpt lat="30.7515925727784633636474609375" lon="108.445573858916759490966796875">
        <ele>421.20001220703125</ele>
        <time>2026-06-16T13:41:30.000Z</time>
        <extensions>
          <ns3:TrackPointExtension>
            <ns3:hr>126</ns3:hr>
            <ns3:cad>94</ns3:cad>
          </ns3:TrackPointExtension>
        </extensions>
      </trkpt>
      <trkpt lat="30.7515939138829708099365234375" lon="108.44560160301625728607177734375">
        <ele>421</ele>
        <time>2026-06-16T13:41:31.000Z</time>
        <extensions>
          <ns3:TrackPointExtension>
            <ns3:hr>126</ns3:hr>
            <ns3:cad>94</ns3:cad>
          </ns3:TrackPointExtension>
        </extensions>
      </trkpt>
      <trkpt lat="30.7515974342823028564453125" lon="108.44562088139355182647705078125">
        <ele>421</ele>
        <time>2026-06-16T13:41:32.000Z</time>
        <extensions>
          <ns3:TrackPointExtension>
            <ns3:hr>127</ns3:hr>
            <ns3:cad>93</ns3:cad>
          </ns3:TrackPointExtension>
        </extensions>
      </trkpt>
      <trkpt lat="30.75159919448196887969970703125" lon="108.445651642978191375732421875">
        <ele>421</ele>
        <time>2026-06-16T13:41:33.000Z</time>
        <extensions>
          <ns3:TrackPointExtension>
            <ns3:hr>127</ns3:hr>
            <ns3:cad>93</ns3:cad>
          </ns3:TrackPointExtension>
        </extensions>
      </trkpt>
      <trkpt lat="30.751601122319698333740234375" lon="108.44566815532743930816650390625">
        <ele>421</ele>
        <time>2026-06-16T13:41:34.000Z</time>
        <extensions>
          <ns3:TrackPointExtension>
            <ns3:hr>126</ns3:hr>
            <ns3:cad>93</ns3:cad>
          </ns3:TrackPointExtension>
        </extensions>
      </trkpt>
      <trkpt lat="30.7516027987003326416015625" lon="108.4457000903785228729248046875">
        <ele>421</ele>
        <time>2026-06-16T13:41:35.000Z</time>
        <extensions>
          <ns3:TrackPointExtension>
            <ns3:hr>126</ns3:hr>
            <ns3:cad>92</ns3:cad>
          </ns3:TrackPointExtension>
        </extensions>
      </trkpt>
      <trkpt lat="30.7516063190996646881103515625" lon="108.44571744091808795928955078125">
        <ele>421</ele>
        <time>2026-06-16T13:41:36.000Z</time>
        <extensions>
          <ns3:TrackPointExtension>
            <ns3:hr>126</ns3:hr>
            <ns3:cad>92</ns3:cad>
          </ns3:TrackPointExtension>
        </extensions>
      </trkpt>
      <trkpt lat="30.75160455889999866485595703125" lon="108.44574493356049060821533203125">
        <ele>421</ele>
        <time>2026-06-16T13:41:37.000Z</time>
        <extensions>
          <ns3:TrackPointExtension>
            <ns3:hr>126</ns3:hr>
            <ns3:cad>92</ns3:cad>
          </ns3:TrackPointExtension>
        </extensions>
      </trkpt>
      <trkpt lat="30.7516103424131870269775390625" lon="108.4457619488239288330078125">
        <ele>421</ele>
        <time>2026-06-16T13:41:38.000Z</time>
        <extensions>
          <ns3:TrackPointExtension>
            <ns3:hr>127</ns3:hr>
            <ns3:cad>92</ns3:cad>
          </ns3:TrackPointExtension>
        </extensions>
      </trkpt>
      <trkpt lat="30.7516106776893138885498046875" lon="108.4457896091043949127197265625">
        <ele>421.20001220703125</ele>
        <time>2026-06-16T13:41:39.000Z</time>
        <extensions>
          <ns3:TrackPointExtension>
            <ns3:hr>126</ns3:hr>
            <ns3:cad>93</ns3:cad>
          </ns3:TrackPointExtension>
        </extensions>
      </trkpt>
      <trkpt lat="30.75162031687796115875244140625" lon="108.4458117373287677764892578125">
        <ele>421.20001220703125</ele>
        <time>2026-06-16T13:41:40.000Z</time>
        <extensions>
          <ns3:TrackPointExtension>
            <ns3:hr>126</ns3:hr>
            <ns3:cad>93</ns3:cad>
          </ns3:TrackPointExtension>
        </extensions>
      </trkpt>
      <trkpt lat="30.7516244240105152130126953125" lon="108.44583881087601184844970703125">
        <ele>421.20001220703125</ele>
        <time>2026-06-16T13:41:41.000Z</time>
        <extensions>
          <ns3:TrackPointExtension>
            <ns3:hr>127</ns3:hr>
            <ns3:cad>93</ns3:cad>
          </ns3:TrackPointExtension>
        </extensions>
      </trkpt>
      <trkpt lat="30.7516294531524181365966796875" lon="108.4458611905574798583984375">
        <ele>421.20001220703125</ele>
        <time>2026-06-16T13:41:42.000Z</time>
        <extensions>
          <ns3:TrackPointExtension>
            <ns3:hr>126</ns3:hr>
            <ns3:cad>93</ns3:cad>
          </ns3:TrackPointExtension>
        </extensions>
      </trkpt>
      <trkpt lat="30.75163372792303562164306640625" lon="108.4458853304386138916015625">
        <ele>421.20001220703125</ele>
        <time>2026-06-16T13:41:43.000Z</time>
        <extensions>
          <ns3:TrackPointExtension>
            <ns3:hr>126</ns3:hr>
            <ns3:cad>93</ns3:cad>
          </ns3:TrackPointExtension>
        </extensions>
      </trkpt>
      <trkpt lat="30.75164412148296833038330078125" lon="108.4459076263010501861572265625">
        <ele>421.20001220703125</ele>
        <time>2026-06-16T13:41:44.000Z</time>
        <extensions>
          <ns3:TrackPointExtension>
            <ns3:hr>127</ns3:hr>
            <ns3:cad>93</ns3:cad>
          </ns3:TrackPointExtension>
        </extensions>
      </trkpt>
      <trkpt lat="30.75165334157645702362060546875" lon="108.44592564739286899566650390625">
        <ele>421.20001220703125</ele>
        <time>2026-06-16T13:41:45.000Z</time>
        <extensions>
          <ns3:TrackPointExtension>
            <ns3:hr>126</ns3:hr>
            <ns3:cad>93</ns3:cad>
          </ns3:TrackPointExtension>
        </extensions>
      </trkpt>
      <trkpt lat="30.7516659982502460479736328125" lon="108.4459435008466243743896484375">
        <ele>421.20001220703125</ele>
        <time>2026-06-16T13:41:46.000Z</time>
        <extensions>
          <ns3:TrackPointExtension>
            <ns3:hr>126</ns3:hr>
            <ns3:cad>92</ns3:cad>
          </ns3:TrackPointExtension>
        </extensions>
      </trkpt>
      <trkpt lat="30.75167580507695674896240234375" lon="108.4459605999290943145751953125">
        <ele>421.20001220703125</ele>
        <time>2026-06-16T13:41:47.000Z</time>
        <extensions>
          <ns3:TrackPointExtension>
            <ns3:hr>127</ns3:hr>
            <ns3:cad>93</ns3:cad>
          </ns3:TrackPointExtension>
        </extensions>
      </trkpt>
      <trkpt lat="30.75169005431234836578369140625" lon="108.44597996212542057037353515625">
        <ele>421.20001220703125</ele>
        <time>2026-06-16T13:41:48.000Z</time>
        <extensions>
          <ns3:TrackPointExtension>
            <ns3:hr>126</ns3:hr>
            <ns3:cad>93</ns3:cad>
          </ns3:TrackPointExtension>
        </extensions>
      </trkpt>
      <trkpt lat="30.751700699329376220703125" lon="108.44599354080855846405029296875">
        <ele>421.20001220703125</ele>
        <time>2026-06-16T13:41:49.000Z</time>
        <extensions>
          <ns3:TrackPointExtension>
            <ns3:hr>126</ns3:hr>
            <ns3:cad>93</ns3:cad>
          </ns3:TrackPointExtension>
        </extensions>
      </trkpt>
      <trkpt lat="30.751717127859592437744140625" lon="108.4460112266242504119873046875">
        <ele>421.20001220703125</ele>
        <time>2026-06-16T13:41:50.000Z</time>
        <extensions>
          <ns3:TrackPointExtension>
            <ns3:hr>127</ns3:hr>
            <ns3:cad>93</ns3:cad>
          </ns3:TrackPointExtension>
        </extensions>
      </trkpt>
      <trkpt lat="30.75173296965658664703369140625" lon="108.44602237455546855926513671875">
        <ele>421.20001220703125</ele>
        <time>2026-06-16T13:41:51.000Z</time>
        <extensions>
          <ns3:TrackPointExtension>
            <ns3:hr>127</ns3:hr>
            <ns3:cad>93</ns3:cad>
          </ns3:TrackPointExtension>
        </extensions>
      </trkpt>
      <trkpt lat="30.7517516613006591796875" lon="108.44604156911373138427734375">
        <ele>421.20001220703125</ele>
        <time>2026-06-16T13:41:52.000Z</time>
        <extensions>
          <ns3:TrackPointExtension>
            <ns3:hr>127</ns3:hr>
            <ns3:cad>93</ns3:cad>
          </ns3:TrackPointExtension>
        </extensions>
      </trkpt>
      <trkpt lat="30.75176976621150970458984375" lon="108.4460481069982051849365234375">
        <ele>421.20001220703125</ele>
        <time>2026-06-16T13:41:53.000Z</time>
        <extensions>
          <ns3:TrackPointExtension>
            <ns3:hr>126</ns3:hr>
            <ns3:cad>92</ns3:cad>
          </ns3:TrackPointExtension>
        </extensions>
      </trkpt>
      <trkpt lat="30.75178929604589939117431640625" lon="108.4460665471851825714111328125">
        <ele>421.20001220703125</ele>
        <time>2026-06-16T13:41:54.000Z</time>
        <extensions>
          <ns3:TrackPointExtension>
            <ns3:hr>127</ns3:hr>
            <ns3:cad>92</ns3:cad>
          </ns3:TrackPointExtension>
        </extensions>
      </trkpt>
      <trkpt lat="30.75181025080382823944091796875" lon="108.446074761450290679931640625">
        <ele>421.20001220703125</ele>
        <time>2026-06-16T13:41:55.000Z</time>
        <extensions>
          <ns3:TrackPointExtension>
            <ns3:hr>127</ns3:hr>
            <ns3:cad>92</ns3:cad>
          </ns3:TrackPointExtension>
        </extensions>
      </trkpt>
      <trkpt lat="30.751828439533710479736328125" lon="108.44609026797115802764892578125">
        <ele>421.20001220703125</ele>
        <time>2026-06-16T13:41:56.000Z</time>
        <extensions>
          <ns3:TrackPointExtension>
            <ns3:hr>126</ns3:hr>
            <ns3:cad>93</ns3:cad>
          </ns3:TrackPointExtension>
        </extensions>
      </trkpt>
      <trkpt lat="30.75184813700616359710693359375" lon="108.4460983984172344207763671875">
        <ele>421.20001220703125</ele>
        <time>2026-06-16T13:41:57.000Z</time>
        <extensions>
          <ns3:TrackPointExtension>
            <ns3:hr>127</ns3:hr>
            <ns3:cad>94</ns3:cad>
          </ns3:TrackPointExtension>
        </extensions>
      </trkpt>
      <trkpt lat="30.75186573900282382965087890625" lon="108.4461111389100551605224609375">
        <ele>421.20001220703125</ele>
        <time>2026-06-16T13:41:58.000Z</time>
        <extensions>
          <ns3:TrackPointExtension>
            <ns3:hr>127</ns3:hr>
            <ns3:cad>94</ns3:cad>
          </ns3:TrackPointExtension>
        </extensions>
      </trkpt>
      <trkpt lat="30.7518871128559112548828125" lon="108.44612262211740016937255859375">
        <ele>421.20001220703125</ele>
        <time>2026-06-16T13:41:59.000Z</time>
        <extensions>
          <ns3:TrackPointExtension>
            <ns3:hr>126</ns3:hr>
            <ns3:cad>93</ns3:cad>
          </ns3:TrackPointExtension>
        </extensions>
      </trkpt>
      <trkpt lat="30.7519016973674297332763671875" lon="108.4461349435150623321533203125">
        <ele>421.20001220703125</ele>
        <time>2026-06-16T13:42:00.000Z</time>
        <extensions>
          <ns3:TrackPointExtension>
            <ns3:hr>127</ns3:hr>
            <ns3:cad>93</ns3:cad>
          </ns3:TrackPointExtension>
        </extensions>
      </trkpt>
      <trkpt lat="30.7519234903156757354736328125" lon="108.44614927656948566436767578125">
        <ele>421.20001220703125</ele>
        <time>2026-06-16T13:42:01.000Z</time>
        <extensions>
          <ns3:TrackPointExtension>
            <ns3:hr>128</ns3:hr>
            <ns3:cad>93</ns3:cad>
          </ns3:TrackPointExtension>
        </extensions>
      </trkpt>
      <trkpt lat="30.75193530879914760589599609375" lon="108.4461594186723232269287109375">
        <ele>421.20001220703125</ele>
        <time>2026-06-16T13:42:02.000Z</time>
        <extensions>
          <ns3:TrackPointExtension>
            <ns3:hr>128</ns3:hr>
            <ns3:cad>93</ns3:cad>
          </ns3:TrackPointExtension>
        </extensions>
      </trkpt>
      <trkpt lat="30.7519570179283618927001953125" lon="108.4461694769561290740966796875">
        <ele>421.20001220703125</ele>
        <time>2026-06-16T13:42:03.000Z</time>
        <extensions>
          <ns3:TrackPointExtension>
            <ns3:hr>129</ns3:hr>
            <ns3:cad>93</ns3:cad>
          </ns3:TrackPointExtension>
        </extensions>
      </trkpt>
      <trkpt lat="30.75197227299213409423828125" lon="108.446171320974826812744140625">
        <ele>421.20001220703125</ele>
        <time>2026-06-16T13:42:04.000Z</time>
        <extensions>
          <ns3:TrackPointExtension>
            <ns3:hr>129</ns3:hr>
            <ns3:cad>93</ns3:cad>
          </ns3:TrackPointExtension>
        </extensions>
      </trkpt>
      <trkpt lat="30.751998424530029296875" lon="108.44617827795445919036865234375">
        <ele>421.20001220703125</ele>
        <time>2026-06-16T13:42:05.000Z</time>
        <extensions>
          <ns3:TrackPointExtension>
            <ns3:hr>130</ns3:hr>
            <ns3:cad>93</ns3:cad>
          </ns3:TrackPointExtension>
        </extensions>
      </trkpt>
      <trkpt lat="30.75201493687927722930908203125" lon="108.4461750090122222900390625">
        <ele>421.20001220703125</ele>
        <time>2026-06-16T13:42:06.000Z</time>
        <extensions>
          <ns3:TrackPointExtension>
            <ns3:hr>130</ns3:hr>
            <ns3:cad>93</ns3:cad>
          </ns3:TrackPointExtension>
        </extensions>
      </trkpt>
      <trkpt lat="30.7520391605794429779052734375" lon="108.44617743976414203643798828125">
        <ele>421.20001220703125</ele>
        <time>2026-06-16T13:42:07.000Z</time>
        <extensions>
          <ns3:TrackPointExtension>
            <ns3:hr>131</ns3:hr>
            <ns3:cad>93</ns3:cad>
          </ns3:TrackPointExtension>
        </extensions>
      </trkpt>
      <trkpt lat="30.75205634348094463348388671875" lon="108.446172662079334259033203125">
        <ele>421.20001220703125</ele>
        <time>2026-06-16T13:42:08.000Z</time>
        <extensions>
          <ns3:TrackPointExtension>
            <ns3:hr>131</ns3:hr>
            <ns3:cad>93</ns3:cad>
          </ns3:TrackPointExtension>
        </extensions>
      </trkpt>
      <trkpt lat="30.752077884972095489501953125" lon="108.4461805410683155059814453125">
        <ele>421.20001220703125</ele>
        <time>2026-06-16T13:42:09.000Z</time>
        <extensions>
          <ns3:TrackPointExtension>
            <ns3:hr>131</ns3:hr>
            <ns3:cad>93</ns3:cad>
          </ns3:TrackPointExtension>
        </extensions>
      </trkpt>
      <trkpt lat="30.75209775008261203765869140625" lon="108.44617576338350772857666015625">
        <ele>421.20001220703125</ele>
        <time>2026-06-16T13:42:10.000Z</time>
        <extensions>
          <ns3:TrackPointExtension>
            <ns3:hr>131</ns3:hr>
            <ns3:cad>93</ns3:cad>
          </ns3:TrackPointExtension>
        </extensions>
      </trkpt>
      <trkpt lat="30.7521186210215091705322265625" lon="108.44617911614477634429931640625">
        <ele>421.20001220703125</ele>
        <time>2026-06-16T13:42:11.000Z</time>
        <extensions>
          <ns3:TrackPointExtension>
            <ns3:hr>130</ns3:hr>
            <ns3:cad>93</ns3:cad>
          </ns3:TrackPointExtension>
        </extensions>
      </trkpt>
      <trkpt lat="30.75213999487459659576416015625" lon="108.446175344288349151611328125">
        <ele>421.20001220703125</ele>
        <time>2026-06-16T13:42:12.000Z</time>
        <extensions>
          <ns3:TrackPointExtension>
            <ns3:hr>131</ns3:hr>
            <ns3:cad>93</ns3:cad>
          </ns3:TrackPointExtension>
        </extensions>
      </trkpt>
      <trkpt lat="30.75216027908027172088623046875" lon="108.4461791999638080596923828125">
        <ele>421.20001220703125</ele>
        <time>2026-06-16T13:42:13.000Z</time>
        <extensions>
          <ns3:TrackPointExtension>
            <ns3:hr>131</ns3:hr>
            <ns3:cad>93</ns3:cad>
          </ns3:TrackPointExtension>
        </extensions>
      </trkpt>
      <trkpt lat="30.75218039564788341522216796875" lon="108.44617643393576145172119140625">
        <ele>421.20001220703125</ele>
        <time>2026-06-16T13:42:14.000Z</time>
        <extensions>
          <ns3:TrackPointExtension>
            <ns3:hr>131</ns3:hr>
            <ns3:cad>93</ns3:cad>
          </ns3:TrackPointExtension>
        </extensions>
      </trkpt>
      <trkpt lat="30.75219699181616306304931640625" lon="108.44617727212607860565185546875">
        <ele>421</ele>
        <time>2026-06-16T13:42:15.000Z</time>
        <extensions>
          <ns3:TrackPointExtension>
            <ns3:hr>131</ns3:hr>
            <ns3:cad>93</ns3:cad>
          </ns3:TrackPointExtension>
        </extensions>
      </trkpt>
      <trkpt lat="30.7522215507924556732177734375" lon="108.4461748413741588592529296875">
        <ele>421</ele>
        <time>2026-06-16T13:42:16.000Z</time>
        <extensions>
          <ns3:TrackPointExtension>
            <ns3:hr>131</ns3:hr>
            <ns3:cad>93</ns3:cad>
          </ns3:TrackPointExtension>
        </extensions>
      </trkpt>
      <trkpt lat="30.75223756022751331329345703125" lon="108.446171991527080535888671875">
        <ele>421</ele>
        <time>2026-06-16T13:42:17.000Z</time>
        <extensions>
          <ns3:TrackPointExtension>
            <ns3:hr>132</ns3:hr>
            <ns3:cad>93</ns3:cad>
          </ns3:TrackPointExtension>
        </extensions>
      </trkpt>
      <trkpt lat="30.75226203538477420806884765625" lon="108.44617442227900028228759765625">
        <ele>421</ele>
        <time>2026-06-16T13:42:18.000Z</time>
        <extensions>
          <ns3:TrackPointExtension>
            <ns3:hr>132</ns3:hr>
            <ns3:cad>91</ns3:cad>
          </ns3:TrackPointExtension>
        </extensions>
      </trkpt>
      <trkpt lat="30.752275697886943817138671875" lon="108.44616805203258991241455078125">
        <ele>421</ele>
        <time>2026-06-16T13:42:19.000Z</time>
        <extensions>
          <ns3:TrackPointExtension>
            <ns3:hr>132</ns3:hr>
            <ns3:cad>91</ns3:cad>
          </ns3:TrackPointExtension>
        </extensions>
      </trkpt>
      <trkpt lat="30.75229992158710956573486328125" lon="108.44617174006998538970947265625">
        <ele>421.20001220703125</ele>
        <time>2026-06-16T13:42:20.000Z</time>
        <extensions>
          <ns3:TrackPointExtension>
            <ns3:hr>133</ns3:hr>
            <ns3:cad>92</ns3:cad>
          </ns3:TrackPointExtension>
        </extensions>
      </trkpt>
      <trkpt lat="30.752315260469913482666015625" lon="108.4461664594709873199462890625">
        <ele>421</ele>
        <time>2026-06-16T13:42:21.000Z</time>
        <extensions>
          <ns3:TrackPointExtension>
            <ns3:hr>133</ns3:hr>
            <ns3:cad>92</ns3:cad>
          </ns3:TrackPointExtension>
        </extensions>
      </trkpt>
      <trkpt lat="30.75233847834169864654541015625" lon="108.44617023132741451263427734375">
        <ele>421.20001220703125</ele>
        <time>2026-06-16T13:42:22.000Z</time>
        <extensions>
          <ns3:TrackPointExtension>
            <ns3:hr>134</ns3:hr>
            <ns3:cad>92</ns3:cad>
          </ns3:TrackPointExtension>
        </extensions>
      </trkpt>
      <trkpt lat="30.7523564994335174560546875" lon="108.4461661241948604583740234375">
        <ele>421.20001220703125</ele>
        <time>2026-06-16T13:42:23.000Z</time>
        <extensions>
          <ns3:TrackPointExtension>
            <ns3:hr>134</ns3:hr>
            <ns3:cad>92</ns3:cad>
          </ns3:TrackPointExtension>
        </extensions>
      </trkpt>
      <trkpt lat="30.75237753801047801971435546875" lon="108.44617207534611225128173828125">
        <ele>421.20001220703125</ele>
        <time>2026-06-16T13:42:24.000Z</time>
        <extensions>
          <ns3:TrackPointExtension>
            <ns3:hr>134</ns3:hr>
            <ns3:cad>93</ns3:cad>
          </ns3:TrackPointExtension>
        </extensions>
      </trkpt>
      <trkpt lat="30.75239664874970912933349609375" lon="108.446174673736095428466796875">
        <ele>421.20001220703125</ele>
        <time>2026-06-16T13:42:25.000Z</time>
        <extensions>
          <ns3:TrackPointExtension>
            <ns3:hr>134</ns3:hr>
            <ns3:cad>93</ns3:cad>
          </ns3:TrackPointExtension>
        </extensions>
      </trkpt>
      <trkpt lat="30.7524168491363525390625" lon="108.44617794267833232879638671875">
        <ele>421.20001220703125</ele>
        <time>2026-06-16T13:42:26.000Z</time>
        <extensions>
          <ns3:TrackPointExtension>
            <ns3:hr>134</ns3:hr>
            <ns3:cad>93</ns3:cad>
          </ns3:TrackPointExtension>
        </extensions>
      </trkpt>
      <trkpt lat="30.7524381391704082489013671875" lon="108.4461750090122222900390625">
        <ele>421.20001220703125</ele>
        <time>2026-06-16T13:42:27.000Z</time>
        <extensions>
          <ns3:TrackPointExtension>
            <ns3:hr>134</ns3:hr>
            <ns3:cad>93</ns3:cad>
          </ns3:TrackPointExtension>
        </extensions>
      </trkpt>
      <trkpt lat="30.7524569146335124969482421875" lon="108.4461755119264125823974609375">
        <ele>421.20001220703125</ele>
        <time>2026-06-16T13:42:28.000Z</time>
        <extensions>
          <ns3:TrackPointExtension>
            <ns3:hr>135</ns3:hr>
            <ns3:cad>93</ns3:cad>
          </ns3:TrackPointExtension>
        </extensions>
      </trkpt>
      <trkpt lat="30.7524810545146465301513671875" lon="108.4461750090122222900390625">
        <ele>421.20001220703125</ele>
        <time>2026-06-16T13:42:29.000Z</time>
        <extensions>
          <ns3:TrackPointExtension>
            <ns3:hr>134</ns3:hr>
            <ns3:cad>93</ns3:cad>
          </ns3:TrackPointExtension>
        </extensions>
      </trkpt>
      <trkpt lat="30.75249823741614818572998046875" lon="108.44617559574544429779052734375">
        <ele>421.20001220703125</ele>
        <time>2026-06-16T13:42:30.000Z</time>
        <extensions>
          <ns3:TrackPointExtension>
            <ns3:hr>134</ns3:hr>
            <ns3:cad>92</ns3:cad>
          </ns3:TrackPointExtension>
        </extensions>
      </trkpt>
      <trkpt lat="30.75252220965921878814697265625" lon="108.44617643393576145172119140625">
        <ele>421.20001220703125</ele>
        <time>2026-06-16T13:42:31.000Z</time>
        <extensions>
          <ns3:TrackPointExtension>
            <ns3:hr>134</ns3:hr>
            <ns3:cad>92</ns3:cad>
          </ns3:TrackPointExtension>
        </extensions>
      </trkpt>
      <trkpt lat="30.75253662653267383575439453125" lon="108.446174673736095428466796875">
        <ele>421.20001220703125</ele>
        <time>2026-06-16T13:42:32.000Z</time>
        <extensions>
          <ns3:TrackPointExtension>
            <ns3:hr>134</ns3:hr>
            <ns3:cad>93</ns3:cad>
          </ns3:TrackPointExtension>
        </extensions>
      </trkpt>
      <trkpt lat="30.75255959294736385345458984375" lon="108.44617224298417568206787109375">
        <ele>421.20001220703125</ele>
        <time>2026-06-16T13:42:33.000Z</time>
        <extensions>
          <ns3:TrackPointExtension>
            <ns3:hr>134</ns3:hr>
            <ns3:cad>93</ns3:cad>
          </ns3:TrackPointExtension>
        </extensions>
      </trkpt>
      <trkpt lat="30.75257602147758007049560546875" lon="108.44616604037582874298095703125">
        <ele>421.20001220703125</ele>
        <time>2026-06-16T13:42:34.000Z</time>
        <extensions>
          <ns3:TrackPointExtension>
            <ns3:hr>134</ns3:hr>
            <ns3:cad>92</ns3:cad>
          </ns3:TrackPointExtension>
        </extensions>
      </trkpt>
      <trkpt lat="30.7526000775396823883056640625" lon="108.4461708180606365203857421875">
        <ele>421.20001220703125</ele>
        <time>2026-06-16T13:42:35.000Z</time>
        <extensions>
          <ns3:TrackPointExtension>
            <ns3:hr>134</ns3:hr>
            <ns3:cad>92</ns3:cad>
          </ns3:TrackPointExtension>
        </extensions>
      </trkpt>
      <trkpt lat="30.7526195235550403594970703125" lon="108.44616587273776531219482421875">
        <ele>421.20001220703125</ele>
        <time>2026-06-16T13:42:36.000Z</time>
        <extensions>
          <ns3:TrackPointExtension>
            <ns3:hr>133</ns3:hr>
            <ns3:cad>91</ns3:cad>
          </ns3:TrackPointExtension>
        </extensions>
      </trkpt>
      <trkpt lat="30.752639807760715484619140625" lon="108.4461708180606365203857421875">
        <ele>421.20001220703125</ele>
        <time>2026-06-16T13:42:37.000Z</time>
        <extensions>
          <ns3:TrackPointExtension>
            <ns3:hr>133</ns3:hr>
            <ns3:cad>91</ns3:cad>
          </ns3:TrackPointExtension>
        </extensions>
      </trkpt>
      <trkpt lat="30.7526622712612152099609375" lon="108.44617106951773166656494140625">
        <ele>421.20001220703125</ele>
        <time>2026-06-16T13:42:38.000Z</time>
        <extensions>
          <ns3:TrackPointExtension>
            <ns3:hr>133</ns3:hr>
            <ns3:cad>92</ns3:cad>
          </ns3:TrackPointExtension>
        </extensions>
      </trkpt>
      <trkpt lat="30.75267962180078029632568359375" lon="108.44617777504026889801025390625">
        <ele>421.20001220703125</ele>
        <time>2026-06-16T13:42:39.000Z</time>
        <extensions>
          <ns3:TrackPointExtension>
            <ns3:hr>133</ns3:hr>
            <ns3:cad>93</ns3:cad>
          </ns3:TrackPointExtension>
        </extensions>
      </trkpt>
      <trkpt lat="30.75270208530128002166748046875" lon="108.44617727212607860565185546875">
        <ele>421.20001220703125</ele>
        <time>2026-06-16T13:42:40.000Z</time>
        <extensions>
          <ns3:TrackPointExtension>
            <ns3:hr>132</ns3:hr>
            <ns3:cad>93</ns3:cad>
          </ns3:TrackPointExtension>
        </extensions>
      </trkpt>
      <trkpt lat="30.7527187652885913848876953125" lon="108.44618112780153751373291015625">
        <ele>421.20001220703125</ele>
        <time>2026-06-16T13:42:41.000Z</time>
        <extensions>
          <ns3:TrackPointExtension>
            <ns3:hr>133</ns3:hr>
            <ns3:cad>94</ns3:cad>
          </ns3:TrackPointExtension>
        </extensions>
      </trkpt>
      <trkpt lat="30.75273829512298107147216796875" lon="108.44618079252541065216064453125">
        <ele>421.20001220703125</ele>
        <time>2026-06-16T13:42:42.000Z</time>
        <extensions>
          <ns3:TrackPointExtension>
            <ns3:hr>133</ns3:hr>
            <ns3:cad>93</ns3:cad>
          </ns3:TrackPointExtension>
        </extensions>
      </trkpt>
      <trkpt lat="30.75275304727256298065185546875" lon="108.446182049810886383056640625">
        <ele>421</ele>
        <time>2026-06-16T13:42:43.000Z</time>
        <extensions>
          <ns3:TrackPointExtension>
            <ns3:hr>132</ns3:hr>
            <ns3:cad>93</ns3:cad>
          </ns3:TrackPointExtension>
        </extensions>
      </trkpt>
      <trkpt lat="30.75277484022080898284912109375" lon="108.4461808763444423675537109375">
        <ele>421</ele>
        <time>2026-06-16T13:42:44.000Z</time>
        <extensions>
          <ns3:TrackPointExtension>
            <ns3:hr>133</ns3:hr>
            <ns3:cad>93</ns3:cad>
          </ns3:TrackPointExtension>
        </extensions>
      </trkpt>
      <trkpt lat="30.752791352570056915283203125" lon="108.44618104398250579833984375">
        <ele>421.20001220703125</ele>
        <time>2026-06-16T13:42:45.000Z</time>
        <extensions>
          <ns3:TrackPointExtension>
            <ns3:hr>133</ns3:hr>
            <ns3:cad>93</ns3:cad>
          </ns3:TrackPointExtension>
        </extensions>
      </trkpt>
      <trkpt lat="30.75281306169927120208740234375" lon="108.4461838938295841217041015625">
        <ele>421.20001220703125</ele>
        <time>2026-06-16T13:42:46.000Z</time>
        <extensions>
          <ns3:TrackPointExtension>
            <ns3:hr>133</ns3:hr>
            <ns3:cad>92</ns3:cad>
          </ns3:TrackPointExtension>
        </extensions>
      </trkpt>
      <trkpt lat="30.75283284299075603485107421875" lon="108.4461812116205692291259765625">
        <ele>421.20001220703125</ele>
        <time>2026-06-16T13:42:47.000Z</time>
        <extensions>
          <ns3:TrackPointExtension>
            <ns3:hr>133</ns3:hr>
            <ns3:cad>92</ns3:cad>
          </ns3:TrackPointExtension>
        </extensions>
      </trkpt>
      <trkpt lat="30.75285631231963634490966796875" lon="108.4461869113147258758544921875">
        <ele>421.20001220703125</ele>
        <time>2026-06-16T13:42:48.000Z</time>
        <extensions>
          <ns3:TrackPointExtension>
            <ns3:hr>134</ns3:hr>
            <ns3:cad>92</ns3:cad>
          </ns3:TrackPointExtension>
        </extensions>
      </trkpt>
      <trkpt lat="30.75287475250661373138427734375" lon="108.44618347473442554473876953125">
        <ele>421.20001220703125</ele>
        <time>2026-06-16T13:42:49.000Z</time>
        <extensions>
          <ns3:TrackPointExtension>
            <ns3:hr>134</ns3:hr>
            <ns3:cad>91</ns3:cad>
          </ns3:TrackPointExtension>
        </extensions>
      </trkpt>
      <trkpt lat="30.75290006585419178009033203125" lon="108.44618682749569416046142578125">
        <ele>421.20001220703125</ele>
        <time>2026-06-16T13:42:50.000Z</time>
        <extensions>
          <ns3:TrackPointExtension>
            <ns3:hr>134</ns3:hr>
            <ns3:cad>91</ns3:cad>
          </ns3:TrackPointExtension>
        </extensions>
      </trkpt>
      <trkpt lat="30.7529155723750591278076171875" lon="108.44618364237248897552490234375">
        <ele>421.20001220703125</ele>
        <time>2026-06-16T13:42:51.000Z</time>
        <extensions>
          <ns3:TrackPointExtension>
            <ns3:hr>134</ns3:hr>
            <ns3:cad>91</ns3:cad>
          </ns3:TrackPointExtension>
        </extensions>
      </trkpt>
      <trkpt lat="30.752938874065876007080078125" lon="108.44618733040988445281982421875">
        <ele>421.20001220703125</ele>
        <time>2026-06-16T13:42:52.000Z</time>
        <extensions>
          <ns3:TrackPointExtension>
            <ns3:hr>134</ns3:hr>
            <ns3:cad>91</ns3:cad>
          </ns3:TrackPointExtension>
        </extensions>
      </trkpt>
      <trkpt lat="30.752958320081233978271484375" lon="108.44618280418217182159423828125">
        <ele>421.20001220703125</ele>
        <time>2026-06-16T13:42:53.000Z</time>
        <extensions>
          <ns3:TrackPointExtension>
            <ns3:hr>135</ns3:hr>
            <ns3:cad>91</ns3:cad>
          </ns3:TrackPointExtension>
        </extensions>
      </trkpt>
      <trkpt lat="30.752980448305606842041015625" lon="108.4461857378482818603515625">
        <ele>421.20001220703125</ele>
        <time>2026-06-16T13:42:54.000Z</time>
        <extensions>
          <ns3:TrackPointExtension>
            <ns3:hr>135</ns3:hr>
            <ns3:cad>91</ns3:cad>
          </ns3:TrackPointExtension>
        </extensions>
      </trkpt>
      <trkpt lat="30.7530014030635356903076171875" lon="108.44617928378283977508544921875">
        <ele>421</ele>
        <time>2026-06-16T13:42:55.000Z</time>
        <extensions>
          <ns3:TrackPointExtension>
            <ns3:hr>135</ns3:hr>
            <ns3:cad>91</ns3:cad>
          </ns3:TrackPointExtension>
        </extensions>
      </trkpt>
      <trkpt lat="30.753019340336322784423828125" lon="108.44617375172674655914306640625">
        <ele>421</ele>
        <time>2026-06-16T13:42:56.000Z</time>
        <extensions>
          <ns3:TrackPointExtension>
            <ns3:hr>135</ns3:hr>
            <ns3:cad>93</ns3:cad>
          </ns3:TrackPointExtension>
        </extensions>
      </trkpt>
      <trkpt lat="30.7530423067510128021240234375" lon="108.4461624361574649810791015625">
        <ele>421</ele>
        <time>2026-06-16T13:42:57.000Z</time>
        <extensions>
          <ns3:TrackPointExtension>
            <ns3:hr>135</ns3:hr>
            <ns3:cad>93</ns3:cad>
          </ns3:TrackPointExtension>
        </extensions>
      </trkpt>
      <trkpt lat="30.7530538737773895263671875" lon="108.446151204407215118408203125">
        <ele>421</ele>
        <time>2026-06-16T13:42:58.000Z</time>
        <extensions>
          <ns3:TrackPointExtension>
            <ns3:hr>134</ns3:hr>
            <ns3:cad>91</ns3:cad>
          </ns3:TrackPointExtension>
        </extensions>
      </trkpt>
      <trkpt lat="30.753072313964366912841796875" lon="108.44613117165863513946533203125">
        <ele>421</ele>
        <time>2026-06-16T13:42:59.000Z</time>
        <extensions>
          <ns3:TrackPointExtension>
            <ns3:hr>134</ns3:hr>
            <ns3:cad>91</ns3:cad>
          </ns3:TrackPointExtension>
        </extensions>
      </trkpt>
      <trkpt lat="30.75308002531528472900390625" lon="108.44611222855746746063232421875">
        <ele>421</ele>
        <time>2026-06-16T13:43:00.000Z</time>
        <extensions>
          <ns3:TrackPointExtension>
            <ns3:hr>134</ns3:hr>
            <ns3:cad>92</ns3:cad>
          </ns3:TrackPointExtension>
        </extensions>
      </trkpt>
      <trkpt lat="30.7530962862074375152587890625" lon="108.44609043560922145843505859375">
        <ele>421</ele>
        <time>2026-06-16T13:43:01.000Z</time>
        <extensions>
          <ns3:TrackPointExtension>
            <ns3:hr>134</ns3:hr>
            <ns3:cad>93</ns3:cad>
          </ns3:TrackPointExtension>
        </extensions>
      </trkpt>
      <trkpt lat="30.7531039975583553314208984375" lon="108.44607283361256122589111328125">
        <ele>421</ele>
        <time>2026-06-16T13:43:02.000Z</time>
        <extensions>
          <ns3:TrackPointExtension>
            <ns3:hr>133</ns3:hr>
            <ns3:cad>94</ns3:cad>
          </ns3:TrackPointExtension>
        </extensions>
      </trkpt>
      <trkpt lat="30.75312537141144275665283203125" lon="108.44606076367199420928955078125">
        <ele>421</ele>
        <time>2026-06-16T13:43:03.000Z</time>
        <extensions>
          <ns3:TrackPointExtension>
            <ns3:hr>132</ns3:hr>
            <ns3:cad>93</ns3:cad>
          </ns3:TrackPointExtension>
        </extensions>
      </trkpt>
      <trkpt lat="30.75314045883715152740478515625" lon="108.4460504539310932159423828125">
        <ele>421</ele>
        <time>2026-06-16T13:43:04.000Z</time>
        <extensions>
          <ns3:TrackPointExtension>
            <ns3:hr>132</ns3:hr>
            <ns3:cad>93</ns3:cad>
          </ns3:TrackPointExtension>
        </extensions>
      </trkpt>
      <trkpt lat="30.7531650178134441375732421875" lon="108.4460424073040485382080078125">
        <ele>421</ele>
        <time>2026-06-16T13:43:05.000Z</time>
        <extensions>
          <ns3:TrackPointExtension>
            <ns3:hr>132</ns3:hr>
            <ns3:cad>93</ns3:cad>
          </ns3:TrackPointExtension>
        </extensions>
      </trkpt>
      <trkpt lat="30.7531811110675334930419921875" lon="108.44602991826832294464111328125">
        <ele>421</ele>
        <time>2026-06-16T13:43:06.000Z</time>
        <extensions>
          <ns3:TrackPointExtension>
            <ns3:hr>132</ns3:hr>
            <ns3:cad>93</ns3:cad>
          </ns3:TrackPointExtension>
        </extensions>
      </trkpt>
      <trkpt lat="30.75320072472095489501953125" lon="108.44601566903293132781982421875">
        <ele>421</ele>
        <time>2026-06-16T13:43:07.000Z</time>
        <extensions>
          <ns3:TrackPointExtension>
            <ns3:hr>132</ns3:hr>
            <ns3:cad>93</ns3:cad>
          </ns3:TrackPointExtension>
        </extensions>
      </trkpt>
      <trkpt lat="30.7532107830047607421875" lon="108.4459961391985416412353515625">
        <ele>421</ele>
        <time>2026-06-16T13:43:08.000Z</time>
        <extensions>
          <ns3:TrackPointExtension>
            <ns3:hr>131</ns3:hr>
            <ns3:cad>93</ns3:cad>
          </ns3:TrackPointExtension>
        </extensions>
      </trkpt>
      <trkpt lat="30.7532189972698688507080078125" lon="108.44597493298351764678955078125">
        <ele>421</ele>
        <time>2026-06-16T13:43:09.000Z</time>
        <extensions>
          <ns3:TrackPointExtension>
            <ns3:hr>131</ns3:hr>
            <ns3:cad>93</ns3:cad>
          </ns3:TrackPointExtension>
        </extensions>
      </trkpt>
      <trkpt lat="30.75322486460208892822265625" lon="108.445952050387859344482421875">
        <ele>421</ele>
        <time>2026-06-16T13:43:10.000Z</time>
        <extensions>
          <ns3:TrackPointExtension>
            <ns3:hr>131</ns3:hr>
            <ns3:cad>93</ns3:cad>
          </ns3:TrackPointExtension>
        </extensions>
      </trkpt>
      <trkpt lat="30.753234587609767913818359375" lon="108.4459304250776767730712890625">
        <ele>421</ele>
        <time>2026-06-16T13:43:11.000Z</time>
        <extensions>
          <ns3:TrackPointExtension>
            <ns3:hr>131</ns3:hr>
            <ns3:cad>93</ns3:cad>
          </ns3:TrackPointExtension>
        </extensions>
      </trkpt>
      <trkpt lat="30.75324355624616146087646484375" lon="108.445907793939113616943359375">
        <ele>421</ele>
        <time>2026-06-16T13:43:12.000Z</time>
        <extensions>
          <ns3:TrackPointExtension>
            <ns3:hr>131</ns3:hr>
            <ns3:cad>93</ns3:cad>
          </ns3:TrackPointExtension>
        </extensions>
      </trkpt>
      <trkpt lat="30.75325495563447475433349609375" lon="108.4458888508379459381103515625">
        <ele>421</ele>
        <time>2026-06-16T13:43:13.000Z</time>
        <extensions>
          <ns3:TrackPointExtension>
            <ns3:hr>131</ns3:hr>
            <ns3:cad>93</ns3:cad>
          </ns3:TrackPointExtension>
        </extensions>
      </trkpt>
      <trkpt lat="30.75326149351894855499267578125" lon="108.445867560803890228271484375">
        <ele>421</ele>
        <time>2026-06-16T13:43:14.000Z</time>
        <extensions>
          <ns3:TrackPointExtension>
            <ns3:hr>131</ns3:hr>
            <ns3:cad>93</ns3:cad>
          </ns3:TrackPointExtension>
        </extensions>
      </trkpt>
      <trkpt lat="30.7532662712037563323974609375" lon="108.44584979116916656494140625">
        <ele>421</ele>
        <time>2026-06-16T13:43:15.000Z</time>
        <extensions>
          <ns3:TrackPointExtension>
            <ns3:hr>131</ns3:hr>
            <ns3:cad>93</ns3:cad>
          </ns3:TrackPointExtension>
        </extensions>
      </trkpt>
      <trkpt lat="30.7532753236591815948486328125" lon="108.4458241425454616546630859375">
        <ele>421</ele>
        <time>2026-06-16T13:43:16.000Z</time>
        <extensions>
          <ns3:TrackPointExtension>
            <ns3:hr>131</ns3:hr>
            <ns3:cad>92</ns3:cad>
          </ns3:TrackPointExtension>
        </extensions>
      </trkpt>
      <trkpt lat="30.753279514610767364501953125" lon="108.44580553472042083740234375">
        <ele>421</ele>
        <time>2026-06-16T13:43:17.000Z</time>
        <extensions>
          <ns3:TrackPointExtension>
            <ns3:hr>132</ns3:hr>
            <ns3:cad>91</ns3:cad>
          </ns3:TrackPointExtension>
        </extensions>
      </trkpt>
      <trkpt lat="30.7532883994281291961669921875" lon="108.445775695145130157470703125">
        <ele>421</ele>
        <time>2026-06-16T13:43:18.000Z</time>
        <extensions>
          <ns3:TrackPointExtension>
            <ns3:hr>131</ns3:hr>
            <ns3:cad>91</ns3:cad>
          </ns3:TrackPointExtension>
        </extensions>
      </trkpt>
      <trkpt lat="30.7532837055623531341552734375" lon="108.44575515948235988616943359375">
        <ele>421</ele>
        <time>2026-06-16T13:43:19.000Z</time>
        <extensions>
          <ns3:TrackPointExtension>
            <ns3:hr>131</ns3:hr>
            <ns3:cad>93</ns3:cad>
          </ns3:TrackPointExtension>
        </extensions>
      </trkpt>
      <trkpt lat="30.75328261591494083404541015625" lon="108.4457255713641643524169921875">
        <ele>421</ele>
        <time>2026-06-16T13:43:20.000Z</time>
        <extensions>
          <ns3:TrackPointExtension>
            <ns3:hr>132</ns3:hr>
            <ns3:cad>93</ns3:cad>
          </ns3:TrackPointExtension>
        </extensions>
      </trkpt>
      <trkpt lat="30.75327926315367221832275390625" lon="108.445703946053981781005859375">
        <ele>421</ele>
        <time>2026-06-16T13:43:21.000Z</time>
        <extensions>
          <ns3:TrackPointExtension>
            <ns3:hr>132</ns3:hr>
            <ns3:cad>93</ns3:cad>
          </ns3:TrackPointExtension>
        </extensions>
      </trkpt>
      <trkpt lat="30.75328563340008258819580078125" lon="108.44567687250673770904541015625">
        <ele>421</ele>
        <time>2026-06-16T13:43:22.000Z</time>
        <extensions>
          <ns3:TrackPointExtension>
            <ns3:hr>132</ns3:hr>
            <ns3:cad>93</ns3:cad>
          </ns3:TrackPointExtension>
        </extensions>
      </trkpt>
      <trkpt lat="30.753279514610767364501953125" lon="108.44565575011074542999267578125">
        <ele>421</ele>
        <time>2026-06-16T13:43:23.000Z</time>
        <extensions>
          <ns3:TrackPointExtension>
            <ns3:hr>132</ns3:hr>
            <ns3:cad>92</ns3:cad>
          </ns3:TrackPointExtension>
        </extensions>
      </trkpt>
      <trkpt lat="30.753280185163021087646484375" lon="108.445634879171848297119140625">
        <ele>421</ele>
        <time>2026-06-16T13:43:24.000Z</time>
        <extensions>
          <ns3:TrackPointExtension>
            <ns3:hr>132</ns3:hr>
            <ns3:cad>92</ns3:cad>
          </ns3:TrackPointExtension>
        </extensions>
      </trkpt>
      <trkpt lat="30.75327507220208644866943359375" lon="108.44561283476650714874267578125">
        <ele>420.79998779296875</ele>
        <time>2026-06-16T13:43:25.000Z</time>
        <extensions>
          <ns3:TrackPointExtension>
            <ns3:hr>132</ns3:hr>
            <ns3:cad>92</ns3:cad>
          </ns3:TrackPointExtension>
        </extensions>
      </trkpt>
      <trkpt lat="30.75327574275434017181396484375" lon="108.4455911256372928619384765625">
        <ele>420.79998779296875</ele>
        <time>2026-06-16T13:43:26.000Z</time>
        <extensions>
          <ns3:TrackPointExtension>
            <ns3:hr>133</ns3:hr>
            <ns3:cad>92</ns3:cad>
          </ns3:TrackPointExtension>
        </extensions>
      </trkpt>
      <trkpt lat="30.75327306054532527923583984375" lon="108.44556572847068309783935546875">
        <ele>420.79998779296875</ele>
        <time>2026-06-16T13:43:27.000Z</time>
        <extensions>
          <ns3:TrackPointExtension>
            <ns3:hr>133</ns3:hr>
            <ns3:cad>92</ns3:cad>
          </ns3:TrackPointExtension>
        </extensions>
      </trkpt>
      <trkpt lat="30.75327423401176929473876953125" lon="108.44554443843662738800048828125">
        <ele>420.79998779296875</ele>
        <time>2026-06-16T13:43:28.000Z</time>
        <extensions>
          <ns3:TrackPointExtension>
            <ns3:hr>133</ns3:hr>
            <ns3:cad>92</ns3:cad>
          </ns3:TrackPointExtension>
        </extensions>
      </trkpt>
      <trkpt lat="30.75327909551560878753662109375" lon="108.44551744870841503143310546875">
        <ele>420.79998779296875</ele>
        <time>2026-06-16T13:43:29.000Z</time>
        <extensions>
          <ns3:TrackPointExtension>
            <ns3:hr>134</ns3:hr>
            <ns3:cad>93</ns3:cad>
          </ns3:TrackPointExtension>
        </extensions>
      </trkpt>
      <trkpt lat="30.75327758677303791046142578125" lon="108.44549305737018585205078125">
        <ele>420.79998779296875</ele>
        <time>2026-06-16T13:43:30.000Z</time>
        <extensions>
          <ns3:TrackPointExtension>
            <ns3:hr>134</ns3:hr>
            <ns3:cad>93</ns3:cad>
          </ns3:TrackPointExtension>
        </extensions>
      </trkpt>
      <trkpt lat="30.7532726414501667022705078125" lon="108.4454643912613391876220703125">
        <ele>420.79998779296875</ele>
        <time>2026-06-16T13:43:31.000Z</time>
        <extensions>
          <ns3:TrackPointExtension>
            <ns3:hr>134</ns3:hr>
            <ns3:cad>93</ns3:cad>
          </ns3:TrackPointExtension>
        </extensions>
      </trkpt>
      <trkpt lat="30.7532625831663608551025390625" lon="108.44544771127402782440185546875">
        <ele>420.79998779296875</ele>
        <time>2026-06-16T13:43:32.000Z</time>
        <extensions>
          <ns3:TrackPointExtension>
            <ns3:hr>134</ns3:hr>
            <ns3:cad>93</ns3:cad>
          </ns3:TrackPointExtension>
        </extensions>
      </trkpt>
      <trkpt lat="30.75325378216803073883056640625" lon="108.44542189501225948333740234375">
        <ele>420.79998779296875</ele>
        <time>2026-06-16T13:43:33.000Z</time>
        <extensions>
          <ns3:TrackPointExtension>
            <ns3:hr>133</ns3:hr>
            <ns3:cad>93</ns3:cad>
          </ns3:TrackPointExtension>
        </extensions>
      </trkpt>
      <trkpt lat="30.7532438077032566070556640625" lon="108.44540446065366268157958984375">
        <ele>420.79998779296875</ele>
        <time>2026-06-16T13:43:34.000Z</time>
        <extensions>
          <ns3:TrackPointExtension>
            <ns3:hr>133</ns3:hr>
            <ns3:cad>92</ns3:cad>
          </ns3:TrackPointExtension>
        </extensions>
      </trkpt>
      <trkpt lat="30.753233917057514190673828125" lon="108.445381410419940948486328125">
        <ele>420.79998779296875</ele>
        <time>2026-06-16T13:43:35.000Z</time>
        <extensions>
          <ns3:TrackPointExtension>
            <ns3:hr>132</ns3:hr>
            <ns3:cad>92</ns3:cad>
          </ns3:TrackPointExtension>
        </extensions>
      </trkpt>
      <trkpt lat="30.75322226621210575103759765625" lon="108.44536271877586841583251953125">
        <ele>420.79998779296875</ele>
        <time>2026-06-16T13:43:36.000Z</time>
        <extensions>
          <ns3:TrackPointExtension>
            <ns3:hr>131</ns3:hr>
            <ns3:cad>92</ns3:cad>
          </ns3:TrackPointExtension>
        </extensions>
      </trkpt>
      <trkpt lat="30.75321338139474391937255859375" lon="108.44534025527536869049072265625">
        <ele>420.79998779296875</ele>
        <time>2026-06-16T13:43:37.000Z</time>
        <extensions>
          <ns3:TrackPointExtension>
            <ns3:hr>131</ns3:hr>
            <ns3:cad>92</ns3:cad>
          </ns3:TrackPointExtension>
        </extensions>
      </trkpt>
      <trkpt lat="30.75320047326385974884033203125" lon="108.44532139599323272705078125">
        <ele>420.79998779296875</ele>
        <time>2026-06-16T13:43:38.000Z</time>
        <extensions>
          <ns3:TrackPointExtension>
            <ns3:hr>130</ns3:hr>
            <ns3:cad>93</ns3:cad>
          </ns3:TrackPointExtension>
        </extensions>
      </trkpt>
      <trkpt lat="30.75318739749491214752197265625" lon="108.44530035741627216339111328125">
        <ele>420.79998779296875</ele>
        <time>2026-06-16T13:43:39.000Z</time>
        <extensions>
          <ns3:TrackPointExtension>
            <ns3:hr>129</ns3:hr>
            <ns3:cad>93</ns3:cad>
          </ns3:TrackPointExtension>
        </extensions>
      </trkpt>
      <trkpt lat="30.75317323207855224609375" lon="108.44527688808739185333251953125">
        <ele>420.79998779296875</ele>
        <time>2026-06-16T13:43:40.000Z</time>
        <extensions>
          <ns3:TrackPointExtension>
            <ns3:hr>129</ns3:hr>
            <ns3:cad>92</ns3:cad>
          </ns3:TrackPointExtension>
        </extensions>
      </trkpt>
      <trkpt lat="30.75316644273698329925537109375" lon="108.44525760971009731292724609375">
        <ele>420.79998779296875</ele>
        <time>2026-06-16T13:43:41.000Z</time>
        <extensions>
          <ns3:TrackPointExtension>
            <ns3:hr>129</ns3:hr>
            <ns3:cad>92</ns3:cad>
          </ns3:TrackPointExtension>
        </extensions>
      </trkpt>
      <trkpt lat="30.753160156309604644775390625" lon="108.4452330507338047027587890625">
        <ele>420.79998779296875</ele>
        <time>2026-06-16T13:43:42.000Z</time>
        <extensions>
          <ns3:TrackPointExtension>
            <ns3:hr>129</ns3:hr>
            <ns3:cad>92</ns3:cad>
          </ns3:TrackPointExtension>
        </extensions>
      </trkpt>
      <trkpt lat="30.75315336696803569793701171875" lon="108.44521352089941501617431640625">
        <ele>420.600006103515625</ele>
        <time>2026-06-16T13:43:43.000Z</time>
        <extensions>
          <ns3:TrackPointExtension>
            <ns3:hr>129</ns3:hr>
            <ns3:cad>92</ns3:cad>
          </ns3:TrackPointExtension>
        </extensions>
      </trkpt>
      <trkpt lat="30.753154456615447998046875" lon="108.44518468715250492095947265625">
        <ele>420.600006103515625</ele>
        <time>2026-06-16T13:43:44.000Z</time>
        <extensions>
          <ns3:TrackPointExtension>
            <ns3:hr>129</ns3:hr>
            <ns3:cad>93</ns3:cad>
          </ns3:TrackPointExtension>
        </extensions>
      </trkpt>
      <trkpt lat="30.7531477510929107666015625" lon="108.445164151489734649658203125">
        <ele>420.600006103515625</ele>
        <time>2026-06-16T13:43:45.000Z</time>
        <extensions>
          <ns3:TrackPointExtension>
            <ns3:hr>129</ns3:hr>
            <ns3:cad>94</ns3:cad>
          </ns3:TrackPointExtension>
        </extensions>
      </trkpt>
      <trkpt lat="30.7531415484845638275146484375" lon="108.4451411850750446319580078125">
        <ele>420.600006103515625</ele>
        <time>2026-06-16T13:43:46.000Z</time>
        <extensions>
          <ns3:TrackPointExtension>
            <ns3:hr>129</ns3:hr>
            <ns3:cad>94</ns3:cad>
          </ns3:TrackPointExtension>
        </extensions>
      </trkpt>
      <trkpt lat="30.75312889181077480316162109375" lon="108.44513095915317535400390625">
        <ele>420.600006103515625</ele>
        <time>2026-06-16T13:43:47.000Z</time>
        <extensions>
          <ns3:TrackPointExtension>
            <ns3:hr>130</ns3:hr>
            <ns3:cad>94</ns3:cad>
          </ns3:TrackPointExtension>
        </extensions>
      </trkpt>
      <trkpt lat="30.75311313383281230926513671875" lon="108.445119895040988922119140625">
        <ele>420.600006103515625</ele>
        <time>2026-06-16T13:43:48.000Z</time>
        <extensions>
          <ns3:TrackPointExtension>
            <ns3:hr>130</ns3:hr>
            <ns3:cad>94</ns3:cad>
          </ns3:TrackPointExtension>
        </extensions>
      </trkpt>
      <trkpt lat="30.75309704057872295379638671875" lon="108.44511930830776691436767578125">
        <ele>420.600006103515625</ele>
        <time>2026-06-16T13:43:49.000Z</time>
        <extensions>
          <ns3:TrackPointExtension>
            <ns3:hr>130</ns3:hr>
            <ns3:cad>93</ns3:cad>
          </ns3:TrackPointExtension>
        </extensions>
      </trkpt>
      <trkpt lat="30.75307826511561870574951171875" lon="108.44511218369007110595703125">
        <ele>420.79998779296875</ele>
        <time>2026-06-16T13:43:50.000Z</time>
        <extensions>
          <ns3:TrackPointExtension>
            <ns3:hr>130</ns3:hr>
            <ns3:cad>93</ns3:cad>
          </ns3:TrackPointExtension>
        </extensions>
      </trkpt>
      <trkpt lat="30.7530570589005947113037109375" lon="108.4451120160520076751708984375">
        <ele>420.79998779296875</ele>
        <time>2026-06-16T13:43:51.000Z</time>
        <extensions>
          <ns3:TrackPointExtension>
            <ns3:hr>129</ns3:hr>
            <ns3:cad>93</ns3:cad>
          </ns3:TrackPointExtension>
        </extensions>
      </trkpt>
      <trkpt lat="30.75303887017071247100830078125" lon="108.44510874710977077484130859375">
        <ele>420.79998779296875</ele>
        <time>2026-06-16T13:43:52.000Z</time>
        <extensions>
          <ns3:TrackPointExtension>
            <ns3:hr>130</ns3:hr>
            <ns3:cad>93</ns3:cad>
          </ns3:TrackPointExtension>
        </extensions>
      </trkpt>
      <trkpt lat="30.7530158199369907379150390625" lon="108.4451059810817241668701171875">
        <ele>420.79998779296875</ele>
        <time>2026-06-16T13:43:53.000Z</time>
        <extensions>
          <ns3:TrackPointExtension>
            <ns3:hr>130</ns3:hr>
            <ns3:cad>93</ns3:cad>
          </ns3:TrackPointExtension>
        </extensions>
      </trkpt>
      <trkpt lat="30.7529950328171253204345703125" lon="108.4451059810817241668701171875">
        <ele>420.79998779296875</ele>
        <time>2026-06-16T13:43:54.000Z</time>
        <extensions>
          <ns3:TrackPointExtension>
            <ns3:hr>129</ns3:hr>
            <ns3:cad>93</ns3:cad>
          </ns3:TrackPointExtension>
        </extensions>
      </trkpt>
      <trkpt lat="30.75296938419342041015625" lon="108.4451116807758808135986328125">
        <ele>420.600006103515625</ele>
        <time>2026-06-16T13:43:55.000Z</time>
        <extensions>
          <ns3:TrackPointExtension>
            <ns3:hr>130</ns3:hr>
            <ns3:cad>93</ns3:cad>
          </ns3:TrackPointExtension>
        </extensions>
      </trkpt>
      <trkpt lat="30.75295287184417247772216796875" lon="108.4451197274029254913330078125">
        <ele>420.79998779296875</ele>
        <time>2026-06-16T13:43:56.000Z</time>
        <extensions>
          <ns3:TrackPointExtension>
            <ns3:hr>130</ns3:hr>
            <ns3:cad>93</ns3:cad>
          </ns3:TrackPointExtension>
        </extensions>
      </trkpt>
      <trkpt lat="30.75293191708624362945556640625" lon="108.44512148760259151458740234375">
        <ele>420.79998779296875</ele>
        <time>2026-06-16T13:43:57.000Z</time>
        <extensions>
          <ns3:TrackPointExtension>
            <ns3:hr>130</ns3:hr>
            <ns3:cad>91</ns3:cad>
          </ns3:TrackPointExtension>
        </extensions>
      </trkpt>
      <trkpt lat="30.75291515327990055084228515625" lon="108.44512157142162322998046875">
        <ele>420.600006103515625</ele>
        <time>2026-06-16T13:43:58.000Z</time>
        <extensions>
          <ns3:TrackPointExtension>
            <ns3:hr>129</ns3:hr>
            <ns3:cad>91</ns3:cad>
          </ns3:TrackPointExtension>
        </extensions>
      </trkpt>
      <trkpt lat="30.75289386324584484100341796875" lon="108.44511461444199085235595703125">
        <ele>420.600006103515625</ele>
        <time>2026-06-16T13:43:59.000Z</time>
        <extensions>
          <ns3:TrackPointExtension>
            <ns3:hr>130</ns3:hr>
            <ns3:cad>91</ns3:cad>
          </ns3:TrackPointExtension>
        </extensions>
      </trkpt>
      <trkpt lat="30.752877183258533477783203125" lon="108.44511796720325946807861328125">
        <ele>420.600006103515625</ele>
        <time>2026-06-16T13:44:00.000Z</time>
        <extensions>
          <ns3:TrackPointExtension>
            <ns3:hr>129</ns3:hr>
            <ns3:cad>91</ns3:cad>
          </ns3:TrackPointExtension>
        </extensions>
      </trkpt>
      <trkpt lat="30.75285547412931919097900390625" lon="108.4451113454997539520263671875">
        <ele>420.600006103515625</ele>
        <time>2026-06-16T13:44:01.000Z</time>
        <extensions>
          <ns3:TrackPointExtension>
            <ns3:hr>129</ns3:hr>
            <ns3:cad>92</ns3:cad>
          </ns3:TrackPointExtension>
        </extensions>
      </trkpt>
      <trkpt lat="30.75283502228558063507080078125" lon="108.44511260278522968292236328125">
        <ele>420.79998779296875</ele>
        <time>2026-06-16T13:44:02.000Z</time>
        <extensions>
          <ns3:TrackPointExtension>
            <ns3:hr>129</ns3:hr>
            <ns3:cad>92</ns3:cad>
          </ns3:TrackPointExtension>
        </extensions>
      </trkpt>
      <trkpt lat="30.75281524099409580230712890625" lon="108.4451083280146121978759765625">
        <ele>420.79998779296875</ele>
        <time>2026-06-16T13:44:03.000Z</time>
        <extensions>
          <ns3:TrackPointExtension>
            <ns3:hr>128</ns3:hr>
            <ns3:cad>93</ns3:cad>
          </ns3:TrackPointExtension>
        </extensions>
      </trkpt>
      <trkpt lat="30.75279244221746921539306640625" lon="108.44510723836719989776611328125">
        <ele>420.79998779296875</ele>
        <time>2026-06-16T13:44:04.000Z</time>
        <extensions>
          <ns3:TrackPointExtension>
            <ns3:hr>127</ns3:hr>
            <ns3:cad>94</ns3:cad>
          </ns3:TrackPointExtension>
        </extensions>
      </trkpt>
      <trkpt lat="30.75277551077306270599365234375" lon="108.445106483995914459228515625">
        <ele>420.79998779296875</ele>
        <time>2026-06-16T13:44:05.000Z</time>
        <extensions>
          <ns3:TrackPointExtension>
            <ns3:hr>127</ns3:hr>
            <ns3:cad>93</ns3:cad>
          </ns3:TrackPointExtension>
        </extensions>
      </trkpt>
      <trkpt lat="30.752753131091594696044921875" lon="108.4451049752533435821533203125">
        <ele>420.79998779296875</ele>
        <time>2026-06-16T13:44:06.000Z</time>
        <extensions>
          <ns3:TrackPointExtension>
            <ns3:hr>126</ns3:hr>
            <ns3:cad>93</ns3:cad>
          </ns3:TrackPointExtension>
        </extensions>
      </trkpt>
      <trkpt lat="30.75273594819009304046630859375" lon="108.4451046399772167205810546875">
        <ele>420.79998779296875</ele>
        <time>2026-06-16T13:44:07.000Z</time>
        <extensions>
          <ns3:TrackPointExtension>
            <ns3:hr>125</ns3:hr>
            <ns3:cad>93</ns3:cad>
          </ns3:TrackPointExtension>
        </extensions>
      </trkpt>
      <trkpt lat="30.7527140714228153228759765625" lon="108.44510606490075588226318359375">
        <ele>420.79998779296875</ele>
        <time>2026-06-16T13:44:08.000Z</time>
        <extensions>
          <ns3:TrackPointExtension>
            <ns3:hr>125</ns3:hr>
            <ns3:cad>93</ns3:cad>
          </ns3:TrackPointExtension>
        </extensions>
      </trkpt>
      <trkpt lat="30.7526973076164722442626953125" lon="108.44510723836719989776611328125">
        <ele>420.79998779296875</ele>
        <time>2026-06-16T13:44:09.000Z</time>
        <extensions>
          <ns3:TrackPointExtension>
            <ns3:hr>124</ns3:hr>
            <ns3:cad>93</ns3:cad>
          </ns3:TrackPointExtension>
        </extensions>
      </trkpt>
      <trkpt lat="30.7526730000972747802734375" lon="108.445101119577884674072265625">
        <ele>420.79998779296875</ele>
        <time>2026-06-16T13:44:10.000Z</time>
        <extensions>
          <ns3:TrackPointExtension>
            <ns3:hr>124</ns3:hr>
            <ns3:cad>93</ns3:cad>
          </ns3:TrackPointExtension>
        </extensions>
      </trkpt>
      <trkpt lat="30.7526577450335025787353515625" lon="108.44510505907237529754638671875">
        <ele>420.79998779296875</ele>
        <time>2026-06-16T13:44:11.000Z</time>
        <extensions>
          <ns3:TrackPointExtension>
            <ns3:hr>124</ns3:hr>
            <ns3:cad>93</ns3:cad>
          </ns3:TrackPointExtension>
        </extensions>
      </trkpt>
      <trkpt lat="30.75263335369527339935302734375" lon="108.4451006166636943817138671875">
        <ele>420.79998779296875</ele>
        <time>2026-06-16T13:44:12.000Z</time>
        <extensions>
          <ns3:TrackPointExtension>
            <ns3:hr>124</ns3:hr>
            <ns3:cad>93</ns3:cad>
          </ns3:TrackPointExtension>
        </extensions>
      </trkpt>
      <trkpt lat="30.75261843390762805938720703125" lon="108.4451083280146121978759765625">
        <ele>420.79998779296875</ele>
        <time>2026-06-16T13:44:13.000Z</time>
        <extensions>
          <ns3:TrackPointExtension>
            <ns3:hr>123</ns3:hr>
            <ns3:cad>93</ns3:cad>
          </ns3:TrackPointExtension>
        </extensions>
      </trkpt>
      <trkpt lat="30.75259697623550891876220703125" lon="108.44510690309107303619384765625">
        <ele>420.79998779296875</ele>
        <time>2026-06-16T13:44:14.000Z</time>
        <extensions>
          <ns3:TrackPointExtension>
            <ns3:hr>123</ns3:hr>
            <ns3:cad>93</ns3:cad>
          </ns3:TrackPointExtension>
        </extensions>
      </trkpt>
      <trkpt lat="30.752580463886260986328125" lon="108.44511092640459537506103515625">
        <ele>420.79998779296875</ele>
        <time>2026-06-16T13:44:15.000Z</time>
        <extensions>
          <ns3:TrackPointExtension>
            <ns3:hr>123</ns3:hr>
            <ns3:cad>93</ns3:cad>
          </ns3:TrackPointExtension>
        </extensions>
      </trkpt>
      <trkpt lat="30.7525621913373470306396484375" lon="108.44509986229240894317626953125">
        <ele>420.79998779296875</ele>
        <time>2026-06-16T13:44:16.000Z</time>
        <extensions>
          <ns3:TrackPointExtension>
            <ns3:hr>124</ns3:hr>
            <ns3:cad>92</ns3:cad>
          </ns3:TrackPointExtension>
        </extensions>
      </trkpt>
      <trkpt lat="30.7525469362735748291015625" lon="108.445100449025630950927734375">
        <ele>420.79998779296875</ele>
        <time>2026-06-16T13:44:17.000Z</time>
        <extensions>
          <ns3:TrackPointExtension>
            <ns3:hr>124</ns3:hr>
            <ns3:cad>92</ns3:cad>
          </ns3:TrackPointExtension>
        </extensions>
      </trkpt>
      <trkpt lat="30.75252539478242397308349609375" lon="108.44508829526603221893310546875">
        <ele>420.79998779296875</ele>
        <time>2026-06-16T13:44:18.000Z</time>
        <extensions>
          <ns3:TrackPointExtension>
            <ns3:hr>124</ns3:hr>
            <ns3:cad>93</ns3:cad>
          </ns3:TrackPointExtension>
        </extensions>
      </trkpt>
      <trkpt lat="30.752507038414478302001953125" lon="108.44508745707571506500244140625">
        <ele>420.79998779296875</ele>
        <time>2026-06-16T13:44:19.000Z</time>
        <extensions>
          <ns3:TrackPointExtension>
            <ns3:hr>124</ns3:hr>
            <ns3:cad>93</ns3:cad>
          </ns3:TrackPointExtension>
        </extensions>
      </trkpt>
      <trkpt lat="30.752486251294612884521484375" lon="108.44508209265768527984619140625">
        <ele>420.79998779296875</ele>
        <time>2026-06-16T13:44:20.000Z</time>
        <extensions>
          <ns3:TrackPointExtension>
            <ns3:hr>124</ns3:hr>
            <ns3:cad>92</ns3:cad>
          </ns3:TrackPointExtension>
        </extensions>
      </trkpt>
      <trkpt lat="30.7524664700031280517578125" lon="108.44508427195250988006591796875">
        <ele>420.79998779296875</ele>
        <time>2026-06-16T13:44:21.000Z</time>
        <extensions>
          <ns3:TrackPointExtension>
            <ns3:hr>124</ns3:hr>
            <ns3:cad>92</ns3:cad>
          </ns3:TrackPointExtension>
        </extensions>
      </trkpt>
      <trkpt lat="30.7524476945400238037109375" lon="108.44508008100092411041259765625">
        <ele>420.79998779296875</ele>
        <time>2026-06-16T13:44:22.000Z</time>
        <extensions>
          <ns3:TrackPointExtension>
            <ns3:hr>125</ns3:hr>
            <ns3:cad>92</ns3:cad>
          </ns3:TrackPointExtension>
        </extensions>
      </trkpt>
      <trkpt lat="30.75242531485855579376220703125" lon="108.44508175738155841827392578125">
        <ele>420.79998779296875</ele>
        <time>2026-06-16T13:44:23.000Z</time>
        <extensions>
          <ns3:TrackPointExtension>
            <ns3:hr>125</ns3:hr>
            <ns3:cad>92</ns3:cad>
          </ns3:TrackPointExtension>
        </extensions>
      </trkpt>
      <trkpt lat="30.75240486301481723785400390625" lon="108.44508125446736812591552734375">
        <ele>420.79998779296875</ele>
        <time>2026-06-16T13:44:24.000Z</time>
        <extensions>
          <ns3:TrackPointExtension>
            <ns3:hr>126</ns3:hr>
            <ns3:cad>92</ns3:cad>
          </ns3:TrackPointExtension>
        </extensions>
      </trkpt>
      <trkpt lat="30.75238273479044437408447265625" lon="108.44508863054215908050537109375">
        <ele>420.600006103515625</ele>
        <time>2026-06-16T13:44:25.000Z</time>
        <extensions>
          <ns3:TrackPointExtension>
            <ns3:hr>127</ns3:hr>
            <ns3:cad>92</ns3:cad>
          </ns3:TrackPointExtension>
        </extensions>
      </trkpt>
      <trkpt lat="30.75236462987959384918212890625" lon="108.4450900554656982421875">
        <ele>420.600006103515625</ele>
        <time>2026-06-16T13:44:26.000Z</time>
        <extensions>
          <ns3:TrackPointExtension>
            <ns3:hr>128</ns3:hr>
            <ns3:cad>92</ns3:cad>
          </ns3:TrackPointExtension>
        </extensions>
      </trkpt>
      <trkpt lat="30.75234199874103069305419921875" lon="108.44509248621761798858642578125">
        <ele>420.79998779296875</ele>
        <time>2026-06-16T13:44:27.000Z</time>
        <extensions>
          <ns3:TrackPointExtension>
            <ns3:hr>128</ns3:hr>
            <ns3:cad>92</ns3:cad>
          </ns3:TrackPointExtension>
        </extensions>
      </trkpt>
      <trkpt lat="30.75232741422951221466064453125" lon="108.44509801827371120452880859375">
        <ele>420.79998779296875</ele>
        <time>2026-06-16T13:44:28.000Z</time>
        <extensions>
          <ns3:TrackPointExtension>
            <ns3:hr>128</ns3:hr>
            <ns3:cad>93</ns3:cad>
          </ns3:TrackPointExtension>
        </extensions>
      </trkpt>
      <trkpt lat="30.7523016817867755889892578125" lon="108.44510338269174098968505859375">
        <ele>420.79998779296875</ele>
        <time>2026-06-16T13:44:29.000Z</time>
        <extensions>
          <ns3:TrackPointExtension>
            <ns3:hr>128</ns3:hr>
            <ns3:cad>93</ns3:cad>
          </ns3:TrackPointExtension>
        </extensions>
      </trkpt>
      <trkpt lat="30.75228340923786163330078125" lon="108.44510614871978759765625">
        <ele>420.79998779296875</ele>
        <time>2026-06-16T13:44:30.000Z</time>
        <extensions>
          <ns3:TrackPointExtension>
            <ns3:hr>128</ns3:hr>
            <ns3:cad>93</ns3:cad>
          </ns3:TrackPointExtension>
        </extensions>
      </trkpt>
      <trkpt lat="30.7522604428231716156005859375" lon="108.44510220922529697418212890625">
        <ele>420.79998779296875</ele>
        <time>2026-06-16T13:44:31.000Z</time>
        <extensions>
          <ns3:TrackPointExtension>
            <ns3:hr>128</ns3:hr>
            <ns3:cad>92</ns3:cad>
          </ns3:TrackPointExtension>
        </extensions>
      </trkpt>
      <trkpt lat="30.7522430084645748138427734375" lon="108.44510757364332675933837890625">
        <ele>420.79998779296875</ele>
        <time>2026-06-16T13:44:32.000Z</time>
        <extensions>
          <ns3:TrackPointExtension>
            <ns3:hr>128</ns3:hr>
            <ns3:cad>92</ns3:cad>
          </ns3:TrackPointExtension>
        </extensions>
      </trkpt>
      <trkpt lat="30.752218700945377349853515625" lon="108.4451022930443286895751953125">
        <ele>420.79998779296875</ele>
        <time>2026-06-16T13:44:33.000Z</time>
        <extensions>
          <ns3:TrackPointExtension>
            <ns3:hr>128</ns3:hr>
            <ns3:cad>92</ns3:cad>
          </ns3:TrackPointExtension>
        </extensions>
      </trkpt>
      <trkpt lat="30.7522036135196685791015625" lon="108.44510413706302642822265625">
        <ele>420.79998779296875</ele>
        <time>2026-06-16T13:44:34.000Z</time>
        <extensions>
          <ns3:TrackPointExtension>
            <ns3:hr>128</ns3:hr>
            <ns3:cad>92</ns3:cad>
          </ns3:TrackPointExtension>
        </extensions>
      </trkpt>
      <trkpt lat="30.7521816529333591461181640625" lon="108.44509969465434551239013671875">
        <ele>420.600006103515625</ele>
        <time>2026-06-16T13:44:35.000Z</time>
        <extensions>
          <ns3:TrackPointExtension>
            <ns3:hr>128</ns3:hr>
            <ns3:cad>92</ns3:cad>
          </ns3:TrackPointExtension>
        </extensions>
      </trkpt>
      <trkpt lat="30.7521655596792697906494140625" lon="108.44510640017688274383544921875">
        <ele>420.600006103515625</ele>
        <time>2026-06-16T13:44:36.000Z</time>
        <extensions>
          <ns3:TrackPointExtension>
            <ns3:hr>128</ns3:hr>
            <ns3:cad>92</ns3:cad>
          </ns3:TrackPointExtension>
        </extensions>
      </trkpt>
      <trkpt lat="30.7521494664251804351806640625" lon="108.4451053105294704437255859375">
        <ele>420.600006103515625</ele>
        <time>2026-06-16T13:44:37.000Z</time>
        <extensions>
          <ns3:TrackPointExtension>
            <ns3:hr>128</ns3:hr>
            <ns3:cad>92</ns3:cad>
          </ns3:TrackPointExtension>
        </extensions>
      </trkpt>
      <trkpt lat="30.75212893076241016387939453125" lon="108.4451059810817241668701171875">
        <ele>420.600006103515625</ele>
        <time>2026-06-16T13:44:38.000Z</time>
        <extensions>
          <ns3:TrackPointExtension>
            <ns3:hr>128</ns3:hr>
            <ns3:cad>92</ns3:cad>
          </ns3:TrackPointExtension>
        </extensions>
      </trkpt>
      <trkpt lat="30.752110071480274200439453125" lon="108.44510623253881931304931640625">
        <ele>420.600006103515625</ele>
        <time>2026-06-16T13:44:39.000Z</time>
        <extensions>
          <ns3:TrackPointExtension>
            <ns3:hr>128</ns3:hr>
            <ns3:cad>92</ns3:cad>
          </ns3:TrackPointExtension>
        </extensions>
      </trkpt>
      <trkpt lat="30.752087943255901336669921875" lon="108.44510740600526332855224609375">
        <ele>420.600006103515625</ele>
        <time>2026-06-16T13:44:40.000Z</time>
        <extensions>
          <ns3:TrackPointExtension>
            <ns3:hr>129</ns3:hr>
            <ns3:cad>92</ns3:cad>
          </ns3:TrackPointExtension>
        </extensions>
      </trkpt>
      <trkpt lat="30.75207176618278026580810546875" lon="108.44511293806135654449462890625">
        <ele>420.600006103515625</ele>
        <time>2026-06-16T13:44:41.000Z</time>
        <extensions>
          <ns3:TrackPointExtension>
            <ns3:hr>129</ns3:hr>
            <ns3:cad>94</ns3:cad>
          </ns3:TrackPointExtension>
        </extensions>
      </trkpt>
      <trkpt lat="30.752048380672931671142578125" lon="108.44511947594583034515380859375">
        <ele>420.600006103515625</ele>
        <time>2026-06-16T13:44:42.000Z</time>
        <extensions>
          <ns3:TrackPointExtension>
            <ns3:hr>129</ns3:hr>
            <ns3:cad>94</ns3:cad>
          </ns3:TrackPointExtension>
        </extensions>
      </trkpt>
      <trkpt lat="30.7520324550569057464599609375" lon="108.44512869603931903839111328125">
        <ele>420.600006103515625</ele>
        <time>2026-06-16T13:44:43.000Z</time>
        <extensions>
          <ns3:TrackPointExtension>
            <ns3:hr>129</ns3:hr>
            <ns3:cad>94</ns3:cad>
          </ns3:TrackPointExtension>
        </extensions>
      </trkpt>
      <trkpt lat="30.75200739316642284393310546875" lon="108.4451291151344776153564453125">
        <ele>420.600006103515625</ele>
        <time>2026-06-16T13:44:44.000Z</time>
        <extensions>
          <ns3:TrackPointExtension>
            <ns3:hr>130</ns3:hr>
            <ns3:cad>94</ns3:cad>
          </ns3:TrackPointExtension>
        </extensions>
      </trkpt>
      <trkpt lat="30.75199046172201633453369140625" lon="108.44513364136219024658203125">
        <ele>420.600006103515625</ele>
        <time>2026-06-16T13:44:45.000Z</time>
        <extensions>
          <ns3:TrackPointExtension>
            <ns3:hr>129</ns3:hr>
            <ns3:cad>93</ns3:cad>
          </ns3:TrackPointExtension>
        </extensions>
      </trkpt>
      <trkpt lat="30.75196682475507259368896484375" lon="108.445129953324794769287109375">
        <ele>420.600006103515625</ele>
        <time>2026-06-16T13:44:46.000Z</time>
        <extensions>
          <ns3:TrackPointExtension>
            <ns3:hr>129</ns3:hr>
            <ns3:cad>93</ns3:cad>
          </ns3:TrackPointExtension>
        </extensions>
      </trkpt>
      <trkpt lat="30.7519493065774440765380859375" lon="108.445135653018951416015625">
        <ele>420.600006103515625</ele>
        <time>2026-06-16T13:44:47.000Z</time>
        <extensions>
          <ns3:TrackPointExtension>
            <ns3:hr>129</ns3:hr>
            <ns3:cad>93</ns3:cad>
          </ns3:TrackPointExtension>
        </extensions>
      </trkpt>
      <trkpt lat="30.7519285194575786590576171875" lon="108.4451361559331417083740234375">
        <ele>420.600006103515625</ele>
        <time>2026-06-16T13:44:48.000Z</time>
        <extensions>
          <ns3:TrackPointExtension>
            <ns3:hr>128</ns3:hr>
            <ns3:cad>92</ns3:cad>
          </ns3:TrackPointExtension>
        </extensions>
      </trkpt>
      <trkpt lat="30.7519104145467281341552734375" lon="108.4451448731124401092529296875">
        <ele>420.79998779296875</ele>
        <time>2026-06-16T13:44:49.000Z</time>
        <extensions>
          <ns3:TrackPointExtension>
            <ns3:hr>128</ns3:hr>
            <ns3:cad>92</ns3:cad>
          </ns3:TrackPointExtension>
        </extensions>
      </trkpt>
      <trkpt lat="30.75189306400716304779052734375" lon="108.44515099190175533294677734375">
        <ele>420.79998779296875</ele>
        <time>2026-06-16T13:44:50.000Z</time>
        <extensions>
          <ns3:TrackPointExtension>
            <ns3:hr>128</ns3:hr>
            <ns3:cad>91</ns3:cad>
          </ns3:TrackPointExtension>
        </extensions>
      </trkpt>
      <trkpt lat="30.7518745400011539459228515625" lon="108.44516825862228870391845703125">
        <ele>420.79998779296875</ele>
        <time>2026-06-16T13:44:51.000Z</time>
        <extensions>
          <ns3:TrackPointExtension>
            <ns3:hr>128</ns3:hr>
            <ns3:cad>92</ns3:cad>
          </ns3:TrackPointExtension>
        </extensions>
      </trkpt>
      <trkpt lat="30.75185819528996944427490234375" lon="108.44518099911510944366455078125">
        <ele>420.79998779296875</ele>
        <time>2026-06-16T13:44:52.000Z</time>
        <extensions>
          <ns3:TrackPointExtension>
            <ns3:hr>128</ns3:hr>
            <ns3:cad>92</ns3:cad>
          </ns3:TrackPointExtension>
        </extensions>
      </trkpt>
      <trkpt lat="30.7518410123884677886962890625" lon="108.4452032111585140228271484375">
        <ele>420.79998779296875</ele>
        <time>2026-06-16T13:44:53.000Z</time>
        <extensions>
          <ns3:TrackPointExtension>
            <ns3:hr>128</ns3:hr>
            <ns3:cad>93</ns3:cad>
          </ns3:TrackPointExtension>
        </extensions>
      </trkpt>
      <trkpt lat="30.75182885862886905670166015625" lon="108.4452176280319690704345703125">
        <ele>420.79998779296875</ele>
        <time>2026-06-16T13:44:54.000Z</time>
        <extensions>
          <ns3:TrackPointExtension>
            <ns3:hr>129</ns3:hr>
            <ns3:cad>94</ns3:cad>
          </ns3:TrackPointExtension>
        </extensions>
      </trkpt>
      <trkpt lat="30.75181276537477970123291015625" lon="108.44523900188505649566650390625">
        <ele>420.79998779296875</ele>
        <time>2026-06-16T13:44:55.000Z</time>
        <extensions>
          <ns3:TrackPointExtension>
            <ns3:hr>130</ns3:hr>
            <ns3:cad>94</ns3:cad>
          </ns3:TrackPointExtension>
        </extensions>
      </trkpt>
      <trkpt lat="30.75180287472903728485107421875" lon="108.4452550113201141357421875">
        <ele>420.79998779296875</ele>
        <time>2026-06-16T13:44:56.000Z</time>
        <extensions>
          <ns3:TrackPointExtension>
            <ns3:hr>129</ns3:hr>
            <ns3:cad>94</ns3:cad>
          </ns3:TrackPointExtension>
        </extensions>
      </trkpt>
      <trkpt lat="30.75178577564656734466552734375" lon="108.44527722336351871490478515625">
        <ele>420.79998779296875</ele>
        <time>2026-06-16T13:44:57.000Z</time>
        <extensions>
          <ns3:TrackPointExtension>
            <ns3:hr>130</ns3:hr>
            <ns3:cad>93</ns3:cad>
          </ns3:TrackPointExtension>
        </extensions>
      </trkpt>
      <trkpt lat="30.751775465905666351318359375" lon="108.445294238626956939697265625">
        <ele>420.79998779296875</ele>
        <time>2026-06-16T13:44:58.000Z</time>
        <extensions>
          <ns3:TrackPointExtension>
            <ns3:hr>130</ns3:hr>
            <ns3:cad>92</ns3:cad>
          </ns3:TrackPointExtension>
        </extensions>
      </trkpt>
      <trkpt lat="30.751750655472278594970703125" lon="108.4453118406236171722412109375">
        <ele>420.79998779296875</ele>
        <time>2026-06-16T13:44:59.000Z</time>
        <extensions>
          <ns3:TrackPointExtension>
            <ns3:hr>130</ns3:hr>
            <ns3:cad>92</ns3:cad>
          </ns3:TrackPointExtension>
        </extensions>
      </trkpt>
      <trkpt lat="30.75173556804656982421875" lon="108.44532583840191364288330078125">
        <ele>420.79998779296875</ele>
        <time>2026-06-16T13:45:00.000Z</time>
        <extensions>
          <ns3:TrackPointExtension>
            <ns3:hr>131</ns3:hr>
            <ns3:cad>92</ns3:cad>
          </ns3:TrackPointExtension>
        </extensions>
      </trkpt>
      <trkpt lat="30.75171075761318206787109375" lon="108.4453410096466541290283203125">
        <ele>420.79998779296875</ele>
        <time>2026-06-16T13:45:01.000Z</time>
        <extensions>
          <ns3:TrackPointExtension>
            <ns3:hr>131</ns3:hr>
            <ns3:cad>92</ns3:cad>
          </ns3:TrackPointExtension>
        </extensions>
      </trkpt>
      <trkpt lat="30.75169960968196392059326171875" lon="108.44535626471042633056640625">
        <ele>420.79998779296875</ele>
        <time>2026-06-16T13:45:02.000Z</time>
        <extensions>
          <ns3:TrackPointExtension>
            <ns3:hr>131</ns3:hr>
            <ns3:cad>93</ns3:cad>
          </ns3:TrackPointExtension>
        </extensions>
      </trkpt>
      <trkpt lat="30.751677565276622772216796875" lon="108.4453701786696910858154296875">
        <ele>420.79998779296875</ele>
        <time>2026-06-16T13:45:03.000Z</time>
        <extensions>
          <ns3:TrackPointExtension>
            <ns3:hr>132</ns3:hr>
            <ns3:cad>93</ns3:cad>
          </ns3:TrackPointExtension>
        </extensions>
      </trkpt>
      <trkpt lat="30.75166474096477031707763671875" lon="108.44538568519055843353271484375">
        <ele>420.79998779296875</ele>
        <time>2026-06-16T13:45:04.000Z</time>
        <extensions>
          <ns3:TrackPointExtension>
            <ns3:hr>132</ns3:hr>
            <ns3:cad>92</ns3:cad>
          </ns3:TrackPointExtension>
        </extensions>
      </trkpt>
      <trkpt lat="30.7516458816826343536376953125" lon="108.44540161080658435821533203125">
        <ele>420.79998779296875</ele>
        <time>2026-06-16T13:45:05.000Z</time>
        <extensions>
          <ns3:TrackPointExtension>
            <ns3:hr>132</ns3:hr>
            <ns3:cad>92</ns3:cad>
          </ns3:TrackPointExtension>
        </extensions>
      </trkpt>
      <trkpt lat="30.75163607485592365264892578125" lon="108.44542189501225948333740234375">
        <ele>420.79998779296875</ele>
        <time>2026-06-16T13:45:06.000Z</time>
        <extensions>
          <ns3:TrackPointExtension>
            <ns3:hr>132</ns3:hr>
            <ns3:cad>92</ns3:cad>
          </ns3:TrackPointExtension>
        </extensions>
      </trkpt>
      <trkpt lat="30.75162601657211780548095703125" lon="108.44543941318988800048828125">
        <ele>420.79998779296875</ele>
        <time>2026-06-16T13:45:07.000Z</time>
        <extensions>
          <ns3:TrackPointExtension>
            <ns3:hr>133</ns3:hr>
            <ns3:cad>92</ns3:cad>
          </ns3:TrackPointExtension>
        </extensions>
      </trkpt>
      <trkpt lat="30.7516188919544219970703125" lon="108.44545844011008739471435546875">
        <ele>420.79998779296875</ele>
        <time>2026-06-16T13:45:08.000Z</time>
        <extensions>
          <ns3:TrackPointExtension>
            <ns3:hr>132</ns3:hr>
            <ns3:cad>91</ns3:cad>
          </ns3:TrackPointExtension>
        </extensions>
      </trkpt>
      <trkpt lat="30.75161092914640903472900390625" lon="108.44547822140157222747802734375">
        <ele>420.79998779296875</ele>
        <time>2026-06-16T13:45:09.000Z</time>
        <extensions>
          <ns3:TrackPointExtension>
            <ns3:hr>132</ns3:hr>
            <ns3:cad>91</ns3:cad>
          </ns3:TrackPointExtension>
        </extensions>
      </trkpt>
      <trkpt lat="30.75160682201385498046875" lon="108.44550780951976776123046875">
        <ele>420.79998779296875</ele>
        <time>2026-06-16T13:45:10.000Z</time>
        <extensions>
          <ns3:TrackPointExtension>
            <ns3:hr>133</ns3:hr>
            <ns3:cad>91</ns3:cad>
          </ns3:TrackPointExtension>
        </extensions>
      </trkpt>
      <trkpt lat="30.75160355307161808013916015625" lon="108.44552968628704547882080078125">
        <ele>420.79998779296875</ele>
        <time>2026-06-16T13:45:11.000Z</time>
        <extensions>
          <ns3:TrackPointExtension>
            <ns3:hr>132</ns3:hr>
            <ns3:cad>92</ns3:cad>
          </ns3:TrackPointExtension>
        </extensions>
      </trkpt>
      <trkpt lat="30.75159919448196887969970703125" lon="108.44555474817752838134765625">
        <ele>420.79998779296875</ele>
        <time>2026-06-16T13:45:12.000Z</time>
        <extensions>
          <ns3:TrackPointExtension>
            <ns3:hr>132</ns3:hr>
            <ns3:cad>93</ns3:cad>
          </ns3:TrackPointExtension>
        </extensions>
      </trkpt>
      <trkpt lat="30.75159885920584201812744140625" lon="108.445573858916759490966796875">
        <ele>420.600006103515625</ele>
        <time>2026-06-16T13:45:13.000Z</time>
        <extensions>
          <ns3:TrackPointExtension>
            <ns3:hr>133</ns3:hr>
            <ns3:cad>93</ns3:cad>
          </ns3:TrackPointExtension>
        </extensions>
      </trkpt>
      <trkpt lat="30.75159408152103424072265625" lon="108.4455981664359569549560546875">
        <ele>420.600006103515625</ele>
        <time>2026-06-16T13:45:14.000Z</time>
        <extensions>
          <ns3:TrackPointExtension>
            <ns3:hr>132</ns3:hr>
            <ns3:cad>93</ns3:cad>
          </ns3:TrackPointExtension>
        </extensions>
      </trkpt>
      <trkpt lat="30.7515929080545902252197265625" lon="108.44562021084129810333251953125">
        <ele>420.600006103515625</ele>
        <time>2026-06-16T13:45:15.000Z</time>
        <extensions>
          <ns3:TrackPointExtension>
            <ns3:hr>132</ns3:hr>
            <ns3:cad>92</ns3:cad>
          </ns3:TrackPointExtension>
        </extensions>
      </trkpt>
      <trkpt lat="30.75158737599849700927734375" lon="108.445646278560161590576171875">
        <ele>420.600006103515625</ele>
        <time>2026-06-16T13:45:16.000Z</time>
        <extensions>
          <ns3:TrackPointExtension>
            <ns3:hr>133</ns3:hr>
            <ns3:cad>91</ns3:cad>
          </ns3:TrackPointExtension>
        </extensions>
      </trkpt>
      <trkpt lat="30.751589052379131317138671875" lon="108.445668406784534454345703125">
        <ele>420.600006103515625</ele>
        <time>2026-06-16T13:45:17.000Z</time>
        <extensions>
          <ns3:TrackPointExtension>
            <ns3:hr>132</ns3:hr>
            <ns3:cad>91</ns3:cad>
          </ns3:TrackPointExtension>
        </extensions>
      </trkpt>
      <trkpt lat="30.751588046550750732421875" lon="108.44569514505565166473388671875">
        <ele>420.399993896484375</ele>
        <time>2026-06-16T13:45:18.000Z</time>
        <extensions>
          <ns3:TrackPointExtension>
            <ns3:hr>132</ns3:hr>
            <ns3:cad>92</ns3:cad>
          </ns3:TrackPointExtension>
        </extensions>
      </trkpt>
      <trkpt lat="30.75158997438848018646240234375" lon="108.4457185305655002593994140625">
        <ele>420.399993896484375</ele>
        <time>2026-06-16T13:45:19.000Z</time>
        <extensions>
          <ns3:TrackPointExtension>
            <ns3:hr>132</ns3:hr>
            <ns3:cad>92</ns3:cad>
          </ns3:TrackPointExtension>
        </extensions>
      </trkpt>
      <trkpt lat="30.75159139931201934814453125" lon="108.44574225135147571563720703125">
        <ele>420.600006103515625</ele>
        <time>2026-06-16T13:45:20.000Z</time>
        <extensions>
          <ns3:TrackPointExtension>
            <ns3:hr>132</ns3:hr>
            <ns3:cad>92</ns3:cad>
          </ns3:TrackPointExtension>
        </extensions>
      </trkpt>
      <trkpt lat="30.75159718282520771026611328125" lon="108.445765636861324310302734375">
        <ele>420.600006103515625</ele>
        <time>2026-06-16T13:45:21.000Z</time>
        <extensions>
          <ns3:TrackPointExtension>
            <ns3:hr>132</ns3:hr>
            <ns3:cad>92</ns3:cad>
          </ns3:TrackPointExtension>
        </extensions>
      </trkpt>
      <trkpt lat="30.7516001164913177490234375" lon="108.4457869268953800201416015625">
        <ele>420.600006103515625</ele>
        <time>2026-06-16T13:45:22.000Z</time>
        <extensions>
          <ns3:TrackPointExtension>
            <ns3:hr>132</ns3:hr>
            <ns3:cad>92</ns3:cad>
          </ns3:TrackPointExtension>
        </extensions>
      </trkpt>
      <trkpt lat="30.7516076602041721343994140625" lon="108.44581014476716518402099609375">
        <ele>420.600006103515625</ele>
        <time>2026-06-16T13:45:23.000Z</time>
        <extensions>
          <ns3:TrackPointExtension>
            <ns3:hr>132</ns3:hr>
            <ns3:cad>93</ns3:cad>
          </ns3:TrackPointExtension>
        </extensions>
      </trkpt>
      <trkpt lat="30.75161562301218509674072265625" lon="108.44582925550639629364013671875">
        <ele>420.600006103515625</ele>
        <time>2026-06-16T13:45:24.000Z</time>
        <extensions>
          <ns3:TrackPointExtension>
            <ns3:hr>132</ns3:hr>
            <ns3:cad>93</ns3:cad>
          </ns3:TrackPointExtension>
        </extensions>
      </trkpt>
      <trkpt lat="30.75162492692470550537109375" lon="108.44585222192108631134033203125">
        <ele>420.600006103515625</ele>
        <time>2026-06-16T13:45:25.000Z</time>
        <extensions>
          <ns3:TrackPointExtension>
            <ns3:hr>132</ns3:hr>
            <ns3:cad>93</ns3:cad>
          </ns3:TrackPointExtension>
        </extensions>
      </trkpt>
      <trkpt lat="30.751628614962100982666015625" lon="108.445870243012905120849609375">
        <ele>420.600006103515625</ele>
        <time>2026-06-16T13:45:26.000Z</time>
        <extensions>
          <ns3:TrackPointExtension>
            <ns3:hr>133</ns3:hr>
            <ns3:cad>92</ns3:cad>
          </ns3:TrackPointExtension>
        </extensions>
      </trkpt>
      <trkpt lat="30.75164026580750942230224609375" lon="108.445897065103054046630859375">
        <ele>420.600006103515625</ele>
        <time>2026-06-16T13:45:27.000Z</time>
        <extensions>
          <ns3:TrackPointExtension>
            <ns3:hr>132</ns3:hr>
            <ns3:cad>92</ns3:cad>
          </ns3:TrackPointExtension>
        </extensions>
      </trkpt>
      <trkpt lat="30.75164596550166606903076171875" lon="108.4459129907190799713134765625">
        <ele>420.600006103515625</ele>
        <time>2026-06-16T13:45:28.000Z</time>
        <extensions>
          <ns3:TrackPointExtension>
            <ns3:hr>132</ns3:hr>
            <ns3:cad>92</ns3:cad>
          </ns3:TrackPointExtension>
        </extensions>
      </trkpt>
      <trkpt lat="30.7516606338322162628173828125" lon="108.445934951305389404296875">
        <ele>420.600006103515625</ele>
        <time>2026-06-16T13:45:29.000Z</time>
        <extensions>
          <ns3:TrackPointExtension>
            <ns3:hr>133</ns3:hr>
            <ns3:cad>92</ns3:cad>
          </ns3:TrackPointExtension>
        </extensions>
      </trkpt>
      <trkpt lat="30.751669518649578094482421875" lon="108.4459505416452884674072265625">
        <ele>420.600006103515625</ele>
        <time>2026-06-16T13:45:30.000Z</time>
        <extensions>
          <ns3:TrackPointExtension>
            <ns3:hr>133</ns3:hr>
            <ns3:cad>92</ns3:cad>
          </ns3:TrackPointExtension>
        </extensions>
      </trkpt>
      <trkpt lat="30.75168150477111339569091796875" lon="108.445974178612232208251953125">
        <ele>420.600006103515625</ele>
        <time>2026-06-16T13:45:31.000Z</time>
        <extensions>
          <ns3:TrackPointExtension>
            <ns3:hr>133</ns3:hr>
            <ns3:cad>92</ns3:cad>
          </ns3:TrackPointExtension>
        </extensions>
      </trkpt>
      <trkpt lat="30.75169340707361698150634765625" lon="108.445988930761814117431640625">
        <ele>420.600006103515625</ele>
        <time>2026-06-16T13:45:32.000Z</time>
        <extensions>
          <ns3:TrackPointExtension>
            <ns3:hr>134</ns3:hr>
            <ns3:cad>92</ns3:cad>
          </ns3:TrackPointExtension>
        </extensions>
      </trkpt>
      <trkpt lat="30.751706063747406005859375" lon="108.44601231627166271209716796875">
        <ele>420.600006103515625</ele>
        <time>2026-06-16T13:45:33.000Z</time>
        <extensions>
          <ns3:TrackPointExtension>
            <ns3:hr>134</ns3:hr>
            <ns3:cad>93</ns3:cad>
          </ns3:TrackPointExtension>
        </extensions>
      </trkpt>
      <trkpt lat="30.75172157026827335357666015625" lon="108.44602656550705432891845703125">
        <ele>420.600006103515625</ele>
        <time>2026-06-16T13:45:34.000Z</time>
        <extensions>
          <ns3:TrackPointExtension>
            <ns3:hr>134</ns3:hr>
            <ns3:cad>93</ns3:cad>
          </ns3:TrackPointExtension>
        </extensions>
      </trkpt>
      <trkpt lat="30.7517364062368869781494140625" lon="108.44604383222758769989013671875">
        <ele>420.600006103515625</ele>
        <time>2026-06-16T13:45:35.000Z</time>
        <extensions>
          <ns3:TrackPointExtension>
            <ns3:hr>134</ns3:hr>
            <ns3:cad>93</ns3:cad>
          </ns3:TrackPointExtension>
        </extensions>
      </trkpt>
      <trkpt lat="30.7517568580806255340576171875" lon="108.44605472870171070098876953125">
        <ele>420.600006103515625</ele>
        <time>2026-06-16T13:45:36.000Z</time>
        <extensions>
          <ns3:TrackPointExtension>
            <ns3:hr>134</ns3:hr>
            <ns3:cad>92</ns3:cad>
          </ns3:TrackPointExtension>
        </extensions>
      </trkpt>
      <trkpt lat="30.75177152641117572784423828125" lon="108.44607182778418064117431640625">
        <ele>420.600006103515625</ele>
        <time>2026-06-16T13:45:37.000Z</time>
        <extensions>
          <ns3:TrackPointExtension>
            <ns3:hr>134</ns3:hr>
            <ns3:cad>92</ns3:cad>
          </ns3:TrackPointExtension>
        </extensions>
      </trkpt>
      <trkpt lat="30.7517887093126773834228515625" lon="108.44608557410538196563720703125">
        <ele>420.600006103515625</ele>
        <time>2026-06-16T13:45:38.000Z</time>
        <extensions>
          <ns3:TrackPointExtension>
            <ns3:hr>134</ns3:hr>
            <ns3:cad>92</ns3:cad>
          </ns3:TrackPointExtension>
        </extensions>
      </trkpt>
      <trkpt lat="30.75180706568062305450439453125" lon="108.4461057744920253753662109375">
        <ele>420.600006103515625</ele>
        <time>2026-06-16T13:45:39.000Z</time>
        <extensions>
          <ns3:TrackPointExtension>
            <ns3:hr>135</ns3:hr>
            <ns3:cad>92</ns3:cad>
          </ns3:TrackPointExtension>
        </extensions>
      </trkpt>
      <trkpt lat="30.7518242485821247100830078125" lon="108.44611398875713348388671875">
        <ele>420.600006103515625</ele>
        <time>2026-06-16T13:45:40.000Z</time>
        <extensions>
          <ns3:TrackPointExtension>
            <ns3:hr>134</ns3:hr>
            <ns3:cad>92</ns3:cad>
          </ns3:TrackPointExtension>
        </extensions>
      </trkpt>
      <trkpt lat="30.75184277258813381195068359375" lon="108.4461309202015399932861328125">
        <ele>420.600006103515625</ele>
        <time>2026-06-16T13:45:41.000Z</time>
        <extensions>
          <ns3:TrackPointExtension>
            <ns3:hr>135</ns3:hr>
            <ns3:cad>92</ns3:cad>
          </ns3:TrackPointExtension>
        </extensions>
      </trkpt>
      <trkpt lat="30.75186104513704776763916015625" lon="108.44613988883793354034423828125">
        <ele>420.600006103515625</ele>
        <time>2026-06-16T13:45:42.000Z</time>
        <extensions>
          <ns3:TrackPointExtension>
            <ns3:hr>135</ns3:hr>
            <ns3:cad>89</ns3:cad>
          </ns3:TrackPointExtension>
        </extensions>
      </trkpt>
      <trkpt lat="30.751887448132038116455078125" lon="108.44615967012941837310791015625">
        <ele>420.600006103515625</ele>
        <time>2026-06-16T13:45:43.000Z</time>
        <extensions>
          <ns3:TrackPointExtension>
            <ns3:hr>135</ns3:hr>
            <ns3:cad>89</ns3:cad>
          </ns3:TrackPointExtension>
        </extensions>
      </trkpt>
      <trkpt lat="30.75190278701484203338623046875" lon="108.44617257826030254364013671875">
        <ele>420.600006103515625</ele>
        <time>2026-06-16T13:45:44.000Z</time>
        <extensions>
          <ns3:TrackPointExtension>
            <ns3:hr>135</ns3:hr>
            <ns3:cad>87</ns3:cad>
          </ns3:TrackPointExtension>
        </extensions>
      </trkpt>
      <trkpt lat="30.75192960910499095916748046875" lon="108.44618012197315692901611328125">
        <ele>420.600006103515625</ele>
        <time>2026-06-16T13:45:45.000Z</time>
        <extensions>
          <ns3:TrackPointExtension>
            <ns3:hr>134</ns3:hr>
            <ns3:cad>87</ns3:cad>
          </ns3:TrackPointExtension>
        </extensions>
      </trkpt>
      <trkpt lat="30.75194285251200199127197265625" lon="108.44618280418217182159423828125">
        <ele>420.600006103515625</ele>
        <time>2026-06-16T13:45:46.000Z</time>
        <extensions>
          <ns3:TrackPointExtension>
            <ns3:hr>134</ns3:hr>
            <ns3:cad>87</ns3:cad>
          </ns3:TrackPointExtension>
        </extensions>
      </trkpt>
      <trkpt lat="30.75196716003119945526123046875" lon="108.4461835585534572601318359375">
        <ele>420.600006103515625</ele>
        <time>2026-06-16T13:45:47.000Z</time>
        <extensions>
          <ns3:TrackPointExtension>
            <ns3:hr>134</ns3:hr>
            <ns3:cad>87</ns3:cad>
          </ns3:TrackPointExtension>
        </extensions>
      </trkpt>
      <trkpt lat="30.7519836723804473876953125" lon="108.44617995433509349822998046875">
        <ele>420.600006103515625</ele>
        <time>2026-06-16T13:45:48.000Z</time>
        <extensions>
          <ns3:TrackPointExtension>
            <ns3:hr>134</ns3:hr>
            <ns3:cad>88</ns3:cad>
          </ns3:TrackPointExtension>
        </extensions>
      </trkpt>
      <trkpt lat="30.7520109973847866058349609375" lon="108.44617911614477634429931640625">
        <ele>420.600006103515625</ele>
        <time>2026-06-16T13:45:49.000Z</time>
        <extensions>
          <ns3:TrackPointExtension>
            <ns3:hr>134</ns3:hr>
            <ns3:cad>90</ns3:cad>
          </ns3:TrackPointExtension>
        </extensions>
      </trkpt>
      <trkpt lat="30.7520265877246856689453125" lon="108.446174673736095428466796875">
        <ele>420.79998779296875</ele>
        <time>2026-06-16T13:45:50.000Z</time>
        <extensions>
          <ns3:TrackPointExtension>
            <ns3:hr>134</ns3:hr>
            <ns3:cad>92</ns3:cad>
          </ns3:TrackPointExtension>
        </extensions>
      </trkpt>
      <trkpt lat="30.75204947032034397125244140625" lon="108.4461825527250766754150390625">
        <ele>420.79998779296875</ele>
        <time>2026-06-16T13:45:51.000Z</time>
        <extensions>
          <ns3:TrackPointExtension>
            <ns3:hr>134</ns3:hr>
            <ns3:cad>92</ns3:cad>
          </ns3:TrackPointExtension>
        </extensions>
      </trkpt>
      <trkpt lat="30.75206841342151165008544921875" lon="108.446181379258632659912109375">
        <ele>420.600006103515625</ele>
        <time>2026-06-16T13:45:52.000Z</time>
        <extensions>
          <ns3:TrackPointExtension>
            <ns3:hr>134</ns3:hr>
            <ns3:cad>93</ns3:cad>
          </ns3:TrackPointExtension>
        </extensions>
      </trkpt>
      <trkpt lat="30.75209255330264568328857421875" lon="108.44618481583893299102783203125">
        <ele>420.600006103515625</ele>
        <time>2026-06-16T13:45:53.000Z</time>
        <extensions>
          <ns3:TrackPointExtension>
            <ns3:hr>135</ns3:hr>
            <ns3:cad>92</ns3:cad>
          </ns3:TrackPointExtension>
        </extensions>
      </trkpt>
      <trkpt lat="30.75211183167994022369384765625" lon="108.44618062488734722137451171875">
        <ele>420.600006103515625</ele>
        <time>2026-06-16T13:45:54.000Z</time>
        <extensions>
          <ns3:TrackPointExtension>
            <ns3:hr>134</ns3:hr>
            <ns3:cad>92</ns3:cad>
          </ns3:TrackPointExtension>
        </extensions>
      </trkpt>
      <trkpt lat="30.7521285116672515869140625" lon="108.44618330709636211395263671875">
        <ele>420.600006103515625</ele>
        <time>2026-06-16T13:45:55.000Z</time>
        <extensions>
          <ns3:TrackPointExtension>
            <ns3:hr>134</ns3:hr>
            <ns3:cad>92</ns3:cad>
          </ns3:TrackPointExtension>
        </extensions>
      </trkpt>
      <trkpt lat="30.75214921496808528900146484375" lon="108.44617995433509349822998046875">
        <ele>420.600006103515625</ele>
        <time>2026-06-16T13:45:56.000Z</time>
        <extensions>
          <ns3:TrackPointExtension>
            <ns3:hr>134</ns3:hr>
            <ns3:cad>94</ns3:cad>
          </ns3:TrackPointExtension>
        </extensions>
      </trkpt>
      <trkpt lat="30.75216782279312610626220703125" lon="108.44618012197315692901611328125">
        <ele>420.600006103515625</ele>
        <time>2026-06-16T13:45:57.000Z</time>
        <extensions>
          <ns3:TrackPointExtension>
            <ns3:hr>134</ns3:hr>
            <ns3:cad>94</ns3:cad>
          </ns3:TrackPointExtension>
        </extensions>
      </trkpt>
      <trkpt lat="30.7521900348365306854248046875" lon="108.4461748413741588592529296875">
        <ele>420.600006103515625</ele>
        <time>2026-06-16T13:45:58.000Z</time>
        <extensions>
          <ns3:TrackPointExtension>
            <ns3:hr>135</ns3:hr>
            <ns3:cad>92</ns3:cad>
          </ns3:TrackPointExtension>
        </extensions>
      </trkpt>
      <trkpt lat="30.75220721773803234100341796875" lon="108.4461738355457782745361328125">
        <ele>420.600006103515625</ele>
        <time>2026-06-16T13:45:59.000Z</time>
        <extensions>
          <ns3:TrackPointExtension>
            <ns3:hr>135</ns3:hr>
            <ns3:cad>92</ns3:cad>
          </ns3:TrackPointExtension>
        </extensions>
      </trkpt>
      <trkpt lat="30.75222984887659549713134765625" lon="108.4461741708219051361083984375">
        <ele>420.600006103515625</ele>
        <time>2026-06-16T13:46:00.000Z</time>
        <extensions>
          <ns3:TrackPointExtension>
            <ns3:hr>136</ns3:hr>
            <ns3:cad>93</ns3:cad>
          </ns3:TrackPointExtension>
        </extensions>
      </trkpt>
      <trkpt lat="30.752246864140033721923828125" lon="108.4461724944412708282470703125">
        <ele>420.600006103515625</ele>
        <time>2026-06-16T13:46:01.000Z</time>
        <extensions>
          <ns3:TrackPointExtension>
            <ns3:hr>137</ns3:hr>
            <ns3:cad>94</ns3:cad>
          </ns3:TrackPointExtension>
        </extensions>
      </trkpt>
      <trkpt lat="30.75226589106023311614990234375" lon="108.44617702066898345947265625">
        <ele>420.600006103515625</ele>
        <time>2026-06-16T13:46:02.000Z</time>
        <extensions>
          <ns3:TrackPointExtension>
            <ns3:hr>138</ns3:hr>
            <ns3:cad>94</ns3:cad>
          </ns3:TrackPointExtension>
        </extensions>
      </trkpt>
      <trkpt lat="30.7522849179804325103759765625" lon="108.44617207534611225128173828125">
        <ele>420.79998779296875</ele>
        <time>2026-06-16T13:46:03.000Z</time>
        <extensions>
          <ns3:TrackPointExtension>
            <ns3:hr>138</ns3:hr>
            <ns3:cad>93</ns3:cad>
          </ns3:TrackPointExtension>
        </extensions>
      </trkpt>
      <trkpt lat="30.75230729766190052032470703125" lon="108.4461776912212371826171875">
        <ele>420.600006103515625</ele>
        <time>2026-06-16T13:46:04.000Z</time>
        <extensions>
          <ns3:TrackPointExtension>
            <ns3:hr>139</ns3:hr>
            <ns3:cad>91</ns3:cad>
          </ns3:TrackPointExtension>
        </extensions>
      </trkpt>
      <trkpt lat="30.75232540257275104522705078125" lon="108.44617291353642940521240234375">
        <ele>420.600006103515625</ele>
        <time>2026-06-16T13:46:05.000Z</time>
        <extensions>
          <ns3:TrackPointExtension>
            <ns3:hr>139</ns3:hr>
            <ns3:cad>91</ns3:cad>
          </ns3:TrackPointExtension>
        </extensions>
      </trkpt>
      <trkpt lat="30.75234786607325077056884765625" lon="108.446174003183841705322265625">
        <ele>420.600006103515625</ele>
        <time>2026-06-16T13:46:06.000Z</time>
        <extensions>
          <ns3:TrackPointExtension>
            <ns3:hr>139</ns3:hr>
            <ns3:cad>91</ns3:cad>
          </ns3:TrackPointExtension>
        </extensions>
      </trkpt>
      <trkpt lat="30.75236664153635501861572265625" lon="108.44616838730871677398681640625">
        <ele>420.600006103515625</ele>
        <time>2026-06-16T13:46:07.000Z</time>
        <extensions>
          <ns3:TrackPointExtension>
            <ns3:hr>138</ns3:hr>
            <ns3:cad>94</ns3:cad>
          </ns3:TrackPointExtension>
        </extensions>
      </trkpt>
      <trkpt lat="30.75238927267491817474365234375" lon="108.446169309318065643310546875">
        <ele>420.600006103515625</ele>
        <time>2026-06-16T13:46:08.000Z</time>
        <extensions>
          <ns3:TrackPointExtension>
            <ns3:hr>137</ns3:hr>
            <ns3:cad>94</ns3:cad>
          </ns3:TrackPointExtension>
        </extensions>
      </trkpt>
      <trkpt lat="30.7524119876325130462646484375" lon="108.44616763293743133544921875">
        <ele>420.600006103515625</ele>
        <time>2026-06-16T13:46:09.000Z</time>
        <extensions>
          <ns3:TrackPointExtension>
            <ns3:hr>137</ns3:hr>
            <ns3:cad>93</ns3:cad>
          </ns3:TrackPointExtension>
        </extensions>
      </trkpt>
      <trkpt lat="30.75242967344820499420166015625" lon="108.4461669623851776123046875">
        <ele>420.600006103515625</ele>
        <time>2026-06-16T13:46:10.000Z</time>
        <extensions>
          <ns3:TrackPointExtension>
            <ns3:hr>135</ns3:hr>
            <ns3:cad>93</ns3:cad>
          </ns3:TrackPointExtension>
        </extensions>
      </trkpt>
      <trkpt lat="30.75245213694870471954345703125" lon="108.44616587273776531219482421875">
        <ele>420.600006103515625</ele>
        <time>2026-06-16T13:46:11.000Z</time>
        <extensions>
          <ns3:TrackPointExtension>
            <ns3:hr>134</ns3:hr>
            <ns3:cad>92</ns3:cad>
          </ns3:TrackPointExtension>
        </extensions>
      </trkpt>
      <trkpt lat="30.75246839784085750579833984375" lon="108.4461684711277484893798828125">
        <ele>420.600006103515625</ele>
        <time>2026-06-16T13:46:12.000Z</time>
        <extensions>
          <ns3:TrackPointExtension>
            <ns3:hr>133</ns3:hr>
            <ns3:cad>92</ns3:cad>
          </ns3:TrackPointExtension>
        </extensions>
      </trkpt>
      <trkpt lat="30.752493627369403839111328125" lon="108.4461661241948604583740234375">
        <ele>420.600006103515625</ele>
        <time>2026-06-16T13:46:13.000Z</time>
        <extensions>
          <ns3:TrackPointExtension>
            <ns3:hr>133</ns3:hr>
            <ns3:cad>93</ns3:cad>
          </ns3:TrackPointExtension>
        </extensions>
      </trkpt>
      <trkpt lat="30.7525102235376834869384765625" lon="108.4461694769561290740966796875">
        <ele>420.600006103515625</ele>
        <time>2026-06-16T13:46:14.000Z</time>
        <extensions>
          <ns3:TrackPointExtension>
            <ns3:hr>133</ns3:hr>
            <ns3:cad>93</ns3:cad>
          </ns3:TrackPointExtension>
        </extensions>
      </trkpt>
      <trkpt lat="30.7525360397994518280029296875" lon="108.44617056660354137420654296875">
        <ele>420.600006103515625</ele>
        <time>2026-06-16T13:46:15.000Z</time>
        <extensions>
          <ns3:TrackPointExtension>
            <ns3:hr>134</ns3:hr>
            <ns3:cad>93</ns3:cad>
          </ns3:TrackPointExtension>
        </extensions>
      </trkpt>
      <trkpt lat="30.752553641796112060546875" lon="108.44616629183292388916015625">
        <ele>420.600006103515625</ele>
        <time>2026-06-16T13:46:16.000Z</time>
        <extensions>
          <ns3:TrackPointExtension>
            <ns3:hr>134</ns3:hr>
            <ns3:cad>93</ns3:cad>
          </ns3:TrackPointExtension>
        </extensions>
      </trkpt>
      <trkpt lat="30.752580799162387847900390625" lon="108.44616939313709735870361328125">
        <ele>420.600006103515625</ele>
        <time>2026-06-16T13:46:17.000Z</time>
        <extensions>
          <ns3:TrackPointExtension>
            <ns3:hr>135</ns3:hr>
            <ns3:cad>93</ns3:cad>
          </ns3:TrackPointExtension>
        </extensions>
      </trkpt>
      <trkpt lat="30.7526005804538726806640625" lon="108.44616604037582874298095703125">
        <ele>420.600006103515625</ele>
        <time>2026-06-16T13:46:18.000Z</time>
        <extensions>
          <ns3:TrackPointExtension>
            <ns3:hr>136</ns3:hr>
            <ns3:cad>93</ns3:cad>
          </ns3:TrackPointExtension>
        </extensions>
      </trkpt>
      <trkpt lat="30.75262312777340412139892578125" lon="108.446173332631587982177734375">
        <ele>420.600006103515625</ele>
        <time>2026-06-16T13:46:19.000Z</time>
        <extensions>
          <ns3:TrackPointExtension>
            <ns3:hr>138</ns3:hr>
            <ns3:cad>93</ns3:cad>
          </ns3:TrackPointExtension>
        </extensions>
      </trkpt>
      <trkpt lat="30.75264374725520610809326171875" lon="108.446167968213558197021484375">
        <ele>420.600006103515625</ele>
        <time>2026-06-16T13:46:20.000Z</time>
        <extensions>
          <ns3:TrackPointExtension>
            <ns3:hr>139</ns3:hr>
            <ns3:cad>92</ns3:cad>
          </ns3:TrackPointExtension>
        </extensions>
      </trkpt>
      <trkpt lat="30.75266294181346893310546875" lon="108.44617224298417568206787109375">
        <ele>420.600006103515625</ele>
        <time>2026-06-16T13:46:21.000Z</time>
        <extensions>
          <ns3:TrackPointExtension>
            <ns3:hr>140</ns3:hr>
            <ns3:cad>92</ns3:cad>
          </ns3:TrackPointExtension>
        </extensions>
      </trkpt>
      <trkpt lat="30.75268330983817577362060546875" lon="108.44616821967065334320068359375">
        <ele>420.600006103515625</ele>
        <time>2026-06-16T13:46:22.000Z</time>
        <extensions>
          <ns3:TrackPointExtension>
            <ns3:hr>140</ns3:hr>
            <ns3:cad>92</ns3:cad>
          </ns3:TrackPointExtension>
        </extensions>
      </trkpt>
      <trkpt lat="30.75270309112966060638427734375" lon="108.44617006368935108184814453125">
        <ele>420.600006103515625</ele>
        <time>2026-06-16T13:46:23.000Z</time>
        <extensions>
          <ns3:TrackPointExtension>
            <ns3:hr>140</ns3:hr>
            <ns3:cad>92</ns3:cad>
          </ns3:TrackPointExtension>
        </extensions>
      </trkpt>
      <trkpt lat="30.7527231238782405853271484375" lon="108.44616436399519443511962890625">
        <ele>420.600006103515625</ele>
        <time>2026-06-16T13:46:24.000Z</time>
        <extensions>
          <ns3:TrackPointExtension>
            <ns3:hr>139</ns3:hr>
            <ns3:cad>92</ns3:cad>
          </ns3:TrackPointExtension>
        </extensions>
      </trkpt>
      <trkpt lat="30.7527429051697254180908203125" lon="108.44616017304360866546630859375">
        <ele>420.600006103515625</ele>
        <time>2026-06-16T13:46:25.000Z</time>
        <extensions>
          <ns3:TrackPointExtension>
            <ns3:hr>138</ns3:hr>
            <ns3:cad>92</ns3:cad>
          </ns3:TrackPointExtension>
        </extensions>
      </trkpt>
      <trkpt lat="30.75276545248925685882568359375" lon="108.44615581445395946502685546875">
        <ele>420.600006103515625</ele>
        <time>2026-06-16T13:46:26.000Z</time>
        <extensions>
          <ns3:TrackPointExtension>
            <ns3:hr>138</ns3:hr>
            <ns3:cad>92</ns3:cad>
          </ns3:TrackPointExtension>
        </extensions>
      </trkpt>
      <trkpt lat="30.75278607197105884552001953125" lon="108.44616235233843326568603515625">
        <ele>420.600006103515625</ele>
        <time>2026-06-16T13:46:27.000Z</time>
        <extensions>
          <ns3:TrackPointExtension>
            <ns3:hr>137</ns3:hr>
            <ns3:cad>92</ns3:cad>
          </ns3:TrackPointExtension>
        </extensions>
      </trkpt>
      <trkpt lat="30.75280853547155857086181640625" lon="108.44616604037582874298095703125">
        <ele>420.600006103515625</ele>
        <time>2026-06-16T13:46:28.000Z</time>
        <extensions>
          <ns3:TrackPointExtension>
            <ns3:hr>136</ns3:hr>
            <ns3:cad>92</ns3:cad>
          </ns3:TrackPointExtension>
        </extensions>
      </trkpt>
      <trkpt lat="30.7528257183730602264404296875" lon="108.44616889022290706634521484375">
        <ele>420.600006103515625</ele>
        <time>2026-06-16T13:46:29.000Z</time>
        <extensions>
          <ns3:TrackPointExtension>
            <ns3:hr>134</ns3:hr>
            <ns3:cad>92</ns3:cad>
          </ns3:TrackPointExtension>
        </extensions>
      </trkpt>
      <trkpt lat="30.7528500258922576904296875" lon="108.44617031514644622802734375">
        <ele>420.399993896484375</ele>
        <time>2026-06-16T13:46:30.000Z</time>
        <extensions>
          <ns3:TrackPointExtension>
            <ns3:hr>133</ns3:hr>
            <ns3:cad>92</ns3:cad>
          </ns3:TrackPointExtension>
        </extensions>
      </trkpt>
      <trkpt lat="30.75286704115569591522216796875" lon="108.44617157243192195892333984375">
        <ele>420.399993896484375</ele>
        <time>2026-06-16T13:46:31.000Z</time>
        <extensions>
          <ns3:TrackPointExtension>
            <ns3:hr>133</ns3:hr>
            <ns3:cad>92</ns3:cad>
          </ns3:TrackPointExtension>
        </extensions>
      </trkpt>
      <trkpt lat="30.75289185158908367156982421875" lon="108.44617090187966823577880859375">
        <ele>420.399993896484375</ele>
        <time>2026-06-16T13:46:32.000Z</time>
        <extensions>
          <ns3:TrackPointExtension>
            <ns3:hr>133</ns3:hr>
            <ns3:cad>92</ns3:cad>
          </ns3:TrackPointExtension>
        </extensions>
      </trkpt>
      <trkpt lat="30.7529078610241413116455078125" lon="108.44617207534611225128173828125">
        <ele>420.399993896484375</ele>
        <time>2026-06-16T13:46:33.000Z</time>
        <extensions>
          <ns3:TrackPointExtension>
            <ns3:hr>133</ns3:hr>
            <ns3:cad>92</ns3:cad>
          </ns3:TrackPointExtension>
        </extensions>
      </trkpt>
      <trkpt lat="30.7529331743717193603515625" lon="108.44617291353642940521240234375">
        <ele>420.399993896484375</ele>
        <time>2026-06-16T13:46:34.000Z</time>
        <extensions>
          <ns3:TrackPointExtension>
            <ns3:hr>133</ns3:hr>
            <ns3:cad>92</ns3:cad>
          </ns3:TrackPointExtension>
        </extensions>
      </trkpt>
      <trkpt lat="30.752950608730316162109375" lon="108.446171320974826812744140625">
        <ele>420.399993896484375</ele>
        <time>2026-06-16T13:46:35.000Z</time>
        <extensions>
          <ns3:TrackPointExtension>
            <ns3:hr>133</ns3:hr>
            <ns3:cad>93</ns3:cad>
          </ns3:TrackPointExtension>
        </extensions>
      </trkpt>
      <trkpt lat="30.75297550298273563385009765625" lon="108.446177355945110321044921875">
        <ele>420.399993896484375</ele>
        <time>2026-06-16T13:46:36.000Z</time>
        <extensions>
          <ns3:TrackPointExtension>
            <ns3:hr>134</ns3:hr>
            <ns3:cad>93</ns3:cad>
          </ns3:TrackPointExtension>
        </extensions>
      </trkpt>
      <trkpt lat="30.752993524074554443359375" lon="108.4461735002696514129638671875">
        <ele>420.399993896484375</ele>
        <time>2026-06-16T13:46:37.000Z</time>
        <extensions>
          <ns3:TrackPointExtension>
            <ns3:hr>134</ns3:hr>
            <ns3:cad>92</ns3:cad>
          </ns3:TrackPointExtension>
        </extensions>
      </trkpt>
      <trkpt lat="30.7530151493847370147705078125" lon="108.4461758472025394439697265625">
        <ele>420.399993896484375</ele>
        <time>2026-06-16T13:46:38.000Z</time>
        <extensions>
          <ns3:TrackPointExtension>
            <ns3:hr>134</ns3:hr>
            <ns3:cad>92</ns3:cad>
          </ns3:TrackPointExtension>
        </extensions>
      </trkpt>
      <trkpt lat="30.75303333811461925506591796875" lon="108.446167968213558197021484375">
        <ele>420.399993896484375</ele>
        <time>2026-06-16T13:46:39.000Z</time>
        <extensions>
          <ns3:TrackPointExtension>
            <ns3:hr>135</ns3:hr>
            <ns3:cad>92</ns3:cad>
          </ns3:TrackPointExtension>
        </extensions>
      </trkpt>
      <trkpt lat="30.75304993428289890289306640625" lon="108.44615153968334197998046875">
        <ele>420.20001220703125</ele>
        <time>2026-06-16T13:46:40.000Z</time>
        <extensions>
          <ns3:TrackPointExtension>
            <ns3:hr>135</ns3:hr>
            <ns3:cad>91</ns3:cad>
          </ns3:TrackPointExtension>
        </extensions>
      </trkpt>
      <trkpt lat="30.7530614174902439117431640625" lon="108.44613268040120601654052734375">
        <ele>420.20001220703125</ele>
        <time>2026-06-16T13:46:41.000Z</time>
        <extensions>
          <ns3:TrackPointExtension>
            <ns3:hr>135</ns3:hr>
            <ns3:cad>91</ns3:cad>
          </ns3:TrackPointExtension>
        </extensions>
      </trkpt>
      <trkpt lat="30.7530738227069377899169921875" lon="108.44611457549035549163818359375">
        <ele>420.20001220703125</ele>
        <time>2026-06-16T13:46:42.000Z</time>
        <extensions>
          <ns3:TrackPointExtension>
            <ns3:hr>135</ns3:hr>
            <ns3:cad>92</ns3:cad>
          </ns3:TrackPointExtension>
        </extensions>
      </trkpt>
      <trkpt lat="30.753084383904933929443359375" lon="108.44609194435179233551025390625">
        <ele>420.20001220703125</ele>
        <time>2026-06-16T13:46:43.000Z</time>
        <extensions>
          <ns3:TrackPointExtension>
            <ns3:hr>135</ns3:hr>
            <ns3:cad>92</ns3:cad>
          </ns3:TrackPointExtension>
        </extensions>
      </trkpt>
      <trkpt lat="30.75309821404516696929931640625" lon="108.446072079241275787353515625">
        <ele>420.20001220703125</ele>
        <time>2026-06-16T13:46:44.000Z</time>
        <extensions>
          <ns3:TrackPointExtension>
            <ns3:hr>135</ns3:hr>
            <ns3:cad>92</ns3:cad>
          </ns3:TrackPointExtension>
        </extensions>
      </trkpt>
      <trkpt lat="30.753118582069873809814453125" lon="108.44605632126331329345703125">
        <ele>420.399993896484375</ele>
        <time>2026-06-16T13:46:45.000Z</time>
        <extensions>
          <ns3:TrackPointExtension>
            <ns3:hr>135</ns3:hr>
            <ns3:cad>92</ns3:cad>
          </ns3:TrackPointExtension>
        </extensions>
      </trkpt>
      <trkpt lat="30.7531338371336460113525390625" lon="108.446046598255634307861328125">
        <ele>420.399993896484375</ele>
        <time>2026-06-16T13:46:46.000Z</time>
        <extensions>
          <ns3:TrackPointExtension>
            <ns3:hr>136</ns3:hr>
            <ns3:cad>92</ns3:cad>
          </ns3:TrackPointExtension>
        </extensions>
      </trkpt>
      <trkpt lat="30.753157474100589752197265625" lon="108.44603595323860645294189453125">
        <ele>420.399993896484375</ele>
        <time>2026-06-16T13:46:47.000Z</time>
        <extensions>
          <ns3:TrackPointExtension>
            <ns3:hr>135</ns3:hr>
            <ns3:cad>92</ns3:cad>
          </ns3:TrackPointExtension>
        </extensions>
      </trkpt>
      <trkpt lat="30.75317281298339366912841796875" lon="108.44602438621222972869873046875">
        <ele>420.399993896484375</ele>
        <time>2026-06-16T13:46:48.000Z</time>
        <extensions>
          <ns3:TrackPointExtension>
            <ns3:hr>135</ns3:hr>
            <ns3:cad>94</ns3:cad>
          </ns3:TrackPointExtension>
        </extensions>
      </trkpt>
      <trkpt lat="30.753194354474544525146484375" lon="108.446004688739776611328125">
        <ele>420.399993896484375</ele>
        <time>2026-06-16T13:46:49.000Z</time>
        <extensions>
          <ns3:TrackPointExtension>
            <ns3:hr>136</ns3:hr>
            <ns3:cad>94</ns3:cad>
          </ns3:TrackPointExtension>
        </extensions>
      </trkpt>
      <trkpt lat="30.75320466421544551849365234375" lon="108.44598733820021152496337890625">
        <ele>420.399993896484375</ele>
        <time>2026-06-16T13:46:50.000Z</time>
        <extensions>
          <ns3:TrackPointExtension>
            <ns3:hr>135</ns3:hr>
            <ns3:cad>93</ns3:cad>
          </ns3:TrackPointExtension>
        </extensions>
      </trkpt>
      <trkpt lat="30.7532216794788837432861328125" lon="108.4459656290709972381591796875">
        <ele>420.399993896484375</ele>
        <time>2026-06-16T13:46:51.000Z</time>
        <extensions>
          <ns3:TrackPointExtension>
            <ns3:hr>135</ns3:hr>
            <ns3:cad>93</ns3:cad>
          </ns3:TrackPointExtension>
        </extensions>
      </trkpt>
      <trkpt lat="30.75322058983147144317626953125" lon="108.4459443390369415283203125">
        <ele>420.399993896484375</ele>
        <time>2026-06-16T13:46:52.000Z</time>
        <extensions>
          <ns3:TrackPointExtension>
            <ns3:hr>135</ns3:hr>
            <ns3:cad>92</ns3:cad>
          </ns3:TrackPointExtension>
        </extensions>
      </trkpt>
      <trkpt lat="30.7532322406768798828125" lon="108.4459201991558074951171875">
        <ele>420.399993896484375</ele>
        <time>2026-06-16T13:46:53.000Z</time>
        <extensions>
          <ns3:TrackPointExtension>
            <ns3:hr>135</ns3:hr>
            <ns3:cad>92</ns3:cad>
          </ns3:TrackPointExtension>
        </extensions>
      </trkpt>
      <trkpt lat="30.75323835946619510650634765625" lon="108.4459019266068935394287109375">
        <ele>420.399993896484375</ele>
        <time>2026-06-16T13:46:54.000Z</time>
        <extensions>
          <ns3:TrackPointExtension>
            <ns3:hr>135</ns3:hr>
            <ns3:cad>93</ns3:cad>
          </ns3:TrackPointExtension>
        </extensions>
      </trkpt>
      <trkpt lat="30.75325109995901584625244140625" lon="108.4458818100392818450927734375">
        <ele>420.20001220703125</ele>
        <time>2026-06-16T13:46:55.000Z</time>
        <extensions>
          <ns3:TrackPointExtension>
            <ns3:hr>136</ns3:hr>
            <ns3:cad>93</ns3:cad>
          </ns3:TrackPointExtension>
        </extensions>
      </trkpt>
      <trkpt lat="30.75325830839574337005615234375" lon="108.4458613581955432891845703125">
        <ele>420.20001220703125</ele>
        <time>2026-06-16T13:46:56.000Z</time>
        <extensions>
          <ns3:TrackPointExtension>
            <ns3:hr>135</ns3:hr>
            <ns3:cad>93</ns3:cad>
          </ns3:TrackPointExtension>
        </extensions>
      </trkpt>
      <trkpt lat="30.75326685793697834014892578125" lon="108.44584048725664615631103515625">
        <ele>420.20001220703125</ele>
        <time>2026-06-16T13:46:57.000Z</time>
        <extensions>
          <ns3:TrackPointExtension>
            <ns3:hr>135</ns3:hr>
            <ns3:cad>92</ns3:cad>
          </ns3:TrackPointExtension>
        </extensions>
      </trkpt>
      <trkpt lat="30.7532733120024204254150390625" lon="108.4458177722990512847900390625">
        <ele>420.20001220703125</ele>
        <time>2026-06-16T13:46:58.000Z</time>
        <extensions>
          <ns3:TrackPointExtension>
            <ns3:hr>136</ns3:hr>
            <ns3:cad>92</ns3:cad>
          </ns3:TrackPointExtension>
        </extensions>
      </trkpt>
      <trkpt lat="30.75328177772462368011474609375" lon="108.44579405151307582855224609375">
        <ele>420.20001220703125</ele>
        <time>2026-06-16T13:46:59.000Z</time>
        <extensions>
          <ns3:TrackPointExtension>
            <ns3:hr>136</ns3:hr>
            <ns3:cad>92</ns3:cad>
          </ns3:TrackPointExtension>
        </extensions>
      </trkpt>
      <trkpt lat="30.75328546576201915740966796875" lon="108.44577007927000522613525390625">
        <ele>420.20001220703125</ele>
        <time>2026-06-16T13:47:00.000Z</time>
        <extensions>
          <ns3:TrackPointExtension>
            <ns3:hr>136</ns3:hr>
            <ns3:cad>92</ns3:cad>
          </ns3:TrackPointExtension>
        </extensions>
      </trkpt>
      <trkpt lat="30.75328932143747806549072265625" lon="108.44574920833110809326171875">
        <ele>420.20001220703125</ele>
        <time>2026-06-16T13:47:01.000Z</time>
        <extensions>
          <ns3:TrackPointExtension>
            <ns3:hr>136</ns3:hr>
            <ns3:cad>92</ns3:cad>
          </ns3:TrackPointExtension>
        </extensions>
      </trkpt>
      <trkpt lat="30.75328529812395572662353515625" lon="108.4457242302596569061279296875">
        <ele>420.20001220703125</ele>
        <time>2026-06-16T13:47:02.000Z</time>
        <extensions>
          <ns3:TrackPointExtension>
            <ns3:hr>136</ns3:hr>
            <ns3:cad>92</ns3:cad>
          </ns3:TrackPointExtension>
        </extensions>
      </trkpt>
      <trkpt lat="30.75327406637370586395263671875" lon="108.4457034431397914886474609375">
        <ele>420.20001220703125</ele>
        <time>2026-06-16T13:47:03.000Z</time>
        <extensions>
          <ns3:TrackPointExtension>
            <ns3:hr>136</ns3:hr>
            <ns3:cad>92</ns3:cad>
          </ns3:TrackPointExtension>
        </extensions>
      </trkpt>
      <trkpt lat="30.75327322818338871002197265625" lon="108.4456788003444671630859375">
        <ele>420.20001220703125</ele>
        <time>2026-06-16T13:47:04.000Z</time>
        <extensions>
          <ns3:TrackPointExtension>
            <ns3:hr>136</ns3:hr>
            <ns3:cad>92</ns3:cad>
          </ns3:TrackPointExtension>
        </extensions>
      </trkpt>
      <trkpt lat="30.75327188707888126373291015625" lon="108.44566262327134609222412109375">
        <ele>420.20001220703125</ele>
        <time>2026-06-16T13:47:05.000Z</time>
        <extensions>
          <ns3:TrackPointExtension>
            <ns3:hr>136</ns3:hr>
            <ns3:cad>92</ns3:cad>
          </ns3:TrackPointExtension>
        </extensions>
      </trkpt>
      <trkpt lat="30.7532751560211181640625" lon="108.44563412480056285858154296875">
        <ele>420.20001220703125</ele>
        <time>2026-06-16T13:47:06.000Z</time>
        <extensions>
          <ns3:TrackPointExtension>
            <ns3:hr>135</ns3:hr>
            <ns3:cad>92</ns3:cad>
          </ns3:TrackPointExtension>
        </extensions>
      </trkpt>
      <trkpt lat="30.7532706297934055328369140625" lon="108.445616774260997772216796875">
        <ele>420.20001220703125</ele>
        <time>2026-06-16T13:47:07.000Z</time>
        <extensions>
          <ns3:TrackPointExtension>
            <ns3:hr>135</ns3:hr>
            <ns3:cad>92</ns3:cad>
          </ns3:TrackPointExtension>
        </extensions>
      </trkpt>
      <trkpt lat="30.753270797431468963623046875" lon="108.445587940514087677001953125">
        <ele>420.20001220703125</ele>
        <time>2026-06-16T13:47:08.000Z</time>
        <extensions>
          <ns3:TrackPointExtension>
            <ns3:hr>135</ns3:hr>
            <ns3:cad>92</ns3:cad>
          </ns3:TrackPointExtension>
        </extensions>
      </trkpt>
      <trkpt lat="30.753266103565692901611328125" lon="108.44556815922260284423828125">
        <ele>420.20001220703125</ele>
        <time>2026-06-16T13:47:09.000Z</time>
        <extensions>
          <ns3:TrackPointExtension>
            <ns3:hr>136</ns3:hr>
            <ns3:cad>93</ns3:cad>
          </ns3:TrackPointExtension>
        </extensions>
      </trkpt>
      <trkpt lat="30.7532726414501667022705078125" lon="108.445542342960834503173828125">
        <ele>420.20001220703125</ele>
        <time>2026-06-16T13:47:10.000Z</time>
        <extensions>
          <ns3:TrackPointExtension>
            <ns3:hr>136</ns3:hr>
            <ns3:cad>92</ns3:cad>
          </ns3:TrackPointExtension>
        </extensions>
      </trkpt>
      <trkpt lat="30.753275491297245025634765625" lon="108.44551778398454189300537109375">
        <ele>420.20001220703125</ele>
        <time>2026-06-16T13:47:11.000Z</time>
        <extensions>
          <ns3:TrackPointExtension>
            <ns3:hr>136</ns3:hr>
            <ns3:cad>93</ns3:cad>
          </ns3:TrackPointExtension>
        </extensions>
      </trkpt>
      <trkpt lat="30.753277838230133056640625" lon="108.44549230299890041351318359375">
        <ele>420.20001220703125</ele>
        <time>2026-06-16T13:47:12.000Z</time>
        <extensions>
          <ns3:TrackPointExtension>
            <ns3:hr>137</ns3:hr>
            <ns3:cad>93</ns3:cad>
          </ns3:TrackPointExtension>
        </extensions>
      </trkpt>
      <trkpt lat="30.75327314436435699462890625" lon="108.44546581618487834930419921875">
        <ele>420.20001220703125</ele>
        <time>2026-06-16T13:47:13.000Z</time>
        <extensions>
          <ns3:TrackPointExtension>
            <ns3:hr>137</ns3:hr>
            <ns3:cad>93</ns3:cad>
          </ns3:TrackPointExtension>
        </extensions>
      </trkpt>
      <trkpt lat="30.7532672770321369171142578125" lon="108.44544301740825176239013671875">
        <ele>420.20001220703125</ele>
        <time>2026-06-16T13:47:14.000Z</time>
        <extensions>
          <ns3:TrackPointExtension>
            <ns3:hr>137</ns3:hr>
            <ns3:cad>93</ns3:cad>
          </ns3:TrackPointExtension>
        </extensions>
      </trkpt>
      <trkpt lat="30.75325914658606052398681640625" lon="108.44541820697486400604248046875">
        <ele>420.20001220703125</ele>
        <time>2026-06-16T13:47:15.000Z</time>
        <extensions>
          <ns3:TrackPointExtension>
            <ns3:hr>137</ns3:hr>
            <ns3:cad>93</ns3:cad>
          </ns3:TrackPointExtension>
        </extensions>
      </trkpt>
      <trkpt lat="30.7532511837780475616455078125" lon="108.4453970007598400115966796875">
        <ele>420.20001220703125</ele>
        <time>2026-06-16T13:47:16.000Z</time>
        <extensions>
          <ns3:TrackPointExtension>
            <ns3:hr>137</ns3:hr>
            <ns3:cad>92</ns3:cad>
          </ns3:TrackPointExtension>
        </extensions>
      </trkpt>
      <trkpt lat="30.7532394491136074066162109375" lon="108.44537428580224514007568359375">
        <ele>420.20001220703125</ele>
        <time>2026-06-16T13:47:17.000Z</time>
        <extensions>
          <ns3:TrackPointExtension>
            <ns3:hr>137</ns3:hr>
            <ns3:cad>92</ns3:cad>
          </ns3:TrackPointExtension>
        </extensions>
      </trkpt>
      <trkpt lat="30.75322980992496013641357421875" lon="108.44535551033914089202880859375">
        <ele>420.20001220703125</ele>
        <time>2026-06-16T13:47:18.000Z</time>
        <extensions>
          <ns3:TrackPointExtension>
            <ns3:hr>137</ns3:hr>
            <ns3:cad>92</ns3:cad>
          </ns3:TrackPointExtension>
        </extensions>
      </trkpt>
      <trkpt lat="30.75321790762245655059814453125" lon="108.445332460105419158935546875">
        <ele>420.20001220703125</ele>
        <time>2026-06-16T13:47:19.000Z</time>
        <extensions>
          <ns3:TrackPointExtension>
            <ns3:hr>138</ns3:hr>
            <ns3:cad>93</ns3:cad>
          </ns3:TrackPointExtension>
        </extensions>
      </trkpt>
      <trkpt lat="30.75320499949157238006591796875" lon="108.4453165344893932342529296875">
        <ele>420.20001220703125</ele>
        <time>2026-06-16T13:47:20.000Z</time>
        <extensions>
          <ns3:TrackPointExtension>
            <ns3:hr>138</ns3:hr>
            <ns3:cad>94</ns3:cad>
          </ns3:TrackPointExtension>
        </extensions>
      </trkpt>
      <trkpt lat="30.75318840332329273223876953125" lon="108.44528828747570514678955078125">
        <ele>420.20001220703125</ele>
        <time>2026-06-16T13:47:21.000Z</time>
        <extensions>
          <ns3:TrackPointExtension>
            <ns3:hr>138</ns3:hr>
            <ns3:cad>93</ns3:cad>
          </ns3:TrackPointExtension>
        </extensions>
      </trkpt>
      <trkpt lat="30.753174237906932830810546875" lon="108.4452716074883937835693359375">
        <ele>420.20001220703125</ele>
        <time>2026-06-16T13:47:22.000Z</time>
        <extensions>
          <ns3:TrackPointExtension>
            <ns3:hr>138</ns3:hr>
            <ns3:cad>93</ns3:cad>
          </ns3:TrackPointExtension>
        </extensions>
      </trkpt>
      <trkpt lat="30.75316292233765125274658203125" lon="108.44524235464632511138916015625">
        <ele>420.20001220703125</ele>
        <time>2026-06-16T13:47:23.000Z</time>
        <extensions>
          <ns3:TrackPointExtension>
            <ns3:hr>139</ns3:hr>
            <ns3:cad>93</ns3:cad>
          </ns3:TrackPointExtension>
        </extensions>
      </trkpt>
      <trkpt lat="30.75315269641578197479248046875" lon="108.44522173516452312469482421875">
        <ele>420.20001220703125</ele>
        <time>2026-06-16T13:47:24.000Z</time>
        <extensions>
          <ns3:TrackPointExtension>
            <ns3:hr>139</ns3:hr>
            <ns3:cad>93</ns3:cad>
          </ns3:TrackPointExtension>
        </extensions>
      </trkpt>
      <trkpt lat="30.7531579770147800445556640625" lon="108.44519399106502532958984375">
        <ele>420.20001220703125</ele>
        <time>2026-06-16T13:47:25.000Z</time>
        <extensions>
          <ns3:TrackPointExtension>
            <ns3:hr>139</ns3:hr>
            <ns3:cad>93</ns3:cad>
          </ns3:TrackPointExtension>
        </extensions>
      </trkpt>
      <trkpt lat="30.75315403752028942108154296875" lon="108.445173539221286773681640625">
        <ele>420.20001220703125</ele>
        <time>2026-06-16T13:47:26.000Z</time>
        <extensions>
          <ns3:TrackPointExtension>
            <ns3:hr>138</ns3:hr>
            <ns3:cad>93</ns3:cad>
          </ns3:TrackPointExtension>
        </extensions>
      </trkpt>
      <trkpt lat="30.75315638445317745208740234375" lon="108.44514864496886730194091796875">
        <ele>420.20001220703125</ele>
        <time>2026-06-16T13:47:27.000Z</time>
        <extensions>
          <ns3:TrackPointExtension>
            <ns3:hr>139</ns3:hr>
            <ns3:cad>92</ns3:cad>
          </ns3:TrackPointExtension>
        </extensions>
      </trkpt>
      <trkpt lat="30.75314615853130817413330078125" lon="108.44512752257287502288818359375">
        <ele>420.20001220703125</ele>
        <time>2026-06-16T13:47:28.000Z</time>
        <extensions>
          <ns3:TrackPointExtension>
            <ns3:hr>139</ns3:hr>
            <ns3:cad>92</ns3:cad>
          </ns3:TrackPointExtension>
        </extensions>
      </trkpt>
      <trkpt lat="30.75313568115234375" lon="108.44510841183364391326904296875">
        <ele>420.20001220703125</ele>
        <time>2026-06-16T13:47:29.000Z</time>
        <extensions>
          <ns3:TrackPointExtension>
            <ns3:hr>138</ns3:hr>
            <ns3:cad>92</ns3:cad>
          </ns3:TrackPointExtension>
        </extensions>
      </trkpt>
      <trkpt lat="30.75311698950827121734619140625" lon="108.44510070048272609710693359375">
        <ele>420.20001220703125</ele>
        <time>2026-06-16T13:47:30.000Z</time>
        <extensions>
          <ns3:TrackPointExtension>
            <ns3:hr>138</ns3:hr>
            <ns3:cad>92</ns3:cad>
          </ns3:TrackPointExtension>
        </extensions>
      </trkpt>
      <trkpt lat="30.75310005806386470794677734375" lon="108.44509868882596492767333984375">
        <ele>420.20001220703125</ele>
        <time>2026-06-16T13:47:31.000Z</time>
        <extensions>
          <ns3:TrackPointExtension>
            <ns3:hr>137</ns3:hr>
            <ns3:cad>92</ns3:cad>
          </ns3:TrackPointExtension>
        </extensions>
      </trkpt>
      <trkpt lat="30.75307759456336498260498046875" lon="108.4450992755591869354248046875">
        <ele>420.20001220703125</ele>
        <time>2026-06-16T13:47:32.000Z</time>
        <extensions>
          <ns3:TrackPointExtension>
            <ns3:hr>136</ns3:hr>
            <ns3:cad>92</ns3:cad>
          </ns3:TrackPointExtension>
        </extensions>
      </trkpt>
      <trkpt lat="30.7530594058334827423095703125" lon="108.4450975991785526275634765625">
        <ele>420.20001220703125</ele>
        <time>2026-06-16T13:47:33.000Z</time>
        <extensions>
          <ns3:TrackPointExtension>
            <ns3:hr>136</ns3:hr>
            <ns3:cad>91</ns3:cad>
          </ns3:TrackPointExtension>
        </extensions>
      </trkpt>
      <trkpt lat="30.75303317047655582427978515625" lon="108.4450992755591869354248046875">
        <ele>420.20001220703125</ele>
        <time>2026-06-16T13:47:34.000Z</time>
        <extensions>
          <ns3:TrackPointExtension>
            <ns3:hr>135</ns3:hr>
            <ns3:cad>91</ns3:cad>
          </ns3:TrackPointExtension>
        </extensions>
      </trkpt>
      <trkpt lat="30.75301456265151500701904296875" lon="108.44510237686336040496826171875">
        <ele>420.20001220703125</ele>
        <time>2026-06-16T13:47:35.000Z</time>
        <extensions>
          <ns3:TrackPointExtension>
            <ns3:hr>135</ns3:hr>
            <ns3:cad>93</ns3:cad>
          </ns3:TrackPointExtension>
        </extensions>
      </trkpt>
      <trkpt lat="30.75299008749425411224365234375" lon="108.44510187394917011260986328125">
        <ele>420</ele>
        <time>2026-06-16T13:47:36.000Z</time>
        <extensions>
          <ns3:TrackPointExtension>
            <ns3:hr>134</ns3:hr>
            <ns3:cad>93</ns3:cad>
          </ns3:TrackPointExtension>
        </extensions>
      </trkpt>
      <trkpt lat="30.75297265313565731048583984375" lon="108.445107154548168182373046875">
        <ele>420</ele>
        <time>2026-06-16T13:47:37.000Z</time>
        <extensions>
          <ns3:TrackPointExtension>
            <ns3:hr>134</ns3:hr>
            <ns3:cad>93</ns3:cad>
          </ns3:TrackPointExtension>
        </extensions>
      </trkpt>
      <trkpt lat="30.75294717215001583099365234375" lon="108.445106483995914459228515625">
        <ele>420</ele>
        <time>2026-06-16T13:47:38.000Z</time>
        <extensions>
          <ns3:TrackPointExtension>
            <ns3:hr>134</ns3:hr>
            <ns3:cad>93</ns3:cad>
          </ns3:TrackPointExtension>
        </extensions>
      </trkpt>
      <trkpt lat="30.75293074361979961395263671875" lon="108.4451140277087688446044921875">
        <ele>420</ele>
        <time>2026-06-16T13:47:39.000Z</time>
        <extensions>
          <ns3:TrackPointExtension>
            <ns3:hr>134</ns3:hr>
            <ns3:cad>93</ns3:cad>
          </ns3:TrackPointExtension>
        </extensions>
      </trkpt>
      <trkpt lat="30.7529075257480144500732421875" lon="108.44510925002396106719970703125">
        <ele>420</ele>
        <time>2026-06-16T13:47:40.000Z</time>
        <extensions>
          <ns3:TrackPointExtension>
            <ns3:hr>134</ns3:hr>
            <ns3:cad>93</ns3:cad>
          </ns3:TrackPointExtension>
        </extensions>
      </trkpt>
      <trkpt lat="30.752892605960369110107421875" lon="108.44511352479457855224609375">
        <ele>420</ele>
        <time>2026-06-16T13:47:41.000Z</time>
        <extensions>
          <ns3:TrackPointExtension>
            <ns3:hr>135</ns3:hr>
            <ns3:cad>92</ns3:cad>
          </ns3:TrackPointExtension>
        </extensions>
      </trkpt>
      <trkpt lat="30.75287005864083766937255859375" lon="108.4451049752533435821533203125">
        <ele>420</ele>
        <time>2026-06-16T13:47:42.000Z</time>
        <extensions>
          <ns3:TrackPointExtension>
            <ns3:hr>135</ns3:hr>
            <ns3:cad>93</ns3:cad>
          </ns3:TrackPointExtension>
        </extensions>
      </trkpt>
      <trkpt lat="30.75285078026354312896728515625" lon="108.4451074898242950439453125">
        <ele>420</ele>
        <time>2026-06-16T13:47:43.000Z</time>
        <extensions>
          <ns3:TrackPointExtension>
            <ns3:hr>135</ns3:hr>
            <ns3:cad>93</ns3:cad>
          </ns3:TrackPointExtension>
        </extensions>
      </trkpt>
      <trkpt lat="30.75282789766788482666015625" lon="108.4451032988727092742919921875">
        <ele>420</ele>
        <time>2026-06-16T13:47:44.000Z</time>
        <extensions>
          <ns3:TrackPointExtension>
            <ns3:hr>135</ns3:hr>
            <ns3:cad>93</ns3:cad>
          </ns3:TrackPointExtension>
        </extensions>
      </trkpt>
      <trkpt lat="30.75280870310962200164794921875" lon="108.445108830928802490234375">
        <ele>420</ele>
        <time>2026-06-16T13:47:45.000Z</time>
        <extensions>
          <ns3:TrackPointExtension>
            <ns3:hr>135</ns3:hr>
            <ns3:cad>93</ns3:cad>
          </ns3:TrackPointExtension>
        </extensions>
      </trkpt>
      <trkpt lat="30.75278674252331256866455078125" lon="108.4451039694249629974365234375">
        <ele>420.20001220703125</ele>
        <time>2026-06-16T13:47:46.000Z</time>
        <extensions>
          <ns3:TrackPointExtension>
            <ns3:hr>136</ns3:hr>
            <ns3:cad>93</ns3:cad>
          </ns3:TrackPointExtension>
        </extensions>
      </trkpt>
      <trkpt lat="30.75276863761246204376220703125" lon="108.445106483995914459228515625">
        <ele>420.20001220703125</ele>
        <time>2026-06-16T13:47:47.000Z</time>
        <extensions>
          <ns3:TrackPointExtension>
            <ns3:hr>135</ns3:hr>
            <ns3:cad>93</ns3:cad>
          </ns3:TrackPointExtension>
        </extensions>
      </trkpt>
      <trkpt lat="30.7527479343116283416748046875" lon="108.4451009519398212432861328125">
        <ele>420.20001220703125</ele>
        <time>2026-06-16T13:47:48.000Z</time>
        <extensions>
          <ns3:TrackPointExtension>
            <ns3:hr>135</ns3:hr>
            <ns3:cad>92</ns3:cad>
          </ns3:TrackPointExtension>
        </extensions>
      </trkpt>
      <trkpt lat="30.7527281530201435089111328125" lon="108.44510287977755069732666015625">
        <ele>420</ele>
        <time>2026-06-16T13:47:49.000Z</time>
        <extensions>
          <ns3:TrackPointExtension>
            <ns3:hr>136</ns3:hr>
            <ns3:cad>92</ns3:cad>
          </ns3:TrackPointExtension>
        </extensions>
      </trkpt>
      <trkpt lat="30.75270962901413440704345703125" lon="108.44509952701628208160400390625">
        <ele>420</ele>
        <time>2026-06-16T13:47:50.000Z</time>
        <extensions>
          <ns3:TrackPointExtension>
            <ns3:hr>135</ns3:hr>
            <ns3:cad>92</ns3:cad>
          </ns3:TrackPointExtension>
        </extensions>
      </trkpt>
      <trkpt lat="30.75268783606588840484619140625" lon="108.44510304741561412811279296875">
        <ele>420.20001220703125</ele>
        <time>2026-06-16T13:47:51.000Z</time>
        <extensions>
          <ns3:TrackPointExtension>
            <ns3:hr>135</ns3:hr>
            <ns3:cad>92</ns3:cad>
          </ns3:TrackPointExtension>
        </extensions>
      </trkpt>
      <trkpt lat="30.7526678033173084259033203125" lon="108.445105142891407012939453125">
        <ele>420.20001220703125</ele>
        <time>2026-06-16T13:47:52.000Z</time>
        <extensions>
          <ns3:TrackPointExtension>
            <ns3:hr>135</ns3:hr>
            <ns3:cad>92</ns3:cad>
          </ns3:TrackPointExtension>
        </extensions>
      </trkpt>
      <trkpt lat="30.75264575891196727752685546875" lon="108.44510556198656558990478515625">
        <ele>420</ele>
        <time>2026-06-16T13:47:53.000Z</time>
        <extensions>
          <ns3:TrackPointExtension>
            <ns3:hr>135</ns3:hr>
            <ns3:cad>92</ns3:cad>
          </ns3:TrackPointExtension>
        </extensions>
      </trkpt>
      <trkpt lat="30.752627737820148468017578125" lon="108.445104472339153289794921875">
        <ele>420</ele>
        <time>2026-06-16T13:47:54.000Z</time>
        <extensions>
          <ns3:TrackPointExtension>
            <ns3:hr>135</ns3:hr>
            <ns3:cad>92</ns3:cad>
          </ns3:TrackPointExtension>
        </extensions>
      </trkpt>
      <trkpt lat="30.75260502286255359649658203125" lon="108.44510489143431186676025390625">
        <ele>420</ele>
        <time>2026-06-16T13:47:55.000Z</time>
        <extensions>
          <ns3:TrackPointExtension>
            <ns3:hr>134</ns3:hr>
            <ns3:cad>92</ns3:cad>
          </ns3:TrackPointExtension>
        </extensions>
      </trkpt>
      <trkpt lat="30.75258825905621051788330078125" lon="108.44510975293815135955810546875">
        <ele>420.20001220703125</ele>
        <time>2026-06-16T13:47:56.000Z</time>
        <extensions>
          <ns3:TrackPointExtension>
            <ns3:hr>134</ns3:hr>
            <ns3:cad>92</ns3:cad>
          </ns3:TrackPointExtension>
        </extensions>
      </trkpt>
      <trkpt lat="30.75256277807056903839111328125" lon="108.4451059810817241668701171875">
        <ele>420.20001220703125</ele>
        <time>2026-06-16T13:47:57.000Z</time>
        <extensions>
          <ns3:TrackPointExtension>
            <ns3:hr>134</ns3:hr>
            <ns3:cad>92</ns3:cad>
          </ns3:TrackPointExtension>
        </extensions>
      </trkpt>
      <trkpt lat="30.752545259892940521240234375" lon="108.4451079927384853363037109375">
        <ele>420.20001220703125</ele>
        <time>2026-06-16T13:47:58.000Z</time>
        <extensions>
          <ns3:TrackPointExtension>
            <ns3:hr>134</ns3:hr>
            <ns3:cad>93</ns3:cad>
          </ns3:TrackPointExtension>
        </extensions>
      </trkpt>
      <trkpt lat="30.7525229640305042266845703125" lon="108.44510774128139019012451171875">
        <ele>420</ele>
        <time>2026-06-16T13:47:59.000Z</time>
        <extensions>
          <ns3:TrackPointExtension>
            <ns3:hr>135</ns3:hr>
            <ns3:cad>93</ns3:cad>
          </ns3:TrackPointExtension>
        </extensions>
      </trkpt>
      <trkpt lat="30.7525078766047954559326171875" lon="108.44511344097554683685302734375">
        <ele>420</ele>
        <time>2026-06-16T13:48:00.000Z</time>
        <extensions>
          <ns3:TrackPointExtension>
            <ns3:hr>135</ns3:hr>
            <ns3:cad>93</ns3:cad>
          </ns3:TrackPointExtension>
        </extensions>
      </trkpt>
      <trkpt lat="30.75248457491397857666015625" lon="108.44510925002396106719970703125">
        <ele>420</ele>
        <time>2026-06-16T13:48:01.000Z</time>
        <extensions>
          <ns3:TrackPointExtension>
            <ns3:hr>136</ns3:hr>
            <ns3:cad>92</ns3:cad>
          </ns3:TrackPointExtension>
        </extensions>
      </trkpt>
      <trkpt lat="30.75246538035571575164794921875" lon="108.4451126866042613983154296875">
        <ele>420</ele>
        <time>2026-06-16T13:48:02.000Z</time>
        <extensions>
          <ns3:TrackPointExtension>
            <ns3:hr>136</ns3:hr>
            <ns3:cad>92</ns3:cad>
          </ns3:TrackPointExtension>
        </extensions>
      </trkpt>
      <trkpt lat="30.75244274921715259552001953125" lon="108.4451096691191196441650390625">
        <ele>420</ele>
        <time>2026-06-16T13:48:03.000Z</time>
        <extensions>
          <ns3:TrackPointExtension>
            <ns3:hr>136</ns3:hr>
            <ns3:cad>92</ns3:cad>
          </ns3:TrackPointExtension>
        </extensions>
      </trkpt>
      <trkpt lat="30.75242514722049236297607421875" lon="108.44511427916586399078369140625">
        <ele>420</ele>
        <time>2026-06-16T13:48:04.000Z</time>
        <extensions>
          <ns3:TrackPointExtension>
            <ns3:hr>136</ns3:hr>
            <ns3:cad>92</ns3:cad>
          </ns3:TrackPointExtension>
        </extensions>
      </trkpt>
      <trkpt lat="30.75240402482450008392333984375" lon="108.44510975293815135955810546875">
        <ele>420</ele>
        <time>2026-06-16T13:48:05.000Z</time>
        <extensions>
          <ns3:TrackPointExtension>
            <ns3:hr>136</ns3:hr>
            <ns3:cad>92</ns3:cad>
          </ns3:TrackPointExtension>
        </extensions>
      </trkpt>
      <trkpt lat="30.752382986247539520263671875" lon="108.44511344097554683685302734375">
        <ele>420</ele>
        <time>2026-06-16T13:48:06.000Z</time>
        <extensions>
          <ns3:TrackPointExtension>
            <ns3:hr>137</ns3:hr>
            <ns3:cad>91</ns3:cad>
          </ns3:TrackPointExtension>
        </extensions>
      </trkpt>
      <trkpt lat="30.75236261822283267974853515625" lon="108.4451089985668659210205078125">
        <ele>420</ele>
        <time>2026-06-16T13:48:07.000Z</time>
        <extensions>
          <ns3:TrackPointExtension>
            <ns3:hr>137</ns3:hr>
            <ns3:cad>91</ns3:cad>
          </ns3:TrackPointExtension>
        </extensions>
      </trkpt>
      <trkpt lat="30.752341747283935546875" lon="108.44511109404265880584716796875">
        <ele>420</ele>
        <time>2026-06-16T13:48:08.000Z</time>
        <extensions>
          <ns3:TrackPointExtension>
            <ns3:hr>137</ns3:hr>
            <ns3:cad>92</ns3:cad>
          </ns3:TrackPointExtension>
        </extensions>
      </trkpt>
      <trkpt lat="30.7523238100111484527587890625" lon="108.44511008821427822113037109375">
        <ele>420</ele>
        <time>2026-06-16T13:48:09.000Z</time>
        <extensions>
          <ns3:TrackPointExtension>
            <ns3:hr>137</ns3:hr>
            <ns3:cad>93</ns3:cad>
          </ns3:TrackPointExtension>
        </extensions>
      </trkpt>
      <trkpt lat="30.75230226851999759674072265625" lon="108.4451093338429927825927734375">
        <ele>420</ele>
        <time>2026-06-16T13:48:10.000Z</time>
        <extensions>
          <ns3:TrackPointExtension>
            <ns3:hr>137</ns3:hr>
            <ns3:cad>93</ns3:cad>
          </ns3:TrackPointExtension>
        </extensions>
      </trkpt>
      <trkpt lat="30.7522832415997982025146484375" lon="108.4451076574623584747314453125">
        <ele>420.20001220703125</ele>
        <time>2026-06-16T13:48:11.000Z</time>
        <extensions>
          <ns3:TrackPointExtension>
            <ns3:hr>137</ns3:hr>
            <ns3:cad>93</ns3:cad>
          </ns3:TrackPointExtension>
        </extensions>
      </trkpt>
      <trkpt lat="30.75225935317575931549072265625" lon="108.44510908238589763641357421875">
        <ele>420.20001220703125</ele>
        <time>2026-06-16T13:48:12.000Z</time>
        <extensions>
          <ns3:TrackPointExtension>
            <ns3:hr>137</ns3:hr>
            <ns3:cad>92</ns3:cad>
          </ns3:TrackPointExtension>
        </extensions>
      </trkpt>
      <trkpt lat="30.7522403262555599212646484375" lon="108.4451073221862316131591796875">
        <ele>420.20001220703125</ele>
        <time>2026-06-16T13:48:13.000Z</time>
        <extensions>
          <ns3:TrackPointExtension>
            <ns3:hr>137</ns3:hr>
            <ns3:cad>92</ns3:cad>
          </ns3:TrackPointExtension>
        </extensions>
      </trkpt>
      <trkpt lat="30.7522185333073139190673828125" lon="108.44510925002396106719970703125">
        <ele>420.20001220703125</ele>
        <time>2026-06-16T13:48:14.000Z</time>
        <extensions>
          <ns3:TrackPointExtension>
            <ns3:hr>137</ns3:hr>
            <ns3:cad>92</ns3:cad>
          </ns3:TrackPointExtension>
        </extensions>
      </trkpt>
      <trkpt lat="30.75220294296741485595703125" lon="108.445111177861690521240234375">
        <ele>420.20001220703125</ele>
        <time>2026-06-16T13:48:15.000Z</time>
        <extensions>
          <ns3:TrackPointExtension>
            <ns3:hr>137</ns3:hr>
            <ns3:cad>92</ns3:cad>
          </ns3:TrackPointExtension>
        </extensions>
      </trkpt>
      <trkpt lat="30.7521821558475494384765625" lon="108.4451076574623584747314453125">
        <ele>420.20001220703125</ele>
        <time>2026-06-16T13:48:16.000Z</time>
        <extensions>
          <ns3:TrackPointExtension>
            <ns3:hr>137</ns3:hr>
            <ns3:cad>92</ns3:cad>
          </ns3:TrackPointExtension>
        </extensions>
      </trkpt>
      <trkpt lat="30.75216413475573062896728515625" lon="108.4451059810817241668701171875">
        <ele>420.20001220703125</ele>
        <time>2026-06-16T13:48:17.000Z</time>
        <extensions>
          <ns3:TrackPointExtension>
            <ns3:hr>137</ns3:hr>
            <ns3:cad>92</ns3:cad>
          </ns3:TrackPointExtension>
        </extensions>
      </trkpt>
      <trkpt lat="30.7521378993988037109375" lon="108.4451069869101047515869140625">
        <ele>420</ele>
        <time>2026-06-16T13:48:18.000Z</time>
        <extensions>
          <ns3:TrackPointExtension>
            <ns3:hr>137</ns3:hr>
            <ns3:cad>92</ns3:cad>
          </ns3:TrackPointExtension>
        </extensions>
      </trkpt>
      <trkpt lat="30.75211769901216030120849609375" lon="108.44511008821427822113037109375">
        <ele>420</ele>
        <time>2026-06-16T13:48:19.000Z</time>
        <extensions>
          <ns3:TrackPointExtension>
            <ns3:hr>137</ns3:hr>
            <ns3:cad>92</ns3:cad>
          </ns3:TrackPointExtension>
        </extensions>
      </trkpt>
      <trkpt lat="30.7520894519984722137451171875" lon="108.44511444680392742156982421875">
        <ele>420</ele>
        <time>2026-06-16T13:48:20.000Z</time>
        <extensions>
          <ns3:TrackPointExtension>
            <ns3:hr>137</ns3:hr>
            <ns3:cad>92</ns3:cad>
          </ns3:TrackPointExtension>
        </extensions>
      </trkpt>
      <trkpt lat="30.75207687914371490478515625" lon="108.44512157142162322998046875">
        <ele>420</ele>
        <time>2026-06-16T13:48:21.000Z</time>
        <extensions>
          <ns3:TrackPointExtension>
            <ns3:hr>137</ns3:hr>
            <ns3:cad>92</ns3:cad>
          </ns3:TrackPointExtension>
        </extensions>
      </trkpt>
      <trkpt lat="30.7520555891096591949462890625" lon="108.44512450508773326873779296875">
        <ele>420</ele>
        <time>2026-06-16T13:48:22.000Z</time>
        <extensions>
          <ns3:TrackPointExtension>
            <ns3:hr>137</ns3:hr>
            <ns3:cad>92</ns3:cad>
          </ns3:TrackPointExtension>
        </extensions>
      </trkpt>
      <trkpt lat="30.75204008258879184722900390625" lon="108.44513322226703166961669921875">
        <ele>420</ele>
        <time>2026-06-16T13:48:23.000Z</time>
        <extensions>
          <ns3:TrackPointExtension>
            <ns3:hr>137</ns3:hr>
            <ns3:cad>92</ns3:cad>
          </ns3:TrackPointExtension>
        </extensions>
      </trkpt>
      <trkpt lat="30.752016194164752960205078125" lon="108.44513364136219024658203125">
        <ele>420</ele>
        <time>2026-06-16T13:48:24.000Z</time>
        <extensions>
          <ns3:TrackPointExtension>
            <ns3:hr>137</ns3:hr>
            <ns3:cad>92</ns3:cad>
          </ns3:TrackPointExtension>
        </extensions>
      </trkpt>
      <trkpt lat="30.75199666433036327362060546875" lon="108.44513976015150547027587890625">
        <ele>420</ele>
        <time>2026-06-16T13:48:25.000Z</time>
        <extensions>
          <ns3:TrackPointExtension>
            <ns3:hr>137</ns3:hr>
            <ns3:cad>92</ns3:cad>
          </ns3:TrackPointExtension>
        </extensions>
      </trkpt>
      <trkpt lat="30.751973278820514678955078125" lon="108.4451374970376491546630859375">
        <ele>420</ele>
        <time>2026-06-16T13:48:26.000Z</time>
        <extensions>
          <ns3:TrackPointExtension>
            <ns3:hr>137</ns3:hr>
            <ns3:cad>93</ns3:cad>
          </ns3:TrackPointExtension>
        </extensions>
      </trkpt>
      <trkpt lat="30.75195274315774440765380859375" lon="108.44513992778956890106201171875">
        <ele>420</ele>
        <time>2026-06-16T13:48:27.000Z</time>
        <extensions>
          <ns3:TrackPointExtension>
            <ns3:hr>136</ns3:hr>
            <ns3:cad>93</ns3:cad>
          </ns3:TrackPointExtension>
        </extensions>
      </trkpt>
      <trkpt lat="30.75193262659013271331787109375" lon="108.445142693817615509033203125">
        <ele>420.20001220703125</ele>
        <time>2026-06-16T13:48:28.000Z</time>
        <extensions>
          <ns3:TrackPointExtension>
            <ns3:hr>136</ns3:hr>
            <ns3:cad>93</ns3:cad>
          </ns3:TrackPointExtension>
        </extensions>
      </trkpt>
      <trkpt lat="30.7519166171550750732421875" lon="108.445146046578884124755859375">
        <ele>420</ele>
        <time>2026-06-16T13:48:29.000Z</time>
        <extensions>
          <ns3:TrackPointExtension>
            <ns3:hr>136</ns3:hr>
            <ns3:cad>93</ns3:cad>
          </ns3:TrackPointExtension>
        </extensions>
      </trkpt>
      <trkpt lat="30.75189541094005107879638671875" lon="108.44515149481594562530517578125">
        <ele>420</ele>
        <time>2026-06-16T13:48:30.000Z</time>
        <extensions>
          <ns3:TrackPointExtension>
            <ns3:hr>136</ns3:hr>
            <ns3:cad>93</ns3:cad>
          </ns3:TrackPointExtension>
        </extensions>
      </trkpt>
      <trkpt lat="30.75187571346759796142578125" lon="108.44515375792980194091796875">
        <ele>420</ele>
        <time>2026-06-16T13:48:31.000Z</time>
        <extensions>
          <ns3:TrackPointExtension>
            <ns3:hr>135</ns3:hr>
            <ns3:cad>93</ns3:cad>
          </ns3:TrackPointExtension>
        </extensions>
      </trkpt>
      <trkpt lat="30.7518549263477325439453125" lon="108.445163480937480926513671875">
        <ele>420</ele>
        <time>2026-06-16T13:48:32.000Z</time>
        <extensions>
          <ns3:TrackPointExtension>
            <ns3:hr>136</ns3:hr>
            <ns3:cad>91</ns3:cad>
          </ns3:TrackPointExtension>
        </extensions>
      </trkpt>
      <trkpt lat="30.75183003209531307220458984375" lon="108.44517965801060199737548828125">
        <ele>420</ele>
        <time>2026-06-16T13:48:33.000Z</time>
        <extensions>
          <ns3:TrackPointExtension>
            <ns3:hr>136</ns3:hr>
            <ns3:cad>91</ns3:cad>
          </ns3:TrackPointExtension>
        </extensions>
      </trkpt>
      <trkpt lat="30.7518165372312068939208984375" lon="108.44519373960793018341064453125">
        <ele>420</ele>
        <time>2026-06-16T13:48:34.000Z</time>
        <extensions>
          <ns3:TrackPointExtension>
            <ns3:hr>135</ns3:hr>
            <ns3:cad>91</ns3:cad>
          </ns3:TrackPointExtension>
        </extensions>
      </trkpt>
      <trkpt lat="30.751797258853912353515625" lon="108.4452092461287975311279296875">
        <ele>420</ele>
        <time>2026-06-16T13:48:35.000Z</time>
        <extensions>
          <ns3:TrackPointExtension>
            <ns3:hr>135</ns3:hr>
            <ns3:cad>93</ns3:cad>
          </ns3:TrackPointExtension>
        </extensions>
      </trkpt>
      <trkpt lat="30.75178493745625019073486328125" lon="108.44522424973547458648681640625">
        <ele>420.20001220703125</ele>
        <time>2026-06-16T13:48:36.000Z</time>
        <extensions>
          <ns3:TrackPointExtension>
            <ns3:hr>135</ns3:hr>
            <ns3:cad>93</ns3:cad>
          </ns3:TrackPointExtension>
        </extensions>
      </trkpt>
      <trkpt lat="30.75176113285124301910400390625" lon="108.44524151645600795745849609375">
        <ele>420.20001220703125</ele>
        <time>2026-06-16T13:48:37.000Z</time>
        <extensions>
          <ns3:TrackPointExtension>
            <ns3:hr>135</ns3:hr>
            <ns3:cad>93</ns3:cad>
          </ns3:TrackPointExtension>
        </extensions>
      </trkpt>
      <trkpt lat="30.751748979091644287109375" lon="108.44525878317654132843017578125">
        <ele>420.20001220703125</ele>
        <time>2026-06-16T13:48:38.000Z</time>
        <extensions>
          <ns3:TrackPointExtension>
            <ns3:hr>134</ns3:hr>
            <ns3:cad>93</ns3:cad>
          </ns3:TrackPointExtension>
        </extensions>
      </trkpt>
      <trkpt lat="30.75172827579081058502197265625" lon="108.4452736191451549530029296875">
        <ele>420.20001220703125</ele>
        <time>2026-06-16T13:48:39.000Z</time>
        <extensions>
          <ns3:TrackPointExtension>
            <ns3:hr>134</ns3:hr>
            <ns3:cad>93</ns3:cad>
          </ns3:TrackPointExtension>
        </extensions>
      </trkpt>
      <trkpt lat="30.75171520002186298370361328125" lon="108.44528862275183200836181640625">
        <ele>420.20001220703125</ele>
        <time>2026-06-16T13:48:40.000Z</time>
        <extensions>
          <ns3:TrackPointExtension>
            <ns3:hr>134</ns3:hr>
            <ns3:cad>93</ns3:cad>
          </ns3:TrackPointExtension>
        </extensions>
      </trkpt>
      <trkpt lat="30.75169759802520275115966796875" lon="108.44530521892011165618896484375">
        <ele>420.20001220703125</ele>
        <time>2026-06-16T13:48:41.000Z</time>
        <extensions>
          <ns3:TrackPointExtension>
            <ns3:hr>134</ns3:hr>
            <ns3:cad>93</ns3:cad>
          </ns3:TrackPointExtension>
        </extensions>
      </trkpt>
      <trkpt lat="30.75168971903622150421142578125" lon="108.445321731269359588623046875">
        <ele>420</ele>
        <time>2026-06-16T13:48:42.000Z</time>
        <extensions>
          <ns3:TrackPointExtension>
            <ns3:hr>134</ns3:hr>
            <ns3:cad>91</ns3:cad>
          </ns3:TrackPointExtension>
        </extensions>
      </trkpt>
      <trkpt lat="30.75168049894273281097412109375" lon="108.44533991999924182891845703125">
        <ele>420</ele>
        <time>2026-06-16T13:48:43.000Z</time>
        <extensions>
          <ns3:TrackPointExtension>
            <ns3:hr>134</ns3:hr>
            <ns3:cad>91</ns3:cad>
          </ns3:TrackPointExtension>
        </extensions>
      </trkpt>
      <trkpt lat="30.7516720332205295562744140625" lon="108.44536238349974155426025390625">
        <ele>420</ele>
        <time>2026-06-16T13:48:44.000Z</time>
        <extensions>
          <ns3:TrackPointExtension>
            <ns3:hr>134</ns3:hr>
            <ns3:cad>91</ns3:cad>
          </ns3:TrackPointExtension>
        </extensions>
      </trkpt>
      <trkpt lat="30.751660130918025970458984375" lon="108.44538115896284580230712890625">
        <ele>420</ele>
        <time>2026-06-16T13:48:45.000Z</time>
        <extensions>
          <ns3:TrackPointExtension>
            <ns3:hr>135</ns3:hr>
            <ns3:cad>92</ns3:cad>
          </ns3:TrackPointExtension>
        </extensions>
      </trkpt>
      <trkpt lat="30.75164797715842723846435546875" lon="108.4454043768346309661865234375">
        <ele>420</ele>
        <time>2026-06-16T13:48:46.000Z</time>
        <extensions>
          <ns3:TrackPointExtension>
            <ns3:hr>134</ns3:hr>
            <ns3:cad>92</ns3:cad>
          </ns3:TrackPointExtension>
        </extensions>
      </trkpt>
      <trkpt lat="30.75163976289331912994384765625" lon="108.44542256556451320648193359375">
        <ele>420</ele>
        <time>2026-06-16T13:48:47.000Z</time>
        <extensions>
          <ns3:TrackPointExtension>
            <ns3:hr>134</ns3:hr>
            <ns3:cad>92</ns3:cad>
          </ns3:TrackPointExtension>
        </extensions>
      </trkpt>
      <trkpt lat="30.75163054279983043670654296875" lon="108.4454432688653469085693359375">
        <ele>420</ele>
        <time>2026-06-16T13:48:48.000Z</time>
        <extensions>
          <ns3:TrackPointExtension>
            <ns3:hr>134</ns3:hr>
            <ns3:cad>93</ns3:cad>
          </ns3:TrackPointExtension>
        </extensions>
      </trkpt>
      <trkpt lat="30.75162366963922977447509765625" lon="108.44545952975749969482421875">
        <ele>420.20001220703125</ele>
        <time>2026-06-16T13:48:49.000Z</time>
        <extensions>
          <ns3:TrackPointExtension>
            <ns3:hr>134</ns3:hr>
            <ns3:cad>93</ns3:cad>
          </ns3:TrackPointExtension>
        </extensions>
      </trkpt>
      <trkpt lat="30.75161361135542392730712890625" lon="108.4454851783812046051025390625">
        <ele>420.20001220703125</ele>
        <time>2026-06-16T13:48:50.000Z</time>
        <extensions>
          <ns3:TrackPointExtension>
            <ns3:hr>134</ns3:hr>
            <ns3:cad>93</ns3:cad>
          </ns3:TrackPointExtension>
        </extensions>
      </trkpt>
      <trkpt lat="30.7516096718609333038330078125" lon="108.4455036185681819915771484375">
        <ele>420.20001220703125</ele>
        <time>2026-06-16T13:48:51.000Z</time>
        <extensions>
          <ns3:TrackPointExtension>
            <ns3:hr>134</ns3:hr>
            <ns3:cad>93</ns3:cad>
          </ns3:TrackPointExtension>
        </extensions>
      </trkpt>
      <trkpt lat="30.75160254724323749542236328125" lon="108.4455364756286144256591796875">
        <ele>420.20001220703125</ele>
        <time>2026-06-16T13:48:52.000Z</time>
        <extensions>
          <ns3:TrackPointExtension>
            <ns3:hr>134</ns3:hr>
            <ns3:cad>92</ns3:cad>
          </ns3:TrackPointExtension>
        </extensions>
      </trkpt>
      <trkpt lat="30.75160254724323749542236328125" lon="108.4455581009387969970703125">
        <ele>420.20001220703125</ele>
        <time>2026-06-16T13:48:53.000Z</time>
        <extensions>
          <ns3:TrackPointExtension>
            <ns3:hr>134</ns3:hr>
            <ns3:cad>92</ns3:cad>
          </ns3:TrackPointExtension>
        </extensions>
      </trkpt>
      <trkpt lat="30.75159885920584201812744140625" lon="108.44558232463896274566650390625">
        <ele>420.20001220703125</ele>
        <time>2026-06-16T13:48:54.000Z</time>
        <extensions>
          <ns3:TrackPointExtension>
            <ns3:hr>134</ns3:hr>
            <ns3:cad>92</ns3:cad>
          </ns3:TrackPointExtension>
        </extensions>
      </trkpt>
      <trkpt lat="30.75159852392971515655517578125" lon="108.44560260884463787078857421875">
        <ele>420.20001220703125</ele>
        <time>2026-06-16T13:48:55.000Z</time>
        <extensions>
          <ns3:TrackPointExtension>
            <ns3:hr>134</ns3:hr>
            <ns3:cad>92</ns3:cad>
          </ns3:TrackPointExtension>
        </extensions>
      </trkpt>
      <trkpt lat="30.75158779509365558624267578125" lon="108.4456233121454715728759765625">
        <ele>420.20001220703125</ele>
        <time>2026-06-16T13:48:56.000Z</time>
        <extensions>
          <ns3:TrackPointExtension>
            <ns3:hr>135</ns3:hr>
            <ns3:cad>91</ns3:cad>
          </ns3:TrackPointExtension>
        </extensions>
      </trkpt>
      <trkpt lat="30.75158779509365558624267578125" lon="108.445646949112415313720703125">
        <ele>420</ele>
        <time>2026-06-16T13:48:57.000Z</time>
        <extensions>
          <ns3:TrackPointExtension>
            <ns3:hr>135</ns3:hr>
            <ns3:cad>91</ns3:cad>
          </ns3:TrackPointExtension>
        </extensions>
      </trkpt>
      <trkpt lat="30.75158326886594295501708984375" lon="108.44567234627902507781982421875">
        <ele>420</ele>
        <time>2026-06-16T13:48:58.000Z</time>
        <extensions>
          <ns3:TrackPointExtension>
            <ns3:hr>135</ns3:hr>
            <ns3:cad>91</ns3:cad>
          </ns3:TrackPointExtension>
        </extensions>
      </trkpt>
      <trkpt lat="30.7515878789126873016357421875" lon="108.4456927143037319183349609375">
        <ele>420</ele>
        <time>2026-06-16T13:48:59.000Z</time>
        <extensions>
          <ns3:TrackPointExtension>
            <ns3:hr>136</ns3:hr>
            <ns3:cad>91</ns3:cad>
          </ns3:TrackPointExtension>
        </extensions>
      </trkpt>
      <trkpt lat="30.75159198604524135589599609375" lon="108.44571375288069248199462890625">
        <ele>420</ele>
        <time>2026-06-16T13:49:00.000Z</time>
        <extensions>
          <ns3:TrackPointExtension>
            <ns3:hr>137</ns3:hr>
            <ns3:cad>91</ns3:cad>
          </ns3:TrackPointExtension>
        </extensions>
      </trkpt>
      <trkpt lat="30.7515996135771274566650390625" lon="108.445734791457653045654296875">
        <ele>420</ele>
        <time>2026-06-16T13:49:01.000Z</time>
        <extensions>
          <ns3:TrackPointExtension>
            <ns3:hr>137</ns3:hr>
            <ns3:cad>92</ns3:cad>
          </ns3:TrackPointExtension>
        </extensions>
      </trkpt>
      <trkpt lat="30.75159885920584201812744140625" lon="108.44576127827167510986328125">
        <ele>420</ele>
        <time>2026-06-16T13:49:02.000Z</time>
        <extensions>
          <ns3:TrackPointExtension>
            <ns3:hr>138</ns3:hr>
            <ns3:cad>92</ns3:cad>
          </ns3:TrackPointExtension>
        </extensions>
      </trkpt>
      <trkpt lat="30.75160481035709381103515625" lon="108.44578281976282596588134765625">
        <ele>420</ele>
        <time>2026-06-16T13:49:03.000Z</time>
        <extensions>
          <ns3:TrackPointExtension>
            <ns3:hr>138</ns3:hr>
            <ns3:cad>92</ns3:cad>
          </ns3:TrackPointExtension>
        </extensions>
      </trkpt>
      <trkpt lat="30.7516110129654407501220703125" lon="108.44580687582492828369140625">
        <ele>420</ele>
        <time>2026-06-16T13:49:04.000Z</time>
        <extensions>
          <ns3:TrackPointExtension>
            <ns3:hr>137</ns3:hr>
            <ns3:cad>92</ns3:cad>
          </ns3:TrackPointExtension>
        </extensions>
      </trkpt>
      <trkpt lat="30.75161964632570743560791015625" lon="108.4458335302770137786865234375">
        <ele>420</ele>
        <time>2026-06-16T13:49:05.000Z</time>
        <extensions>
          <ns3:TrackPointExtension>
            <ns3:hr>137</ns3:hr>
            <ns3:cad>92</ns3:cad>
          </ns3:TrackPointExtension>
        </extensions>
      </trkpt>
      <trkpt lat="30.75162685476243495941162109375" lon="108.445855490863323211669921875">
        <ele>420</ele>
        <time>2026-06-16T13:49:06.000Z</time>
        <extensions>
          <ns3:TrackPointExtension>
            <ns3:hr>137</ns3:hr>
            <ns3:cad>92</ns3:cad>
          </ns3:TrackPointExtension>
        </extensions>
      </trkpt>
      <trkpt lat="30.75163875706493854522705078125" lon="108.445880971848964691162109375">
        <ele>420</ele>
        <time>2026-06-16T13:49:07.000Z</time>
        <extensions>
          <ns3:TrackPointExtension>
            <ns3:hr>137</ns3:hr>
            <ns3:cad>92</ns3:cad>
          </ns3:TrackPointExtension>
        </extensions>
      </trkpt>
      <trkpt lat="30.7516495697200298309326171875" lon="108.44590016640722751617431640625">
        <ele>420</ele>
        <time>2026-06-16T13:49:08.000Z</time>
        <extensions>
          <ns3:TrackPointExtension>
            <ns3:hr>136</ns3:hr>
            <ns3:cad>92</ns3:cad>
          </ns3:TrackPointExtension>
        </extensions>
      </trkpt>
      <trkpt lat="30.7516582868993282318115234375" lon="108.44592489302158355712890625">
        <ele>420.20001220703125</ele>
        <time>2026-06-16T13:49:09.000Z</time>
        <extensions>
          <ns3:TrackPointExtension>
            <ns3:hr>136</ns3:hr>
            <ns3:cad>92</ns3:cad>
          </ns3:TrackPointExtension>
        </extensions>
      </trkpt>
      <trkpt lat="30.75167261995375156402587890625" lon="108.4459408186376094818115234375">
        <ele>420.20001220703125</ele>
        <time>2026-06-16T13:49:10.000Z</time>
        <extensions>
          <ns3:TrackPointExtension>
            <ns3:hr>135</ns3:hr>
            <ns3:cad>92</ns3:cad>
          </ns3:TrackPointExtension>
        </extensions>
      </trkpt>
      <trkpt lat="30.75168401934206485748291015625" lon="108.44596445560455322265625">
        <ele>420.20001220703125</ele>
        <time>2026-06-16T13:49:11.000Z</time>
        <extensions>
          <ns3:TrackPointExtension>
            <ns3:hr>135</ns3:hr>
            <ns3:cad>92</ns3:cad>
          </ns3:TrackPointExtension>
        </extensions>
      </trkpt>
      <trkpt lat="30.75169826857745647430419921875" lon="108.44597929157316684722900390625">
        <ele>420.20001220703125</ele>
        <time>2026-06-16T13:49:12.000Z</time>
        <extensions>
          <ns3:TrackPointExtension>
            <ns3:hr>135</ns3:hr>
            <ns3:cad>92</ns3:cad>
          </ns3:TrackPointExtension>
        </extensions>
      </trkpt>
      <trkpt lat="30.75171302072703838348388671875" lon="108.4460038505494594573974609375">
        <ele>420.20001220703125</ele>
        <time>2026-06-16T13:49:13.000Z</time>
        <extensions>
          <ns3:TrackPointExtension>
            <ns3:hr>135</ns3:hr>
            <ns3:cad>93</ns3:cad>
          </ns3:TrackPointExtension>
        </extensions>
      </trkpt>
      <trkpt lat="30.7517280243337154388427734375" lon="108.44601432792842388153076171875">
        <ele>420.20001220703125</ele>
        <time>2026-06-16T13:49:14.000Z</time>
        <extensions>
          <ns3:TrackPointExtension>
            <ns3:hr>135</ns3:hr>
            <ns3:cad>93</ns3:cad>
          </ns3:TrackPointExtension>
        </extensions>
      </trkpt>
      <trkpt lat="30.75174235738813877105712890625" lon="108.44603762961924076080322265625">
        <ele>420.20001220703125</ele>
        <time>2026-06-16T13:49:15.000Z</time>
        <extensions>
          <ns3:TrackPointExtension>
            <ns3:hr>135</ns3:hr>
            <ns3:cad>93</ns3:cad>
          </ns3:TrackPointExtension>
        </extensions>
      </trkpt>
      <trkpt lat="30.75175677426159381866455078125" lon="108.44604869373142719268798828125">
        <ele>420.20001220703125</ele>
        <time>2026-06-16T13:49:16.000Z</time>
        <extensions>
          <ns3:TrackPointExtension>
            <ns3:hr>135</ns3:hr>
            <ns3:cad>93</ns3:cad>
          </ns3:TrackPointExtension>
        </extensions>
      </trkpt>
      <trkpt lat="30.7517731189727783203125" lon="108.4460645355284214019775390625">
        <ele>420.20001220703125</ele>
        <time>2026-06-16T13:49:17.000Z</time>
        <extensions>
          <ns3:TrackPointExtension>
            <ns3:hr>135</ns3:hr>
            <ns3:cad>93</ns3:cad>
          </ns3:TrackPointExtension>
        </extensions>
      </trkpt>
      <trkpt lat="30.75179013423621654510498046875" lon="108.44607283361256122589111328125">
        <ele>420.20001220703125</ele>
        <time>2026-06-16T13:49:18.000Z</time>
        <extensions>
          <ns3:TrackPointExtension>
            <ns3:hr>135</ns3:hr>
            <ns3:cad>93</ns3:cad>
          </ns3:TrackPointExtension>
        </extensions>
      </trkpt>
      <trkpt lat="30.75180639512836933135986328125" lon="108.44608674757182598114013671875">
        <ele>420.20001220703125</ele>
        <time>2026-06-16T13:49:19.000Z</time>
        <extensions>
          <ns3:TrackPointExtension>
            <ns3:hr>136</ns3:hr>
            <ns3:cad>93</ns3:cad>
          </ns3:TrackPointExtension>
        </extensions>
      </trkpt>
      <trkpt lat="30.7518252544105052947998046875" lon="108.44609655439853668212890625">
        <ele>420.20001220703125</ele>
        <time>2026-06-16T13:49:20.000Z</time>
        <extensions>
          <ns3:TrackPointExtension>
            <ns3:hr>135</ns3:hr>
            <ns3:cad>92</ns3:cad>
          </ns3:TrackPointExtension>
        </extensions>
      </trkpt>
      <trkpt lat="30.75183958746492862701416015625" lon="108.446109294891357421875">
        <ele>420.20001220703125</ele>
        <time>2026-06-16T13:49:21.000Z</time>
        <extensions>
          <ns3:TrackPointExtension>
            <ns3:hr>136</ns3:hr>
            <ns3:cad>92</ns3:cad>
          </ns3:TrackPointExtension>
        </extensions>
      </trkpt>
      <trkpt lat="30.7518587820231914520263671875" lon="108.4461238794028759002685546875">
        <ele>420.20001220703125</ele>
        <time>2026-06-16T13:49:22.000Z</time>
        <extensions>
          <ns3:TrackPointExtension>
            <ns3:hr>136</ns3:hr>
            <ns3:cad>91</ns3:cad>
          </ns3:TrackPointExtension>
        </extensions>
      </trkpt>
      <trkpt lat="30.75187412090599536895751953125" lon="108.446138799190521240234375">
        <ele>420.20001220703125</ele>
        <time>2026-06-16T13:49:23.000Z</time>
        <extensions>
          <ns3:TrackPointExtension>
            <ns3:hr>136</ns3:hr>
            <ns3:cad>91</ns3:cad>
          </ns3:TrackPointExtension>
        </extensions>
      </trkpt>
      <trkpt lat="30.75189524330198764801025390625" lon="108.44615799374878406524658203125">
        <ele>420.20001220703125</ele>
        <time>2026-06-16T13:49:24.000Z</time>
        <extensions>
          <ns3:TrackPointExtension>
            <ns3:hr>136</ns3:hr>
            <ns3:cad>93</ns3:cad>
          </ns3:TrackPointExtension>
        </extensions>
      </trkpt>
      <trkpt lat="30.7519114203751087188720703125" lon="108.4461688064038753509521484375">
        <ele>420.20001220703125</ele>
        <time>2026-06-16T13:49:25.000Z</time>
        <extensions>
          <ns3:TrackPointExtension>
            <ns3:hr>137</ns3:hr>
            <ns3:cad>93</ns3:cad>
          </ns3:TrackPointExtension>
        </extensions>
      </trkpt>
      <trkpt lat="30.75193363241851329803466796875" lon="108.44617626629769802093505859375">
        <ele>420.20001220703125</ele>
        <time>2026-06-16T13:49:26.000Z</time>
        <extensions>
          <ns3:TrackPointExtension>
            <ns3:hr>137</ns3:hr>
            <ns3:cad>93</ns3:cad>
          </ns3:TrackPointExtension>
        </extensions>
      </trkpt>
      <trkpt lat="30.75194871984422206878662109375" lon="108.4461748413741588592529296875">
        <ele>420.20001220703125</ele>
        <time>2026-06-16T13:49:27.000Z</time>
        <extensions>
          <ns3:TrackPointExtension>
            <ns3:hr>137</ns3:hr>
            <ns3:cad>93</ns3:cad>
          </ns3:TrackPointExtension>
        </extensions>
      </trkpt>
      <trkpt lat="30.75197135098278522491455078125" lon="108.446178026497364044189453125">
        <ele>420.20001220703125</ele>
        <time>2026-06-16T13:49:28.000Z</time>
        <extensions>
          <ns3:TrackPointExtension>
            <ns3:hr>137</ns3:hr>
            <ns3:cad>93</ns3:cad>
          </ns3:TrackPointExtension>
        </extensions>
      </trkpt>
      <trkpt lat="30.751989372074604034423828125" lon="108.44617375172674655914306640625">
        <ele>420.20001220703125</ele>
        <time>2026-06-16T13:49:29.000Z</time>
        <extensions>
          <ns3:TrackPointExtension>
            <ns3:hr>137</ns3:hr>
            <ns3:cad>93</ns3:cad>
          </ns3:TrackPointExtension>
        </extensions>
      </trkpt>
      <trkpt lat="30.75201242230832576751708984375" lon="108.44617894850671291351318359375">
        <ele>420.20001220703125</ele>
        <time>2026-06-16T13:49:30.000Z</time>
        <extensions>
          <ns3:TrackPointExtension>
            <ns3:hr>137</ns3:hr>
            <ns3:cad>93</ns3:cad>
          </ns3:TrackPointExtension>
        </extensions>
      </trkpt>
      <trkpt lat="30.7520306110382080078125" lon="108.446172662079334259033203125">
        <ele>420.399993896484375</ele>
        <time>2026-06-16T13:49:31.000Z</time>
        <extensions>
          <ns3:TrackPointExtension>
            <ns3:hr>137</ns3:hr>
            <ns3:cad>93</ns3:cad>
          </ns3:TrackPointExtension>
        </extensions>
      </trkpt>
      <trkpt lat="30.7520529069006443023681640625" lon="108.44617123715579509735107421875">
        <ele>420.399993896484375</ele>
        <time>2026-06-16T13:49:32.000Z</time>
        <extensions>
          <ns3:TrackPointExtension>
            <ns3:hr>136</ns3:hr>
            <ns3:cad>93</ns3:cad>
          </ns3:TrackPointExtension>
        </extensions>
      </trkpt>
      <trkpt lat="30.75207285583019256591796875" lon="108.44617056660354137420654296875">
        <ele>420.399993896484375</ele>
        <time>2026-06-16T13:49:33.000Z</time>
        <extensions>
          <ns3:TrackPointExtension>
            <ns3:hr>137</ns3:hr>
            <ns3:cad>93</ns3:cad>
          </ns3:TrackPointExtension>
        </extensions>
      </trkpt>
      <trkpt lat="30.7520941458642482757568359375" lon="108.44617509283125400543212890625">
        <ele>420.399993896484375</ele>
        <time>2026-06-16T13:49:34.000Z</time>
        <extensions>
          <ns3:TrackPointExtension>
            <ns3:hr>137</ns3:hr>
            <ns3:cad>93</ns3:cad>
          </ns3:TrackPointExtension>
        </extensions>
      </trkpt>
      <trkpt lat="30.75211468152701854705810546875" lon="108.44617224298417568206787109375">
        <ele>420.399993896484375</ele>
        <time>2026-06-16T13:49:35.000Z</time>
        <extensions>
          <ns3:TrackPointExtension>
            <ns3:hr>137</ns3:hr>
            <ns3:cad>93</ns3:cad>
          </ns3:TrackPointExtension>
        </extensions>
      </trkpt>
      <trkpt lat="30.75213328935205936431884765625" lon="108.4461758472025394439697265625">
        <ele>420.399993896484375</ele>
        <time>2026-06-16T13:49:36.000Z</time>
        <extensions>
          <ns3:TrackPointExtension>
            <ns3:hr>137</ns3:hr>
            <ns3:cad>93</ns3:cad>
          </ns3:TrackPointExtension>
        </extensions>
      </trkpt>
      <trkpt lat="30.75215659104287624359130859375" lon="108.4461724944412708282470703125">
        <ele>420.399993896484375</ele>
        <time>2026-06-16T13:49:37.000Z</time>
        <extensions>
          <ns3:TrackPointExtension>
            <ns3:hr>137</ns3:hr>
            <ns3:cad>93</ns3:cad>
          </ns3:TrackPointExtension>
        </extensions>
      </trkpt>
      <trkpt lat="30.7521702535450458526611328125" lon="108.4461681358516216278076171875">
        <ele>420.399993896484375</ele>
        <time>2026-06-16T13:49:38.000Z</time>
        <extensions>
          <ns3:TrackPointExtension>
            <ns3:hr>137</ns3:hr>
            <ns3:cad>93</ns3:cad>
          </ns3:TrackPointExtension>
        </extensions>
      </trkpt>
      <trkpt lat="30.752191878855228424072265625" lon="108.4461642801761627197265625">
        <ele>420.399993896484375</ele>
        <time>2026-06-16T13:49:39.000Z</time>
        <extensions>
          <ns3:TrackPointExtension>
            <ns3:hr>137</ns3:hr>
            <ns3:cad>92</ns3:cad>
          </ns3:TrackPointExtension>
        </extensions>
      </trkpt>
      <trkpt lat="30.752208642661571502685546875" lon="108.44616268761456012725830078125">
        <ele>420.399993896484375</ele>
        <time>2026-06-16T13:49:40.000Z</time>
        <extensions>
          <ns3:TrackPointExtension>
            <ns3:hr>137</ns3:hr>
            <ns3:cad>91</ns3:cad>
          </ns3:TrackPointExtension>
        </extensions>
      </trkpt>
      <trkpt lat="30.75223152525722980499267578125" lon="108.44616604037582874298095703125">
        <ele>420.600006103515625</ele>
        <time>2026-06-16T13:49:41.000Z</time>
        <extensions>
          <ns3:TrackPointExtension>
            <ns3:hr>137</ns3:hr>
            <ns3:cad>91</ns3:cad>
          </ns3:TrackPointExtension>
        </extensions>
      </trkpt>
      <trkpt lat="30.7522507198154926300048828125" lon="108.44616453163325786590576171875">
        <ele>420.600006103515625</ele>
        <time>2026-06-16T13:49:42.000Z</time>
        <extensions>
          <ns3:TrackPointExtension>
            <ns3:hr>137</ns3:hr>
            <ns3:cad>91</ns3:cad>
          </ns3:TrackPointExtension>
        </extensions>
      </trkpt>
      <trkpt lat="30.7522728480398654937744140625" lon="108.44616805203258991241455078125">
        <ele>420.600006103515625</ele>
        <time>2026-06-16T13:49:43.000Z</time>
        <extensions>
          <ns3:TrackPointExtension>
            <ns3:hr>137</ns3:hr>
            <ns3:cad>91</ns3:cad>
          </ns3:TrackPointExtension>
        </extensions>
      </trkpt>
      <trkpt lat="30.75229019857943058013916015625" lon="108.446163944900035858154296875">
        <ele>420.600006103515625</ele>
        <time>2026-06-16T13:49:44.000Z</time>
        <extensions>
          <ns3:TrackPointExtension>
            <ns3:hr>137</ns3:hr>
            <ns3:cad>91</ns3:cad>
          </ns3:TrackPointExtension>
        </extensions>
      </trkpt>
      <trkpt lat="30.7523147575557231903076171875" lon="108.44616251997649669647216796875">
        <ele>420.600006103515625</ele>
        <time>2026-06-16T13:49:45.000Z</time>
        <extensions>
          <ns3:TrackPointExtension>
            <ns3:hr>137</ns3:hr>
            <ns3:cad>91</ns3:cad>
          </ns3:TrackPointExtension>
        </extensions>
      </trkpt>
      <trkpt lat="30.752333700656890869140625" lon="108.446155898272991180419921875">
        <ele>420.600006103515625</ele>
        <time>2026-06-16T13:49:46.000Z</time>
        <extensions>
          <ns3:TrackPointExtension>
            <ns3:hr>136</ns3:hr>
            <ns3:cad>92</ns3:cad>
          </ns3:TrackPointExtension>
        </extensions>
      </trkpt>
      <trkpt lat="30.75235675089061260223388671875" lon="108.44615832902491092681884765625">
        <ele>420.79998779296875</ele>
        <time>2026-06-16T13:49:47.000Z</time>
        <extensions>
          <ns3:TrackPointExtension>
            <ns3:hr>136</ns3:hr>
            <ns3:cad>93</ns3:cad>
          </ns3:TrackPointExtension>
        </extensions>
      </trkpt>
      <trkpt lat="30.7523730956017971038818359375" lon="108.44615363515913486480712890625">
        <ele>420.79998779296875</ele>
        <time>2026-06-16T13:49:48.000Z</time>
        <extensions>
          <ns3:TrackPointExtension>
            <ns3:hr>136</ns3:hr>
            <ns3:cad>93</ns3:cad>
          </ns3:TrackPointExtension>
        </extensions>
      </trkpt>
      <trkpt lat="30.75239664874970912933349609375" lon="108.446159921586513519287109375">
        <ele>420.79998779296875</ele>
        <time>2026-06-16T13:49:49.000Z</time>
        <extensions>
          <ns3:TrackPointExtension>
            <ns3:hr>136</ns3:hr>
            <ns3:cad>93</ns3:cad>
          </ns3:TrackPointExtension>
        </extensions>
      </trkpt>
      <trkpt lat="30.75241626240313053131103515625" lon="108.44615816138684749603271484375">
        <ele>420.79998779296875</ele>
        <time>2026-06-16T13:49:50.000Z</time>
        <extensions>
          <ns3:TrackPointExtension>
            <ns3:hr>136</ns3:hr>
            <ns3:cad>93</ns3:cad>
          </ns3:TrackPointExtension>
        </extensions>
      </trkpt>
      <trkpt lat="30.75243855826556682586669921875" lon="108.44616486690938472747802734375">
        <ele>421</ele>
        <time>2026-06-16T13:49:51.000Z</time>
        <extensions>
          <ns3:TrackPointExtension>
            <ns3:hr>137</ns3:hr>
            <ns3:cad>92</ns3:cad>
          </ns3:TrackPointExtension>
        </extensions>
      </trkpt>
      <trkpt lat="30.752458758652210235595703125" lon="108.44616495072841644287109375">
        <ele>421</ele>
        <time>2026-06-16T13:49:52.000Z</time>
        <extensions>
          <ns3:TrackPointExtension>
            <ns3:hr>137</ns3:hr>
            <ns3:cad>92</ns3:cad>
          </ns3:TrackPointExtension>
        </extensions>
      </trkpt>
      <trkpt lat="30.75248055160045623779296875" lon="108.44617257826030254364013671875">
        <ele>421</ele>
        <time>2026-06-16T13:49:53.000Z</time>
        <extensions>
          <ns3:TrackPointExtension>
            <ns3:hr>137</ns3:hr>
            <ns3:cad>92</ns3:cad>
          </ns3:TrackPointExtension>
        </extensions>
      </trkpt>
      <trkpt lat="30.75250200927257537841796875" lon="108.44617727212607860565185546875">
        <ele>421.20001220703125</ele>
        <time>2026-06-16T13:49:54.000Z</time>
        <extensions>
          <ns3:TrackPointExtension>
            <ns3:hr>137</ns3:hr>
            <ns3:cad>93</ns3:cad>
          </ns3:TrackPointExtension>
        </extensions>
      </trkpt>
      <trkpt lat="30.752521455287933349609375" lon="108.4461781941354274749755859375">
        <ele>421.20001220703125</ele>
        <time>2026-06-16T13:49:55.000Z</time>
        <extensions>
          <ns3:TrackPointExtension>
            <ns3:hr>137</ns3:hr>
            <ns3:cad>93</ns3:cad>
          </ns3:TrackPointExtension>
        </extensions>
      </trkpt>
      <trkpt lat="30.75254467315971851348876953125" lon="108.4461765177547931671142578125">
        <ele>421.20001220703125</ele>
        <time>2026-06-16T13:49:56.000Z</time>
        <extensions>
          <ns3:TrackPointExtension>
            <ns3:hr>137</ns3:hr>
            <ns3:cad>93</ns3:cad>
          </ns3:TrackPointExtension>
        </extensions>
      </trkpt>
      <trkpt lat="30.75256504118442535400390625" lon="108.4461776912212371826171875">
        <ele>421.20001220703125</ele>
        <time>2026-06-16T13:49:57.000Z</time>
        <extensions>
          <ns3:TrackPointExtension>
            <ns3:hr>137</ns3:hr>
            <ns3:cad>92</ns3:cad>
          </ns3:TrackPointExtension>
        </extensions>
      </trkpt>
      <trkpt lat="30.75258708558976650238037109375" lon="108.4461751766502857208251953125">
        <ele>421.20001220703125</ele>
        <time>2026-06-16T13:49:58.000Z</time>
        <extensions>
          <ns3:TrackPointExtension>
            <ns3:hr>137</ns3:hr>
            <ns3:cad>92</ns3:cad>
          </ns3:TrackPointExtension>
        </extensions>
      </trkpt>
      <trkpt lat="30.752604268491268157958984375" lon="108.446171320974826812744140625">
        <ele>421.20001220703125</ele>
        <time>2026-06-16T13:49:59.000Z</time>
        <extensions>
          <ns3:TrackPointExtension>
            <ns3:hr>137</ns3:hr>
            <ns3:cad>92</ns3:cad>
          </ns3:TrackPointExtension>
        </extensions>
      </trkpt>
      <trkpt lat="30.752629078924655914306640625" lon="108.4461669623851776123046875">
        <ele>421.20001220703125</ele>
        <time>2026-06-16T13:50:00.000Z</time>
        <extensions>
          <ns3:TrackPointExtension>
            <ns3:hr>137</ns3:hr>
            <ns3:cad>92</ns3:cad>
          </ns3:TrackPointExtension>
        </extensions>
      </trkpt>
      <trkpt lat="30.75264525599777698516845703125" lon="108.446163944900035858154296875">
        <ele>421.399993896484375</ele>
        <time>2026-06-16T13:50:01.000Z</time>
        <extensions>
          <ns3:TrackPointExtension>
            <ns3:hr>137</ns3:hr>
            <ns3:cad>92</ns3:cad>
          </ns3:TrackPointExtension>
        </extensions>
      </trkpt>
      <trkpt lat="30.752668641507625579833984375" lon="108.44616486690938472747802734375">
        <ele>421.399993896484375</ele>
        <time>2026-06-16T13:50:02.000Z</time>
        <extensions>
          <ns3:TrackPointExtension>
            <ns3:hr>137</ns3:hr>
            <ns3:cad>92</ns3:cad>
          </ns3:TrackPointExtension>
        </extensions>
      </trkpt>
      <trkpt lat="30.7526864111423492431640625" lon="108.44616402871906757354736328125">
        <ele>421.399993896484375</ele>
        <time>2026-06-16T13:50:03.000Z</time>
        <extensions>
          <ns3:TrackPointExtension>
            <ns3:hr>137</ns3:hr>
            <ns3:cad>92</ns3:cad>
          </ns3:TrackPointExtension>
        </extensions>
      </trkpt>
      <trkpt lat="30.75271214358508586883544921875" lon="108.4461641125380992889404296875">
        <ele>421.600006103515625</ele>
        <time>2026-06-16T13:50:04.000Z</time>
        <extensions>
          <ns3:TrackPointExtension>
            <ns3:hr>137</ns3:hr>
            <ns3:cad>92</ns3:cad>
          </ns3:TrackPointExtension>
        </extensions>
      </trkpt>
      <trkpt lat="30.75272873975336551666259765625" lon="108.44615958631038665771484375">
        <ele>421.600006103515625</ele>
        <time>2026-06-16T13:50:05.000Z</time>
        <extensions>
          <ns3:TrackPointExtension>
            <ns3:hr>137</ns3:hr>
            <ns3:cad>92</ns3:cad>
          </ns3:TrackPointExtension>
        </extensions>
      </trkpt>
      <trkpt lat="30.75275338254868984222412109375" lon="108.44616536982357501983642578125">
        <ele>421.600006103515625</ele>
        <time>2026-06-16T13:50:06.000Z</time>
        <extensions>
          <ns3:TrackPointExtension>
            <ns3:hr>137</ns3:hr>
            <ns3:cad>92</ns3:cad>
          </ns3:TrackPointExtension>
        </extensions>
      </trkpt>
      <trkpt lat="30.75276863761246204376220703125" lon="108.44616201706230640411376953125">
        <ele>421.79998779296875</ele>
        <time>2026-06-16T13:50:07.000Z</time>
        <extensions>
          <ns3:TrackPointExtension>
            <ns3:hr>137</ns3:hr>
            <ns3:cad>92</ns3:cad>
          </ns3:TrackPointExtension>
        </extensions>
      </trkpt>
      <trkpt lat="30.75279302895069122314453125" lon="108.44616319052875041961669921875">
        <ele>421.79998779296875</ele>
        <time>2026-06-16T13:50:08.000Z</time>
        <extensions>
          <ns3:TrackPointExtension>
            <ns3:hr>137</ns3:hr>
            <ns3:cad>92</ns3:cad>
          </ns3:TrackPointExtension>
        </extensions>
      </trkpt>
      <trkpt lat="30.752811133861541748046875" lon="108.44616184942424297332763671875">
        <ele>421.79998779296875</ele>
        <time>2026-06-16T13:50:09.000Z</time>
        <extensions>
          <ns3:TrackPointExtension>
            <ns3:hr>137</ns3:hr>
            <ns3:cad>92</ns3:cad>
          </ns3:TrackPointExtension>
        </extensions>
      </trkpt>
      <trkpt lat="30.7528354413807392120361328125" lon="108.44617165625095367431640625">
        <ele>421.79998779296875</ele>
        <time>2026-06-16T13:50:10.000Z</time>
        <extensions>
          <ns3:TrackPointExtension>
            <ns3:hr>137</ns3:hr>
            <ns3:cad>92</ns3:cad>
          </ns3:TrackPointExtension>
        </extensions>
      </trkpt>
      <trkpt lat="30.7528528757393360137939453125" lon="108.446171320974826812744140625">
        <ele>422</ele>
        <time>2026-06-16T13:50:11.000Z</time>
        <extensions>
          <ns3:TrackPointExtension>
            <ns3:hr>137</ns3:hr>
            <ns3:cad>92</ns3:cad>
          </ns3:TrackPointExtension>
        </extensions>
      </trkpt>
      <trkpt lat="30.7528770156204700469970703125" lon="108.44617702066898345947265625">
        <ele>422</ele>
        <time>2026-06-16T13:50:12.000Z</time>
        <extensions>
          <ns3:TrackPointExtension>
            <ns3:hr>137</ns3:hr>
            <ns3:cad>92</ns3:cad>
          </ns3:TrackPointExtension>
        </extensions>
      </trkpt>
      <trkpt lat="30.75289436616003513336181640625" lon="108.44617576338350772857666015625">
        <ele>422</ele>
        <time>2026-06-16T13:50:13.000Z</time>
        <extensions>
          <ns3:TrackPointExtension>
            <ns3:hr>137</ns3:hr>
            <ns3:cad>92</ns3:cad>
          </ns3:TrackPointExtension>
        </extensions>
      </trkpt>
      <trkpt lat="30.7529145665466785430908203125" lon="108.44617861323058605194091796875">
        <ele>422</ele>
        <time>2026-06-16T13:50:14.000Z</time>
        <extensions>
          <ns3:TrackPointExtension>
            <ns3:hr>137</ns3:hr>
            <ns3:cad>92</ns3:cad>
          </ns3:TrackPointExtension>
        </extensions>
      </trkpt>
      <trkpt lat="30.752932839095592498779296875" lon="108.4461803734302520751953125">
        <ele>422</ele>
        <time>2026-06-16T13:50:15.000Z</time>
        <extensions>
          <ns3:TrackPointExtension>
            <ns3:hr>137</ns3:hr>
            <ns3:cad>90</ns3:cad>
          </ns3:TrackPointExtension>
        </extensions>
      </trkpt>
      <trkpt lat="30.75295572169125080108642578125" lon="108.4461852349340915679931640625">
        <ele>422</ele>
        <time>2026-06-16T13:50:16.000Z</time>
        <extensions>
          <ns3:TrackPointExtension>
            <ns3:hr>137</ns3:hr>
            <ns3:cad>90</ns3:cad>
          </ns3:TrackPointExtension>
        </extensions>
      </trkpt>
      <trkpt lat="30.752973742783069610595703125" lon="108.4461852349340915679931640625">
        <ele>422</ele>
        <time>2026-06-16T13:50:17.000Z</time>
        <extensions>
          <ns3:TrackPointExtension>
            <ns3:hr>138</ns3:hr>
            <ns3:cad>90</ns3:cad>
          </ns3:TrackPointExtension>
        </extensions>
      </trkpt>
      <trkpt lat="30.7529962062835693359375" lon="108.44619043171405792236328125">
        <ele>422.20001220703125</ele>
        <time>2026-06-16T13:50:18.000Z</time>
        <extensions>
          <ns3:TrackPointExtension>
            <ns3:hr>138</ns3:hr>
            <ns3:cad>90</ns3:cad>
          </ns3:TrackPointExtension>
        </extensions>
      </trkpt>
      <trkpt lat="30.75301623903214931488037109375" lon="108.44619177281856536865234375">
        <ele>422.20001220703125</ele>
        <time>2026-06-16T13:50:19.000Z</time>
        <extensions>
          <ns3:TrackPointExtension>
            <ns3:hr>138</ns3:hr>
            <ns3:cad>90</ns3:cad>
          </ns3:TrackPointExtension>
        </extensions>
      </trkpt>
      <trkpt lat="30.75303987599909305572509765625" lon="108.446191437542438507080078125">
        <ele>422.20001220703125</ele>
        <time>2026-06-16T13:50:20.000Z</time>
        <extensions>
          <ns3:TrackPointExtension>
            <ns3:hr>138</ns3:hr>
            <ns3:cad>90</ns3:cad>
          </ns3:TrackPointExtension>
        </extensions>
      </trkpt>
      <trkpt lat="30.75305714271962642669677734375" lon="108.44618196599185466766357421875">
        <ele>422.20001220703125</ele>
        <time>2026-06-16T13:50:21.000Z</time>
        <extensions>
          <ns3:TrackPointExtension>
            <ns3:hr>139</ns3:hr>
            <ns3:cad>90</ns3:cad>
          </ns3:TrackPointExtension>
        </extensions>
      </trkpt>
      <trkpt lat="30.75307407416403293609619140625" lon="108.44616754911839962005615234375">
        <ele>422.20001220703125</ele>
        <time>2026-06-16T13:50:22.000Z</time>
        <extensions>
          <ns3:TrackPointExtension>
            <ns3:hr>138</ns3:hr>
            <ns3:cad>91</ns3:cad>
          </ns3:TrackPointExtension>
        </extensions>
      </trkpt>
      <trkpt lat="30.753085725009441375732421875" lon="108.44614760018885135650634765625">
        <ele>422.20001220703125</ele>
        <time>2026-06-16T13:50:23.000Z</time>
        <extensions>
          <ns3:TrackPointExtension>
            <ns3:hr>138</ns3:hr>
            <ns3:cad>92</ns3:cad>
          </ns3:TrackPointExtension>
        </extensions>
      </trkpt>
      <trkpt lat="30.7530942745506763458251953125" lon="108.4461258910596370697021484375">
        <ele>422.20001220703125</ele>
        <time>2026-06-16T13:50:24.000Z</time>
        <extensions>
          <ns3:TrackPointExtension>
            <ns3:hr>138</ns3:hr>
            <ns3:cad>92</ns3:cad>
          </ns3:TrackPointExtension>
        </extensions>
      </trkpt>
      <trkpt lat="30.75310072861611843109130859375" lon="108.4460972249507904052734375">
        <ele>422.600006103515625</ele>
        <time>2026-06-16T13:50:25.000Z</time>
        <extensions>
          <ns3:TrackPointExtension>
            <ns3:hr>139</ns3:hr>
            <ns3:cad>92</ns3:cad>
          </ns3:TrackPointExtension>
        </extensions>
      </trkpt>
      <trkpt lat="30.75310810469090938568115234375" lon="108.44607937149703502655029296875">
        <ele>422.600006103515625</ele>
        <time>2026-06-16T13:50:26.000Z</time>
        <extensions>
          <ns3:TrackPointExtension>
            <ns3:hr>138</ns3:hr>
            <ns3:cad>92</ns3:cad>
          </ns3:TrackPointExtension>
        </extensions>
      </trkpt>
      <trkpt lat="30.753127634525299072265625" lon="108.4460628591477870941162109375">
        <ele>422.79998779296875</ele>
        <time>2026-06-16T13:50:27.000Z</time>
        <extensions>
          <ns3:TrackPointExtension>
            <ns3:hr>138</ns3:hr>
            <ns3:cad>91</ns3:cad>
          </ns3:TrackPointExtension>
        </extensions>
      </trkpt>
      <trkpt lat="30.75314112938940525054931640625" lon="108.44604718498885631561279296875">
        <ele>422.79998779296875</ele>
        <time>2026-06-16T13:50:28.000Z</time>
        <extensions>
          <ns3:TrackPointExtension>
            <ns3:hr>139</ns3:hr>
            <ns3:cad>91</ns3:cad>
          </ns3:TrackPointExtension>
        </extensions>
      </trkpt>
      <trkpt lat="30.75316174887120723724365234375" lon="108.446031510829925537109375">
        <ele>422.79998779296875</ele>
        <time>2026-06-16T13:50:29.000Z</time>
        <extensions>
          <ns3:TrackPointExtension>
            <ns3:hr>139</ns3:hr>
            <ns3:cad>91</ns3:cad>
          </ns3:TrackPointExtension>
        </extensions>
      </trkpt>
      <trkpt lat="30.7531703822314739227294921875" lon="108.44601416029036045074462890625">
        <ele>423</ele>
        <time>2026-06-16T13:50:30.000Z</time>
        <extensions>
          <ns3:TrackPointExtension>
            <ns3:hr>139</ns3:hr>
            <ns3:cad>91</ns3:cad>
          </ns3:TrackPointExtension>
        </extensions>
      </trkpt>
      <trkpt lat="30.7531861402094364166259765625" lon="108.44599069096148014068603515625">
        <ele>423</ele>
        <time>2026-06-16T13:50:31.000Z</time>
        <extensions>
          <ns3:TrackPointExtension>
            <ns3:hr>139</ns3:hr>
            <ns3:cad>92</ns3:cad>
          </ns3:TrackPointExtension>
        </extensions>
      </trkpt>
      <trkpt lat="30.75319209136068820953369140625" lon="108.44597057439386844635009765625">
        <ele>423</ele>
        <time>2026-06-16T13:50:32.000Z</time>
        <extensions>
          <ns3:TrackPointExtension>
            <ns3:hr>140</ns3:hr>
            <ns3:cad>94</ns3:cad>
          </ns3:TrackPointExtension>
        </extensions>
      </trkpt>
      <trkpt lat="30.7532029040157794952392578125" lon="108.44594190828502178192138671875">
        <ele>423</ele>
        <time>2026-06-16T13:50:33.000Z</time>
        <extensions>
          <ns3:TrackPointExtension>
            <ns3:hr>140</ns3:hr>
            <ns3:cad>94</ns3:cad>
          </ns3:TrackPointExtension>
        </extensions>
      </trkpt>
      <trkpt lat="30.75321237556636333465576171875" lon="108.4459223784506320953369140625">
        <ele>423.20001220703125</ele>
        <time>2026-06-16T13:50:34.000Z</time>
        <extensions>
          <ns3:TrackPointExtension>
            <ns3:hr>141</ns3:hr>
            <ns3:cad>94</ns3:cad>
          </ns3:TrackPointExtension>
        </extensions>
      </trkpt>
      <trkpt lat="30.75323215685784816741943359375" lon="108.4459036029875278472900390625">
        <ele>423.20001220703125</ele>
        <time>2026-06-16T13:50:35.000Z</time>
        <extensions>
          <ns3:TrackPointExtension>
            <ns3:hr>141</ns3:hr>
            <ns3:cad>92</ns3:cad>
          </ns3:TrackPointExtension>
        </extensions>
      </trkpt>
      <trkpt lat="30.75324632227420806884765625" lon="108.4458868391811847686767578125">
        <ele>423.20001220703125</ele>
        <time>2026-06-16T13:50:36.000Z</time>
        <extensions>
          <ns3:TrackPointExtension>
            <ns3:hr>141</ns3:hr>
            <ns3:cad>92</ns3:cad>
          </ns3:TrackPointExtension>
        </extensions>
      </trkpt>
      <trkpt lat="30.75326283462345600128173828125" lon="108.44587066210806369781494140625">
        <ele>423.20001220703125</ele>
        <time>2026-06-16T13:50:37.000Z</time>
        <extensions>
          <ns3:TrackPointExtension>
            <ns3:hr>141</ns3:hr>
            <ns3:cad>92</ns3:cad>
          </ns3:TrackPointExtension>
        </extensions>
      </trkpt>
      <trkpt lat="30.75327088125050067901611328125" lon="108.44585255719721317291259765625">
        <ele>423.20001220703125</ele>
        <time>2026-06-16T13:50:38.000Z</time>
        <extensions>
          <ns3:TrackPointExtension>
            <ns3:hr>142</ns3:hr>
            <ns3:cad>92</ns3:cad>
          </ns3:TrackPointExtension>
        </extensions>
      </trkpt>
      <trkpt lat="30.753280185163021087646484375" lon="108.445830009877681732177734375">
        <ele>423.20001220703125</ele>
        <time>2026-06-16T13:50:39.000Z</time>
        <extensions>
          <ns3:TrackPointExtension>
            <ns3:hr>142</ns3:hr>
            <ns3:cad>92</ns3:cad>
          </ns3:TrackPointExtension>
        </extensions>
      </trkpt>
      <trkpt lat="30.75328630395233631134033203125" lon="108.445806205272674560546875">
        <ele>423.20001220703125</ele>
        <time>2026-06-16T13:50:40.000Z</time>
        <extensions>
          <ns3:TrackPointExtension>
            <ns3:hr>142</ns3:hr>
            <ns3:cad>92</ns3:cad>
          </ns3:TrackPointExtension>
        </extensions>
      </trkpt>
      <trkpt lat="30.75329233892261981964111328125" lon="108.4457825683057308197021484375">
        <ele>423.399993896484375</ele>
        <time>2026-06-16T13:50:41.000Z</time>
        <extensions>
          <ns3:TrackPointExtension>
            <ns3:hr>142</ns3:hr>
            <ns3:cad>92</ns3:cad>
          </ns3:TrackPointExtension>
        </extensions>
      </trkpt>
      <trkpt lat="30.75329049490392208099365234375" lon="108.44575499184429645538330078125">
        <ele>423.399993896484375</ele>
        <time>2026-06-16T13:50:42.000Z</time>
        <extensions>
          <ns3:TrackPointExtension>
            <ns3:hr>142</ns3:hr>
            <ns3:cad>92</ns3:cad>
          </ns3:TrackPointExtension>
        </extensions>
      </trkpt>
      <trkpt lat="30.7532877288758754730224609375" lon="108.4457336179912090301513671875">
        <ele>423.399993896484375</ele>
        <time>2026-06-16T13:50:43.000Z</time>
        <extensions>
          <ns3:TrackPointExtension>
            <ns3:hr>142</ns3:hr>
            <ns3:cad>92</ns3:cad>
          </ns3:TrackPointExtension>
        </extensions>
      </trkpt>
      <trkpt lat="30.75328228063881397247314453125" lon="108.445703946053981781005859375">
        <ele>423.399993896484375</ele>
        <time>2026-06-16T13:50:44.000Z</time>
        <extensions>
          <ns3:TrackPointExtension>
            <ns3:hr>143</ns3:hr>
            <ns3:cad>92</ns3:cad>
          </ns3:TrackPointExtension>
        </extensions>
      </trkpt>
      <trkpt lat="30.75328161008656024932861328125" lon="108.44568408094346523284912109375">
        <ele>423.399993896484375</ele>
        <time>2026-06-16T13:50:45.000Z</time>
        <extensions>
          <ns3:TrackPointExtension>
            <ns3:hr>143</ns3:hr>
            <ns3:cad>92</ns3:cad>
          </ns3:TrackPointExtension>
        </extensions>
      </trkpt>
      <trkpt lat="30.75328052043914794921875" lon="108.44565474428236484527587890625">
        <ele>423.399993896484375</ele>
        <time>2026-06-16T13:50:46.000Z</time>
        <extensions>
          <ns3:TrackPointExtension>
            <ns3:hr>143</ns3:hr>
            <ns3:cad>92</ns3:cad>
          </ns3:TrackPointExtension>
        </extensions>
      </trkpt>
      <trkpt lat="30.75327842496335506439208984375" lon="108.44563529826700687408447265625">
        <ele>423.399993896484375</ele>
        <time>2026-06-16T13:50:47.000Z</time>
        <extensions>
          <ns3:TrackPointExtension>
            <ns3:hr>143</ns3:hr>
            <ns3:cad>92</ns3:cad>
          </ns3:TrackPointExtension>
        </extensions>
      </trkpt>
      <trkpt lat="30.7532759942114353179931640625" lon="108.44560462050139904022216796875">
        <ele>423.399993896484375</ele>
        <time>2026-06-16T13:50:48.000Z</time>
        <extensions>
          <ns3:TrackPointExtension>
            <ns3:hr>142</ns3:hr>
            <ns3:cad>92</ns3:cad>
          </ns3:TrackPointExtension>
        </extensions>
      </trkpt>
      <trkpt lat="30.7532696239650249481201171875" lon="108.445585928857326507568359375">
        <ele>423.399993896484375</ele>
        <time>2026-06-16T13:50:49.000Z</time>
        <extensions>
          <ns3:TrackPointExtension>
            <ns3:hr>142</ns3:hr>
            <ns3:cad>92</ns3:cad>
          </ns3:TrackPointExtension>
        </extensions>
      </trkpt>
      <trkpt lat="30.75326777994632720947265625" lon="108.44555416144430637359619140625">
        <ele>423.600006103515625</ele>
        <time>2026-06-16T13:50:50.000Z</time>
        <extensions>
          <ns3:TrackPointExtension>
            <ns3:hr>141</ns3:hr>
            <ns3:cad>92</ns3:cad>
          </ns3:TrackPointExtension>
        </extensions>
      </trkpt>
      <trkpt lat="30.75326484628021717071533203125" lon="108.44553739763796329498291015625">
        <ele>423.600006103515625</ele>
        <time>2026-06-16T13:50:51.000Z</time>
        <extensions>
          <ns3:TrackPointExtension>
            <ns3:hr>141</ns3:hr>
            <ns3:cad>92</ns3:cad>
          </ns3:TrackPointExtension>
        </extensions>
      </trkpt>
      <trkpt lat="30.75327088125050067901611328125" lon="108.44551040790975093841552734375">
        <ele>423.600006103515625</ele>
        <time>2026-06-16T13:50:52.000Z</time>
        <extensions>
          <ns3:TrackPointExtension>
            <ns3:hr>140</ns3:hr>
            <ns3:cad>92</ns3:cad>
          </ns3:TrackPointExtension>
        </extensions>
      </trkpt>
      <trkpt lat="30.75326669029891490936279296875" lon="108.445490039885044097900390625">
        <ele>423.600006103515625</ele>
        <time>2026-06-16T13:50:53.000Z</time>
        <extensions>
          <ns3:TrackPointExtension>
            <ns3:hr>140</ns3:hr>
            <ns3:cad>91</ns3:cad>
          </ns3:TrackPointExtension>
        </extensions>
      </trkpt>
      <trkpt lat="30.75326568447053432464599609375" lon="108.44546263106167316436767578125">
        <ele>423.79998779296875</ele>
        <time>2026-06-16T13:50:54.000Z</time>
        <extensions>
          <ns3:TrackPointExtension>
            <ns3:hr>139</ns3:hr>
            <ns3:cad>91</ns3:cad>
          </ns3:TrackPointExtension>
        </extensions>
      </trkpt>
      <trkpt lat="30.75325881130993366241455078125" lon="108.445441089570522308349609375">
        <ele>423.79998779296875</ele>
        <time>2026-06-16T13:50:55.000Z</time>
        <extensions>
          <ns3:TrackPointExtension>
            <ns3:hr>139</ns3:hr>
            <ns3:cad>92</ns3:cad>
          </ns3:TrackPointExtension>
        </extensions>
      </trkpt>
      <trkpt lat="30.75325193814933300018310546875" lon="108.4454167820513248443603515625">
        <ele>423.600006103515625</ele>
        <time>2026-06-16T13:50:56.000Z</time>
        <extensions>
          <ns3:TrackPointExtension>
            <ns3:hr>138</ns3:hr>
            <ns3:cad>94</ns3:cad>
          </ns3:TrackPointExtension>
        </extensions>
      </trkpt>
      <trkpt lat="30.7532416284084320068359375" lon="108.445393145084381103515625">
        <ele>423.600006103515625</ele>
        <time>2026-06-16T13:50:57.000Z</time>
        <extensions>
          <ns3:TrackPointExtension>
            <ns3:hr>138</ns3:hr>
            <ns3:cad>94</ns3:cad>
          </ns3:TrackPointExtension>
        </extensions>
      </trkpt>
      <trkpt lat="30.75323165394365787506103515625" lon="108.4453671611845493316650390625">
        <ele>423.600006103515625</ele>
        <time>2026-06-16T13:50:58.000Z</time>
        <extensions>
          <ns3:TrackPointExtension>
            <ns3:hr>138</ns3:hr>
            <ns3:cad>93</ns3:cad>
          </ns3:TrackPointExtension>
        </extensions>
      </trkpt>
      <trkpt lat="30.75321908108890056610107421875" lon="108.4453460387885570526123046875">
        <ele>423.79998779296875</ele>
        <time>2026-06-16T13:50:59.000Z</time>
        <extensions>
          <ns3:TrackPointExtension>
            <ns3:hr>137</ns3:hr>
            <ns3:cad>92</ns3:cad>
          </ns3:TrackPointExtension>
        </extensions>
      </trkpt>
      <trkpt lat="30.75320868752896785736083984375" lon="108.4453247487545013427734375">
        <ele>423.79998779296875</ele>
        <time>2026-06-16T13:51:00.000Z</time>
        <extensions>
          <ns3:TrackPointExtension>
            <ns3:hr>137</ns3:hr>
            <ns3:cad>92</ns3:cad>
          </ns3:TrackPointExtension>
        </extensions>
      </trkpt>
      <trkpt lat="30.75319695286452770233154296875" lon="108.44530421309173107147216796875">
        <ele>423.79998779296875</ele>
        <time>2026-06-16T13:51:01.000Z</time>
        <extensions>
          <ns3:TrackPointExtension>
            <ns3:hr>137</ns3:hr>
            <ns3:cad>92</ns3:cad>
          </ns3:TrackPointExtension>
        </extensions>
      </trkpt>
      <trkpt lat="30.7531853020191192626953125" lon="108.44528711400926113128662109375">
        <ele>423.79998779296875</ele>
        <time>2026-06-16T13:51:02.000Z</time>
        <extensions>
          <ns3:TrackPointExtension>
            <ns3:hr>137</ns3:hr>
            <ns3:cad>92</ns3:cad>
          </ns3:TrackPointExtension>
        </extensions>
      </trkpt>
      <trkpt lat="30.7531730644404888153076171875" lon="108.44526699744164943695068359375">
        <ele>423.79998779296875</ele>
        <time>2026-06-16T13:51:03.000Z</time>
        <extensions>
          <ns3:TrackPointExtension>
            <ns3:hr>137</ns3:hr>
            <ns3:cad>92</ns3:cad>
          </ns3:TrackPointExtension>
        </extensions>
      </trkpt>
      <trkpt lat="30.75316250324249267578125" lon="108.4452521614730358123779296875">
        <ele>423.79998779296875</ele>
        <time>2026-06-16T13:51:04.000Z</time>
        <extensions>
          <ns3:TrackPointExtension>
            <ns3:hr>137</ns3:hr>
            <ns3:cad>92</ns3:cad>
          </ns3:TrackPointExtension>
        </extensions>
      </trkpt>
      <trkpt lat="30.75315621681511402130126953125" lon="108.44522307626903057098388671875">
        <ele>424</ele>
        <time>2026-06-16T13:51:05.000Z</time>
        <extensions>
          <ns3:TrackPointExtension>
            <ns3:hr>137</ns3:hr>
            <ns3:cad>92</ns3:cad>
          </ns3:TrackPointExtension>
        </extensions>
      </trkpt>
      <trkpt lat="30.75314976274967193603515625" lon="108.445206396281719207763671875">
        <ele>424</ele>
        <time>2026-06-16T13:51:06.000Z</time>
        <extensions>
          <ns3:TrackPointExtension>
            <ns3:hr>137</ns3:hr>
            <ns3:cad>93</ns3:cad>
          </ns3:TrackPointExtension>
        </extensions>
      </trkpt>
      <trkpt lat="30.75315085239708423614501953125" lon="108.44517798162996768951416015625">
        <ele>424</ele>
        <time>2026-06-16T13:51:07.000Z</time>
        <extensions>
          <ns3:TrackPointExtension>
            <ns3:hr>137</ns3:hr>
            <ns3:cad>93</ns3:cad>
          </ns3:TrackPointExtension>
        </extensions>
      </trkpt>
      <trkpt lat="30.753145404160022735595703125" lon="108.44515501521527767181396484375">
        <ele>424</ele>
        <time>2026-06-16T13:51:08.000Z</time>
        <extensions>
          <ns3:TrackPointExtension>
            <ns3:hr>137</ns3:hr>
            <ns3:cad>93</ns3:cad>
          </ns3:TrackPointExtension>
        </extensions>
      </trkpt>
      <trkpt lat="30.75313903391361236572265625" lon="108.44512718729674816131591796875">
        <ele>424</ele>
        <time>2026-06-16T13:51:09.000Z</time>
        <extensions>
          <ns3:TrackPointExtension>
            <ns3:hr>137</ns3:hr>
            <ns3:cad>92</ns3:cad>
          </ns3:TrackPointExtension>
        </extensions>
      </trkpt>
      <trkpt lat="30.7531234435737133026123046875" lon="108.44511545263230800628662109375">
        <ele>424</ele>
        <time>2026-06-16T13:51:10.000Z</time>
        <extensions>
          <ns3:TrackPointExtension>
            <ns3:hr>137</ns3:hr>
            <ns3:cad>92</ns3:cad>
          </ns3:TrackPointExtension>
        </extensions>
      </trkpt>
      <trkpt lat="30.75310324318706989288330078125" lon="108.44510220922529697418212890625">
        <ele>424</ele>
        <time>2026-06-16T13:51:11.000Z</time>
        <extensions>
          <ns3:TrackPointExtension>
            <ns3:hr>138</ns3:hr>
            <ns3:cad>92</ns3:cad>
          </ns3:TrackPointExtension>
        </extensions>
      </trkpt>
      <trkpt lat="30.75308849103748798370361328125" lon="108.44509877264499664306640625">
        <ele>424</ele>
        <time>2026-06-16T13:51:12.000Z</time>
        <extensions>
          <ns3:TrackPointExtension>
            <ns3:hr>137</ns3:hr>
            <ns3:cad>92</ns3:cad>
          </ns3:TrackPointExtension>
        </extensions>
      </trkpt>
      <trkpt lat="30.7530661113560199737548828125" lon="108.4450929053127765655517578125">
        <ele>424</ele>
        <time>2026-06-16T13:51:13.000Z</time>
        <extensions>
          <ns3:TrackPointExtension>
            <ns3:hr>137</ns3:hr>
            <ns3:cad>92</ns3:cad>
          </ns3:TrackPointExtension>
        </extensions>
      </trkpt>
      <trkpt lat="30.753049515187740325927734375" lon="108.445098437368869781494140625">
        <ele>424.20001220703125</ele>
        <time>2026-06-16T13:51:14.000Z</time>
        <extensions>
          <ns3:TrackPointExtension>
            <ns3:hr>137</ns3:hr>
            <ns3:cad>92</ns3:cad>
          </ns3:TrackPointExtension>
        </extensions>
      </trkpt>
      <trkpt lat="30.75302747078239917755126953125" lon="108.4450962580740451812744140625">
        <ele>424.20001220703125</ele>
        <time>2026-06-16T13:51:15.000Z</time>
        <extensions>
          <ns3:TrackPointExtension>
            <ns3:hr>137</ns3:hr>
            <ns3:cad>92</ns3:cad>
          </ns3:TrackPointExtension>
        </extensions>
      </trkpt>
      <trkpt lat="30.753009617328643798828125" lon="108.44510522671043872833251953125">
        <ele>424.20001220703125</ele>
        <time>2026-06-16T13:51:16.000Z</time>
        <extensions>
          <ns3:TrackPointExtension>
            <ns3:hr>137</ns3:hr>
            <ns3:cad>92</ns3:cad>
          </ns3:TrackPointExtension>
        </extensions>
      </trkpt>
      <trkpt lat="30.752987824380397796630859375" lon="108.44510539434850215911865234375">
        <ele>424.20001220703125</ele>
        <time>2026-06-16T13:51:17.000Z</time>
        <extensions>
          <ns3:TrackPointExtension>
            <ns3:hr>137</ns3:hr>
            <ns3:cad>92</ns3:cad>
          </ns3:TrackPointExtension>
        </extensions>
      </trkpt>
      <trkpt lat="30.7529680430889129638671875" lon="108.44511142931878566741943359375">
        <ele>424.20001220703125</ele>
        <time>2026-06-16T13:51:18.000Z</time>
        <extensions>
          <ns3:TrackPointExtension>
            <ns3:hr>137</ns3:hr>
            <ns3:cad>92</ns3:cad>
          </ns3:TrackPointExtension>
        </extensions>
      </trkpt>
      <trkpt lat="30.75294499285519123077392578125" lon="108.4451100043952465057373046875">
        <ele>424.20001220703125</ele>
        <time>2026-06-16T13:51:19.000Z</time>
        <extensions>
          <ns3:TrackPointExtension>
            <ns3:hr>137</ns3:hr>
            <ns3:cad>92</ns3:cad>
          </ns3:TrackPointExtension>
        </extensions>
      </trkpt>
      <trkpt lat="30.7529273070394992828369140625" lon="108.445115871727466583251953125">
        <ele>424.20001220703125</ele>
        <time>2026-06-16T13:51:20.000Z</time>
        <extensions>
          <ns3:TrackPointExtension>
            <ns3:hr>138</ns3:hr>
            <ns3:cad>91</ns3:cad>
          </ns3:TrackPointExtension>
        </extensions>
      </trkpt>
      <trkpt lat="30.7529061846435070037841796875" lon="108.445113860070705413818359375">
        <ele>424.20001220703125</ele>
        <time>2026-06-16T13:51:21.000Z</time>
        <extensions>
          <ns3:TrackPointExtension>
            <ns3:hr>138</ns3:hr>
            <ns3:cad>90</ns3:cad>
          </ns3:TrackPointExtension>
        </extensions>
      </trkpt>
      <trkpt lat="30.75288631953299045562744140625" lon="108.44511813484132289886474609375">
        <ele>424.20001220703125</ele>
        <time>2026-06-16T13:51:22.000Z</time>
        <extensions>
          <ns3:TrackPointExtension>
            <ns3:hr>138</ns3:hr>
            <ns3:cad>90</ns3:cad>
          </ns3:TrackPointExtension>
        </extensions>
      </trkpt>
      <trkpt lat="30.7528688013553619384765625" lon="108.4451157040894031524658203125">
        <ele>424.20001220703125</ele>
        <time>2026-06-16T13:51:23.000Z</time>
        <extensions>
          <ns3:TrackPointExtension>
            <ns3:hr>138</ns3:hr>
            <ns3:cad>90</ns3:cad>
          </ns3:TrackPointExtension>
        </extensions>
      </trkpt>
      <trkpt lat="30.7528495229780673980712890625" lon="108.445121236145496368408203125">
        <ele>424.399993896484375</ele>
        <time>2026-06-16T13:51:24.000Z</time>
        <extensions>
          <ns3:TrackPointExtension>
            <ns3:hr>138</ns3:hr>
            <ns3:cad>90</ns3:cad>
          </ns3:TrackPointExtension>
        </extensions>
      </trkpt>
      <trkpt lat="30.752829574048519134521484375" lon="108.4451227448880672454833984375">
        <ele>424.399993896484375</ele>
        <time>2026-06-16T13:51:25.000Z</time>
        <extensions>
          <ns3:TrackPointExtension>
            <ns3:hr>138</ns3:hr>
            <ns3:cad>91</ns3:cad>
          </ns3:TrackPointExtension>
        </extensions>
      </trkpt>
      <trkpt lat="30.7528082840144634246826171875" lon="108.44512685202062129974365234375">
        <ele>424.399993896484375</ele>
        <time>2026-06-16T13:51:26.000Z</time>
        <extensions>
          <ns3:TrackPointExtension>
            <ns3:hr>139</ns3:hr>
            <ns3:cad>92</ns3:cad>
          </ns3:TrackPointExtension>
        </extensions>
      </trkpt>
      <trkpt lat="30.7527935318648815155029296875" lon="108.44512559473514556884765625">
        <ele>424.399993896484375</ele>
        <time>2026-06-16T13:51:27.000Z</time>
        <extensions>
          <ns3:TrackPointExtension>
            <ns3:hr>139</ns3:hr>
            <ns3:cad>92</ns3:cad>
          </ns3:TrackPointExtension>
        </extensions>
      </trkpt>
      <trkpt lat="30.75277031399309635162353515625" lon="108.44512366689741611480712890625">
        <ele>424.399993896484375</ele>
        <time>2026-06-16T13:51:28.000Z</time>
        <extensions>
          <ns3:TrackPointExtension>
            <ns3:hr>139</ns3:hr>
            <ns3:cad>92</ns3:cad>
          </ns3:TrackPointExtension>
        </extensions>
      </trkpt>
      <trkpt lat="30.75275472365319728851318359375" lon="108.4451230801641941070556640625">
        <ele>424.399993896484375</ele>
        <time>2026-06-16T13:51:29.000Z</time>
        <extensions>
          <ns3:TrackPointExtension>
            <ns3:hr>139</ns3:hr>
            <ns3:cad>93</ns3:cad>
          </ns3:TrackPointExtension>
        </extensions>
      </trkpt>
      <trkpt lat="30.752729661762714385986328125" lon="108.44512484036386013031005859375">
        <ele>424.399993896484375</ele>
        <time>2026-06-16T13:51:30.000Z</time>
        <extensions>
          <ns3:TrackPointExtension>
            <ns3:hr>140</ns3:hr>
            <ns3:cad>93</ns3:cad>
          </ns3:TrackPointExtension>
        </extensions>
      </trkpt>
      <trkpt lat="30.75271281413733959197998046875" lon="108.445124924182891845703125">
        <ele>424.399993896484375</ele>
        <time>2026-06-16T13:51:31.000Z</time>
        <extensions>
          <ns3:TrackPointExtension>
            <ns3:hr>140</ns3:hr>
            <ns3:cad>93</ns3:cad>
          </ns3:TrackPointExtension>
        </extensions>
      </trkpt>
      <trkpt lat="30.7526852376759052276611328125" lon="108.44512383453547954559326171875">
        <ele>424.399993896484375</ele>
        <time>2026-06-16T13:51:32.000Z</time>
        <extensions>
          <ns3:TrackPointExtension>
            <ns3:hr>140</ns3:hr>
            <ns3:cad>93</ns3:cad>
          </ns3:TrackPointExtension>
        </extensions>
      </trkpt>
      <trkpt lat="30.752666629850864410400390625" lon="108.4451289474964141845703125">
        <ele>424.399993896484375</ele>
        <time>2026-06-16T13:51:33.000Z</time>
        <extensions>
          <ns3:TrackPointExtension>
            <ns3:hr>141</ns3:hr>
            <ns3:cad>93</ns3:cad>
          </ns3:TrackPointExtension>
        </extensions>
      </trkpt>
      <trkpt lat="30.75263746082782745361328125" lon="108.4451264329254627227783203125">
        <ele>424.399993896484375</ele>
        <time>2026-06-16T13:51:34.000Z</time>
        <extensions>
          <ns3:TrackPointExtension>
            <ns3:hr>141</ns3:hr>
            <ns3:cad>92</ns3:cad>
          </ns3:TrackPointExtension>
        </extensions>
      </trkpt>
      <trkpt lat="30.75261809863150119781494140625" lon="108.44512953422963619232177734375">
        <ele>424.600006103515625</ele>
        <time>2026-06-16T13:51:35.000Z</time>
        <extensions>
          <ns3:TrackPointExtension>
            <ns3:hr>141</ns3:hr>
            <ns3:cad>92</ns3:cad>
          </ns3:TrackPointExtension>
        </extensions>
      </trkpt>
      <trkpt lat="30.75259697623550891876220703125" lon="108.44512752257287502288818359375">
        <ele>424.600006103515625</ele>
        <time>2026-06-16T13:51:36.000Z</time>
        <extensions>
          <ns3:TrackPointExtension>
            <ns3:hr>141</ns3:hr>
            <ns3:cad>92</ns3:cad>
          </ns3:TrackPointExtension>
        </extensions>
      </trkpt>
      <trkpt lat="30.75257769785821437835693359375" lon="108.445130623877048492431640625">
        <ele>424.79998779296875</ele>
        <time>2026-06-16T13:51:37.000Z</time>
        <extensions>
          <ns3:TrackPointExtension>
            <ns3:hr>141</ns3:hr>
            <ns3:cad>92</ns3:cad>
          </ns3:TrackPointExtension>
        </extensions>
      </trkpt>
      <trkpt lat="30.75255607254803180694580078125" lon="108.44512023031711578369140625">
        <ele>424.79998779296875</ele>
        <time>2026-06-16T13:51:38.000Z</time>
        <extensions>
          <ns3:TrackPointExtension>
            <ns3:hr>142</ns3:hr>
            <ns3:cad>91</ns3:cad>
          </ns3:TrackPointExtension>
        </extensions>
      </trkpt>
      <trkpt lat="30.752535201609134674072265625" lon="108.44511754810810089111328125">
        <ele>424.79998779296875</ele>
        <time>2026-06-16T13:51:39.000Z</time>
        <extensions>
          <ns3:TrackPointExtension>
            <ns3:hr>142</ns3:hr>
            <ns3:cad>90</ns3:cad>
          </ns3:TrackPointExtension>
        </extensions>
      </trkpt>
      <trkpt lat="30.75251634232699871063232421875" lon="108.445109836757183074951171875">
        <ele>424.79998779296875</ele>
        <time>2026-06-16T13:51:40.000Z</time>
        <extensions>
          <ns3:TrackPointExtension>
            <ns3:hr>142</ns3:hr>
            <ns3:cad>90</ns3:cad>
          </ns3:TrackPointExtension>
        </extensions>
      </trkpt>
      <trkpt lat="30.752498321235179901123046875" lon="108.44510824419558048248291015625">
        <ele>425</ele>
        <time>2026-06-16T13:51:41.000Z</time>
        <extensions>
          <ns3:TrackPointExtension>
            <ns3:hr>143</ns3:hr>
            <ns3:cad>90</ns3:cad>
          </ns3:TrackPointExtension>
        </extensions>
      </trkpt>
      <trkpt lat="30.75247895903885364532470703125" lon="108.4450996108353137969970703125">
        <ele>425</ele>
        <time>2026-06-16T13:51:42.000Z</time>
        <extensions>
          <ns3:TrackPointExtension>
            <ns3:hr>143</ns3:hr>
            <ns3:cad>90</ns3:cad>
          </ns3:TrackPointExtension>
        </extensions>
      </trkpt>
      <trkpt lat="30.7524602673947811126708984375" lon="108.445097096264362335205078125">
        <ele>424.79998779296875</ele>
        <time>2026-06-16T13:51:43.000Z</time>
        <extensions>
          <ns3:TrackPointExtension>
            <ns3:hr>143</ns3:hr>
            <ns3:cad>90</ns3:cad>
          </ns3:TrackPointExtension>
        </extensions>
      </trkpt>
      <trkpt lat="30.7524394802749156951904296875" lon="108.44509818591177463531494140625">
        <ele>425</ele>
        <time>2026-06-16T13:51:44.000Z</time>
        <extensions>
          <ns3:TrackPointExtension>
            <ns3:hr>144</ns3:hr>
            <ns3:cad>91</ns3:cad>
          </ns3:TrackPointExtension>
        </extensions>
      </trkpt>
      <trkpt lat="30.75241760350763797760009765625" lon="108.44509734772145748138427734375">
        <ele>425</ele>
        <time>2026-06-16T13:51:45.000Z</time>
        <extensions>
          <ns3:TrackPointExtension>
            <ns3:hr>144</ns3:hr>
            <ns3:cad>92</ns3:cad>
          </ns3:TrackPointExtension>
        </extensions>
      </trkpt>
      <trkpt lat="30.75240000151097774505615234375" lon="108.4450982697308063507080078125">
        <ele>425</ele>
        <time>2026-06-16T13:51:46.000Z</time>
        <extensions>
          <ns3:TrackPointExtension>
            <ns3:hr>145</ns3:hr>
            <ns3:cad>92</ns3:cad>
          </ns3:TrackPointExtension>
        </extensions>
      </trkpt>
      <trkpt lat="30.75237535871565341949462890625" lon="108.44509835354983806610107421875">
        <ele>425.20001220703125</ele>
        <time>2026-06-16T13:51:47.000Z</time>
        <extensions>
          <ns3:TrackPointExtension>
            <ns3:hr>145</ns3:hr>
            <ns3:cad>92</ns3:cad>
          </ns3:TrackPointExtension>
        </extensions>
      </trkpt>
      <trkpt lat="30.75235876254737377166748046875" lon="108.4450994431972503662109375">
        <ele>425.20001220703125</ele>
        <time>2026-06-16T13:51:48.000Z</time>
        <extensions>
          <ns3:TrackPointExtension>
            <ns3:hr>146</ns3:hr>
            <ns3:cad>92</ns3:cad>
          </ns3:TrackPointExtension>
        </extensions>
      </trkpt>
      <trkpt lat="30.75233277864754199981689453125" lon="108.44509718008339405059814453125">
        <ele>425.20001220703125</ele>
        <time>2026-06-16T13:51:49.000Z</time>
        <extensions>
          <ns3:TrackPointExtension>
            <ns3:hr>145</ns3:hr>
            <ns3:cad>91</ns3:cad>
          </ns3:TrackPointExtension>
        </extensions>
      </trkpt>
      <trkpt lat="30.75231500901281833648681640625" lon="108.445096425712108612060546875">
        <ele>425.20001220703125</ele>
        <time>2026-06-16T13:51:50.000Z</time>
        <extensions>
          <ns3:TrackPointExtension>
            <ns3:hr>145</ns3:hr>
            <ns3:cad>91</ns3:cad>
          </ns3:TrackPointExtension>
        </extensions>
      </trkpt>
      <trkpt lat="30.75228651054203510284423828125" lon="108.44509164802730083465576171875">
        <ele>425.20001220703125</ele>
        <time>2026-06-16T13:51:51.000Z</time>
        <extensions>
          <ns3:TrackPointExtension>
            <ns3:hr>145</ns3:hr>
            <ns3:cad>91</ns3:cad>
          </ns3:TrackPointExtension>
        </extensions>
      </trkpt>
      <trkpt lat="30.75227075256407260894775390625" lon="108.445095755159854888916015625">
        <ele>425.20001220703125</ele>
        <time>2026-06-16T13:51:52.000Z</time>
        <extensions>
          <ns3:TrackPointExtension>
            <ns3:hr>145</ns3:hr>
            <ns3:cad>91</ns3:cad>
          </ns3:TrackPointExtension>
        </extensions>
      </trkpt>
      <trkpt lat="30.7522470317780971527099609375" lon="108.445095755159854888916015625">
        <ele>425.20001220703125</ele>
        <time>2026-06-16T13:51:53.000Z</time>
        <extensions>
          <ns3:TrackPointExtension>
            <ns3:hr>144</ns3:hr>
            <ns3:cad>91</ns3:cad>
          </ns3:TrackPointExtension>
        </extensions>
      </trkpt>
      <trkpt lat="30.75223001651465892791748046875" lon="108.44510204158723354339599609375">
        <ele>425.20001220703125</ele>
        <time>2026-06-16T13:51:54.000Z</time>
        <extensions>
          <ns3:TrackPointExtension>
            <ns3:hr>144</ns3:hr>
            <ns3:cad>91</ns3:cad>
          </ns3:TrackPointExtension>
        </extensions>
      </trkpt>
      <trkpt lat="30.75220420025289058685302734375" lon="108.4451009519398212432861328125">
        <ele>425.20001220703125</ele>
        <time>2026-06-16T13:51:55.000Z</time>
        <extensions>
          <ns3:TrackPointExtension>
            <ns3:hr>145</ns3:hr>
            <ns3:cad>90</ns3:cad>
          </ns3:TrackPointExtension>
        </extensions>
      </trkpt>
      <trkpt lat="30.752185173332691192626953125" lon="108.44510723836719989776611328125">
        <ele>425.20001220703125</ele>
        <time>2026-06-16T13:51:56.000Z</time>
        <extensions>
          <ns3:TrackPointExtension>
            <ns3:hr>145</ns3:hr>
            <ns3:cad>90</ns3:cad>
          </ns3:TrackPointExtension>
        </extensions>
      </trkpt>
      <trkpt lat="30.75215994380414485931396484375" lon="108.44510187394917011260986328125">
        <ele>425.20001220703125</ele>
        <time>2026-06-16T13:51:57.000Z</time>
        <extensions>
          <ns3:TrackPointExtension>
            <ns3:hr>145</ns3:hr>
            <ns3:cad>91</ns3:cad>
          </ns3:TrackPointExtension>
        </extensions>
      </trkpt>
      <trkpt lat="30.7521387375891208648681640625" lon="108.4451069869101047515869140625">
        <ele>425.20001220703125</ele>
        <time>2026-06-16T13:51:58.000Z</time>
        <extensions>
          <ns3:TrackPointExtension>
            <ns3:hr>145</ns3:hr>
            <ns3:cad>92</ns3:cad>
          </ns3:TrackPointExtension>
        </extensions>
      </trkpt>
      <trkpt lat="30.75211468152701854705810546875" lon="108.4451026283204555511474609375">
        <ele>425.20001220703125</ele>
        <time>2026-06-16T13:51:59.000Z</time>
        <extensions>
          <ns3:TrackPointExtension>
            <ns3:hr>145</ns3:hr>
            <ns3:cad>92</ns3:cad>
          </ns3:TrackPointExtension>
        </extensions>
      </trkpt>
      <trkpt lat="30.7520971633493900299072265625" lon="108.44510690309107303619384765625">
        <ele>425.20001220703125</ele>
        <time>2026-06-16T13:52:00.000Z</time>
        <extensions>
          <ns3:TrackPointExtension>
            <ns3:hr>145</ns3:hr>
            <ns3:cad>92</ns3:cad>
          </ns3:TrackPointExtension>
        </extensions>
      </trkpt>
      <trkpt lat="30.7520777173340320587158203125" lon="108.44510790891945362091064453125">
        <ele>425.20001220703125</ele>
        <time>2026-06-16T13:52:01.000Z</time>
        <extensions>
          <ns3:TrackPointExtension>
            <ns3:hr>145</ns3:hr>
            <ns3:cad>93</ns3:cad>
          </ns3:TrackPointExtension>
        </extensions>
      </trkpt>
      <trkpt lat="30.7520586065948009490966796875" lon="108.44511687755584716796875">
        <ele>425.20001220703125</ele>
        <time>2026-06-16T13:52:02.000Z</time>
        <extensions>
          <ns3:TrackPointExtension>
            <ns3:hr>146</ns3:hr>
            <ns3:cad>93</ns3:cad>
          </ns3:TrackPointExtension>
        </extensions>
      </trkpt>
      <trkpt lat="30.75204393826425075531005859375" lon="108.44512131996452808380126953125">
        <ele>425.399993896484375</ele>
        <time>2026-06-16T13:52:03.000Z</time>
        <extensions>
          <ns3:TrackPointExtension>
            <ns3:hr>146</ns3:hr>
            <ns3:cad>91</ns3:cad>
          </ns3:TrackPointExtension>
        </extensions>
      </trkpt>
      <trkpt lat="30.75202189385890960693359375" lon="108.44513322226703166961669921875">
        <ele>425.399993896484375</ele>
        <time>2026-06-16T13:52:04.000Z</time>
        <extensions>
          <ns3:TrackPointExtension>
            <ns3:hr>146</ns3:hr>
            <ns3:cad>91</ns3:cad>
          </ns3:TrackPointExtension>
        </extensions>
      </trkpt>
      <trkpt lat="30.7520073093473911285400390625" lon="108.44514093361794948577880859375">
        <ele>425.399993896484375</ele>
        <time>2026-06-16T13:52:05.000Z</time>
        <extensions>
          <ns3:TrackPointExtension>
            <ns3:hr>146</ns3:hr>
            <ns3:cad>91</ns3:cad>
          </ns3:TrackPointExtension>
        </extensions>
      </trkpt>
      <trkpt lat="30.75198526494204998016357421875" lon="108.44514193944633007049560546875">
        <ele>425.399993896484375</ele>
        <time>2026-06-16T13:52:06.000Z</time>
        <extensions>
          <ns3:TrackPointExtension>
            <ns3:hr>146</ns3:hr>
            <ns3:cad>93</ns3:cad>
          </ns3:TrackPointExtension>
        </extensions>
      </trkpt>
      <trkpt lat="30.7519674114882946014404296875" lon="108.44514445401728153228759765625">
        <ele>425.399993896484375</ele>
        <time>2026-06-16T13:52:07.000Z</time>
        <extensions>
          <ns3:TrackPointExtension>
            <ns3:hr>146</ns3:hr>
            <ns3:cad>93</ns3:cad>
          </ns3:TrackPointExtension>
        </extensions>
      </trkpt>
      <trkpt lat="30.7519415952265262603759765625" lon="108.4451425261795520782470703125">
        <ele>425.399993896484375</ele>
        <time>2026-06-16T13:52:08.000Z</time>
        <extensions>
          <ns3:TrackPointExtension>
            <ns3:hr>146</ns3:hr>
            <ns3:cad>93</ns3:cad>
          </ns3:TrackPointExtension>
        </extensions>
      </trkpt>
      <trkpt lat="30.75192290358245372772216796875" lon="108.445146046578884124755859375">
        <ele>425.399993896484375</ele>
        <time>2026-06-16T13:52:09.000Z</time>
        <extensions>
          <ns3:TrackPointExtension>
            <ns3:hr>146</ns3:hr>
            <ns3:cad>93</ns3:cad>
          </ns3:TrackPointExtension>
        </extensions>
      </trkpt>
      <trkpt lat="30.75189306400716304779052734375" lon="108.44514898024499416351318359375">
        <ele>425.399993896484375</ele>
        <time>2026-06-16T13:52:10.000Z</time>
        <extensions>
          <ns3:TrackPointExtension>
            <ns3:hr>145</ns3:hr>
            <ns3:cad>93</ns3:cad>
          </ns3:TrackPointExtension>
        </extensions>
      </trkpt>
      <trkpt lat="30.75187571346759796142578125" lon="108.44515702687203884124755859375">
        <ele>425.399993896484375</ele>
        <time>2026-06-16T13:52:11.000Z</time>
        <extensions>
          <ns3:TrackPointExtension>
            <ns3:hr>145</ns3:hr>
            <ns3:cad>93</ns3:cad>
          </ns3:TrackPointExtension>
        </extensions>
      </trkpt>
      <trkpt lat="30.75185148976743221282958984375" lon="108.44516289420425891876220703125">
        <ele>425.600006103515625</ele>
        <time>2026-06-16T13:52:12.000Z</time>
        <extensions>
          <ns3:TrackPointExtension>
            <ns3:hr>145</ns3:hr>
            <ns3:cad>93</ns3:cad>
          </ns3:TrackPointExtension>
        </extensions>
      </trkpt>
      <trkpt lat="30.75183925218880176544189453125" lon="108.445176221430301666259765625">
        <ele>425.600006103515625</ele>
        <time>2026-06-16T13:52:13.000Z</time>
        <extensions>
          <ns3:TrackPointExtension>
            <ns3:hr>145</ns3:hr>
            <ns3:cad>93</ns3:cad>
          </ns3:TrackPointExtension>
        </extensions>
      </trkpt>
      <trkpt lat="30.7518162019550800323486328125" lon="108.44519021920859813690185546875">
        <ele>425.600006103515625</ele>
        <time>2026-06-16T13:52:14.000Z</time>
        <extensions>
          <ns3:TrackPointExtension>
            <ns3:hr>145</ns3:hr>
            <ns3:cad>92</ns3:cad>
          </ns3:TrackPointExtension>
        </extensions>
      </trkpt>
      <trkpt lat="30.751801617443561553955078125" lon="108.44520513899624347686767578125">
        <ele>425.600006103515625</ele>
        <time>2026-06-16T13:52:15.000Z</time>
        <extensions>
          <ns3:TrackPointExtension>
            <ns3:hr>146</ns3:hr>
            <ns3:cad>92</ns3:cad>
          </ns3:TrackPointExtension>
        </extensions>
      </trkpt>
      <trkpt lat="30.75178049504756927490234375" lon="108.4452189691364765167236328125">
        <ele>425.600006103515625</ele>
        <time>2026-06-16T13:52:16.000Z</time>
        <extensions>
          <ns3:TrackPointExtension>
            <ns3:hr>146</ns3:hr>
            <ns3:cad>92</ns3:cad>
          </ns3:TrackPointExtension>
        </extensions>
      </trkpt>
      <trkpt lat="30.75177471153438091278076171875" lon="108.4452370740473270416259765625">
        <ele>425.600006103515625</ele>
        <time>2026-06-16T13:52:17.000Z</time>
        <extensions>
          <ns3:TrackPointExtension>
            <ns3:hr>146</ns3:hr>
            <ns3:cad>92</ns3:cad>
          </ns3:TrackPointExtension>
        </extensions>
      </trkpt>
      <trkpt lat="30.7517585344612598419189453125" lon="108.44525475986301898956298828125">
        <ele>425.600006103515625</ele>
        <time>2026-06-16T13:52:18.000Z</time>
        <extensions>
          <ns3:TrackPointExtension>
            <ns3:hr>147</ns3:hr>
            <ns3:cad>92</ns3:cad>
          </ns3:TrackPointExtension>
        </extensions>
      </trkpt>
      <trkpt lat="30.75174705125391483306884765625" lon="108.44527437351644039154052734375">
        <ele>425.79998779296875</ele>
        <time>2026-06-16T13:52:19.000Z</time>
        <extensions>
          <ns3:TrackPointExtension>
            <ns3:hr>147</ns3:hr>
            <ns3:cad>92</ns3:cad>
          </ns3:TrackPointExtension>
        </extensions>
      </trkpt>
      <trkpt lat="30.75172978453338146209716796875" lon="108.4452927298843860626220703125">
        <ele>425.79998779296875</ele>
        <time>2026-06-16T13:52:20.000Z</time>
        <extensions>
          <ns3:TrackPointExtension>
            <ns3:hr>147</ns3:hr>
            <ns3:cad>92</ns3:cad>
          </ns3:TrackPointExtension>
        </extensions>
      </trkpt>
      <trkpt lat="30.7517183013260364532470703125" lon="108.445313684642314910888671875">
        <ele>425.79998779296875</ele>
        <time>2026-06-16T13:52:21.000Z</time>
        <extensions>
          <ns3:TrackPointExtension>
            <ns3:hr>148</ns3:hr>
            <ns3:cad>92</ns3:cad>
          </ns3:TrackPointExtension>
        </extensions>
      </trkpt>
      <trkpt lat="30.75170447118580341339111328125" lon="108.445331119000911712646484375">
        <ele>425.79998779296875</ele>
        <time>2026-06-16T13:52:22.000Z</time>
        <extensions>
          <ns3:TrackPointExtension>
            <ns3:hr>148</ns3:hr>
            <ns3:cad>92</ns3:cad>
          </ns3:TrackPointExtension>
        </extensions>
      </trkpt>
      <trkpt lat="30.75169357471168041229248046875" lon="108.4453515708446502685546875">
        <ele>425.79998779296875</ele>
        <time>2026-06-16T13:52:23.000Z</time>
        <extensions>
          <ns3:TrackPointExtension>
            <ns3:hr>148</ns3:hr>
            <ns3:cad>92</ns3:cad>
          </ns3:TrackPointExtension>
        </extensions>
      </trkpt>
      <trkpt lat="30.75168033130466938018798828125" lon="108.4453671611845493316650390625">
        <ele>425.79998779296875</ele>
        <time>2026-06-16T13:52:24.000Z</time>
        <extensions>
          <ns3:TrackPointExtension>
            <ns3:hr>148</ns3:hr>
            <ns3:cad>92</ns3:cad>
          </ns3:TrackPointExtension>
        </extensions>
      </trkpt>
      <trkpt lat="30.75166809372603893280029296875" lon="108.4453866071999073028564453125">
        <ele>425.79998779296875</ele>
        <time>2026-06-16T13:52:25.000Z</time>
        <extensions>
          <ns3:TrackPointExtension>
            <ns3:hr>148</ns3:hr>
            <ns3:cad>92</ns3:cad>
          </ns3:TrackPointExtension>
        </extensions>
      </trkpt>
      <trkpt lat="30.75165367685258388519287109375" lon="108.44540278427302837371826171875">
        <ele>425.79998779296875</ele>
        <time>2026-06-16T13:52:26.000Z</time>
        <extensions>
          <ns3:TrackPointExtension>
            <ns3:hr>148</ns3:hr>
            <ns3:cad>92</ns3:cad>
          </ns3:TrackPointExtension>
        </extensions>
      </trkpt>
      <trkpt lat="30.751638673245906829833984375" lon="108.4454186260700225830078125">
        <ele>425.79998779296875</ele>
        <time>2026-06-16T13:52:27.000Z</time>
        <extensions>
          <ns3:TrackPointExtension>
            <ns3:hr>148</ns3:hr>
            <ns3:cad>92</ns3:cad>
          </ns3:TrackPointExtension>
        </extensions>
      </trkpt>
      <trkpt lat="30.7516301237046718597412109375" lon="108.4454348869621753692626953125">
        <ele>425.79998779296875</ele>
        <time>2026-06-16T13:52:28.000Z</time>
        <extensions>
          <ns3:TrackPointExtension>
            <ns3:hr>148</ns3:hr>
            <ns3:cad>92</ns3:cad>
          </ns3:TrackPointExtension>
        </extensions>
      </trkpt>
      <trkpt lat="30.75161595828831195831298828125" lon="108.44545676372945308685302734375">
        <ele>426</ele>
        <time>2026-06-16T13:52:29.000Z</time>
        <extensions>
          <ns3:TrackPointExtension>
            <ns3:hr>148</ns3:hr>
            <ns3:cad>92</ns3:cad>
          </ns3:TrackPointExtension>
        </extensions>
      </trkpt>
      <trkpt lat="30.7516116835176944732666015625" lon="108.44547696411609649658203125">
        <ele>426</ele>
        <time>2026-06-16T13:52:30.000Z</time>
        <extensions>
          <ns3:TrackPointExtension>
            <ns3:hr>148</ns3:hr>
            <ns3:cad>92</ns3:cad>
          </ns3:TrackPointExtension>
        </extensions>
      </trkpt>
      <trkpt lat="30.75160254724323749542236328125" lon="108.44550286419689655303955078125">
        <ele>426</ele>
        <time>2026-06-16T13:52:31.000Z</time>
        <extensions>
          <ns3:TrackPointExtension>
            <ns3:hr>149</ns3:hr>
            <ns3:cad>91</ns3:cad>
          </ns3:TrackPointExtension>
        </extensions>
      </trkpt>
      <trkpt lat="30.75160053558647632598876953125" lon="108.4455250762403011322021484375">
        <ele>426</ele>
        <time>2026-06-16T13:52:32.000Z</time>
        <extensions>
          <ns3:TrackPointExtension>
            <ns3:hr>149</ns3:hr>
            <ns3:cad>91</ns3:cad>
          </ns3:TrackPointExtension>
        </extensions>
      </trkpt>
      <trkpt lat="30.751592405140399932861328125" lon="108.44555365853011608123779296875">
        <ele>426</ele>
        <time>2026-06-16T13:52:33.000Z</time>
        <extensions>
          <ns3:TrackPointExtension>
            <ns3:hr>149</ns3:hr>
            <ns3:cad>92</ns3:cad>
          </ns3:TrackPointExtension>
        </extensions>
      </trkpt>
      <trkpt lat="30.75158762745559215545654296875" lon="108.445577882230281829833984375">
        <ele>426</ele>
        <time>2026-06-16T13:52:34.000Z</time>
        <extensions>
          <ns3:TrackPointExtension>
            <ns3:hr>149</ns3:hr>
            <ns3:cad>92</ns3:cad>
          </ns3:TrackPointExtension>
        </extensions>
      </trkpt>
      <trkpt lat="30.7515815086662769317626953125" lon="108.4456010162830352783203125">
        <ele>426</ele>
        <time>2026-06-16T13:52:35.000Z</time>
        <extensions>
          <ns3:TrackPointExtension>
            <ns3:hr>149</ns3:hr>
            <ns3:cad>93</ns3:cad>
          </ns3:TrackPointExtension>
        </extensions>
      </trkpt>
      <trkpt lat="30.7515799999237060546875" lon="108.44562155194580554962158203125">
        <ele>426</ele>
        <time>2026-06-16T13:52:36.000Z</time>
        <extensions>
          <ns3:TrackPointExtension>
            <ns3:hr>149</ns3:hr>
            <ns3:cad>93</ns3:cad>
          </ns3:TrackPointExtension>
        </extensions>
      </trkpt>
      <trkpt lat="30.75157932937145233154296875" lon="108.44564384780824184417724609375">
        <ele>426</ele>
        <time>2026-06-16T13:52:37.000Z</time>
        <extensions>
          <ns3:TrackPointExtension>
            <ns3:hr>149</ns3:hr>
            <ns3:cad>93</ns3:cad>
          </ns3:TrackPointExtension>
        </extensions>
      </trkpt>
      <trkpt lat="30.75158092193305492401123046875" lon="108.445667736232280731201171875">
        <ele>426.20001220703125</ele>
        <time>2026-06-16T13:52:38.000Z</time>
        <extensions>
          <ns3:TrackPointExtension>
            <ns3:hr>149</ns3:hr>
            <ns3:cad>93</ns3:cad>
          </ns3:TrackPointExtension>
        </extensions>
      </trkpt>
      <trkpt lat="30.75158142484724521636962890625" lon="108.4456910379230976104736328125">
        <ele>426.20001220703125</ele>
        <time>2026-06-16T13:52:39.000Z</time>
        <extensions>
          <ns3:TrackPointExtension>
            <ns3:hr>149</ns3:hr>
            <ns3:cad>91</ns3:cad>
          </ns3:TrackPointExtension>
        </extensions>
      </trkpt>
      <trkpt lat="30.751588046550750732421875" lon="108.4457192011177539825439453125">
        <ele>426.20001220703125</ele>
        <time>2026-06-16T13:52:40.000Z</time>
        <extensions>
          <ns3:TrackPointExtension>
            <ns3:hr>149</ns3:hr>
            <ns3:cad>91</ns3:cad>
          </ns3:TrackPointExtension>
        </extensions>
      </trkpt>
      <trkpt lat="30.75159383006393909454345703125" lon="108.4457399882376194000244140625">
        <ele>426.20001220703125</ele>
        <time>2026-06-16T13:52:41.000Z</time>
        <extensions>
          <ns3:TrackPointExtension>
            <ns3:hr>149</ns3:hr>
            <ns3:cad>93</ns3:cad>
          </ns3:TrackPointExtension>
        </extensions>
      </trkpt>
      <trkpt lat="30.751601122319698333740234375" lon="108.44576530158519744873046875">
        <ele>426.20001220703125</ele>
        <time>2026-06-16T13:52:42.000Z</time>
        <extensions>
          <ns3:TrackPointExtension>
            <ns3:hr>148</ns3:hr>
            <ns3:cad>93</ns3:cad>
          </ns3:TrackPointExtension>
        </extensions>
      </trkpt>
      <trkpt lat="30.75160774402320384979248046875" lon="108.4457834064960479736328125">
        <ele>426.20001220703125</ele>
        <time>2026-06-16T13:52:43.000Z</time>
        <extensions>
          <ns3:TrackPointExtension>
            <ns3:hr>148</ns3:hr>
            <ns3:cad>93</ns3:cad>
          </ns3:TrackPointExtension>
        </extensions>
      </trkpt>
      <trkpt lat="30.7516130246222019195556640625" lon="108.4458110667765140533447265625">
        <ele>426.399993896484375</ele>
        <time>2026-06-16T13:52:44.000Z</time>
        <extensions>
          <ns3:TrackPointExtension>
            <ns3:hr>148</ns3:hr>
            <ns3:cad>93</ns3:cad>
          </ns3:TrackPointExtension>
        </extensions>
      </trkpt>
      <trkpt lat="30.75162232853472232818603515625" lon="108.44583109952509403228759765625">
        <ele>426.399993896484375</ele>
        <time>2026-06-16T13:52:45.000Z</time>
        <extensions>
          <ns3:TrackPointExtension>
            <ns3:hr>147</ns3:hr>
            <ns3:cad>92</ns3:cad>
          </ns3:TrackPointExtension>
        </extensions>
      </trkpt>
      <trkpt lat="30.751628614962100982666015625" lon="108.4458539821207523345947265625">
        <ele>426.399993896484375</ele>
        <time>2026-06-16T13:52:46.000Z</time>
        <extensions>
          <ns3:TrackPointExtension>
            <ns3:hr>147</ns3:hr>
            <ns3:cad>91</ns3:cad>
          </ns3:TrackPointExtension>
        </extensions>
      </trkpt>
      <trkpt lat="30.75163758359849452972412109375" lon="108.4458687342703342437744140625">
        <ele>426.399993896484375</ele>
        <time>2026-06-16T13:52:47.000Z</time>
        <extensions>
          <ns3:TrackPointExtension>
            <ns3:hr>147</ns3:hr>
            <ns3:cad>91</ns3:cad>
          </ns3:TrackPointExtension>
        </extensions>
      </trkpt>
      <trkpt lat="30.751643367111682891845703125" lon="108.44589480198919773101806640625">
        <ele>426.399993896484375</ele>
        <time>2026-06-16T13:52:48.000Z</time>
        <extensions>
          <ns3:TrackPointExtension>
            <ns3:hr>146</ns3:hr>
            <ns3:cad>91</ns3:cad>
          </ns3:TrackPointExtension>
        </extensions>
      </trkpt>
      <trkpt lat="30.75165401212871074676513671875" lon="108.445908129215240478515625">
        <ele>426.399993896484375</ele>
        <time>2026-06-16T13:52:49.000Z</time>
        <extensions>
          <ns3:TrackPointExtension>
            <ns3:hr>146</ns3:hr>
            <ns3:cad>92</ns3:cad>
          </ns3:TrackPointExtension>
        </extensions>
      </trkpt>
      <trkpt lat="30.75165979564189910888671875" lon="108.445929922163486480712890625">
        <ele>426.399993896484375</ele>
        <time>2026-06-16T13:52:50.000Z</time>
        <extensions>
          <ns3:TrackPointExtension>
            <ns3:hr>146</ns3:hr>
            <ns3:cad>93</ns3:cad>
          </ns3:TrackPointExtension>
        </extensions>
      </trkpt>
      <trkpt lat="30.7516696862876415252685546875" lon="108.44594500958919525146484375">
        <ele>426.600006103515625</ele>
        <time>2026-06-16T13:52:51.000Z</time>
        <extensions>
          <ns3:TrackPointExtension>
            <ns3:hr>145</ns3:hr>
            <ns3:cad>93</ns3:cad>
          </ns3:TrackPointExtension>
        </extensions>
      </trkpt>
      <trkpt lat="30.75167479924857616424560546875" lon="108.4459684789180755615234375">
        <ele>426.600006103515625</ele>
        <time>2026-06-16T13:52:52.000Z</time>
        <extensions>
          <ns3:TrackPointExtension>
            <ns3:hr>145</ns3:hr>
            <ns3:cad>93</ns3:cad>
          </ns3:TrackPointExtension>
        </extensions>
      </trkpt>
      <trkpt lat="30.751687623560428619384765625" lon="108.44598532654345035552978515625">
        <ele>426.79998779296875</ele>
        <time>2026-06-16T13:52:53.000Z</time>
        <extensions>
          <ns3:TrackPointExtension>
            <ns3:hr>145</ns3:hr>
            <ns3:cad>91</ns3:cad>
          </ns3:TrackPointExtension>
        </extensions>
      </trkpt>
      <trkpt lat="30.75169893912971019744873046875" lon="108.44600426964461803436279296875">
        <ele>426.79998779296875</ele>
        <time>2026-06-16T13:52:54.000Z</time>
        <extensions>
          <ns3:TrackPointExtension>
            <ns3:hr>144</ns3:hr>
            <ns3:cad>91</ns3:cad>
          </ns3:TrackPointExtension>
        </extensions>
      </trkpt>
      <trkpt lat="30.7517126016318798065185546875" lon="108.44602069817483425140380859375">
        <ele>426.79998779296875</ele>
        <time>2026-06-16T13:52:55.000Z</time>
        <extensions>
          <ns3:TrackPointExtension>
            <ns3:hr>144</ns3:hr>
            <ns3:cad>91</ns3:cad>
          </ns3:TrackPointExtension>
        </extensions>
      </trkpt>
      <trkpt lat="30.7517260126769542694091796875" lon="108.4460333548486232757568359375">
        <ele>426.79998779296875</ele>
        <time>2026-06-16T13:52:56.000Z</time>
        <extensions>
          <ns3:TrackPointExtension>
            <ns3:hr>144</ns3:hr>
            <ns3:cad>91</ns3:cad>
          </ns3:TrackPointExtension>
        </extensions>
      </trkpt>
      <trkpt lat="30.75174571014940738677978515625" lon="108.44604601152241230010986328125">
        <ele>426.79998779296875</ele>
        <time>2026-06-16T13:52:57.000Z</time>
        <extensions>
          <ns3:TrackPointExtension>
            <ns3:hr>144</ns3:hr>
            <ns3:cad>91</ns3:cad>
          </ns3:TrackPointExtension>
        </extensions>
      </trkpt>
      <trkpt lat="30.75176280923187732696533203125" lon="108.44605321995913982391357421875">
        <ele>426.79998779296875</ele>
        <time>2026-06-16T13:52:58.000Z</time>
        <extensions>
          <ns3:TrackPointExtension>
            <ns3:hr>144</ns3:hr>
            <ns3:cad>92</ns3:cad>
          </ns3:TrackPointExtension>
        </extensions>
      </trkpt>
      <trkpt lat="30.7517866976559162139892578125" lon="108.44606679864227771759033203125">
        <ele>426.79998779296875</ele>
        <time>2026-06-16T13:52:59.000Z</time>
        <extensions>
          <ns3:TrackPointExtension>
            <ns3:hr>145</ns3:hr>
            <ns3:cad>92</ns3:cad>
          </ns3:TrackPointExtension>
        </extensions>
      </trkpt>
      <trkpt lat="30.75180337764322757720947265625" lon="108.44607953913509845733642578125">
        <ele>426.79998779296875</ele>
        <time>2026-06-16T13:53:00.000Z</time>
        <extensions>
          <ns3:TrackPointExtension>
            <ns3:hr>144</ns3:hr>
            <ns3:cad>92</ns3:cad>
          </ns3:TrackPointExtension>
        </extensions>
      </trkpt>
      <trkpt lat="30.75182265602052211761474609375" lon="108.44609781168401241302490234375">
        <ele>427</ele>
        <time>2026-06-16T13:53:01.000Z</time>
        <extensions>
          <ns3:TrackPointExtension>
            <ns3:hr>145</ns3:hr>
            <ns3:cad>92</ns3:cad>
          </ns3:TrackPointExtension>
        </extensions>
      </trkpt>
      <trkpt lat="30.75184126384556293487548828125" lon="108.44610619358718395233154296875">
        <ele>427</ele>
        <time>2026-06-16T13:53:02.000Z</time>
        <extensions>
          <ns3:TrackPointExtension>
            <ns3:hr>144</ns3:hr>
            <ns3:cad>92</ns3:cad>
          </ns3:TrackPointExtension>
        </extensions>
      </trkpt>
      <trkpt lat="30.75186406262218952178955078125" lon="108.44612061046063899993896484375">
        <ele>427</ele>
        <time>2026-06-16T13:53:03.000Z</time>
        <extensions>
          <ns3:TrackPointExtension>
            <ns3:hr>144</ns3:hr>
            <ns3:cad>92</ns3:cad>
          </ns3:TrackPointExtension>
        </extensions>
      </trkpt>
      <trkpt lat="30.75188132934272289276123046875" lon="108.44612832181155681610107421875">
        <ele>427</ele>
        <time>2026-06-16T13:53:04.000Z</time>
        <extensions>
          <ns3:TrackPointExtension>
            <ns3:hr>144</ns3:hr>
            <ns3:cad>92</ns3:cad>
          </ns3:TrackPointExtension>
        </extensions>
      </trkpt>
      <trkpt lat="30.75190245173871517181396484375" lon="108.446151204407215118408203125">
        <ele>427.20001220703125</ele>
        <time>2026-06-16T13:53:05.000Z</time>
        <extensions>
          <ns3:TrackPointExtension>
            <ns3:hr>144</ns3:hr>
            <ns3:cad>92</ns3:cad>
          </ns3:TrackPointExtension>
        </extensions>
      </trkpt>
      <trkpt lat="30.7519204728305339813232421875" lon="108.4461604245007038116455078125">
        <ele>427.20001220703125</ele>
        <time>2026-06-16T13:53:06.000Z</time>
        <extensions>
          <ns3:TrackPointExtension>
            <ns3:hr>145</ns3:hr>
            <ns3:cad>91</ns3:cad>
          </ns3:TrackPointExtension>
        </extensions>
      </trkpt>
      <trkpt lat="30.75194167904555797576904296875" lon="108.4461718238890171051025390625">
        <ele>427.20001220703125</ele>
        <time>2026-06-16T13:53:07.000Z</time>
        <extensions>
          <ns3:TrackPointExtension>
            <ns3:hr>144</ns3:hr>
            <ns3:cad>91</ns3:cad>
          </ns3:TrackPointExtension>
        </extensions>
      </trkpt>
      <trkpt lat="30.7519622147083282470703125" lon="108.4461711533367633819580078125">
        <ele>427.20001220703125</ele>
        <time>2026-06-16T13:53:08.000Z</time>
        <extensions>
          <ns3:TrackPointExtension>
            <ns3:hr>144</ns3:hr>
            <ns3:cad>93</ns3:cad>
          </ns3:TrackPointExtension>
        </extensions>
      </trkpt>
      <trkpt lat="30.75198291800916194915771484375" lon="108.44617836177349090576171875">
        <ele>427.20001220703125</ele>
        <time>2026-06-16T13:53:09.000Z</time>
        <extensions>
          <ns3:TrackPointExtension>
            <ns3:hr>145</ns3:hr>
            <ns3:cad>93</ns3:cad>
          </ns3:TrackPointExtension>
        </extensions>
      </trkpt>
      <trkpt lat="30.7520019449293613433837890625" lon="108.44617827795445919036865234375">
        <ele>427.399993896484375</ele>
        <time>2026-06-16T13:53:10.000Z</time>
        <extensions>
          <ns3:TrackPointExtension>
            <ns3:hr>145</ns3:hr>
            <ns3:cad>91</ns3:cad>
          </ns3:TrackPointExtension>
        </extensions>
      </trkpt>
      <trkpt lat="30.7520213909447193145751953125" lon="108.44618774950504302978515625">
        <ele>427.399993896484375</ele>
        <time>2026-06-16T13:53:11.000Z</time>
        <extensions>
          <ns3:TrackPointExtension>
            <ns3:hr>145</ns3:hr>
            <ns3:cad>91</ns3:cad>
          </ns3:TrackPointExtension>
        </extensions>
      </trkpt>
      <trkpt lat="30.75204092077910900115966796875" lon="108.4461855702102184295654296875">
        <ele>427.20001220703125</ele>
        <time>2026-06-16T13:53:12.000Z</time>
        <extensions>
          <ns3:TrackPointExtension>
            <ns3:hr>144</ns3:hr>
            <ns3:cad>91</ns3:cad>
          </ns3:TrackPointExtension>
        </extensions>
      </trkpt>
      <trkpt lat="30.75206053443253040313720703125" lon="108.446188084781169891357421875">
        <ele>427.20001220703125</ele>
        <time>2026-06-16T13:53:13.000Z</time>
        <extensions>
          <ns3:TrackPointExtension>
            <ns3:hr>145</ns3:hr>
            <ns3:cad>91</ns3:cad>
          </ns3:TrackPointExtension>
        </extensions>
      </trkpt>
      <trkpt lat="30.75208182446658611297607421875" lon="108.44618548639118671417236328125">
        <ele>427.20001220703125</ele>
        <time>2026-06-16T13:53:14.000Z</time>
        <extensions>
          <ns3:TrackPointExtension>
            <ns3:hr>145</ns3:hr>
            <ns3:cad>91</ns3:cad>
          </ns3:TrackPointExtension>
        </extensions>
      </trkpt>
      <trkpt lat="30.75210076756775379180908203125" lon="108.44618280418217182159423828125">
        <ele>427.20001220703125</ele>
        <time>2026-06-16T13:53:15.000Z</time>
        <extensions>
          <ns3:TrackPointExtension>
            <ns3:hr>145</ns3:hr>
            <ns3:cad>91</ns3:cad>
          </ns3:TrackPointExtension>
        </extensions>
      </trkpt>
      <trkpt lat="30.7521213032305240631103515625" lon="108.446182049810886383056640625">
        <ele>427.20001220703125</ele>
        <time>2026-06-16T13:53:16.000Z</time>
        <extensions>
          <ns3:TrackPointExtension>
            <ns3:hr>145</ns3:hr>
            <ns3:cad>92</ns3:cad>
          </ns3:TrackPointExtension>
        </extensions>
      </trkpt>
      <trkpt lat="30.752136893570423126220703125" lon="108.44617844559252262115478515625">
        <ele>427.20001220703125</ele>
        <time>2026-06-16T13:53:17.000Z</time>
        <extensions>
          <ns3:TrackPointExtension>
            <ns3:hr>145</ns3:hr>
            <ns3:cad>92</ns3:cad>
          </ns3:TrackPointExtension>
        </extensions>
      </trkpt>
      <trkpt lat="30.7521593570709228515625" lon="108.44617811031639575958251953125">
        <ele>427.20001220703125</ele>
        <time>2026-06-16T13:53:18.000Z</time>
        <extensions>
          <ns3:TrackPointExtension>
            <ns3:hr>145</ns3:hr>
            <ns3:cad>91</ns3:cad>
          </ns3:TrackPointExtension>
        </extensions>
      </trkpt>
      <trkpt lat="30.75217369012534618377685546875" lon="108.44617425464093685150146484375">
        <ele>427.20001220703125</ele>
        <time>2026-06-16T13:53:19.000Z</time>
        <extensions>
          <ns3:TrackPointExtension>
            <ns3:hr>145</ns3:hr>
            <ns3:cad>91</ns3:cad>
          </ns3:TrackPointExtension>
        </extensions>
      </trkpt>
      <trkpt lat="30.7521974109113216400146484375" lon="108.44617433845996856689453125">
        <ele>427.20001220703125</ele>
        <time>2026-06-16T13:53:20.000Z</time>
        <extensions>
          <ns3:TrackPointExtension>
            <ns3:hr>145</ns3:hr>
            <ns3:cad>92</ns3:cad>
          </ns3:TrackPointExtension>
        </extensions>
      </trkpt>
      <trkpt lat="30.75221392326056957244873046875" lon="108.446167968213558197021484375">
        <ele>427.20001220703125</ele>
        <time>2026-06-16T13:53:21.000Z</time>
        <extensions>
          <ns3:TrackPointExtension>
            <ns3:hr>145</ns3:hr>
            <ns3:cad>92</ns3:cad>
          </ns3:TrackPointExtension>
        </extensions>
      </trkpt>
      <trkpt lat="30.75224108062684535980224609375" lon="108.44617224298417568206787109375">
        <ele>427.20001220703125</ele>
        <time>2026-06-16T13:53:22.000Z</time>
        <extensions>
          <ns3:TrackPointExtension>
            <ns3:hr>144</ns3:hr>
            <ns3:cad>93</ns3:cad>
          </ns3:TrackPointExtension>
        </extensions>
      </trkpt>
      <trkpt lat="30.7522564195096492767333984375" lon="108.44616872258484363555908203125">
        <ele>427.20001220703125</ele>
        <time>2026-06-16T13:53:23.000Z</time>
        <extensions>
          <ns3:TrackPointExtension>
            <ns3:hr>144</ns3:hr>
            <ns3:cad>93</ns3:cad>
          </ns3:TrackPointExtension>
        </extensions>
      </trkpt>
      <trkpt lat="30.75228081084787845611572265625" lon="108.4461694769561290740966796875">
        <ele>427.20001220703125</ele>
        <time>2026-06-16T13:53:24.000Z</time>
        <extensions>
          <ns3:TrackPointExtension>
            <ns3:hr>143</ns3:hr>
            <ns3:cad>93</ns3:cad>
          </ns3:TrackPointExtension>
        </extensions>
      </trkpt>
      <trkpt lat="30.75229539535939693450927734375" lon="108.44615690410137176513671875">
        <ele>427.20001220703125</ele>
        <time>2026-06-16T13:53:25.000Z</time>
        <extensions>
          <ns3:TrackPointExtension>
            <ns3:hr>143</ns3:hr>
            <ns3:cad>93</ns3:cad>
          </ns3:TrackPointExtension>
        </extensions>
      </trkpt>
      <trkpt lat="30.75232104398310184478759765625" lon="108.4461535513401031494140625">
        <ele>427.20001220703125</ele>
        <time>2026-06-16T13:53:26.000Z</time>
        <extensions>
          <ns3:TrackPointExtension>
            <ns3:hr>142</ns3:hr>
            <ns3:cad>92</ns3:cad>
          </ns3:TrackPointExtension>
        </extensions>
      </trkpt>
      <trkpt lat="30.75233562849462032318115234375" lon="108.44614617526531219482421875">
        <ele>427.20001220703125</ele>
        <time>2026-06-16T13:53:27.000Z</time>
        <extensions>
          <ns3:TrackPointExtension>
            <ns3:hr>142</ns3:hr>
            <ns3:cad>92</ns3:cad>
          </ns3:TrackPointExtension>
        </extensions>
      </trkpt>
      <trkpt lat="30.7523596845567226409912109375" lon="108.446150533854961395263671875">
        <ele>427.20001220703125</ele>
        <time>2026-06-16T13:53:28.000Z</time>
        <extensions>
          <ns3:TrackPointExtension>
            <ns3:hr>141</ns3:hr>
            <ns3:cad>92</ns3:cad>
          </ns3:TrackPointExtension>
        </extensions>
      </trkpt>
      <trkpt lat="30.7523779571056365966796875" lon="108.446144498884677886962890625">
        <ele>427.20001220703125</ele>
        <time>2026-06-16T13:53:29.000Z</time>
        <extensions>
          <ns3:TrackPointExtension>
            <ns3:hr>141</ns3:hr>
            <ns3:cad>92</ns3:cad>
          </ns3:TrackPointExtension>
        </extensions>
      </trkpt>
      <trkpt lat="30.752396397292613983154296875" lon="108.44614441506564617156982421875">
        <ele>427.20001220703125</ele>
        <time>2026-06-16T13:53:30.000Z</time>
        <extensions>
          <ns3:TrackPointExtension>
            <ns3:hr>141</ns3:hr>
            <ns3:cad>92</ns3:cad>
          </ns3:TrackPointExtension>
        </extensions>
      </trkpt>
      <trkpt lat="30.75241575948894023895263671875" lon="108.44614122994244098663330078125">
        <ele>427.20001220703125</ele>
        <time>2026-06-16T13:53:31.000Z</time>
        <extensions>
          <ns3:TrackPointExtension>
            <ns3:hr>140</ns3:hr>
            <ns3:cad>91</ns3:cad>
          </ns3:TrackPointExtension>
        </extensions>
      </trkpt>
      <trkpt lat="30.75243419967591762542724609375" lon="108.44614055939018726348876953125">
        <ele>427.20001220703125</ele>
        <time>2026-06-16T13:53:32.000Z</time>
        <extensions>
          <ns3:TrackPointExtension>
            <ns3:hr>140</ns3:hr>
            <ns3:cad>91</ns3:cad>
          </ns3:TrackPointExtension>
        </extensions>
      </trkpt>
      <trkpt lat="30.7524575851857662200927734375" lon="108.4461374580860137939453125">
        <ele>427.20001220703125</ele>
        <time>2026-06-16T13:53:33.000Z</time>
        <extensions>
          <ns3:TrackPointExtension>
            <ns3:hr>140</ns3:hr>
            <ns3:cad>91</ns3:cad>
          </ns3:TrackPointExtension>
        </extensions>
      </trkpt>
      <trkpt lat="30.75247258879244327545166015625" lon="108.44613385386765003204345703125">
        <ele>427.20001220703125</ele>
        <time>2026-06-16T13:53:34.000Z</time>
        <extensions>
          <ns3:TrackPointExtension>
            <ns3:hr>139</ns3:hr>
            <ns3:cad>91</ns3:cad>
          </ns3:TrackPointExtension>
        </extensions>
      </trkpt>
      <trkpt lat="30.7524974830448627471923828125" lon="108.446132428944110870361328125">
        <ele>427.20001220703125</ele>
        <time>2026-06-16T13:53:35.000Z</time>
        <extensions>
          <ns3:TrackPointExtension>
            <ns3:hr>139</ns3:hr>
            <ns3:cad>91</ns3:cad>
          </ns3:TrackPointExtension>
        </extensions>
      </trkpt>
      <trkpt lat="30.7525122351944446563720703125" lon="108.44612848944962024688720703125">
        <ele>427.20001220703125</ele>
        <time>2026-06-16T13:53:36.000Z</time>
        <extensions>
          <ns3:TrackPointExtension>
            <ns3:hr>139</ns3:hr>
            <ns3:cad>92</ns3:cad>
          </ns3:TrackPointExtension>
        </extensions>
      </trkpt>
      <trkpt lat="30.75253712944686412811279296875" lon="108.44613117165863513946533203125">
        <ele>427.20001220703125</ele>
        <time>2026-06-16T13:53:37.000Z</time>
        <extensions>
          <ns3:TrackPointExtension>
            <ns3:hr>139</ns3:hr>
            <ns3:cad>93</ns3:cad>
          </ns3:TrackPointExtension>
        </extensions>
      </trkpt>
      <trkpt lat="30.752553977072238922119140625" lon="108.44612781889736652374267578125">
        <ele>427.20001220703125</ele>
        <time>2026-06-16T13:53:38.000Z</time>
        <extensions>
          <ns3:TrackPointExtension>
            <ns3:hr>139</ns3:hr>
            <ns3:cad>93</ns3:cad>
          </ns3:TrackPointExtension>
        </extensions>
      </trkpt>
      <trkpt lat="30.75257669202983379364013671875" lon="108.44613167457282543182373046875">
        <ele>427.20001220703125</ele>
        <time>2026-06-16T13:53:39.000Z</time>
        <extensions>
          <ns3:TrackPointExtension>
            <ns3:hr>138</ns3:hr>
            <ns3:cad>93</ns3:cad>
          </ns3:TrackPointExtension>
        </extensions>
      </trkpt>
      <trkpt lat="30.7525950483977794647216796875" lon="108.446127735078334808349609375">
        <ele>427.20001220703125</ele>
        <time>2026-06-16T13:53:40.000Z</time>
        <extensions>
          <ns3:TrackPointExtension>
            <ns3:hr>139</ns3:hr>
            <ns3:cad>93</ns3:cad>
          </ns3:TrackPointExtension>
        </extensions>
      </trkpt>
      <trkpt lat="30.75261642225086688995361328125" lon="108.44613184221088886260986328125">
        <ele>427.20001220703125</ele>
        <time>2026-06-16T13:53:41.000Z</time>
        <extensions>
          <ns3:TrackPointExtension>
            <ns3:hr>139</ns3:hr>
            <ns3:cad>93</ns3:cad>
          </ns3:TrackPointExtension>
        </extensions>
      </trkpt>
      <trkpt lat="30.7526325993239879608154296875" lon="108.44612815417349338531494140625">
        <ele>427.20001220703125</ele>
        <time>2026-06-16T13:53:42.000Z</time>
        <extensions>
          <ns3:TrackPointExtension>
            <ns3:hr>139</ns3:hr>
            <ns3:cad>91</ns3:cad>
          </ns3:TrackPointExtension>
        </extensions>
      </trkpt>
      <trkpt lat="30.7526510395109653472900390625" lon="108.446131758391857147216796875">
        <ele>427.20001220703125</ele>
        <time>2026-06-16T13:53:43.000Z</time>
        <extensions>
          <ns3:TrackPointExtension>
            <ns3:hr>139</ns3:hr>
            <ns3:cad>91</ns3:cad>
          </ns3:TrackPointExtension>
        </extensions>
      </trkpt>
      <trkpt lat="30.75267006643116474151611328125" lon="108.4461299143731594085693359375">
        <ele>427.20001220703125</ele>
        <time>2026-06-16T13:53:44.000Z</time>
        <extensions>
          <ns3:TrackPointExtension>
            <ns3:hr>139</ns3:hr>
            <ns3:cad>91</ns3:cad>
          </ns3:TrackPointExtension>
        </extensions>
      </trkpt>
      <trkpt lat="30.75268968008458614349365234375" lon="108.44613452441990375518798828125">
        <ele>427.20001220703125</ele>
        <time>2026-06-16T13:53:45.000Z</time>
        <extensions>
          <ns3:TrackPointExtension>
            <ns3:hr>139</ns3:hr>
            <ns3:cad>92</ns3:cad>
          </ns3:TrackPointExtension>
        </extensions>
      </trkpt>
      <trkpt lat="30.7527132332324981689453125" lon="108.44613737426698207855224609375">
        <ele>427.20001220703125</ele>
        <time>2026-06-16T13:53:46.000Z</time>
        <extensions>
          <ns3:TrackPointExtension>
            <ns3:hr>138</ns3:hr>
            <ns3:cad>94</ns3:cad>
          </ns3:TrackPointExtension>
        </extensions>
      </trkpt>
      <trkpt lat="30.75272873975336551666259765625" lon="108.44614190049469470977783203125">
        <ele>427.20001220703125</ele>
        <time>2026-06-16T13:53:47.000Z</time>
        <extensions>
          <ns3:TrackPointExtension>
            <ns3:hr>139</ns3:hr>
            <ns3:cad>94</ns3:cad>
          </ns3:TrackPointExtension>
        </extensions>
      </trkpt>
      <trkpt lat="30.7527522929012775421142578125" lon="108.4461483545601367950439453125">
        <ele>427.20001220703125</ele>
        <time>2026-06-16T13:53:48.000Z</time>
        <extensions>
          <ns3:TrackPointExtension>
            <ns3:hr>138</ns3:hr>
            <ns3:cad>93</ns3:cad>
          </ns3:TrackPointExtension>
        </extensions>
      </trkpt>
      <trkpt lat="30.752772577106952667236328125" lon="108.44615262933075428009033203125">
        <ele>427.399993896484375</ele>
        <time>2026-06-16T13:53:49.000Z</time>
        <extensions>
          <ns3:TrackPointExtension>
            <ns3:hr>138</ns3:hr>
            <ns3:cad>93</ns3:cad>
          </ns3:TrackPointExtension>
        </extensions>
      </trkpt>
      <trkpt lat="30.7527963817119598388671875" lon="108.4461615979671478271484375">
        <ele>427.399993896484375</ele>
        <time>2026-06-16T13:53:50.000Z</time>
        <extensions>
          <ns3:TrackPointExtension>
            <ns3:hr>138</ns3:hr>
            <ns3:cad>93</ns3:cad>
          </ns3:TrackPointExtension>
        </extensions>
      </trkpt>
      <trkpt lat="30.75281339697539806365966796875" lon="108.4461669623851776123046875">
        <ele>427.399993896484375</ele>
        <time>2026-06-16T13:53:51.000Z</time>
        <extensions>
          <ns3:TrackPointExtension>
            <ns3:hr>137</ns3:hr>
            <ns3:cad>92</ns3:cad>
          </ns3:TrackPointExtension>
        </extensions>
      </trkpt>
      <trkpt lat="30.75283921323716640472412109375" lon="108.44617308117449283599853515625">
        <ele>427.399993896484375</ele>
        <time>2026-06-16T13:53:52.000Z</time>
        <extensions>
          <ns3:TrackPointExtension>
            <ns3:hr>137</ns3:hr>
            <ns3:cad>92</ns3:cad>
          </ns3:TrackPointExtension>
        </extensions>
      </trkpt>
      <trkpt lat="30.75285597704350948333740234375" lon="108.4461748413741588592529296875">
        <ele>427.600006103515625</ele>
        <time>2026-06-16T13:53:53.000Z</time>
        <extensions>
          <ns3:TrackPointExtension>
            <ns3:hr>136</ns3:hr>
            <ns3:cad>92</ns3:cad>
          </ns3:TrackPointExtension>
        </extensions>
      </trkpt>
      <trkpt lat="30.75288095511496067047119140625" lon="108.44618163071572780609130859375">
        <ele>427.600006103515625</ele>
        <time>2026-06-16T13:53:54.000Z</time>
        <extensions>
          <ns3:TrackPointExtension>
            <ns3:hr>136</ns3:hr>
            <ns3:cad>93</ns3:cad>
          </ns3:TrackPointExtension>
        </extensions>
      </trkpt>
      <trkpt lat="30.75289771892130374908447265625" lon="108.44618146307766437530517578125">
        <ele>427.600006103515625</ele>
        <time>2026-06-16T13:53:55.000Z</time>
        <extensions>
          <ns3:TrackPointExtension>
            <ns3:hr>136</ns3:hr>
            <ns3:cad>93</ns3:cad>
          </ns3:TrackPointExtension>
        </extensions>
      </trkpt>
      <trkpt lat="30.75291917659342288970947265625" lon="108.44618297182023525238037109375">
        <ele>427.600006103515625</ele>
        <time>2026-06-16T13:53:56.000Z</time>
        <extensions>
          <ns3:TrackPointExtension>
            <ns3:hr>136</ns3:hr>
            <ns3:cad>93</ns3:cad>
          </ns3:TrackPointExtension>
        </extensions>
      </trkpt>
      <trkpt lat="30.7529366947710514068603515625" lon="108.4461758472025394439697265625">
        <ele>427.600006103515625</ele>
        <time>2026-06-16T13:53:57.000Z</time>
        <extensions>
          <ns3:TrackPointExtension>
            <ns3:hr>137</ns3:hr>
            <ns3:cad>93</ns3:cad>
          </ns3:TrackPointExtension>
        </extensions>
      </trkpt>
      <trkpt lat="30.75296158902347087860107421875" lon="108.446180038154125213623046875">
        <ele>427.600006103515625</ele>
        <time>2026-06-16T13:53:58.000Z</time>
        <extensions>
          <ns3:TrackPointExtension>
            <ns3:hr>138</ns3:hr>
            <ns3:cad>93</ns3:cad>
          </ns3:TrackPointExtension>
        </extensions>
      </trkpt>
      <trkpt lat="30.75297734700143337249755859375" lon="108.44617542810738086700439453125">
        <ele>427.600006103515625</ele>
        <time>2026-06-16T13:53:59.000Z</time>
        <extensions>
          <ns3:TrackPointExtension>
            <ns3:hr>139</ns3:hr>
            <ns3:cad>92</ns3:cad>
          </ns3:TrackPointExtension>
        </extensions>
      </trkpt>
      <trkpt lat="30.7530003972351551055908203125" lon="108.4461751766502857208251953125">
        <ele>427.600006103515625</ele>
        <time>2026-06-16T13:54:00.000Z</time>
        <extensions>
          <ns3:TrackPointExtension>
            <ns3:hr>140</ns3:hr>
            <ns3:cad>92</ns3:cad>
          </ns3:TrackPointExtension>
        </extensions>
      </trkpt>
      <trkpt lat="30.75302042998373508453369140625" lon="108.4461698122322559356689453125">
        <ele>427.600006103515625</ele>
        <time>2026-06-16T13:54:01.000Z</time>
        <extensions>
          <ns3:TrackPointExtension>
            <ns3:hr>140</ns3:hr>
            <ns3:cad>92</ns3:cad>
          </ns3:TrackPointExtension>
        </extensions>
      </trkpt>
      <trkpt lat="30.75304247438907623291015625" lon="108.44616805203258991241455078125">
        <ele>427.600006103515625</ele>
        <time>2026-06-16T13:54:02.000Z</time>
        <extensions>
          <ns3:TrackPointExtension>
            <ns3:hr>141</ns3:hr>
            <ns3:cad>91</ns3:cad>
          </ns3:TrackPointExtension>
        </extensions>
      </trkpt>
      <trkpt lat="30.753058902919292449951171875" lon="108.44615128822624683380126953125">
        <ele>427.600006103515625</ele>
        <time>2026-06-16T13:54:03.000Z</time>
        <extensions>
          <ns3:TrackPointExtension>
            <ns3:hr>142</ns3:hr>
            <ns3:cad>91</ns3:cad>
          </ns3:TrackPointExtension>
        </extensions>
      </trkpt>
      <trkpt lat="30.75307725928723812103271484375" lon="108.4461336024105548858642578125">
        <ele>427.600006103515625</ele>
        <time>2026-06-16T13:54:04.000Z</time>
        <extensions>
          <ns3:TrackPointExtension>
            <ns3:hr>142</ns3:hr>
            <ns3:cad>90</ns3:cad>
          </ns3:TrackPointExtension>
        </extensions>
      </trkpt>
      <trkpt lat="30.75308714993298053741455078125" lon="108.44611239619553089141845703125">
        <ele>427.600006103515625</ele>
        <time>2026-06-16T13:54:05.000Z</time>
        <extensions>
          <ns3:TrackPointExtension>
            <ns3:hr>143</ns3:hr>
            <ns3:cad>90</ns3:cad>
          </ns3:TrackPointExtension>
        </extensions>
      </trkpt>
      <trkpt lat="30.7531006447970867156982421875" lon="108.44608959741890430450439453125">
        <ele>427.600006103515625</ele>
        <time>2026-06-16T13:54:06.000Z</time>
        <extensions>
          <ns3:TrackPointExtension>
            <ns3:hr>143</ns3:hr>
            <ns3:cad>90</ns3:cad>
          </ns3:TrackPointExtension>
        </extensions>
      </trkpt>
      <trkpt lat="30.75311564840376377105712890625" lon="108.4460730850696563720703125">
        <ele>427.600006103515625</ele>
        <time>2026-06-16T13:54:07.000Z</time>
        <extensions>
          <ns3:TrackPointExtension>
            <ns3:hr>144</ns3:hr>
            <ns3:cad>91</ns3:cad>
          </ns3:TrackPointExtension>
        </extensions>
      </trkpt>
      <trkpt lat="30.75313291512429714202880859375" lon="108.446063697338104248046875">
        <ele>427.600006103515625</ele>
        <time>2026-06-16T13:54:08.000Z</time>
        <extensions>
          <ns3:TrackPointExtension>
            <ns3:hr>144</ns3:hr>
            <ns3:cad>91</ns3:cad>
          </ns3:TrackPointExtension>
        </extensions>
      </trkpt>
      <trkpt lat="30.7531529478728771209716796875" lon="108.44604827463626861572265625">
        <ele>427.600006103515625</ele>
        <time>2026-06-16T13:54:09.000Z</time>
        <extensions>
          <ns3:TrackPointExtension>
            <ns3:hr>144</ns3:hr>
            <ns3:cad>92</ns3:cad>
          </ns3:TrackPointExtension>
        </extensions>
      </trkpt>
      <trkpt lat="30.7531707175076007843017578125" lon="108.44603754580020904541015625">
        <ele>427.600006103515625</ele>
        <time>2026-06-16T13:54:10.000Z</time>
        <extensions>
          <ns3:TrackPointExtension>
            <ns3:hr>143</ns3:hr>
            <ns3:cad>92</ns3:cad>
          </ns3:TrackPointExtension>
        </extensions>
      </trkpt>
      <trkpt lat="30.75318739749491214752197265625" lon="108.446024470031261444091796875">
        <ele>427.79998779296875</ele>
        <time>2026-06-16T13:54:11.000Z</time>
        <extensions>
          <ns3:TrackPointExtension>
            <ns3:hr>143</ns3:hr>
            <ns3:cad>92</ns3:cad>
          </ns3:TrackPointExtension>
        </extensions>
      </trkpt>
      <trkpt lat="30.75320147909224033355712890625" lon="108.446011729538440704345703125">
        <ele>427.79998779296875</ele>
        <time>2026-06-16T13:54:12.000Z</time>
        <extensions>
          <ns3:TrackPointExtension>
            <ns3:hr>143</ns3:hr>
            <ns3:cad>92</ns3:cad>
          </ns3:TrackPointExtension>
        </extensions>
      </trkpt>
      <trkpt lat="30.7532126270234584808349609375" lon="108.4459894336760044097900390625">
        <ele>427.79998779296875</ele>
        <time>2026-06-16T13:54:13.000Z</time>
        <extensions>
          <ns3:TrackPointExtension>
            <ns3:hr>143</ns3:hr>
            <ns3:cad>91</ns3:cad>
          </ns3:TrackPointExtension>
        </extensions>
      </trkpt>
      <trkpt lat="30.75321841053664684295654296875" lon="108.44596940092742443084716796875">
        <ele>427.79998779296875</ele>
        <time>2026-06-16T13:54:14.000Z</time>
        <extensions>
          <ns3:TrackPointExtension>
            <ns3:hr>143</ns3:hr>
            <ns3:cad>91</ns3:cad>
          </ns3:TrackPointExtension>
        </extensions>
      </trkpt>
      <trkpt lat="30.75322779826819896697998046875" lon="108.44594291411340236663818359375">
        <ele>427.79998779296875</ele>
        <time>2026-06-16T13:54:15.000Z</time>
        <extensions>
          <ns3:TrackPointExtension>
            <ns3:hr>142</ns3:hr>
            <ns3:cad>90</ns3:cad>
          </ns3:TrackPointExtension>
        </extensions>
      </trkpt>
      <trkpt lat="30.7532347552478313446044921875" lon="108.44592128880321979522705078125">
        <ele>427.79998779296875</ele>
        <time>2026-06-16T13:54:16.000Z</time>
        <extensions>
          <ns3:TrackPointExtension>
            <ns3:hr>141</ns3:hr>
            <ns3:cad>90</ns3:cad>
          </ns3:TrackPointExtension>
        </extensions>
      </trkpt>
      <trkpt lat="30.7532464899122714996337890625" lon="108.44589538872241973876953125">
        <ele>427.79998779296875</ele>
        <time>2026-06-16T13:54:17.000Z</time>
        <extensions>
          <ns3:TrackPointExtension>
            <ns3:hr>141</ns3:hr>
            <ns3:cad>90</ns3:cad>
          </ns3:TrackPointExtension>
        </extensions>
      </trkpt>
      <trkpt lat="30.7532536983489990234375" lon="108.44588063657283782958984375">
        <ele>427.79998779296875</ele>
        <time>2026-06-16T13:54:18.000Z</time>
        <extensions>
          <ns3:TrackPointExtension>
            <ns3:hr>141</ns3:hr>
            <ns3:cad>91</ns3:cad>
          </ns3:TrackPointExtension>
        </extensions>
      </trkpt>
      <trkpt lat="30.7532656006515026092529296875" lon="108.44585909508168697357177734375">
        <ele>427.79998779296875</ele>
        <time>2026-06-16T13:54:19.000Z</time>
        <extensions>
          <ns3:TrackPointExtension>
            <ns3:hr>141</ns3:hr>
            <ns3:cad>92</ns3:cad>
          </ns3:TrackPointExtension>
        </extensions>
      </trkpt>
      <trkpt lat="30.7532696239650249481201171875" lon="108.44584216363728046417236328125">
        <ele>427.79998779296875</ele>
        <time>2026-06-16T13:54:20.000Z</time>
        <extensions>
          <ns3:TrackPointExtension>
            <ns3:hr>141</ns3:hr>
            <ns3:cad>92</ns3:cad>
          </ns3:TrackPointExtension>
        </extensions>
      </trkpt>
      <trkpt lat="30.7532780058681964874267578125" lon="108.44581760466098785400390625">
        <ele>427.79998779296875</ele>
        <time>2026-06-16T13:54:21.000Z</time>
        <extensions>
          <ns3:TrackPointExtension>
            <ns3:hr>141</ns3:hr>
            <ns3:cad>92</ns3:cad>
          </ns3:TrackPointExtension>
        </extensions>
      </trkpt>
      <trkpt lat="30.75327741913497447967529296875" lon="108.4457969851791858673095703125">
        <ele>427.79998779296875</ele>
        <time>2026-06-16T13:54:22.000Z</time>
        <extensions>
          <ns3:TrackPointExtension>
            <ns3:hr>141</ns3:hr>
            <ns3:cad>92</ns3:cad>
          </ns3:TrackPointExtension>
        </extensions>
      </trkpt>
      <trkpt lat="30.75327876023948192596435546875" lon="108.445770330727100372314453125">
        <ele>427.79998779296875</ele>
        <time>2026-06-16T13:54:23.000Z</time>
        <extensions>
          <ns3:TrackPointExtension>
            <ns3:hr>140</ns3:hr>
            <ns3:cad>92</ns3:cad>
          </ns3:TrackPointExtension>
        </extensions>
      </trkpt>
      <trkpt lat="30.75327641330659389495849609375" lon="108.44574979506433010101318359375">
        <ele>428</ele>
        <time>2026-06-16T13:54:24.000Z</time>
        <extensions>
          <ns3:TrackPointExtension>
            <ns3:hr>140</ns3:hr>
            <ns3:cad>91</ns3:cad>
          </ns3:TrackPointExtension>
        </extensions>
      </trkpt>
      <trkpt lat="30.75327716767787933349609375" lon="108.44572062604129314422607421875">
        <ele>428</ele>
        <time>2026-06-16T13:54:25.000Z</time>
        <extensions>
          <ns3:TrackPointExtension>
            <ns3:hr>140</ns3:hr>
            <ns3:cad>91</ns3:cad>
          </ns3:TrackPointExtension>
        </extensions>
      </trkpt>
      <trkpt lat="30.753274820744991302490234375" lon="108.44570185057818889617919921875">
        <ele>428</ele>
        <time>2026-06-16T13:54:26.000Z</time>
        <extensions>
          <ns3:TrackPointExtension>
            <ns3:hr>140</ns3:hr>
            <ns3:cad>91</ns3:cad>
          </ns3:TrackPointExtension>
        </extensions>
      </trkpt>
      <trkpt lat="30.753278844058513641357421875" lon="108.44567670486867427825927734375">
        <ele>428</ele>
        <time>2026-06-16T13:54:27.000Z</time>
        <extensions>
          <ns3:TrackPointExtension>
            <ns3:hr>140</ns3:hr>
            <ns3:cad>92</ns3:cad>
          </ns3:TrackPointExtension>
        </extensions>
      </trkpt>
      <trkpt lat="30.75327440164983272552490234375" lon="108.445657677948474884033203125">
        <ele>428</ele>
        <time>2026-06-16T13:54:28.000Z</time>
        <extensions>
          <ns3:TrackPointExtension>
            <ns3:hr>140</ns3:hr>
            <ns3:cad>92</ns3:cad>
          </ns3:TrackPointExtension>
        </extensions>
      </trkpt>
      <trkpt lat="30.75327591039240360260009765625" lon="108.44563311897218227386474609375">
        <ele>428</ele>
        <time>2026-06-16T13:54:29.000Z</time>
        <extensions>
          <ns3:TrackPointExtension>
            <ns3:hr>140</ns3:hr>
            <ns3:cad>92</ns3:cad>
          </ns3:TrackPointExtension>
        </extensions>
      </trkpt>
      <trkpt lat="30.75327037833631038665771484375" lon="108.4456058777868747711181640625">
        <ele>428</ele>
        <time>2026-06-16T13:54:30.000Z</time>
        <extensions>
          <ns3:TrackPointExtension>
            <ns3:hr>140</ns3:hr>
            <ns3:cad>93</ns3:cad>
          </ns3:TrackPointExtension>
        </extensions>
      </trkpt>
      <trkpt lat="30.7532692886888980865478515625" lon="108.44558148644864559173583984375">
        <ele>428</ele>
        <time>2026-06-16T13:54:31.000Z</time>
        <extensions>
          <ns3:TrackPointExtension>
            <ns3:hr>141</ns3:hr>
            <ns3:cad>93</ns3:cad>
          </ns3:TrackPointExtension>
        </extensions>
      </trkpt>
      <trkpt lat="30.75326501391828060150146484375" lon="108.445554412901401519775390625">
        <ele>428</ele>
        <time>2026-06-16T13:54:32.000Z</time>
        <extensions>
          <ns3:TrackPointExtension>
            <ns3:hr>141</ns3:hr>
            <ns3:cad>93</ns3:cad>
          </ns3:TrackPointExtension>
        </extensions>
      </trkpt>
      <trkpt lat="30.75326367281377315521240234375" lon="108.44553194940090179443359375">
        <ele>428.20001220703125</ele>
        <time>2026-06-16T13:54:33.000Z</time>
        <extensions>
          <ns3:TrackPointExtension>
            <ns3:hr>141</ns3:hr>
            <ns3:cad>93</ns3:cad>
          </ns3:TrackPointExtension>
        </extensions>
      </trkpt>
      <trkpt lat="30.753256715834140777587890625" lon="108.44550671987235546112060546875">
        <ele>428.20001220703125</ele>
        <time>2026-06-16T13:54:34.000Z</time>
        <extensions>
          <ns3:TrackPointExtension>
            <ns3:hr>141</ns3:hr>
            <ns3:cad>93</ns3:cad>
          </ns3:TrackPointExtension>
        </extensions>
      </trkpt>
      <trkpt lat="30.753252692520618438720703125" lon="108.4454858489334583282470703125">
        <ele>428.20001220703125</ele>
        <time>2026-06-16T13:54:35.000Z</time>
        <extensions>
          <ns3:TrackPointExtension>
            <ns3:hr>142</ns3:hr>
            <ns3:cad>93</ns3:cad>
          </ns3:TrackPointExtension>
        </extensions>
      </trkpt>
      <trkpt lat="30.75324724428355693817138671875" lon="108.44546162523329257965087890625">
        <ele>428.20001220703125</ele>
        <time>2026-06-16T13:54:36.000Z</time>
        <extensions>
          <ns3:TrackPointExtension>
            <ns3:hr>142</ns3:hr>
            <ns3:cad>93</ns3:cad>
          </ns3:TrackPointExtension>
        </extensions>
      </trkpt>
      <trkpt lat="30.75324229896068572998046875" lon="108.44544209539890289306640625">
        <ele>428.20001220703125</ele>
        <time>2026-06-16T13:54:37.000Z</time>
        <extensions>
          <ns3:TrackPointExtension>
            <ns3:hr>142</ns3:hr>
            <ns3:cad>93</ns3:cad>
          </ns3:TrackPointExtension>
        </extensions>
      </trkpt>
      <trkpt lat="30.7532387785613536834716796875" lon="108.44541586004197597503662109375">
        <ele>428.20001220703125</ele>
        <time>2026-06-16T13:54:38.000Z</time>
        <extensions>
          <ns3:TrackPointExtension>
            <ns3:hr>141</ns3:hr>
            <ns3:cad>93</ns3:cad>
          </ns3:TrackPointExtension>
        </extensions>
      </trkpt>
      <trkpt lat="30.7532330788671970367431640625" lon="108.445395492017269134521484375">
        <ele>428.20001220703125</ele>
        <time>2026-06-16T13:54:39.000Z</time>
        <extensions>
          <ns3:TrackPointExtension>
            <ns3:hr>141</ns3:hr>
            <ns3:cad>92</ns3:cad>
          </ns3:TrackPointExtension>
        </extensions>
      </trkpt>
      <trkpt lat="30.75322444550693035125732421875" lon="108.44536841847002506256103515625">
        <ele>428.20001220703125</ele>
        <time>2026-06-16T13:54:40.000Z</time>
        <extensions>
          <ns3:TrackPointExtension>
            <ns3:hr>141</ns3:hr>
            <ns3:cad>92</ns3:cad>
          </ns3:TrackPointExtension>
        </extensions>
      </trkpt>
      <trkpt lat="30.75321371667087078094482421875" lon="108.445349894464015960693359375">
        <ele>428.20001220703125</ele>
        <time>2026-06-16T13:54:41.000Z</time>
        <extensions>
          <ns3:TrackPointExtension>
            <ns3:hr>140</ns3:hr>
            <ns3:cad>93</ns3:cad>
          </ns3:TrackPointExtension>
        </extensions>
      </trkpt>
      <trkpt lat="30.75320248492062091827392578125" lon="108.4453265927731990814208984375">
        <ele>428.399993896484375</ele>
        <time>2026-06-16T13:54:42.000Z</time>
        <extensions>
          <ns3:TrackPointExtension>
            <ns3:hr>140</ns3:hr>
            <ns3:cad>93</ns3:cad>
          </ns3:TrackPointExtension>
        </extensions>
      </trkpt>
      <trkpt lat="30.7531888224184513092041015625" lon="108.44531125389039516448974609375">
        <ele>428.20001220703125</ele>
        <time>2026-06-16T13:54:43.000Z</time>
        <extensions>
          <ns3:TrackPointExtension>
            <ns3:hr>140</ns3:hr>
            <ns3:cad>93</ns3:cad>
          </ns3:TrackPointExtension>
        </extensions>
      </trkpt>
      <trkpt lat="30.75317499227821826934814453125" lon="108.44528929330408573150634765625">
        <ele>428.20001220703125</ele>
        <time>2026-06-16T13:54:44.000Z</time>
        <extensions>
          <ns3:TrackPointExtension>
            <ns3:hr>140</ns3:hr>
            <ns3:cad>92</ns3:cad>
          </ns3:TrackPointExtension>
        </extensions>
      </trkpt>
      <trkpt lat="30.7531613297760486602783203125" lon="108.4452737867832183837890625">
        <ele>428.20001220703125</ele>
        <time>2026-06-16T13:54:45.000Z</time>
        <extensions>
          <ns3:TrackPointExtension>
            <ns3:hr>140</ns3:hr>
            <ns3:cad>92</ns3:cad>
          </ns3:TrackPointExtension>
        </extensions>
      </trkpt>
      <trkpt lat="30.7531573064625263214111328125" lon="108.44524386338889598846435546875">
        <ele>428.399993896484375</ele>
        <time>2026-06-16T13:54:46.000Z</time>
        <extensions>
          <ns3:TrackPointExtension>
            <ns3:hr>140</ns3:hr>
            <ns3:cad>92</ns3:cad>
          </ns3:TrackPointExtension>
        </extensions>
      </trkpt>
      <trkpt lat="30.75315202586352825164794921875" lon="108.44522223807871341705322265625">
        <ele>428.399993896484375</ele>
        <time>2026-06-16T13:54:47.000Z</time>
        <extensions>
          <ns3:TrackPointExtension>
            <ns3:hr>141</ns3:hr>
            <ns3:cad>92</ns3:cad>
          </ns3:TrackPointExtension>
        </extensions>
      </trkpt>
      <trkpt lat="30.7531584799289703369140625" lon="108.4451960027217864990234375">
        <ele>428.399993896484375</ele>
        <time>2026-06-16T13:54:48.000Z</time>
        <extensions>
          <ns3:TrackPointExtension>
            <ns3:hr>140</ns3:hr>
            <ns3:cad>92</ns3:cad>
          </ns3:TrackPointExtension>
        </extensions>
      </trkpt>
      <trkpt lat="30.75315856374800205230712890625" lon="108.445175550878047943115234375">
        <ele>428.399993896484375</ele>
        <time>2026-06-16T13:54:49.000Z</time>
        <extensions>
          <ns3:TrackPointExtension>
            <ns3:hr>140</ns3:hr>
            <ns3:cad>92</ns3:cad>
          </ns3:TrackPointExtension>
        </extensions>
      </trkpt>
      <trkpt lat="30.75316493399441242218017578125" lon="108.4451499022543430328369140625">
        <ele>428.399993896484375</ele>
        <time>2026-06-16T13:54:50.000Z</time>
        <extensions>
          <ns3:TrackPointExtension>
            <ns3:hr>140</ns3:hr>
            <ns3:cad>92</ns3:cad>
          </ns3:TrackPointExtension>
        </extensions>
      </trkpt>
      <trkpt lat="30.75315923430025577545166015625" lon="108.44513322226703166961669921875">
        <ele>428.399993896484375</ele>
        <time>2026-06-16T13:54:51.000Z</time>
        <extensions>
          <ns3:TrackPointExtension>
            <ns3:hr>140</ns3:hr>
            <ns3:cad>92</ns3:cad>
          </ns3:TrackPointExtension>
        </extensions>
      </trkpt>
      <trkpt lat="30.753146745264530181884765625" lon="108.4451182186603546142578125">
        <ele>428.600006103515625</ele>
        <time>2026-06-16T13:54:52.000Z</time>
        <extensions>
          <ns3:TrackPointExtension>
            <ns3:hr>140</ns3:hr>
            <ns3:cad>91</ns3:cad>
          </ns3:TrackPointExtension>
        </extensions>
      </trkpt>
      <trkpt lat="30.7531345076858997344970703125" lon="108.4451143629848957061767578125">
        <ele>428.600006103515625</ele>
        <time>2026-06-16T13:54:53.000Z</time>
        <extensions>
          <ns3:TrackPointExtension>
            <ns3:hr>140</ns3:hr>
            <ns3:cad>90</ns3:cad>
          </ns3:TrackPointExtension>
        </extensions>
      </trkpt>
      <trkpt lat="30.75311682187020778656005859375" lon="108.4451106749475002288818359375">
        <ele>428.600006103515625</ele>
        <time>2026-06-16T13:54:54.000Z</time>
        <extensions>
          <ns3:TrackPointExtension>
            <ns3:hr>140</ns3:hr>
            <ns3:cad>90</ns3:cad>
          </ns3:TrackPointExtension>
        </extensions>
      </trkpt>
      <trkpt lat="30.75310005806386470794677734375" lon="108.4451123513281345367431640625">
        <ele>428.79998779296875</ele>
        <time>2026-06-16T13:54:55.000Z</time>
        <extensions>
          <ns3:TrackPointExtension>
            <ns3:hr>140</ns3:hr>
            <ns3:cad>90</ns3:cad>
          </ns3:TrackPointExtension>
        </extensions>
      </trkpt>
      <trkpt lat="30.75308145023882389068603515625" lon="108.44511109404265880584716796875">
        <ele>428.79998779296875</ele>
        <time>2026-06-16T13:54:56.000Z</time>
        <extensions>
          <ns3:TrackPointExtension>
            <ns3:hr>140</ns3:hr>
            <ns3:cad>91</ns3:cad>
          </ns3:TrackPointExtension>
        </extensions>
      </trkpt>
      <trkpt lat="30.753057561814785003662109375" lon="108.44511427916586399078369140625">
        <ele>428.79998779296875</ele>
        <time>2026-06-16T13:54:57.000Z</time>
        <extensions>
          <ns3:TrackPointExtension>
            <ns3:hr>139</ns3:hr>
            <ns3:cad>92</ns3:cad>
          </ns3:TrackPointExtension>
        </extensions>
      </trkpt>
      <trkpt lat="30.7530345954000949859619140625" lon="108.44511629082262516021728515625">
        <ele>428.79998779296875</ele>
        <time>2026-06-16T13:54:58.000Z</time>
        <extensions>
          <ns3:TrackPointExtension>
            <ns3:hr>139</ns3:hr>
            <ns3:cad>92</ns3:cad>
          </ns3:TrackPointExtension>
        </extensions>
      </trkpt>
      <trkpt lat="30.75300903059542179107666015625" lon="108.44511645846068859100341796875">
        <ele>428.600006103515625</ele>
        <time>2026-06-16T13:54:59.000Z</time>
        <extensions>
          <ns3:TrackPointExtension>
            <ns3:hr>139</ns3:hr>
            <ns3:cad>92</ns3:cad>
          </ns3:TrackPointExtension>
        </extensions>
      </trkpt>
      <trkpt lat="30.752989836037158966064453125" lon="108.4451207332313060760498046875">
        <ele>428.600006103515625</ele>
        <time>2026-06-16T13:55:00.000Z</time>
        <extensions>
          <ns3:TrackPointExtension>
            <ns3:hr>139</ns3:hr>
            <ns3:cad>93</ns3:cad>
          </ns3:TrackPointExtension>
        </extensions>
      </trkpt>
      <trkpt lat="30.752964355051517486572265625" lon="108.44512014649808406829833984375">
        <ele>428.600006103515625</ele>
        <time>2026-06-16T13:55:01.000Z</time>
        <extensions>
          <ns3:TrackPointExtension>
            <ns3:hr>138</ns3:hr>
            <ns3:cad>93</ns3:cad>
          </ns3:TrackPointExtension>
        </extensions>
      </trkpt>
      <trkpt lat="30.7529474236071109771728515625" lon="108.44512484036386013031005859375">
        <ele>428.600006103515625</ele>
        <time>2026-06-16T13:55:02.000Z</time>
        <extensions>
          <ns3:TrackPointExtension>
            <ns3:hr>139</ns3:hr>
            <ns3:cad>93</ns3:cad>
          </ns3:TrackPointExtension>
        </extensions>
      </trkpt>
      <trkpt lat="30.752922780811786651611328125" lon="108.44511863775551319122314453125">
        <ele>428.600006103515625</ele>
        <time>2026-06-16T13:55:03.000Z</time>
        <extensions>
          <ns3:TrackPointExtension>
            <ns3:hr>139</ns3:hr>
            <ns3:cad>92</ns3:cad>
          </ns3:TrackPointExtension>
        </extensions>
      </trkpt>
      <trkpt lat="30.752902664244174957275390625" lon="108.4451170451939105987548828125">
        <ele>428.79998779296875</ele>
        <time>2026-06-16T13:55:04.000Z</time>
        <extensions>
          <ns3:TrackPointExtension>
            <ns3:hr>138</ns3:hr>
            <ns3:cad>92</ns3:cad>
          </ns3:TrackPointExtension>
        </extensions>
      </trkpt>
      <trkpt lat="30.75288313440978527069091796875" lon="108.445107154548168182373046875">
        <ele>428.79998779296875</ele>
        <time>2026-06-16T13:55:05.000Z</time>
        <extensions>
          <ns3:TrackPointExtension>
            <ns3:hr>139</ns3:hr>
            <ns3:cad>92</ns3:cad>
          </ns3:TrackPointExtension>
        </extensions>
      </trkpt>
      <trkpt lat="30.7528649456799030303955078125" lon="108.44510614871978759765625">
        <ele>428.79998779296875</ele>
        <time>2026-06-16T13:55:06.000Z</time>
        <extensions>
          <ns3:TrackPointExtension>
            <ns3:hr>139</ns3:hr>
            <ns3:cad>93</ns3:cad>
          </ns3:TrackPointExtension>
        </extensions>
      </trkpt>
      <trkpt lat="30.75284642167389392852783203125" lon="108.4451022930443286895751953125">
        <ele>428.79998779296875</ele>
        <time>2026-06-16T13:55:07.000Z</time>
        <extensions>
          <ns3:TrackPointExtension>
            <ns3:hr>138</ns3:hr>
            <ns3:cad>93</ns3:cad>
          </ns3:TrackPointExtension>
        </extensions>
      </trkpt>
      <trkpt lat="30.75282965786755084991455078125" lon="108.4451036341488361358642578125">
        <ele>429</ele>
        <time>2026-06-16T13:55:08.000Z</time>
        <extensions>
          <ns3:TrackPointExtension>
            <ns3:hr>139</ns3:hr>
            <ns3:cad>93</ns3:cad>
          </ns3:TrackPointExtension>
        </extensions>
      </trkpt>
      <trkpt lat="30.75281088240444660186767578125" lon="108.44510589726269245147705078125">
        <ele>429</ele>
        <time>2026-06-16T13:55:09.000Z</time>
        <extensions>
          <ns3:TrackPointExtension>
            <ns3:hr>139</ns3:hr>
            <ns3:cad>92</ns3:cad>
          </ns3:TrackPointExtension>
        </extensions>
      </trkpt>
      <trkpt lat="30.75279227457940578460693359375" lon="108.4451083280146121978759765625">
        <ele>429</ele>
        <time>2026-06-16T13:55:10.000Z</time>
        <extensions>
          <ns3:TrackPointExtension>
            <ns3:hr>139</ns3:hr>
            <ns3:cad>92</ns3:cad>
          </ns3:TrackPointExtension>
        </extensions>
      </trkpt>
      <trkpt lat="30.7527749240398406982421875" lon="108.445108495652675628662109375">
        <ele>429</ele>
        <time>2026-06-16T13:55:11.000Z</time>
        <extensions>
          <ns3:TrackPointExtension>
            <ns3:hr>139</ns3:hr>
            <ns3:cad>92</ns3:cad>
          </ns3:TrackPointExtension>
        </extensions>
      </trkpt>
      <trkpt lat="30.75275271199643611907958984375" lon="108.44510673545300960540771484375">
        <ele>429</ele>
        <time>2026-06-16T13:55:12.000Z</time>
        <extensions>
          <ns3:TrackPointExtension>
            <ns3:hr>139</ns3:hr>
            <ns3:cad>92</ns3:cad>
          </ns3:TrackPointExtension>
        </extensions>
      </trkpt>
      <trkpt lat="30.7527378760278224945068359375" lon="108.44510857947170734405517578125">
        <ele>429</ele>
        <time>2026-06-16T13:55:13.000Z</time>
        <extensions>
          <ns3:TrackPointExtension>
            <ns3:hr>140</ns3:hr>
            <ns3:cad>92</ns3:cad>
          </ns3:TrackPointExtension>
        </extensions>
      </trkpt>
      <trkpt lat="30.75271432287991046905517578125" lon="108.44510505907237529754638671875">
        <ele>428.79998779296875</ele>
        <time>2026-06-16T13:55:14.000Z</time>
        <extensions>
          <ns3:TrackPointExtension>
            <ns3:hr>140</ns3:hr>
            <ns3:cad>91</ns3:cad>
          </ns3:TrackPointExtension>
        </extensions>
      </trkpt>
      <trkpt lat="30.7526986487209796905517578125" lon="108.44510556198656558990478515625">
        <ele>428.79998779296875</ele>
        <time>2026-06-16T13:55:15.000Z</time>
        <extensions>
          <ns3:TrackPointExtension>
            <ns3:hr>141</ns3:hr>
            <ns3:cad>92</ns3:cad>
          </ns3:TrackPointExtension>
        </extensions>
      </trkpt>
      <trkpt lat="30.75267341919243335723876953125" lon="108.44510355032980442047119140625">
        <ele>428.79998779296875</ele>
        <time>2026-06-16T13:55:16.000Z</time>
        <extensions>
          <ns3:TrackPointExtension>
            <ns3:hr>141</ns3:hr>
            <ns3:cad>92</ns3:cad>
          </ns3:TrackPointExtension>
        </extensions>
      </trkpt>
      <trkpt lat="30.75265397317707538604736328125" lon="108.44510438852012157440185546875">
        <ele>428.79998779296875</ele>
        <time>2026-06-16T13:55:17.000Z</time>
        <extensions>
          <ns3:TrackPointExtension>
            <ns3:hr>142</ns3:hr>
            <ns3:cad>93</ns3:cad>
          </ns3:TrackPointExtension>
        </extensions>
      </trkpt>
      <trkpt lat="30.75262815691530704498291015625" lon="108.44509818591177463531494140625">
        <ele>429</ele>
        <time>2026-06-16T13:55:18.000Z</time>
        <extensions>
          <ns3:TrackPointExtension>
            <ns3:hr>142</ns3:hr>
            <ns3:cad>93</ns3:cad>
          </ns3:TrackPointExtension>
        </extensions>
      </trkpt>
      <trkpt lat="30.7526111416518688201904296875" lon="108.44510614871978759765625">
        <ele>429.20001220703125</ele>
        <time>2026-06-16T13:55:19.000Z</time>
        <extensions>
          <ns3:TrackPointExtension>
            <ns3:hr>142</ns3:hr>
            <ns3:cad>94</ns3:cad>
          </ns3:TrackPointExtension>
        </extensions>
      </trkpt>
      <trkpt lat="30.752593539655208587646484375" lon="108.44510547816753387451171875">
        <ele>429.20001220703125</ele>
        <time>2026-06-16T13:55:20.000Z</time>
        <extensions>
          <ns3:TrackPointExtension>
            <ns3:hr>142</ns3:hr>
            <ns3:cad>94</ns3:cad>
          </ns3:TrackPointExtension>
        </extensions>
      </trkpt>
      <trkpt lat="30.752573423087596893310546875" lon="108.4451053105294704437255859375">
        <ele>429.20001220703125</ele>
        <time>2026-06-16T13:55:21.000Z</time>
        <extensions>
          <ns3:TrackPointExtension>
            <ns3:hr>142</ns3:hr>
            <ns3:cad>94</ns3:cad>
          </ns3:TrackPointExtension>
        </extensions>
      </trkpt>
      <trkpt lat="30.7525549829006195068359375" lon="108.44510053284466266632080078125">
        <ele>429.20001220703125</ele>
        <time>2026-06-16T13:55:22.000Z</time>
        <extensions>
          <ns3:TrackPointExtension>
            <ns3:hr>142</ns3:hr>
            <ns3:cad>92</ns3:cad>
          </ns3:TrackPointExtension>
        </extensions>
      </trkpt>
      <trkpt lat="30.75252824462950229644775390625" lon="108.44510279595851898193359375">
        <ele>429.20001220703125</ele>
        <time>2026-06-16T13:55:23.000Z</time>
        <extensions>
          <ns3:TrackPointExtension>
            <ns3:hr>141</ns3:hr>
            <ns3:cad>92</ns3:cad>
          </ns3:TrackPointExtension>
        </extensions>
      </trkpt>
      <trkpt lat="30.75250737369060516357421875" lon="108.44510053284466266632080078125">
        <ele>429.20001220703125</ele>
        <time>2026-06-16T13:55:24.000Z</time>
        <extensions>
          <ns3:TrackPointExtension>
            <ns3:hr>142</ns3:hr>
            <ns3:cad>92</ns3:cad>
          </ns3:TrackPointExtension>
        </extensions>
      </trkpt>
      <trkpt lat="30.75248247943818569183349609375" lon="108.44510220922529697418212890625">
        <ele>429</ele>
        <time>2026-06-16T13:55:25.000Z</time>
        <extensions>
          <ns3:TrackPointExtension>
            <ns3:hr>142</ns3:hr>
            <ns3:cad>92</ns3:cad>
          </ns3:TrackPointExtension>
        </extensions>
      </trkpt>
      <trkpt lat="30.75246722437441349029541015625" lon="108.4450975991785526275634765625">
        <ele>429</ele>
        <time>2026-06-16T13:55:26.000Z</time>
        <extensions>
          <ns3:TrackPointExtension>
            <ns3:hr>142</ns3:hr>
            <ns3:cad>92</ns3:cad>
          </ns3:TrackPointExtension>
        </extensions>
      </trkpt>
      <trkpt lat="30.75244300067424774169921875" lon="108.445095755159854888916015625">
        <ele>429</ele>
        <time>2026-06-16T13:55:27.000Z</time>
        <extensions>
          <ns3:TrackPointExtension>
            <ns3:hr>143</ns3:hr>
            <ns3:cad>94</ns3:cad>
          </ns3:TrackPointExtension>
        </extensions>
      </trkpt>
      <trkpt lat="30.75242514722049236297607421875" lon="108.4450972639024257659912109375">
        <ele>429</ele>
        <time>2026-06-16T13:55:28.000Z</time>
        <extensions>
          <ns3:TrackPointExtension>
            <ns3:hr>143</ns3:hr>
            <ns3:cad>94</ns3:cad>
          </ns3:TrackPointExtension>
        </extensions>
      </trkpt>
      <trkpt lat="30.75239983387291431427001953125" lon="108.4450967609882354736328125">
        <ele>429</ele>
        <time>2026-06-16T13:55:29.000Z</time>
        <extensions>
          <ns3:TrackPointExtension>
            <ns3:hr>144</ns3:hr>
            <ns3:cad>93</ns3:cad>
          </ns3:TrackPointExtension>
        </extensions>
      </trkpt>
      <trkpt lat="30.752382315695285797119140625" lon="108.44510287977755069732666015625">
        <ele>429</ele>
        <time>2026-06-16T13:55:30.000Z</time>
        <extensions>
          <ns3:TrackPointExtension>
            <ns3:hr>144</ns3:hr>
            <ns3:cad>92</ns3:cad>
          </ns3:TrackPointExtension>
        </extensions>
      </trkpt>
      <trkpt lat="30.75235675089061260223388671875" lon="108.44510774128139019012451171875">
        <ele>429.20001220703125</ele>
        <time>2026-06-16T13:55:31.000Z</time>
        <extensions>
          <ns3:TrackPointExtension>
            <ns3:hr>145</ns3:hr>
            <ns3:cad>92</ns3:cad>
          </ns3:TrackPointExtension>
        </extensions>
      </trkpt>
      <trkpt lat="30.75234116055071353912353515625" lon="108.445113189518451690673828125">
        <ele>429.20001220703125</ele>
        <time>2026-06-16T13:55:32.000Z</time>
        <extensions>
          <ns3:TrackPointExtension>
            <ns3:hr>145</ns3:hr>
            <ns3:cad>92</ns3:cad>
          </ns3:TrackPointExtension>
        </extensions>
      </trkpt>
      <trkpt lat="30.752317942678928375244140625" lon="108.4451100043952465057373046875">
        <ele>429.20001220703125</ele>
        <time>2026-06-16T13:55:33.000Z</time>
        <extensions>
          <ns3:TrackPointExtension>
            <ns3:hr>146</ns3:hr>
            <ns3:cad>92</ns3:cad>
          </ns3:TrackPointExtension>
        </extensions>
      </trkpt>
      <trkpt lat="30.752298831939697265625" lon="108.4451101720333099365234375">
        <ele>429.20001220703125</ele>
        <time>2026-06-16T13:55:34.000Z</time>
        <extensions>
          <ns3:TrackPointExtension>
            <ns3:hr>146</ns3:hr>
            <ns3:cad>92</ns3:cad>
          </ns3:TrackPointExtension>
        </extensions>
      </trkpt>
      <trkpt lat="30.7522748596966266632080078125" lon="108.44510489143431186676025390625">
        <ele>429.20001220703125</ele>
        <time>2026-06-16T13:55:35.000Z</time>
        <extensions>
          <ns3:TrackPointExtension>
            <ns3:hr>147</ns3:hr>
            <ns3:cad>92</ns3:cad>
          </ns3:TrackPointExtension>
        </extensions>
      </trkpt>
      <trkpt lat="30.7522577606141567230224609375" lon="108.44510774128139019012451171875">
        <ele>429.20001220703125</ele>
        <time>2026-06-16T13:55:36.000Z</time>
        <extensions>
          <ns3:TrackPointExtension>
            <ns3:hr>147</ns3:hr>
            <ns3:cad>92</ns3:cad>
          </ns3:TrackPointExtension>
        </extensions>
      </trkpt>
      <trkpt lat="30.75223781168460845947265625" lon="108.44510606490075588226318359375">
        <ele>429.20001220703125</ele>
        <time>2026-06-16T13:55:37.000Z</time>
        <extensions>
          <ns3:TrackPointExtension>
            <ns3:hr>147</ns3:hr>
            <ns3:cad>92</ns3:cad>
          </ns3:TrackPointExtension>
        </extensions>
      </trkpt>
      <trkpt lat="30.7522202096879482269287109375" lon="108.445109836757183074951171875">
        <ele>429.20001220703125</ele>
        <time>2026-06-16T13:55:38.000Z</time>
        <extensions>
          <ns3:TrackPointExtension>
            <ns3:hr>147</ns3:hr>
            <ns3:cad>92</ns3:cad>
          </ns3:TrackPointExtension>
        </extensions>
      </trkpt>
      <trkpt lat="30.75220051221549510955810546875" lon="108.445111177861690521240234375">
        <ele>429.399993896484375</ele>
        <time>2026-06-16T13:55:39.000Z</time>
        <extensions>
          <ns3:TrackPointExtension>
            <ns3:hr>147</ns3:hr>
            <ns3:cad>92</ns3:cad>
          </ns3:TrackPointExtension>
        </extensions>
      </trkpt>
      <trkpt lat="30.7521850056946277618408203125" lon="108.445114195346832275390625">
        <ele>429.399993896484375</ele>
        <time>2026-06-16T13:55:40.000Z</time>
        <extensions>
          <ns3:TrackPointExtension>
            <ns3:hr>148</ns3:hr>
            <ns3:cad>93</ns3:cad>
          </ns3:TrackPointExtension>
        </extensions>
      </trkpt>
      <trkpt lat="30.7521638832986354827880859375" lon="108.44511411152780055999755859375">
        <ele>429.399993896484375</ele>
        <time>2026-06-16T13:55:41.000Z</time>
        <extensions>
          <ns3:TrackPointExtension>
            <ns3:hr>147</ns3:hr>
            <ns3:cad>92</ns3:cad>
          </ns3:TrackPointExtension>
        </extensions>
      </trkpt>
      <trkpt lat="30.75214351527392864227294921875" lon="108.4451155364513397216796875">
        <ele>429.399993896484375</ele>
        <time>2026-06-16T13:55:42.000Z</time>
        <extensions>
          <ns3:TrackPointExtension>
            <ns3:hr>146</ns3:hr>
            <ns3:cad>93</ns3:cad>
          </ns3:TrackPointExtension>
        </extensions>
      </trkpt>
      <trkpt lat="30.75212323106825351715087890625" lon="108.44511620700359344482421875">
        <ele>429</ele>
        <time>2026-06-16T13:55:43.000Z</time>
        <extensions>
          <ns3:TrackPointExtension>
            <ns3:hr>146</ns3:hr>
            <ns3:cad>93</ns3:cad>
          </ns3:TrackPointExtension>
        </extensions>
      </trkpt>
      <trkpt lat="30.75210328213870525360107421875" lon="108.44511813484132289886474609375">
        <ele>429.20001220703125</ele>
        <time>2026-06-16T13:55:44.000Z</time>
        <extensions>
          <ns3:TrackPointExtension>
            <ns3:hr>146</ns3:hr>
            <ns3:cad>93</ns3:cad>
          </ns3:TrackPointExtension>
        </extensions>
      </trkpt>
      <trkpt lat="30.7520860992372035980224609375" lon="108.44512157142162322998046875">
        <ele>429.20001220703125</ele>
        <time>2026-06-16T13:55:45.000Z</time>
        <extensions>
          <ns3:TrackPointExtension>
            <ns3:hr>146</ns3:hr>
            <ns3:cad>93</ns3:cad>
          </ns3:TrackPointExtension>
        </extensions>
      </trkpt>
      <trkpt lat="30.75206690467894077301025390625" lon="108.44512718729674816131591796875">
        <ele>429.20001220703125</ele>
        <time>2026-06-16T13:55:46.000Z</time>
        <extensions>
          <ns3:TrackPointExtension>
            <ns3:hr>147</ns3:hr>
            <ns3:cad>93</ns3:cad>
          </ns3:TrackPointExtension>
        </extensions>
      </trkpt>
      <trkpt lat="30.7520482130348682403564453125" lon="108.445133306086063385009765625">
        <ele>429.399993896484375</ele>
        <time>2026-06-16T13:55:47.000Z</time>
        <extensions>
          <ns3:TrackPointExtension>
            <ns3:hr>146</ns3:hr>
            <ns3:cad>93</ns3:cad>
          </ns3:TrackPointExtension>
        </extensions>
      </trkpt>
      <trkpt lat="30.7520270906388759613037109375" lon="108.44513623975217342376708984375">
        <ele>429.600006103515625</ele>
        <time>2026-06-16T13:55:48.000Z</time>
        <extensions>
          <ns3:TrackPointExtension>
            <ns3:hr>146</ns3:hr>
            <ns3:cad>91</ns3:cad>
          </ns3:TrackPointExtension>
        </extensions>
      </trkpt>
      <trkpt lat="30.7520109973847866058349609375" lon="108.445141017436981201171875">
        <ele>429.600006103515625</ele>
        <time>2026-06-16T13:55:49.000Z</time>
        <extensions>
          <ns3:TrackPointExtension>
            <ns3:hr>145</ns3:hr>
            <ns3:cad>91</ns3:cad>
          </ns3:TrackPointExtension>
        </extensions>
      </trkpt>
      <trkpt lat="30.75198970735073089599609375" lon="108.445135988295078277587890625">
        <ele>429.600006103515625</ele>
        <time>2026-06-16T13:55:50.000Z</time>
        <extensions>
          <ns3:TrackPointExtension>
            <ns3:hr>145</ns3:hr>
            <ns3:cad>91</ns3:cad>
          </ns3:TrackPointExtension>
        </extensions>
      </trkpt>
      <trkpt lat="30.75197386555373668670654296875" lon="108.445132635533809661865234375">
        <ele>429.600006103515625</ele>
        <time>2026-06-16T13:55:51.000Z</time>
        <extensions>
          <ns3:TrackPointExtension>
            <ns3:hr>145</ns3:hr>
            <ns3:cad>93</ns3:cad>
          </ns3:TrackPointExtension>
        </extensions>
      </trkpt>
      <trkpt lat="30.75195291079580783843994140625" lon="108.44512534327805042266845703125">
        <ele>429.20001220703125</ele>
        <time>2026-06-16T13:55:52.000Z</time>
        <extensions>
          <ns3:TrackPointExtension>
            <ns3:hr>144</ns3:hr>
            <ns3:cad>93</ns3:cad>
          </ns3:TrackPointExtension>
        </extensions>
      </trkpt>
      <trkpt lat="30.7519348897039890289306640625" lon="108.44512416981160640716552734375">
        <ele>429.20001220703125</ele>
        <time>2026-06-16T13:55:53.000Z</time>
        <extensions>
          <ns3:TrackPointExtension>
            <ns3:hr>144</ns3:hr>
            <ns3:cad>93</ns3:cad>
          </ns3:TrackPointExtension>
        </extensions>
      </trkpt>
      <trkpt lat="30.75191100127995014190673828125" lon="108.445123247802257537841796875">
        <ele>429.20001220703125</ele>
        <time>2026-06-16T13:55:54.000Z</time>
        <extensions>
          <ns3:TrackPointExtension>
            <ns3:hr>144</ns3:hr>
            <ns3:cad>93</ns3:cad>
          </ns3:TrackPointExtension>
        </extensions>
      </trkpt>
      <trkpt lat="30.751891471445560455322265625" lon="108.44512316398322582244873046875">
        <ele>429</ele>
        <time>2026-06-16T13:55:55.000Z</time>
        <extensions>
          <ns3:TrackPointExtension>
            <ns3:hr>144</ns3:hr>
            <ns3:cad>93</ns3:cad>
          </ns3:TrackPointExtension>
        </extensions>
      </trkpt>
      <trkpt lat="30.75186892412602901458740234375" lon="108.445123247802257537841796875">
        <ele>429</ele>
        <time>2026-06-16T13:55:56.000Z</time>
        <extensions>
          <ns3:TrackPointExtension>
            <ns3:hr>143</ns3:hr>
            <ns3:cad>93</ns3:cad>
          </ns3:TrackPointExtension>
        </extensions>
      </trkpt>
      <trkpt lat="30.7518473826348781585693359375" lon="108.445130623877048492431640625">
        <ele>429</ele>
        <time>2026-06-16T13:55:57.000Z</time>
        <extensions>
          <ns3:TrackPointExtension>
            <ns3:hr>143</ns3:hr>
            <ns3:cad>93</ns3:cad>
          </ns3:TrackPointExtension>
        </extensions>
      </trkpt>
      <trkpt lat="30.7518269307911396026611328125" lon="108.445142693817615509033203125">
        <ele>429.20001220703125</ele>
        <time>2026-06-16T13:55:58.000Z</time>
        <extensions>
          <ns3:TrackPointExtension>
            <ns3:hr>144</ns3:hr>
            <ns3:cad>93</ns3:cad>
          </ns3:TrackPointExtension>
        </extensions>
      </trkpt>
      <trkpt lat="30.75181678868830204010009765625" lon="108.4451666660606861114501953125">
        <ele>429.20001220703125</ele>
        <time>2026-06-16T13:55:59.000Z</time>
        <extensions>
          <ns3:TrackPointExtension>
            <ns3:hr>144</ns3:hr>
            <ns3:cad>93</ns3:cad>
          </ns3:TrackPointExtension>
        </extensions>
      </trkpt>
      <trkpt lat="30.75180991552770137786865234375" lon="108.4451827593147754669189453125">
        <ele>429.399993896484375</ele>
        <time>2026-06-16T13:56:00.000Z</time>
        <extensions>
          <ns3:TrackPointExtension>
            <ns3:hr>144</ns3:hr>
            <ns3:cad>93</ns3:cad>
          </ns3:TrackPointExtension>
        </extensions>
      </trkpt>
      <trkpt lat="30.7517984323203563690185546875" lon="108.44520270824432373046875">
        <ele>429.399993896484375</ele>
        <time>2026-06-16T13:56:01.000Z</time>
        <extensions>
          <ns3:TrackPointExtension>
            <ns3:hr>144</ns3:hr>
            <ns3:cad>93</ns3:cad>
          </ns3:TrackPointExtension>
        </extensions>
      </trkpt>
      <trkpt lat="30.75178527273237705230712890625" lon="108.4452156163752079010009765625">
        <ele>429.600006103515625</ele>
        <time>2026-06-16T13:56:02.000Z</time>
        <extensions>
          <ns3:TrackPointExtension>
            <ns3:hr>144</ns3:hr>
            <ns3:cad>93</ns3:cad>
          </ns3:TrackPointExtension>
        </extensions>
      </trkpt>
      <trkpt lat="30.7517659105360507965087890625" lon="108.44522961415350437164306640625">
        <ele>429.600006103515625</ele>
        <time>2026-06-16T13:56:03.000Z</time>
        <extensions>
          <ns3:TrackPointExtension>
            <ns3:hr>144</ns3:hr>
            <ns3:cad>93</ns3:cad>
          </ns3:TrackPointExtension>
        </extensions>
      </trkpt>
      <trkpt lat="30.75176096521317958831787109375" lon="108.44524570740759372711181640625">
        <ele>429.600006103515625</ele>
        <time>2026-06-16T13:56:04.000Z</time>
        <extensions>
          <ns3:TrackPointExtension>
            <ns3:hr>144</ns3:hr>
            <ns3:cad>93</ns3:cad>
          </ns3:TrackPointExtension>
        </extensions>
      </trkpt>
      <trkpt lat="30.75174470432102680206298828125" lon="108.44526330940425395965576171875">
        <ele>429.600006103515625</ele>
        <time>2026-06-16T13:56:05.000Z</time>
        <extensions>
          <ns3:TrackPointExtension>
            <ns3:hr>144</ns3:hr>
            <ns3:cad>93</ns3:cad>
          </ns3:TrackPointExtension>
        </extensions>
      </trkpt>
      <trkpt lat="30.75173632241785526275634765625" lon="108.44528057612478733062744140625">
        <ele>429.600006103515625</ele>
        <time>2026-06-16T13:56:06.000Z</time>
        <extensions>
          <ns3:TrackPointExtension>
            <ns3:hr>144</ns3:hr>
            <ns3:cad>93</ns3:cad>
          </ns3:TrackPointExtension>
        </extensions>
      </trkpt>
      <trkpt lat="30.75171469710767269134521484375" lon="108.44530153088271617889404296875">
        <ele>429.600006103515625</ele>
        <time>2026-06-16T13:56:07.000Z</time>
        <extensions>
          <ns3:TrackPointExtension>
            <ns3:hr>143</ns3:hr>
            <ns3:cad>91</ns3:cad>
          </ns3:TrackPointExtension>
        </extensions>
      </trkpt>
      <trkpt lat="30.75170313008129596710205078125" lon="108.44532315619289875030517578125">
        <ele>429.600006103515625</ele>
        <time>2026-06-16T13:56:08.000Z</time>
        <extensions>
          <ns3:TrackPointExtension>
            <ns3:hr>143</ns3:hr>
            <ns3:cad>91</ns3:cad>
          </ns3:TrackPointExtension>
        </extensions>
      </trkpt>
      <trkpt lat="30.751682259142398834228515625" lon="108.44534025527536869049072265625">
        <ele>429.600006103515625</ele>
        <time>2026-06-16T13:56:09.000Z</time>
        <extensions>
          <ns3:TrackPointExtension>
            <ns3:hr>143</ns3:hr>
            <ns3:cad>92</ns3:cad>
          </ns3:TrackPointExtension>
        </extensions>
      </trkpt>
      <trkpt lat="30.7516703568398952484130859375" lon="108.44535618089139461517333984375">
        <ele>429.79998779296875</ele>
        <time>2026-06-16T13:56:10.000Z</time>
        <extensions>
          <ns3:TrackPointExtension>
            <ns3:hr>143</ns3:hr>
            <ns3:cad>93</ns3:cad>
          </ns3:TrackPointExtension>
        </extensions>
      </trkpt>
      <trkpt lat="30.75165451504290103912353515625" lon="108.445370681583881378173828125">
        <ele>429.79998779296875</ele>
        <time>2026-06-16T13:56:11.000Z</time>
        <extensions>
          <ns3:TrackPointExtension>
            <ns3:hr>143</ns3:hr>
            <ns3:cad>93</ns3:cad>
          </ns3:TrackPointExtension>
        </extensions>
      </trkpt>
      <trkpt lat="30.7516435347497463226318359375" lon="108.445388786494731903076171875">
        <ele>429.79998779296875</ele>
        <time>2026-06-16T13:56:12.000Z</time>
        <extensions>
          <ns3:TrackPointExtension>
            <ns3:hr>142</ns3:hr>
            <ns3:cad>93</ns3:cad>
          </ns3:TrackPointExtension>
        </extensions>
      </trkpt>
      <trkpt lat="30.75163020752370357513427734375" lon="108.44540722668170928955078125">
        <ele>429.79998779296875</ele>
        <time>2026-06-16T13:56:13.000Z</time>
        <extensions>
          <ns3:TrackPointExtension>
            <ns3:hr>143</ns3:hr>
            <ns3:cad>93</ns3:cad>
          </ns3:TrackPointExtension>
        </extensions>
      </trkpt>
      <trkpt lat="30.75162132270634174346923828125" lon="108.44543136656284332275390625">
        <ele>429.79998779296875</ele>
        <time>2026-06-16T13:56:14.000Z</time>
        <extensions>
          <ns3:TrackPointExtension>
            <ns3:hr>143</ns3:hr>
            <ns3:cad>93</ns3:cad>
          </ns3:TrackPointExtension>
        </extensions>
      </trkpt>
      <trkpt lat="30.75161227025091648101806640625" lon="108.4454523213207721710205078125">
        <ele>429.79998779296875</ele>
        <time>2026-06-16T13:56:15.000Z</time>
        <extensions>
          <ns3:TrackPointExtension>
            <ns3:hr>143</ns3:hr>
            <ns3:cad>93</ns3:cad>
          </ns3:TrackPointExtension>
        </extensions>
      </trkpt>
      <trkpt lat="30.75160673819482326507568359375" lon="108.44548098742961883544921875">
        <ele>429.79998779296875</ele>
        <time>2026-06-16T13:56:16.000Z</time>
        <extensions>
          <ns3:TrackPointExtension>
            <ns3:hr>143</ns3:hr>
            <ns3:cad>93</ns3:cad>
          </ns3:TrackPointExtension>
        </extensions>
      </trkpt>
      <trkpt lat="30.751602463424205780029296875" lon="108.44550311565399169921875">
        <ele>429.79998779296875</ele>
        <time>2026-06-16T13:56:17.000Z</time>
        <extensions>
          <ns3:TrackPointExtension>
            <ns3:hr>144</ns3:hr>
            <ns3:cad>93</ns3:cad>
          </ns3:TrackPointExtension>
        </extensions>
      </trkpt>
      <trkpt lat="30.75159902684390544891357421875" lon="108.4455312788486480712890625">
        <ele>429.79998779296875</ele>
        <time>2026-06-16T13:56:18.000Z</time>
        <extensions>
          <ns3:TrackPointExtension>
            <ns3:hr>146</ns3:hr>
            <ns3:cad>92</ns3:cad>
          </ns3:TrackPointExtension>
        </extensions>
      </trkpt>
      <trkpt lat="30.7515952549874782562255859375" lon="108.44555717892944812774658203125">
        <ele>430</ele>
        <time>2026-06-16T13:56:19.000Z</time>
        <extensions>
          <ns3:TrackPointExtension>
            <ns3:hr>147</ns3:hr>
            <ns3:cad>92</ns3:cad>
          </ns3:TrackPointExtension>
        </extensions>
      </trkpt>
      <trkpt lat="30.7515902258455753326416015625" lon="108.445585258305072784423828125">
        <ele>430</ele>
        <time>2026-06-16T13:56:20.000Z</time>
        <extensions>
          <ns3:TrackPointExtension>
            <ns3:hr>148</ns3:hr>
            <ns3:cad>92</ns3:cad>
          </ns3:TrackPointExtension>
        </extensions>
      </trkpt>
      <trkpt lat="30.75158997438848018646240234375" lon="108.44560579396784305572509765625">
        <ele>429.79998779296875</ele>
        <time>2026-06-16T13:56:21.000Z</time>
        <extensions>
          <ns3:TrackPointExtension>
            <ns3:hr>149</ns3:hr>
            <ns3:cad>92</ns3:cad>
          </ns3:TrackPointExtension>
        </extensions>
      </trkpt>
      <trkpt lat="30.75158980675041675567626953125" lon="108.44563194550573825836181640625">
        <ele>429.79998779296875</ele>
        <time>2026-06-16T13:56:22.000Z</time>
        <extensions>
          <ns3:TrackPointExtension>
            <ns3:hr>150</ns3:hr>
            <ns3:cad>92</ns3:cad>
          </ns3:TrackPointExtension>
        </extensions>
      </trkpt>
      <trkpt lat="30.7515915669500827789306640625" lon="108.44564988277852535247802734375">
        <ele>429.79998779296875</ele>
        <time>2026-06-16T13:56:23.000Z</time>
        <extensions>
          <ns3:TrackPointExtension>
            <ns3:hr>150</ns3:hr>
            <ns3:cad>91</ns3:cad>
          </ns3:TrackPointExtension>
        </extensions>
      </trkpt>
      <trkpt lat="30.75158712454140186309814453125" lon="108.4456725977361202239990234375">
        <ele>429.79998779296875</ele>
        <time>2026-06-16T13:56:24.000Z</time>
        <extensions>
          <ns3:TrackPointExtension>
            <ns3:hr>150</ns3:hr>
            <ns3:cad>91</ns3:cad>
          </ns3:TrackPointExtension>
        </extensions>
      </trkpt>
      <trkpt lat="30.751587040722370147705078125" lon="108.44569698907434940338134765625">
        <ele>429.79998779296875</ele>
        <time>2026-06-16T13:56:25.000Z</time>
        <extensions>
          <ns3:TrackPointExtension>
            <ns3:hr>150</ns3:hr>
            <ns3:cad>91</ns3:cad>
          </ns3:TrackPointExtension>
        </extensions>
      </trkpt>
      <trkpt lat="30.7515868730843067169189453125" lon="108.44571978785097599029541015625">
        <ele>430</ele>
        <time>2026-06-16T13:56:26.000Z</time>
        <extensions>
          <ns3:TrackPointExtension>
            <ns3:hr>149</ns3:hr>
            <ns3:cad>92</ns3:cad>
          </ns3:TrackPointExtension>
        </extensions>
      </trkpt>
      <trkpt lat="30.751591734588146209716796875" lon="108.44574426300823688507080078125">
        <ele>430</ele>
        <time>2026-06-16T13:56:27.000Z</time>
        <extensions>
          <ns3:TrackPointExtension>
            <ns3:hr>149</ns3:hr>
            <ns3:cad>92</ns3:cad>
          </ns3:TrackPointExtension>
        </extensions>
      </trkpt>
      <trkpt lat="30.7515908963978290557861328125" lon="108.4457654692232608795166015625">
        <ele>430</ele>
        <time>2026-06-16T13:56:28.000Z</time>
        <extensions>
          <ns3:TrackPointExtension>
            <ns3:hr>149</ns3:hr>
            <ns3:cad>93</ns3:cad>
          </ns3:TrackPointExtension>
        </extensions>
      </trkpt>
      <trkpt lat="30.7515959255397319793701171875" lon="108.4457875974476337432861328125">
        <ele>430</ele>
        <time>2026-06-16T13:56:29.000Z</time>
        <extensions>
          <ns3:TrackPointExtension>
            <ns3:hr>148</ns3:hr>
            <ns3:cad>93</ns3:cad>
          </ns3:TrackPointExtension>
        </extensions>
      </trkpt>
      <trkpt lat="30.75160036794841289520263671875" lon="108.44580746255815029144287109375">
        <ele>430</ele>
        <time>2026-06-16T13:56:30.000Z</time>
        <extensions>
          <ns3:TrackPointExtension>
            <ns3:hr>148</ns3:hr>
            <ns3:cad>93</ns3:cad>
          </ns3:TrackPointExtension>
        </extensions>
      </trkpt>
      <trkpt lat="30.75160690583288669586181640625" lon="108.4458311833441257476806640625">
        <ele>430</ele>
        <time>2026-06-16T13:56:31.000Z</time>
        <extensions>
          <ns3:TrackPointExtension>
            <ns3:hr>147</ns3:hr>
            <ns3:cad>93</ns3:cad>
          </ns3:TrackPointExtension>
        </extensions>
      </trkpt>
      <trkpt lat="30.7516147010028362274169921875" lon="108.445852138102054595947265625">
        <ele>430</ele>
        <time>2026-06-16T13:56:32.000Z</time>
        <extensions>
          <ns3:TrackPointExtension>
            <ns3:hr>147</ns3:hr>
            <ns3:cad>92</ns3:cad>
          </ns3:TrackPointExtension>
        </extensions>
      </trkpt>
      <trkpt lat="30.751621238887310028076171875" lon="108.445879630744457244873046875">
        <ele>430.20001220703125</ele>
        <time>2026-06-16T13:56:33.000Z</time>
        <extensions>
          <ns3:TrackPointExtension>
            <ns3:hr>146</ns3:hr>
            <ns3:cad>92</ns3:cad>
          </ns3:TrackPointExtension>
        </extensions>
      </trkpt>
      <trkpt lat="30.751628614962100982666015625" lon="108.44590217806398868560791015625">
        <ele>430.20001220703125</ele>
        <time>2026-06-16T13:56:34.000Z</time>
        <extensions>
          <ns3:TrackPointExtension>
            <ns3:hr>145</ns3:hr>
            <ns3:cad>92</ns3:cad>
          </ns3:TrackPointExtension>
        </extensions>
      </trkpt>
      <trkpt lat="30.75164026580750942230224609375" lon="108.44592866487801074981689453125">
        <ele>430.20001220703125</ele>
        <time>2026-06-16T13:56:35.000Z</time>
        <extensions>
          <ns3:TrackPointExtension>
            <ns3:hr>145</ns3:hr>
            <ns3:cad>92</ns3:cad>
          </ns3:TrackPointExtension>
        </extensions>
      </trkpt>
      <trkpt lat="30.751650743186473846435546875" lon="108.44594500958919525146484375">
        <ele>430.20001220703125</ele>
        <time>2026-06-16T13:56:36.000Z</time>
        <extensions>
          <ns3:TrackPointExtension>
            <ns3:hr>143</ns3:hr>
            <ns3:cad>92</ns3:cad>
          </ns3:TrackPointExtension>
        </extensions>
      </trkpt>
      <trkpt lat="30.7516663335263729095458984375" lon="108.44596621580421924591064453125">
        <ele>430.20001220703125</ele>
        <time>2026-06-16T13:56:37.000Z</time>
        <extensions>
          <ns3:TrackPointExtension>
            <ns3:hr>142</ns3:hr>
            <ns3:cad>92</ns3:cad>
          </ns3:TrackPointExtension>
        </extensions>
      </trkpt>
      <trkpt lat="30.75167982839047908782958984375" lon="108.44598080031573772430419921875">
        <ele>430.20001220703125</ele>
        <time>2026-06-16T13:56:38.000Z</time>
        <extensions>
          <ns3:TrackPointExtension>
            <ns3:hr>142</ns3:hr>
            <ns3:cad>92</ns3:cad>
          </ns3:TrackPointExtension>
        </extensions>
      </trkpt>
      <trkpt lat="30.751695670187473297119140625" lon="108.4460035152733325958251953125">
        <ele>430.20001220703125</ele>
        <time>2026-06-16T13:56:39.000Z</time>
        <extensions>
          <ns3:TrackPointExtension>
            <ns3:hr>141</ns3:hr>
            <ns3:cad>92</ns3:cad>
          </ns3:TrackPointExtension>
        </extensions>
      </trkpt>
      <trkpt lat="30.7517115958034992218017578125" lon="108.4460182674229145050048828125">
        <ele>430.399993896484375</ele>
        <time>2026-06-16T13:56:40.000Z</time>
        <extensions>
          <ns3:TrackPointExtension>
            <ns3:hr>141</ns3:hr>
            <ns3:cad>92</ns3:cad>
          </ns3:TrackPointExtension>
        </extensions>
      </trkpt>
      <trkpt lat="30.75172810815274715423583984375" lon="108.44604098238050937652587890625">
        <ele>430.399993896484375</ele>
        <time>2026-06-16T13:56:41.000Z</time>
        <extensions>
          <ns3:TrackPointExtension>
            <ns3:hr>141</ns3:hr>
            <ns3:cad>92</ns3:cad>
          </ns3:TrackPointExtension>
        </extensions>
      </trkpt>
      <trkpt lat="30.7517451234161853790283203125" lon="108.446048609912395477294921875">
        <ele>430.399993896484375</ele>
        <time>2026-06-16T13:56:42.000Z</time>
        <extensions>
          <ns3:TrackPointExtension>
            <ns3:hr>141</ns3:hr>
            <ns3:cad>92</ns3:cad>
          </ns3:TrackPointExtension>
        </extensions>
      </trkpt>
      <trkpt lat="30.751759707927703857421875" lon="108.446066044270992279052734375">
        <ele>430.399993896484375</ele>
        <time>2026-06-16T13:56:43.000Z</time>
        <extensions>
          <ns3:TrackPointExtension>
            <ns3:hr>141</ns3:hr>
            <ns3:cad>93</ns3:cad>
          </ns3:TrackPointExtension>
        </extensions>
      </trkpt>
      <trkpt lat="30.75177554972469806671142578125" lon="108.44607300125062465667724609375">
        <ele>430.399993896484375</ele>
        <time>2026-06-16T13:56:44.000Z</time>
        <extensions>
          <ns3:TrackPointExtension>
            <ns3:hr>142</ns3:hr>
            <ns3:cad>93</ns3:cad>
          </ns3:TrackPointExtension>
        </extensions>
      </trkpt>
      <trkpt lat="30.75179046951234340667724609375" lon="108.446090854704380035400390625">
        <ele>430.600006103515625</ele>
        <time>2026-06-16T13:56:45.000Z</time>
        <extensions>
          <ns3:TrackPointExtension>
            <ns3:hr>143</ns3:hr>
            <ns3:cad>93</ns3:cad>
          </ns3:TrackPointExtension>
        </extensions>
      </trkpt>
      <trkpt lat="30.75180589221417903900146484375" lon="108.44610300846397876739501953125">
        <ele>430.600006103515625</ele>
        <time>2026-06-16T13:56:46.000Z</time>
        <extensions>
          <ns3:TrackPointExtension>
            <ns3:hr>144</ns3:hr>
            <ns3:cad>92</ns3:cad>
          </ns3:TrackPointExtension>
        </extensions>
      </trkpt>
      <trkpt lat="30.75182198546826839447021484375" lon="108.44611977227032184600830078125">
        <ele>430.600006103515625</ele>
        <time>2026-06-16T13:56:47.000Z</time>
        <extensions>
          <ns3:TrackPointExtension>
            <ns3:hr>144</ns3:hr>
            <ns3:cad>92</ns3:cad>
          </ns3:TrackPointExtension>
        </extensions>
      </trkpt>
      <trkpt lat="30.75184260495007038116455078125" lon="108.44613083638250827789306640625">
        <ele>430.600006103515625</ele>
        <time>2026-06-16T13:56:48.000Z</time>
        <extensions>
          <ns3:TrackPointExtension>
            <ns3:hr>145</ns3:hr>
            <ns3:cad>93</ns3:cad>
          </ns3:TrackPointExtension>
        </extensions>
      </trkpt>
      <trkpt lat="30.75186020694673061370849609375" lon="108.44614039175212383270263671875">
        <ele>430.600006103515625</ele>
        <time>2026-06-16T13:56:49.000Z</time>
        <extensions>
          <ns3:TrackPointExtension>
            <ns3:hr>145</ns3:hr>
            <ns3:cad>93</ns3:cad>
          </ns3:TrackPointExtension>
        </extensions>
      </trkpt>
      <trkpt lat="30.7518815807998180389404296875" lon="108.4461535513401031494140625">
        <ele>430.600006103515625</ele>
        <time>2026-06-16T13:56:50.000Z</time>
        <extensions>
          <ns3:TrackPointExtension>
            <ns3:hr>146</ns3:hr>
            <ns3:cad>93</ns3:cad>
          </ns3:TrackPointExtension>
        </extensions>
      </trkpt>
      <trkpt lat="30.75189851224422454833984375" lon="108.4461624361574649810791015625">
        <ele>430.600006103515625</ele>
        <time>2026-06-16T13:56:51.000Z</time>
        <extensions>
          <ns3:TrackPointExtension>
            <ns3:hr>146</ns3:hr>
            <ns3:cad>93</ns3:cad>
          </ns3:TrackPointExtension>
        </extensions>
      </trkpt>
      <trkpt lat="30.75191921554505825042724609375" lon="108.446177355945110321044921875">
        <ele>430.600006103515625</ele>
        <time>2026-06-16T13:56:52.000Z</time>
        <extensions>
          <ns3:TrackPointExtension>
            <ns3:hr>146</ns3:hr>
            <ns3:cad>93</ns3:cad>
          </ns3:TrackPointExtension>
        </extensions>
      </trkpt>
      <trkpt lat="30.7519362308084964752197265625" lon="108.446182049810886383056640625">
        <ele>430.600006103515625</ele>
        <time>2026-06-16T13:56:53.000Z</time>
        <extensions>
          <ns3:TrackPointExtension>
            <ns3:hr>146</ns3:hr>
            <ns3:cad>93</ns3:cad>
          </ns3:TrackPointExtension>
        </extensions>
      </trkpt>
      <trkpt lat="30.7519627176225185394287109375" lon="108.44618917442858219146728515625">
        <ele>430.600006103515625</ele>
        <time>2026-06-16T13:56:54.000Z</time>
        <extensions>
          <ns3:TrackPointExtension>
            <ns3:hr>146</ns3:hr>
            <ns3:cad>93</ns3:cad>
          </ns3:TrackPointExtension>
        </extensions>
      </trkpt>
      <trkpt lat="30.75197855941951274871826171875" lon="108.44618464820086956024169921875">
        <ele>430.600006103515625</ele>
        <time>2026-06-16T13:56:55.000Z</time>
        <extensions>
          <ns3:TrackPointExtension>
            <ns3:hr>145</ns3:hr>
            <ns3:cad>93</ns3:cad>
          </ns3:TrackPointExtension>
        </extensions>
      </trkpt>
      <trkpt lat="30.7519999332726001739501953125" lon="108.446190096437931060791015625">
        <ele>430.600006103515625</ele>
        <time>2026-06-16T13:56:56.000Z</time>
        <extensions>
          <ns3:TrackPointExtension>
            <ns3:hr>145</ns3:hr>
            <ns3:cad>93</ns3:cad>
          </ns3:TrackPointExtension>
        </extensions>
      </trkpt>
      <trkpt lat="30.75201678089797496795654296875" lon="108.4461862407624721527099609375">
        <ele>430.79998779296875</ele>
        <time>2026-06-16T13:56:57.000Z</time>
        <extensions>
          <ns3:TrackPointExtension>
            <ns3:hr>144</ns3:hr>
            <ns3:cad>93</ns3:cad>
          </ns3:TrackPointExtension>
        </extensions>
      </trkpt>
      <trkpt lat="30.75203941203653812408447265625" lon="108.44618909060955047607421875">
        <ele>430.79998779296875</ele>
        <time>2026-06-16T13:56:58.000Z</time>
        <extensions>
          <ns3:TrackPointExtension>
            <ns3:hr>143</ns3:hr>
            <ns3:cad>93</ns3:cad>
          </ns3:TrackPointExtension>
        </extensions>
      </trkpt>
      <trkpt lat="30.7520562596619129180908203125" lon="108.4461869113147258758544921875">
        <ele>430.79998779296875</ele>
        <time>2026-06-16T13:56:59.000Z</time>
        <extensions>
          <ns3:TrackPointExtension>
            <ns3:hr>141</ns3:hr>
            <ns3:cad>93</ns3:cad>
          </ns3:TrackPointExtension>
        </extensions>
      </trkpt>
      <trkpt lat="30.752077214419841766357421875" lon="108.44619177281856536865234375">
        <ele>430.79998779296875</ele>
        <time>2026-06-16T13:57:00.000Z</time>
        <extensions>
          <ns3:TrackPointExtension>
            <ns3:hr>140</ns3:hr>
            <ns3:cad>92</ns3:cad>
          </ns3:TrackPointExtension>
        </extensions>
      </trkpt>
      <trkpt lat="30.7520971633493900299072265625" lon="108.44619152136147022247314453125">
        <ele>430.79998779296875</ele>
        <time>2026-06-16T13:57:01.000Z</time>
        <extensions>
          <ns3:TrackPointExtension>
            <ns3:hr>140</ns3:hr>
            <ns3:cad>92</ns3:cad>
          </ns3:TrackPointExtension>
        </extensions>
      </trkpt>
      <trkpt lat="30.75211535207927227020263671875" lon="108.446194119751453399658203125">
        <ele>430.79998779296875</ele>
        <time>2026-06-16T13:57:02.000Z</time>
        <extensions>
          <ns3:TrackPointExtension>
            <ns3:hr>140</ns3:hr>
            <ns3:cad>92</ns3:cad>
          </ns3:TrackPointExtension>
        </extensions>
      </trkpt>
      <trkpt lat="30.75213882140815258026123046875" lon="108.4461905993521213531494140625">
        <ele>430.79998779296875</ele>
        <time>2026-06-16T13:57:03.000Z</time>
        <extensions>
          <ns3:TrackPointExtension>
            <ns3:hr>141</ns3:hr>
            <ns3:cad>93</ns3:cad>
          </ns3:TrackPointExtension>
        </extensions>
      </trkpt>
      <trkpt lat="30.75215944088995456695556640625" lon="108.44619135372340679168701171875">
        <ele>430.79998779296875</ele>
        <time>2026-06-16T13:57:04.000Z</time>
        <extensions>
          <ns3:TrackPointExtension>
            <ns3:hr>141</ns3:hr>
            <ns3:cad>93</ns3:cad>
          </ns3:TrackPointExtension>
        </extensions>
      </trkpt>
      <trkpt lat="30.7521839998662471771240234375" lon="108.4461869113147258758544921875">
        <ele>430.79998779296875</ele>
        <time>2026-06-16T13:57:05.000Z</time>
        <extensions>
          <ns3:TrackPointExtension>
            <ns3:hr>142</ns3:hr>
            <ns3:cad>93</ns3:cad>
          </ns3:TrackPointExtension>
        </extensions>
      </trkpt>
      <trkpt lat="30.7522021047770977020263671875" lon="108.44618213362991809844970703125">
        <ele>430.79998779296875</ele>
        <time>2026-06-16T13:57:06.000Z</time>
        <extensions>
          <ns3:TrackPointExtension>
            <ns3:hr>142</ns3:hr>
            <ns3:cad>92</ns3:cad>
          </ns3:TrackPointExtension>
        </extensions>
      </trkpt>
      <trkpt lat="30.75222481973469257354736328125" lon="108.44617526046931743621826171875">
        <ele>430.79998779296875</ele>
        <time>2026-06-16T13:57:07.000Z</time>
        <extensions>
          <ns3:TrackPointExtension>
            <ns3:hr>142</ns3:hr>
            <ns3:cad>92</ns3:cad>
          </ns3:TrackPointExtension>
        </extensions>
      </trkpt>
      <trkpt lat="30.7522438466548919677734375" lon="108.44617375172674655914306640625">
        <ele>430.79998779296875</ele>
        <time>2026-06-16T13:57:08.000Z</time>
        <extensions>
          <ns3:TrackPointExtension>
            <ns3:hr>142</ns3:hr>
            <ns3:cad>92</ns3:cad>
          </ns3:TrackPointExtension>
        </extensions>
      </trkpt>
      <trkpt lat="30.75226337648928165435791015625" lon="108.44617106951773166656494140625">
        <ele>430.79998779296875</ele>
        <time>2026-06-16T13:57:09.000Z</time>
        <extensions>
          <ns3:TrackPointExtension>
            <ns3:hr>142</ns3:hr>
            <ns3:cad>92</ns3:cad>
          </ns3:TrackPointExtension>
        </extensions>
      </trkpt>
      <trkpt lat="30.752277709543704986572265625" lon="108.446169309318065643310546875">
        <ele>430.79998779296875</ele>
        <time>2026-06-16T13:57:10.000Z</time>
        <extensions>
          <ns3:TrackPointExtension>
            <ns3:hr>142</ns3:hr>
            <ns3:cad>92</ns3:cad>
          </ns3:TrackPointExtension>
        </extensions>
      </trkpt>
      <trkpt lat="30.7523006759583950042724609375" lon="108.446171320974826812744140625">
        <ele>430.79998779296875</ele>
        <time>2026-06-16T13:57:11.000Z</time>
        <extensions>
          <ns3:TrackPointExtension>
            <ns3:hr>142</ns3:hr>
            <ns3:cad>92</ns3:cad>
          </ns3:TrackPointExtension>
        </extensions>
      </trkpt>
      <trkpt lat="30.752315931022167205810546875" lon="108.44616620801389217376708984375">
        <ele>430.79998779296875</ele>
        <time>2026-06-16T13:57:12.000Z</time>
        <extensions>
          <ns3:TrackPointExtension>
            <ns3:hr>142</ns3:hr>
            <ns3:cad>92</ns3:cad>
          </ns3:TrackPointExtension>
        </extensions>
      </trkpt>
      <trkpt lat="30.752340741455554962158203125" lon="108.446167297661304473876953125">
        <ele>430.79998779296875</ele>
        <time>2026-06-16T13:57:13.000Z</time>
        <extensions>
          <ns3:TrackPointExtension>
            <ns3:hr>142</ns3:hr>
            <ns3:cad>93</ns3:cad>
          </ns3:TrackPointExtension>
        </extensions>
      </trkpt>
      <trkpt lat="30.7523566670715808868408203125" lon="108.4461600892245769500732421875">
        <ele>430.79998779296875</ele>
        <time>2026-06-16T13:57:14.000Z</time>
        <extensions>
          <ns3:TrackPointExtension>
            <ns3:hr>142</ns3:hr>
            <ns3:cad>93</ns3:cad>
          </ns3:TrackPointExtension>
        </extensions>
      </trkpt>
      <trkpt lat="30.7523798011243343353271484375" lon="108.44616369344294071197509765625">
        <ele>430.79998779296875</ele>
        <time>2026-06-16T13:57:15.000Z</time>
        <extensions>
          <ns3:TrackPointExtension>
            <ns3:hr>142</ns3:hr>
            <ns3:cad>93</ns3:cad>
          </ns3:TrackPointExtension>
        </extensions>
      </trkpt>
      <trkpt lat="30.7523962296545505523681640625" lon="108.44615749083459377288818359375">
        <ele>430.79998779296875</ele>
        <time>2026-06-16T13:57:16.000Z</time>
        <extensions>
          <ns3:TrackPointExtension>
            <ns3:hr>142</ns3:hr>
            <ns3:cad>92</ns3:cad>
          </ns3:TrackPointExtension>
        </extensions>
      </trkpt>
      <trkpt lat="30.7524208724498748779296875" lon="108.44616319052875041961669921875">
        <ele>430.79998779296875</ele>
        <time>2026-06-16T13:57:17.000Z</time>
        <extensions>
          <ns3:TrackPointExtension>
            <ns3:hr>142</ns3:hr>
            <ns3:cad>92</ns3:cad>
          </ns3:TrackPointExtension>
        </extensions>
      </trkpt>
      <trkpt lat="30.75243872590363025665283203125" lon="108.4461564011871814727783203125">
        <ele>430.79998779296875</ele>
        <time>2026-06-16T13:57:18.000Z</time>
        <extensions>
          <ns3:TrackPointExtension>
            <ns3:hr>141</ns3:hr>
            <ns3:cad>92</ns3:cad>
          </ns3:TrackPointExtension>
        </extensions>
      </trkpt>
      <trkpt lat="30.75246185995638370513916015625" lon="108.44616034068167209625244140625">
        <ele>431</ele>
        <time>2026-06-16T13:57:19.000Z</time>
        <extensions>
          <ns3:TrackPointExtension>
            <ns3:hr>141</ns3:hr>
            <ns3:cad>92</ns3:cad>
          </ns3:TrackPointExtension>
        </extensions>
      </trkpt>
      <trkpt lat="30.75248013250529766082763671875" lon="108.446155898272991180419921875">
        <ele>431</ele>
        <time>2026-06-16T13:57:20.000Z</time>
        <extensions>
          <ns3:TrackPointExtension>
            <ns3:hr>141</ns3:hr>
            <ns3:cad>92</ns3:cad>
          </ns3:TrackPointExtension>
        </extensions>
      </trkpt>
      <trkpt lat="30.75250091962516307830810546875" lon="108.44616184942424297332763671875">
        <ele>431</ele>
        <time>2026-06-16T13:57:21.000Z</time>
        <extensions>
          <ns3:TrackPointExtension>
            <ns3:hr>140</ns3:hr>
            <ns3:cad>92</ns3:cad>
          </ns3:TrackPointExtension>
        </extensions>
      </trkpt>
      <trkpt lat="30.752518437802791595458984375" lon="108.44616017304360866546630859375">
        <ele>431</ele>
        <time>2026-06-16T13:57:22.000Z</time>
        <extensions>
          <ns3:TrackPointExtension>
            <ns3:hr>140</ns3:hr>
            <ns3:cad>92</ns3:cad>
          </ns3:TrackPointExtension>
        </extensions>
      </trkpt>
      <trkpt lat="30.7525388896465301513671875" lon="108.4461669623851776123046875">
        <ele>431</ele>
        <time>2026-06-16T13:57:23.000Z</time>
        <extensions>
          <ns3:TrackPointExtension>
            <ns3:hr>140</ns3:hr>
            <ns3:cad>92</ns3:cad>
          </ns3:TrackPointExtension>
        </extensions>
      </trkpt>
      <trkpt lat="30.752558670938014984130859375" lon="108.44616838730871677398681640625">
        <ele>431</ele>
        <time>2026-06-16T13:57:24.000Z</time>
        <extensions>
          <ns3:TrackPointExtension>
            <ns3:hr>140</ns3:hr>
            <ns3:cad>92</ns3:cad>
          </ns3:TrackPointExtension>
        </extensions>
      </trkpt>
      <trkpt lat="30.7525786198675632476806640625" lon="108.44617073424160480499267578125">
        <ele>431</ele>
        <time>2026-06-16T13:57:25.000Z</time>
        <extensions>
          <ns3:TrackPointExtension>
            <ns3:hr>140</ns3:hr>
            <ns3:cad>92</ns3:cad>
          </ns3:TrackPointExtension>
        </extensions>
      </trkpt>
      <trkpt lat="30.75260133482515811920166015625" lon="108.44616671092808246612548828125">
        <ele>431</ele>
        <time>2026-06-16T13:57:26.000Z</time>
        <extensions>
          <ns3:TrackPointExtension>
            <ns3:hr>140</ns3:hr>
            <ns3:cad>92</ns3:cad>
          </ns3:TrackPointExtension>
        </extensions>
      </trkpt>
      <trkpt lat="30.75262145139276981353759765625" lon="108.44616570509970188140869140625">
        <ele>431</ele>
        <time>2026-06-16T13:57:27.000Z</time>
        <extensions>
          <ns3:TrackPointExtension>
            <ns3:hr>140</ns3:hr>
            <ns3:cad>92</ns3:cad>
          </ns3:TrackPointExtension>
        </extensions>
      </trkpt>
      <trkpt lat="30.75264609418809413909912109375" lon="108.4461661241948604583740234375">
        <ele>431</ele>
        <time>2026-06-16T13:57:28.000Z</time>
        <extensions>
          <ns3:TrackPointExtension>
            <ns3:hr>140</ns3:hr>
            <ns3:cad>92</ns3:cad>
          </ns3:TrackPointExtension>
        </extensions>
      </trkpt>
      <trkpt lat="30.752666629850864410400390625" lon="108.44616889022290706634521484375">
        <ele>431</ele>
        <time>2026-06-16T13:57:29.000Z</time>
        <extensions>
          <ns3:TrackPointExtension>
            <ns3:hr>140</ns3:hr>
            <ns3:cad>93</ns3:cad>
          </ns3:TrackPointExtension>
        </extensions>
      </trkpt>
      <trkpt lat="30.7526902668178081512451171875" lon="108.44617039896547794342041015625">
        <ele>431</ele>
        <time>2026-06-16T13:57:30.000Z</time>
        <extensions>
          <ns3:TrackPointExtension>
            <ns3:hr>139</ns3:hr>
            <ns3:cad>93</ns3:cad>
          </ns3:TrackPointExtension>
        </extensions>
      </trkpt>
      <trkpt lat="30.7527078688144683837890625" lon="108.44616905786097049713134765625">
        <ele>431</ele>
        <time>2026-06-16T13:57:31.000Z</time>
        <extensions>
          <ns3:TrackPointExtension>
            <ns3:hr>140</ns3:hr>
            <ns3:cad>93</ns3:cad>
          </ns3:TrackPointExtension>
        </extensions>
      </trkpt>
      <trkpt lat="30.7527278177440166473388671875" lon="108.44617408700287342071533203125">
        <ele>431.20001220703125</ele>
        <time>2026-06-16T13:57:32.000Z</time>
        <extensions>
          <ns3:TrackPointExtension>
            <ns3:hr>140</ns3:hr>
            <ns3:cad>93</ns3:cad>
          </ns3:TrackPointExtension>
        </extensions>
      </trkpt>
      <trkpt lat="30.7527452521026134490966796875" lon="108.44617165625095367431640625">
        <ele>431.20001220703125</ele>
        <time>2026-06-16T13:57:33.000Z</time>
        <extensions>
          <ns3:TrackPointExtension>
            <ns3:hr>140</ns3:hr>
            <ns3:cad>93</ns3:cad>
          </ns3:TrackPointExtension>
        </extensions>
      </trkpt>
      <trkpt lat="30.75276914052665233612060546875" lon="108.44617458991706371307373046875">
        <ele>431.20001220703125</ele>
        <time>2026-06-16T13:57:34.000Z</time>
        <extensions>
          <ns3:TrackPointExtension>
            <ns3:hr>140</ns3:hr>
            <ns3:cad>93</ns3:cad>
          </ns3:TrackPointExtension>
        </extensions>
      </trkpt>
      <trkpt lat="30.75278858654201030731201171875" lon="108.446168638765811920166015625">
        <ele>431.20001220703125</ele>
        <time>2026-06-16T13:57:35.000Z</time>
        <extensions>
          <ns3:TrackPointExtension>
            <ns3:hr>140</ns3:hr>
            <ns3:cad>91</ns3:cad>
          </ns3:TrackPointExtension>
        </extensions>
      </trkpt>
      <trkpt lat="30.75281306169927120208740234375" lon="108.44617039896547794342041015625">
        <ele>431.20001220703125</ele>
        <time>2026-06-16T13:57:36.000Z</time>
        <extensions>
          <ns3:TrackPointExtension>
            <ns3:hr>140</ns3:hr>
            <ns3:cad>91</ns3:cad>
          </ns3:TrackPointExtension>
        </extensions>
      </trkpt>
      <trkpt lat="30.75283016078174114227294921875" lon="108.44615950249135494232177734375">
        <ele>431.20001220703125</ele>
        <time>2026-06-16T13:57:37.000Z</time>
        <extensions>
          <ns3:TrackPointExtension>
            <ns3:hr>141</ns3:hr>
            <ns3:cad>93</ns3:cad>
          </ns3:TrackPointExtension>
        </extensions>
      </trkpt>
      <trkpt lat="30.7528525404632091522216796875" lon="108.4461597539484500885009765625">
        <ele>431.20001220703125</ele>
        <time>2026-06-16T13:57:38.000Z</time>
        <extensions>
          <ns3:TrackPointExtension>
            <ns3:hr>142</ns3:hr>
            <ns3:cad>93</ns3:cad>
          </ns3:TrackPointExtension>
        </extensions>
      </trkpt>
      <trkpt lat="30.75287081301212310791015625" lon="108.44615514390170574188232421875">
        <ele>431.20001220703125</ele>
        <time>2026-06-16T13:57:39.000Z</time>
        <extensions>
          <ns3:TrackPointExtension>
            <ns3:hr>142</ns3:hr>
            <ns3:cad>93</ns3:cad>
          </ns3:TrackPointExtension>
        </extensions>
      </trkpt>
      <trkpt lat="30.7528910972177982330322265625" lon="108.4461550600826740264892578125">
        <ele>431.399993896484375</ele>
        <time>2026-06-16T13:57:40.000Z</time>
        <extensions>
          <ns3:TrackPointExtension>
            <ns3:hr>143</ns3:hr>
            <ns3:cad>93</ns3:cad>
          </ns3:TrackPointExtension>
        </extensions>
      </trkpt>
      <trkpt lat="30.75291045941412448883056640625" lon="108.44615195877850055694580078125">
        <ele>431.399993896484375</ele>
        <time>2026-06-16T13:57:41.000Z</time>
        <extensions>
          <ns3:TrackPointExtension>
            <ns3:hr>143</ns3:hr>
            <ns3:cad>93</ns3:cad>
          </ns3:TrackPointExtension>
        </extensions>
      </trkpt>
      <trkpt lat="30.75293024070560932159423828125" lon="108.4461533837020397186279296875">
        <ele>431.399993896484375</ele>
        <time>2026-06-16T13:57:42.000Z</time>
        <extensions>
          <ns3:TrackPointExtension>
            <ns3:hr>144</ns3:hr>
            <ns3:cad>93</ns3:cad>
          </ns3:TrackPointExtension>
        </extensions>
      </trkpt>
      <trkpt lat="30.75295505113899707794189453125" lon="108.4461507014930248260498046875">
        <ele>431.399993896484375</ele>
        <time>2026-06-16T13:57:43.000Z</time>
        <extensions>
          <ns3:TrackPointExtension>
            <ns3:hr>144</ns3:hr>
            <ns3:cad>91</ns3:cad>
          </ns3:TrackPointExtension>
        </extensions>
      </trkpt>
      <trkpt lat="30.752971731126308441162109375" lon="108.44614391215145587921142578125">
        <ele>431.399993896484375</ele>
        <time>2026-06-16T13:57:44.000Z</time>
        <extensions>
          <ns3:TrackPointExtension>
            <ns3:hr>144</ns3:hr>
            <ns3:cad>91</ns3:cad>
          </ns3:TrackPointExtension>
        </extensions>
      </trkpt>
      <trkpt lat="30.7529963739216327667236328125" lon="108.44613972119987010955810546875">
        <ele>431.399993896484375</ele>
        <time>2026-06-16T13:57:45.000Z</time>
        <extensions>
          <ns3:TrackPointExtension>
            <ns3:hr>144</ns3:hr>
            <ns3:cad>91</ns3:cad>
          </ns3:TrackPointExtension>
        </extensions>
      </trkpt>
      <trkpt lat="30.7530107907950878143310546875" lon="108.4461329318583011627197265625">
        <ele>431.399993896484375</ele>
        <time>2026-06-16T13:57:46.000Z</time>
        <extensions>
          <ns3:TrackPointExtension>
            <ns3:hr>145</ns3:hr>
            <ns3:cad>92</ns3:cad>
          </ns3:TrackPointExtension>
        </extensions>
      </trkpt>
      <trkpt lat="30.75303384102880954742431640625" lon="108.44612781889736652374267578125">
        <ele>431.399993896484375</ele>
        <time>2026-06-16T13:57:47.000Z</time>
        <extensions>
          <ns3:TrackPointExtension>
            <ns3:hr>145</ns3:hr>
            <ns3:cad>92</ns3:cad>
          </ns3:TrackPointExtension>
        </extensions>
      </trkpt>
      <trkpt lat="30.7530480064451694488525390625" lon="108.4461160004138946533203125">
        <ele>431.399993896484375</ele>
        <time>2026-06-16T13:57:48.000Z</time>
        <extensions>
          <ns3:TrackPointExtension>
            <ns3:hr>146</ns3:hr>
            <ns3:cad>92</ns3:cad>
          </ns3:TrackPointExtension>
        </extensions>
      </trkpt>
      <trkpt lat="30.7530687935650348663330078125" lon="108.44610585831105709075927734375">
        <ele>431.399993896484375</ele>
        <time>2026-06-16T13:57:49.000Z</time>
        <extensions>
          <ns3:TrackPointExtension>
            <ns3:hr>147</ns3:hr>
            <ns3:cad>92</ns3:cad>
          </ns3:TrackPointExtension>
        </extensions>
      </trkpt>
      <trkpt lat="30.7530811987817287445068359375" lon="108.446090854704380035400390625">
        <ele>431.399993896484375</ele>
        <time>2026-06-16T13:57:50.000Z</time>
        <extensions>
          <ns3:TrackPointExtension>
            <ns3:hr>147</ns3:hr>
            <ns3:cad>92</ns3:cad>
          </ns3:TrackPointExtension>
        </extensions>
      </trkpt>
      <trkpt lat="30.753101818263530731201171875" lon="108.44608020968735218048095703125">
        <ele>431.399993896484375</ele>
        <time>2026-06-16T13:57:51.000Z</time>
        <extensions>
          <ns3:TrackPointExtension>
            <ns3:hr>147</ns3:hr>
            <ns3:cad>92</ns3:cad>
          </ns3:TrackPointExtension>
        </extensions>
      </trkpt>
      <trkpt lat="30.75311363674700260162353515625" lon="108.44606696628034114837646484375">
        <ele>431.399993896484375</ele>
        <time>2026-06-16T13:57:52.000Z</time>
        <extensions>
          <ns3:TrackPointExtension>
            <ns3:hr>147</ns3:hr>
            <ns3:cad>92</ns3:cad>
          </ns3:TrackPointExtension>
        </extensions>
      </trkpt>
      <trkpt lat="30.7531348429620265960693359375" lon="108.44605288468301296234130859375">
        <ele>431.399993896484375</ele>
        <time>2026-06-16T13:57:53.000Z</time>
        <extensions>
          <ns3:TrackPointExtension>
            <ns3:hr>146</ns3:hr>
            <ns3:cad>92</ns3:cad>
          </ns3:TrackPointExtension>
        </extensions>
      </trkpt>
      <trkpt lat="30.75314850546419620513916015625" lon="108.44603427685797214508056640625">
        <ele>431.399993896484375</ele>
        <time>2026-06-16T13:57:54.000Z</time>
        <extensions>
          <ns3:TrackPointExtension>
            <ns3:hr>146</ns3:hr>
            <ns3:cad>92</ns3:cad>
          </ns3:TrackPointExtension>
        </extensions>
      </trkpt>
      <trkpt lat="30.753166861832141876220703125" lon="108.4460189379751682281494140625">
        <ele>431.399993896484375</ele>
        <time>2026-06-16T13:57:55.000Z</time>
        <extensions>
          <ns3:TrackPointExtension>
            <ns3:hr>144</ns3:hr>
            <ns3:cad>90</ns3:cad>
          </ns3:TrackPointExtension>
        </extensions>
      </trkpt>
      <trkpt lat="30.75317381881177425384521484375" lon="108.44599865376949310302734375">
        <ele>431.399993896484375</ele>
        <time>2026-06-16T13:57:56.000Z</time>
        <extensions>
          <ns3:TrackPointExtension>
            <ns3:hr>143</ns3:hr>
            <ns3:cad>90</ns3:cad>
          </ns3:TrackPointExtension>
        </extensions>
      </trkpt>
      <trkpt lat="30.75318924151360988616943359375" lon="108.445980548858642578125">
        <ele>431.600006103515625</ele>
        <time>2026-06-16T13:57:57.000Z</time>
        <extensions>
          <ns3:TrackPointExtension>
            <ns3:hr>142</ns3:hr>
            <ns3:cad>92</ns3:cad>
          </ns3:TrackPointExtension>
        </extensions>
      </trkpt>
      <trkpt lat="30.7532012276351451873779296875" lon="108.44595984555780887603759765625">
        <ele>431.600006103515625</ele>
        <time>2026-06-16T13:57:58.000Z</time>
        <extensions>
          <ns3:TrackPointExtension>
            <ns3:hr>141</ns3:hr>
            <ns3:cad>92</ns3:cad>
          </ns3:TrackPointExtension>
        </extensions>
      </trkpt>
      <trkpt lat="30.75321547687053680419921875" lon="108.4459388069808483123779296875">
        <ele>431.600006103515625</ele>
        <time>2026-06-16T13:57:59.000Z</time>
        <extensions>
          <ns3:TrackPointExtension>
            <ns3:hr>141</ns3:hr>
            <ns3:cad>92</ns3:cad>
          </ns3:TrackPointExtension>
        </extensions>
      </trkpt>
      <trkpt lat="30.7532260380685329437255859375" lon="108.44591810368001461029052734375">
        <ele>431.600006103515625</ele>
        <time>2026-06-16T13:58:00.000Z</time>
        <extensions>
          <ns3:TrackPointExtension>
            <ns3:hr>140</ns3:hr>
            <ns3:cad>92</ns3:cad>
          </ns3:TrackPointExtension>
        </extensions>
      </trkpt>
      <trkpt lat="30.753239952027797698974609375" lon="108.4458999149501323699951171875">
        <ele>431.600006103515625</ele>
        <time>2026-06-16T13:58:01.000Z</time>
        <extensions>
          <ns3:TrackPointExtension>
            <ns3:hr>140</ns3:hr>
            <ns3:cad>92</ns3:cad>
          </ns3:TrackPointExtension>
        </extensions>
      </trkpt>
      <trkpt lat="30.7532508485019207000732421875" lon="108.44587870873510837554931640625">
        <ele>431.600006103515625</ele>
        <time>2026-06-16T13:58:02.000Z</time>
        <extensions>
          <ns3:TrackPointExtension>
            <ns3:hr>140</ns3:hr>
            <ns3:cad>91</ns3:cad>
          </ns3:TrackPointExtension>
        </extensions>
      </trkpt>
      <trkpt lat="30.75325906276702880859375" lon="108.44585792161524295806884765625">
        <ele>431.600006103515625</ele>
        <time>2026-06-16T13:58:03.000Z</time>
        <extensions>
          <ns3:TrackPointExtension>
            <ns3:hr>139</ns3:hr>
            <ns3:cad>91</ns3:cad>
          </ns3:TrackPointExtension>
        </extensions>
      </trkpt>
      <trkpt lat="30.753266774117946624755859375" lon="108.44583461992442607879638671875">
        <ele>431.600006103515625</ele>
        <time>2026-06-16T13:58:04.000Z</time>
        <extensions>
          <ns3:TrackPointExtension>
            <ns3:hr>139</ns3:hr>
            <ns3:cad>91</ns3:cad>
          </ns3:TrackPointExtension>
        </extensions>
      </trkpt>
      <trkpt lat="30.75327389873564243316650390625" lon="108.44581517390906810760498046875">
        <ele>431.600006103515625</ele>
        <time>2026-06-16T13:58:05.000Z</time>
        <extensions>
          <ns3:TrackPointExtension>
            <ns3:hr>139</ns3:hr>
            <ns3:cad>91</ns3:cad>
          </ns3:TrackPointExtension>
        </extensions>
      </trkpt>
      <trkpt lat="30.75327725149691104888916015625" lon="108.44578701071441173553466796875">
        <ele>431.79998779296875</ele>
        <time>2026-06-16T13:58:06.000Z</time>
        <extensions>
          <ns3:TrackPointExtension>
            <ns3:hr>138</ns3:hr>
            <ns3:cad>91</ns3:cad>
          </ns3:TrackPointExtension>
        </extensions>
      </trkpt>
      <trkpt lat="30.7532766647636890411376953125" lon="108.44576505012810230255126953125">
        <ele>431.79998779296875</ele>
        <time>2026-06-16T13:58:07.000Z</time>
        <extensions>
          <ns3:TrackPointExtension>
            <ns3:hr>139</ns3:hr>
            <ns3:cad>91</ns3:cad>
          </ns3:TrackPointExtension>
        </extensions>
      </trkpt>
      <trkpt lat="30.75328010134398937225341796875" lon="108.4457356296479701995849609375">
        <ele>431.79998779296875</ele>
        <time>2026-06-16T13:58:08.000Z</time>
        <extensions>
          <ns3:TrackPointExtension>
            <ns3:hr>139</ns3:hr>
            <ns3:cad>91</ns3:cad>
          </ns3:TrackPointExtension>
        </extensions>
      </trkpt>
      <trkpt lat="30.75327238999307155609130859375" lon="108.44571576453745365142822265625">
        <ele>431.79998779296875</ele>
        <time>2026-06-16T13:58:09.000Z</time>
        <extensions>
          <ns3:TrackPointExtension>
            <ns3:hr>139</ns3:hr>
            <ns3:cad>93</ns3:cad>
          </ns3:TrackPointExtension>
        </extensions>
      </trkpt>
      <trkpt lat="30.75327440164983272552490234375" lon="108.445687182247638702392578125">
        <ele>431.79998779296875</ele>
        <time>2026-06-16T13:58:10.000Z</time>
        <extensions>
          <ns3:TrackPointExtension>
            <ns3:hr>140</ns3:hr>
            <ns3:cad>93</ns3:cad>
          </ns3:TrackPointExtension>
        </extensions>
      </trkpt>
      <trkpt lat="30.7532738149166107177734375" lon="108.44566714949905872344970703125">
        <ele>431.79998779296875</ele>
        <time>2026-06-16T13:58:11.000Z</time>
        <extensions>
          <ns3:TrackPointExtension>
            <ns3:hr>141</ns3:hr>
            <ns3:cad>93</ns3:cad>
          </ns3:TrackPointExtension>
        </extensions>
      </trkpt>
      <trkpt lat="30.75327389873564243316650390625" lon="108.44563655555248260498046875">
        <ele>431.79998779296875</ele>
        <time>2026-06-16T13:58:12.000Z</time>
        <extensions>
          <ns3:TrackPointExtension>
            <ns3:hr>141</ns3:hr>
            <ns3:cad>93</ns3:cad>
          </ns3:TrackPointExtension>
        </extensions>
      </trkpt>
      <trkpt lat="30.7532676123082637786865234375" lon="108.445616103708744049072265625">
        <ele>431.79998779296875</ele>
        <time>2026-06-16T13:58:13.000Z</time>
        <extensions>
          <ns3:TrackPointExtension>
            <ns3:hr>142</ns3:hr>
            <ns3:cad>92</ns3:cad>
          </ns3:TrackPointExtension>
        </extensions>
      </trkpt>
      <trkpt lat="30.7532632537186145782470703125" lon="108.4455857612192630767822265625">
        <ele>431.79998779296875</ele>
        <time>2026-06-16T13:58:14.000Z</time>
        <extensions>
          <ns3:TrackPointExtension>
            <ns3:hr>143</ns3:hr>
            <ns3:cad>92</ns3:cad>
          </ns3:TrackPointExtension>
        </extensions>
      </trkpt>
      <trkpt lat="30.7532578893005847930908203125" lon="108.4455612860620021820068359375">
        <ele>431.79998779296875</ele>
        <time>2026-06-16T13:58:15.000Z</time>
        <extensions>
          <ns3:TrackPointExtension>
            <ns3:hr>143</ns3:hr>
            <ns3:cad>90</ns3:cad>
          </ns3:TrackPointExtension>
        </extensions>
      </trkpt>
      <trkpt lat="30.753263421356678009033203125" lon="108.445529602468013763427734375">
        <ele>431.79998779296875</ele>
        <time>2026-06-16T13:58:16.000Z</time>
        <extensions>
          <ns3:TrackPointExtension>
            <ns3:hr>143</ns3:hr>
            <ns3:cad>90</ns3:cad>
          </ns3:TrackPointExtension>
        </extensions>
      </trkpt>
      <trkpt lat="30.7532599009573459625244140625" lon="108.44550739042460918426513671875">
        <ele>431.79998779296875</ele>
        <time>2026-06-16T13:58:17.000Z</time>
        <extensions>
          <ns3:TrackPointExtension>
            <ns3:hr>144</ns3:hr>
            <ns3:cad>90</ns3:cad>
          </ns3:TrackPointExtension>
        </extensions>
      </trkpt>
      <trkpt lat="30.75326233170926570892333984375" lon="108.44547889195382595062255859375">
        <ele>431.79998779296875</ele>
        <time>2026-06-16T13:58:18.000Z</time>
        <extensions>
          <ns3:TrackPointExtension>
            <ns3:hr>143</ns3:hr>
            <ns3:cad>90</ns3:cad>
          </ns3:TrackPointExtension>
        </extensions>
      </trkpt>
      <trkpt lat="30.7532558776438236236572265625" lon="108.44545944593846797943115234375">
        <ele>431.79998779296875</ele>
        <time>2026-06-16T13:58:19.000Z</time>
        <extensions>
          <ns3:TrackPointExtension>
            <ns3:hr>143</ns3:hr>
            <ns3:cad>90</ns3:cad>
          </ns3:TrackPointExtension>
        </extensions>
      </trkpt>
      <trkpt lat="30.7532542012631893157958984375" lon="108.445435725152492523193359375">
        <ele>431.79998779296875</ele>
        <time>2026-06-16T13:58:20.000Z</time>
        <extensions>
          <ns3:TrackPointExtension>
            <ns3:hr>143</ns3:hr>
            <ns3:cad>90</ns3:cad>
          </ns3:TrackPointExtension>
        </extensions>
      </trkpt>
      <trkpt lat="30.75324791483581066131591796875" lon="108.44541787169873714447021484375">
        <ele>431.79998779296875</ele>
        <time>2026-06-16T13:58:21.000Z</time>
        <extensions>
          <ns3:TrackPointExtension>
            <ns3:hr>143</ns3:hr>
            <ns3:cad>91</ns3:cad>
          </ns3:TrackPointExtension>
        </extensions>
      </trkpt>
      <trkpt lat="30.75324171222746372222900390625" lon="108.445392809808254241943359375">
        <ele>431.79998779296875</ele>
        <time>2026-06-16T13:58:22.000Z</time>
        <extensions>
          <ns3:TrackPointExtension>
            <ns3:hr>142</ns3:hr>
            <ns3:cad>91</ns3:cad>
          </ns3:TrackPointExtension>
        </extensions>
      </trkpt>
      <trkpt lat="30.7532330788671970367431640625" lon="108.44537462107837200164794921875">
        <ele>431.79998779296875</ele>
        <time>2026-06-16T13:58:23.000Z</time>
        <extensions>
          <ns3:TrackPointExtension>
            <ns3:hr>142</ns3:hr>
            <ns3:cad>91</ns3:cad>
          </ns3:TrackPointExtension>
        </extensions>
      </trkpt>
      <trkpt lat="30.75322343967854976654052734375" lon="108.44535098411142826080322265625">
        <ele>431.79998779296875</ele>
        <time>2026-06-16T13:58:24.000Z</time>
        <extensions>
          <ns3:TrackPointExtension>
            <ns3:hr>142</ns3:hr>
            <ns3:cad>91</ns3:cad>
          </ns3:TrackPointExtension>
        </extensions>
      </trkpt>
      <trkpt lat="30.75320877134799957275390625" lon="108.44533212482929229736328125">
        <ele>431.79998779296875</ele>
        <time>2026-06-16T13:58:25.000Z</time>
        <extensions>
          <ns3:TrackPointExtension>
            <ns3:hr>141</ns3:hr>
            <ns3:cad>91</ns3:cad>
          </ns3:TrackPointExtension>
        </extensions>
      </trkpt>
      <trkpt lat="30.753200389444828033447265625" lon="108.4453135170042514801025390625">
        <ele>431.79998779296875</ele>
        <time>2026-06-16T13:58:26.000Z</time>
        <extensions>
          <ns3:TrackPointExtension>
            <ns3:hr>141</ns3:hr>
            <ns3:cad>92</ns3:cad>
          </ns3:TrackPointExtension>
        </extensions>
      </trkpt>
      <trkpt lat="30.75318865478038787841796875" lon="108.44529851339757442474365234375">
        <ele>431.79998779296875</ele>
        <time>2026-06-16T13:58:27.000Z</time>
        <extensions>
          <ns3:TrackPointExtension>
            <ns3:hr>141</ns3:hr>
            <ns3:cad>92</ns3:cad>
          </ns3:TrackPointExtension>
        </extensions>
      </trkpt>
      <trkpt lat="30.75317817740142345428466796875" lon="108.4452813304960727691650390625">
        <ele>431.79998779296875</ele>
        <time>2026-06-16T13:58:28.000Z</time>
        <extensions>
          <ns3:TrackPointExtension>
            <ns3:hr>141</ns3:hr>
            <ns3:cad>91</ns3:cad>
          </ns3:TrackPointExtension>
        </extensions>
      </trkpt>
      <trkpt lat="30.75316426344215869903564453125" lon="108.4452602081000804901123046875">
        <ele>431.79998779296875</ele>
        <time>2026-06-16T13:58:29.000Z</time>
        <extensions>
          <ns3:TrackPointExtension>
            <ns3:hr>141</ns3:hr>
            <ns3:cad>91</ns3:cad>
          </ns3:TrackPointExtension>
        </extensions>
      </trkpt>
      <trkpt lat="30.7531606592237949371337890625" lon="108.44523816369473934173583984375">
        <ele>431.79998779296875</ele>
        <time>2026-06-16T13:58:30.000Z</time>
        <extensions>
          <ns3:TrackPointExtension>
            <ns3:hr>140</ns3:hr>
            <ns3:cad>92</ns3:cad>
          </ns3:TrackPointExtension>
        </extensions>
      </trkpt>
      <trkpt lat="30.75315655209124088287353515625" lon="108.44521234743297100067138671875">
        <ele>431.79998779296875</ele>
        <time>2026-06-16T13:58:31.000Z</time>
        <extensions>
          <ns3:TrackPointExtension>
            <ns3:hr>139</ns3:hr>
            <ns3:cad>92</ns3:cad>
          </ns3:TrackPointExtension>
        </extensions>
      </trkpt>
      <trkpt lat="30.75316141359508037567138671875" lon="108.4451901353895664215087890625">
        <ele>431.79998779296875</ele>
        <time>2026-06-16T13:58:32.000Z</time>
        <extensions>
          <ns3:TrackPointExtension>
            <ns3:hr>139</ns3:hr>
            <ns3:cad>92</ns3:cad>
          </ns3:TrackPointExtension>
        </extensions>
      </trkpt>
      <trkpt lat="30.75316476635634899139404296875" lon="108.44516289420425891876220703125">
        <ele>431.79998779296875</ele>
        <time>2026-06-16T13:58:33.000Z</time>
        <extensions>
          <ns3:TrackPointExtension>
            <ns3:hr>139</ns3:hr>
            <ns3:cad>92</ns3:cad>
          </ns3:TrackPointExtension>
        </extensions>
      </trkpt>
      <trkpt lat="30.7531606592237949371337890625" lon="108.4451448731124401092529296875">
        <ele>432</ele>
        <time>2026-06-16T13:58:34.000Z</time>
        <extensions>
          <ns3:TrackPointExtension>
            <ns3:hr>139</ns3:hr>
            <ns3:cad>92</ns3:cad>
          </ns3:TrackPointExtension>
        </extensions>
      </trkpt>
      <trkpt lat="30.75314045883715152740478515625" lon="108.44512785784900188446044921875">
        <ele>432</ele>
        <time>2026-06-16T13:58:35.000Z</time>
        <extensions>
          <ns3:TrackPointExtension>
            <ns3:hr>139</ns3:hr>
            <ns3:cad>92</ns3:cad>
          </ns3:TrackPointExtension>
        </extensions>
      </trkpt>
      <trkpt lat="30.7531236112117767333984375" lon="108.44512249343097209930419921875">
        <ele>432</ele>
        <time>2026-06-16T13:58:36.000Z</time>
        <extensions>
          <ns3:TrackPointExtension>
            <ns3:hr>138</ns3:hr>
            <ns3:cad>92</ns3:cad>
          </ns3:TrackPointExtension>
        </extensions>
      </trkpt>
      <trkpt lat="30.753097124397754669189453125" lon="108.4451209008693695068359375">
        <ele>432</ele>
        <time>2026-06-16T13:58:37.000Z</time>
        <extensions>
          <ns3:TrackPointExtension>
            <ns3:hr>139</ns3:hr>
            <ns3:cad>92</ns3:cad>
          </ns3:TrackPointExtension>
        </extensions>
      </trkpt>
      <trkpt lat="30.753080360591411590576171875" lon="108.4451210685074329376220703125">
        <ele>432</ele>
        <time>2026-06-16T13:58:38.000Z</time>
        <extensions>
          <ns3:TrackPointExtension>
            <ns3:hr>139</ns3:hr>
            <ns3:cad>92</ns3:cad>
          </ns3:TrackPointExtension>
        </extensions>
      </trkpt>
      <trkpt lat="30.753055550158023834228515625" lon="108.4451193921267986297607421875">
        <ele>432</ele>
        <time>2026-06-16T13:58:39.000Z</time>
        <extensions>
          <ns3:TrackPointExtension>
            <ns3:hr>140</ns3:hr>
            <ns3:cad>92</ns3:cad>
          </ns3:TrackPointExtension>
        </extensions>
      </trkpt>
      <trkpt lat="30.75303602032363414764404296875" lon="108.44512400217354297637939453125">
        <ele>432</ele>
        <time>2026-06-16T13:58:40.000Z</time>
        <extensions>
          <ns3:TrackPointExtension>
            <ns3:hr>140</ns3:hr>
            <ns3:cad>92</ns3:cad>
          </ns3:TrackPointExtension>
        </extensions>
      </trkpt>
      <trkpt lat="30.75301271863281726837158203125" lon="108.4451203979551792144775390625">
        <ele>431.79998779296875</ele>
        <time>2026-06-16T13:58:41.000Z</time>
        <extensions>
          <ns3:TrackPointExtension>
            <ns3:hr>141</ns3:hr>
            <ns3:cad>92</ns3:cad>
          </ns3:TrackPointExtension>
        </extensions>
      </trkpt>
      <trkpt lat="30.752993859350681304931640625" lon="108.44512023031711578369140625">
        <ele>431.79998779296875</ele>
        <time>2026-06-16T13:58:42.000Z</time>
        <extensions>
          <ns3:TrackPointExtension>
            <ns3:hr>142</ns3:hr>
            <ns3:cad>92</ns3:cad>
          </ns3:TrackPointExtension>
        </extensions>
      </trkpt>
      <trkpt lat="30.752967037260532379150390625" lon="108.4451207332313060760498046875">
        <ele>431.79998779296875</ele>
        <time>2026-06-16T13:58:43.000Z</time>
        <extensions>
          <ns3:TrackPointExtension>
            <ns3:hr>143</ns3:hr>
            <ns3:cad>91</ns3:cad>
          </ns3:TrackPointExtension>
        </extensions>
      </trkpt>
      <trkpt lat="30.7529487647116184234619140625" lon="108.44512450508773326873779296875">
        <ele>431.79998779296875</ele>
        <time>2026-06-16T13:58:44.000Z</time>
        <extensions>
          <ns3:TrackPointExtension>
            <ns3:hr>144</ns3:hr>
            <ns3:cad>91</ns3:cad>
          </ns3:TrackPointExtension>
        </extensions>
      </trkpt>
      <trkpt lat="30.75292202644050121307373046875" lon="108.4451200626790523529052734375">
        <ele>431.79998779296875</ele>
        <time>2026-06-16T13:58:45.000Z</time>
        <extensions>
          <ns3:TrackPointExtension>
            <ns3:hr>145</ns3:hr>
            <ns3:cad>89</ns3:cad>
          </ns3:TrackPointExtension>
        </extensions>
      </trkpt>
      <trkpt lat="30.75290408916771411895751953125" lon="108.44512567855417728424072265625">
        <ele>431.79998779296875</ele>
        <time>2026-06-16T13:58:46.000Z</time>
        <extensions>
          <ns3:TrackPointExtension>
            <ns3:hr>146</ns3:hr>
            <ns3:cad>89</ns3:cad>
          </ns3:TrackPointExtension>
        </extensions>
      </trkpt>
      <trkpt lat="30.75287617743015289306640625" lon="108.44512433744966983795166015625">
        <ele>432</ele>
        <time>2026-06-16T13:58:47.000Z</time>
        <extensions>
          <ns3:TrackPointExtension>
            <ns3:hr>146</ns3:hr>
            <ns3:cad>89</ns3:cad>
          </ns3:TrackPointExtension>
        </extensions>
      </trkpt>
      <trkpt lat="30.752859413623809814453125" lon="108.44512836076319217681884765625">
        <ele>432</ele>
        <time>2026-06-16T13:58:48.000Z</time>
        <extensions>
          <ns3:TrackPointExtension>
            <ns3:hr>146</ns3:hr>
            <ns3:cad>90</ns3:cad>
          </ns3:TrackPointExtension>
        </extensions>
      </trkpt>
      <trkpt lat="30.7528361119329929351806640625" lon="108.4451250918209552764892578125">
        <ele>432</ele>
        <time>2026-06-16T13:58:49.000Z</time>
        <extensions>
          <ns3:TrackPointExtension>
            <ns3:hr>146</ns3:hr>
            <ns3:cad>90</ns3:cad>
          </ns3:TrackPointExtension>
        </extensions>
      </trkpt>
      <trkpt lat="30.75281892903149127960205078125" lon="108.445126600563526153564453125">
        <ele>432</ele>
        <time>2026-06-16T13:58:50.000Z</time>
        <extensions>
          <ns3:TrackPointExtension>
            <ns3:hr>146</ns3:hr>
            <ns3:cad>90</ns3:cad>
          </ns3:TrackPointExtension>
        </extensions>
      </trkpt>
      <trkpt lat="30.752798058092594146728515625" lon="108.44512182287871837615966796875">
        <ele>432</ele>
        <time>2026-06-16T13:58:51.000Z</time>
        <extensions>
          <ns3:TrackPointExtension>
            <ns3:hr>146</ns3:hr>
            <ns3:cad>91</ns3:cad>
          </ns3:TrackPointExtension>
        </extensions>
      </trkpt>
      <trkpt lat="30.752779953181743621826171875" lon="108.44512425363063812255859375">
        <ele>432</ele>
        <time>2026-06-16T13:58:52.000Z</time>
        <extensions>
          <ns3:TrackPointExtension>
            <ns3:hr>146</ns3:hr>
            <ns3:cad>93</ns3:cad>
          </ns3:TrackPointExtension>
        </extensions>
      </trkpt>
      <trkpt lat="30.752757154405117034912109375" lon="108.4451193921267986297607421875">
        <ele>432</ele>
        <time>2026-06-16T13:58:53.000Z</time>
        <extensions>
          <ns3:TrackPointExtension>
            <ns3:hr>146</ns3:hr>
            <ns3:cad>93</ns3:cad>
          </ns3:TrackPointExtension>
        </extensions>
      </trkpt>
      <trkpt lat="30.75273930095136165618896484375" lon="108.4451207332313060760498046875">
        <ele>432</ele>
        <time>2026-06-16T13:58:54.000Z</time>
        <extensions>
          <ns3:TrackPointExtension>
            <ns3:hr>146</ns3:hr>
            <ns3:cad>93</ns3:cad>
          </ns3:TrackPointExtension>
        </extensions>
      </trkpt>
      <trkpt lat="30.75271549634635448455810546875" lon="108.44511662609875202178955078125">
        <ele>432</ele>
        <time>2026-06-16T13:58:55.000Z</time>
        <extensions>
          <ns3:TrackPointExtension>
            <ns3:hr>145</ns3:hr>
            <ns3:cad>92</ns3:cad>
          </ns3:TrackPointExtension>
        </extensions>
      </trkpt>
      <trkpt lat="30.7526959665119647979736328125" lon="108.44511981122195720672607421875">
        <ele>432</ele>
        <time>2026-06-16T13:58:56.000Z</time>
        <extensions>
          <ns3:TrackPointExtension>
            <ns3:hr>145</ns3:hr>
            <ns3:cad>92</ns3:cad>
          </ns3:TrackPointExtension>
        </extensions>
      </trkpt>
      <trkpt lat="30.7526724971830844879150390625" lon="108.44511293806135654449462890625">
        <ele>432</ele>
        <time>2026-06-16T13:58:57.000Z</time>
        <extensions>
          <ns3:TrackPointExtension>
            <ns3:hr>145</ns3:hr>
            <ns3:cad>90</ns3:cad>
          </ns3:TrackPointExtension>
        </extensions>
      </trkpt>
      <trkpt lat="30.75265221297740936279296875" lon="108.4451136924326419830322265625">
        <ele>432</ele>
        <time>2026-06-16T13:58:58.000Z</time>
        <extensions>
          <ns3:TrackPointExtension>
            <ns3:hr>144</ns3:hr>
            <ns3:cad>90</ns3:cad>
          </ns3:TrackPointExtension>
        </extensions>
      </trkpt>
      <trkpt lat="30.75263209640979766845703125" lon="108.44510941766202449798583984375">
        <ele>432.20001220703125</ele>
        <time>2026-06-16T13:58:59.000Z</time>
        <extensions>
          <ns3:TrackPointExtension>
            <ns3:hr>144</ns3:hr>
            <ns3:cad>90</ns3:cad>
          </ns3:TrackPointExtension>
        </extensions>
      </trkpt>
      <trkpt lat="30.75260871089994907379150390625" lon="108.4451074898242950439453125">
        <ele>432.20001220703125</ele>
        <time>2026-06-16T13:59:00.000Z</time>
        <extensions>
          <ns3:TrackPointExtension>
            <ns3:hr>144</ns3:hr>
            <ns3:cad>91</ns3:cad>
          </ns3:TrackPointExtension>
        </extensions>
      </trkpt>
      <trkpt lat="30.75259312056005001068115234375" lon="108.4451026283204555511474609375">
        <ele>432.20001220703125</ele>
        <time>2026-06-16T13:59:01.000Z</time>
        <extensions>
          <ns3:TrackPointExtension>
            <ns3:hr>144</ns3:hr>
            <ns3:cad>92</ns3:cad>
          </ns3:TrackPointExtension>
        </extensions>
      </trkpt>
      <trkpt lat="30.7525692321360111236572265625" lon="108.44510103575885295867919921875">
        <ele>432.20001220703125</ele>
        <time>2026-06-16T13:59:02.000Z</time>
        <extensions>
          <ns3:TrackPointExtension>
            <ns3:hr>143</ns3:hr>
            <ns3:cad>92</ns3:cad>
          </ns3:TrackPointExtension>
        </extensions>
      </trkpt>
      <trkpt lat="30.75255489908158779144287109375" lon="108.44509902410209178924560546875">
        <ele>432.20001220703125</ele>
        <time>2026-06-16T13:59:03.000Z</time>
        <extensions>
          <ns3:TrackPointExtension>
            <ns3:hr>143</ns3:hr>
            <ns3:cad>92</ns3:cad>
          </ns3:TrackPointExtension>
        </extensions>
      </trkpt>
      <trkpt lat="30.75252925045788288116455078125" lon="108.445095084607601165771484375">
        <ele>432.20001220703125</ele>
        <time>2026-06-16T13:59:04.000Z</time>
        <extensions>
          <ns3:TrackPointExtension>
            <ns3:hr>144</ns3:hr>
            <ns3:cad>92</ns3:cad>
          </ns3:TrackPointExtension>
        </extensions>
      </trkpt>
      <trkpt lat="30.75251131318509578704833984375" lon="108.44509148038923740386962890625">
        <ele>432.20001220703125</ele>
        <time>2026-06-16T13:59:05.000Z</time>
        <extensions>
          <ns3:TrackPointExtension>
            <ns3:hr>144</ns3:hr>
            <ns3:cad>93</ns3:cad>
          </ns3:TrackPointExtension>
        </extensions>
      </trkpt>
      <trkpt lat="30.75248398818075656890869140625" lon="108.4450887143611907958984375">
        <ele>432.20001220703125</ele>
        <time>2026-06-16T13:59:06.000Z</time>
        <extensions>
          <ns3:TrackPointExtension>
            <ns3:hr>145</ns3:hr>
            <ns3:cad>93</ns3:cad>
          </ns3:TrackPointExtension>
        </extensions>
      </trkpt>
      <trkpt lat="30.7524663023650646209716796875" lon="108.44508930109441280364990234375">
        <ele>432.20001220703125</ele>
        <time>2026-06-16T13:59:07.000Z</time>
        <extensions>
          <ns3:TrackPointExtension>
            <ns3:hr>146</ns3:hr>
            <ns3:cad>93</ns3:cad>
          </ns3:TrackPointExtension>
        </extensions>
      </trkpt>
      <trkpt lat="30.7524384744465351104736328125" lon="108.4450875408947467803955078125">
        <ele>432.20001220703125</ele>
        <time>2026-06-16T13:59:08.000Z</time>
        <extensions>
          <ns3:TrackPointExtension>
            <ns3:hr>148</ns3:hr>
            <ns3:cad>93</ns3:cad>
          </ns3:TrackPointExtension>
        </extensions>
      </trkpt>
      <trkpt lat="30.75242020189762115478515625" lon="108.44509198330342769622802734375">
        <ele>432.20001220703125</ele>
        <time>2026-06-16T13:59:09.000Z</time>
        <extensions>
          <ns3:TrackPointExtension>
            <ns3:hr>149</ns3:hr>
            <ns3:cad>92</ns3:cad>
          </ns3:TrackPointExtension>
        </extensions>
      </trkpt>
      <trkpt lat="30.75239748694002628326416015625" lon="108.44508863054215908050537109375">
        <ele>432.20001220703125</ele>
        <time>2026-06-16T13:59:10.000Z</time>
        <extensions>
          <ns3:TrackPointExtension>
            <ns3:hr>150</ns3:hr>
            <ns3:cad>92</ns3:cad>
          </ns3:TrackPointExtension>
        </extensions>
      </trkpt>
      <trkpt lat="30.75238055549561977386474609375" lon="108.4450912289321422576904296875">
        <ele>432.399993896484375</ele>
        <time>2026-06-16T13:59:11.000Z</time>
        <extensions>
          <ns3:TrackPointExtension>
            <ns3:hr>150</ns3:hr>
            <ns3:cad>92</ns3:cad>
          </ns3:TrackPointExtension>
        </extensions>
      </trkpt>
      <trkpt lat="30.75236253440380096435546875" lon="108.44508930109441280364990234375">
        <ele>432.399993896484375</ele>
        <time>2026-06-16T13:59:12.000Z</time>
        <extensions>
          <ns3:TrackPointExtension>
            <ns3:hr>151</ns3:hr>
            <ns3:cad>91</ns3:cad>
          </ns3:TrackPointExtension>
        </extensions>
      </trkpt>
      <trkpt lat="30.7523452676832675933837890625" lon="108.44509634189307689666748046875">
        <ele>432.399993896484375</ele>
        <time>2026-06-16T13:59:13.000Z</time>
        <extensions>
          <ns3:TrackPointExtension>
            <ns3:hr>151</ns3:hr>
            <ns3:cad>91</ns3:cad>
          </ns3:TrackPointExtension>
        </extensions>
      </trkpt>
      <trkpt lat="30.75232473202049732208251953125" lon="108.44509567134082317352294921875">
        <ele>432.399993896484375</ele>
        <time>2026-06-16T13:59:14.000Z</time>
        <extensions>
          <ns3:TrackPointExtension>
            <ns3:hr>151</ns3:hr>
            <ns3:cad>91</ns3:cad>
          </ns3:TrackPointExtension>
        </extensions>
      </trkpt>
      <trkpt lat="30.75230411253869533538818359375" lon="108.44510002993047237396240234375">
        <ele>432.399993896484375</ele>
        <time>2026-06-16T13:59:15.000Z</time>
        <extensions>
          <ns3:TrackPointExtension>
            <ns3:hr>151</ns3:hr>
            <ns3:cad>91</ns3:cad>
          </ns3:TrackPointExtension>
        </extensions>
      </trkpt>
      <trkpt lat="30.75228047557175159454345703125" lon="108.44509500078856945037841796875">
        <ele>432.399993896484375</ele>
        <time>2026-06-16T13:59:16.000Z</time>
        <extensions>
          <ns3:TrackPointExtension>
            <ns3:hr>151</ns3:hr>
            <ns3:cad>90</ns3:cad>
          </ns3:TrackPointExtension>
        </extensions>
      </trkpt>
      <trkpt lat="30.75226086191833019256591796875" lon="108.44509667716920375823974609375">
        <ele>432.399993896484375</ele>
        <time>2026-06-16T13:59:17.000Z</time>
        <extensions>
          <ns3:TrackPointExtension>
            <ns3:hr>151</ns3:hr>
            <ns3:cad>90</ns3:cad>
          </ns3:TrackPointExtension>
        </extensions>
      </trkpt>
      <trkpt lat="30.7522383145987987518310546875" lon="108.44509349204599857330322265625">
        <ele>432.399993896484375</ele>
        <time>2026-06-16T13:59:18.000Z</time>
        <extensions>
          <ns3:TrackPointExtension>
            <ns3:hr>150</ns3:hr>
            <ns3:cad>91</ns3:cad>
          </ns3:TrackPointExtension>
        </extensions>
      </trkpt>
      <trkpt lat="30.75221928767859935760498046875" lon="108.4450955875217914581298828125">
        <ele>432.20001220703125</ele>
        <time>2026-06-16T13:59:19.000Z</time>
        <extensions>
          <ns3:TrackPointExtension>
            <ns3:hr>151</ns3:hr>
            <ns3:cad>92</ns3:cad>
          </ns3:TrackPointExtension>
        </extensions>
      </trkpt>
      <trkpt lat="30.75219598598778247833251953125" lon="108.445091061294078826904296875">
        <ele>432.20001220703125</ele>
        <time>2026-06-16T13:59:20.000Z</time>
        <extensions>
          <ns3:TrackPointExtension>
            <ns3:hr>151</ns3:hr>
            <ns3:cad>92</ns3:cad>
          </ns3:TrackPointExtension>
        </extensions>
      </trkpt>
      <trkpt lat="30.75217704288661479949951171875" lon="108.44509332440793514251708984375">
        <ele>432.20001220703125</ele>
        <time>2026-06-16T13:59:21.000Z</time>
        <extensions>
          <ns3:TrackPointExtension>
            <ns3:hr>151</ns3:hr>
            <ns3:cad>92</ns3:cad>
          </ns3:TrackPointExtension>
        </extensions>
      </trkpt>
      <trkpt lat="30.7521558366715908050537109375" lon="108.4450922347605228424072265625">
        <ele>432.20001220703125</ele>
        <time>2026-06-16T13:59:22.000Z</time>
        <extensions>
          <ns3:TrackPointExtension>
            <ns3:hr>150</ns3:hr>
            <ns3:cad>92</ns3:cad>
          </ns3:TrackPointExtension>
        </extensions>
      </trkpt>
      <trkpt lat="30.7521363906562328338623046875" lon="108.4450959227979183197021484375">
        <ele>432.20001220703125</ele>
        <time>2026-06-16T13:59:23.000Z</time>
        <extensions>
          <ns3:TrackPointExtension>
            <ns3:hr>150</ns3:hr>
            <ns3:cad>92</ns3:cad>
          </ns3:TrackPointExtension>
        </extensions>
      </trkpt>
      <trkpt lat="30.7521162740886211395263671875" lon="108.44509248621761798858642578125">
        <ele>432.20001220703125</ele>
        <time>2026-06-16T13:59:24.000Z</time>
        <extensions>
          <ns3:TrackPointExtension>
            <ns3:hr>150</ns3:hr>
            <ns3:cad>92</ns3:cad>
          </ns3:TrackPointExtension>
        </extensions>
      </trkpt>
      <trkpt lat="30.75209406204521656036376953125" lon="108.44510053284466266632080078125">
        <ele>432.20001220703125</ele>
        <time>2026-06-16T13:59:25.000Z</time>
        <extensions>
          <ns3:TrackPointExtension>
            <ns3:hr>151</ns3:hr>
            <ns3:cad>90</ns3:cad>
          </ns3:TrackPointExtension>
        </extensions>
      </trkpt>
      <trkpt lat="30.7520757056772708892822265625" lon="108.445108830928802490234375">
        <ele>432.20001220703125</ele>
        <time>2026-06-16T13:59:26.000Z</time>
        <extensions>
          <ns3:TrackPointExtension>
            <ns3:hr>150</ns3:hr>
            <ns3:cad>90</ns3:cad>
          </ns3:TrackPointExtension>
        </extensions>
      </trkpt>
      <trkpt lat="30.75205433182418346405029296875" lon="108.44511729665100574493408203125">
        <ele>432.20001220703125</ele>
        <time>2026-06-16T13:59:27.000Z</time>
        <extensions>
          <ns3:TrackPointExtension>
            <ns3:hr>151</ns3:hr>
            <ns3:cad>90</ns3:cad>
          </ns3:TrackPointExtension>
        </extensions>
      </trkpt>
      <trkpt lat="30.75203287415206432342529296875" lon="108.445119224488735198974609375">
        <ele>432.20001220703125</ele>
        <time>2026-06-16T13:59:28.000Z</time>
        <extensions>
          <ns3:TrackPointExtension>
            <ns3:hr>151</ns3:hr>
            <ns3:cad>90</ns3:cad>
          </ns3:TrackPointExtension>
        </extensions>
      </trkpt>
      <trkpt lat="30.75201007537543773651123046875" lon="108.44512416981160640716552734375">
        <ele>432.399993896484375</ele>
        <time>2026-06-16T13:59:29.000Z</time>
        <extensions>
          <ns3:TrackPointExtension>
            <ns3:hr>151</ns3:hr>
            <ns3:cad>90</ns3:cad>
          </ns3:TrackPointExtension>
        </extensions>
      </trkpt>
      <trkpt lat="30.751989372074604034423828125" lon="108.4451244212687015533447265625">
        <ele>432.399993896484375</ele>
        <time>2026-06-16T13:59:30.000Z</time>
        <extensions>
          <ns3:TrackPointExtension>
            <ns3:hr>150</ns3:hr>
            <ns3:cad>91</ns3:cad>
          </ns3:TrackPointExtension>
        </extensions>
      </trkpt>
      <trkpt lat="30.75196749530732631683349609375" lon="108.44512182287871837615966796875">
        <ele>432.399993896484375</ele>
        <time>2026-06-16T13:59:31.000Z</time>
        <extensions>
          <ns3:TrackPointExtension>
            <ns3:hr>151</ns3:hr>
            <ns3:cad>92</ns3:cad>
          </ns3:TrackPointExtension>
        </extensions>
      </trkpt>
      <trkpt lat="30.7519483007490634918212890625" lon="108.4451247565448284149169921875">
        <ele>432.399993896484375</ele>
        <time>2026-06-16T13:59:32.000Z</time>
        <extensions>
          <ns3:TrackPointExtension>
            <ns3:hr>151</ns3:hr>
            <ns3:cad>92</ns3:cad>
          </ns3:TrackPointExtension>
        </extensions>
      </trkpt>
      <trkpt lat="30.7519241608679294586181640625" lon="108.44513121061027050018310546875">
        <ele>432.399993896484375</ele>
        <time>2026-06-16T13:59:33.000Z</time>
        <extensions>
          <ns3:TrackPointExtension>
            <ns3:hr>150</ns3:hr>
            <ns3:cad>92</ns3:cad>
          </ns3:TrackPointExtension>
        </extensions>
      </trkpt>
      <trkpt lat="30.75190865434706211090087890625" lon="108.44514110125601291656494140625">
        <ele>432.399993896484375</ele>
        <time>2026-06-16T13:59:34.000Z</time>
        <extensions>
          <ns3:TrackPointExtension>
            <ns3:hr>151</ns3:hr>
            <ns3:cad>92</ns3:cad>
          </ns3:TrackPointExtension>
        </extensions>
      </trkpt>
      <trkpt lat="30.75188468210399150848388671875" lon="108.4451502375304698944091796875">
        <ele>432.399993896484375</ele>
        <time>2026-06-16T13:59:35.000Z</time>
        <extensions>
          <ns3:TrackPointExtension>
            <ns3:hr>151</ns3:hr>
            <ns3:cad>93</ns3:cad>
          </ns3:TrackPointExtension>
        </extensions>
      </trkpt>
      <trkpt lat="30.75187093578279018402099609375" lon="108.4451576136052608489990234375">
        <ele>432.399993896484375</ele>
        <time>2026-06-16T13:59:36.000Z</time>
        <extensions>
          <ns3:TrackPointExtension>
            <ns3:hr>150</ns3:hr>
            <ns3:cad>93</ns3:cad>
          </ns3:TrackPointExtension>
        </extensions>
      </trkpt>
      <trkpt lat="30.75184746645390987396240234375" lon="108.44516758807003498077392578125">
        <ele>432.399993896484375</ele>
        <time>2026-06-16T13:59:37.000Z</time>
        <extensions>
          <ns3:TrackPointExtension>
            <ns3:hr>151</ns3:hr>
            <ns3:cad>92</ns3:cad>
          </ns3:TrackPointExtension>
        </extensions>
      </trkpt>
      <trkpt lat="30.75183439068496227264404296875" lon="108.445180915296077728271484375">
        <ele>432.399993896484375</ele>
        <time>2026-06-16T13:59:38.000Z</time>
        <extensions>
          <ns3:TrackPointExtension>
            <ns3:hr>151</ns3:hr>
            <ns3:cad>92</ns3:cad>
          </ns3:TrackPointExtension>
        </extensions>
      </trkpt>
      <trkpt lat="30.75180991552770137786865234375" lon="108.44519793055951595306396484375">
        <ele>432.600006103515625</ele>
        <time>2026-06-16T13:59:39.000Z</time>
        <extensions>
          <ns3:TrackPointExtension>
            <ns3:hr>150</ns3:hr>
            <ns3:cad>92</ns3:cad>
          </ns3:TrackPointExtension>
        </extensions>
      </trkpt>
      <trkpt lat="30.751797594130039215087890625" lon="108.44521268270909786224365234375">
        <ele>432.600006103515625</ele>
        <time>2026-06-16T13:59:40.000Z</time>
        <extensions>
          <ns3:TrackPointExtension>
            <ns3:hr>151</ns3:hr>
            <ns3:cad>92</ns3:cad>
          </ns3:TrackPointExtension>
        </extensions>
      </trkpt>
      <trkpt lat="30.75178049504756927490234375" lon="108.4452263452112674713134765625">
        <ele>432.600006103515625</ele>
        <time>2026-06-16T13:59:41.000Z</time>
        <extensions>
          <ns3:TrackPointExtension>
            <ns3:hr>151</ns3:hr>
            <ns3:cad>92</ns3:cad>
          </ns3:TrackPointExtension>
        </extensions>
      </trkpt>
      <trkpt lat="30.751772783696651458740234375" lon="108.445242941379547119140625">
        <ele>432.600006103515625</ele>
        <time>2026-06-16T13:59:42.000Z</time>
        <extensions>
          <ns3:TrackPointExtension>
            <ns3:hr>150</ns3:hr>
            <ns3:cad>92</ns3:cad>
          </ns3:TrackPointExtension>
        </extensions>
      </trkpt>
      <trkpt lat="30.75175509788095951080322265625" lon="108.44526079483330249786376953125">
        <ele>432.600006103515625</ele>
        <time>2026-06-16T13:59:43.000Z</time>
        <extensions>
          <ns3:TrackPointExtension>
            <ns3:hr>150</ns3:hr>
            <ns3:cad>92</ns3:cad>
          </ns3:TrackPointExtension>
        </extensions>
      </trkpt>
      <trkpt lat="30.7517457939684391021728515625" lon="108.4452786482870578765869140625">
        <ele>432.600006103515625</ele>
        <time>2026-06-16T13:59:44.000Z</time>
        <extensions>
          <ns3:TrackPointExtension>
            <ns3:hr>150</ns3:hr>
            <ns3:cad>92</ns3:cad>
          </ns3:TrackPointExtension>
        </extensions>
      </trkpt>
      <trkpt lat="30.75172894634306430816650390625" lon="108.44529859721660614013671875">
        <ele>432.600006103515625</ele>
        <time>2026-06-16T13:59:45.000Z</time>
        <extensions>
          <ns3:TrackPointExtension>
            <ns3:hr>150</ns3:hr>
            <ns3:cad>92</ns3:cad>
          </ns3:TrackPointExtension>
        </extensions>
      </trkpt>
      <trkpt lat="30.75172240845859050750732421875" lon="108.4453195519745349884033203125">
        <ele>432.600006103515625</ele>
        <time>2026-06-16T13:59:46.000Z</time>
        <extensions>
          <ns3:TrackPointExtension>
            <ns3:hr>150</ns3:hr>
            <ns3:cad>92</ns3:cad>
          </ns3:TrackPointExtension>
        </extensions>
      </trkpt>
      <trkpt lat="30.75170296244323253631591796875" lon="108.4453363157808780670166015625">
        <ele>432.600006103515625</ele>
        <time>2026-06-16T13:59:47.000Z</time>
        <extensions>
          <ns3:TrackPointExtension>
            <ns3:hr>150</ns3:hr>
            <ns3:cad>92</ns3:cad>
          </ns3:TrackPointExtension>
        </extensions>
      </trkpt>
      <trkpt lat="30.7516894675791263580322265625" lon="108.44535584561526775360107421875">
        <ele>432.600006103515625</ele>
        <time>2026-06-16T13:59:48.000Z</time>
        <extensions>
          <ns3:TrackPointExtension>
            <ns3:hr>149</ns3:hr>
            <ns3:cad>92</ns3:cad>
          </ns3:TrackPointExtension>
        </extensions>
      </trkpt>
      <trkpt lat="30.75166708789765834808349609375" lon="108.4453668259084224700927734375">
        <ele>432.600006103515625</ele>
        <time>2026-06-16T13:59:49.000Z</time>
        <extensions>
          <ns3:TrackPointExtension>
            <ns3:hr>149</ns3:hr>
            <ns3:cad>92</ns3:cad>
          </ns3:TrackPointExtension>
        </extensions>
      </trkpt>
      <trkpt lat="30.751652754843235015869140625" lon="108.44538534991443157196044921875">
        <ele>432.600006103515625</ele>
        <time>2026-06-16T13:59:50.000Z</time>
        <extensions>
          <ns3:TrackPointExtension>
            <ns3:hr>149</ns3:hr>
            <ns3:cad>92</ns3:cad>
          </ns3:TrackPointExtension>
        </extensions>
      </trkpt>
      <trkpt lat="30.75163775123655796051025390625" lon="108.44539876095950603485107421875">
        <ele>432.600006103515625</ele>
        <time>2026-06-16T13:59:51.000Z</time>
        <extensions>
          <ns3:TrackPointExtension>
            <ns3:hr>149</ns3:hr>
            <ns3:cad>92</ns3:cad>
          </ns3:TrackPointExtension>
        </extensions>
      </trkpt>
      <trkpt lat="30.75162601657211780548095703125" lon="108.4454221464693546295166015625">
        <ele>432.79998779296875</ele>
        <time>2026-06-16T13:59:52.000Z</time>
        <extensions>
          <ns3:TrackPointExtension>
            <ns3:hr>149</ns3:hr>
            <ns3:cad>92</ns3:cad>
          </ns3:TrackPointExtension>
        </extensions>
      </trkpt>
      <trkpt lat="30.75161822140216827392578125" lon="108.44544016756117343902587890625">
        <ele>432.79998779296875</ele>
        <time>2026-06-16T13:59:53.000Z</time>
        <extensions>
          <ns3:TrackPointExtension>
            <ns3:hr>149</ns3:hr>
            <ns3:cad>91</ns3:cad>
          </ns3:TrackPointExtension>
        </extensions>
      </trkpt>
      <trkpt lat="30.751609839498996734619140625" lon="108.44546380452811717987060546875">
        <ele>432.79998779296875</ele>
        <time>2026-06-16T13:59:54.000Z</time>
        <extensions>
          <ns3:TrackPointExtension>
            <ns3:hr>149</ns3:hr>
            <ns3:cad>91</ns3:cad>
          </ns3:TrackPointExtension>
        </extensions>
      </trkpt>
      <trkpt lat="30.75160556472837924957275390625" lon="108.44548040069639682769775390625">
        <ele>432.79998779296875</ele>
        <time>2026-06-16T13:59:55.000Z</time>
        <extensions>
          <ns3:TrackPointExtension>
            <ns3:hr>149</ns3:hr>
            <ns3:cad>93</ns3:cad>
          </ns3:TrackPointExtension>
        </extensions>
      </trkpt>
      <trkpt lat="30.7515996135771274566650390625" lon="108.44550772570073604583740234375">
        <ele>432.79998779296875</ele>
        <time>2026-06-16T13:59:56.000Z</time>
        <extensions>
          <ns3:TrackPointExtension>
            <ns3:hr>149</ns3:hr>
            <ns3:cad>93</ns3:cad>
          </ns3:TrackPointExtension>
        </extensions>
      </trkpt>
      <trkpt lat="30.75159810483455657958984375" lon="108.4455277584493160247802734375">
        <ele>432.79998779296875</ele>
        <time>2026-06-16T13:59:57.000Z</time>
        <extensions>
          <ns3:TrackPointExtension>
            <ns3:hr>150</ns3:hr>
            <ns3:cad>93</ns3:cad>
          </ns3:TrackPointExtension>
        </extensions>
      </trkpt>
      <trkpt lat="30.75159315951168537139892578125" lon="108.44555416144430637359619140625">
        <ele>432.79998779296875</ele>
        <time>2026-06-16T13:59:58.000Z</time>
        <extensions>
          <ns3:TrackPointExtension>
            <ns3:hr>149</ns3:hr>
            <ns3:cad>93</ns3:cad>
          </ns3:TrackPointExtension>
        </extensions>
      </trkpt>
      <trkpt lat="30.751594416797161102294921875" lon="108.44557478092610836029052734375">
        <ele>432.79998779296875</ele>
        <time>2026-06-16T13:59:59.000Z</time>
        <extensions>
          <ns3:TrackPointExtension>
            <ns3:hr>149</ns3:hr>
            <ns3:cad>92</ns3:cad>
          </ns3:TrackPointExtension>
        </extensions>
      </trkpt>
      <trkpt lat="30.75159433297812938690185546875" lon="108.4456028603017330169677734375">
        <ele>433</ele>
        <time>2026-06-16T14:00:00.000Z</time>
        <extensions>
          <ns3:TrackPointExtension>
            <ns3:hr>149</ns3:hr>
            <ns3:cad>93</ns3:cad>
          </ns3:TrackPointExtension>
        </extensions>
      </trkpt>
      <trkpt lat="30.751594416797161102294921875" lon="108.44562607817351818084716796875">
        <ele>433</ele>
        <time>2026-06-16T14:00:01.000Z</time>
        <extensions>
          <ns3:TrackPointExtension>
            <ns3:hr>149</ns3:hr>
            <ns3:cad>93</ns3:cad>
          </ns3:TrackPointExtension>
        </extensions>
      </trkpt>
      <trkpt lat="30.751589722931385040283203125" lon="108.44565558247268199920654296875">
        <ele>433</ele>
        <time>2026-06-16T14:00:02.000Z</time>
        <extensions>
          <ns3:TrackPointExtension>
            <ns3:hr>149</ns3:hr>
            <ns3:cad>93</ns3:cad>
          </ns3:TrackPointExtension>
        </extensions>
      </trkpt>
      <trkpt lat="30.751593075692653656005859375" lon="108.44567217864096164703369140625">
        <ele>433</ele>
        <time>2026-06-16T14:00:03.000Z</time>
        <extensions>
          <ns3:TrackPointExtension>
            <ns3:hr>149</ns3:hr>
            <ns3:cad>93</ns3:cad>
          </ns3:TrackPointExtension>
        </extensions>
      </trkpt>
      <trkpt lat="30.7515902258455753326416015625" lon="108.44570226967334747314453125">
        <ele>433</ele>
        <time>2026-06-16T14:00:04.000Z</time>
        <extensions>
          <ns3:TrackPointExtension>
            <ns3:hr>149</ns3:hr>
            <ns3:cad>92</ns3:cad>
          </ns3:TrackPointExtension>
        </extensions>
      </trkpt>
      <trkpt lat="30.75159366242587566375732421875" lon="108.44572096131742000579833984375">
        <ele>433</ele>
        <time>2026-06-16T14:00:05.000Z</time>
        <extensions>
          <ns3:TrackPointExtension>
            <ns3:hr>149</ns3:hr>
            <ns3:cad>92</ns3:cad>
          </ns3:TrackPointExtension>
        </extensions>
      </trkpt>
      <trkpt lat="30.75159332714974880218505859375" lon="108.44574811868369579315185546875">
        <ele>433</ele>
        <time>2026-06-16T14:00:06.000Z</time>
        <extensions>
          <ns3:TrackPointExtension>
            <ns3:hr>149</ns3:hr>
            <ns3:cad>92</ns3:cad>
          </ns3:TrackPointExtension>
        </extensions>
      </trkpt>
      <trkpt lat="30.75159500353038311004638671875" lon="108.44576756469905376434326171875">
        <ele>433</ele>
        <time>2026-06-16T14:00:07.000Z</time>
        <extensions>
          <ns3:TrackPointExtension>
            <ns3:hr>149</ns3:hr>
            <ns3:cad>92</ns3:cad>
          </ns3:TrackPointExtension>
        </extensions>
      </trkpt>
      <trkpt lat="30.7515955902636051177978515625" lon="108.44579354859888553619384765625">
        <ele>433</ele>
        <time>2026-06-16T14:00:08.000Z</time>
        <extensions>
          <ns3:TrackPointExtension>
            <ns3:hr>148</ns3:hr>
            <ns3:cad>92</ns3:cad>
          </ns3:TrackPointExtension>
        </extensions>
      </trkpt>
      <trkpt lat="30.7516006194055080413818359375" lon="108.44581400044262409210205078125">
        <ele>433</ele>
        <time>2026-06-16T14:00:09.000Z</time>
        <extensions>
          <ns3:TrackPointExtension>
            <ns3:hr>149</ns3:hr>
            <ns3:cad>92</ns3:cad>
          </ns3:TrackPointExtension>
        </extensions>
      </trkpt>
      <trkpt lat="30.7516036368906497955322265625" lon="108.44584132544696331024169921875">
        <ele>433</ele>
        <time>2026-06-16T14:00:10.000Z</time>
        <extensions>
          <ns3:TrackPointExtension>
            <ns3:hr>149</ns3:hr>
            <ns3:cad>92</ns3:cad>
          </ns3:TrackPointExtension>
        </extensions>
      </trkpt>
      <trkpt lat="30.75161260552704334259033203125" lon="108.44586395658552646636962890625">
        <ele>433</ele>
        <time>2026-06-16T14:00:11.000Z</time>
        <extensions>
          <ns3:TrackPointExtension>
            <ns3:hr>149</ns3:hr>
            <ns3:cad>92</ns3:cad>
          </ns3:TrackPointExtension>
        </extensions>
      </trkpt>
      <trkpt lat="30.75162031687796115875244140625" lon="108.445886671543121337890625">
        <ele>433.20001220703125</ele>
        <time>2026-06-16T14:00:12.000Z</time>
        <extensions>
          <ns3:TrackPointExtension>
            <ns3:hr>149</ns3:hr>
            <ns3:cad>92</ns3:cad>
          </ns3:TrackPointExtension>
        </extensions>
      </trkpt>
      <trkpt lat="30.75163037516176700592041015625" lon="108.4459096379578113555908203125">
        <ele>433.20001220703125</ele>
        <time>2026-06-16T14:00:13.000Z</time>
        <extensions>
          <ns3:TrackPointExtension>
            <ns3:hr>149</ns3:hr>
            <ns3:cad>92</ns3:cad>
          </ns3:TrackPointExtension>
        </extensions>
      </trkpt>
      <trkpt lat="30.75163590721786022186279296875" lon="108.4459362924098968505859375">
        <ele>433.20001220703125</ele>
        <time>2026-06-16T14:00:14.000Z</time>
        <extensions>
          <ns3:TrackPointExtension>
            <ns3:hr>148</ns3:hr>
            <ns3:cad>92</ns3:cad>
          </ns3:TrackPointExtension>
        </extensions>
      </trkpt>
      <trkpt lat="30.7516478933393955230712890625" lon="108.4459605999290943145751953125">
        <ele>433.20001220703125</ele>
        <time>2026-06-16T14:00:15.000Z</time>
        <extensions>
          <ns3:TrackPointExtension>
            <ns3:hr>148</ns3:hr>
            <ns3:cad>92</ns3:cad>
          </ns3:TrackPointExtension>
        </extensions>
      </trkpt>
      <trkpt lat="30.7516564428806304931640625" lon="108.4459830634295940399169921875">
        <ele>433.20001220703125</ele>
        <time>2026-06-16T14:00:16.000Z</time>
        <extensions>
          <ns3:TrackPointExtension>
            <ns3:hr>148</ns3:hr>
            <ns3:cad>92</ns3:cad>
          </ns3:TrackPointExtension>
        </extensions>
      </trkpt>
      <trkpt lat="30.75167320668697357177734375" lon="108.4460038505494594573974609375">
        <ele>433.20001220703125</ele>
        <time>2026-06-16T14:00:17.000Z</time>
        <extensions>
          <ns3:TrackPointExtension>
            <ns3:hr>148</ns3:hr>
            <ns3:cad>90</ns3:cad>
          </ns3:TrackPointExtension>
        </extensions>
      </trkpt>
      <trkpt lat="30.75169022195041179656982421875" lon="108.44602153636515140533447265625">
        <ele>433.20001220703125</ele>
        <time>2026-06-16T14:00:18.000Z</time>
        <extensions>
          <ns3:TrackPointExtension>
            <ns3:hr>147</ns3:hr>
            <ns3:cad>90</ns3:cad>
          </ns3:TrackPointExtension>
        </extensions>
      </trkpt>
      <trkpt lat="30.7517092488706111907958984375" lon="108.446038551628589630126953125">
        <ele>433.20001220703125</ele>
        <time>2026-06-16T14:00:19.000Z</time>
        <extensions>
          <ns3:TrackPointExtension>
            <ns3:hr>147</ns3:hr>
            <ns3:cad>90</ns3:cad>
          </ns3:TrackPointExtension>
        </extensions>
      </trkpt>
      <trkpt lat="30.75172559358179569244384765625" lon="108.44604802317917346954345703125">
        <ele>433.20001220703125</ele>
        <time>2026-06-16T14:00:20.000Z</time>
        <extensions>
          <ns3:TrackPointExtension>
            <ns3:hr>147</ns3:hr>
            <ns3:cad>90</ns3:cad>
          </ns3:TrackPointExtension>
        </extensions>
      </trkpt>
      <trkpt lat="30.751746632158756256103515625" lon="108.44606076367199420928955078125">
        <ele>433.20001220703125</ele>
        <time>2026-06-16T14:00:21.000Z</time>
        <extensions>
          <ns3:TrackPointExtension>
            <ns3:hr>146</ns3:hr>
            <ns3:cad>90</ns3:cad>
          </ns3:TrackPointExtension>
        </extensions>
      </trkpt>
      <trkpt lat="30.75176532380282878875732421875" lon="108.44606596045196056365966796875">
        <ele>433.20001220703125</ele>
        <time>2026-06-16T14:00:22.000Z</time>
        <extensions>
          <ns3:TrackPointExtension>
            <ns3:hr>146</ns3:hr>
            <ns3:cad>90</ns3:cad>
          </ns3:TrackPointExtension>
        </extensions>
      </trkpt>
      <trkpt lat="30.7517878711223602294921875" lon="108.4460752643644809722900390625">
        <ele>433.399993896484375</ele>
        <time>2026-06-16T14:00:23.000Z</time>
        <extensions>
          <ns3:TrackPointExtension>
            <ns3:hr>146</ns3:hr>
            <ns3:cad>90</ns3:cad>
          </ns3:TrackPointExtension>
        </extensions>
      </trkpt>
      <trkpt lat="30.75180597603321075439453125" lon="108.44607987441122531890869140625">
        <ele>433.399993896484375</ele>
        <time>2026-06-16T14:00:24.000Z</time>
        <extensions>
          <ns3:TrackPointExtension>
            <ns3:hr>146</ns3:hr>
            <ns3:cad>93</ns3:cad>
          </ns3:TrackPointExtension>
        </extensions>
      </trkpt>
      <trkpt lat="30.7518254220485687255859375" lon="108.44609881751239299774169921875">
        <ele>433.399993896484375</ele>
        <time>2026-06-16T14:00:25.000Z</time>
        <extensions>
          <ns3:TrackPointExtension>
            <ns3:hr>146</ns3:hr>
            <ns3:cad>93</ns3:cad>
          </ns3:TrackPointExtension>
        </extensions>
      </trkpt>
      <trkpt lat="30.7518413476645946502685546875" lon="108.4461025893688201904296875">
        <ele>433.399993896484375</ele>
        <time>2026-06-16T14:00:26.000Z</time>
        <extensions>
          <ns3:TrackPointExtension>
            <ns3:hr>145</ns3:hr>
            <ns3:cad>93</ns3:cad>
          </ns3:TrackPointExtension>
        </extensions>
      </trkpt>
      <trkpt lat="30.75186096131801605224609375" lon="108.44612069427967071533203125">
        <ele>433.399993896484375</ele>
        <time>2026-06-16T14:00:27.000Z</time>
        <extensions>
          <ns3:TrackPointExtension>
            <ns3:hr>145</ns3:hr>
            <ns3:cad>93</ns3:cad>
          </ns3:TrackPointExtension>
        </extensions>
      </trkpt>
      <trkpt lat="30.7518768869340419769287109375" lon="108.4461292438209056854248046875">
        <ele>433.399993896484375</ele>
        <time>2026-06-16T14:00:28.000Z</time>
        <extensions>
          <ns3:TrackPointExtension>
            <ns3:hr>145</ns3:hr>
            <ns3:cad>93</ns3:cad>
          </ns3:TrackPointExtension>
        </extensions>
      </trkpt>
      <trkpt lat="30.751894153654575347900390625" lon="108.44615061767399311065673828125">
        <ele>433.399993896484375</ele>
        <time>2026-06-16T14:00:29.000Z</time>
        <extensions>
          <ns3:TrackPointExtension>
            <ns3:hr>145</ns3:hr>
            <ns3:cad>92</ns3:cad>
          </ns3:TrackPointExtension>
        </extensions>
      </trkpt>
      <trkpt lat="30.7519110850989818572998046875" lon="108.446157239377498626708984375">
        <ele>433.399993896484375</ele>
        <time>2026-06-16T14:00:30.000Z</time>
        <extensions>
          <ns3:TrackPointExtension>
            <ns3:hr>145</ns3:hr>
            <ns3:cad>92</ns3:cad>
          </ns3:TrackPointExtension>
        </extensions>
      </trkpt>
      <trkpt lat="30.751931369304656982421875" lon="108.44617358408868312835693359375">
        <ele>433.399993896484375</ele>
        <time>2026-06-16T14:00:31.000Z</time>
        <extensions>
          <ns3:TrackPointExtension>
            <ns3:hr>145</ns3:hr>
            <ns3:cad>92</ns3:cad>
          </ns3:TrackPointExtension>
        </extensions>
      </trkpt>
      <trkpt lat="30.75195156969130039215087890625" lon="108.4461788646876811981201171875">
        <ele>433.600006103515625</ele>
        <time>2026-06-16T14:00:32.000Z</time>
        <extensions>
          <ns3:TrackPointExtension>
            <ns3:hr>144</ns3:hr>
            <ns3:cad>92</ns3:cad>
          </ns3:TrackPointExtension>
        </extensions>
      </trkpt>
      <trkpt lat="30.7519727759063243865966796875" lon="108.44619051553308963775634765625">
        <ele>433.600006103515625</ele>
        <time>2026-06-16T14:00:33.000Z</time>
        <extensions>
          <ns3:TrackPointExtension>
            <ns3:hr>144</ns3:hr>
            <ns3:cad>92</ns3:cad>
          </ns3:TrackPointExtension>
        </extensions>
      </trkpt>
      <trkpt lat="30.75199381448328495025634765625" lon="108.44619135372340679168701171875">
        <ele>433.600006103515625</ele>
        <time>2026-06-16T14:00:34.000Z</time>
        <extensions>
          <ns3:TrackPointExtension>
            <ns3:hr>143</ns3:hr>
            <ns3:cad>92</ns3:cad>
          </ns3:TrackPointExtension>
        </extensions>
      </trkpt>
      <trkpt lat="30.752011835575103759765625" lon="108.4461983107030391693115234375">
        <ele>433.600006103515625</ele>
        <time>2026-06-16T14:00:35.000Z</time>
        <extensions>
          <ns3:TrackPointExtension>
            <ns3:hr>143</ns3:hr>
            <ns3:cad>92</ns3:cad>
          </ns3:TrackPointExtension>
        </extensions>
      </trkpt>
      <trkpt lat="30.75202985666692256927490234375" lon="108.44619445502758026123046875">
        <ele>433.600006103515625</ele>
        <time>2026-06-16T14:00:36.000Z</time>
        <extensions>
          <ns3:TrackPointExtension>
            <ns3:hr>143</ns3:hr>
            <ns3:cad>92</ns3:cad>
          </ns3:TrackPointExtension>
        </extensions>
      </trkpt>
      <trkpt lat="30.7520478777587413787841796875" lon="108.446195125579833984375">
        <ele>433.600006103515625</ele>
        <time>2026-06-16T14:00:37.000Z</time>
        <extensions>
          <ns3:TrackPointExtension>
            <ns3:hr>143</ns3:hr>
            <ns3:cad>92</ns3:cad>
          </ns3:TrackPointExtension>
        </extensions>
      </trkpt>
      <trkpt lat="30.75206489302217960357666015625" lon="108.4461885876953601837158203125">
        <ele>433.600006103515625</ele>
        <time>2026-06-16T14:00:38.000Z</time>
        <extensions>
          <ns3:TrackPointExtension>
            <ns3:hr>143</ns3:hr>
            <ns3:cad>91</ns3:cad>
          </ns3:TrackPointExtension>
        </extensions>
      </trkpt>
      <trkpt lat="30.7520844228565692901611328125" lon="108.446188084781169891357421875">
        <ele>433.600006103515625</ele>
        <time>2026-06-16T14:00:39.000Z</time>
        <extensions>
          <ns3:TrackPointExtension>
            <ns3:hr>143</ns3:hr>
            <ns3:cad>90</ns3:cad>
          </ns3:TrackPointExtension>
        </extensions>
      </trkpt>
      <trkpt lat="30.7521078921854496002197265625" lon="108.44617878086864948272705078125">
        <ele>433.600006103515625</ele>
        <time>2026-06-16T14:00:40.000Z</time>
        <extensions>
          <ns3:TrackPointExtension>
            <ns3:hr>143</ns3:hr>
            <ns3:cad>90</ns3:cad>
          </ns3:TrackPointExtension>
        </extensions>
      </trkpt>
      <trkpt lat="30.75212608091533184051513671875" lon="108.446181714534759521484375">
        <ele>433.600006103515625</ele>
        <time>2026-06-16T14:00:41.000Z</time>
        <extensions>
          <ns3:TrackPointExtension>
            <ns3:hr>144</ns3:hr>
            <ns3:cad>90</ns3:cad>
          </ns3:TrackPointExtension>
        </extensions>
      </trkpt>
      <trkpt lat="30.752148963510990142822265625" lon="108.44618028961122035980224609375">
        <ele>433.600006103515625</ele>
        <time>2026-06-16T14:00:42.000Z</time>
        <extensions>
          <ns3:TrackPointExtension>
            <ns3:hr>143</ns3:hr>
            <ns3:cad>90</ns3:cad>
          </ns3:TrackPointExtension>
        </extensions>
      </trkpt>
      <trkpt lat="30.752167403697967529296875" lon="108.44618347473442554473876953125">
        <ele>433.600006103515625</ele>
        <time>2026-06-16T14:00:43.000Z</time>
        <extensions>
          <ns3:TrackPointExtension>
            <ns3:hr>143</ns3:hr>
            <ns3:cad>91</ns3:cad>
          </ns3:TrackPointExtension>
        </extensions>
      </trkpt>
      <trkpt lat="30.75219145976006984710693359375" lon="108.4461835585534572601318359375">
        <ele>433.79998779296875</ele>
        <time>2026-06-16T14:00:44.000Z</time>
        <extensions>
          <ns3:TrackPointExtension>
            <ns3:hr>143</ns3:hr>
            <ns3:cad>91</ns3:cad>
          </ns3:TrackPointExtension>
        </extensions>
      </trkpt>
      <trkpt lat="30.75220939703285694122314453125" lon="108.4461875818669795989990234375">
        <ele>433.79998779296875</ele>
        <time>2026-06-16T14:00:45.000Z</time>
        <extensions>
          <ns3:TrackPointExtension>
            <ns3:hr>143</ns3:hr>
            <ns3:cad>91</ns3:cad>
          </ns3:TrackPointExtension>
        </extensions>
      </trkpt>
      <trkpt lat="30.7522329501807689666748046875" lon="108.44618699513375759124755859375">
        <ele>433.79998779296875</ele>
        <time>2026-06-16T14:00:46.000Z</time>
        <extensions>
          <ns3:TrackPointExtension>
            <ns3:hr>143</ns3:hr>
            <ns3:cad>91</ns3:cad>
          </ns3:TrackPointExtension>
        </extensions>
      </trkpt>
      <trkpt lat="30.75225046835839748382568359375" lon="108.4461822174489498138427734375">
        <ele>433.79998779296875</ele>
        <time>2026-06-16T14:00:47.000Z</time>
        <extensions>
          <ns3:TrackPointExtension>
            <ns3:hr>143</ns3:hr>
            <ns3:cad>91</ns3:cad>
          </ns3:TrackPointExtension>
        </extensions>
      </trkpt>
      <trkpt lat="30.7522755302488803863525390625" lon="108.4461805410683155059814453125">
        <ele>433.79998779296875</ele>
        <time>2026-06-16T14:00:48.000Z</time>
        <extensions>
          <ns3:TrackPointExtension>
            <ns3:hr>143</ns3:hr>
            <ns3:cad>91</ns3:cad>
          </ns3:TrackPointExtension>
        </extensions>
      </trkpt>
      <trkpt lat="30.7522936351597309112548828125" lon="108.44617727212607860565185546875">
        <ele>433.79998779296875</ele>
        <time>2026-06-16T14:00:49.000Z</time>
        <extensions>
          <ns3:TrackPointExtension>
            <ns3:hr>143</ns3:hr>
            <ns3:cad>91</ns3:cad>
          </ns3:TrackPointExtension>
        </extensions>
      </trkpt>
      <trkpt lat="30.75231827795505523681640625" lon="108.44617626629769802093505859375">
        <ele>433.79998779296875</ele>
        <time>2026-06-16T14:00:50.000Z</time>
        <extensions>
          <ns3:TrackPointExtension>
            <ns3:hr>143</ns3:hr>
            <ns3:cad>92</ns3:cad>
          </ns3:TrackPointExtension>
        </extensions>
      </trkpt>
      <trkpt lat="30.7523350417613983154296875" lon="108.446176350116729736328125">
        <ele>433.79998779296875</ele>
        <time>2026-06-16T14:00:51.000Z</time>
        <extensions>
          <ns3:TrackPointExtension>
            <ns3:hr>143</ns3:hr>
            <ns3:cad>92</ns3:cad>
          </ns3:TrackPointExtension>
        </extensions>
      </trkpt>
      <trkpt lat="30.7523606903851032257080078125" lon="108.4461808763444423675537109375">
        <ele>433.79998779296875</ele>
        <time>2026-06-16T14:00:52.000Z</time>
        <extensions>
          <ns3:TrackPointExtension>
            <ns3:hr>143</ns3:hr>
            <ns3:cad>92</ns3:cad>
          </ns3:TrackPointExtension>
        </extensions>
      </trkpt>
      <trkpt lat="30.75237787328660488128662109375" lon="108.4461771883070468902587890625">
        <ele>433.79998779296875</ele>
        <time>2026-06-16T14:00:53.000Z</time>
        <extensions>
          <ns3:TrackPointExtension>
            <ns3:hr>143</ns3:hr>
            <ns3:cad>92</ns3:cad>
          </ns3:TrackPointExtension>
        </extensions>
      </trkpt>
      <trkpt lat="30.752403102815151214599609375" lon="108.44617836177349090576171875">
        <ele>433.79998779296875</ele>
        <time>2026-06-16T14:00:54.000Z</time>
        <extensions>
          <ns3:TrackPointExtension>
            <ns3:hr>143</ns3:hr>
            <ns3:cad>93</ns3:cad>
          </ns3:TrackPointExtension>
        </extensions>
      </trkpt>
      <trkpt lat="30.75242196209728717803955078125" lon="108.4461741708219051361083984375">
        <ele>434</ele>
        <time>2026-06-16T14:00:55.000Z</time>
        <extensions>
          <ns3:TrackPointExtension>
            <ns3:hr>143</ns3:hr>
            <ns3:cad>93</ns3:cad>
          </ns3:TrackPointExtension>
        </extensions>
      </trkpt>
      <trkpt lat="30.75244358740746974945068359375" lon="108.44617358408868312835693359375">
        <ele>434</ele>
        <time>2026-06-16T14:00:56.000Z</time>
        <extensions>
          <ns3:TrackPointExtension>
            <ns3:hr>144</ns3:hr>
            <ns3:cad>93</ns3:cad>
          </ns3:TrackPointExtension>
        </extensions>
      </trkpt>
      <trkpt lat="30.75246554799377918243408203125" lon="108.44617165625095367431640625">
        <ele>434</ele>
        <time>2026-06-16T14:00:57.000Z</time>
        <extensions>
          <ns3:TrackPointExtension>
            <ns3:hr>145</ns3:hr>
            <ns3:cad>93</ns3:cad>
          </ns3:TrackPointExtension>
        </extensions>
      </trkpt>
      <trkpt lat="30.75248457491397857666015625" lon="108.44617911614477634429931640625">
        <ele>434</ele>
        <time>2026-06-16T14:00:58.000Z</time>
        <extensions>
          <ns3:TrackPointExtension>
            <ns3:hr>146</ns3:hr>
            <ns3:cad>93</ns3:cad>
          </ns3:TrackPointExtension>
        </extensions>
      </trkpt>
      <trkpt lat="30.75250360183417797088623046875" lon="108.44617660157382488250732421875">
        <ele>434</ele>
        <time>2026-06-16T14:00:59.000Z</time>
        <extensions>
          <ns3:TrackPointExtension>
            <ns3:hr>148</ns3:hr>
            <ns3:cad>91</ns3:cad>
          </ns3:TrackPointExtension>
        </extensions>
      </trkpt>
      <trkpt lat="30.7525254786014556884765625" lon="108.44617626629769802093505859375">
        <ele>434</ele>
        <time>2026-06-16T14:01:00.000Z</time>
        <extensions>
          <ns3:TrackPointExtension>
            <ns3:hr>148</ns3:hr>
            <ns3:cad>91</ns3:cad>
          </ns3:TrackPointExtension>
        </extensions>
      </trkpt>
      <trkpt lat="30.7525514625012874603271484375" lon="108.44617777504026889801025390625">
        <ele>434</ele>
        <time>2026-06-16T14:01:01.000Z</time>
        <extensions>
          <ns3:TrackPointExtension>
            <ns3:hr>148</ns3:hr>
            <ns3:cad>92</ns3:cad>
          </ns3:TrackPointExtension>
        </extensions>
      </trkpt>
      <trkpt lat="30.752572081983089447021484375" lon="108.446186073124408721923828125">
        <ele>434</ele>
        <time>2026-06-16T14:01:02.000Z</time>
        <extensions>
          <ns3:TrackPointExtension>
            <ns3:hr>149</ns3:hr>
            <ns3:cad>92</ns3:cad>
          </ns3:TrackPointExtension>
        </extensions>
      </trkpt>
      <trkpt lat="30.7525980658829212188720703125" lon="108.4461825527250766754150390625">
        <ele>434</ele>
        <time>2026-06-16T14:01:03.000Z</time>
        <extensions>
          <ns3:TrackPointExtension>
            <ns3:hr>149</ns3:hr>
            <ns3:cad>92</ns3:cad>
          </ns3:TrackPointExtension>
        </extensions>
      </trkpt>
      <trkpt lat="30.752615667879581451416015625" lon="108.44618196599185466766357421875">
        <ele>434</ele>
        <time>2026-06-16T14:01:04.000Z</time>
        <extensions>
          <ns3:TrackPointExtension>
            <ns3:hr>148</ns3:hr>
            <ns3:cad>92</ns3:cad>
          </ns3:TrackPointExtension>
        </extensions>
      </trkpt>
      <trkpt lat="30.75263955630362033843994140625" lon="108.4461818821728229522705078125">
        <ele>434</ele>
        <time>2026-06-16T14:01:05.000Z</time>
        <extensions>
          <ns3:TrackPointExtension>
            <ns3:hr>148</ns3:hr>
            <ns3:cad>92</ns3:cad>
          </ns3:TrackPointExtension>
        </extensions>
      </trkpt>
      <trkpt lat="30.75265799649059772491455078125" lon="108.44618448056280612945556640625">
        <ele>434</ele>
        <time>2026-06-16T14:01:06.000Z</time>
        <extensions>
          <ns3:TrackPointExtension>
            <ns3:hr>148</ns3:hr>
            <ns3:cad>92</ns3:cad>
          </ns3:TrackPointExtension>
        </extensions>
      </trkpt>
      <trkpt lat="30.7526838965713977813720703125" lon="108.44618347473442554473876953125">
        <ele>434</ele>
        <time>2026-06-16T14:01:07.000Z</time>
        <extensions>
          <ns3:TrackPointExtension>
            <ns3:hr>147</ns3:hr>
            <ns3:cad>92</ns3:cad>
          </ns3:TrackPointExtension>
        </extensions>
      </trkpt>
      <trkpt lat="30.752700157463550567626953125" lon="108.44618372619152069091796875">
        <ele>434</ele>
        <time>2026-06-16T14:01:08.000Z</time>
        <extensions>
          <ns3:TrackPointExtension>
            <ns3:hr>147</ns3:hr>
            <ns3:cad>92</ns3:cad>
          </ns3:TrackPointExtension>
        </extensions>
      </trkpt>
      <trkpt lat="30.752727650105953216552734375" lon="108.44618381001055240631103515625">
        <ele>434.20001220703125</ele>
        <time>2026-06-16T14:01:09.000Z</time>
        <extensions>
          <ns3:TrackPointExtension>
            <ns3:hr>148</ns3:hr>
            <ns3:cad>92</ns3:cad>
          </ns3:TrackPointExtension>
        </extensions>
      </trkpt>
      <trkpt lat="30.75274416245520114898681640625" lon="108.4461857378482818603515625">
        <ele>434.20001220703125</ele>
        <time>2026-06-16T14:01:10.000Z</time>
        <extensions>
          <ns3:TrackPointExtension>
            <ns3:hr>148</ns3:hr>
            <ns3:cad>92</ns3:cad>
          </ns3:TrackPointExtension>
        </extensions>
      </trkpt>
      <trkpt lat="30.75277232564985752105712890625" lon="108.446186743676662445068359375">
        <ele>434.20001220703125</ele>
        <time>2026-06-16T14:01:11.000Z</time>
        <extensions>
          <ns3:TrackPointExtension>
            <ns3:hr>148</ns3:hr>
            <ns3:cad>92</ns3:cad>
          </ns3:TrackPointExtension>
        </extensions>
      </trkpt>
      <trkpt lat="30.75278758071362972259521484375" lon="108.4461788646876811981201171875">
        <ele>434.20001220703125</ele>
        <time>2026-06-16T14:01:12.000Z</time>
        <extensions>
          <ns3:TrackPointExtension>
            <ns3:hr>147</ns3:hr>
            <ns3:cad>91</ns3:cad>
          </ns3:TrackPointExtension>
        </extensions>
      </trkpt>
      <trkpt lat="30.7528129778802394866943359375" lon="108.44617978669703006744384765625">
        <ele>434.20001220703125</ele>
        <time>2026-06-16T14:01:13.000Z</time>
        <extensions>
          <ns3:TrackPointExtension>
            <ns3:hr>148</ns3:hr>
            <ns3:cad>91</ns3:cad>
          </ns3:TrackPointExtension>
        </extensions>
      </trkpt>
      <trkpt lat="30.75282932259142398834228515625" lon="108.446175344288349151611328125">
        <ele>434.20001220703125</ele>
        <time>2026-06-16T14:01:14.000Z</time>
        <extensions>
          <ns3:TrackPointExtension>
            <ns3:hr>148</ns3:hr>
            <ns3:cad>92</ns3:cad>
          </ns3:TrackPointExtension>
        </extensions>
      </trkpt>
      <trkpt lat="30.75285312719643115997314453125" lon="108.44617978669703006744384765625">
        <ele>434.20001220703125</ele>
        <time>2026-06-16T14:01:15.000Z</time>
        <extensions>
          <ns3:TrackPointExtension>
            <ns3:hr>147</ns3:hr>
            <ns3:cad>92</ns3:cad>
          </ns3:TrackPointExtension>
        </extensions>
      </trkpt>
      <trkpt lat="30.7528662867844104766845703125" lon="108.44618012197315692901611328125">
        <ele>434.20001220703125</ele>
        <time>2026-06-16T14:01:16.000Z</time>
        <extensions>
          <ns3:TrackPointExtension>
            <ns3:hr>148</ns3:hr>
            <ns3:cad>92</ns3:cad>
          </ns3:TrackPointExtension>
        </extensions>
      </trkpt>
      <trkpt lat="30.75288849882781505584716796875" lon="108.4461884200572967529296875">
        <ele>434.399993896484375</ele>
        <time>2026-06-16T14:01:17.000Z</time>
        <extensions>
          <ns3:TrackPointExtension>
            <ns3:hr>148</ns3:hr>
            <ns3:cad>92</ns3:cad>
          </ns3:TrackPointExtension>
        </extensions>
      </trkpt>
      <trkpt lat="30.7529058493673801422119140625" lon="108.446184061467647552490234375">
        <ele>434.399993896484375</ele>
        <time>2026-06-16T14:01:18.000Z</time>
        <extensions>
          <ns3:TrackPointExtension>
            <ns3:hr>147</ns3:hr>
            <ns3:cad>92</ns3:cad>
          </ns3:TrackPointExtension>
        </extensions>
      </trkpt>
      <trkpt lat="30.75292957015335559844970703125" lon="108.44619034789502620697021484375">
        <ele>434.399993896484375</ele>
        <time>2026-06-16T14:01:19.000Z</time>
        <extensions>
          <ns3:TrackPointExtension>
            <ns3:hr>148</ns3:hr>
            <ns3:cad>92</ns3:cad>
          </ns3:TrackPointExtension>
        </extensions>
      </trkpt>
      <trkpt lat="30.75295002199709415435791015625" lon="108.44618774950504302978515625">
        <ele>434.399993896484375</ele>
        <time>2026-06-16T14:01:20.000Z</time>
        <extensions>
          <ns3:TrackPointExtension>
            <ns3:hr>147</ns3:hr>
            <ns3:cad>93</ns3:cad>
          </ns3:TrackPointExtension>
        </extensions>
      </trkpt>
      <trkpt lat="30.752974413335323333740234375" lon="108.44619051553308963775634765625">
        <ele>434.399993896484375</ele>
        <time>2026-06-16T14:01:21.000Z</time>
        <extensions>
          <ns3:TrackPointExtension>
            <ns3:hr>147</ns3:hr>
            <ns3:cad>93</ns3:cad>
          </ns3:TrackPointExtension>
        </extensions>
      </trkpt>
      <trkpt lat="30.7529930211603641510009765625" lon="108.44618665985763072967529296875">
        <ele>434.399993896484375</ele>
        <time>2026-06-16T14:01:22.000Z</time>
        <extensions>
          <ns3:TrackPointExtension>
            <ns3:hr>147</ns3:hr>
            <ns3:cad>92</ns3:cad>
          </ns3:TrackPointExtension>
        </extensions>
      </trkpt>
      <trkpt lat="30.75301523320376873016357421875" lon="108.44618582166731357574462890625">
        <ele>434.600006103515625</ele>
        <time>2026-06-16T14:01:23.000Z</time>
        <extensions>
          <ns3:TrackPointExtension>
            <ns3:hr>147</ns3:hr>
            <ns3:cad>92</ns3:cad>
          </ns3:TrackPointExtension>
        </extensions>
      </trkpt>
      <trkpt lat="30.75303333811461925506591796875" lon="108.44617375172674655914306640625">
        <ele>434.600006103515625</ele>
        <time>2026-06-16T14:01:24.000Z</time>
        <extensions>
          <ns3:TrackPointExtension>
            <ns3:hr>146</ns3:hr>
            <ns3:cad>90</ns3:cad>
          </ns3:TrackPointExtension>
        </extensions>
      </trkpt>
      <trkpt lat="30.75304993428289890289306640625" lon="108.4461642801761627197265625">
        <ele>434.600006103515625</ele>
        <time>2026-06-16T14:01:25.000Z</time>
        <extensions>
          <ns3:TrackPointExtension>
            <ns3:hr>145</ns3:hr>
            <ns3:cad>90</ns3:cad>
          </ns3:TrackPointExtension>
        </extensions>
      </trkpt>
      <trkpt lat="30.75306720100343227386474609375" lon="108.44614475034177303314208984375">
        <ele>434.600006103515625</ele>
        <time>2026-06-16T14:01:26.000Z</time>
        <extensions>
          <ns3:TrackPointExtension>
            <ns3:hr>145</ns3:hr>
            <ns3:cad>90</ns3:cad>
          </ns3:TrackPointExtension>
        </extensions>
      </trkpt>
      <trkpt lat="30.75308279134333133697509765625" lon="108.4461265616118907928466796875">
        <ele>434.600006103515625</ele>
        <time>2026-06-16T14:01:27.000Z</time>
        <extensions>
          <ns3:TrackPointExtension>
            <ns3:hr>144</ns3:hr>
            <ns3:cad>91</ns3:cad>
          </ns3:TrackPointExtension>
        </extensions>
      </trkpt>
      <trkpt lat="30.75309343636035919189453125" lon="108.44610200263559818267822265625">
        <ele>434.600006103515625</ele>
        <time>2026-06-16T14:01:28.000Z</time>
        <extensions>
          <ns3:TrackPointExtension>
            <ns3:hr>144</ns3:hr>
            <ns3:cad>92</ns3:cad>
          </ns3:TrackPointExtension>
        </extensions>
      </trkpt>
      <trkpt lat="30.75310726650059223175048828125" lon="108.44608507119119167327880859375">
        <ele>434.600006103515625</ele>
        <time>2026-06-16T14:01:29.000Z</time>
        <extensions>
          <ns3:TrackPointExtension>
            <ns3:hr>144</ns3:hr>
            <ns3:cad>92</ns3:cad>
          </ns3:TrackPointExtension>
        </extensions>
      </trkpt>
      <trkpt lat="30.753125287592411041259765625" lon="108.44606981612741947174072265625">
        <ele>434.600006103515625</ele>
        <time>2026-06-16T14:01:30.000Z</time>
        <extensions>
          <ns3:TrackPointExtension>
            <ns3:hr>144</ns3:hr>
            <ns3:cad>92</ns3:cad>
          </ns3:TrackPointExtension>
        </extensions>
      </trkpt>
      <trkpt lat="30.7531422190368175506591796875" lon="108.44606076367199420928955078125">
        <ele>434.600006103515625</ele>
        <time>2026-06-16T14:01:31.000Z</time>
        <extensions>
          <ns3:TrackPointExtension>
            <ns3:hr>144</ns3:hr>
            <ns3:cad>91</ns3:cad>
          </ns3:TrackPointExtension>
        </extensions>
      </trkpt>
      <trkpt lat="30.75316342525184154510498046875" lon="108.446047268807888031005859375">
        <ele>434.600006103515625</ele>
        <time>2026-06-16T14:01:32.000Z</time>
        <extensions>
          <ns3:TrackPointExtension>
            <ns3:hr>145</ns3:hr>
            <ns3:cad>90</ns3:cad>
          </ns3:TrackPointExtension>
        </extensions>
      </trkpt>
      <trkpt lat="30.75317901559174060821533203125" lon="108.4460333548486232757568359375">
        <ele>434.600006103515625</ele>
        <time>2026-06-16T14:01:33.000Z</time>
        <extensions>
          <ns3:TrackPointExtension>
            <ns3:hr>147</ns3:hr>
            <ns3:cad>90</ns3:cad>
          </ns3:TrackPointExtension>
        </extensions>
      </trkpt>
      <trkpt lat="30.75319938361644744873046875" lon="108.44601935707032680511474609375">
        <ele>434.79998779296875</ele>
        <time>2026-06-16T14:01:34.000Z</time>
        <extensions>
          <ns3:TrackPointExtension>
            <ns3:hr>147</ns3:hr>
            <ns3:cad>91</ns3:cad>
          </ns3:TrackPointExtension>
        </extensions>
      </trkpt>
      <trkpt lat="30.75321187265217304229736328125" lon="108.446008376777172088623046875">
        <ele>434.79998779296875</ele>
        <time>2026-06-16T14:01:35.000Z</time>
        <extensions>
          <ns3:TrackPointExtension>
            <ns3:hr>148</ns3:hr>
            <ns3:cad>91</ns3:cad>
          </ns3:TrackPointExtension>
        </extensions>
      </trkpt>
      <trkpt lat="30.7532236911356449127197265625" lon="108.4459813870489597320556640625">
        <ele>434.79998779296875</ele>
        <time>2026-06-16T14:01:36.000Z</time>
        <extensions>
          <ns3:TrackPointExtension>
            <ns3:hr>148</ns3:hr>
            <ns3:cad>91</ns3:cad>
          </ns3:TrackPointExtension>
        </extensions>
      </trkpt>
      <trkpt lat="30.7532310672104358673095703125" lon="108.44596453942358493804931640625">
        <ele>434.79998779296875</ele>
        <time>2026-06-16T14:01:37.000Z</time>
        <extensions>
          <ns3:TrackPointExtension>
            <ns3:hr>149</ns3:hr>
            <ns3:cad>91</ns3:cad>
          </ns3:TrackPointExtension>
        </extensions>
      </trkpt>
      <trkpt lat="30.75323919765651226043701171875" lon="108.4459367953240871429443359375">
        <ele>434.79998779296875</ele>
        <time>2026-06-16T14:01:38.000Z</time>
        <extensions>
          <ns3:TrackPointExtension>
            <ns3:hr>149</ns3:hr>
            <ns3:cad>91</ns3:cad>
          </ns3:TrackPointExtension>
        </extensions>
      </trkpt>
      <trkpt lat="30.75324498116970062255859375" lon="108.445915840566158294677734375">
        <ele>434.79998779296875</ele>
        <time>2026-06-16T14:01:39.000Z</time>
        <extensions>
          <ns3:TrackPointExtension>
            <ns3:hr>149</ns3:hr>
            <ns3:cad>91</ns3:cad>
          </ns3:TrackPointExtension>
        </extensions>
      </trkpt>
      <trkpt lat="30.75325646437704563140869140625" lon="108.44589379616081714630126953125">
        <ele>434.79998779296875</ele>
        <time>2026-06-16T14:01:40.000Z</time>
        <extensions>
          <ns3:TrackPointExtension>
            <ns3:hr>149</ns3:hr>
            <ns3:cad>91</ns3:cad>
          </ns3:TrackPointExtension>
        </extensions>
      </trkpt>
      <trkpt lat="30.75326233170926570892333984375" lon="108.445873595774173736572265625">
        <ele>434.79998779296875</ele>
        <time>2026-06-16T14:01:41.000Z</time>
        <extensions>
          <ns3:TrackPointExtension>
            <ns3:hr>149</ns3:hr>
            <ns3:cad>91</ns3:cad>
          </ns3:TrackPointExtension>
        </extensions>
      </trkpt>
      <trkpt lat="30.75327238999307155609130859375" lon="108.4458482824265956878662109375">
        <ele>434.600006103515625</ele>
        <time>2026-06-16T14:01:42.000Z</time>
        <extensions>
          <ns3:TrackPointExtension>
            <ns3:hr>149</ns3:hr>
            <ns3:cad>90</ns3:cad>
          </ns3:TrackPointExtension>
        </extensions>
      </trkpt>
      <trkpt lat="30.75327557511627674102783203125" lon="108.44583076424896717071533203125">
        <ele>434.600006103515625</ele>
        <time>2026-06-16T14:01:43.000Z</time>
        <extensions>
          <ns3:TrackPointExtension>
            <ns3:hr>148</ns3:hr>
            <ns3:cad>90</ns3:cad>
          </ns3:TrackPointExtension>
        </extensions>
      </trkpt>
      <trkpt lat="30.753282196819782257080078125" lon="108.44580377452075481414794921875">
        <ele>434.600006103515625</ele>
        <time>2026-06-16T14:01:44.000Z</time>
        <extensions>
          <ns3:TrackPointExtension>
            <ns3:hr>146</ns3:hr>
            <ns3:cad>90</ns3:cad>
          </ns3:TrackPointExtension>
        </extensions>
      </trkpt>
      <trkpt lat="30.75328412465751171112060546875" lon="108.4457834064960479736328125">
        <ele>434.399993896484375</ele>
        <time>2026-06-16T14:01:45.000Z</time>
        <extensions>
          <ns3:TrackPointExtension>
            <ns3:hr>145</ns3:hr>
            <ns3:cad>91</ns3:cad>
          </ns3:TrackPointExtension>
        </extensions>
      </trkpt>
      <trkpt lat="30.753282867372035980224609375" lon="108.445754908025264739990234375">
        <ele>434.600006103515625</ele>
        <time>2026-06-16T14:01:46.000Z</time>
        <extensions>
          <ns3:TrackPointExtension>
            <ns3:hr>144</ns3:hr>
            <ns3:cad>91</ns3:cad>
          </ns3:TrackPointExtension>
        </extensions>
      </trkpt>
      <trkpt lat="30.753272138535976409912109375" lon="108.4457346238195896148681640625">
        <ele>434.600006103515625</ele>
        <time>2026-06-16T14:01:47.000Z</time>
        <extensions>
          <ns3:TrackPointExtension>
            <ns3:hr>143</ns3:hr>
            <ns3:cad>92</ns3:cad>
          </ns3:TrackPointExtension>
        </extensions>
      </trkpt>
      <trkpt lat="30.75327314436435699462890625" lon="108.4457081370055675506591796875">
        <ele>434.600006103515625</ele>
        <time>2026-06-16T14:01:48.000Z</time>
        <extensions>
          <ns3:TrackPointExtension>
            <ns3:hr>143</ns3:hr>
            <ns3:cad>92</ns3:cad>
          </ns3:TrackPointExtension>
        </extensions>
      </trkpt>
      <trkpt lat="30.75327004306018352508544921875" lon="108.4456895291805267333984375">
        <ele>434.600006103515625</ele>
        <time>2026-06-16T14:01:49.000Z</time>
        <extensions>
          <ns3:TrackPointExtension>
            <ns3:hr>143</ns3:hr>
            <ns3:cad>92</ns3:cad>
          </ns3:TrackPointExtension>
        </extensions>
      </trkpt>
      <trkpt lat="30.7532706297934055328369140625" lon="108.44566203653812408447265625">
        <ele>434.79998779296875</ele>
        <time>2026-06-16T14:01:50.000Z</time>
        <extensions>
          <ns3:TrackPointExtension>
            <ns3:hr>143</ns3:hr>
            <ns3:cad>92</ns3:cad>
          </ns3:TrackPointExtension>
        </extensions>
      </trkpt>
      <trkpt lat="30.753268785774707794189453125" lon="108.4456410817801952362060546875">
        <ele>434.79998779296875</ele>
        <time>2026-06-16T14:01:51.000Z</time>
        <extensions>
          <ns3:TrackPointExtension>
            <ns3:hr>142</ns3:hr>
            <ns3:cad>92</ns3:cad>
          </ns3:TrackPointExtension>
        </extensions>
      </trkpt>
      <trkpt lat="30.75326618738472461700439453125" lon="108.44562289305031299591064453125">
        <ele>434.79998779296875</ele>
        <time>2026-06-16T14:01:52.000Z</time>
        <extensions>
          <ns3:TrackPointExtension>
            <ns3:hr>142</ns3:hr>
            <ns3:cad>92</ns3:cad>
          </ns3:TrackPointExtension>
        </extensions>
      </trkpt>
      <trkpt lat="30.7532635889947414398193359375" lon="108.4455991722643375396728515625">
        <ele>435</ele>
        <time>2026-06-16T14:01:53.000Z</time>
        <extensions>
          <ns3:TrackPointExtension>
            <ns3:hr>142</ns3:hr>
            <ns3:cad>92</ns3:cad>
          </ns3:TrackPointExtension>
        </extensions>
      </trkpt>
      <trkpt lat="30.75326534919440746307373046875" lon="108.445574529469013214111328125">
        <ele>435</ele>
        <time>2026-06-16T14:01:54.000Z</time>
        <extensions>
          <ns3:TrackPointExtension>
            <ns3:hr>142</ns3:hr>
            <ns3:cad>91</ns3:cad>
          </ns3:TrackPointExtension>
        </extensions>
      </trkpt>
      <trkpt lat="30.7532659359276294708251953125" lon="108.44554577954113483428955078125">
        <ele>435</ele>
        <time>2026-06-16T14:01:55.000Z</time>
        <extensions>
          <ns3:TrackPointExtension>
            <ns3:hr>142</ns3:hr>
            <ns3:cad>91</ns3:cad>
          </ns3:TrackPointExtension>
        </extensions>
      </trkpt>
      <trkpt lat="30.7532706297934055328369140625" lon="108.4455237351357936859130859375">
        <ele>435</ele>
        <time>2026-06-16T14:01:56.000Z</time>
        <extensions>
          <ns3:TrackPointExtension>
            <ns3:hr>142</ns3:hr>
            <ns3:cad>91</ns3:cad>
          </ns3:TrackPointExtension>
        </extensions>
      </trkpt>
      <trkpt lat="30.7532706297934055328369140625" lon="108.4454955719411373138427734375">
        <ele>435</ele>
        <time>2026-06-16T14:01:57.000Z</time>
        <extensions>
          <ns3:TrackPointExtension>
            <ns3:hr>143</ns3:hr>
            <ns3:cad>93</ns3:cad>
          </ns3:TrackPointExtension>
        </extensions>
      </trkpt>
      <trkpt lat="30.75327071361243724822998046875" lon="108.44547017477452754974365234375">
        <ele>435</ele>
        <time>2026-06-16T14:01:58.000Z</time>
        <extensions>
          <ns3:TrackPointExtension>
            <ns3:hr>143</ns3:hr>
            <ns3:cad>93</ns3:cad>
          </ns3:TrackPointExtension>
        </extensions>
      </trkpt>
      <trkpt lat="30.753266774117946624755859375" lon="108.44543874263763427734375">
        <ele>435</ele>
        <time>2026-06-16T14:01:59.000Z</time>
        <extensions>
          <ns3:TrackPointExtension>
            <ns3:hr>143</ns3:hr>
            <ns3:cad>93</ns3:cad>
          </ns3:TrackPointExtension>
        </extensions>
      </trkpt>
      <trkpt lat="30.75326065532863140106201171875" lon="108.44541569240391254425048828125">
        <ele>435</ele>
        <time>2026-06-16T14:02:00.000Z</time>
        <extensions>
          <ns3:TrackPointExtension>
            <ns3:hr>144</ns3:hr>
            <ns3:cad>92</ns3:cad>
          </ns3:TrackPointExtension>
        </extensions>
      </trkpt>
      <trkpt lat="30.7532505132257938385009765625" lon="108.44538903795182704925537109375">
        <ele>434.79998779296875</ele>
        <time>2026-06-16T14:02:01.000Z</time>
        <extensions>
          <ns3:TrackPointExtension>
            <ns3:hr>144</ns3:hr>
            <ns3:cad>92</ns3:cad>
          </ns3:TrackPointExtension>
        </extensions>
      </trkpt>
      <trkpt lat="30.75323802419006824493408203125" lon="108.445368669927120208740234375">
        <ele>434.79998779296875</ele>
        <time>2026-06-16T14:02:02.000Z</time>
        <extensions>
          <ns3:TrackPointExtension>
            <ns3:hr>145</ns3:hr>
            <ns3:cad>92</ns3:cad>
          </ns3:TrackPointExtension>
        </extensions>
      </trkpt>
      <trkpt lat="30.75322578661143779754638671875" lon="108.44534629024565219879150390625">
        <ele>434.79998779296875</ele>
        <time>2026-06-16T14:02:03.000Z</time>
        <extensions>
          <ns3:TrackPointExtension>
            <ns3:hr>145</ns3:hr>
            <ns3:cad>90</ns3:cad>
          </ns3:TrackPointExtension>
        </extensions>
      </trkpt>
      <trkpt lat="30.75321069918572902679443359375" lon="108.4453339688479900360107421875">
        <ele>434.79998779296875</ele>
        <time>2026-06-16T14:02:04.000Z</time>
        <extensions>
          <ns3:TrackPointExtension>
            <ns3:hr>145</ns3:hr>
            <ns3:cad>90</ns3:cad>
          </ns3:TrackPointExtension>
        </extensions>
      </trkpt>
      <trkpt lat="30.75319963507354259490966796875" lon="108.44531334936618804931640625">
        <ele>434.79998779296875</ele>
        <time>2026-06-16T14:02:05.000Z</time>
        <extensions>
          <ns3:TrackPointExtension>
            <ns3:hr>145</ns3:hr>
            <ns3:cad>92</ns3:cad>
          </ns3:TrackPointExtension>
        </extensions>
      </trkpt>
      <trkpt lat="30.753187648952007293701171875" lon="108.4453034587204456329345703125">
        <ele>434.79998779296875</ele>
        <time>2026-06-16T14:02:06.000Z</time>
        <extensions>
          <ns3:TrackPointExtension>
            <ns3:hr>145</ns3:hr>
            <ns3:cad>92</ns3:cad>
          </ns3:TrackPointExtension>
        </extensions>
      </trkpt>
      <trkpt lat="30.7531757466495037078857421875" lon="108.44527889974415302276611328125">
        <ele>435</ele>
        <time>2026-06-16T14:02:07.000Z</time>
        <extensions>
          <ns3:TrackPointExtension>
            <ns3:hr>145</ns3:hr>
            <ns3:cad>92</ns3:cad>
          </ns3:TrackPointExtension>
        </extensions>
      </trkpt>
      <trkpt lat="30.75316493399441242218017578125" lon="108.4452642314136028289794921875">
        <ele>435</ele>
        <time>2026-06-16T14:02:08.000Z</time>
        <extensions>
          <ns3:TrackPointExtension>
            <ns3:hr>145</ns3:hr>
            <ns3:cad>92</ns3:cad>
          </ns3:TrackPointExtension>
        </extensions>
      </trkpt>
      <trkpt lat="30.7531589828431606292724609375" lon="108.44523715786635875701904296875">
        <ele>435</ele>
        <time>2026-06-16T14:02:09.000Z</time>
        <extensions>
          <ns3:TrackPointExtension>
            <ns3:hr>145</ns3:hr>
            <ns3:cad>93</ns3:cad>
          </ns3:TrackPointExtension>
        </extensions>
      </trkpt>
      <trkpt lat="30.753152109682559967041015625" lon="108.445213772356510162353515625">
        <ele>435</ele>
        <time>2026-06-16T14:02:10.000Z</time>
        <extensions>
          <ns3:TrackPointExtension>
            <ns3:hr>145</ns3:hr>
            <ns3:cad>93</ns3:cad>
          </ns3:TrackPointExtension>
        </extensions>
      </trkpt>
      <trkpt lat="30.75315521098673343658447265625" lon="108.44518569298088550567626953125">
        <ele>435</ele>
        <time>2026-06-16T14:02:11.000Z</time>
        <extensions>
          <ns3:TrackPointExtension>
            <ns3:hr>145</ns3:hr>
            <ns3:cad>93</ns3:cad>
          </ns3:TrackPointExtension>
        </extensions>
      </trkpt>
      <trkpt lat="30.753154121339321136474609375" lon="108.445165492594242095947265625">
        <ele>435</ele>
        <time>2026-06-16T14:02:12.000Z</time>
        <extensions>
          <ns3:TrackPointExtension>
            <ns3:hr>145</ns3:hr>
            <ns3:cad>92</ns3:cad>
          </ns3:TrackPointExtension>
        </extensions>
      </trkpt>
      <trkpt lat="30.75315378606319427490234375" lon="108.44513942487537860870361328125">
        <ele>435</ele>
        <time>2026-06-16T14:02:13.000Z</time>
        <extensions>
          <ns3:TrackPointExtension>
            <ns3:hr>146</ns3:hr>
            <ns3:cad>92</ns3:cad>
          </ns3:TrackPointExtension>
        </extensions>
      </trkpt>
      <trkpt lat="30.753142721951007843017578125" lon="108.445122577250003814697265625">
        <ele>435</ele>
        <time>2026-06-16T14:02:14.000Z</time>
        <extensions>
          <ns3:TrackPointExtension>
            <ns3:hr>146</ns3:hr>
            <ns3:cad>92</ns3:cad>
          </ns3:TrackPointExtension>
        </extensions>
      </trkpt>
      <trkpt lat="30.75312537141144275665283203125" lon="108.4451103396713733673095703125">
        <ele>435</ele>
        <time>2026-06-16T14:02:15.000Z</time>
        <extensions>
          <ns3:TrackPointExtension>
            <ns3:hr>146</ns3:hr>
            <ns3:cad>91</ns3:cad>
          </ns3:TrackPointExtension>
        </extensions>
      </trkpt>
      <trkpt lat="30.7531050033867359161376953125" lon="108.44511159695684909820556640625">
        <ele>435</ele>
        <time>2026-06-16T14:02:16.000Z</time>
        <extensions>
          <ns3:TrackPointExtension>
            <ns3:hr>146</ns3:hr>
            <ns3:cad>90</ns3:cad>
          </ns3:TrackPointExtension>
        </extensions>
      </trkpt>
      <trkpt lat="30.75308404862880706787109375" lon="108.4451133571565151214599609375">
        <ele>435</ele>
        <time>2026-06-16T14:02:17.000Z</time>
        <extensions>
          <ns3:TrackPointExtension>
            <ns3:hr>146</ns3:hr>
            <ns3:cad>90</ns3:cad>
          </ns3:TrackPointExtension>
        </extensions>
      </trkpt>
      <trkpt lat="30.75306016020476818084716796875" lon="108.445112518966197967529296875">
        <ele>435</ele>
        <time>2026-06-16T14:02:18.000Z</time>
        <extensions>
          <ns3:TrackPointExtension>
            <ns3:hr>146</ns3:hr>
            <ns3:cad>90</ns3:cad>
          </ns3:TrackPointExtension>
        </extensions>
      </trkpt>
      <trkpt lat="30.75303853489458560943603515625" lon="108.44511042349040508270263671875">
        <ele>435</ele>
        <time>2026-06-16T14:02:19.000Z</time>
        <extensions>
          <ns3:TrackPointExtension>
            <ns3:hr>146</ns3:hr>
            <ns3:cad>91</ns3:cad>
          </ns3:TrackPointExtension>
        </extensions>
      </trkpt>
      <trkpt lat="30.7530174963176250457763671875" lon="108.4451167099177837371826171875">
        <ele>435</ele>
        <time>2026-06-16T14:02:20.000Z</time>
        <extensions>
          <ns3:TrackPointExtension>
            <ns3:hr>146</ns3:hr>
            <ns3:cad>91</ns3:cad>
          </ns3:TrackPointExtension>
        </extensions>
      </trkpt>
      <trkpt lat="30.7529936917126178741455078125" lon="108.445119224488735198974609375">
        <ele>435</ele>
        <time>2026-06-16T14:02:21.000Z</time>
        <extensions>
          <ns3:TrackPointExtension>
            <ns3:hr>146</ns3:hr>
            <ns3:cad>91</ns3:cad>
          </ns3:TrackPointExtension>
        </extensions>
      </trkpt>
      <trkpt lat="30.75297181494534015655517578125" lon="108.4451217390596866607666015625">
        <ele>435</ele>
        <time>2026-06-16T14:02:22.000Z</time>
        <extensions>
          <ns3:TrackPointExtension>
            <ns3:hr>146</ns3:hr>
            <ns3:cad>91</ns3:cad>
          </ns3:TrackPointExtension>
        </extensions>
      </trkpt>
      <trkpt lat="30.7529541291296482086181640625" lon="108.4451224096119403839111328125">
        <ele>435</ele>
        <time>2026-06-16T14:02:23.000Z</time>
        <extensions>
          <ns3:TrackPointExtension>
            <ns3:hr>146</ns3:hr>
            <ns3:cad>91</ns3:cad>
          </ns3:TrackPointExtension>
        </extensions>
      </trkpt>
      <trkpt lat="30.752930827438831329345703125" lon="108.4451235830783843994140625">
        <ele>435</ele>
        <time>2026-06-16T14:02:24.000Z</time>
        <extensions>
          <ns3:TrackPointExtension>
            <ns3:hr>146</ns3:hr>
            <ns3:cad>91</ns3:cad>
          </ns3:TrackPointExtension>
        </extensions>
      </trkpt>
      <trkpt lat="30.752910710871219635009765625" lon="108.44512023031711578369140625">
        <ele>435</ele>
        <time>2026-06-16T14:02:25.000Z</time>
        <extensions>
          <ns3:TrackPointExtension>
            <ns3:hr>145</ns3:hr>
            <ns3:cad>91</ns3:cad>
          </ns3:TrackPointExtension>
        </extensions>
      </trkpt>
      <trkpt lat="30.7528877444565296173095703125" lon="108.4451203979551792144775390625">
        <ele>435</ele>
        <time>2026-06-16T14:02:26.000Z</time>
        <extensions>
          <ns3:TrackPointExtension>
            <ns3:hr>145</ns3:hr>
            <ns3:cad>91</ns3:cad>
          </ns3:TrackPointExtension>
        </extensions>
      </trkpt>
      <trkpt lat="30.7528696395456790924072265625" lon="108.445122577250003814697265625">
        <ele>435</ele>
        <time>2026-06-16T14:02:27.000Z</time>
        <extensions>
          <ns3:TrackPointExtension>
            <ns3:hr>145</ns3:hr>
            <ns3:cad>91</ns3:cad>
          </ns3:TrackPointExtension>
        </extensions>
      </trkpt>
      <trkpt lat="30.75284239836037158966064453125" lon="108.445124924182891845703125">
        <ele>435</ele>
        <time>2026-06-16T14:02:28.000Z</time>
        <extensions>
          <ns3:TrackPointExtension>
            <ns3:hr>145</ns3:hr>
            <ns3:cad>91</ns3:cad>
          </ns3:TrackPointExtension>
        </extensions>
      </trkpt>
      <trkpt lat="30.752824880182743072509765625" lon="108.44512760639190673828125">
        <ele>435</ele>
        <time>2026-06-16T14:02:29.000Z</time>
        <extensions>
          <ns3:TrackPointExtension>
            <ns3:hr>145</ns3:hr>
            <ns3:cad>91</ns3:cad>
          </ns3:TrackPointExtension>
        </extensions>
      </trkpt>
      <trkpt lat="30.752801410853862762451171875" lon="108.4451209008693695068359375">
        <ele>435</ele>
        <time>2026-06-16T14:02:30.000Z</time>
        <extensions>
          <ns3:TrackPointExtension>
            <ns3:hr>145</ns3:hr>
            <ns3:cad>91</ns3:cad>
          </ns3:TrackPointExtension>
        </extensions>
      </trkpt>
      <trkpt lat="30.75278506614267826080322265625" lon="108.44512500800192356109619140625">
        <ele>435</ele>
        <time>2026-06-16T14:02:31.000Z</time>
        <extensions>
          <ns3:TrackPointExtension>
            <ns3:hr>145</ns3:hr>
            <ns3:cad>92</ns3:cad>
          </ns3:TrackPointExtension>
        </extensions>
      </trkpt>
      <trkpt lat="30.75276084244251251220703125" lon="108.44511947594583034515380859375">
        <ele>435</ele>
        <time>2026-06-16T14:02:32.000Z</time>
        <extensions>
          <ns3:TrackPointExtension>
            <ns3:hr>145</ns3:hr>
            <ns3:cad>92</ns3:cad>
          </ns3:TrackPointExtension>
        </extensions>
      </trkpt>
      <trkpt lat="30.75274231843650341033935546875" lon="108.445122577250003814697265625">
        <ele>435</ele>
        <time>2026-06-16T14:02:33.000Z</time>
        <extensions>
          <ns3:TrackPointExtension>
            <ns3:hr>144</ns3:hr>
            <ns3:cad>92</ns3:cad>
          </ns3:TrackPointExtension>
        </extensions>
      </trkpt>
      <trkpt lat="30.75271532870829105377197265625" lon="108.445118553936481475830078125">
        <ele>435.20001220703125</ele>
        <time>2026-06-16T14:02:34.000Z</time>
        <extensions>
          <ns3:TrackPointExtension>
            <ns3:hr>145</ns3:hr>
            <ns3:cad>92</ns3:cad>
          </ns3:TrackPointExtension>
        </extensions>
      </trkpt>
      <trkpt lat="30.75269822962582111358642578125" lon="108.44512115232646465301513671875">
        <ele>435.20001220703125</ele>
        <time>2026-06-16T14:02:35.000Z</time>
        <extensions>
          <ns3:TrackPointExtension>
            <ns3:hr>145</ns3:hr>
            <ns3:cad>92</ns3:cad>
          </ns3:TrackPointExtension>
        </extensions>
      </trkpt>
      <trkpt lat="30.7526743412017822265625" lon="108.44511293806135654449462890625">
        <ele>435.20001220703125</ele>
        <time>2026-06-16T14:02:36.000Z</time>
        <extensions>
          <ns3:TrackPointExtension>
            <ns3:hr>145</ns3:hr>
            <ns3:cad>93</ns3:cad>
          </ns3:TrackPointExtension>
        </extensions>
      </trkpt>
      <trkpt lat="30.7526567392051219940185546875" lon="108.44511059112846851348876953125">
        <ele>435.20001220703125</ele>
        <time>2026-06-16T14:02:37.000Z</time>
        <extensions>
          <ns3:TrackPointExtension>
            <ns3:hr>144</ns3:hr>
            <ns3:cad>93</ns3:cad>
          </ns3:TrackPointExtension>
        </extensions>
      </trkpt>
      <trkpt lat="30.75263209640979766845703125" lon="108.44510472379624843597412109375">
        <ele>435.20001220703125</ele>
        <time>2026-06-16T14:02:38.000Z</time>
        <extensions>
          <ns3:TrackPointExtension>
            <ns3:hr>145</ns3:hr>
            <ns3:cad>93</ns3:cad>
          </ns3:TrackPointExtension>
        </extensions>
      </trkpt>
      <trkpt lat="30.7526139914989471435546875" lon="108.44510925002396106719970703125">
        <ele>435.20001220703125</ele>
        <time>2026-06-16T14:02:39.000Z</time>
        <extensions>
          <ns3:TrackPointExtension>
            <ns3:hr>145</ns3:hr>
            <ns3:cad>93</ns3:cad>
          </ns3:TrackPointExtension>
        </extensions>
      </trkpt>
      <trkpt lat="30.7525953836739063262939453125" lon="108.445112518966197967529296875">
        <ele>435.20001220703125</ele>
        <time>2026-06-16T14:02:40.000Z</time>
        <extensions>
          <ns3:TrackPointExtension>
            <ns3:hr>144</ns3:hr>
            <ns3:cad>93</ns3:cad>
          </ns3:TrackPointExtension>
        </extensions>
      </trkpt>
      <trkpt lat="30.7525782845914363861083984375" lon="108.44511947594583034515380859375">
        <ele>435.20001220703125</ele>
        <time>2026-06-16T14:02:41.000Z</time>
        <extensions>
          <ns3:TrackPointExtension>
            <ns3:hr>145</ns3:hr>
            <ns3:cad>93</ns3:cad>
          </ns3:TrackPointExtension>
        </extensions>
      </trkpt>
      <trkpt lat="30.752562023699283599853515625" lon="108.4451200626790523529052734375">
        <ele>435.20001220703125</ele>
        <time>2026-06-16T14:02:42.000Z</time>
        <extensions>
          <ns3:TrackPointExtension>
            <ns3:hr>145</ns3:hr>
            <ns3:cad>92</ns3:cad>
          </ns3:TrackPointExtension>
        </extensions>
      </trkpt>
      <trkpt lat="30.7525400631129741668701171875" lon="108.445124588906764984130859375">
        <ele>435.20001220703125</ele>
        <time>2026-06-16T14:02:43.000Z</time>
        <extensions>
          <ns3:TrackPointExtension>
            <ns3:hr>144</ns3:hr>
            <ns3:cad>93</ns3:cad>
          </ns3:TrackPointExtension>
        </extensions>
      </trkpt>
      <trkpt lat="30.75252304784953594207763671875" lon="108.44512886367738246917724609375">
        <ele>435.20001220703125</ele>
        <time>2026-06-16T14:02:44.000Z</time>
        <extensions>
          <ns3:TrackPointExtension>
            <ns3:hr>145</ns3:hr>
            <ns3:cad>93</ns3:cad>
          </ns3:TrackPointExtension>
        </extensions>
      </trkpt>
      <trkpt lat="30.75249756686389446258544921875" lon="108.445133976638317108154296875">
        <ele>435.20001220703125</ele>
        <time>2026-06-16T14:02:45.000Z</time>
        <extensions>
          <ns3:TrackPointExtension>
            <ns3:hr>145</ns3:hr>
            <ns3:cad>93</ns3:cad>
          </ns3:TrackPointExtension>
        </extensions>
      </trkpt>
      <trkpt lat="30.75248147360980510711669921875" lon="108.4451317973434925079345703125">
        <ele>435.20001220703125</ele>
        <time>2026-06-16T14:02:46.000Z</time>
        <extensions>
          <ns3:TrackPointExtension>
            <ns3:hr>146</ns3:hr>
            <ns3:cad>93</ns3:cad>
          </ns3:TrackPointExtension>
        </extensions>
      </trkpt>
      <trkpt lat="30.7524518854916095733642578125" lon="108.4451254270970821380615234375">
        <ele>435.20001220703125</ele>
        <time>2026-06-16T14:02:47.000Z</time>
        <extensions>
          <ns3:TrackPointExtension>
            <ns3:hr>146</ns3:hr>
            <ns3:cad>93</ns3:cad>
          </ns3:TrackPointExtension>
        </extensions>
      </trkpt>
      <trkpt lat="30.75243487022817134857177734375" lon="108.44512316398322582244873046875">
        <ele>435</ele>
        <time>2026-06-16T14:02:48.000Z</time>
        <extensions>
          <ns3:TrackPointExtension>
            <ns3:hr>147</ns3:hr>
            <ns3:cad>93</ns3:cad>
          </ns3:TrackPointExtension>
        </extensions>
      </trkpt>
      <trkpt lat="30.7524082995951175689697265625" lon="108.4451157040894031524658203125">
        <ele>435</ele>
        <time>2026-06-16T14:02:49.000Z</time>
        <extensions>
          <ns3:TrackPointExtension>
            <ns3:hr>147</ns3:hr>
            <ns3:cad>93</ns3:cad>
          </ns3:TrackPointExtension>
        </extensions>
      </trkpt>
      <trkpt lat="30.75238826684653759002685546875" lon="108.445114195346832275390625">
        <ele>435</ele>
        <time>2026-06-16T14:02:50.000Z</time>
        <extensions>
          <ns3:TrackPointExtension>
            <ns3:hr>147</ns3:hr>
            <ns3:cad>93</ns3:cad>
          </ns3:TrackPointExtension>
        </extensions>
      </trkpt>
      <trkpt lat="30.75236781500279903411865234375" lon="108.44510681927204132080078125">
        <ele>435</ele>
        <time>2026-06-16T14:02:51.000Z</time>
        <extensions>
          <ns3:TrackPointExtension>
            <ns3:hr>147</ns3:hr>
            <ns3:cad>92</ns3:cad>
          </ns3:TrackPointExtension>
        </extensions>
      </trkpt>
      <trkpt lat="30.752347446978092193603515625" lon="108.44510857947170734405517578125">
        <ele>435.20001220703125</ele>
        <time>2026-06-16T14:02:52.000Z</time>
        <extensions>
          <ns3:TrackPointExtension>
            <ns3:hr>147</ns3:hr>
            <ns3:cad>92</ns3:cad>
          </ns3:TrackPointExtension>
        </extensions>
      </trkpt>
      <trkpt lat="30.7523228041827678680419921875" lon="108.445110507309436798095703125">
        <ele>435.20001220703125</ele>
        <time>2026-06-16T14:02:53.000Z</time>
        <extensions>
          <ns3:TrackPointExtension>
            <ns3:hr>147</ns3:hr>
            <ns3:cad>91</ns3:cad>
          </ns3:TrackPointExtension>
        </extensions>
      </trkpt>
      <trkpt lat="30.7523073814809322357177734375" lon="108.44511511735618114471435546875">
        <ele>435.20001220703125</ele>
        <time>2026-06-16T14:02:54.000Z</time>
        <extensions>
          <ns3:TrackPointExtension>
            <ns3:hr>148</ns3:hr>
            <ns3:cad>91</ns3:cad>
          </ns3:TrackPointExtension>
        </extensions>
      </trkpt>
      <trkpt lat="30.75228634290397167205810546875" lon="108.44511142931878566741943359375">
        <ele>435.20001220703125</ele>
        <time>2026-06-16T14:02:55.000Z</time>
        <extensions>
          <ns3:TrackPointExtension>
            <ns3:hr>147</ns3:hr>
            <ns3:cad>90</ns3:cad>
          </ns3:TrackPointExtension>
        </extensions>
      </trkpt>
      <trkpt lat="30.752271004021167755126953125" lon="108.44511511735618114471435546875">
        <ele>435.399993896484375</ele>
        <time>2026-06-16T14:02:56.000Z</time>
        <extensions>
          <ns3:TrackPointExtension>
            <ns3:hr>147</ns3:hr>
            <ns3:cad>90</ns3:cad>
          </ns3:TrackPointExtension>
        </extensions>
      </trkpt>
      <trkpt lat="30.7522470317780971527099609375" lon="108.44511042349040508270263671875">
        <ele>435.399993896484375</ele>
        <time>2026-06-16T14:02:57.000Z</time>
        <extensions>
          <ns3:TrackPointExtension>
            <ns3:hr>148</ns3:hr>
            <ns3:cad>90</ns3:cad>
          </ns3:TrackPointExtension>
        </extensions>
      </trkpt>
      <trkpt lat="30.75222817249596118927001953125" lon="108.445113189518451690673828125">
        <ele>435.20001220703125</ele>
        <time>2026-06-16T14:02:58.000Z</time>
        <extensions>
          <ns3:TrackPointExtension>
            <ns3:hr>148</ns3:hr>
            <ns3:cad>90</ns3:cad>
          </ns3:TrackPointExtension>
        </extensions>
      </trkpt>
      <trkpt lat="30.7522057928144931793212890625" lon="108.445105813443660736083984375">
        <ele>435.20001220703125</ele>
        <time>2026-06-16T14:02:59.000Z</time>
        <extensions>
          <ns3:TrackPointExtension>
            <ns3:hr>148</ns3:hr>
            <ns3:cad>90</ns3:cad>
          </ns3:TrackPointExtension>
        </extensions>
      </trkpt>
      <trkpt lat="30.7521890290081501007080078125" lon="108.44510690309107303619384765625">
        <ele>435.20001220703125</ele>
        <time>2026-06-16T14:03:00.000Z</time>
        <extensions>
          <ns3:TrackPointExtension>
            <ns3:hr>148</ns3:hr>
            <ns3:cad>90</ns3:cad>
          </ns3:TrackPointExtension>
        </extensions>
      </trkpt>
      <trkpt lat="30.75216673314571380615234375" lon="108.44510707072913646697998046875">
        <ele>435.20001220703125</ele>
        <time>2026-06-16T14:03:01.000Z</time>
        <extensions>
          <ns3:TrackPointExtension>
            <ns3:hr>148</ns3:hr>
            <ns3:cad>91</ns3:cad>
          </ns3:TrackPointExtension>
        </extensions>
      </trkpt>
      <trkpt lat="30.75214804150164127349853515625" lon="108.4451115131378173828125">
        <ele>435.20001220703125</ele>
        <time>2026-06-16T14:03:02.000Z</time>
        <extensions>
          <ns3:TrackPointExtension>
            <ns3:hr>148</ns3:hr>
            <ns3:cad>91</ns3:cad>
          </ns3:TrackPointExtension>
        </extensions>
      </trkpt>
      <trkpt lat="30.752127505838871002197265625" lon="108.44510958530008792877197265625">
        <ele>435.20001220703125</ele>
        <time>2026-06-16T14:03:03.000Z</time>
        <extensions>
          <ns3:TrackPointExtension>
            <ns3:hr>148</ns3:hr>
            <ns3:cad>91</ns3:cad>
          </ns3:TrackPointExtension>
        </extensions>
      </trkpt>
      <trkpt lat="30.75210730545222759246826171875" lon="108.4451096691191196441650390625">
        <ele>435.20001220703125</ele>
        <time>2026-06-16T14:03:04.000Z</time>
        <extensions>
          <ns3:TrackPointExtension>
            <ns3:hr>148</ns3:hr>
            <ns3:cad>91</ns3:cad>
          </ns3:TrackPointExtension>
        </extensions>
      </trkpt>
      <trkpt lat="30.752086602151393890380859375" lon="108.44510790891945362091064453125">
        <ele>435.20001220703125</ele>
        <time>2026-06-16T14:03:05.000Z</time>
        <extensions>
          <ns3:TrackPointExtension>
            <ns3:hr>148</ns3:hr>
            <ns3:cad>91</ns3:cad>
          </ns3:TrackPointExtension>
        </extensions>
      </trkpt>
      <trkpt lat="30.752060450613498687744140625" lon="108.44511008821427822113037109375">
        <ele>435.20001220703125</ele>
        <time>2026-06-16T14:03:06.000Z</time>
        <extensions>
          <ns3:TrackPointExtension>
            <ns3:hr>148</ns3:hr>
            <ns3:cad>92</ns3:cad>
          </ns3:TrackPointExtension>
        </extensions>
      </trkpt>
      <trkpt lat="30.7520368136465549468994140625" lon="108.4451110102236270904541015625">
        <ele>435.20001220703125</ele>
        <time>2026-06-16T14:03:07.000Z</time>
        <extensions>
          <ns3:TrackPointExtension>
            <ns3:hr>148</ns3:hr>
            <ns3:cad>92</ns3:cad>
          </ns3:TrackPointExtension>
        </extensions>
      </trkpt>
    </trkseg>
  </trk>
</gpx>
