<gpx xmlns:ns3="http://www.garmin.com/xmlschemas/TrackPointExtension/v1" xmlns="http://www.topografix.com/GPX/1/1" xmlns:xsi="http://www.w3.org/2001/XMLSchema-instance" xmlns:ns2="http://www.garmin.com/xmlschemas/GpxExtensions/v3" creator="Garmin Connect" version="1.1" xsi:schemaLocation="http://www.topografix.com/GPX/1/1 http://www.topografix.com/GPX/11.xsd">
  <extensions>
<distance>5010.73</distance>
<average_hr>155.0</average_hr>
<average_speed>2.322000026702881</average_speed>
<start_time>2026-07-24T13:55:25+00:00</start_time>
<end_time>2026-07-24T14:31:23.348000+00:00</end_time>
<moving_time>2156.641</moving_time>
<elapsed_time>2158.348</elapsed_time>
</extensions>
<metadata>
    <link href="connect.garmin.com">
      <text>Garmin Connect</text>
    </link>
    <time>2026-07-24T13:55:25.000Z</time>
  </metadata>
  <trk>
    <name>万州区 - 基础训练</name>
    <type>running</type>
    <trkseg>
      <trkpt lat="30.74899175204336643218994140625" lon="108.44159203581511974334716796875">
        <ele>447.79998779296875</ele>
        <time>2026-07-24T13:55:25.000Z</time>
        <extensions>
          <ns3:TrackPointExtension>
            <ns3:hr>78</ns3:hr>
            <ns3:cad>0</ns3:cad>
          </ns3:TrackPointExtension>
        </extensions>
      </trkpt>
      <trkpt lat="30.74898839928209781646728515625" lon="108.44159438274800777435302734375">
        <ele>447.79998779296875</ele>
        <time>2026-07-24T13:55:26.000Z</time>
        <extensions>
          <ns3:TrackPointExtension>
            <ns3:hr>78</ns3:hr>
            <ns3:cad>0</ns3:cad>
          </ns3:TrackPointExtension>
        </extensions>
      </trkpt>
      <trkpt lat="30.74898823164403438568115234375" lon="108.44161835499107837677001953125">
        <ele>448</ele>
        <time>2026-07-24T13:55:27.000Z</time>
        <extensions>
          <ns3:TrackPointExtension>
            <ns3:hr>78</ns3:hr>
            <ns3:cad>0</ns3:cad>
          </ns3:TrackPointExtension>
        </extensions>
      </trkpt>
      <trkpt lat="30.7489888183772563934326171875" lon="108.44163629226386547088623046875">
        <ele>448</ele>
        <time>2026-07-24T13:55:28.000Z</time>
        <extensions>
          <ns3:TrackPointExtension>
            <ns3:hr>79</ns3:hr>
            <ns3:cad>0</ns3:cad>
          </ns3:TrackPointExtension>
        </extensions>
      </trkpt>
      <trkpt lat="30.748989321291446685791015625" lon="108.4416559897363185882568359375">
        <ele>448</ele>
        <time>2026-07-24T13:55:29.000Z</time>
        <extensions>
          <ns3:TrackPointExtension>
            <ns3:hr>78</ns3:hr>
            <ns3:cad>0</ns3:cad>
          </ns3:TrackPointExtension>
        </extensions>
      </trkpt>
      <trkpt lat="30.74899175204336643218994140625" lon="108.4416791237890720367431640625">
        <ele>448.20001220703125</ele>
        <time>2026-07-24T13:55:30.000Z</time>
        <extensions>
          <ns3:TrackPointExtension>
            <ns3:hr>79</ns3:hr>
            <ns3:cad>0</ns3:cad>
          </ns3:TrackPointExtension>
        </extensions>
      </trkpt>
      <trkpt lat="30.74899359606206417083740234375" lon="108.44170368276536464691162109375">
        <ele>448.399993896484375</ele>
        <time>2026-07-24T13:55:31.000Z</time>
        <extensions>
          <ns3:TrackPointExtension>
            <ns3:hr>79</ns3:hr>
            <ns3:cad>60</ns3:cad>
          </ns3:TrackPointExtension>
        </extensions>
      </trkpt>
      <trkpt lat="30.74899560771882534027099609375" lon="108.4417257271707057952880859375">
        <ele>448.399993896484375</ele>
        <time>2026-07-24T13:55:32.000Z</time>
        <extensions>
          <ns3:TrackPointExtension>
            <ns3:hr>79</ns3:hr>
            <ns3:cad>88</ns3:cad>
          </ns3:TrackPointExtension>
        </extensions>
      </trkpt>
      <trkpt lat="30.74899376370012760162353515625" lon="108.44174810685217380523681640625">
        <ele>448.600006103515625</ele>
        <time>2026-07-24T13:55:33.000Z</time>
        <extensions>
          <ns3:TrackPointExtension>
            <ns3:hr>80</ns3:hr>
            <ns3:cad>89</ns3:cad>
          </ns3:TrackPointExtension>
        </extensions>
      </trkpt>
      <trkpt lat="30.74899326078593730926513671875" lon="108.44176881015300750732421875">
        <ele>448.600006103515625</ele>
        <time>2026-07-24T13:55:34.000Z</time>
        <extensions>
          <ns3:TrackPointExtension>
            <ns3:hr>82</ns3:hr>
            <ns3:cad>90</ns3:cad>
          </ns3:TrackPointExtension>
        </extensions>
      </trkpt>
      <trkpt lat="30.74899057857692241668701171875" lon="108.44178364612162113189697265625">
        <ele>448.600006103515625</ele>
        <time>2026-07-24T13:55:35.000Z</time>
        <extensions>
          <ns3:TrackPointExtension>
            <ns3:hr>84</ns3:hr>
            <ns3:cad>90</ns3:cad>
          </ns3:TrackPointExtension>
        </extensions>
      </trkpt>
      <trkpt lat="30.748986639082431793212890625" lon="108.441803343594074249267578125">
        <ele>448.79998779296875</ele>
        <time>2026-07-24T13:55:36.000Z</time>
        <extensions>
          <ns3:TrackPointExtension>
            <ns3:hr>85</ns3:hr>
            <ns3:cad>90</ns3:cad>
          </ns3:TrackPointExtension>
        </extensions>
      </trkpt>
      <trkpt lat="30.748981274664402008056640625" lon="108.4418202750384807586669921875">
        <ele>449</ele>
        <time>2026-07-24T13:55:37.000Z</time>
        <extensions>
          <ns3:TrackPointExtension>
            <ns3:hr>86</ns3:hr>
            <ns3:cad>90</ns3:cad>
          </ns3:TrackPointExtension>
        </extensions>
      </trkpt>
      <trkpt lat="30.74898320250213146209716796875" lon="108.44183980487287044525146484375">
        <ele>449</ele>
        <time>2026-07-24T13:55:38.000Z</time>
        <extensions>
          <ns3:TrackPointExtension>
            <ns3:hr>87</ns3:hr>
            <ns3:cad>90</ns3:cad>
          </ns3:TrackPointExtension>
        </extensions>
      </trkpt>
      <trkpt lat="30.74898236431181430816650390625" lon="108.44185807742178440093994140625">
        <ele>449.20001220703125</ele>
        <time>2026-07-24T13:55:39.000Z</time>
        <extensions>
          <ns3:TrackPointExtension>
            <ns3:hr>89</ns3:hr>
            <ns3:cad>90</ns3:cad>
          </ns3:TrackPointExtension>
        </extensions>
      </trkpt>
      <trkpt lat="30.748986303806304931640625" lon="108.44188037328422069549560546875">
        <ele>449.399993896484375</ele>
        <time>2026-07-24T13:55:40.000Z</time>
        <extensions>
          <ns3:TrackPointExtension>
            <ns3:hr>90</ns3:hr>
            <ns3:cad>90</ns3:cad>
          </ns3:TrackPointExtension>
        </extensions>
      </trkpt>
      <trkpt lat="30.7489851303398609161376953125" lon="108.44190032221376895904541015625">
        <ele>449.600006103515625</ele>
        <time>2026-07-24T13:55:41.000Z</time>
        <extensions>
          <ns3:TrackPointExtension>
            <ns3:hr>92</ns3:hr>
            <ns3:cad>90</ns3:cad>
          </ns3:TrackPointExtension>
        </extensions>
      </trkpt>
      <trkpt lat="30.748991332948207855224609375" lon="108.44192043878138065338134765625">
        <ele>449.79998779296875</ele>
        <time>2026-07-24T13:55:42.000Z</time>
        <extensions>
          <ns3:TrackPointExtension>
            <ns3:hr>99</ns3:hr>
            <ns3:cad>90</ns3:cad>
          </ns3:TrackPointExtension>
        </extensions>
      </trkpt>
      <trkpt lat="30.74899099767208099365234375" lon="108.44193804077804088592529296875">
        <ele>449.79998779296875</ele>
        <time>2026-07-24T13:55:43.000Z</time>
        <extensions>
          <ns3:TrackPointExtension>
            <ns3:hr>103</ns3:hr>
            <ns3:cad>90</ns3:cad>
          </ns3:TrackPointExtension>
        </extensions>
      </trkpt>
      <trkpt lat="30.748991332948207855224609375" lon="108.441954217851161956787109375">
        <ele>450</ele>
        <time>2026-07-24T13:55:44.000Z</time>
        <extensions>
          <ns3:TrackPointExtension>
            <ns3:hr>105</ns3:hr>
            <ns3:cad>90</ns3:cad>
          </ns3:TrackPointExtension>
        </extensions>
      </trkpt>
      <trkpt lat="30.74899091385304927825927734375" lon="108.44197257421910762786865234375">
        <ele>450</ele>
        <time>2026-07-24T13:55:45.000Z</time>
        <extensions>
          <ns3:TrackPointExtension>
            <ns3:hr>107</ns3:hr>
            <ns3:cad>90</ns3:cad>
          </ns3:TrackPointExtension>
        </extensions>
      </trkpt>
      <trkpt lat="30.7489898242056369781494140625" lon="108.44199478626251220703125">
        <ele>450.20001220703125</ele>
        <time>2026-07-24T13:55:46.000Z</time>
        <extensions>
          <ns3:TrackPointExtension>
            <ns3:hr>109</ns3:hr>
            <ns3:cad>91</ns3:cad>
          </ns3:TrackPointExtension>
        </extensions>
      </trkpt>
      <trkpt lat="30.74899108149111270904541015625" lon="108.442009203135967254638671875">
        <ele>450.399993896484375</ele>
        <time>2026-07-24T13:55:47.000Z</time>
        <extensions>
          <ns3:TrackPointExtension>
            <ns3:hr>111</ns3:hr>
            <ns3:cad>92</ns3:cad>
          </ns3:TrackPointExtension>
        </extensions>
      </trkpt>
      <trkpt lat="30.74898890219628810882568359375" lon="108.442032337188720703125">
        <ele>450.399993896484375</ele>
        <time>2026-07-24T13:55:48.000Z</time>
        <extensions>
          <ns3:TrackPointExtension>
            <ns3:hr>112</ns3:hr>
            <ns3:cad>92</ns3:cad>
          </ns3:TrackPointExtension>
        </extensions>
      </trkpt>
      <trkpt lat="30.748992674052715301513671875" lon="108.44204583205282688140869140625">
        <ele>450.600006103515625</ele>
        <time>2026-07-24T13:55:49.000Z</time>
        <extensions>
          <ns3:TrackPointExtension>
            <ns3:hr>113</ns3:hr>
            <ns3:cad>92</ns3:cad>
          </ns3:TrackPointExtension>
        </extensions>
      </trkpt>
      <trkpt lat="30.7489931769669055938720703125" lon="108.442077934741973876953125">
        <ele>450.79998779296875</ele>
        <time>2026-07-24T13:55:50.000Z</time>
        <extensions>
          <ns3:TrackPointExtension>
            <ns3:hr>114</ns3:hr>
            <ns3:cad>92</ns3:cad>
          </ns3:TrackPointExtension>
        </extensions>
      </trkpt>
      <trkpt lat="30.748999379575252532958984375" lon="108.44209629110991954803466796875">
        <ele>451</ele>
        <time>2026-07-24T13:55:51.000Z</time>
        <extensions>
          <ns3:TrackPointExtension>
            <ns3:hr>115</ns3:hr>
            <ns3:cad>92</ns3:cad>
          </ns3:TrackPointExtension>
        </extensions>
      </trkpt>
      <trkpt lat="30.74899979867041110992431640625" lon="108.44212562777101993560791015625">
        <ele>451</ele>
        <time>2026-07-24T13:55:52.000Z</time>
        <extensions>
          <ns3:TrackPointExtension>
            <ns3:hr>116</ns3:hr>
            <ns3:cad>92</ns3:cad>
          </ns3:TrackPointExtension>
        </extensions>
      </trkpt>
      <trkpt lat="30.74900751002132892608642578125" lon="108.44214205630123615264892578125">
        <ele>451.20001220703125</ele>
        <time>2026-07-24T13:55:53.000Z</time>
        <extensions>
          <ns3:TrackPointExtension>
            <ns3:hr>117</ns3:hr>
            <ns3:cad>92</ns3:cad>
          </ns3:TrackPointExtension>
        </extensions>
      </trkpt>
      <trkpt lat="30.749007426202297210693359375" lon="108.44216845929622650146484375">
        <ele>451.399993896484375</ele>
        <time>2026-07-24T13:55:54.000Z</time>
        <extensions>
          <ns3:TrackPointExtension>
            <ns3:hr>118</ns3:hr>
            <ns3:cad>92</ns3:cad>
          </ns3:TrackPointExtension>
        </extensions>
      </trkpt>
      <trkpt lat="30.749007761478424072265625" lon="108.4421847201883792877197265625">
        <ele>451.399993896484375</ele>
        <time>2026-07-24T13:55:55.000Z</time>
        <extensions>
          <ns3:TrackPointExtension>
            <ns3:hr>118</ns3:hr>
            <ns3:cad>92</ns3:cad>
          </ns3:TrackPointExtension>
        </extensions>
      </trkpt>
      <trkpt lat="30.74900306761264801025390625" lon="108.44221137464046478271484375">
        <ele>451.79998779296875</ele>
        <time>2026-07-24T13:55:56.000Z</time>
        <extensions>
          <ns3:TrackPointExtension>
            <ns3:hr>119</ns3:hr>
            <ns3:cad>92</ns3:cad>
          </ns3:TrackPointExtension>
        </extensions>
      </trkpt>
      <trkpt lat="30.7490064203739166259765625" lon="108.442229144275188446044921875">
        <ele>451.79998779296875</ele>
        <time>2026-07-24T13:55:57.000Z</time>
        <extensions>
          <ns3:TrackPointExtension>
            <ns3:hr>119</ns3:hr>
            <ns3:cad>92</ns3:cad>
          </ns3:TrackPointExtension>
        </extensions>
      </trkpt>
      <trkpt lat="30.74900449253618717193603515625" lon="108.44225403852760791778564453125">
        <ele>452</ele>
        <time>2026-07-24T13:55:58.000Z</time>
        <extensions>
          <ns3:TrackPointExtension>
            <ns3:hr>120</ns3:hr>
            <ns3:cad>92</ns3:cad>
          </ns3:TrackPointExtension>
        </extensions>
      </trkpt>
      <trkpt lat="30.74900952167809009552001953125" lon="108.4422708861529827117919921875">
        <ele>452</ele>
        <time>2026-07-24T13:55:59.000Z</time>
        <extensions>
          <ns3:TrackPointExtension>
            <ns3:hr>121</ns3:hr>
            <ns3:cad>92</ns3:cad>
          </ns3:TrackPointExtension>
        </extensions>
      </trkpt>
      <trkpt lat="30.74900717474520206451416015625" lon="108.4422960318624973297119140625">
        <ele>452.20001220703125</ele>
        <time>2026-07-24T13:56:00.000Z</time>
        <extensions>
          <ns3:TrackPointExtension>
            <ns3:hr>122</ns3:hr>
            <ns3:cad>90</ns3:cad>
          </ns3:TrackPointExtension>
        </extensions>
      </trkpt>
      <trkpt lat="30.74901136569678783416748046875" lon="108.44231388531625270843505859375">
        <ele>452.399993896484375</ele>
        <time>2026-07-24T13:56:01.000Z</time>
        <extensions>
          <ns3:TrackPointExtension>
            <ns3:hr>123</ns3:hr>
            <ns3:cad>90</ns3:cad>
          </ns3:TrackPointExtension>
        </extensions>
      </trkpt>
      <trkpt lat="30.7490045763552188873291015625" lon="108.442335091531276702880859375">
        <ele>452.600006103515625</ele>
        <time>2026-07-24T13:56:02.000Z</time>
        <extensions>
          <ns3:TrackPointExtension>
            <ns3:hr>123</ns3:hr>
            <ns3:cad>90</ns3:cad>
          </ns3:TrackPointExtension>
        </extensions>
      </trkpt>
      <trkpt lat="30.74900516308844089508056640625" lon="108.44235177151858806610107421875">
        <ele>452.600006103515625</ele>
        <time>2026-07-24T13:56:03.000Z</time>
        <extensions>
          <ns3:TrackPointExtension>
            <ns3:hr>124</ns3:hr>
            <ns3:cad>90</ns3:cad>
          </ns3:TrackPointExtension>
        </extensions>
      </trkpt>
      <trkpt lat="30.749002397060394287109375" lon="108.44237205572426319122314453125">
        <ele>452.79998779296875</ele>
        <time>2026-07-24T13:56:04.000Z</time>
        <extensions>
          <ns3:TrackPointExtension>
            <ns3:hr>125</ns3:hr>
            <ns3:cad>91</ns3:cad>
          </ns3:TrackPointExtension>
        </extensions>
      </trkpt>
      <trkpt lat="30.7490079291164875030517578125" lon="108.44238781370222568511962890625">
        <ele>453</ele>
        <time>2026-07-24T13:56:05.000Z</time>
        <extensions>
          <ns3:TrackPointExtension>
            <ns3:hr>125</ns3:hr>
            <ns3:cad>91</ns3:cad>
          </ns3:TrackPointExtension>
        </extensions>
      </trkpt>
      <trkpt lat="30.74900600127875804901123046875" lon="108.44240793026983737945556640625">
        <ele>453.20001220703125</ele>
        <time>2026-07-24T13:56:06.000Z</time>
        <extensions>
          <ns3:TrackPointExtension>
            <ns3:hr>126</ns3:hr>
            <ns3:cad>92</ns3:cad>
          </ns3:TrackPointExtension>
        </extensions>
      </trkpt>
      <trkpt lat="30.7490045763552188873291015625" lon="108.44243131577968597412109375">
        <ele>453.20001220703125</ele>
        <time>2026-07-24T13:56:07.000Z</time>
        <extensions>
          <ns3:TrackPointExtension>
            <ns3:hr>127</ns3:hr>
            <ns3:cad>92</ns3:cad>
          </ns3:TrackPointExtension>
        </extensions>
      </trkpt>
      <trkpt lat="30.7490032352507114410400390625" lon="108.442448079586029052734375">
        <ele>453.399993896484375</ele>
        <time>2026-07-24T13:56:08.000Z</time>
        <extensions>
          <ns3:TrackPointExtension>
            <ns3:hr>128</ns3:hr>
            <ns3:cad>92</ns3:cad>
          </ns3:TrackPointExtension>
        </extensions>
      </trkpt>
      <trkpt lat="30.74900549836456775665283203125" lon="108.44247180037200450897216796875">
        <ele>453.600006103515625</ele>
        <time>2026-07-24T13:56:09.000Z</time>
        <extensions>
          <ns3:TrackPointExtension>
            <ns3:hr>129</ns3:hr>
            <ns3:cad>92</ns3:cad>
          </ns3:TrackPointExtension>
        </extensions>
      </trkpt>
      <trkpt lat="30.74900482781231403350830078125" lon="108.4424901567399501800537109375">
        <ele>453.600006103515625</ele>
        <time>2026-07-24T13:56:10.000Z</time>
        <extensions>
          <ns3:TrackPointExtension>
            <ns3:hr>131</ns3:hr>
            <ns3:cad>92</ns3:cad>
          </ns3:TrackPointExtension>
        </extensions>
      </trkpt>
      <trkpt lat="30.74900834821164608001708984375" lon="108.4425137937068939208984375">
        <ele>453.79998779296875</ele>
        <time>2026-07-24T13:56:11.000Z</time>
        <extensions>
          <ns3:TrackPointExtension>
            <ns3:hr>134</ns3:hr>
            <ns3:cad>92</ns3:cad>
          </ns3:TrackPointExtension>
        </extensions>
      </trkpt>
      <trkpt lat="30.7490109466016292572021484375" lon="108.442531563341617584228515625">
        <ele>453.79998779296875</ele>
        <time>2026-07-24T13:56:12.000Z</time>
        <extensions>
          <ns3:TrackPointExtension>
            <ns3:hr>135</ns3:hr>
            <ns3:cad>92</ns3:cad>
          </ns3:TrackPointExtension>
        </extensions>
      </trkpt>
      <trkpt lat="30.7490109466016292572021484375" lon="108.44255796633660793304443359375">
        <ele>454.20001220703125</ele>
        <time>2026-07-24T13:56:13.000Z</time>
        <extensions>
          <ns3:TrackPointExtension>
            <ns3:hr>135</ns3:hr>
            <ns3:cad>92</ns3:cad>
          </ns3:TrackPointExtension>
        </extensions>
      </trkpt>
      <trkpt lat="30.74901379644870758056640625" lon="108.44257355667650699615478515625">
        <ele>454.20001220703125</ele>
        <time>2026-07-24T13:56:14.000Z</time>
        <extensions>
          <ns3:TrackPointExtension>
            <ns3:hr>135</ns3:hr>
            <ns3:cad>93</ns3:cad>
          </ns3:TrackPointExtension>
        </extensions>
      </trkpt>
      <trkpt lat="30.7490126229822635650634765625" lon="108.4425969421863555908203125">
        <ele>454.20001220703125</ele>
        <time>2026-07-24T13:56:15.000Z</time>
        <extensions>
          <ns3:TrackPointExtension>
            <ns3:hr>136</ns3:hr>
            <ns3:cad>93</ns3:cad>
          </ns3:TrackPointExtension>
        </extensions>
      </trkpt>
      <trkpt lat="30.74901589192450046539306640625" lon="108.442614041268825531005859375">
        <ele>454.399993896484375</ele>
        <time>2026-07-24T13:56:16.000Z</time>
        <extensions>
          <ns3:TrackPointExtension>
            <ns3:hr>136</ns3:hr>
            <ns3:cad>93</ns3:cad>
          </ns3:TrackPointExtension>
        </extensions>
      </trkpt>
      <trkpt lat="30.74901237152516841888427734375" lon="108.4426370076835155487060546875">
        <ele>454.79998779296875</ele>
        <time>2026-07-24T13:56:17.000Z</time>
        <extensions>
          <ns3:TrackPointExtension>
            <ns3:hr>136</ns3:hr>
            <ns3:cad>93</ns3:cad>
          </ns3:TrackPointExtension>
        </extensions>
      </trkpt>
      <trkpt lat="30.74901572428643703460693359375" lon="108.4426524303853511810302734375">
        <ele>454.79998779296875</ele>
        <time>2026-07-24T13:56:18.000Z</time>
        <extensions>
          <ns3:TrackPointExtension>
            <ns3:hr>137</ns3:hr>
            <ns3:cad>93</ns3:cad>
          </ns3:TrackPointExtension>
        </extensions>
      </trkpt>
      <trkpt lat="30.74901706539094448089599609375" lon="108.4426775760948657989501953125">
        <ele>455</ele>
        <time>2026-07-24T13:56:19.000Z</time>
        <extensions>
          <ns3:TrackPointExtension>
            <ns3:hr>137</ns3:hr>
            <ns3:cad>92</ns3:cad>
          </ns3:TrackPointExtension>
        </extensions>
      </trkpt>
      <trkpt lat="30.74901941232383251190185546875" lon="108.44269475899636745452880859375">
        <ele>455</ele>
        <time>2026-07-24T13:56:20.000Z</time>
        <extensions>
          <ns3:TrackPointExtension>
            <ns3:hr>137</ns3:hr>
            <ns3:cad>92</ns3:cad>
          </ns3:TrackPointExtension>
        </extensions>
      </trkpt>
      <trkpt lat="30.74901840649545192718505859375" lon="108.44271671958267688751220703125">
        <ele>455.20001220703125</ele>
        <time>2026-07-24T13:56:21.000Z</time>
        <extensions>
          <ns3:TrackPointExtension>
            <ns3:hr>138</ns3:hr>
            <ns3:cad>92</ns3:cad>
          </ns3:TrackPointExtension>
        </extensions>
      </trkpt>
      <trkpt lat="30.74901840649545192718505859375" lon="108.4427349083125591278076171875">
        <ele>455.20001220703125</ele>
        <time>2026-07-24T13:56:22.000Z</time>
        <extensions>
          <ns3:TrackPointExtension>
            <ns3:hr>138</ns3:hr>
            <ns3:cad>92</ns3:cad>
          </ns3:TrackPointExtension>
        </extensions>
      </trkpt>
      <trkpt lat="30.74901404790580272674560546875" lon="108.44275661744177341461181640625">
        <ele>455.399993896484375</ele>
        <time>2026-07-24T13:56:23.000Z</time>
        <extensions>
          <ns3:TrackPointExtension>
            <ns3:hr>138</ns3:hr>
            <ns3:cad>92</ns3:cad>
          </ns3:TrackPointExtension>
        </extensions>
      </trkpt>
      <trkpt lat="30.7490139640867710113525390625" lon="108.4427795000374317169189453125">
        <ele>455.399993896484375</ele>
        <time>2026-07-24T13:56:24.000Z</time>
        <extensions>
          <ns3:TrackPointExtension>
            <ns3:hr>138</ns3:hr>
            <ns3:cad>90</ns3:cad>
          </ns3:TrackPointExtension>
        </extensions>
      </trkpt>
      <trkpt lat="30.749016143381595611572265625" lon="108.44279970042407512664794921875">
        <ele>455.600006103515625</ele>
        <time>2026-07-24T13:56:25.000Z</time>
        <extensions>
          <ns3:TrackPointExtension>
            <ns3:hr>138</ns3:hr>
            <ns3:cad>90</ns3:cad>
          </ns3:TrackPointExtension>
        </extensions>
      </trkpt>
      <trkpt lat="30.74901723302900791168212890625" lon="108.4428210742771625518798828125">
        <ele>455.600006103515625</ele>
        <time>2026-07-24T13:56:26.000Z</time>
        <extensions>
          <ns3:TrackPointExtension>
            <ns3:hr>138</ns3:hr>
            <ns3:cad>91</ns3:cad>
          </ns3:TrackPointExtension>
        </extensions>
      </trkpt>
      <trkpt lat="30.7490179874002933502197265625" lon="108.44283574260771274566650390625">
        <ele>455.79998779296875</ele>
        <time>2026-07-24T13:56:27.000Z</time>
        <extensions>
          <ns3:TrackPointExtension>
            <ns3:hr>137</ns3:hr>
            <ns3:cad>92</ns3:cad>
          </ns3:TrackPointExtension>
        </extensions>
      </trkpt>
      <trkpt lat="30.74901455081999301910400390625" lon="108.44285854138433933258056640625">
        <ele>455.79998779296875</ele>
        <time>2026-07-24T13:56:28.000Z</time>
        <extensions>
          <ns3:TrackPointExtension>
            <ns3:hr>138</ns3:hr>
            <ns3:cad>93</ns3:cad>
          </ns3:TrackPointExtension>
        </extensions>
      </trkpt>
      <trkpt lat="30.7490203343331813812255859375" lon="108.4428732097148895263671875">
        <ele>455.79998779296875</ele>
        <time>2026-07-24T13:56:29.000Z</time>
        <extensions>
          <ns3:TrackPointExtension>
            <ns3:hr>138</ns3:hr>
            <ns3:cad>93</ns3:cad>
          </ns3:TrackPointExtension>
        </extensions>
      </trkpt>
      <trkpt lat="30.749018825590610504150390625" lon="108.44289743341505527496337890625">
        <ele>456</ele>
        <time>2026-07-24T13:56:30.000Z</time>
        <extensions>
          <ns3:TrackPointExtension>
            <ns3:hr>138</ns3:hr>
            <ns3:cad>92</ns3:cad>
          </ns3:TrackPointExtension>
        </extensions>
      </trkpt>
      <trkpt lat="30.749023519456386566162109375" lon="108.44291553832590579986572265625">
        <ele>456</ele>
        <time>2026-07-24T13:56:31.000Z</time>
        <extensions>
          <ns3:TrackPointExtension>
            <ns3:hr>138</ns3:hr>
            <ns3:cad>91</ns3:cad>
          </ns3:TrackPointExtension>
        </extensions>
      </trkpt>
      <trkpt lat="30.7490176521241664886474609375" lon="108.4429394267499446868896484375">
        <ele>456</ele>
        <time>2026-07-24T13:56:32.000Z</time>
        <extensions>
          <ns3:TrackPointExtension>
            <ns3:hr>139</ns3:hr>
            <ns3:cad>91</ns3:cad>
          </ns3:TrackPointExtension>
        </extensions>
      </trkpt>
      <trkpt lat="30.74901689775288105010986328125" lon="108.442956022918224334716796875">
        <ele>456.20001220703125</ele>
        <time>2026-07-24T13:56:33.000Z</time>
        <extensions>
          <ns3:TrackPointExtension>
            <ns3:hr>139</ns3:hr>
            <ns3:cad>92</ns3:cad>
          </ns3:TrackPointExtension>
        </extensions>
      </trkpt>
      <trkpt lat="30.74901471845805644989013671875" lon="108.44297580420970916748046875">
        <ele>456.20001220703125</ele>
        <time>2026-07-24T13:56:34.000Z</time>
        <extensions>
          <ns3:TrackPointExtension>
            <ns3:hr>139</ns3:hr>
            <ns3:cad>93</ns3:cad>
          </ns3:TrackPointExtension>
        </extensions>
      </trkpt>
      <trkpt lat="30.74901555664837360382080078125" lon="108.44299449585378170013427734375">
        <ele>456.20001220703125</ele>
        <time>2026-07-24T13:56:35.000Z</time>
        <extensions>
          <ns3:TrackPointExtension>
            <ns3:hr>139</ns3:hr>
            <ns3:cad>94</ns3:cad>
          </ns3:TrackPointExtension>
        </extensions>
      </trkpt>
      <trkpt lat="30.749014802277088165283203125" lon="108.44301025383174419403076171875">
        <ele>456.20001220703125</ele>
        <time>2026-07-24T13:56:36.000Z</time>
        <extensions>
          <ns3:TrackPointExtension>
            <ns3:hr>139</ns3:hr>
            <ns3:cad>93</ns3:cad>
          </ns3:TrackPointExtension>
        </extensions>
      </trkpt>
      <trkpt lat="30.74901605956256389617919921875" lon="108.443032801151275634765625">
        <ele>456.20001220703125</ele>
        <time>2026-07-24T13:56:37.000Z</time>
        <extensions>
          <ns3:TrackPointExtension>
            <ns3:hr>139</ns3:hr>
            <ns3:cad>92</ns3:cad>
          </ns3:TrackPointExtension>
        </extensions>
      </trkpt>
      <trkpt lat="30.749018155038356781005859375" lon="108.44304847531020641326904296875">
        <ele>456.399993896484375</ele>
        <time>2026-07-24T13:56:38.000Z</time>
        <extensions>
          <ns3:TrackPointExtension>
            <ns3:hr>140</ns3:hr>
            <ns3:cad>92</ns3:cad>
          </ns3:TrackPointExtension>
        </extensions>
      </trkpt>
      <trkpt lat="30.749016813933849334716796875" lon="108.44307362101972103118896484375">
        <ele>456.399993896484375</ele>
        <time>2026-07-24T13:56:39.000Z</time>
        <extensions>
          <ns3:TrackPointExtension>
            <ns3:hr>140</ns3:hr>
            <ns3:cad>92</ns3:cad>
          </ns3:TrackPointExtension>
        </extensions>
      </trkpt>
      <trkpt lat="30.749018490314483642578125" lon="108.4430899657309055328369140625">
        <ele>456.399993896484375</ele>
        <time>2026-07-24T13:56:40.000Z</time>
        <extensions>
          <ns3:TrackPointExtension>
            <ns3:hr>140</ns3:hr>
            <ns3:cad>92</ns3:cad>
          </ns3:TrackPointExtension>
        </extensions>
      </trkpt>
      <trkpt lat="30.7490206696093082427978515625" lon="108.44311536289751529693603515625">
        <ele>456.399993896484375</ele>
        <time>2026-07-24T13:56:41.000Z</time>
        <extensions>
          <ns3:TrackPointExtension>
            <ns3:hr>140</ns3:hr>
            <ns3:cad>91</ns3:cad>
          </ns3:TrackPointExtension>
        </extensions>
      </trkpt>
      <trkpt lat="30.74902678839862346649169921875" lon="108.4431281872093677520751953125">
        <ele>456.399993896484375</ele>
        <time>2026-07-24T13:56:42.000Z</time>
        <extensions>
          <ns3:TrackPointExtension>
            <ns3:hr>140</ns3:hr>
            <ns3:cad>91</ns3:cad>
          </ns3:TrackPointExtension>
        </extensions>
      </trkpt>
      <trkpt lat="30.74902896769344806671142578125" lon="108.44315073452889919281005859375">
        <ele>456.399993896484375</ele>
        <time>2026-07-24T13:56:43.000Z</time>
        <extensions>
          <ns3:TrackPointExtension>
            <ns3:hr>140</ns3:hr>
            <ns3:cad>92</ns3:cad>
          </ns3:TrackPointExtension>
        </extensions>
      </trkpt>
      <trkpt lat="30.74903449974954128265380859375" lon="108.44316347502171993255615234375">
        <ele>456.399993896484375</ele>
        <time>2026-07-24T13:56:44.000Z</time>
        <extensions>
          <ns3:TrackPointExtension>
            <ns3:hr>140</ns3:hr>
            <ns3:cad>93</ns3:cad>
          </ns3:TrackPointExtension>
        </extensions>
      </trkpt>
      <trkpt lat="30.7490359246730804443359375" lon="108.443183340132236480712890625">
        <ele>456.600006103515625</ele>
        <time>2026-07-24T13:56:45.000Z</time>
        <extensions>
          <ns3:TrackPointExtension>
            <ns3:hr>139</ns3:hr>
            <ns3:cad>93</ns3:cad>
          </ns3:TrackPointExtension>
        </extensions>
      </trkpt>
      <trkpt lat="30.74904288165271282196044921875" lon="108.443199098110198974609375">
        <ele>456.600006103515625</ele>
        <time>2026-07-24T13:56:46.000Z</time>
        <extensions>
          <ns3:TrackPointExtension>
            <ns3:hr>139</ns3:hr>
            <ns3:cad>92</ns3:cad>
          </ns3:TrackPointExtension>
        </extensions>
      </trkpt>
      <trkpt lat="30.74904640205204486846923828125" lon="108.443218879401683807373046875">
        <ele>456.600006103515625</ele>
        <time>2026-07-24T13:56:47.000Z</time>
        <extensions>
          <ns3:TrackPointExtension>
            <ns3:hr>139</ns3:hr>
            <ns3:cad>92</ns3:cad>
          </ns3:TrackPointExtension>
        </extensions>
      </trkpt>
      <trkpt lat="30.74905461631715297698974609375" lon="108.44323589466512203216552734375">
        <ele>456.600006103515625</ele>
        <time>2026-07-24T13:56:48.000Z</time>
        <extensions>
          <ns3:TrackPointExtension>
            <ns3:hr>139</ns3:hr>
            <ns3:cad>93</ns3:cad>
          </ns3:TrackPointExtension>
        </extensions>
      </trkpt>
      <trkpt lat="30.74906014837324619293212890625" lon="108.44325567595660686492919921875">
        <ele>456.79998779296875</ele>
        <time>2026-07-24T13:56:49.000Z</time>
        <extensions>
          <ns3:TrackPointExtension>
            <ns3:hr>138</ns3:hr>
            <ns3:cad>93</ns3:cad>
          </ns3:TrackPointExtension>
        </extensions>
      </trkpt>
      <trkpt lat="30.74906769208610057830810546875" lon="108.443274535238742828369140625">
        <ele>456.79998779296875</ele>
        <time>2026-07-24T13:56:50.000Z</time>
        <extensions>
          <ns3:TrackPointExtension>
            <ns3:hr>138</ns3:hr>
            <ns3:cad>93</ns3:cad>
          </ns3:TrackPointExtension>
        </extensions>
      </trkpt>
      <trkpt lat="30.749075151979923248291015625" lon="108.44329205341637134552001953125">
        <ele>456.79998779296875</ele>
        <time>2026-07-24T13:56:51.000Z</time>
        <extensions>
          <ns3:TrackPointExtension>
            <ns3:hr>138</ns3:hr>
            <ns3:cad>92</ns3:cad>
          </ns3:TrackPointExtension>
        </extensions>
      </trkpt>
      <trkpt lat="30.7490800134837627410888671875" lon="108.44331602565944194793701171875">
        <ele>456.79998779296875</ele>
        <time>2026-07-24T13:56:52.000Z</time>
        <extensions>
          <ns3:TrackPointExtension>
            <ns3:hr>138</ns3:hr>
            <ns3:cad>92</ns3:cad>
          </ns3:TrackPointExtension>
        </extensions>
      </trkpt>
      <trkpt lat="30.74908814392983913421630859375" lon="108.44332859851419925689697265625">
        <ele>457</ele>
        <time>2026-07-24T13:56:53.000Z</time>
        <extensions>
          <ns3:TrackPointExtension>
            <ns3:hr>138</ns3:hr>
            <ns3:cad>93</ns3:cad>
          </ns3:TrackPointExtension>
        </extensions>
      </trkpt>
      <trkpt lat="30.7490944303572177886962890625" lon="108.4433534927666187286376953125">
        <ele>457</ele>
        <time>2026-07-24T13:56:54.000Z</time>
        <extensions>
          <ns3:TrackPointExtension>
            <ns3:hr>138</ns3:hr>
            <ns3:cad>94</ns3:cad>
          </ns3:TrackPointExtension>
        </extensions>
      </trkpt>
      <trkpt lat="30.749104656279087066650390625" lon="108.44336447305977344512939453125">
        <ele>457</ele>
        <time>2026-07-24T13:56:55.000Z</time>
        <extensions>
          <ns3:TrackPointExtension>
            <ns3:hr>138</ns3:hr>
            <ns3:cad>94</ns3:cad>
          </ns3:TrackPointExtension>
        </extensions>
      </trkpt>
      <trkpt lat="30.74911077506840229034423828125" lon="108.44338618218898773193359375">
        <ele>457</ele>
        <time>2026-07-24T13:56:56.000Z</time>
        <extensions>
          <ns3:TrackPointExtension>
            <ns3:hr>138</ns3:hr>
            <ns3:cad>92</ns3:cad>
          </ns3:TrackPointExtension>
        </extensions>
      </trkpt>
      <trkpt lat="30.74911915697157382965087890625" lon="108.44340638257563114166259765625">
        <ele>457</ele>
        <time>2026-07-24T13:56:57.000Z</time>
        <extensions>
          <ns3:TrackPointExtension>
            <ns3:hr>138</ns3:hr>
            <ns3:cad>92</ns3:cad>
          </ns3:TrackPointExtension>
        </extensions>
      </trkpt>
      <trkpt lat="30.7491271197795867919921875" lon="108.44342800788581371307373046875">
        <ele>457.20001220703125</ele>
        <time>2026-07-24T13:56:58.000Z</time>
        <extensions>
          <ns3:TrackPointExtension>
            <ns3:hr>139</ns3:hr>
            <ns3:cad>92</ns3:cad>
          </ns3:TrackPointExtension>
        </extensions>
      </trkpt>
      <trkpt lat="30.74913893826305866241455078125" lon="108.4434480406343936920166015625">
        <ele>457.20001220703125</ele>
        <time>2026-07-24T13:56:59.000Z</time>
        <extensions>
          <ns3:TrackPointExtension>
            <ns3:hr>138</ns3:hr>
            <ns3:cad>92</ns3:cad>
          </ns3:TrackPointExtension>
        </extensions>
      </trkpt>
      <trkpt lat="30.74914497323334217071533203125" lon="108.44346539117395877838134765625">
        <ele>457.20001220703125</ele>
        <time>2026-07-24T13:57:00.000Z</time>
        <extensions>
          <ns3:TrackPointExtension>
            <ns3:hr>138</ns3:hr>
            <ns3:cad>92</ns3:cad>
          </ns3:TrackPointExtension>
        </extensions>
      </trkpt>
      <trkpt lat="30.7491539418697357177734375" lon="108.443488776683807373046875">
        <ele>457.20001220703125</ele>
        <time>2026-07-24T13:57:01.000Z</time>
        <extensions>
          <ns3:TrackPointExtension>
            <ns3:hr>139</ns3:hr>
            <ns3:cad>92</ns3:cad>
          </ns3:TrackPointExtension>
        </extensions>
      </trkpt>
      <trkpt lat="30.7491638325154781341552734375" lon="108.44350688159465789794921875">
        <ele>457.20001220703125</ele>
        <time>2026-07-24T13:57:02.000Z</time>
        <extensions>
          <ns3:TrackPointExtension>
            <ns3:hr>139</ns3:hr>
            <ns3:cad>94</ns3:cad>
          </ns3:TrackPointExtension>
        </extensions>
      </trkpt>
      <trkpt lat="30.74916936457157135009765625" lon="108.44352825544774532318115234375">
        <ele>457.399993896484375</ele>
        <time>2026-07-24T13:57:03.000Z</time>
        <extensions>
          <ns3:TrackPointExtension>
            <ns3:hr>139</ns3:hr>
            <ns3:cad>94</ns3:cad>
          </ns3:TrackPointExtension>
        </extensions>
      </trkpt>
      <trkpt lat="30.7491807639598846435546875" lon="108.44353781081736087799072265625">
        <ele>457.600006103515625</ele>
        <time>2026-07-24T13:57:04.000Z</time>
        <extensions>
          <ns3:TrackPointExtension>
            <ns3:hr>139</ns3:hr>
            <ns3:cad>93</ns3:cad>
          </ns3:TrackPointExtension>
        </extensions>
      </trkpt>
      <trkpt lat="30.74919543229043483734130859375" lon="108.44355993904173374176025390625">
        <ele>457.600006103515625</ele>
        <time>2026-07-24T13:57:05.000Z</time>
        <extensions>
          <ns3:TrackPointExtension>
            <ns3:hr>139</ns3:hr>
            <ns3:cad>93</ns3:cad>
          </ns3:TrackPointExtension>
        </extensions>
      </trkpt>
      <trkpt lat="30.7492080889642238616943359375" lon="108.44356982968747615814208984375">
        <ele>457.600006103515625</ele>
        <time>2026-07-24T13:57:06.000Z</time>
        <extensions>
          <ns3:TrackPointExtension>
            <ns3:hr>139</ns3:hr>
            <ns3:cad>91</ns3:cad>
          </ns3:TrackPointExtension>
        </extensions>
      </trkpt>
      <trkpt lat="30.74922300875186920166015625" lon="108.44359195791184902191162109375">
        <ele>457.600006103515625</ele>
        <time>2026-07-24T13:57:07.000Z</time>
        <extensions>
          <ns3:TrackPointExtension>
            <ns3:hr>140</ns3:hr>
            <ns3:cad>91</ns3:cad>
          </ns3:TrackPointExtension>
        </extensions>
      </trkpt>
      <trkpt lat="30.74923415668308734893798828125" lon="108.4436052851378917694091796875">
        <ele>457.79998779296875</ele>
        <time>2026-07-24T13:57:08.000Z</time>
        <extensions>
          <ns3:TrackPointExtension>
            <ns3:hr>140</ns3:hr>
            <ns3:cad>92</ns3:cad>
          </ns3:TrackPointExtension>
        </extensions>
      </trkpt>
      <trkpt lat="30.749242119491100311279296875" lon="108.44362649135291576385498046875">
        <ele>457.79998779296875</ele>
        <time>2026-07-24T13:57:09.000Z</time>
        <extensions>
          <ns3:TrackPointExtension>
            <ns3:hr>140</ns3:hr>
            <ns3:cad>92</ns3:cad>
          </ns3:TrackPointExtension>
        </extensions>
      </trkpt>
      <trkpt lat="30.74924974702298641204833984375" lon="108.44363906420767307281494140625">
        <ele>457.79998779296875</ele>
        <time>2026-07-24T13:57:10.000Z</time>
        <extensions>
          <ns3:TrackPointExtension>
            <ns3:hr>141</ns3:hr>
            <ns3:cad>94</ns3:cad>
          </ns3:TrackPointExtension>
        </extensions>
      </trkpt>
      <trkpt lat="30.7492583803832530975341796875" lon="108.443657420575618743896484375">
        <ele>457.79998779296875</ele>
        <time>2026-07-24T13:57:11.000Z</time>
        <extensions>
          <ns3:TrackPointExtension>
            <ns3:hr>141</ns3:hr>
            <ns3:cad>94</ns3:cad>
          </ns3:TrackPointExtension>
        </extensions>
      </trkpt>
      <trkpt lat="30.7492692768573760986328125" lon="108.44367091543972492218017578125">
        <ele>457.79998779296875</ele>
        <time>2026-07-24T13:57:12.000Z</time>
        <extensions>
          <ns3:TrackPointExtension>
            <ns3:hr>140</ns3:hr>
            <ns3:cad>94</ns3:cad>
          </ns3:TrackPointExtension>
        </extensions>
      </trkpt>
      <trkpt lat="30.74927665293216705322265625" lon="108.44368918798863887786865234375">
        <ele>458</ele>
        <time>2026-07-24T13:57:13.000Z</time>
        <extensions>
          <ns3:TrackPointExtension>
            <ns3:hr>140</ns3:hr>
            <ns3:cad>93</ns3:cad>
          </ns3:TrackPointExtension>
        </extensions>
      </trkpt>
      <trkpt lat="30.749285034835338592529296875" lon="108.44370829872786998748779296875">
        <ele>458</ele>
        <time>2026-07-24T13:57:14.000Z</time>
        <extensions>
          <ns3:TrackPointExtension>
            <ns3:hr>140</ns3:hr>
            <ns3:cad>93</ns3:cad>
          </ns3:TrackPointExtension>
        </extensions>
      </trkpt>
      <trkpt lat="30.74929199181497097015380859375" lon="108.4437226317822933197021484375">
        <ele>458</ele>
        <time>2026-07-24T13:57:15.000Z</time>
        <extensions>
          <ns3:TrackPointExtension>
            <ns3:hr>141</ns3:hr>
            <ns3:cad>93</ns3:cad>
          </ns3:TrackPointExtension>
        </extensions>
      </trkpt>
      <trkpt lat="30.74930355884134769439697265625" lon="108.44374031759798526763916015625">
        <ele>458.20001220703125</ele>
        <time>2026-07-24T13:57:16.000Z</time>
        <extensions>
          <ns3:TrackPointExtension>
            <ns3:hr>141</ns3:hr>
            <ns3:cad>93</ns3:cad>
          </ns3:TrackPointExtension>
        </extensions>
      </trkpt>
      <trkpt lat="30.74930808506906032562255859375" lon="108.4437514655292034149169921875">
        <ele>458.20001220703125</ele>
        <time>2026-07-24T13:57:17.000Z</time>
        <extensions>
          <ns3:TrackPointExtension>
            <ns3:hr>141</ns3:hr>
            <ns3:cad>91</ns3:cad>
          </ns3:TrackPointExtension>
        </extensions>
      </trkpt>
      <trkpt lat="30.7493190653622150421142578125" lon="108.44377434812486171722412109375">
        <ele>458.20001220703125</ele>
        <time>2026-07-24T13:57:18.000Z</time>
        <extensions>
          <ns3:TrackPointExtension>
            <ns3:hr>142</ns3:hr>
            <ns3:cad>91</ns3:cad>
          </ns3:TrackPointExtension>
        </extensions>
      </trkpt>
      <trkpt lat="30.7493308000266551971435546875" lon="108.4437883459031581878662109375">
        <ele>458.399993896484375</ele>
        <time>2026-07-24T13:57:19.000Z</time>
        <extensions>
          <ns3:TrackPointExtension>
            <ns3:hr>142</ns3:hr>
            <ns3:cad>93</ns3:cad>
          </ns3:TrackPointExtension>
        </extensions>
      </trkpt>
      <trkpt lat="30.7493408583104610443115234375" lon="108.44381055794656276702880859375">
        <ele>458.399993896484375</ele>
        <time>2026-07-24T13:57:20.000Z</time>
        <extensions>
          <ns3:TrackPointExtension>
            <ns3:hr>143</ns3:hr>
            <ns3:cad>93</ns3:cad>
          </ns3:TrackPointExtension>
        </extensions>
      </trkpt>
      <trkpt lat="30.74935351498425006866455078125" lon="108.4438248910009860992431640625">
        <ele>458.399993896484375</ele>
        <time>2026-07-24T13:57:21.000Z</time>
        <extensions>
          <ns3:TrackPointExtension>
            <ns3:hr>143</ns3:hr>
            <ns3:cad>93</ns3:cad>
          </ns3:TrackPointExtension>
        </extensions>
      </trkpt>
      <trkpt lat="30.7493690215051174163818359375" lon="108.443845845758914947509765625">
        <ele>458.399993896484375</ele>
        <time>2026-07-24T13:57:22.000Z</time>
        <extensions>
          <ns3:TrackPointExtension>
            <ns3:hr>144</ns3:hr>
            <ns3:cad>93</ns3:cad>
          </ns3:TrackPointExtension>
        </extensions>
      </trkpt>
      <trkpt lat="30.74937983416020870208740234375" lon="108.4438629448413848876953125">
        <ele>458.600006103515625</ele>
        <time>2026-07-24T13:57:23.000Z</time>
        <extensions>
          <ns3:TrackPointExtension>
            <ns3:hr>144</ns3:hr>
            <ns3:cad>93</ns3:cad>
          </ns3:TrackPointExtension>
        </extensions>
      </trkpt>
      <trkpt lat="30.749385617673397064208984375" lon="108.44388532452285289764404296875">
        <ele>458.600006103515625</ele>
        <time>2026-07-24T13:57:24.000Z</time>
        <extensions>
          <ns3:TrackPointExtension>
            <ns3:hr>144</ns3:hr>
            <ns3:cad>92</ns3:cad>
          </ns3:TrackPointExtension>
        </extensions>
      </trkpt>
      <trkpt lat="30.74939374811947345733642578125" lon="108.44390560872852802276611328125">
        <ele>458.79998779296875</ele>
        <time>2026-07-24T13:57:25.000Z</time>
        <extensions>
          <ns3:TrackPointExtension>
            <ns3:hr>145</ns3:hr>
            <ns3:cad>92</ns3:cad>
          </ns3:TrackPointExtension>
        </extensions>
      </trkpt>
      <trkpt lat="30.749400369822978973388671875" lon="108.4439254738390445709228515625">
        <ele>458.79998779296875</ele>
        <time>2026-07-24T13:57:26.000Z</time>
        <extensions>
          <ns3:TrackPointExtension>
            <ns3:hr>145</ns3:hr>
            <ns3:cad>92</ns3:cad>
          </ns3:TrackPointExtension>
        </extensions>
      </trkpt>
      <trkpt lat="30.7494139485061168670654296875" lon="108.44394676387310028076171875">
        <ele>458.79998779296875</ele>
        <time>2026-07-24T13:57:27.000Z</time>
        <extensions>
          <ns3:TrackPointExtension>
            <ns3:hr>145</ns3:hr>
            <ns3:cad>92</ns3:cad>
          </ns3:TrackPointExtension>
        </extensions>
      </trkpt>
      <trkpt lat="30.74942140839993953704833984375" lon="108.44396461732685565948486328125">
        <ele>459</ele>
        <time>2026-07-24T13:57:28.000Z</time>
        <extensions>
          <ns3:TrackPointExtension>
            <ns3:hr>144</ns3:hr>
            <ns3:cad>93</ns3:cad>
          </ns3:TrackPointExtension>
        </extensions>
      </trkpt>
      <trkpt lat="30.74943113140761852264404296875" lon="108.44398775137960910797119140625">
        <ele>459.20001220703125</ele>
        <time>2026-07-24T13:57:29.000Z</time>
        <extensions>
          <ns3:TrackPointExtension>
            <ns3:hr>144</ns3:hr>
            <ns3:cad>93</ns3:cad>
          </ns3:TrackPointExtension>
        </extensions>
      </trkpt>
      <trkpt lat="30.749436914920806884765625" lon="108.44400535337626934051513671875">
        <ele>459.20001220703125</ele>
        <time>2026-07-24T13:57:30.000Z</time>
        <extensions>
          <ns3:TrackPointExtension>
            <ns3:hr>144</ns3:hr>
            <ns3:cad>93</ns3:cad>
          </ns3:TrackPointExtension>
        </extensions>
      </trkpt>
      <trkpt lat="30.749443285167217254638671875" lon="108.4440320916473865509033203125">
        <ele>459.20001220703125</ele>
        <time>2026-07-24T13:57:31.000Z</time>
        <extensions>
          <ns3:TrackPointExtension>
            <ns3:hr>144</ns3:hr>
            <ns3:cad>93</ns3:cad>
          </ns3:TrackPointExtension>
        </extensions>
      </trkpt>
      <trkpt lat="30.74945032596588134765625" lon="108.44405061565339565277099609375">
        <ele>459.399993896484375</ele>
        <time>2026-07-24T13:57:32.000Z</time>
        <extensions>
          <ns3:TrackPointExtension>
            <ns3:hr>144</ns3:hr>
            <ns3:cad>93</ns3:cad>
          </ns3:TrackPointExtension>
        </extensions>
      </trkpt>
      <trkpt lat="30.74945527128875255584716796875" lon="108.4440793655812740325927734375">
        <ele>459.399993896484375</ele>
        <time>2026-07-24T13:57:33.000Z</time>
        <extensions>
          <ns3:TrackPointExtension>
            <ns3:hr>144</ns3:hr>
            <ns3:cad>93</ns3:cad>
          </ns3:TrackPointExtension>
        </extensions>
      </trkpt>
      <trkpt lat="30.749462060630321502685546875" lon="108.44409738667309284210205078125">
        <ele>459.399993896484375</ele>
        <time>2026-07-24T13:57:34.000Z</time>
        <extensions>
          <ns3:TrackPointExtension>
            <ns3:hr>145</ns3:hr>
            <ns3:cad>93</ns3:cad>
          </ns3:TrackPointExtension>
        </extensions>
      </trkpt>
      <trkpt lat="30.7494632340967655181884765625" lon="108.4441229514777660369873046875">
        <ele>459.600006103515625</ele>
        <time>2026-07-24T13:57:35.000Z</time>
        <extensions>
          <ns3:TrackPointExtension>
            <ns3:hr>145</ns3:hr>
            <ns3:cad>91</ns3:cad>
          </ns3:TrackPointExtension>
        </extensions>
      </trkpt>
      <trkpt lat="30.749464742839336395263671875" lon="108.44414130784571170806884765625">
        <ele>459.600006103515625</ele>
        <time>2026-07-24T13:57:36.000Z</time>
        <extensions>
          <ns3:TrackPointExtension>
            <ns3:hr>145</ns3:hr>
            <ns3:cad>91</ns3:cad>
          </ns3:TrackPointExtension>
        </extensions>
      </trkpt>
      <trkpt lat="30.74946708977222442626953125" lon="108.44416628591716289520263671875">
        <ele>459.600006103515625</ele>
        <time>2026-07-24T13:57:37.000Z</time>
        <extensions>
          <ns3:TrackPointExtension>
            <ns3:hr>145</ns3:hr>
            <ns3:cad>93</ns3:cad>
          </ns3:TrackPointExtension>
        </extensions>
      </trkpt>
      <trkpt lat="30.74947287328541278839111328125" lon="108.44418958760797977447509765625">
        <ele>459.600006103515625</ele>
        <time>2026-07-24T13:57:38.000Z</time>
        <extensions>
          <ns3:TrackPointExtension>
            <ns3:hr>146</ns3:hr>
            <ns3:cad>93</ns3:cad>
          </ns3:TrackPointExtension>
        </extensions>
      </trkpt>
      <trkpt lat="30.74947379529476165771484375" lon="108.4442168287932872772216796875">
        <ele>459.600006103515625</ele>
        <time>2026-07-24T13:57:39.000Z</time>
        <extensions>
          <ns3:TrackPointExtension>
            <ns3:hr>146</ns3:hr>
            <ns3:cad>93</ns3:cad>
          </ns3:TrackPointExtension>
        </extensions>
      </trkpt>
      <trkpt lat="30.74947572313249111175537109375" lon="108.44424448907375335693359375">
        <ele>459.600006103515625</ele>
        <time>2026-07-24T13:57:40.000Z</time>
        <extensions>
          <ns3:TrackPointExtension>
            <ns3:hr>146</ns3:hr>
            <ns3:cad>93</ns3:cad>
          </ns3:TrackPointExtension>
        </extensions>
      </trkpt>
      <trkpt lat="30.7494769804179668426513671875" lon="108.44426720403134822845458984375">
        <ele>459.79998779296875</ele>
        <time>2026-07-24T13:57:41.000Z</time>
        <extensions>
          <ns3:TrackPointExtension>
            <ns3:hr>146</ns3:hr>
            <ns3:cad>93</ns3:cad>
          </ns3:TrackPointExtension>
        </extensions>
      </trkpt>
      <trkpt lat="30.74948008172214031219482421875" lon="108.44429201446473598480224609375">
        <ele>459.79998779296875</ele>
        <time>2026-07-24T13:57:42.000Z</time>
        <extensions>
          <ns3:TrackPointExtension>
            <ns3:hr>146</ns3:hr>
            <ns3:cad>93</ns3:cad>
          </ns3:TrackPointExtension>
        </extensions>
      </trkpt>
      <trkpt lat="30.74947957880795001983642578125" lon="108.44431313686072826385498046875">
        <ele>459.79998779296875</ele>
        <time>2026-07-24T13:57:43.000Z</time>
        <extensions>
          <ns3:TrackPointExtension>
            <ns3:hr>147</ns3:hr>
            <ns3:cad>93</ns3:cad>
          </ns3:TrackPointExtension>
        </extensions>
      </trkpt>
      <trkpt lat="30.74948050081729888916015625" lon="108.4443430602550506591796875">
        <ele>459.79998779296875</ele>
        <time>2026-07-24T13:57:44.000Z</time>
        <extensions>
          <ns3:TrackPointExtension>
            <ns3:hr>147</ns3:hr>
            <ns3:cad>93</ns3:cad>
          </ns3:TrackPointExtension>
        </extensions>
      </trkpt>
      <trkpt lat="30.74948242865502834320068359375" lon="108.444363512098789215087890625">
        <ele>459.79998779296875</ele>
        <time>2026-07-24T13:57:45.000Z</time>
        <extensions>
          <ns3:TrackPointExtension>
            <ns3:hr>147</ns3:hr>
            <ns3:cad>93</ns3:cad>
          </ns3:TrackPointExtension>
        </extensions>
      </trkpt>
      <trkpt lat="30.749487541615962982177734375" lon="108.444390334188938140869140625">
        <ele>459.79998779296875</ele>
        <time>2026-07-24T13:57:46.000Z</time>
        <extensions>
          <ns3:TrackPointExtension>
            <ns3:hr>147</ns3:hr>
            <ns3:cad>93</ns3:cad>
          </ns3:TrackPointExtension>
        </extensions>
      </trkpt>
      <trkpt lat="30.7494937442243099212646484375" lon="108.44440751709043979644775390625">
        <ele>459.79998779296875</ele>
        <time>2026-07-24T13:57:47.000Z</time>
        <extensions>
          <ns3:TrackPointExtension>
            <ns3:hr>147</ns3:hr>
            <ns3:cad>92</ns3:cad>
          </ns3:TrackPointExtension>
        </extensions>
      </trkpt>
      <trkpt lat="30.74949785135686397552490234375" lon="108.4444327466189861297607421875">
        <ele>459.79998779296875</ele>
        <time>2026-07-24T13:57:48.000Z</time>
        <extensions>
          <ns3:TrackPointExtension>
            <ns3:hr>147</ns3:hr>
            <ns3:cad>92</ns3:cad>
          </ns3:TrackPointExtension>
        </extensions>
      </trkpt>
      <trkpt lat="30.74950472451746463775634765625" lon="108.44444992952048778533935546875">
        <ele>459.79998779296875</ele>
        <time>2026-07-24T13:57:49.000Z</time>
        <extensions>
          <ns3:TrackPointExtension>
            <ns3:hr>147</ns3:hr>
            <ns3:cad>92</ns3:cad>
          </ns3:TrackPointExtension>
        </extensions>
      </trkpt>
      <trkpt lat="30.74950397014617919921875" lon="108.4444763325154781341552734375">
        <ele>459.79998779296875</ele>
        <time>2026-07-24T13:57:50.000Z</time>
        <extensions>
          <ns3:TrackPointExtension>
            <ns3:hr>147</ns3:hr>
            <ns3:cad>92</ns3:cad>
          </ns3:TrackPointExtension>
        </extensions>
      </trkpt>
      <trkpt lat="30.7495058141648769378662109375" lon="108.44449770636856555938720703125">
        <ele>459.600006103515625</ele>
        <time>2026-07-24T13:57:51.000Z</time>
        <extensions>
          <ns3:TrackPointExtension>
            <ns3:hr>147</ns3:hr>
            <ns3:cad>92</ns3:cad>
          </ns3:TrackPointExtension>
        </extensions>
      </trkpt>
      <trkpt lat="30.74950598180294036865234375" lon="108.4445229358971118927001953125">
        <ele>459.600006103515625</ele>
        <time>2026-07-24T13:57:52.000Z</time>
        <extensions>
          <ns3:TrackPointExtension>
            <ns3:hr>147</ns3:hr>
            <ns3:cad>93</ns3:cad>
          </ns3:TrackPointExtension>
        </extensions>
      </trkpt>
      <trkpt lat="30.74951059184968471527099609375" lon="108.444545231759548187255859375">
        <ele>459.600006103515625</ele>
        <time>2026-07-24T13:57:53.000Z</time>
        <extensions>
          <ns3:TrackPointExtension>
            <ns3:hr>147</ns3:hr>
            <ns3:cad>94</ns3:cad>
          </ns3:TrackPointExtension>
        </extensions>
      </trkpt>
      <trkpt lat="30.74951360933482646942138671875" lon="108.4445685334503650665283203125">
        <ele>459.600006103515625</ele>
        <time>2026-07-24T13:57:54.000Z</time>
        <extensions>
          <ns3:TrackPointExtension>
            <ns3:hr>147</ns3:hr>
            <ns3:cad>93</ns3:cad>
          </ns3:TrackPointExtension>
        </extensions>
      </trkpt>
      <trkpt lat="30.74951394461095333099365234375" lon="108.44459317624568939208984375">
        <ele>459.600006103515625</ele>
        <time>2026-07-24T13:57:55.000Z</time>
        <extensions>
          <ns3:TrackPointExtension>
            <ns3:hr>147</ns3:hr>
            <ns3:cad>94</ns3:cad>
          </ns3:TrackPointExtension>
        </extensions>
      </trkpt>
      <trkpt lat="30.7495160400867462158203125" lon="108.44461488537490367889404296875">
        <ele>459.600006103515625</ele>
        <time>2026-07-24T13:57:56.000Z</time>
        <extensions>
          <ns3:TrackPointExtension>
            <ns3:hr>147</ns3:hr>
            <ns3:cad>93</ns3:cad>
          </ns3:TrackPointExtension>
        </extensions>
      </trkpt>
      <trkpt lat="30.74951939284801483154296875" lon="108.4446389414370059967041015625">
        <ele>459.600006103515625</ele>
        <time>2026-07-24T13:57:57.000Z</time>
        <extensions>
          <ns3:TrackPointExtension>
            <ns3:hr>147</ns3:hr>
            <ns3:cad>93</ns3:cad>
          </ns3:TrackPointExtension>
        </extensions>
      </trkpt>
      <trkpt lat="30.74952132068574428558349609375" lon="108.44465763308107852935791015625">
        <ele>459.600006103515625</ele>
        <time>2026-07-24T13:57:58.000Z</time>
        <extensions>
          <ns3:TrackPointExtension>
            <ns3:hr>147</ns3:hr>
            <ns3:cad>93</ns3:cad>
          </ns3:TrackPointExtension>
        </extensions>
      </trkpt>
      <trkpt lat="30.74952467344701290130615234375" lon="108.44468411989510059356689453125">
        <ele>459.600006103515625</ele>
        <time>2026-07-24T13:57:59.000Z</time>
        <extensions>
          <ns3:TrackPointExtension>
            <ns3:hr>147</ns3:hr>
            <ns3:cad>93</ns3:cad>
          </ns3:TrackPointExtension>
        </extensions>
      </trkpt>
      <trkpt lat="30.74953154660761356353759765625" lon="108.4447019733488559722900390625">
        <ele>459.600006103515625</ele>
        <time>2026-07-24T13:58:00.000Z</time>
        <extensions>
          <ns3:TrackPointExtension>
            <ns3:hr>147</ns3:hr>
            <ns3:cad>93</ns3:cad>
          </ns3:TrackPointExtension>
        </extensions>
      </trkpt>
      <trkpt lat="30.74953355826437473297119140625" lon="108.44472753815352916717529296875">
        <ele>459.600006103515625</ele>
        <time>2026-07-24T13:58:01.000Z</time>
        <extensions>
          <ns3:TrackPointExtension>
            <ns3:hr>147</ns3:hr>
            <ns3:cad>93</ns3:cad>
          </ns3:TrackPointExtension>
        </extensions>
      </trkpt>
      <trkpt lat="30.74953925795853137969970703125" lon="108.44474698416888713836669921875">
        <ele>459.600006103515625</ele>
        <time>2026-07-24T13:58:02.000Z</time>
        <extensions>
          <ns3:TrackPointExtension>
            <ns3:hr>147</ns3:hr>
            <ns3:cad>93</ns3:cad>
          </ns3:TrackPointExtension>
        </extensions>
      </trkpt>
      <trkpt lat="30.7495403476059436798095703125" lon="108.4447743929922580718994140625">
        <ele>459.600006103515625</ele>
        <time>2026-07-24T13:58:03.000Z</time>
        <extensions>
          <ns3:TrackPointExtension>
            <ns3:hr>147</ns3:hr>
            <ns3:cad>93</ns3:cad>
          </ns3:TrackPointExtension>
        </extensions>
      </trkpt>
      <trkpt lat="30.7495460473001003265380859375" lon="108.4447948448359966278076171875">
        <ele>459.600006103515625</ele>
        <time>2026-07-24T13:58:04.000Z</time>
        <extensions>
          <ns3:TrackPointExtension>
            <ns3:hr>147</ns3:hr>
            <ns3:cad>92</ns3:cad>
          </ns3:TrackPointExtension>
        </extensions>
      </trkpt>
      <trkpt lat="30.74954981915652751922607421875" lon="108.4448213316500186920166015625">
        <ele>459.600006103515625</ele>
        <time>2026-07-24T13:58:05.000Z</time>
        <extensions>
          <ns3:TrackPointExtension>
            <ns3:hr>147</ns3:hr>
            <ns3:cad>92</ns3:cad>
          </ns3:TrackPointExtension>
        </extensions>
      </trkpt>
      <trkpt lat="30.7495517469942569732666015625" lon="108.44484421424567699432373046875">
        <ele>459.600006103515625</ele>
        <time>2026-07-24T13:58:06.000Z</time>
        <extensions>
          <ns3:TrackPointExtension>
            <ns3:hr>147</ns3:hr>
            <ns3:cad>93</ns3:cad>
          </ns3:TrackPointExtension>
        </extensions>
      </trkpt>
      <trkpt lat="30.74955560266971588134765625" lon="108.444866426289081573486328125">
        <ele>459.600006103515625</ele>
        <time>2026-07-24T13:58:07.000Z</time>
        <extensions>
          <ns3:TrackPointExtension>
            <ns3:hr>147</ns3:hr>
            <ns3:cad>93</ns3:cad>
          </ns3:TrackPointExtension>
        </extensions>
      </trkpt>
      <trkpt lat="30.74956105090677738189697265625" lon="108.444888554513454437255859375">
        <ele>459.600006103515625</ele>
        <time>2026-07-24T13:58:08.000Z</time>
        <extensions>
          <ns3:TrackPointExtension>
            <ns3:hr>147</ns3:hr>
            <ns3:cad>93</ns3:cad>
          </ns3:TrackPointExtension>
        </extensions>
      </trkpt>
      <trkpt lat="30.74956725351512432098388671875" lon="108.4449108503758907318115234375">
        <ele>459.600006103515625</ele>
        <time>2026-07-24T13:58:09.000Z</time>
        <extensions>
          <ns3:TrackPointExtension>
            <ns3:hr>147</ns3:hr>
            <ns3:cad>93</ns3:cad>
          </ns3:TrackPointExtension>
        </extensions>
      </trkpt>
      <trkpt lat="30.74957437813282012939453125" lon="108.4449333138763904571533203125">
        <ele>459.600006103515625</ele>
        <time>2026-07-24T13:58:10.000Z</time>
        <extensions>
          <ns3:TrackPointExtension>
            <ns3:hr>147</ns3:hr>
            <ns3:cad>93</ns3:cad>
          </ns3:TrackPointExtension>
        </extensions>
      </trkpt>
      <trkpt lat="30.74957949109375476837158203125" lon="108.44495351426303386688232421875">
        <ele>459.600006103515625</ele>
        <time>2026-07-24T13:58:11.000Z</time>
        <extensions>
          <ns3:TrackPointExtension>
            <ns3:hr>146</ns3:hr>
            <ns3:cad>93</ns3:cad>
          </ns3:TrackPointExtension>
        </extensions>
      </trkpt>
      <trkpt lat="30.7495869509875774383544921875" lon="108.4449799172580242156982421875">
        <ele>459.600006103515625</ele>
        <time>2026-07-24T13:58:12.000Z</time>
        <extensions>
          <ns3:TrackPointExtension>
            <ns3:hr>147</ns3:hr>
            <ns3:cad>93</ns3:cad>
          </ns3:TrackPointExtension>
        </extensions>
      </trkpt>
      <trkpt lat="30.7495953328907489776611328125" lon="108.4449976868927478790283203125">
        <ele>459.600006103515625</ele>
        <time>2026-07-24T13:58:13.000Z</time>
        <extensions>
          <ns3:TrackPointExtension>
            <ns3:hr>147</ns3:hr>
            <ns3:cad>92</ns3:cad>
          </ns3:TrackPointExtension>
        </extensions>
      </trkpt>
      <trkpt lat="30.74960815720260143280029296875" lon="108.445021323859691619873046875">
        <ele>459.600006103515625</ele>
        <time>2026-07-24T13:58:14.000Z</time>
        <extensions>
          <ns3:TrackPointExtension>
            <ns3:hr>146</ns3:hr>
            <ns3:cad>92</ns3:cad>
          </ns3:TrackPointExtension>
        </extensions>
      </trkpt>
      <trkpt lat="30.74961754493415355682373046875" lon="108.44503666274249553680419921875">
        <ele>459.399993896484375</ele>
        <time>2026-07-24T13:58:15.000Z</time>
        <extensions>
          <ns3:TrackPointExtension>
            <ns3:hr>146</ns3:hr>
            <ns3:cad>93</ns3:cad>
          </ns3:TrackPointExtension>
        </extensions>
      </trkpt>
      <trkpt lat="30.7496295310556888580322265625" lon="108.44505812041461467742919921875">
        <ele>459.399993896484375</ele>
        <time>2026-07-24T13:58:16.000Z</time>
        <extensions>
          <ns3:TrackPointExtension>
            <ns3:hr>146</ns3:hr>
            <ns3:cad>93</ns3:cad>
          </ns3:TrackPointExtension>
        </extensions>
      </trkpt>
      <trkpt lat="30.74964319355785846710205078125" lon="108.44507521949708461761474609375">
        <ele>459.399993896484375</ele>
        <time>2026-07-24T13:58:17.000Z</time>
        <extensions>
          <ns3:TrackPointExtension>
            <ns3:hr>146</ns3:hr>
            <ns3:cad>93</ns3:cad>
          </ns3:TrackPointExtension>
        </extensions>
      </trkpt>
      <trkpt lat="30.74965191073715686798095703125" lon="108.44509969465434551239013671875">
        <ele>459.399993896484375</ele>
        <time>2026-07-24T13:58:18.000Z</time>
        <extensions>
          <ns3:TrackPointExtension>
            <ns3:hr>146</ns3:hr>
            <ns3:cad>93</ns3:cad>
          </ns3:TrackPointExtension>
        </extensions>
      </trkpt>
      <trkpt lat="30.74966289103031158447265625" lon="108.44511888921260833740234375">
        <ele>459.20001220703125</ele>
        <time>2026-07-24T13:58:19.000Z</time>
        <extensions>
          <ns3:TrackPointExtension>
            <ns3:hr>147</ns3:hr>
            <ns3:cad>91</ns3:cad>
          </ns3:TrackPointExtension>
        </extensions>
      </trkpt>
      <trkpt lat="30.7496741227805614471435546875" lon="108.4451423585414886474609375">
        <ele>459.20001220703125</ele>
        <time>2026-07-24T13:58:20.000Z</time>
        <extensions>
          <ns3:TrackPointExtension>
            <ns3:hr>146</ns3:hr>
            <ns3:cad>91</ns3:cad>
          </ns3:TrackPointExtension>
        </extensions>
      </trkpt>
      <trkpt lat="30.749687366187572479248046875" lon="108.44516172073781490325927734375">
        <ele>459.20001220703125</ele>
        <time>2026-07-24T13:58:21.000Z</time>
        <extensions>
          <ns3:TrackPointExtension>
            <ns3:hr>146</ns3:hr>
            <ns3:cad>91</ns3:cad>
          </ns3:TrackPointExtension>
        </extensions>
      </trkpt>
      <trkpt lat="30.74969549663364887237548828125" lon="108.445179574191570281982421875">
        <ele>459</ele>
        <time>2026-07-24T13:58:22.000Z</time>
        <extensions>
          <ns3:TrackPointExtension>
            <ns3:hr>146</ns3:hr>
            <ns3:cad>91</ns3:cad>
          </ns3:TrackPointExtension>
        </extensions>
      </trkpt>
      <trkpt lat="30.7497032918035984039306640625" lon="108.44520128332078456878662109375">
        <ele>459</ele>
        <time>2026-07-24T13:58:23.000Z</time>
        <extensions>
          <ns3:TrackPointExtension>
            <ns3:hr>146</ns3:hr>
            <ns3:cad>92</ns3:cad>
          </ns3:TrackPointExtension>
        </extensions>
      </trkpt>
      <trkpt lat="30.74971309863030910491943359375" lon="108.4452213160693645477294921875">
        <ele>459</ele>
        <time>2026-07-24T13:58:24.000Z</time>
        <extensions>
          <ns3:TrackPointExtension>
            <ns3:hr>146</ns3:hr>
            <ns3:cad>92</ns3:cad>
          </ns3:TrackPointExtension>
        </extensions>
      </trkpt>
      <trkpt lat="30.74972365982830524444580078125" lon="108.44524453394114971160888671875">
        <ele>459</ele>
        <time>2026-07-24T13:58:25.000Z</time>
        <extensions>
          <ns3:TrackPointExtension>
            <ns3:hr>146</ns3:hr>
            <ns3:cad>91</ns3:cad>
          </ns3:TrackPointExtension>
        </extensions>
      </trkpt>
      <trkpt lat="30.74973438866436481475830078125" lon="108.44526029191911220550537109375">
        <ele>459</ele>
        <time>2026-07-24T13:58:26.000Z</time>
        <extensions>
          <ns3:TrackPointExtension>
            <ns3:hr>145</ns3:hr>
            <ns3:cad>91</ns3:cad>
          </ns3:TrackPointExtension>
        </extensions>
      </trkpt>
      <trkpt lat="30.74974511750042438507080078125" lon="108.44528359360992908477783203125">
        <ele>459</ele>
        <time>2026-07-24T13:58:27.000Z</time>
        <extensions>
          <ns3:TrackPointExtension>
            <ns3:hr>144</ns3:hr>
            <ns3:cad>92</ns3:cad>
          </ns3:TrackPointExtension>
        </extensions>
      </trkpt>
      <trkpt lat="30.749755091965198516845703125" lon="108.4453021176159381866455078125">
        <ele>458.79998779296875</ele>
        <time>2026-07-24T13:58:28.000Z</time>
        <extensions>
          <ns3:TrackPointExtension>
            <ns3:hr>143</ns3:hr>
            <ns3:cad>92</ns3:cad>
          </ns3:TrackPointExtension>
        </extensions>
      </trkpt>
      <trkpt lat="30.74976724572479724884033203125" lon="108.44532751478254795074462890625">
        <ele>458.79998779296875</ele>
        <time>2026-07-24T13:58:29.000Z</time>
        <extensions>
          <ns3:TrackPointExtension>
            <ns3:hr>143</ns3:hr>
            <ns3:cad>93</ns3:cad>
          </ns3:TrackPointExtension>
        </extensions>
      </trkpt>
      <trkpt lat="30.74977931566536426544189453125" lon="108.4453470446169376373291015625">
        <ele>458.79998779296875</ele>
        <time>2026-07-24T13:58:30.000Z</time>
        <extensions>
          <ns3:TrackPointExtension>
            <ns3:hr>142</ns3:hr>
            <ns3:cad>94</ns3:cad>
          </ns3:TrackPointExtension>
        </extensions>
      </trkpt>
      <trkpt lat="30.74979205615818500518798828125" lon="108.44537143595516681671142578125">
        <ele>458.79998779296875</ele>
        <time>2026-07-24T13:58:31.000Z</time>
        <extensions>
          <ns3:TrackPointExtension>
            <ns3:hr>142</ns3:hr>
            <ns3:cad>93</ns3:cad>
          </ns3:TrackPointExtension>
        </extensions>
      </trkpt>
      <trkpt lat="30.74980177916586399078369140625" lon="108.44538467936217784881591796875">
        <ele>458.79998779296875</ele>
        <time>2026-07-24T13:58:32.000Z</time>
        <extensions>
          <ns3:TrackPointExtension>
            <ns3:hr>142</ns3:hr>
            <ns3:cad>93</ns3:cad>
          </ns3:TrackPointExtension>
        </extensions>
      </trkpt>
      <trkpt lat="30.74982021935284137725830078125" lon="108.445404879748821258544921875">
        <ele>458.79998779296875</ele>
        <time>2026-07-24T13:58:33.000Z</time>
        <extensions>
          <ns3:TrackPointExtension>
            <ns3:hr>143</ns3:hr>
            <ns3:cad>93</ns3:cad>
          </ns3:TrackPointExtension>
        </extensions>
      </trkpt>
      <trkpt lat="30.74984385631978511810302734375" lon="108.44541921280324459075927734375">
        <ele>458.79998779296875</ele>
        <time>2026-07-24T13:58:34.000Z</time>
        <extensions>
          <ns3:TrackPointExtension>
            <ns3:hr>143</ns3:hr>
            <ns3:cad>93</ns3:cad>
          </ns3:TrackPointExtension>
        </extensions>
      </trkpt>
      <trkpt lat="30.74986003339290618896484375" lon="108.4454389102756977081298828125">
        <ele>458.79998779296875</ele>
        <time>2026-07-24T13:58:35.000Z</time>
        <extensions>
          <ns3:TrackPointExtension>
            <ns3:hr>143</ns3:hr>
            <ns3:cad>91</ns3:cad>
          </ns3:TrackPointExtension>
        </extensions>
      </trkpt>
      <trkpt lat="30.749875791370868682861328125" lon="108.445457518100738525390625">
        <ele>458.79998779296875</ele>
        <time>2026-07-24T13:58:36.000Z</time>
        <extensions>
          <ns3:TrackPointExtension>
            <ns3:hr>143</ns3:hr>
            <ns3:cad>91</ns3:cad>
          </ns3:TrackPointExtension>
        </extensions>
      </trkpt>
      <trkpt lat="30.7498967461287975311279296875" lon="108.44547268934547901153564453125">
        <ele>458.600006103515625</ele>
        <time>2026-07-24T13:58:37.000Z</time>
        <extensions>
          <ns3:TrackPointExtension>
            <ns3:hr>142</ns3:hr>
            <ns3:cad>89</ns3:cad>
          </ns3:TrackPointExtension>
        </extensions>
      </trkpt>
      <trkpt lat="30.74991527013480663299560546875" lon="108.4454856812953948974609375">
        <ele>458.399993896484375</ele>
        <time>2026-07-24T13:58:38.000Z</time>
        <extensions>
          <ns3:TrackPointExtension>
            <ns3:hr>143</ns3:hr>
            <ns3:cad>89</ns3:cad>
          </ns3:TrackPointExtension>
        </extensions>
      </trkpt>
      <trkpt lat="30.7499336265027523040771484375" lon="108.445495404303073883056640625">
        <ele>458.399993896484375</ele>
        <time>2026-07-24T13:58:39.000Z</time>
        <extensions>
          <ns3:TrackPointExtension>
            <ns3:hr>143</ns3:hr>
            <ns3:cad>89</ns3:cad>
          </ns3:TrackPointExtension>
        </extensions>
      </trkpt>
      <trkpt lat="30.749950222671031951904296875" lon="108.44549817033112049102783203125">
        <ele>458.20001220703125</ele>
        <time>2026-07-24T13:58:40.000Z</time>
        <extensions>
          <ns3:TrackPointExtension>
            <ns3:hr>142</ns3:hr>
            <ns3:cad>89</ns3:cad>
          </ns3:TrackPointExtension>
        </extensions>
      </trkpt>
      <trkpt lat="30.74996975250542163848876953125" lon="108.44550487585365772247314453125">
        <ele>458</ele>
        <time>2026-07-24T13:58:41.000Z</time>
        <extensions>
          <ns3:TrackPointExtension>
            <ns3:hr>143</ns3:hr>
            <ns3:cad>92</ns3:cad>
          </ns3:TrackPointExtension>
        </extensions>
      </trkpt>
      <trkpt lat="30.74999238364398479461669921875" lon="108.44550303183495998382568359375">
        <ele>457.79998779296875</ele>
        <time>2026-07-24T13:58:42.000Z</time>
        <extensions>
          <ns3:TrackPointExtension>
            <ns3:hr>143</ns3:hr>
            <ns3:cad>92</ns3:cad>
          </ns3:TrackPointExtension>
        </extensions>
      </trkpt>
      <trkpt lat="30.75000889599323272705078125" lon="108.4455039538443088531494140625">
        <ele>457.79998779296875</ele>
        <time>2026-07-24T13:58:43.000Z</time>
        <extensions>
          <ns3:TrackPointExtension>
            <ns3:hr>142</ns3:hr>
            <ns3:cad>92</ns3:cad>
          </ns3:TrackPointExtension>
        </extensions>
      </trkpt>
      <trkpt lat="30.75002767145633697509765625" lon="108.44551384449005126953125">
        <ele>457.600006103515625</ele>
        <time>2026-07-24T13:58:44.000Z</time>
        <extensions>
          <ns3:TrackPointExtension>
            <ns3:hr>142</ns3:hr>
            <ns3:cad>92</ns3:cad>
          </ns3:TrackPointExtension>
        </extensions>
      </trkpt>
      <trkpt lat="30.750041417777538299560546875" lon="108.4455312788486480712890625">
        <ele>457.399993896484375</ele>
        <time>2026-07-24T13:58:45.000Z</time>
        <extensions>
          <ns3:TrackPointExtension>
            <ns3:hr>142</ns3:hr>
            <ns3:cad>92</ns3:cad>
          </ns3:TrackPointExtension>
        </extensions>
      </trkpt>
      <trkpt lat="30.7500486262142658233642578125" lon="108.4455549158155918121337890625">
        <ele>457.20001220703125</ele>
        <time>2026-07-24T13:58:46.000Z</time>
        <extensions>
          <ns3:TrackPointExtension>
            <ns3:hr>142</ns3:hr>
            <ns3:cad>92</ns3:cad>
          </ns3:TrackPointExtension>
        </extensions>
      </trkpt>
      <trkpt lat="30.75005407445132732391357421875" lon="108.445579223334789276123046875">
        <ele>457.20001220703125</ele>
        <time>2026-07-24T13:58:47.000Z</time>
        <extensions>
          <ns3:TrackPointExtension>
            <ns3:hr>143</ns3:hr>
            <ns3:cad>91</ns3:cad>
          </ns3:TrackPointExtension>
        </extensions>
      </trkpt>
      <trkpt lat="30.75005876831710338592529296875" lon="108.44560948200523853302001953125">
        <ele>456.79998779296875</ele>
        <time>2026-07-24T13:58:48.000Z</time>
        <extensions>
          <ns3:TrackPointExtension>
            <ns3:hr>142</ns3:hr>
            <ns3:cad>91</ns3:cad>
          </ns3:TrackPointExtension>
        </extensions>
      </trkpt>
      <trkpt lat="30.7500606961548328399658203125" lon="108.4456330351531505584716796875">
        <ele>456.79998779296875</ele>
        <time>2026-07-24T13:58:49.000Z</time>
        <extensions>
          <ns3:TrackPointExtension>
            <ns3:hr>142</ns3:hr>
            <ns3:cad>90</ns3:cad>
          </ns3:TrackPointExtension>
        </extensions>
      </trkpt>
      <trkpt lat="30.7500623725354671478271484375" lon="108.44565742649137973785400390625">
        <ele>456.600006103515625</ele>
        <time>2026-07-24T13:58:50.000Z</time>
        <extensions>
          <ns3:TrackPointExtension>
            <ns3:hr>142</ns3:hr>
            <ns3:cad>90</ns3:cad>
          </ns3:TrackPointExtension>
        </extensions>
      </trkpt>
      <trkpt lat="30.7500663958489894866943359375" lon="108.4456789679825305938720703125">
        <ele>456.20001220703125</ele>
        <time>2026-07-24T13:58:51.000Z</time>
        <extensions>
          <ns3:TrackPointExtension>
            <ns3:hr>142</ns3:hr>
            <ns3:cad>90</ns3:cad>
          </ns3:TrackPointExtension>
        </extensions>
      </trkpt>
      <trkpt lat="30.7500667311251163482666015625" lon="108.44571174122393131256103515625">
        <ele>456</ele>
        <time>2026-07-24T13:58:52.000Z</time>
        <extensions>
          <ns3:TrackPointExtension>
            <ns3:hr>142</ns3:hr>
            <ns3:cad>90</ns3:cad>
          </ns3:TrackPointExtension>
        </extensions>
      </trkpt>
      <trkpt lat="30.75006647966802120208740234375" lon="108.445731103420257568359375">
        <ele>456</ele>
        <time>2026-07-24T13:58:53.000Z</time>
        <extensions>
          <ns3:TrackPointExtension>
            <ns3:hr>142</ns3:hr>
            <ns3:cad>92</ns3:cad>
          </ns3:TrackPointExtension>
        </extensions>
      </trkpt>
      <trkpt lat="30.7500620372593402862548828125" lon="108.44575935043394565582275390625">
        <ele>455.79998779296875</ele>
        <time>2026-07-24T13:58:54.000Z</time>
        <extensions>
          <ns3:TrackPointExtension>
            <ns3:hr>141</ns3:hr>
            <ns3:cad>93</ns3:cad>
          </ns3:TrackPointExtension>
        </extensions>
      </trkpt>
      <trkpt lat="30.75006782077252864837646484375" lon="108.4457812272012233734130859375">
        <ele>455.79998779296875</ele>
        <time>2026-07-24T13:58:55.000Z</time>
        <extensions>
          <ns3:TrackPointExtension>
            <ns3:hr>141</ns3:hr>
            <ns3:cad>92</ns3:cad>
          </ns3:TrackPointExtension>
        </extensions>
      </trkpt>
      <trkpt lat="30.75007117353379726409912109375" lon="108.44581165350973606109619140625">
        <ele>455.79998779296875</ele>
        <time>2026-07-24T13:58:56.000Z</time>
        <extensions>
          <ns3:TrackPointExtension>
            <ns3:hr>141</ns3:hr>
            <ns3:cad>92</ns3:cad>
          </ns3:TrackPointExtension>
        </extensions>
      </trkpt>
      <trkpt lat="30.75007989071309566497802734375" lon="108.44582565128803253173828125">
        <ele>455.600006103515625</ele>
        <time>2026-07-24T13:58:57.000Z</time>
        <extensions>
          <ns3:TrackPointExtension>
            <ns3:hr>141</ns3:hr>
            <ns3:cad>92</ns3:cad>
          </ns3:TrackPointExtension>
        </extensions>
      </trkpt>
      <trkpt lat="30.75007989071309566497802734375" lon="108.4458489529788494110107421875">
        <ele>455.399993896484375</ele>
        <time>2026-07-24T13:58:58.000Z</time>
        <extensions>
          <ns3:TrackPointExtension>
            <ns3:hr>141</ns3:hr>
            <ns3:cad>90</ns3:cad>
          </ns3:TrackPointExtension>
        </extensions>
      </trkpt>
      <trkpt lat="30.75008156709372997283935546875" lon="108.4458747692406177520751953125">
        <ele>455.399993896484375</ele>
        <time>2026-07-24T13:58:59.000Z</time>
        <extensions>
          <ns3:TrackPointExtension>
            <ns3:hr>140</ns3:hr>
            <ns3:cad>90</ns3:cad>
          </ns3:TrackPointExtension>
        </extensions>
      </trkpt>
      <trkpt lat="30.750074274837970733642578125" lon="108.4458999149501323699951171875">
        <ele>455</ele>
        <time>2026-07-24T13:59:00.000Z</time>
        <extensions>
          <ns3:TrackPointExtension>
            <ns3:hr>140</ns3:hr>
            <ns3:cad>91</ns3:cad>
          </ns3:TrackPointExtension>
        </extensions>
      </trkpt>
      <trkpt lat="30.75007595121860504150390625" lon="108.44592346809804439544677734375">
        <ele>454.79998779296875</ele>
        <time>2026-07-24T13:59:01.000Z</time>
        <extensions>
          <ns3:TrackPointExtension>
            <ns3:hr>140</ns3:hr>
            <ns3:cad>93</ns3:cad>
          </ns3:TrackPointExtension>
        </extensions>
      </trkpt>
      <trkpt lat="30.75007704086601734161376953125" lon="108.44594492577016353607177734375">
        <ele>454.600006103515625</ele>
        <time>2026-07-24T13:59:02.000Z</time>
        <extensions>
          <ns3:TrackPointExtension>
            <ns3:hr>140</ns3:hr>
            <ns3:cad>93</ns3:cad>
          </ns3:TrackPointExtension>
        </extensions>
      </trkpt>
      <trkpt lat="30.7500793039798736572265625" lon="108.44597627408802509307861328125">
        <ele>454.600006103515625</ele>
        <time>2026-07-24T13:59:03.000Z</time>
        <extensions>
          <ns3:TrackPointExtension>
            <ns3:hr>139</ns3:hr>
            <ns3:cad>93</ns3:cad>
          </ns3:TrackPointExtension>
        </extensions>
      </trkpt>
      <trkpt lat="30.7500747777521610260009765625" lon="108.44600125215947628021240234375">
        <ele>454.399993896484375</ele>
        <time>2026-07-24T13:59:04.000Z</time>
        <extensions>
          <ns3:TrackPointExtension>
            <ns3:hr>139</ns3:hr>
            <ns3:cad>93</ns3:cad>
          </ns3:TrackPointExtension>
        </extensions>
      </trkpt>
      <trkpt lat="30.7500784657895565032958984375" lon="108.44603310339152812957763671875">
        <ele>454.399993896484375</ele>
        <time>2026-07-24T13:59:05.000Z</time>
        <extensions>
          <ns3:TrackPointExtension>
            <ns3:hr>139</ns3:hr>
            <ns3:cad>93</ns3:cad>
          </ns3:TrackPointExtension>
        </extensions>
      </trkpt>
      <trkpt lat="30.75007838197052478790283203125" lon="108.4460561536252498626708984375">
        <ele>454.20001220703125</ele>
        <time>2026-07-24T13:59:06.000Z</time>
        <extensions>
          <ns3:TrackPointExtension>
            <ns3:hr>139</ns3:hr>
            <ns3:cad>93</ns3:cad>
          </ns3:TrackPointExtension>
        </extensions>
      </trkpt>
      <trkpt lat="30.75008190236985683441162109375" lon="108.446084819734096527099609375">
        <ele>454.20001220703125</ele>
        <time>2026-07-24T13:59:07.000Z</time>
        <extensions>
          <ns3:TrackPointExtension>
            <ns3:hr>139</ns3:hr>
            <ns3:cad>93</ns3:cad>
          </ns3:TrackPointExtension>
        </extensions>
      </trkpt>
      <trkpt lat="30.75008827261626720428466796875" lon="108.44610325992107391357421875">
        <ele>454.20001220703125</ele>
        <time>2026-07-24T13:59:08.000Z</time>
        <extensions>
          <ns3:TrackPointExtension>
            <ns3:hr>139</ns3:hr>
            <ns3:cad>93</ns3:cad>
          </ns3:TrackPointExtension>
        </extensions>
      </trkpt>
      <trkpt lat="30.75009263120591640472412109375" lon="108.44613670371472835540771484375">
        <ele>454</ele>
        <time>2026-07-24T13:59:09.000Z</time>
        <extensions>
          <ns3:TrackPointExtension>
            <ns3:hr>139</ns3:hr>
            <ns3:cad>93</ns3:cad>
          </ns3:TrackPointExtension>
        </extensions>
      </trkpt>
      <trkpt lat="30.75010143220424652099609375" lon="108.44615447334945201873779296875">
        <ele>453.79998779296875</ele>
        <time>2026-07-24T13:59:10.000Z</time>
        <extensions>
          <ns3:TrackPointExtension>
            <ns3:hr>139</ns3:hr>
            <ns3:cad>91</ns3:cad>
          </ns3:TrackPointExtension>
        </extensions>
      </trkpt>
      <trkpt lat="30.75009933672845363616943359375" lon="108.44618917442858219146728515625">
        <ele>453.600006103515625</ele>
        <time>2026-07-24T13:59:11.000Z</time>
        <extensions>
          <ns3:TrackPointExtension>
            <ns3:hr>139</ns3:hr>
            <ns3:cad>91</ns3:cad>
          </ns3:TrackPointExtension>
        </extensions>
      </trkpt>
      <trkpt lat="30.75010587461292743682861328125" lon="108.4462093748152256011962890625">
        <ele>453.600006103515625</ele>
        <time>2026-07-24T13:59:12.000Z</time>
        <extensions>
          <ns3:TrackPointExtension>
            <ns3:hr>139</ns3:hr>
            <ns3:cad>91</ns3:cad>
          </ns3:TrackPointExtension>
        </extensions>
      </trkpt>
      <trkpt lat="30.7500992529094219207763671875" lon="108.4462418965995311737060546875">
        <ele>453.399993896484375</ele>
        <time>2026-07-24T13:59:13.000Z</time>
        <extensions>
          <ns3:TrackPointExtension>
            <ns3:hr>139</ns3:hr>
            <ns3:cad>93</ns3:cad>
          </ns3:TrackPointExtension>
        </extensions>
      </trkpt>
      <trkpt lat="30.7501039467751979827880859375" lon="108.44626419246196746826171875">
        <ele>453.20001220703125</ele>
        <time>2026-07-24T13:59:14.000Z</time>
        <extensions>
          <ns3:TrackPointExtension>
            <ns3:hr>139</ns3:hr>
            <ns3:cad>93</ns3:cad>
          </ns3:TrackPointExtension>
        </extensions>
      </trkpt>
      <trkpt lat="30.7500965707004070281982421875" lon="108.4462962113320827484130859375">
        <ele>453</ele>
        <time>2026-07-24T13:59:15.000Z</time>
        <extensions>
          <ns3:TrackPointExtension>
            <ns3:hr>139</ns3:hr>
            <ns3:cad>93</ns3:cad>
          </ns3:TrackPointExtension>
        </extensions>
      </trkpt>
      <trkpt lat="30.75010084547102451324462890625" lon="108.44631657935678958892822265625">
        <ele>452.79998779296875</ele>
        <time>2026-07-24T13:59:16.000Z</time>
        <extensions>
          <ns3:TrackPointExtension>
            <ns3:hr>138</ns3:hr>
            <ns3:cad>93</ns3:cad>
          </ns3:TrackPointExtension>
        </extensions>
      </trkpt>
      <trkpt lat="30.75009749270975589752197265625" lon="108.44634725712239742279052734375">
        <ele>452.600006103515625</ele>
        <time>2026-07-24T13:59:17.000Z</time>
        <extensions>
          <ns3:TrackPointExtension>
            <ns3:hr>138</ns3:hr>
            <ns3:cad>92</ns3:cad>
          </ns3:TrackPointExtension>
        </extensions>
      </trkpt>
      <trkpt lat="30.7501012645661830902099609375" lon="108.44637148082256317138671875">
        <ele>452.600006103515625</ele>
        <time>2026-07-24T13:59:18.000Z</time>
        <extensions>
          <ns3:TrackPointExtension>
            <ns3:hr>138</ns3:hr>
            <ns3:cad>92</ns3:cad>
          </ns3:TrackPointExtension>
        </extensions>
      </trkpt>
      <trkpt lat="30.7500972412526607513427734375" lon="108.4463984705507755279541015625">
        <ele>452.20001220703125</ele>
        <time>2026-07-24T13:59:19.000Z</time>
        <extensions>
          <ns3:TrackPointExtension>
            <ns3:hr>136</ns3:hr>
            <ns3:cad>91</ns3:cad>
          </ns3:TrackPointExtension>
        </extensions>
      </trkpt>
      <trkpt lat="30.75010235421359539031982421875" lon="108.44642244279384613037109375">
        <ele>451.79998779296875</ele>
        <time>2026-07-24T13:59:20.000Z</time>
        <extensions>
          <ns3:TrackPointExtension>
            <ns3:hr>136</ns3:hr>
            <ns3:cad>91</ns3:cad>
          </ns3:TrackPointExtension>
        </extensions>
      </trkpt>
      <trkpt lat="30.750100426375865936279296875" lon="108.44644926488399505615234375">
        <ele>451.600006103515625</ele>
        <time>2026-07-24T13:59:21.000Z</time>
        <extensions>
          <ns3:TrackPointExtension>
            <ns3:hr>135</ns3:hr>
            <ns3:cad>91</ns3:cad>
          </ns3:TrackPointExtension>
        </extensions>
      </trkpt>
      <trkpt lat="30.75010386295616626739501953125" lon="108.4464765898883342742919921875">
        <ele>451.600006103515625</ele>
        <time>2026-07-24T13:59:22.000Z</time>
        <extensions>
          <ns3:TrackPointExtension>
            <ns3:hr>135</ns3:hr>
            <ns3:cad>92</ns3:cad>
          </ns3:TrackPointExtension>
        </extensions>
      </trkpt>
      <trkpt lat="30.75010252185165882110595703125" lon="108.446505255997180938720703125">
        <ele>451.20001220703125</ele>
        <time>2026-07-24T13:59:23.000Z</time>
        <extensions>
          <ns3:TrackPointExtension>
            <ns3:hr>133</ns3:hr>
            <ns3:cad>92</ns3:cad>
          </ns3:TrackPointExtension>
        </extensions>
      </trkpt>
      <trkpt lat="30.7501099817454814910888671875" lon="108.446536771953105926513671875">
        <ele>451.20001220703125</ele>
        <time>2026-07-24T13:59:24.000Z</time>
        <extensions>
          <ns3:TrackPointExtension>
            <ns3:hr>131</ns3:hr>
            <ns3:cad>92</ns3:cad>
          </ns3:TrackPointExtension>
        </extensions>
      </trkpt>
      <trkpt lat="30.750115849077701568603515625" lon="108.446563594043254852294921875">
        <ele>451</ele>
        <time>2026-07-24T13:59:25.000Z</time>
        <extensions>
          <ns3:TrackPointExtension>
            <ns3:hr>130</ns3:hr>
            <ns3:cad>92</ns3:cad>
          </ns3:TrackPointExtension>
        </extensions>
      </trkpt>
      <trkpt lat="30.75012984685599803924560546875" lon="108.44659016467630863189697265625">
        <ele>450.600006103515625</ele>
        <time>2026-07-24T13:59:26.000Z</time>
        <extensions>
          <ns3:TrackPointExtension>
            <ns3:hr>129</ns3:hr>
            <ns3:cad>91</ns3:cad>
          </ns3:TrackPointExtension>
        </extensions>
      </trkpt>
      <trkpt lat="30.7501329481601715087890625" lon="108.44661497510969638824462890625">
        <ele>450.399993896484375</ele>
        <time>2026-07-24T13:59:27.000Z</time>
        <extensions>
          <ns3:TrackPointExtension>
            <ns3:hr>128</ns3:hr>
            <ns3:cad>90</ns3:cad>
          </ns3:TrackPointExtension>
        </extensions>
      </trkpt>
      <trkpt lat="30.750144012272357940673828125" lon="108.44663743861019611358642578125">
        <ele>450.20001220703125</ele>
        <time>2026-07-24T13:59:28.000Z</time>
        <extensions>
          <ns3:TrackPointExtension>
            <ns3:hr>129</ns3:hr>
            <ns3:cad>90</ns3:cad>
          </ns3:TrackPointExtension>
        </extensions>
      </trkpt>
      <trkpt lat="30.7501545734703540802001953125" lon="108.446662835776805877685546875">
        <ele>450</ele>
        <time>2026-07-24T13:59:29.000Z</time>
        <extensions>
          <ns3:TrackPointExtension>
            <ns3:hr>129</ns3:hr>
            <ns3:cad>89</ns3:cad>
          </ns3:TrackPointExtension>
        </extensions>
      </trkpt>
      <trkpt lat="30.75017527677118778228759765625" lon="108.4466777555644512176513671875">
        <ele>449.79998779296875</ele>
        <time>2026-07-24T13:59:30.000Z</time>
        <extensions>
          <ns3:TrackPointExtension>
            <ns3:hr>129</ns3:hr>
            <ns3:cad>89</ns3:cad>
          </ns3:TrackPointExtension>
        </extensions>
      </trkpt>
      <trkpt lat="30.7501891069114208221435546875" lon="108.44668865203857421875">
        <ele>449.600006103515625</ele>
        <time>2026-07-24T13:59:31.000Z</time>
        <extensions>
          <ns3:TrackPointExtension>
            <ns3:hr>129</ns3:hr>
            <ns3:cad>89</ns3:cad>
          </ns3:TrackPointExtension>
        </extensions>
      </trkpt>
      <trkpt lat="30.75020662508904933929443359375" lon="108.4466968663036823272705078125">
        <ele>449.600006103515625</ele>
        <time>2026-07-24T13:59:32.000Z</time>
        <extensions>
          <ns3:TrackPointExtension>
            <ns3:hr>129</ns3:hr>
            <ns3:cad>89</ns3:cad>
          </ns3:TrackPointExtension>
        </extensions>
      </trkpt>
      <trkpt lat="30.7502266578376293182373046875" lon="108.446702398359775543212890625">
        <ele>449.399993896484375</ele>
        <time>2026-07-24T13:59:33.000Z</time>
        <extensions>
          <ns3:TrackPointExtension>
            <ns3:hr>129</ns3:hr>
            <ns3:cad>89</ns3:cad>
          </ns3:TrackPointExtension>
        </extensions>
      </trkpt>
      <trkpt lat="30.75024954043328762054443359375" lon="108.44671078026294708251953125">
        <ele>449.20001220703125</ele>
        <time>2026-07-24T13:59:34.000Z</time>
        <extensions>
          <ns3:TrackPointExtension>
            <ns3:hr>130</ns3:hr>
            <ns3:cad>89</ns3:cad>
          </ns3:TrackPointExtension>
        </extensions>
      </trkpt>
      <trkpt lat="30.75026982463896274566650390625" lon="108.44671807251870632171630859375">
        <ele>448.79998779296875</ele>
        <time>2026-07-24T13:59:35.000Z</time>
        <extensions>
          <ns3:TrackPointExtension>
            <ns3:hr>130</ns3:hr>
            <ns3:cad>90</ns3:cad>
          </ns3:TrackPointExtension>
        </extensions>
      </trkpt>
      <trkpt lat="30.75028709135949611663818359375" lon="108.446723856031894683837890625">
        <ele>448.600006103515625</ele>
        <time>2026-07-24T13:59:36.000Z</time>
        <extensions>
          <ns3:TrackPointExtension>
            <ns3:hr>130</ns3:hr>
            <ns3:cad>91</ns3:cad>
          </ns3:TrackPointExtension>
        </extensions>
      </trkpt>
      <trkpt lat="30.75030670501291751861572265625" lon="108.446729891002178192138671875">
        <ele>448.399993896484375</ele>
        <time>2026-07-24T13:59:37.000Z</time>
        <extensions>
          <ns3:TrackPointExtension>
            <ns3:hr>129</ns3:hr>
            <ns3:cad>92</ns3:cad>
          </ns3:TrackPointExtension>
        </extensions>
      </trkpt>
      <trkpt lat="30.75032816268503665924072265625" lon="108.446724526584148406982421875">
        <ele>448.399993896484375</ele>
        <time>2026-07-24T13:59:38.000Z</time>
        <extensions>
          <ns3:TrackPointExtension>
            <ns3:hr>130</ns3:hr>
            <ns3:cad>92</ns3:cad>
          </ns3:TrackPointExtension>
        </extensions>
      </trkpt>
      <trkpt lat="30.75034777633845806121826171875" lon="108.44672243110835552215576171875">
        <ele>448.399993896484375</ele>
        <time>2026-07-24T13:59:39.000Z</time>
        <extensions>
          <ns3:TrackPointExtension>
            <ns3:hr>130</ns3:hr>
            <ns3:cad>92</ns3:cad>
          </ns3:TrackPointExtension>
        </extensions>
      </trkpt>
      <trkpt lat="30.7503714971244335174560546875" lon="108.4467186592519283294677734375">
        <ele>448.399993896484375</ele>
        <time>2026-07-24T13:59:40.000Z</time>
        <extensions>
          <ns3:TrackPointExtension>
            <ns3:hr>130</ns3:hr>
            <ns3:cad>92</ns3:cad>
          </ns3:TrackPointExtension>
        </extensions>
      </trkpt>
      <trkpt lat="30.75038951821625232696533203125" lon="108.44672159291803836822509765625">
        <ele>448.20001220703125</ele>
        <time>2026-07-24T13:59:41.000Z</time>
        <extensions>
          <ns3:TrackPointExtension>
            <ns3:hr>130</ns3:hr>
            <ns3:cad>92</ns3:cad>
          </ns3:TrackPointExtension>
        </extensions>
      </trkpt>
      <trkpt lat="30.7504092156887054443359375" lon="108.44671941362321376800537109375">
        <ele>448.20001220703125</ele>
        <time>2026-07-24T13:59:42.000Z</time>
        <extensions>
          <ns3:TrackPointExtension>
            <ns3:hr>130</ns3:hr>
            <ns3:cad>92</ns3:cad>
          </ns3:TrackPointExtension>
        </extensions>
      </trkpt>
      <trkpt lat="30.75043008662760257720947265625" lon="108.44672410748898983001708984375">
        <ele>448.20001220703125</ele>
        <time>2026-07-24T13:59:43.000Z</time>
        <extensions>
          <ns3:TrackPointExtension>
            <ns3:hr>130</ns3:hr>
            <ns3:cad>92</ns3:cad>
          </ns3:TrackPointExtension>
        </extensions>
      </trkpt>
      <trkpt lat="30.75045556761324405670166015625" lon="108.4467303939163684844970703125">
        <ele>448</ele>
        <time>2026-07-24T13:59:44.000Z</time>
        <extensions>
          <ns3:TrackPointExtension>
            <ns3:hr>130</ns3:hr>
            <ns3:cad>92</ns3:cad>
          </ns3:TrackPointExtension>
        </extensions>
      </trkpt>
      <trkpt lat="30.75047769583761692047119140625" lon="108.44672712497413158416748046875">
        <ele>447.79998779296875</ele>
        <time>2026-07-24T13:59:45.000Z</time>
        <extensions>
          <ns3:TrackPointExtension>
            <ns3:hr>133</ns3:hr>
            <ns3:cad>92</ns3:cad>
          </ns3:TrackPointExtension>
        </extensions>
      </trkpt>
      <trkpt lat="30.750502757728099822998046875" lon="108.44672947190701961517333984375">
        <ele>447.399993896484375</ele>
        <time>2026-07-24T13:59:46.000Z</time>
        <extensions>
          <ns3:TrackPointExtension>
            <ns3:hr>135</ns3:hr>
            <ns3:cad>93</ns3:cad>
          </ns3:TrackPointExtension>
        </extensions>
      </trkpt>
      <trkpt lat="30.75052061118185520172119140625" lon="108.44672461040318012237548828125">
        <ele>447.20001220703125</ele>
        <time>2026-07-24T13:59:47.000Z</time>
        <extensions>
          <ns3:TrackPointExtension>
            <ns3:hr>135</ns3:hr>
            <ns3:cad>93</ns3:cad>
          </ns3:TrackPointExtension>
        </extensions>
      </trkpt>
      <trkpt lat="30.75053972192108631134033203125" lon="108.44672553241252899169921875">
        <ele>447</ele>
        <time>2026-07-24T13:59:48.000Z</time>
        <extensions>
          <ns3:TrackPointExtension>
            <ns3:hr>134</ns3:hr>
            <ns3:cad>93</ns3:cad>
          </ns3:TrackPointExtension>
        </extensions>
      </trkpt>
      <trkpt lat="30.75055514462292194366455078125" lon="108.44671723432838916778564453125">
        <ele>447</ele>
        <time>2026-07-24T13:59:49.000Z</time>
        <extensions>
          <ns3:TrackPointExtension>
            <ns3:hr>134</ns3:hr>
            <ns3:cad>92</ns3:cad>
          </ns3:TrackPointExtension>
        </extensions>
      </trkpt>
      <trkpt lat="30.75057911686599254608154296875" lon="108.44671346247196197509765625">
        <ele>446.79998779296875</ele>
        <time>2026-07-24T13:59:50.000Z</time>
        <extensions>
          <ns3:TrackPointExtension>
            <ns3:hr>133</ns3:hr>
            <ns3:cad>90</ns3:cad>
          </ns3:TrackPointExtension>
        </extensions>
      </trkpt>
      <trkpt lat="30.75060342438519001007080078125" lon="108.44669845886528491973876953125">
        <ele>446.600006103515625</ele>
        <time>2026-07-24T13:59:51.000Z</time>
        <extensions>
          <ns3:TrackPointExtension>
            <ns3:hr>133</ns3:hr>
            <ns3:cad>89</ns3:cad>
          </ns3:TrackPointExtension>
        </extensions>
      </trkpt>
      <trkpt lat="30.750624127686023712158203125" lon="108.44668739475309848785400390625">
        <ele>446.399993896484375</ele>
        <time>2026-07-24T13:59:52.000Z</time>
        <extensions>
          <ns3:TrackPointExtension>
            <ns3:hr>133</ns3:hr>
            <ns3:cad>89</ns3:cad>
          </ns3:TrackPointExtension>
        </extensions>
      </trkpt>
      <trkpt lat="30.7506413944065570831298828125" lon="108.4466717205941677093505859375">
        <ele>446.20001220703125</ele>
        <time>2026-07-24T13:59:53.000Z</time>
        <extensions>
          <ns3:TrackPointExtension>
            <ns3:hr>133</ns3:hr>
            <ns3:cad>90</ns3:cad>
          </ns3:TrackPointExtension>
        </extensions>
      </trkpt>
      <trkpt lat="30.75065908022224903106689453125" lon="108.44665537588298320770263671875">
        <ele>446</ele>
        <time>2026-07-24T13:59:54.000Z</time>
        <extensions>
          <ns3:TrackPointExtension>
            <ns3:hr>132</ns3:hr>
            <ns3:cad>90</ns3:cad>
          </ns3:TrackPointExtension>
        </extensions>
      </trkpt>
      <trkpt lat="30.7506759278476238250732421875" lon="108.44663701951503753662109375">
        <ele>445.79998779296875</ele>
        <time>2026-07-24T13:59:55.000Z</time>
        <extensions>
          <ns3:TrackPointExtension>
            <ns3:hr>133</ns3:hr>
            <ns3:cad>90</ns3:cad>
          </ns3:TrackPointExtension>
        </extensions>
      </trkpt>
      <trkpt lat="30.7506854832172393798828125" lon="108.44661665149033069610595703125">
        <ele>445.79998779296875</ele>
        <time>2026-07-24T13:59:56.000Z</time>
        <extensions>
          <ns3:TrackPointExtension>
            <ns3:hr>133</ns3:hr>
            <ns3:cad>90</ns3:cad>
          </ns3:TrackPointExtension>
        </extensions>
      </trkpt>
      <trkpt lat="30.75069327838718891143798828125" lon="108.44659033231437206268310546875">
        <ele>445.399993896484375</ele>
        <time>2026-07-24T13:59:57.000Z</time>
        <extensions>
          <ns3:TrackPointExtension>
            <ns3:hr>133</ns3:hr>
            <ns3:cad>92</ns3:cad>
          </ns3:TrackPointExtension>
        </extensions>
      </trkpt>
      <trkpt lat="30.7506822980940341949462890625" lon="108.4465811960399150848388671875">
        <ele>445.20001220703125</ele>
        <time>2026-07-24T13:59:58.000Z</time>
        <extensions>
          <ns3:TrackPointExtension>
            <ns3:hr>133</ns3:hr>
            <ns3:cad>92</ns3:cad>
          </ns3:TrackPointExtension>
        </extensions>
      </trkpt>
      <trkpt lat="30.75066913850605487823486328125" lon="108.4465604089200496673583984375">
        <ele>445.20001220703125</ele>
        <time>2026-07-24T13:59:59.000Z</time>
        <extensions>
          <ns3:TrackPointExtension>
            <ns3:hr>132</ns3:hr>
            <ns3:cad>92</ns3:cad>
          </ns3:TrackPointExtension>
        </extensions>
      </trkpt>
      <trkpt lat="30.7506621815264225006103515625" lon="108.44654071144759654998779296875">
        <ele>445</ele>
        <time>2026-07-24T14:00:00.000Z</time>
        <extensions>
          <ns3:TrackPointExtension>
            <ns3:hr>133</ns3:hr>
            <ns3:cad>92</ns3:cad>
          </ns3:TrackPointExtension>
        </extensions>
      </trkpt>
      <trkpt lat="30.75064902193844318389892578125" lon="108.44651875086128711700439453125">
        <ele>445</ele>
        <time>2026-07-24T14:00:01.000Z</time>
        <extensions>
          <ns3:TrackPointExtension>
            <ns3:hr>133</ns3:hr>
            <ns3:cad>91</ns3:cad>
          </ns3:TrackPointExtension>
        </extensions>
      </trkpt>
      <trkpt lat="30.75063745491206645965576171875" lon="108.44649494625627994537353515625">
        <ele>445</ele>
        <time>2026-07-24T14:00:02.000Z</time>
        <extensions>
          <ns3:TrackPointExtension>
            <ns3:hr>132</ns3:hr>
            <ns3:cad>90</ns3:cad>
          </ns3:TrackPointExtension>
        </extensions>
      </trkpt>
      <trkpt lat="30.75062136165797710418701171875" lon="108.4464735724031925201416015625">
        <ele>445</ele>
        <time>2026-07-24T14:00:03.000Z</time>
        <extensions>
          <ns3:TrackPointExtension>
            <ns3:hr>132</ns3:hr>
            <ns3:cad>90</ns3:cad>
          </ns3:TrackPointExtension>
        </extensions>
      </trkpt>
      <trkpt lat="30.75060945935547351837158203125" lon="108.44644951634109020233154296875">
        <ele>444.79998779296875</ele>
        <time>2026-07-24T14:00:04.000Z</time>
        <extensions>
          <ns3:TrackPointExtension>
            <ns3:hr>132</ns3:hr>
            <ns3:cad>90</ns3:cad>
          </ns3:TrackPointExtension>
        </extensions>
      </trkpt>
      <trkpt lat="30.7505961321294307708740234375" lon="108.44642805866897106170654296875">
        <ele>444.79998779296875</ele>
        <time>2026-07-24T14:00:05.000Z</time>
        <extensions>
          <ns3:TrackPointExtension>
            <ns3:hr>132</ns3:hr>
            <ns3:cad>90</ns3:cad>
          </ns3:TrackPointExtension>
        </extensions>
      </trkpt>
      <trkpt lat="30.7505877502262592315673828125" lon="108.44640106894075870513916015625">
        <ele>444.79998779296875</ele>
        <time>2026-07-24T14:00:06.000Z</time>
        <extensions>
          <ns3:TrackPointExtension>
            <ns3:hr>132</ns3:hr>
            <ns3:cad>89</ns3:cad>
          </ns3:TrackPointExtension>
        </extensions>
      </trkpt>
      <trkpt lat="30.75057928450405597686767578125" lon="108.44637550413608551025390625">
        <ele>444.600006103515625</ele>
        <time>2026-07-24T14:00:07.000Z</time>
        <extensions>
          <ns3:TrackPointExtension>
            <ns3:hr>132</ns3:hr>
            <ns3:cad>89</ns3:cad>
          </ns3:TrackPointExtension>
        </extensions>
      </trkpt>
      <trkpt lat="30.75057207606732845306396484375" lon="108.44635413028299808502197265625">
        <ele>444.600006103515625</ele>
        <time>2026-07-24T14:00:08.000Z</time>
        <extensions>
          <ns3:TrackPointExtension>
            <ns3:hr>132</ns3:hr>
            <ns3:cad>89</ns3:cad>
          </ns3:TrackPointExtension>
        </extensions>
      </trkpt>
      <trkpt lat="30.75056084431707859039306640625" lon="108.4463337622582912445068359375">
        <ele>444.600006103515625</ele>
        <time>2026-07-24T14:00:09.000Z</time>
        <extensions>
          <ns3:TrackPointExtension>
            <ns3:hr>132</ns3:hr>
            <ns3:cad>89</ns3:cad>
          </ns3:TrackPointExtension>
        </extensions>
      </trkpt>
      <trkpt lat="30.75055296532809734344482421875" lon="108.44631004147231578826904296875">
        <ele>444.399993896484375</ele>
        <time>2026-07-24T14:00:10.000Z</time>
        <extensions>
          <ns3:TrackPointExtension>
            <ns3:hr>131</ns3:hr>
            <ns3:cad>89</ns3:cad>
          </ns3:TrackPointExtension>
        </extensions>
      </trkpt>
      <trkpt lat="30.75054240413010120391845703125" lon="108.44628774560987949371337890625">
        <ele>444.20001220703125</ele>
        <time>2026-07-24T14:00:11.000Z</time>
        <extensions>
          <ns3:TrackPointExtension>
            <ns3:hr>131</ns3:hr>
            <ns3:cad>89</ns3:cad>
          </ns3:TrackPointExtension>
        </extensions>
      </trkpt>
      <trkpt lat="30.75053972192108631134033203125" lon="108.44626310281455516815185546875">
        <ele>444.20001220703125</ele>
        <time>2026-07-24T14:00:12.000Z</time>
        <extensions>
          <ns3:TrackPointExtension>
            <ns3:hr>131</ns3:hr>
            <ns3:cad>89</ns3:cad>
          </ns3:TrackPointExtension>
        </extensions>
      </trkpt>
      <trkpt lat="30.7505299150943756103515625" lon="108.44624130986630916595458984375">
        <ele>444.20001220703125</ele>
        <time>2026-07-24T14:00:13.000Z</time>
        <extensions>
          <ns3:TrackPointExtension>
            <ns3:hr>131</ns3:hr>
            <ns3:cad>89</ns3:cad>
          </ns3:TrackPointExtension>
        </extensions>
      </trkpt>
      <trkpt lat="30.750524215400218963623046875" lon="108.4462197683751583099365234375">
        <ele>444</ele>
        <time>2026-07-24T14:00:14.000Z</time>
        <extensions>
          <ns3:TrackPointExtension>
            <ns3:hr>131</ns3:hr>
            <ns3:cad>89</ns3:cad>
          </ns3:TrackPointExtension>
        </extensions>
      </trkpt>
      <trkpt lat="30.75051608495414257049560546875" lon="108.44619579613208770751953125">
        <ele>443.79998779296875</ele>
        <time>2026-07-24T14:00:15.000Z</time>
        <extensions>
          <ns3:TrackPointExtension>
            <ns3:hr>131</ns3:hr>
            <ns3:cad>89</ns3:cad>
          </ns3:TrackPointExtension>
        </extensions>
      </trkpt>
      <trkpt lat="30.75051256455481052398681640625" lon="108.4461721591651439666748046875">
        <ele>443.600006103515625</ele>
        <time>2026-07-24T14:00:16.000Z</time>
        <extensions>
          <ns3:TrackPointExtension>
            <ns3:hr>131</ns3:hr>
            <ns3:cad>89</ns3:cad>
          </ns3:TrackPointExtension>
        </extensions>
      </trkpt>
      <trkpt lat="30.7505039311945438385009765625" lon="108.4461481869220733642578125">
        <ele>443.600006103515625</ele>
        <time>2026-07-24T14:00:17.000Z</time>
        <extensions>
          <ns3:TrackPointExtension>
            <ns3:hr>131</ns3:hr>
            <ns3:cad>90</ns3:cad>
          </ns3:TrackPointExtension>
        </extensions>
      </trkpt>
      <trkpt lat="30.7505015842616558074951171875" lon="108.44612027518451213836669921875">
        <ele>443.399993896484375</ele>
        <time>2026-07-24T14:00:18.000Z</time>
        <extensions>
          <ns3:TrackPointExtension>
            <ns3:hr>131</ns3:hr>
            <ns3:cad>90</ns3:cad>
          </ns3:TrackPointExtension>
        </extensions>
      </trkpt>
      <trkpt lat="30.75049278326332569122314453125" lon="108.44609630294144153594970703125">
        <ele>443.20001220703125</ele>
        <time>2026-07-24T14:00:19.000Z</time>
        <extensions>
          <ns3:TrackPointExtension>
            <ns3:hr>131</ns3:hr>
            <ns3:cad>90</ns3:cad>
          </ns3:TrackPointExtension>
        </extensions>
      </trkpt>
      <trkpt lat="30.750488340854644775390625" lon="108.44607107341289520263671875">
        <ele>443</ele>
        <time>2026-07-24T14:00:20.000Z</time>
        <extensions>
          <ns3:TrackPointExtension>
            <ns3:hr>131</ns3:hr>
            <ns3:cad>90</ns3:cad>
          </ns3:TrackPointExtension>
        </extensions>
      </trkpt>
      <trkpt lat="30.7504824735224246978759765625" lon="108.44604701735079288482666015625">
        <ele>442.79998779296875</ele>
        <time>2026-07-24T14:00:21.000Z</time>
        <extensions>
          <ns3:TrackPointExtension>
            <ns3:hr>131</ns3:hr>
            <ns3:cad>90</ns3:cad>
          </ns3:TrackPointExtension>
        </extensions>
      </trkpt>
      <trkpt lat="30.7504762709140777587890625" lon="108.44602874480187892913818359375">
        <ele>442.600006103515625</ele>
        <time>2026-07-24T14:00:22.000Z</time>
        <extensions>
          <ns3:TrackPointExtension>
            <ns3:hr>130</ns3:hr>
            <ns3:cad>90</ns3:cad>
          </ns3:TrackPointExtension>
        </extensions>
      </trkpt>
      <trkpt lat="30.7504650391638278961181640625" lon="108.44600393436849117279052734375">
        <ele>442.399993896484375</ele>
        <time>2026-07-24T14:00:23.000Z</time>
        <extensions>
          <ns3:TrackPointExtension>
            <ns3:hr>130</ns3:hr>
            <ns3:cad>90</ns3:cad>
          </ns3:TrackPointExtension>
        </extensions>
      </trkpt>
      <trkpt lat="30.7504596747457981109619140625" lon="108.44598113559186458587646484375">
        <ele>442.20001220703125</ele>
        <time>2026-07-24T14:00:24.000Z</time>
        <extensions>
          <ns3:TrackPointExtension>
            <ns3:hr>130</ns3:hr>
            <ns3:cad>90</ns3:cad>
          </ns3:TrackPointExtension>
        </extensions>
      </trkpt>
      <trkpt lat="30.75045271776616573333740234375" lon="108.4459522180259227752685546875">
        <ele>442.20001220703125</ele>
        <time>2026-07-24T14:00:25.000Z</time>
        <extensions>
          <ns3:TrackPointExtension>
            <ns3:hr>129</ns3:hr>
            <ns3:cad>90</ns3:cad>
          </ns3:TrackPointExtension>
        </extensions>
      </trkpt>
      <trkpt lat="30.75045053847134113311767578125" lon="108.44592765904963016510009765625">
        <ele>442</ele>
        <time>2026-07-24T14:00:26.000Z</time>
        <extensions>
          <ns3:TrackPointExtension>
            <ns3:hr>129</ns3:hr>
            <ns3:cad>90</ns3:cad>
          </ns3:TrackPointExtension>
        </extensions>
      </trkpt>
      <trkpt lat="30.7504452578723430633544921875" lon="108.44589941203594207763671875">
        <ele>441.79998779296875</ele>
        <time>2026-07-24T14:00:27.000Z</time>
        <extensions>
          <ns3:TrackPointExtension>
            <ns3:hr>128</ns3:hr>
            <ns3:cad>90</ns3:cad>
          </ns3:TrackPointExtension>
        </extensions>
      </trkpt>
      <trkpt lat="30.75044433586299419403076171875" lon="108.4458799660205841064453125">
        <ele>441.600006103515625</ele>
        <time>2026-07-24T14:00:28.000Z</time>
        <extensions>
          <ns3:TrackPointExtension>
            <ns3:hr>127</ns3:hr>
            <ns3:cad>90</ns3:cad>
          </ns3:TrackPointExtension>
        </extensions>
      </trkpt>
      <trkpt lat="30.75043746270239353179931640625" lon="108.44585272483527660369873046875">
        <ele>441.399993896484375</ele>
        <time>2026-07-24T14:00:29.000Z</time>
        <extensions>
          <ns3:TrackPointExtension>
            <ns3:hr>124</ns3:hr>
            <ns3:cad>90</ns3:cad>
          </ns3:TrackPointExtension>
        </extensions>
      </trkpt>
      <trkpt lat="30.75043209828436374664306640625" lon="108.44583244062960147857666015625">
        <ele>441.20001220703125</ele>
        <time>2026-07-24T14:00:30.000Z</time>
        <extensions>
          <ns3:TrackPointExtension>
            <ns3:hr>123</ns3:hr>
            <ns3:cad>90</ns3:cad>
          </ns3:TrackPointExtension>
        </extensions>
      </trkpt>
      <trkpt lat="30.75042522512376308441162109375" lon="108.445803858339786529541015625">
        <ele>441</ele>
        <time>2026-07-24T14:00:31.000Z</time>
        <extensions>
          <ns3:TrackPointExtension>
            <ns3:hr>122</ns3:hr>
            <ns3:cad>92</ns3:cad>
          </ns3:TrackPointExtension>
        </extensions>
      </trkpt>
      <trkpt lat="30.750420950353145599365234375" lon="108.44578449614346027374267578125">
        <ele>440.79998779296875</ele>
        <time>2026-07-24T14:00:32.000Z</time>
        <extensions>
          <ns3:TrackPointExtension>
            <ns3:hr>121</ns3:hr>
            <ns3:cad>92</ns3:cad>
          </ns3:TrackPointExtension>
        </extensions>
      </trkpt>
      <trkpt lat="30.750416927039623260498046875" lon="108.44575323164463043212890625">
        <ele>440.79998779296875</ele>
        <time>2026-07-24T14:00:33.000Z</time>
        <extensions>
          <ns3:TrackPointExtension>
            <ns3:hr>121</ns3:hr>
            <ns3:cad>92</ns3:cad>
          </ns3:TrackPointExtension>
        </extensions>
      </trkpt>
      <trkpt lat="30.75041768141090869903564453125" lon="108.4457332827150821685791015625">
        <ele>440.79998779296875</ele>
        <time>2026-07-24T14:00:34.000Z</time>
        <extensions>
          <ns3:TrackPointExtension>
            <ns3:hr>121</ns3:hr>
            <ns3:cad>91</ns3:cad>
          </ns3:TrackPointExtension>
        </extensions>
      </trkpt>
      <trkpt lat="30.75041390955448150634765625" lon="108.4457047842442989349365234375">
        <ele>440.600006103515625</ele>
        <time>2026-07-24T14:00:35.000Z</time>
        <extensions>
          <ns3:TrackPointExtension>
            <ns3:hr>121</ns3:hr>
            <ns3:cad>91</ns3:cad>
          </ns3:TrackPointExtension>
        </extensions>
      </trkpt>
      <trkpt lat="30.750410892069339752197265625" lon="108.4456836618483066558837890625">
        <ele>440.600006103515625</ele>
        <time>2026-07-24T14:00:36.000Z</time>
        <extensions>
          <ns3:TrackPointExtension>
            <ns3:hr>121</ns3:hr>
            <ns3:cad>90</ns3:cad>
          </ns3:TrackPointExtension>
        </extensions>
      </trkpt>
      <trkpt lat="30.750406198203563690185546875" lon="108.4456518106162548065185546875">
        <ele>440.399993896484375</ele>
        <time>2026-07-24T14:00:37.000Z</time>
        <extensions>
          <ns3:TrackPointExtension>
            <ns3:hr>121</ns3:hr>
            <ns3:cad>90</ns3:cad>
          </ns3:TrackPointExtension>
        </extensions>
      </trkpt>
      <trkpt lat="30.750406198203563690185546875" lon="108.44562876038253307342529296875">
        <ele>440.20001220703125</ele>
        <time>2026-07-24T14:00:38.000Z</time>
        <extensions>
          <ns3:TrackPointExtension>
            <ns3:hr>121</ns3:hr>
            <ns3:cad>89</ns3:cad>
          </ns3:TrackPointExtension>
        </extensions>
      </trkpt>
      <trkpt lat="30.750403515994548797607421875" lon="108.44560034573078155517578125">
        <ele>440.20001220703125</ele>
        <time>2026-07-24T14:00:39.000Z</time>
        <extensions>
          <ns3:TrackPointExtension>
            <ns3:hr>122</ns3:hr>
            <ns3:cad>88</ns3:cad>
          </ns3:TrackPointExtension>
        </extensions>
      </trkpt>
      <trkpt lat="30.75040125288069248199462890625" lon="108.44558148644864559173583984375">
        <ele>440</ele>
        <time>2026-07-24T14:00:40.000Z</time>
        <extensions>
          <ns3:TrackPointExtension>
            <ns3:hr>122</ns3:hr>
            <ns3:cad>88</ns3:cad>
          </ns3:TrackPointExtension>
        </extensions>
      </trkpt>
      <trkpt lat="30.75039538554847240447998046875" lon="108.44555206596851348876953125">
        <ele>439.79998779296875</ele>
        <time>2026-07-24T14:00:41.000Z</time>
        <extensions>
          <ns3:TrackPointExtension>
            <ns3:hr>123</ns3:hr>
            <ns3:cad>88</ns3:cad>
          </ns3:TrackPointExtension>
        </extensions>
      </trkpt>
      <trkpt lat="30.7503966428339481353759765625" lon="108.44552918337285518646240234375">
        <ele>439.79998779296875</ele>
        <time>2026-07-24T14:00:42.000Z</time>
        <extensions>
          <ns3:TrackPointExtension>
            <ns3:hr>125</ns3:hr>
            <ns3:cad>88</ns3:cad>
          </ns3:TrackPointExtension>
        </extensions>
      </trkpt>
      <trkpt lat="30.75039085932075977325439453125" lon="108.44549766741693019866943359375">
        <ele>439.600006103515625</ele>
        <time>2026-07-24T14:00:43.000Z</time>
        <extensions>
          <ns3:TrackPointExtension>
            <ns3:hr>126</ns3:hr>
            <ns3:cad>89</ns3:cad>
          </ns3:TrackPointExtension>
        </extensions>
      </trkpt>
      <trkpt lat="30.7503909431397914886474609375" lon="108.44547201879322528839111328125">
        <ele>439.20001220703125</ele>
        <time>2026-07-24T14:00:44.000Z</time>
        <extensions>
          <ns3:TrackPointExtension>
            <ns3:hr>126</ns3:hr>
            <ns3:cad>89</ns3:cad>
          </ns3:TrackPointExtension>
        </extensions>
      </trkpt>
      <trkpt lat="30.75039119459688663482666015625" lon="108.44544167630374431610107421875">
        <ele>438.79998779296875</ele>
        <time>2026-07-24T14:00:45.000Z</time>
        <extensions>
          <ns3:TrackPointExtension>
            <ns3:hr>126</ns3:hr>
            <ns3:cad>89</ns3:cad>
          </ns3:TrackPointExtension>
        </extensions>
      </trkpt>
      <trkpt lat="30.75039781630039215087890625" lon="108.4454174526035785675048828125">
        <ele>438.600006103515625</ele>
        <time>2026-07-24T14:00:46.000Z</time>
        <extensions>
          <ns3:TrackPointExtension>
            <ns3:hr>127</ns3:hr>
            <ns3:cad>89</ns3:cad>
          </ns3:TrackPointExtension>
        </extensions>
      </trkpt>
      <trkpt lat="30.75039454735815525054931640625" lon="108.4453892894089221954345703125">
        <ele>438.20001220703125</ele>
        <time>2026-07-24T14:00:47.000Z</time>
        <extensions>
          <ns3:TrackPointExtension>
            <ns3:hr>126</ns3:hr>
            <ns3:cad>88</ns3:cad>
          </ns3:TrackPointExtension>
        </extensions>
      </trkpt>
      <trkpt lat="30.75039924122393131256103515625" lon="108.44536489807069301605224609375">
        <ele>438.20001220703125</ele>
        <time>2026-07-24T14:00:48.000Z</time>
        <extensions>
          <ns3:TrackPointExtension>
            <ns3:hr>126</ns3:hr>
            <ns3:cad>88</ns3:cad>
          </ns3:TrackPointExtension>
        </extensions>
      </trkpt>
      <trkpt lat="30.750406198203563690185546875" lon="108.4453354775905609130859375">
        <ele>437.79998779296875</ele>
        <time>2026-07-24T14:00:49.000Z</time>
        <extensions>
          <ns3:TrackPointExtension>
            <ns3:hr>126</ns3:hr>
            <ns3:cad>88</ns3:cad>
          </ns3:TrackPointExtension>
        </extensions>
      </trkpt>
      <trkpt lat="30.7504181005060672760009765625" lon="108.445311002433300018310546875">
        <ele>437.79998779296875</ele>
        <time>2026-07-24T14:00:50.000Z</time>
        <extensions>
          <ns3:TrackPointExtension>
            <ns3:hr>125</ns3:hr>
            <ns3:cad>88</ns3:cad>
          </ns3:TrackPointExtension>
        </extensions>
      </trkpt>
      <trkpt lat="30.75042690150439739227294921875" lon="108.44528074376285076141357421875">
        <ele>437.399993896484375</ele>
        <time>2026-07-24T14:00:51.000Z</time>
        <extensions>
          <ns3:TrackPointExtension>
            <ns3:hr>124</ns3:hr>
            <ns3:cad>88</ns3:cad>
          </ns3:TrackPointExtension>
        </extensions>
      </trkpt>
      <trkpt lat="30.75043645687401294708251953125" lon="108.4452581964433193206787109375">
        <ele>437.20001220703125</ele>
        <time>2026-07-24T14:00:52.000Z</time>
        <extensions>
          <ns3:TrackPointExtension>
            <ns3:hr>122</ns3:hr>
            <ns3:cad>89</ns3:cad>
          </ns3:TrackPointExtension>
        </extensions>
      </trkpt>
      <trkpt lat="30.7504439167678356170654296875" lon="108.445227853953838348388671875">
        <ele>437.20001220703125</ele>
        <time>2026-07-24T14:00:53.000Z</time>
        <extensions>
          <ns3:TrackPointExtension>
            <ns3:hr>122</ns3:hr>
            <ns3:cad>89</ns3:cad>
          </ns3:TrackPointExtension>
        </extensions>
      </trkpt>
      <trkpt lat="30.7504482753574848175048828125" lon="108.4452045522630214691162109375">
        <ele>437</ele>
        <time>2026-07-24T14:00:54.000Z</time>
        <extensions>
          <ns3:TrackPointExtension>
            <ns3:hr>121</ns3:hr>
            <ns3:cad>89</ns3:cad>
          </ns3:TrackPointExtension>
        </extensions>
      </trkpt>
      <trkpt lat="30.75044701807200908660888671875" lon="108.44517580233514308929443359375">
        <ele>437</ele>
        <time>2026-07-24T14:00:55.000Z</time>
        <extensions>
          <ns3:TrackPointExtension>
            <ns3:hr>121</ns3:hr>
            <ns3:cad>90</ns3:cad>
          </ns3:TrackPointExtension>
        </extensions>
      </trkpt>
      <trkpt lat="30.75044483877718448638916015625" lon="108.44515769742429256439208984375">
        <ele>437</ele>
        <time>2026-07-24T14:00:56.000Z</time>
        <extensions>
          <ns3:TrackPointExtension>
            <ns3:hr>121</ns3:hr>
            <ns3:cad>90</ns3:cad>
          </ns3:TrackPointExtension>
        </extensions>
      </trkpt>
      <trkpt lat="30.75044064782559871673583984375" lon="108.44513305462896823883056640625">
        <ele>437</ele>
        <time>2026-07-24T14:00:57.000Z</time>
        <extensions>
          <ns3:TrackPointExtension>
            <ns3:hr>121</ns3:hr>
            <ns3:cad>90</ns3:cad>
          </ns3:TrackPointExtension>
        </extensions>
      </trkpt>
      <trkpt lat="30.7504362054169178009033203125" lon="108.4451128542423248291015625">
        <ele>437</ele>
        <time>2026-07-24T14:00:58.000Z</time>
        <extensions>
          <ns3:TrackPointExtension>
            <ns3:hr>121</ns3:hr>
            <ns3:cad>90</ns3:cad>
          </ns3:TrackPointExtension>
        </extensions>
      </trkpt>
      <trkpt lat="30.75042639859020709991455078125" lon="108.44509080983698368072509765625">
        <ele>437.20001220703125</ele>
        <time>2026-07-24T14:00:59.000Z</time>
        <extensions>
          <ns3:TrackPointExtension>
            <ns3:hr>122</ns3:hr>
            <ns3:cad>90</ns3:cad>
          </ns3:TrackPointExtension>
        </extensions>
      </trkpt>
      <trkpt lat="30.75041868723928928375244140625" lon="108.4450744651257991790771484375">
        <ele>437.20001220703125</ele>
        <time>2026-07-24T14:01:00.000Z</time>
        <extensions>
          <ns3:TrackPointExtension>
            <ns3:hr>122</ns3:hr>
            <ns3:cad>90</ns3:cad>
          </ns3:TrackPointExtension>
        </extensions>
      </trkpt>
      <trkpt lat="30.75040980242192745208740234375" lon="108.445046134293079376220703125">
        <ele>437.20001220703125</ele>
        <time>2026-07-24T14:01:01.000Z</time>
        <extensions>
          <ns3:TrackPointExtension>
            <ns3:hr>123</ns3:hr>
            <ns3:cad>90</ns3:cad>
          </ns3:TrackPointExtension>
        </extensions>
      </trkpt>
      <trkpt lat="30.75039957650005817413330078125" lon="108.44502861611545085906982421875">
        <ele>437.399993896484375</ele>
        <time>2026-07-24T14:01:02.000Z</time>
        <extensions>
          <ns3:TrackPointExtension>
            <ns3:hr>123</ns3:hr>
            <ns3:cad>90</ns3:cad>
          </ns3:TrackPointExtension>
        </extensions>
      </trkpt>
      <trkpt lat="30.75039085932075977325439453125" lon="108.444997854530811309814453125">
        <ele>437.399993896484375</ele>
        <time>2026-07-24T14:01:03.000Z</time>
        <extensions>
          <ns3:TrackPointExtension>
            <ns3:hr>123</ns3:hr>
            <ns3:cad>90</ns3:cad>
          </ns3:TrackPointExtension>
        </extensions>
      </trkpt>
      <trkpt lat="30.75038432143628597259521484375" lon="108.4449809230864048004150390625">
        <ele>437.79998779296875</ele>
        <time>2026-07-24T14:01:04.000Z</time>
        <extensions>
          <ns3:TrackPointExtension>
            <ns3:hr>124</ns3:hr>
            <ns3:cad>92</ns3:cad>
          </ns3:TrackPointExtension>
        </extensions>
      </trkpt>
      <trkpt lat="30.7503808848559856414794921875" lon="108.4449500776827335357666015625">
        <ele>437.79998779296875</ele>
        <time>2026-07-24T14:01:05.000Z</time>
        <extensions>
          <ns3:TrackPointExtension>
            <ns3:hr>124</ns3:hr>
            <ns3:cad>92</ns3:cad>
          </ns3:TrackPointExtension>
        </extensions>
      </trkpt>
      <trkpt lat="30.75037694536149501800537109375" lon="108.44493088312447071075439453125">
        <ele>438</ele>
        <time>2026-07-24T14:01:06.000Z</time>
        <extensions>
          <ns3:TrackPointExtension>
            <ns3:hr>124</ns3:hr>
            <ns3:cad>92</ns3:cad>
          </ns3:TrackPointExtension>
        </extensions>
      </trkpt>
      <trkpt lat="30.7503743469715118408203125" lon="108.44490255229175090789794921875">
        <ele>438</ele>
        <time>2026-07-24T14:01:07.000Z</time>
        <extensions>
          <ns3:TrackPointExtension>
            <ns3:hr>124</ns3:hr>
            <ns3:cad>92</ns3:cad>
          </ns3:TrackPointExtension>
        </extensions>
      </trkpt>
      <trkpt lat="30.7503691501915454864501953125" lon="108.4448848664760589599609375">
        <ele>438.20001220703125</ele>
        <time>2026-07-24T14:01:08.000Z</time>
        <extensions>
          <ns3:TrackPointExtension>
            <ns3:hr>124</ns3:hr>
            <ns3:cad>92</ns3:cad>
          </ns3:TrackPointExtension>
        </extensions>
      </trkpt>
      <trkpt lat="30.750368647277355194091796875" lon="108.4448551945388317108154296875">
        <ele>438.20001220703125</ele>
        <time>2026-07-24T14:01:09.000Z</time>
        <extensions>
          <ns3:TrackPointExtension>
            <ns3:hr>125</ns3:hr>
            <ns3:cad>92</ns3:cad>
          </ns3:TrackPointExtension>
        </extensions>
      </trkpt>
      <trkpt lat="30.750365965068340301513671875" lon="108.444835245609283447265625">
        <ele>438.20001220703125</ele>
        <time>2026-07-24T14:01:10.000Z</time>
        <extensions>
          <ns3:TrackPointExtension>
            <ns3:hr>125</ns3:hr>
            <ns3:cad>90</ns3:cad>
          </ns3:TrackPointExtension>
        </extensions>
      </trkpt>
      <trkpt lat="30.750366635620594024658203125" lon="108.44480548985302448272705078125">
        <ele>438.20001220703125</ele>
        <time>2026-07-24T14:01:11.000Z</time>
        <extensions>
          <ns3:TrackPointExtension>
            <ns3:hr>129</ns3:hr>
            <ns3:cad>90</ns3:cad>
          </ns3:TrackPointExtension>
        </extensions>
      </trkpt>
      <trkpt lat="30.750361941754817962646484375" lon="108.444786630570888519287109375">
        <ele>438.20001220703125</ele>
        <time>2026-07-24T14:01:12.000Z</time>
        <extensions>
          <ns3:TrackPointExtension>
            <ns3:hr>131</ns3:hr>
            <ns3:cad>90</ns3:cad>
          </ns3:TrackPointExtension>
        </extensions>
      </trkpt>
      <trkpt lat="30.75036152265965938568115234375" lon="108.44475586898624897003173828125">
        <ele>438.20001220703125</ele>
        <time>2026-07-24T14:01:13.000Z</time>
        <extensions>
          <ns3:TrackPointExtension>
            <ns3:hr>132</ns3:hr>
            <ns3:cad>89</ns3:cad>
          </ns3:TrackPointExtension>
        </extensions>
      </trkpt>
      <trkpt lat="30.75035833753645420074462890625" lon="108.44473575241863727569580078125">
        <ele>438.20001220703125</ele>
        <time>2026-07-24T14:01:14.000Z</time>
        <extensions>
          <ns3:TrackPointExtension>
            <ns3:hr>133</ns3:hr>
            <ns3:cad>89</ns3:cad>
          </ns3:TrackPointExtension>
        </extensions>
      </trkpt>
      <trkpt lat="30.75035967864096164703369140625" lon="108.4447046555578708648681640625">
        <ele>438.20001220703125</ele>
        <time>2026-07-24T14:01:15.000Z</time>
        <extensions>
          <ns3:TrackPointExtension>
            <ns3:hr>134</ns3:hr>
            <ns3:cad>90</ns3:cad>
          </ns3:TrackPointExtension>
        </extensions>
      </trkpt>
      <trkpt lat="30.75035582296550273895263671875" lon="108.4446818567812442779541015625">
        <ele>438.20001220703125</ele>
        <time>2026-07-24T14:01:16.000Z</time>
        <extensions>
          <ns3:TrackPointExtension>
            <ns3:hr>134</ns3:hr>
            <ns3:cad>90</ns3:cad>
          </ns3:TrackPointExtension>
        </extensions>
      </trkpt>
      <trkpt lat="30.75035766698420047760009765625" lon="108.44465042464435100555419921875">
        <ele>438.20001220703125</ele>
        <time>2026-07-24T14:01:17.000Z</time>
        <extensions>
          <ns3:TrackPointExtension>
            <ns3:hr>134</ns3:hr>
            <ns3:cad>90</ns3:cad>
          </ns3:TrackPointExtension>
        </extensions>
      </trkpt>
      <trkpt lat="30.75035448186099529266357421875" lon="108.44462444074451923370361328125">
        <ele>438</ele>
        <time>2026-07-24T14:01:18.000Z</time>
        <extensions>
          <ns3:TrackPointExtension>
            <ns3:hr>135</ns3:hr>
            <ns3:cad>90</ns3:cad>
          </ns3:TrackPointExtension>
        </extensions>
      </trkpt>
      <trkpt lat="30.75035599060356616973876953125" lon="108.4445980377495288848876953125">
        <ele>438</ele>
        <time>2026-07-24T14:01:19.000Z</time>
        <extensions>
          <ns3:TrackPointExtension>
            <ns3:hr>135</ns3:hr>
            <ns3:cad>90</ns3:cad>
          </ns3:TrackPointExtension>
        </extensions>
      </trkpt>
      <trkpt lat="30.75035632587969303131103515625" lon="108.44457766972482204437255859375">
        <ele>438</ele>
        <time>2026-07-24T14:01:20.000Z</time>
        <extensions>
          <ns3:TrackPointExtension>
            <ns3:hr>135</ns3:hr>
            <ns3:cad>90</ns3:cad>
          </ns3:TrackPointExtension>
        </extensions>
      </trkpt>
      <trkpt lat="30.75036236084997653961181640625" lon="108.44454757869243621826171875">
        <ele>437.79998779296875</ele>
        <time>2026-07-24T14:01:21.000Z</time>
        <extensions>
          <ns3:TrackPointExtension>
            <ns3:hr>136</ns3:hr>
            <ns3:cad>90</ns3:cad>
          </ns3:TrackPointExtension>
        </extensions>
      </trkpt>
      <trkpt lat="30.7503590919077396392822265625" lon="108.4445246122777462005615234375">
        <ele>437.79998779296875</ele>
        <time>2026-07-24T14:01:22.000Z</time>
        <extensions>
          <ns3:TrackPointExtension>
            <ns3:hr>136</ns3:hr>
            <ns3:cad>90</ns3:cad>
          </ns3:TrackPointExtension>
        </extensions>
      </trkpt>
      <trkpt lat="30.7503624446690082550048828125" lon="108.44449460506439208984375">
        <ele>437.600006103515625</ele>
        <time>2026-07-24T14:01:23.000Z</time>
        <extensions>
          <ns3:TrackPointExtension>
            <ns3:hr>137</ns3:hr>
            <ns3:cad>90</ns3:cad>
          </ns3:TrackPointExtension>
        </extensions>
      </trkpt>
      <trkpt lat="30.75035884045064449310302734375" lon="108.44446904025971889495849609375">
        <ele>437.399993896484375</ele>
        <time>2026-07-24T14:01:24.000Z</time>
        <extensions>
          <ns3:TrackPointExtension>
            <ns3:hr>137</ns3:hr>
            <ns3:cad>91</ns3:cad>
          </ns3:TrackPointExtension>
        </extensions>
      </trkpt>
      <trkpt lat="30.7503587566316127777099609375" lon="108.4444414637982845306396484375">
        <ele>437.399993896484375</ele>
        <time>2026-07-24T14:01:25.000Z</time>
        <extensions>
          <ns3:TrackPointExtension>
            <ns3:hr>137</ns3:hr>
            <ns3:cad>91</ns3:cad>
          </ns3:TrackPointExtension>
        </extensions>
      </trkpt>
      <trkpt lat="30.75035783462226390838623046875" lon="108.44442008994519710540771484375">
        <ele>437.399993896484375</ele>
        <time>2026-07-24T14:01:26.000Z</time>
        <extensions>
          <ns3:TrackPointExtension>
            <ns3:hr>138</ns3:hr>
            <ns3:cad>91</ns3:cad>
          </ns3:TrackPointExtension>
        </extensions>
      </trkpt>
      <trkpt lat="30.75036236084997653961181640625" lon="108.44439511187374591827392578125">
        <ele>437.20001220703125</ele>
        <time>2026-07-24T14:01:27.000Z</time>
        <extensions>
          <ns3:TrackPointExtension>
            <ns3:hr>138</ns3:hr>
            <ns3:cad>91</ns3:cad>
          </ns3:TrackPointExtension>
        </extensions>
      </trkpt>
      <trkpt lat="30.75036252848803997039794921875" lon="108.444368541240692138671875">
        <ele>437</ele>
        <time>2026-07-24T14:01:28.000Z</time>
        <extensions>
          <ns3:TrackPointExtension>
            <ns3:hr>138</ns3:hr>
            <ns3:cad>90</ns3:cad>
          </ns3:TrackPointExtension>
        </extensions>
      </trkpt>
      <trkpt lat="30.75036705471575260162353515625" lon="108.44434465281665325164794921875">
        <ele>437</ele>
        <time>2026-07-24T14:01:29.000Z</time>
        <extensions>
          <ns3:TrackPointExtension>
            <ns3:hr>138</ns3:hr>
            <ns3:cad>90</ns3:cad>
          </ns3:TrackPointExtension>
        </extensions>
      </trkpt>
      <trkpt lat="30.75036873109638690948486328125" lon="108.4443153999745845794677734375">
        <ele>436.79998779296875</ele>
        <time>2026-07-24T14:01:30.000Z</time>
        <extensions>
          <ns3:TrackPointExtension>
            <ns3:hr>138</ns3:hr>
            <ns3:cad>90</ns3:cad>
          </ns3:TrackPointExtension>
        </extensions>
      </trkpt>
      <trkpt lat="30.75037124566733837127685546875" lon="108.44429821707308292388916015625">
        <ele>436.79998779296875</ele>
        <time>2026-07-24T14:01:31.000Z</time>
        <extensions>
          <ns3:TrackPointExtension>
            <ns3:hr>138</ns3:hr>
            <ns3:cad>91</ns3:cad>
          </ns3:TrackPointExtension>
        </extensions>
      </trkpt>
      <trkpt lat="30.750372670590877532958984375" lon="108.44426569528877735137939453125">
        <ele>436.600006103515625</ele>
        <time>2026-07-24T14:01:32.000Z</time>
        <extensions>
          <ns3:TrackPointExtension>
            <ns3:hr>139</ns3:hr>
            <ns3:cad>91</ns3:cad>
          </ns3:TrackPointExtension>
        </extensions>
      </trkpt>
      <trkpt lat="30.75037292204797267913818359375" lon="108.44424524344503879547119140625">
        <ele>436.600006103515625</ele>
        <time>2026-07-24T14:01:33.000Z</time>
        <extensions>
          <ns3:TrackPointExtension>
            <ns3:hr>139</ns3:hr>
            <ns3:cad>93</ns3:cad>
          </ns3:TrackPointExtension>
        </extensions>
      </trkpt>
      <trkpt lat="30.75037862174212932586669921875" lon="108.44421674497425556182861328125">
        <ele>436.600006103515625</ele>
        <time>2026-07-24T14:01:34.000Z</time>
        <extensions>
          <ns3:TrackPointExtension>
            <ns3:hr>139</ns3:hr>
            <ns3:cad>94</ns3:cad>
          </ns3:TrackPointExtension>
        </extensions>
      </trkpt>
      <trkpt lat="30.75038348324596881866455078125" lon="108.44419109635055065155029296875">
        <ele>436.399993896484375</ele>
        <time>2026-07-24T14:01:35.000Z</time>
        <extensions>
          <ns3:TrackPointExtension>
            <ns3:hr>139</ns3:hr>
            <ns3:cad>94</ns3:cad>
          </ns3:TrackPointExtension>
        </extensions>
      </trkpt>
      <trkpt lat="30.750389434397220611572265625" lon="108.44416611827909946441650390625">
        <ele>436.399993896484375</ele>
        <time>2026-07-24T14:01:36.000Z</time>
        <extensions>
          <ns3:TrackPointExtension>
            <ns3:hr>139</ns3:hr>
            <ns3:cad>93</ns3:cad>
          </ns3:TrackPointExtension>
        </extensions>
      </trkpt>
      <trkpt lat="30.7503929547965526580810546875" lon="108.4441440738737583160400390625">
        <ele>436.20001220703125</ele>
        <time>2026-07-24T14:01:37.000Z</time>
        <extensions>
          <ns3:TrackPointExtension>
            <ns3:hr>138</ns3:hr>
            <ns3:cad>92</ns3:cad>
          </ns3:TrackPointExtension>
        </extensions>
      </trkpt>
      <trkpt lat="30.7504010014235973358154296875" lon="108.44411716796457767486572265625">
        <ele>436</ele>
        <time>2026-07-24T14:01:38.000Z</time>
        <extensions>
          <ns3:TrackPointExtension>
            <ns3:hr>138</ns3:hr>
            <ns3:cad>92</ns3:cad>
          </ns3:TrackPointExtension>
        </extensions>
      </trkpt>
      <trkpt lat="30.75040779076516628265380859375" lon="108.4440921060740947723388671875">
        <ele>436</ele>
        <time>2026-07-24T14:01:39.000Z</time>
        <extensions>
          <ns3:TrackPointExtension>
            <ns3:hr>137</ns3:hr>
            <ns3:cad>91</ns3:cad>
          </ns3:TrackPointExtension>
        </extensions>
      </trkpt>
      <trkpt lat="30.750414244830608367919921875" lon="108.44406670890748500823974609375">
        <ele>435.79998779296875</ele>
        <time>2026-07-24T14:01:40.000Z</time>
        <extensions>
          <ns3:TrackPointExtension>
            <ns3:hr>136</ns3:hr>
            <ns3:cad>91</ns3:cad>
          </ns3:TrackPointExtension>
        </extensions>
      </trkpt>
      <trkpt lat="30.75041935779154300689697265625" lon="108.4440408088266849517822265625">
        <ele>435.600006103515625</ele>
        <time>2026-07-24T14:01:41.000Z</time>
        <extensions>
          <ns3:TrackPointExtension>
            <ns3:hr>135</ns3:hr>
            <ns3:cad>91</ns3:cad>
          </ns3:TrackPointExtension>
        </extensions>
      </trkpt>
      <trkpt lat="30.7504221238195896148681640625" lon="108.44402161426842212677001953125">
        <ele>435.600006103515625</ele>
        <time>2026-07-24T14:01:42.000Z</time>
        <extensions>
          <ns3:TrackPointExtension>
            <ns3:hr>135</ns3:hr>
            <ns3:cad>94</ns3:cad>
          </ns3:TrackPointExtension>
        </extensions>
      </trkpt>
      <trkpt lat="30.750425644218921661376953125" lon="108.4439916908740997314453125">
        <ele>435.600006103515625</ele>
        <time>2026-07-24T14:01:43.000Z</time>
        <extensions>
          <ns3:TrackPointExtension>
            <ns3:hr>134</ns3:hr>
            <ns3:cad>95</ns3:cad>
          </ns3:TrackPointExtension>
        </extensions>
      </trkpt>
      <trkpt lat="30.75043042190372943878173828125" lon="108.44397098757326602935791015625">
        <ele>435.399993896484375</ele>
        <time>2026-07-24T14:01:44.000Z</time>
        <extensions>
          <ns3:TrackPointExtension>
            <ns3:hr>134</ns3:hr>
            <ns3:cad>95</ns3:cad>
          </ns3:TrackPointExtension>
        </extensions>
      </trkpt>
      <trkpt lat="30.75043310411274433135986328125" lon="108.44394014216959476470947265625">
        <ele>435.399993896484375</ele>
        <time>2026-07-24T14:01:45.000Z</time>
        <extensions>
          <ns3:TrackPointExtension>
            <ns3:hr>134</ns3:hr>
            <ns3:cad>95</ns3:cad>
          </ns3:TrackPointExtension>
        </extensions>
      </trkpt>
      <trkpt lat="30.75043528340756893157958984375" lon="108.44391901977360248565673828125">
        <ele>435.399993896484375</ele>
        <time>2026-07-24T14:01:46.000Z</time>
        <extensions>
          <ns3:TrackPointExtension>
            <ns3:hr>134</ns3:hr>
            <ns3:cad>93</ns3:cad>
          </ns3:TrackPointExtension>
        </extensions>
      </trkpt>
      <trkpt lat="30.7504405640065670013427734375" lon="108.4438889287412166595458984375">
        <ele>435.399993896484375</ele>
        <time>2026-07-24T14:01:47.000Z</time>
        <extensions>
          <ns3:TrackPointExtension>
            <ns3:hr>134</ns3:hr>
            <ns3:cad>93</ns3:cad>
          </ns3:TrackPointExtension>
        </extensions>
      </trkpt>
      <trkpt lat="30.75044467113912105560302734375" lon="108.4438683092594146728515625">
        <ele>435.399993896484375</ele>
        <time>2026-07-24T14:01:48.000Z</time>
        <extensions>
          <ns3:TrackPointExtension>
            <ns3:hr>134</ns3:hr>
            <ns3:cad>93</ns3:cad>
          </ns3:TrackPointExtension>
        </extensions>
      </trkpt>
      <trkpt lat="30.75045238249003887176513671875" lon="108.44383721239864826202392578125">
        <ele>435.399993896484375</ele>
        <time>2026-07-24T14:01:49.000Z</time>
        <extensions>
          <ns3:TrackPointExtension>
            <ns3:hr>135</ns3:hr>
            <ns3:cad>90</ns3:cad>
          </ns3:TrackPointExtension>
        </extensions>
      </trkpt>
      <trkpt lat="30.75045556761324405670166015625" lon="108.4438173472881317138671875">
        <ele>435.399993896484375</ele>
        <time>2026-07-24T14:01:50.000Z</time>
        <extensions>
          <ns3:TrackPointExtension>
            <ns3:hr>135</ns3:hr>
            <ns3:cad>90</ns3:cad>
          </ns3:TrackPointExtension>
        </extensions>
      </trkpt>
      <trkpt lat="30.75046093203127384185791015625" lon="108.4437873400747776031494140625">
        <ele>435.20001220703125</ele>
        <time>2026-07-24T14:01:51.000Z</time>
        <extensions>
          <ns3:TrackPointExtension>
            <ns3:hr>136</ns3:hr>
            <ns3:cad>90</ns3:cad>
          </ns3:TrackPointExtension>
        </extensions>
      </trkpt>
      <trkpt lat="30.75045757927000522613525390625" lon="108.44376730732619762420654296875">
        <ele>435.20001220703125</ele>
        <time>2026-07-24T14:01:52.000Z</time>
        <extensions>
          <ns3:TrackPointExtension>
            <ns3:hr>136</ns3:hr>
            <ns3:cad>90</ns3:cad>
          </ns3:TrackPointExtension>
        </extensions>
      </trkpt>
      <trkpt lat="30.75046713463962078094482421875" lon="108.44373797066509723663330078125">
        <ele>435</ele>
        <time>2026-07-24T14:01:53.000Z</time>
        <extensions>
          <ns3:TrackPointExtension>
            <ns3:hr>137</ns3:hr>
            <ns3:cad>90</ns3:cad>
          </ns3:TrackPointExtension>
        </extensions>
      </trkpt>
      <trkpt lat="30.75046244077384471893310546875" lon="108.4437172673642635345458984375">
        <ele>435</ele>
        <time>2026-07-24T14:01:54.000Z</time>
        <extensions>
          <ns3:TrackPointExtension>
            <ns3:hr>138</ns3:hr>
            <ns3:cad>91</ns3:cad>
          </ns3:TrackPointExtension>
        </extensions>
      </trkpt>
      <trkpt lat="30.75047015212476253509521484375" lon="108.44368935562670230865478515625">
        <ele>435</ele>
        <time>2026-07-24T14:01:55.000Z</time>
        <extensions>
          <ns3:TrackPointExtension>
            <ns3:hr>138</ns3:hr>
            <ns3:cad>92</ns3:cad>
          </ns3:TrackPointExtension>
        </extensions>
      </trkpt>
      <trkpt lat="30.75046981684863567352294921875" lon="108.44366806559264659881591796875">
        <ele>435</ele>
        <time>2026-07-24T14:01:56.000Z</time>
        <extensions>
          <ns3:TrackPointExtension>
            <ns3:hr>138</ns3:hr>
            <ns3:cad>92</ns3:cad>
          </ns3:TrackPointExtension>
        </extensions>
      </trkpt>
      <trkpt lat="30.75047752819955348968505859375" lon="108.4436431713402271270751953125">
        <ele>434.79998779296875</ele>
        <time>2026-07-24T14:01:57.000Z</time>
        <extensions>
          <ns3:TrackPointExtension>
            <ns3:hr>139</ns3:hr>
            <ns3:cad>92</ns3:cad>
          </ns3:TrackPointExtension>
        </extensions>
      </trkpt>
      <trkpt lat="30.7504816353321075439453125" lon="108.4436213783919811248779296875">
        <ele>434.79998779296875</ele>
        <time>2026-07-24T14:01:58.000Z</time>
        <extensions>
          <ns3:TrackPointExtension>
            <ns3:hr>139</ns3:hr>
            <ns3:cad>93</ns3:cad>
          </ns3:TrackPointExtension>
        </extensions>
      </trkpt>
      <trkpt lat="30.750490017235279083251953125" lon="108.44359497539699077606201171875">
        <ele>434.79998779296875</ele>
        <time>2026-07-24T14:01:59.000Z</time>
        <extensions>
          <ns3:TrackPointExtension>
            <ns3:hr>138</ns3:hr>
            <ns3:cad>93</ns3:cad>
          </ns3:TrackPointExtension>
        </extensions>
      </trkpt>
      <trkpt lat="30.75049010105431079864501953125" lon="108.4435677342116832733154296875">
        <ele>434.79998779296875</ele>
        <time>2026-07-24T14:02:00.000Z</time>
        <extensions>
          <ns3:TrackPointExtension>
            <ns3:hr>138</ns3:hr>
            <ns3:cad>93</ns3:cad>
          </ns3:TrackPointExtension>
        </extensions>
      </trkpt>
      <trkpt lat="30.75049630366265773773193359375" lon="108.44354200176894664764404296875">
        <ele>434.600006103515625</ele>
        <time>2026-07-24T14:02:01.000Z</time>
        <extensions>
          <ns3:TrackPointExtension>
            <ns3:hr>138</ns3:hr>
            <ns3:cad>93</ns3:cad>
          </ns3:TrackPointExtension>
        </extensions>
      </trkpt>
      <trkpt lat="30.750498063862323760986328125" lon="108.44351367093622684478759765625">
        <ele>434.600006103515625</ele>
        <time>2026-07-24T14:02:02.000Z</time>
        <extensions>
          <ns3:TrackPointExtension>
            <ns3:hr>137</ns3:hr>
            <ns3:cad>93</ns3:cad>
          </ns3:TrackPointExtension>
        </extensions>
      </trkpt>
      <trkpt lat="30.750502087175846099853515625" lon="108.443489111959934234619140625">
        <ele>434.600006103515625</ele>
        <time>2026-07-24T14:02:03.000Z</time>
        <extensions>
          <ns3:TrackPointExtension>
            <ns3:hr>136</ns3:hr>
            <ns3:cad>93</ns3:cad>
          </ns3:TrackPointExtension>
        </extensions>
      </trkpt>
      <trkpt lat="30.75050183571875095367431640625" lon="108.44346237368881702423095703125">
        <ele>434.399993896484375</ele>
        <time>2026-07-24T14:02:04.000Z</time>
        <extensions>
          <ns3:TrackPointExtension>
            <ns3:hr>136</ns3:hr>
            <ns3:cad>92</ns3:cad>
          </ns3:TrackPointExtension>
        </extensions>
      </trkpt>
      <trkpt lat="30.75050351209938526153564453125" lon="108.44343739561736583709716796875">
        <ele>434.399993896484375</ele>
        <time>2026-07-24T14:02:05.000Z</time>
        <extensions>
          <ns3:TrackPointExtension>
            <ns3:hr>135</ns3:hr>
            <ns3:cad>92</ns3:cad>
          </ns3:TrackPointExtension>
        </extensions>
      </trkpt>
      <trkpt lat="30.75050376355648040771484375" lon="108.44340789131820201873779296875">
        <ele>434.399993896484375</ele>
        <time>2026-07-24T14:02:06.000Z</time>
        <extensions>
          <ns3:TrackPointExtension>
            <ns3:hr>135</ns3:hr>
            <ns3:cad>92</ns3:cad>
          </ns3:TrackPointExtension>
        </extensions>
      </trkpt>
      <trkpt lat="30.750506781041622161865234375" lon="108.4433853439986705780029296875">
        <ele>434.20001220703125</ele>
        <time>2026-07-24T14:02:07.000Z</time>
        <extensions>
          <ns3:TrackPointExtension>
            <ns3:hr>135</ns3:hr>
            <ns3:cad>92</ns3:cad>
          </ns3:TrackPointExtension>
        </extensions>
      </trkpt>
      <trkpt lat="30.7505056075751781463623046875" lon="108.44335592351853847503662109375">
        <ele>434.20001220703125</ele>
        <time>2026-07-24T14:02:08.000Z</time>
        <extensions>
          <ns3:TrackPointExtension>
            <ns3:hr>135</ns3:hr>
            <ns3:cad>91</ns3:cad>
          </ns3:TrackPointExtension>
        </extensions>
      </trkpt>
      <trkpt lat="30.75050720013678073883056640625" lon="108.44333329237997531890869140625">
        <ele>434</ele>
        <time>2026-07-24T14:02:09.000Z</time>
        <extensions>
          <ns3:TrackPointExtension>
            <ns3:hr>135</ns3:hr>
            <ns3:cad>90</ns3:cad>
          </ns3:TrackPointExtension>
        </extensions>
      </trkpt>
      <trkpt lat="30.75050552375614643096923828125" lon="108.44330261461436748504638671875">
        <ele>434</ele>
        <time>2026-07-24T14:02:10.000Z</time>
        <extensions>
          <ns3:TrackPointExtension>
            <ns3:hr>135</ns3:hr>
            <ns3:cad>90</ns3:cad>
          </ns3:TrackPointExtension>
        </extensions>
      </trkpt>
      <trkpt lat="30.7505039311945438385009765625" lon="108.443281911313533782958984375">
        <ele>434</ele>
        <time>2026-07-24T14:02:11.000Z</time>
        <extensions>
          <ns3:TrackPointExtension>
            <ns3:hr>136</ns3:hr>
            <ns3:cad>90</ns3:cad>
          </ns3:TrackPointExtension>
        </extensions>
      </trkpt>
      <trkpt lat="30.750502757728099822998046875" lon="108.44325014390051364898681640625">
        <ele>433.79998779296875</ele>
        <time>2026-07-24T14:02:12.000Z</time>
        <extensions>
          <ns3:TrackPointExtension>
            <ns3:hr>136</ns3:hr>
            <ns3:cad>90</ns3:cad>
          </ns3:TrackPointExtension>
        </extensions>
      </trkpt>
      <trkpt lat="30.750500746071338653564453125" lon="108.4432284347712993621826171875">
        <ele>433.79998779296875</ele>
        <time>2026-07-24T14:02:13.000Z</time>
        <extensions>
          <ns3:TrackPointExtension>
            <ns3:hr>137</ns3:hr>
            <ns3:cad>91</ns3:cad>
          </ns3:TrackPointExtension>
        </extensions>
      </trkpt>
      <trkpt lat="30.7505012489855289459228515625" lon="108.44319465570151805877685546875">
        <ele>433.79998779296875</ele>
        <time>2026-07-24T14:02:14.000Z</time>
        <extensions>
          <ns3:TrackPointExtension>
            <ns3:hr>137</ns3:hr>
            <ns3:cad>92</ns3:cad>
          </ns3:TrackPointExtension>
        </extensions>
      </trkpt>
      <trkpt lat="30.75049680657684803009033203125" lon="108.4431741200387477874755859375">
        <ele>433.600006103515625</ele>
        <time>2026-07-24T14:02:15.000Z</time>
        <extensions>
          <ns3:TrackPointExtension>
            <ns3:hr>137</ns3:hr>
            <ns3:cad>92</ns3:cad>
          </ns3:TrackPointExtension>
        </extensions>
      </trkpt>
      <trkpt lat="30.750496722757816314697265625" lon="108.44314017333090305328369140625">
        <ele>433.600006103515625</ele>
        <time>2026-07-24T14:02:16.000Z</time>
        <extensions>
          <ns3:TrackPointExtension>
            <ns3:hr>137</ns3:hr>
            <ns3:cad>93</ns3:cad>
          </ns3:TrackPointExtension>
        </extensions>
      </trkpt>
      <trkpt lat="30.75049261562526226043701171875" lon="108.4431208111345767974853515625">
        <ele>433.399993896484375</ele>
        <time>2026-07-24T14:02:17.000Z</time>
        <extensions>
          <ns3:TrackPointExtension>
            <ns3:hr>137</ns3:hr>
            <ns3:cad>93</ns3:cad>
          </ns3:TrackPointExtension>
        </extensions>
      </trkpt>
      <trkpt lat="30.75049529783427715301513671875" lon="108.44309122301638126373291015625">
        <ele>433.399993896484375</ele>
        <time>2026-07-24T14:02:18.000Z</time>
        <extensions>
          <ns3:TrackPointExtension>
            <ns3:hr>137</ns3:hr>
            <ns3:cad>92</ns3:cad>
          </ns3:TrackPointExtension>
        </extensions>
      </trkpt>
      <trkpt lat="30.7504901848733425140380859375" lon="108.44307311810553073883056640625">
        <ele>433.399993896484375</ele>
        <time>2026-07-24T14:02:19.000Z</time>
        <extensions>
          <ns3:TrackPointExtension>
            <ns3:hr>137</ns3:hr>
            <ns3:cad>92</ns3:cad>
          </ns3:TrackPointExtension>
        </extensions>
      </trkpt>
      <trkpt lat="30.75049228034913539886474609375" lon="108.4430448710918426513671875">
        <ele>433.399993896484375</ele>
        <time>2026-07-24T14:02:20.000Z</time>
        <extensions>
          <ns3:TrackPointExtension>
            <ns3:hr>137</ns3:hr>
            <ns3:cad>92</ns3:cad>
          </ns3:TrackPointExtension>
        </extensions>
      </trkpt>
      <trkpt lat="30.75048825703561305999755859375" lon="108.44302332960069179534912109375">
        <ele>433.20001220703125</ele>
        <time>2026-07-24T14:02:21.000Z</time>
        <extensions>
          <ns3:TrackPointExtension>
            <ns3:hr>138</ns3:hr>
            <ns3:cad>90</ns3:cad>
          </ns3:TrackPointExtension>
        </extensions>
      </trkpt>
      <trkpt lat="30.75049127452075481414794921875" lon="108.44299055635929107666015625">
        <ele>433.20001220703125</ele>
        <time>2026-07-24T14:02:22.000Z</time>
        <extensions>
          <ns3:TrackPointExtension>
            <ns3:hr>138</ns3:hr>
            <ns3:cad>90</ns3:cad>
          </ns3:TrackPointExtension>
        </extensions>
      </trkpt>
      <trkpt lat="30.750480629503726959228515625" lon="108.4429662488400936126708984375">
        <ele>433.20001220703125</ele>
        <time>2026-07-24T14:02:23.000Z</time>
        <extensions>
          <ns3:TrackPointExtension>
            <ns3:hr>138</ns3:hr>
            <ns3:cad>90</ns3:cad>
          </ns3:TrackPointExtension>
        </extensions>
      </trkpt>
      <trkpt lat="30.75048255734145641326904296875" lon="108.442936241626739501953125">
        <ele>433.20001220703125</ele>
        <time>2026-07-24T14:02:24.000Z</time>
        <extensions>
          <ns3:TrackPointExtension>
            <ns3:hr>139</ns3:hr>
            <ns3:cad>91</ns3:cad>
          </ns3:TrackPointExtension>
        </extensions>
      </trkpt>
      <trkpt lat="30.75047920458018779754638671875" lon="108.44291704706847667694091796875">
        <ele>433.20001220703125</ele>
        <time>2026-07-24T14:02:25.000Z</time>
        <extensions>
          <ns3:TrackPointExtension>
            <ns3:hr>139</ns3:hr>
            <ns3:cad>91</ns3:cad>
          </ns3:TrackPointExtension>
        </extensions>
      </trkpt>
      <trkpt lat="30.75047920458018779754638671875" lon="108.44288905151188373565673828125">
        <ele>433.20001220703125</ele>
        <time>2026-07-24T14:02:26.000Z</time>
        <extensions>
          <ns3:TrackPointExtension>
            <ns3:hr>139</ns3:hr>
            <ns3:cad>92</ns3:cad>
          </ns3:TrackPointExtension>
        </extensions>
      </trkpt>
      <trkpt lat="30.7504777796566486358642578125" lon="108.44286591745913028717041015625">
        <ele>433.20001220703125</ele>
        <time>2026-07-24T14:02:27.000Z</time>
        <extensions>
          <ns3:TrackPointExtension>
            <ns3:hr>140</ns3:hr>
            <ns3:cad>92</ns3:cad>
          </ns3:TrackPointExtension>
        </extensions>
      </trkpt>
      <trkpt lat="30.75047903694212436676025390625" lon="108.4428425319492816925048828125">
        <ele>433.20001220703125</ele>
        <time>2026-07-24T14:02:28.000Z</time>
        <extensions>
          <ns3:TrackPointExtension>
            <ns3:hr>140</ns3:hr>
            <ns3:cad>91</ns3:cad>
          </ns3:TrackPointExtension>
        </extensions>
      </trkpt>
      <trkpt lat="30.7504767738282680511474609375" lon="108.442821912467479705810546875">
        <ele>433.20001220703125</ele>
        <time>2026-07-24T14:02:29.000Z</time>
        <extensions>
          <ns3:TrackPointExtension>
            <ns3:hr>140</ns3:hr>
            <ns3:cad>91</ns3:cad>
          </ns3:TrackPointExtension>
        </extensions>
      </trkpt>
      <trkpt lat="30.75047316960990428924560546875" lon="108.44279877841472625732421875">
        <ele>433.20001220703125</ele>
        <time>2026-07-24T14:02:30.000Z</time>
        <extensions>
          <ns3:TrackPointExtension>
            <ns3:hr>140</ns3:hr>
            <ns3:cad>91</ns3:cad>
          </ns3:TrackPointExtension>
        </extensions>
      </trkpt>
      <trkpt lat="30.7504683919250965118408203125" lon="108.44277304597198963165283203125">
        <ele>433.20001220703125</ele>
        <time>2026-07-24T14:02:31.000Z</time>
        <extensions>
          <ns3:TrackPointExtension>
            <ns3:hr>141</ns3:hr>
            <ns3:cad>91</ns3:cad>
          </ns3:TrackPointExtension>
        </extensions>
      </trkpt>
      <trkpt lat="30.7504642009735107421875" lon="108.44275007955729961395263671875">
        <ele>433.20001220703125</ele>
        <time>2026-07-24T14:02:32.000Z</time>
        <extensions>
          <ns3:TrackPointExtension>
            <ns3:hr>140</ns3:hr>
            <ns3:cad>91</ns3:cad>
          </ns3:TrackPointExtension>
        </extensions>
      </trkpt>
      <trkpt lat="30.75046009384095668792724609375" lon="108.44271965324878692626953125">
        <ele>433.399993896484375</ele>
        <time>2026-07-24T14:02:33.000Z</time>
        <extensions>
          <ns3:TrackPointExtension>
            <ns3:hr>140</ns3:hr>
            <ns3:cad>91</ns3:cad>
          </ns3:TrackPointExtension>
        </extensions>
      </trkpt>
      <trkpt lat="30.7504533044993877410888671875" lon="108.44269995577633380889892578125">
        <ele>433.399993896484375</ele>
        <time>2026-07-24T14:02:34.000Z</time>
        <extensions>
          <ns3:TrackPointExtension>
            <ns3:hr>141</ns3:hr>
            <ns3:cad>93</ns3:cad>
          </ns3:TrackPointExtension>
        </extensions>
      </trkpt>
      <trkpt lat="30.7504496164619922637939453125" lon="108.44266709871590137481689453125">
        <ele>433.399993896484375</ele>
        <time>2026-07-24T14:02:35.000Z</time>
        <extensions>
          <ns3:TrackPointExtension>
            <ns3:hr>141</ns3:hr>
            <ns3:cad>93</ns3:cad>
          </ns3:TrackPointExtension>
        </extensions>
      </trkpt>
      <trkpt lat="30.750442408025264739990234375" lon="108.44265125691890716552734375">
        <ele>433.399993896484375</ele>
        <time>2026-07-24T14:02:36.000Z</time>
        <extensions>
          <ns3:TrackPointExtension>
            <ns3:hr>140</ns3:hr>
            <ns3:cad>92</ns3:cad>
          </ns3:TrackPointExtension>
        </extensions>
      </trkpt>
      <trkpt lat="30.7504398934543132781982421875" lon="108.4426215849816799163818359375">
        <ele>433.600006103515625</ele>
        <time>2026-07-24T14:02:37.000Z</time>
        <extensions>
          <ns3:TrackPointExtension>
            <ns3:hr>140</ns3:hr>
            <ns3:cad>91</ns3:cad>
          </ns3:TrackPointExtension>
        </extensions>
      </trkpt>
      <trkpt lat="30.75043092481791973114013671875" lon="108.4426023066043853759765625">
        <ele>433.600006103515625</ele>
        <time>2026-07-24T14:02:38.000Z</time>
        <extensions>
          <ns3:TrackPointExtension>
            <ns3:hr>140</ns3:hr>
            <ns3:cad>91</ns3:cad>
          </ns3:TrackPointExtension>
        </extensions>
      </trkpt>
      <trkpt lat="30.750431679189205169677734375" lon="108.44257590360939502716064453125">
        <ele>433.600006103515625</ele>
        <time>2026-07-24T14:02:39.000Z</time>
        <extensions>
          <ns3:TrackPointExtension>
            <ns3:hr>140</ns3:hr>
            <ns3:cad>92</ns3:cad>
          </ns3:TrackPointExtension>
        </extensions>
      </trkpt>
      <trkpt lat="30.7504244707524776458740234375" lon="108.44255964271724224090576171875">
        <ele>433.600006103515625</ele>
        <time>2026-07-24T14:02:40.000Z</time>
        <extensions>
          <ns3:TrackPointExtension>
            <ns3:hr>140</ns3:hr>
            <ns3:cad>92</ns3:cad>
          </ns3:TrackPointExtension>
        </extensions>
      </trkpt>
      <trkpt lat="30.750422291457653045654296875" lon="108.442536927759647369384765625">
        <ele>433.600006103515625</ele>
        <time>2026-07-24T14:02:41.000Z</time>
        <extensions>
          <ns3:TrackPointExtension>
            <ns3:hr>139</ns3:hr>
            <ns3:cad>92</ns3:cad>
          </ns3:TrackPointExtension>
        </extensions>
      </trkpt>
      <trkpt lat="30.75041332282125949859619140625" lon="108.44251890666782855987548828125">
        <ele>433.79998779296875</ele>
        <time>2026-07-24T14:02:42.000Z</time>
        <extensions>
          <ns3:TrackPointExtension>
            <ns3:hr>139</ns3:hr>
            <ns3:cad>92</ns3:cad>
          </ns3:TrackPointExtension>
        </extensions>
      </trkpt>
      <trkpt lat="30.75041030533611774444580078125" lon="108.442500047385692596435546875">
        <ele>433.79998779296875</ele>
        <time>2026-07-24T14:02:43.000Z</time>
        <extensions>
          <ns3:TrackPointExtension>
            <ns3:hr>139</ns3:hr>
            <ns3:cad>92</ns3:cad>
          </ns3:TrackPointExtension>
        </extensions>
      </trkpt>
      <trkpt lat="30.75040460564196109771728515625" lon="108.44247289001941680908203125">
        <ele>433.79998779296875</ele>
        <time>2026-07-24T14:02:44.000Z</time>
        <extensions>
          <ns3:TrackPointExtension>
            <ns3:hr>138</ns3:hr>
            <ns3:cad>92</ns3:cad>
          </ns3:TrackPointExtension>
        </extensions>
      </trkpt>
      <trkpt lat="30.750400163233280181884765625" lon="108.44245277345180511474609375">
        <ele>433.79998779296875</ele>
        <time>2026-07-24T14:02:45.000Z</time>
        <extensions>
          <ns3:TrackPointExtension>
            <ns3:hr>138</ns3:hr>
            <ns3:cad>93</ns3:cad>
          </ns3:TrackPointExtension>
        </extensions>
      </trkpt>
      <trkpt lat="30.7503926195204257965087890625" lon="108.44242519699037075042724609375">
        <ele>433.79998779296875</ele>
        <time>2026-07-24T14:02:46.000Z</time>
        <extensions>
          <ns3:TrackPointExtension>
            <ns3:hr>138</ns3:hr>
            <ns3:cad>93</ns3:cad>
          </ns3:TrackPointExtension>
        </extensions>
      </trkpt>
      <trkpt lat="30.75038800947368144989013671875" lon="108.44240759499371051788330078125">
        <ele>434</ele>
        <time>2026-07-24T14:02:47.000Z</time>
        <extensions>
          <ns3:TrackPointExtension>
            <ns3:hr>137</ns3:hr>
            <ns3:cad>93</ns3:cad>
          </ns3:TrackPointExtension>
        </extensions>
      </trkpt>
      <trkpt lat="30.750384740531444549560546875" lon="108.44238102436065673828125">
        <ele>434</ele>
        <time>2026-07-24T14:02:48.000Z</time>
        <extensions>
          <ns3:TrackPointExtension>
            <ns3:hr>137</ns3:hr>
            <ns3:cad>93</ns3:cad>
          </ns3:TrackPointExtension>
        </extensions>
      </trkpt>
      <trkpt lat="30.750378035008907318115234375" lon="108.4423620812594890594482421875">
        <ele>434</ele>
        <time>2026-07-24T14:02:49.000Z</time>
        <extensions>
          <ns3:TrackPointExtension>
            <ns3:hr>137</ns3:hr>
            <ns3:cad>93</ns3:cad>
          </ns3:TrackPointExtension>
        </extensions>
      </trkpt>
      <trkpt lat="30.7503711618483066558837890625" lon="108.44233282841742038726806640625">
        <ele>434</ele>
        <time>2026-07-24T14:02:50.000Z</time>
        <extensions>
          <ns3:TrackPointExtension>
            <ns3:hr>136</ns3:hr>
            <ns3:cad>93</ns3:cad>
          </ns3:TrackPointExtension>
        </extensions>
      </trkpt>
      <trkpt lat="30.750360600650310516357421875" lon="108.44231665134429931640625">
        <ele>434</ele>
        <time>2026-07-24T14:02:51.000Z</time>
        <extensions>
          <ns3:TrackPointExtension>
            <ns3:hr>136</ns3:hr>
            <ns3:cad>92</ns3:cad>
          </ns3:TrackPointExtension>
        </extensions>
      </trkpt>
      <trkpt lat="30.7503564096987247467041015625" lon="108.44228823669254779815673828125">
        <ele>434</ele>
        <time>2026-07-24T14:02:52.000Z</time>
        <extensions>
          <ns3:TrackPointExtension>
            <ns3:hr>136</ns3:hr>
            <ns3:cad>93</ns3:cad>
          </ns3:TrackPointExtension>
        </extensions>
      </trkpt>
      <trkpt lat="30.75035012327134609222412109375" lon="108.442269377410411834716796875">
        <ele>434.20001220703125</ele>
        <time>2026-07-24T14:02:53.000Z</time>
        <extensions>
          <ns3:TrackPointExtension>
            <ns3:hr>137</ns3:hr>
            <ns3:cad>92</ns3:cad>
          </ns3:TrackPointExtension>
        </extensions>
      </trkpt>
      <trkpt lat="30.7503476925194263458251953125" lon="108.44224079512059688568115234375">
        <ele>434.20001220703125</ele>
        <time>2026-07-24T14:02:54.000Z</time>
        <extensions>
          <ns3:TrackPointExtension>
            <ns3:hr>137</ns3:hr>
            <ns3:cad>92</ns3:cad>
          </ns3:TrackPointExtension>
        </extensions>
      </trkpt>
      <trkpt lat="30.75033746659755706787109375" lon="108.4422222711145877838134765625">
        <ele>434.20001220703125</ele>
        <time>2026-07-24T14:02:55.000Z</time>
        <extensions>
          <ns3:TrackPointExtension>
            <ns3:hr>137</ns3:hr>
            <ns3:cad>92</ns3:cad>
          </ns3:TrackPointExtension>
        </extensions>
      </trkpt>
      <trkpt lat="30.750335119664669036865234375" lon="108.4421977959573268890380859375">
        <ele>434.20001220703125</ele>
        <time>2026-07-24T14:02:56.000Z</time>
        <extensions>
          <ns3:TrackPointExtension>
            <ns3:hr>139</ns3:hr>
            <ns3:cad>93</ns3:cad>
          </ns3:TrackPointExtension>
        </extensions>
      </trkpt>
      <trkpt lat="30.7503282465040683746337890625" lon="108.44217575155198574066162109375">
        <ele>434.399993896484375</ele>
        <time>2026-07-24T14:02:57.000Z</time>
        <extensions>
          <ns3:TrackPointExtension>
            <ns3:hr>140</ns3:hr>
            <ns3:cad>93</ns3:cad>
          </ns3:TrackPointExtension>
        </extensions>
      </trkpt>
      <trkpt lat="30.75032196007668972015380859375" lon="108.4421558864414691925048828125">
        <ele>434.399993896484375</ele>
        <time>2026-07-24T14:02:58.000Z</time>
        <extensions>
          <ns3:TrackPointExtension>
            <ns3:hr>141</ns3:hr>
            <ns3:cad>91</ns3:cad>
          </ns3:TrackPointExtension>
        </extensions>
      </trkpt>
      <trkpt lat="30.75031257234513759613037109375" lon="108.44213627278804779052734375">
        <ele>434.399993896484375</ele>
        <time>2026-07-24T14:02:59.000Z</time>
        <extensions>
          <ns3:TrackPointExtension>
            <ns3:hr>142</ns3:hr>
            <ns3:cad>91</ns3:cad>
          </ns3:TrackPointExtension>
        </extensions>
      </trkpt>
      <trkpt lat="30.7503072917461395263671875" lon="108.44211808405816555023193359375">
        <ele>434.399993896484375</ele>
        <time>2026-07-24T14:03:00.000Z</time>
        <extensions>
          <ns3:TrackPointExtension>
            <ns3:hr>142</ns3:hr>
            <ns3:cad>92</ns3:cad>
          </ns3:TrackPointExtension>
        </extensions>
      </trkpt>
      <trkpt lat="30.75029497034847736358642578125" lon="108.44209092669188976287841796875">
        <ele>434.600006103515625</ele>
        <time>2026-07-24T14:03:01.000Z</time>
        <extensions>
          <ns3:TrackPointExtension>
            <ns3:hr>143</ns3:hr>
            <ns3:cad>93</ns3:cad>
          </ns3:TrackPointExtension>
        </extensions>
      </trkpt>
      <trkpt lat="30.7502843253314495086669921875" lon="108.44207768328487873077392578125">
        <ele>434.600006103515625</ele>
        <time>2026-07-24T14:03:02.000Z</time>
        <extensions>
          <ns3:TrackPointExtension>
            <ns3:hr>143</ns3:hr>
            <ns3:cad>94</ns3:cad>
          </ns3:TrackPointExtension>
        </extensions>
      </trkpt>
      <trkpt lat="30.75027569197118282318115234375" lon="108.44204952009022235870361328125">
        <ele>434.600006103515625</ele>
        <time>2026-07-24T14:03:03.000Z</time>
        <extensions>
          <ns3:TrackPointExtension>
            <ns3:hr>143</ns3:hr>
            <ns3:cad>93</ns3:cad>
          </ns3:TrackPointExtension>
        </extensions>
      </trkpt>
      <trkpt lat="30.7502645440399646759033203125" lon="108.44203610904514789581298828125">
        <ele>434.600006103515625</ele>
        <time>2026-07-24T14:03:04.000Z</time>
        <extensions>
          <ns3:TrackPointExtension>
            <ns3:hr>143</ns3:hr>
            <ns3:cad>93</ns3:cad>
          </ns3:TrackPointExtension>
        </extensions>
      </trkpt>
      <trkpt lat="30.75026010163128376007080078125" lon="108.4420095384120941162109375">
        <ele>434.600006103515625</ele>
        <time>2026-07-24T14:03:05.000Z</time>
        <extensions>
          <ns3:TrackPointExtension>
            <ns3:hr>143</ns3:hr>
            <ns3:cad>92</ns3:cad>
          </ns3:TrackPointExtension>
        </extensions>
      </trkpt>
      <trkpt lat="30.75025222264230251312255859375" lon="108.4419942833483219146728515625">
        <ele>434.600006103515625</ele>
        <time>2026-07-24T14:03:06.000Z</time>
        <extensions>
          <ns3:TrackPointExtension>
            <ns3:hr>143</ns3:hr>
            <ns3:cad>92</ns3:cad>
          </ns3:TrackPointExtension>
        </extensions>
      </trkpt>
      <trkpt lat="30.75024752877652645111083984375" lon="108.44196720980107784271240234375">
        <ele>434.600006103515625</ele>
        <time>2026-07-24T14:03:07.000Z</time>
        <extensions>
          <ns3:TrackPointExtension>
            <ns3:hr>143</ns3:hr>
            <ns3:cad>93</ns3:cad>
          </ns3:TrackPointExtension>
        </extensions>
      </trkpt>
      <trkpt lat="30.75023948214948177337646484375" lon="108.4419520385563373565673828125">
        <ele>434.79998779296875</ele>
        <time>2026-07-24T14:03:08.000Z</time>
        <extensions>
          <ns3:TrackPointExtension>
            <ns3:hr>144</ns3:hr>
            <ns3:cad>94</ns3:cad>
          </ns3:TrackPointExtension>
        </extensions>
      </trkpt>
      <trkpt lat="30.75023696757853031158447265625" lon="108.4419292397797107696533203125">
        <ele>434.79998779296875</ele>
        <time>2026-07-24T14:03:09.000Z</time>
        <extensions>
          <ns3:TrackPointExtension>
            <ns3:hr>144</ns3:hr>
            <ns3:cad>94</ns3:cad>
          </ns3:TrackPointExtension>
        </extensions>
      </trkpt>
      <trkpt lat="30.75022741220891475677490234375" lon="108.44190686009824275970458984375">
        <ele>434.79998779296875</ele>
        <time>2026-07-24T14:03:10.000Z</time>
        <extensions>
          <ns3:TrackPointExtension>
            <ns3:hr>144</ns3:hr>
            <ns3:cad>92</ns3:cad>
          </ns3:TrackPointExtension>
        </extensions>
      </trkpt>
      <trkpt lat="30.75022120960056781768798828125" lon="108.44188573770225048065185546875">
        <ele>434.79998779296875</ele>
        <time>2026-07-24T14:03:11.000Z</time>
        <extensions>
          <ns3:TrackPointExtension>
            <ns3:hr>143</ns3:hr>
            <ns3:cad>92</ns3:cad>
          </ns3:TrackPointExtension>
        </extensions>
      </trkpt>
      <trkpt lat="30.7502125762403011322021484375" lon="108.44186578877270221710205078125">
        <ele>434.79998779296875</ele>
        <time>2026-07-24T14:03:12.000Z</time>
        <extensions>
          <ns3:TrackPointExtension>
            <ns3:hr>143</ns3:hr>
            <ns3:cad>92</ns3:cad>
          </ns3:TrackPointExtension>
        </extensions>
      </trkpt>
      <trkpt lat="30.75020712800323963165283203125" lon="108.4418460913002490997314453125">
        <ele>435</ele>
        <time>2026-07-24T14:03:13.000Z</time>
        <extensions>
          <ns3:TrackPointExtension>
            <ns3:hr>143</ns3:hr>
            <ns3:cad>93</ns3:cad>
          </ns3:TrackPointExtension>
        </extensions>
      </trkpt>
      <trkpt lat="30.75019623152911663055419921875" lon="108.4418219514191150665283203125">
        <ele>435</ele>
        <time>2026-07-24T14:03:14.000Z</time>
        <extensions>
          <ns3:TrackPointExtension>
            <ns3:hr>142</ns3:hr>
            <ns3:cad>93</ns3:cad>
          </ns3:TrackPointExtension>
        </extensions>
      </trkpt>
      <trkpt lat="30.7501892745494842529296875" lon="108.44180527143180370330810546875">
        <ele>435</ele>
        <time>2026-07-24T14:03:15.000Z</time>
        <extensions>
          <ns3:TrackPointExtension>
            <ns3:hr>142</ns3:hr>
            <ns3:cad>93</ns3:cad>
          </ns3:TrackPointExtension>
        </extensions>
      </trkpt>
      <trkpt lat="30.7501770369708538055419921875" lon="108.44177895225584506988525390625">
        <ele>435</ele>
        <time>2026-07-24T14:03:16.000Z</time>
        <extensions>
          <ns3:TrackPointExtension>
            <ns3:hr>142</ns3:hr>
            <ns3:cad>93</ns3:cad>
          </ns3:TrackPointExtension>
        </extensions>
      </trkpt>
      <trkpt lat="30.7501686550676822662353515625" lon="108.441763781011104583740234375">
        <ele>435</ele>
        <time>2026-07-24T14:03:17.000Z</time>
        <extensions>
          <ns3:TrackPointExtension>
            <ns3:hr>141</ns3:hr>
            <ns3:cad>92</ns3:cad>
          </ns3:TrackPointExtension>
        </extensions>
      </trkpt>
      <trkpt lat="30.75015968643128871917724609375" lon="108.44173260033130645751953125">
        <ele>435.20001220703125</ele>
        <time>2026-07-24T14:03:18.000Z</time>
        <extensions>
          <ns3:TrackPointExtension>
            <ns3:hr>142</ns3:hr>
            <ns3:cad>91</ns3:cad>
          </ns3:TrackPointExtension>
        </extensions>
      </trkpt>
      <trkpt lat="30.75014996342360973358154296875" lon="108.4417170099914073944091796875">
        <ele>435.20001220703125</ele>
        <time>2026-07-24T14:03:19.000Z</time>
        <extensions>
          <ns3:TrackPointExtension>
            <ns3:hr>142</ns3:hr>
            <ns3:cad>91</ns3:cad>
          </ns3:TrackPointExtension>
        </extensions>
      </trkpt>
      <trkpt lat="30.75014543719589710235595703125" lon="108.44169429503381252288818359375">
        <ele>435.20001220703125</ele>
        <time>2026-07-24T14:03:20.000Z</time>
        <extensions>
          <ns3:TrackPointExtension>
            <ns3:hr>142</ns3:hr>
            <ns3:cad>91</ns3:cad>
          </ns3:TrackPointExtension>
        </extensions>
      </trkpt>
      <trkpt lat="30.75013789348304271697998046875" lon="108.44167551957070827484130859375">
        <ele>435.20001220703125</ele>
        <time>2026-07-24T14:03:21.000Z</time>
        <extensions>
          <ns3:TrackPointExtension>
            <ns3:hr>143</ns3:hr>
            <ns3:cad>92</ns3:cad>
          </ns3:TrackPointExtension>
        </extensions>
      </trkpt>
      <trkpt lat="30.750130601227283477783203125" lon="108.44165305607020854949951171875">
        <ele>435.20001220703125</ele>
        <time>2026-07-24T14:03:22.000Z</time>
        <extensions>
          <ns3:TrackPointExtension>
            <ns3:hr>143</ns3:hr>
            <ns3:cad>92</ns3:cad>
          </ns3:TrackPointExtension>
        </extensions>
      </trkpt>
      <trkpt lat="30.750123560428619384765625" lon="108.44163210131227970123291015625">
        <ele>435.20001220703125</ele>
        <time>2026-07-24T14:03:23.000Z</time>
        <extensions>
          <ns3:TrackPointExtension>
            <ns3:hr>143</ns3:hr>
            <ns3:cad>92</ns3:cad>
          </ns3:TrackPointExtension>
        </extensions>
      </trkpt>
      <trkpt lat="30.7501156814396381378173828125" lon="108.4416113980114459991455078125">
        <ele>435.20001220703125</ele>
        <time>2026-07-24T14:03:24.000Z</time>
        <extensions>
          <ns3:TrackPointExtension>
            <ns3:hr>143</ns3:hr>
            <ns3:cad>92</ns3:cad>
          </ns3:TrackPointExtension>
        </extensions>
      </trkpt>
      <trkpt lat="30.7501066289842128753662109375" lon="108.4415849111974239349365234375">
        <ele>435.20001220703125</ele>
        <time>2026-07-24T14:03:25.000Z</time>
        <extensions>
          <ns3:TrackPointExtension>
            <ns3:hr>143</ns3:hr>
            <ns3:cad>91</ns3:cad>
          </ns3:TrackPointExtension>
        </extensions>
      </trkpt>
      <trkpt lat="30.75010185129940509796142578125" lon="108.44156471081078052520751953125">
        <ele>435.20001220703125</ele>
        <time>2026-07-24T14:03:26.000Z</time>
        <extensions>
          <ns3:TrackPointExtension>
            <ns3:hr>142</ns3:hr>
            <ns3:cad>91</ns3:cad>
          </ns3:TrackPointExtension>
        </extensions>
      </trkpt>
      <trkpt lat="30.750091709196567535400390625" lon="108.44153755344450473785400390625">
        <ele>435.399993896484375</ele>
        <time>2026-07-24T14:03:27.000Z</time>
        <extensions>
          <ns3:TrackPointExtension>
            <ns3:hr>142</ns3:hr>
            <ns3:cad>92</ns3:cad>
          </ns3:TrackPointExtension>
        </extensions>
      </trkpt>
      <trkpt lat="30.75008693151175975799560546875" lon="108.44151810742914676666259765625">
        <ele>435.600006103515625</ele>
        <time>2026-07-24T14:03:28.000Z</time>
        <extensions>
          <ns3:TrackPointExtension>
            <ns3:hr>142</ns3:hr>
            <ns3:cad>92</ns3:cad>
          </ns3:TrackPointExtension>
        </extensions>
      </trkpt>
      <trkpt lat="30.7500794716179370880126953125" lon="108.44149212352931499481201171875">
        <ele>435.600006103515625</ele>
        <time>2026-07-24T14:03:29.000Z</time>
        <extensions>
          <ns3:TrackPointExtension>
            <ns3:hr>142</ns3:hr>
            <ns3:cad>92</ns3:cad>
          </ns3:TrackPointExtension>
        </extensions>
      </trkpt>
      <trkpt lat="30.7500727660953998565673828125" lon="108.44147301279008388519287109375">
        <ele>435.600006103515625</ele>
        <time>2026-07-24T14:03:30.000Z</time>
        <extensions>
          <ns3:TrackPointExtension>
            <ns3:hr>142</ns3:hr>
            <ns3:cad>92</ns3:cad>
          </ns3:TrackPointExtension>
        </extensions>
      </trkpt>
      <trkpt lat="30.75006614439189434051513671875" lon="108.4414464421570301055908203125">
        <ele>435.79998779296875</ele>
        <time>2026-07-24T14:03:31.000Z</time>
        <extensions>
          <ns3:TrackPointExtension>
            <ns3:hr>143</ns3:hr>
            <ns3:cad>92</ns3:cad>
          </ns3:TrackPointExtension>
        </extensions>
      </trkpt>
      <trkpt lat="30.7500596903264522552490234375" lon="108.44142909161746501922607421875">
        <ele>435.79998779296875</ele>
        <time>2026-07-24T14:03:32.000Z</time>
        <extensions>
          <ns3:TrackPointExtension>
            <ns3:hr>143</ns3:hr>
            <ns3:cad>91</ns3:cad>
          </ns3:TrackPointExtension>
        </extensions>
      </trkpt>
      <trkpt lat="30.75005181133747100830078125" lon="108.4413991682231426239013671875">
        <ele>435.79998779296875</ele>
        <time>2026-07-24T14:03:33.000Z</time>
        <extensions>
          <ns3:TrackPointExtension>
            <ns3:hr>144</ns3:hr>
            <ns3:cad>92</ns3:cad>
          </ns3:TrackPointExtension>
        </extensions>
      </trkpt>
      <trkpt lat="30.75004686601459980010986328125" lon="108.44137980602681636810302734375">
        <ele>435.79998779296875</ele>
        <time>2026-07-24T14:03:34.000Z</time>
        <extensions>
          <ns3:TrackPointExtension>
            <ns3:hr>145</ns3:hr>
            <ns3:cad>92</ns3:cad>
          </ns3:TrackPointExtension>
        </extensions>
      </trkpt>
      <trkpt lat="30.75004032813012599945068359375" lon="108.441349379718303680419921875">
        <ele>436</ele>
        <time>2026-07-24T14:03:35.000Z</time>
        <extensions>
          <ns3:TrackPointExtension>
            <ns3:hr>146</ns3:hr>
            <ns3:cad>92</ns3:cad>
          </ns3:TrackPointExtension>
        </extensions>
      </trkpt>
      <trkpt lat="30.75003278441727161407470703125" lon="108.44133026897907257080078125">
        <ele>436</ele>
        <time>2026-07-24T14:03:36.000Z</time>
        <extensions>
          <ns3:TrackPointExtension>
            <ns3:hr>146</ns3:hr>
            <ns3:cad>92</ns3:cad>
          </ns3:TrackPointExtension>
        </extensions>
      </trkpt>
      <trkpt lat="30.750034712255001068115234375" lon="108.44129699282348155975341796875">
        <ele>436</ele>
        <time>2026-07-24T14:03:37.000Z</time>
        <extensions>
          <ns3:TrackPointExtension>
            <ns3:hr>147</ns3:hr>
            <ns3:cad>92</ns3:cad>
          </ns3:TrackPointExtension>
        </extensions>
      </trkpt>
      <trkpt lat="30.75003881938755512237548828125" lon="108.44128291122615337371826171875">
        <ele>436</ele>
        <time>2026-07-24T14:03:38.000Z</time>
        <extensions>
          <ns3:TrackPointExtension>
            <ns3:hr>147</ns3:hr>
            <ns3:cad>92</ns3:cad>
          </ns3:TrackPointExtension>
        </extensions>
      </trkpt>
      <trkpt lat="30.75002507306635379791259765625" lon="108.441262543201446533203125">
        <ele>436</ele>
        <time>2026-07-24T14:03:39.000Z</time>
        <extensions>
          <ns3:TrackPointExtension>
            <ns3:hr>147</ns3:hr>
            <ns3:cad>92</ns3:cad>
          </ns3:TrackPointExtension>
        </extensions>
      </trkpt>
      <trkpt lat="30.7500130869448184967041015625" lon="108.44125659205019474029541015625">
        <ele>436</ele>
        <time>2026-07-24T14:03:40.000Z</time>
        <extensions>
          <ns3:TrackPointExtension>
            <ns3:hr>147</ns3:hr>
            <ns3:cad>92</ns3:cad>
          </ns3:TrackPointExtension>
        </extensions>
      </trkpt>
      <trkpt lat="30.74998986907303333282470703125" lon="108.4412612020969390869140625">
        <ele>436</ele>
        <time>2026-07-24T14:03:41.000Z</time>
        <extensions>
          <ns3:TrackPointExtension>
            <ns3:hr>147</ns3:hr>
            <ns3:cad>92</ns3:cad>
          </ns3:TrackPointExtension>
        </extensions>
      </trkpt>
      <trkpt lat="30.7499812357127666473388671875" lon="108.44127620570361614227294921875">
        <ele>436.20001220703125</ele>
        <time>2026-07-24T14:03:42.000Z</time>
        <extensions>
          <ns3:TrackPointExtension>
            <ns3:hr>148</ns3:hr>
            <ns3:cad>92</ns3:cad>
          </ns3:TrackPointExtension>
        </extensions>
      </trkpt>
      <trkpt lat="30.74997394345700740814208984375" lon="108.44130688346922397613525390625">
        <ele>436.20001220703125</ele>
        <time>2026-07-24T14:03:43.000Z</time>
        <extensions>
          <ns3:TrackPointExtension>
            <ns3:hr>147</ns3:hr>
            <ns3:cad>90</ns3:cad>
          </ns3:TrackPointExtension>
        </extensions>
      </trkpt>
      <trkpt lat="30.7499819062650203704833984375" lon="108.44132624566555023193359375">
        <ele>436.20001220703125</ele>
        <time>2026-07-24T14:03:44.000Z</time>
        <extensions>
          <ns3:TrackPointExtension>
            <ns3:hr>147</ns3:hr>
            <ns3:cad>90</ns3:cad>
          </ns3:TrackPointExtension>
        </extensions>
      </trkpt>
      <trkpt lat="30.74998551048338413238525390625" lon="108.4413572587072849273681640625">
        <ele>436.20001220703125</ele>
        <time>2026-07-24T14:03:45.000Z</time>
        <extensions>
          <ns3:TrackPointExtension>
            <ns3:hr>148</ns3:hr>
            <ns3:cad>90</ns3:cad>
          </ns3:TrackPointExtension>
        </extensions>
      </trkpt>
      <trkpt lat="30.74999791570007801055908203125" lon="108.44137678854167461395263671875">
        <ele>436.20001220703125</ele>
        <time>2026-07-24T14:03:46.000Z</time>
        <extensions>
          <ns3:TrackPointExtension>
            <ns3:hr>148</ns3:hr>
            <ns3:cad>90</ns3:cad>
          </ns3:TrackPointExtension>
        </extensions>
      </trkpt>
      <trkpt lat="30.75000286102294921875" lon="108.4414033591747283935546875">
        <ele>436.20001220703125</ele>
        <time>2026-07-24T14:03:47.000Z</time>
        <extensions>
          <ns3:TrackPointExtension>
            <ns3:hr>148</ns3:hr>
            <ns3:cad>90</ns3:cad>
          </ns3:TrackPointExtension>
        </extensions>
      </trkpt>
      <trkpt lat="30.7500147633254528045654296875" lon="108.44142305664718151092529296875">
        <ele>436</ele>
        <time>2026-07-24T14:03:48.000Z</time>
        <extensions>
          <ns3:TrackPointExtension>
            <ns3:hr>148</ns3:hr>
            <ns3:cad>90</ns3:cad>
          </ns3:TrackPointExtension>
        </extensions>
      </trkpt>
      <trkpt lat="30.750016607344150543212890625" lon="108.44144736416637897491455078125">
        <ele>436</ele>
        <time>2026-07-24T14:03:49.000Z</time>
        <extensions>
          <ns3:TrackPointExtension>
            <ns3:hr>149</ns3:hr>
            <ns3:cad>91</ns3:cad>
          </ns3:TrackPointExtension>
        </extensions>
      </trkpt>
      <trkpt lat="30.7500258274376392364501953125" lon="108.44147083349525928497314453125">
        <ele>436</ele>
        <time>2026-07-24T14:03:50.000Z</time>
        <extensions>
          <ns3:TrackPointExtension>
            <ns3:hr>149</ns3:hr>
            <ns3:cad>92</ns3:cad>
          </ns3:TrackPointExtension>
        </extensions>
      </trkpt>
      <trkpt lat="30.7500275038182735443115234375" lon="108.44149497337639331817626953125">
        <ele>435.79998779296875</ele>
        <time>2026-07-24T14:03:51.000Z</time>
        <extensions>
          <ns3:TrackPointExtension>
            <ns3:hr>149</ns3:hr>
            <ns3:cad>92</ns3:cad>
          </ns3:TrackPointExtension>
        </extensions>
      </trkpt>
      <trkpt lat="30.75003596954047679901123046875" lon="108.44152078963816165924072265625">
        <ele>435.79998779296875</ele>
        <time>2026-07-24T14:03:52.000Z</time>
        <extensions>
          <ns3:TrackPointExtension>
            <ns3:hr>149</ns3:hr>
            <ns3:cad>92</ns3:cad>
          </ns3:TrackPointExtension>
        </extensions>
      </trkpt>
      <trkpt lat="30.75004351325333118438720703125" lon="108.4415426664054393768310546875">
        <ele>435.79998779296875</ele>
        <time>2026-07-24T14:03:53.000Z</time>
        <extensions>
          <ns3:TrackPointExtension>
            <ns3:hr>149</ns3:hr>
            <ns3:cad>92</ns3:cad>
          </ns3:TrackPointExtension>
        </extensions>
      </trkpt>
      <trkpt lat="30.75005851686000823974609375" lon="108.44156957231462001800537109375">
        <ele>435.79998779296875</ele>
        <time>2026-07-24T14:03:54.000Z</time>
        <extensions>
          <ns3:TrackPointExtension>
            <ns3:hr>149</ns3:hr>
            <ns3:cad>93</ns3:cad>
          </ns3:TrackPointExtension>
        </extensions>
      </trkpt>
      <trkpt lat="30.7500674016773700714111328125" lon="108.4415855817496776580810546875">
        <ele>435.79998779296875</ele>
        <time>2026-07-24T14:03:55.000Z</time>
        <extensions>
          <ns3:TrackPointExtension>
            <ns3:hr>149</ns3:hr>
            <ns3:cad>93</ns3:cad>
          </ns3:TrackPointExtension>
        </extensions>
      </trkpt>
      <trkpt lat="30.75007938779890537261962890625" lon="108.4416120685636997222900390625">
        <ele>435.79998779296875</ele>
        <time>2026-07-24T14:03:56.000Z</time>
        <extensions>
          <ns3:TrackPointExtension>
            <ns3:hr>150</ns3:hr>
            <ns3:cad>93</ns3:cad>
          </ns3:TrackPointExtension>
        </extensions>
      </trkpt>
      <trkpt lat="30.750092379748821258544921875" lon="108.44162774272263050079345703125">
        <ele>435.600006103515625</ele>
        <time>2026-07-24T14:03:57.000Z</time>
        <extensions>
          <ns3:TrackPointExtension>
            <ns3:hr>150</ns3:hr>
            <ns3:cad>93</ns3:cad>
          </ns3:TrackPointExtension>
        </extensions>
      </trkpt>
      <trkpt lat="30.75010118074715137481689453125" lon="108.4416556544601917266845703125">
        <ele>435.600006103515625</ele>
        <time>2026-07-24T14:03:58.000Z</time>
        <extensions>
          <ns3:TrackPointExtension>
            <ns3:hr>150</ns3:hr>
            <ns3:cad>93</ns3:cad>
          </ns3:TrackPointExtension>
        </extensions>
      </trkpt>
      <trkpt lat="30.75011224485933780670166015625" lon="108.4416720829904079437255859375">
        <ele>435.600006103515625</ele>
        <time>2026-07-24T14:03:59.000Z</time>
        <extensions>
          <ns3:TrackPointExtension>
            <ns3:hr>150</ns3:hr>
            <ns3:cad>93</ns3:cad>
          </ns3:TrackPointExtension>
        </extensions>
      </trkpt>
      <trkpt lat="30.7501180283725261688232421875" lon="108.44170016236603260040283203125">
        <ele>435.600006103515625</ele>
        <time>2026-07-24T14:04:00.000Z</time>
        <extensions>
          <ns3:TrackPointExtension>
            <ns3:hr>150</ns3:hr>
            <ns3:cad>93</ns3:cad>
          </ns3:TrackPointExtension>
        </extensions>
      </trkpt>
      <trkpt lat="30.7501304335892200469970703125" lon="108.4417171776294708251953125">
        <ele>435.399993896484375</ele>
        <time>2026-07-24T14:04:01.000Z</time>
        <extensions>
          <ns3:TrackPointExtension>
            <ns3:hr>151</ns3:hr>
            <ns3:cad>93</ns3:cad>
          </ns3:TrackPointExtension>
        </extensions>
      </trkpt>
      <trkpt lat="30.75014158152043819427490234375" lon="108.44174257479608058929443359375">
        <ele>435.399993896484375</ele>
        <time>2026-07-24T14:04:02.000Z</time>
        <extensions>
          <ns3:TrackPointExtension>
            <ns3:hr>150</ns3:hr>
            <ns3:cad>93</ns3:cad>
          </ns3:TrackPointExtension>
        </extensions>
      </trkpt>
      <trkpt lat="30.75015113689005374908447265625" lon="108.441761434078216552734375">
        <ele>435.399993896484375</ele>
        <time>2026-07-24T14:04:03.000Z</time>
        <extensions>
          <ns3:TrackPointExtension>
            <ns3:hr>150</ns3:hr>
            <ns3:cad>92</ns3:cad>
          </ns3:TrackPointExtension>
        </extensions>
      </trkpt>
      <trkpt lat="30.75015918351709842681884765625" lon="108.4417904354631900787353515625">
        <ele>435.399993896484375</ele>
        <time>2026-07-24T14:04:04.000Z</time>
        <extensions>
          <ns3:TrackPointExtension>
            <ns3:hr>151</ns3:hr>
            <ns3:cad>92</ns3:cad>
          </ns3:TrackPointExtension>
        </extensions>
      </trkpt>
      <trkpt lat="30.750168152153491973876953125" lon="108.44180770218372344970703125">
        <ele>435.399993896484375</ele>
        <time>2026-07-24T14:04:05.000Z</time>
        <extensions>
          <ns3:TrackPointExtension>
            <ns3:hr>150</ns3:hr>
            <ns3:cad>93</ns3:cad>
          </ns3:TrackPointExtension>
        </extensions>
      </trkpt>
      <trkpt lat="30.75017343275249004364013671875" lon="108.44183226116001605987548828125">
        <ele>435.399993896484375</ele>
        <time>2026-07-24T14:04:06.000Z</time>
        <extensions>
          <ns3:TrackPointExtension>
            <ns3:hr>150</ns3:hr>
            <ns3:cad>93</ns3:cad>
          </ns3:TrackPointExtension>
        </extensions>
      </trkpt>
      <trkpt lat="30.75018382631242275238037109375" lon="108.44185640104115009307861328125">
        <ele>435.399993896484375</ele>
        <time>2026-07-24T14:04:07.000Z</time>
        <extensions>
          <ns3:TrackPointExtension>
            <ns3:hr>151</ns3:hr>
            <ns3:cad>91</ns3:cad>
          </ns3:TrackPointExtension>
        </extensions>
      </trkpt>
      <trkpt lat="30.7501914538443088531494140625" lon="108.44188012182712554931640625">
        <ele>435.20001220703125</ele>
        <time>2026-07-24T14:04:08.000Z</time>
        <extensions>
          <ns3:TrackPointExtension>
            <ns3:hr>150</ns3:hr>
            <ns3:cad>91</ns3:cad>
          </ns3:TrackPointExtension>
        </extensions>
      </trkpt>
      <trkpt lat="30.75020092539489269256591796875" lon="108.4419047646224498748779296875">
        <ele>435.20001220703125</ele>
        <time>2026-07-24T14:04:09.000Z</time>
        <extensions>
          <ns3:TrackPointExtension>
            <ns3:hr>150</ns3:hr>
            <ns3:cad>92</ns3:cad>
          </ns3:TrackPointExtension>
        </extensions>
      </trkpt>
      <trkpt lat="30.7502048648893833160400390625" lon="108.44192898832261562347412109375">
        <ele>435.20001220703125</ele>
        <time>2026-07-24T14:04:10.000Z</time>
        <extensions>
          <ns3:TrackPointExtension>
            <ns3:hr>150</ns3:hr>
            <ns3:cad>92</ns3:cad>
          </ns3:TrackPointExtension>
        </extensions>
      </trkpt>
      <trkpt lat="30.750213749706745147705078125" lon="108.4419506974518299102783203125">
        <ele>435</ele>
        <time>2026-07-24T14:04:11.000Z</time>
        <extensions>
          <ns3:TrackPointExtension>
            <ns3:hr>150</ns3:hr>
            <ns3:cad>92</ns3:cad>
          </ns3:TrackPointExtension>
        </extensions>
      </trkpt>
      <trkpt lat="30.7502182759344577789306640625" lon="108.44197073020040988922119140625">
        <ele>435</ele>
        <time>2026-07-24T14:04:12.000Z</time>
        <extensions>
          <ns3:TrackPointExtension>
            <ns3:hr>150</ns3:hr>
            <ns3:cad>92</ns3:cad>
          </ns3:TrackPointExtension>
        </extensions>
      </trkpt>
      <trkpt lat="30.750228501856327056884765625" lon="108.44199822284281253814697265625">
        <ele>435</ele>
        <time>2026-07-24T14:04:13.000Z</time>
        <extensions>
          <ns3:TrackPointExtension>
            <ns3:hr>150</ns3:hr>
            <ns3:cad>92</ns3:cad>
          </ns3:TrackPointExtension>
        </extensions>
      </trkpt>
      <trkpt lat="30.750238895416259765625" lon="108.44201649539172649383544921875">
        <ele>435</ele>
        <time>2026-07-24T14:04:14.000Z</time>
        <extensions>
          <ns3:TrackPointExtension>
            <ns3:hr>150</ns3:hr>
            <ns3:cad>92</ns3:cad>
          </ns3:TrackPointExtension>
        </extensions>
      </trkpt>
      <trkpt lat="30.7502430863678455352783203125" lon="108.442040383815765380859375">
        <ele>435</ele>
        <time>2026-07-24T14:04:15.000Z</time>
        <extensions>
          <ns3:TrackPointExtension>
            <ns3:hr>150</ns3:hr>
            <ns3:cad>92</ns3:cad>
          </ns3:TrackPointExtension>
        </extensions>
      </trkpt>
      <trkpt lat="30.7502536475658416748046875" lon="108.44205823726952075958251953125">
        <ele>435</ele>
        <time>2026-07-24T14:04:16.000Z</time>
        <extensions>
          <ns3:TrackPointExtension>
            <ns3:hr>150</ns3:hr>
            <ns3:cad>91</ns3:cad>
          </ns3:TrackPointExtension>
        </extensions>
      </trkpt>
      <trkpt lat="30.75025456957519054412841796875" lon="108.44208673574030399322509765625">
        <ele>435</ele>
        <time>2026-07-24T14:04:17.000Z</time>
        <extensions>
          <ns3:TrackPointExtension>
            <ns3:hr>151</ns3:hr>
            <ns3:cad>91</ns3:cad>
          </ns3:TrackPointExtension>
        </extensions>
      </trkpt>
      <trkpt lat="30.750265382230281829833984375" lon="108.44210500828921794891357421875">
        <ele>435</ele>
        <time>2026-07-24T14:04:18.000Z</time>
        <extensions>
          <ns3:TrackPointExtension>
            <ns3:hr>150</ns3:hr>
            <ns3:cad>91</ns3:cad>
          </ns3:TrackPointExtension>
        </extensions>
      </trkpt>
      <trkpt lat="30.75026948936283588409423828125" lon="108.44212998636066913604736328125">
        <ele>435</ele>
        <time>2026-07-24T14:04:19.000Z</time>
        <extensions>
          <ns3:TrackPointExtension>
            <ns3:hr>150</ns3:hr>
            <ns3:cad>91</ns3:cad>
          </ns3:TrackPointExtension>
        </extensions>
      </trkpt>
      <trkpt lat="30.75027686543762683868408203125" lon="108.442153371870517730712890625">
        <ele>434.79998779296875</ele>
        <time>2026-07-24T14:04:20.000Z</time>
        <extensions>
          <ns3:TrackPointExtension>
            <ns3:hr>150</ns3:hr>
            <ns3:cad>92</ns3:cad>
          </ns3:TrackPointExtension>
        </extensions>
      </trkpt>
      <trkpt lat="30.7502756081521511077880859375" lon="108.44217575155198574066162109375">
        <ele>434.600006103515625</ele>
        <time>2026-07-24T14:04:21.000Z</time>
        <extensions>
          <ns3:TrackPointExtension>
            <ns3:hr>150</ns3:hr>
            <ns3:cad>92</ns3:cad>
          </ns3:TrackPointExtension>
        </extensions>
      </trkpt>
      <trkpt lat="30.7502816431224346160888671875" lon="108.442205004394054412841796875">
        <ele>434.600006103515625</ele>
        <time>2026-07-24T14:04:22.000Z</time>
        <extensions>
          <ns3:TrackPointExtension>
            <ns3:hr>150</ns3:hr>
            <ns3:cad>92</ns3:cad>
          </ns3:TrackPointExtension>
        </extensions>
      </trkpt>
      <trkpt lat="30.750287510454654693603515625" lon="108.4422266297042369842529296875">
        <ele>434.600006103515625</ele>
        <time>2026-07-24T14:04:23.000Z</time>
        <extensions>
          <ns3:TrackPointExtension>
            <ns3:hr>150</ns3:hr>
            <ns3:cad>92</ns3:cad>
          </ns3:TrackPointExtension>
        </extensions>
      </trkpt>
      <trkpt lat="30.75029790401458740234375" lon="108.44225454144179821014404296875">
        <ele>434.600006103515625</ele>
        <time>2026-07-24T14:04:24.000Z</time>
        <extensions>
          <ns3:TrackPointExtension>
            <ns3:hr>149</ns3:hr>
            <ns3:cad>92</ns3:cad>
          </ns3:TrackPointExtension>
        </extensions>
      </trkpt>
      <trkpt lat="30.750302933156490325927734375" lon="108.4422739036381244659423828125">
        <ele>434.600006103515625</ele>
        <time>2026-07-24T14:04:25.000Z</time>
        <extensions>
          <ns3:TrackPointExtension>
            <ns3:hr>149</ns3:hr>
            <ns3:cad>92</ns3:cad>
          </ns3:TrackPointExtension>
        </extensions>
      </trkpt>
      <trkpt lat="30.75031659565865993499755859375" lon="108.442301563918590545654296875">
        <ele>434.600006103515625</ele>
        <time>2026-07-24T14:04:26.000Z</time>
        <extensions>
          <ns3:TrackPointExtension>
            <ns3:hr>149</ns3:hr>
            <ns3:cad>92</ns3:cad>
          </ns3:TrackPointExtension>
        </extensions>
      </trkpt>
      <trkpt lat="30.75032397173345088958740234375" lon="108.44232159666717052459716796875">
        <ele>434.399993896484375</ele>
        <time>2026-07-24T14:04:27.000Z</time>
        <extensions>
          <ns3:TrackPointExtension>
            <ns3:hr>148</ns3:hr>
            <ns3:cad>92</ns3:cad>
          </ns3:TrackPointExtension>
        </extensions>
      </trkpt>
      <trkpt lat="30.7503372989594936370849609375" lon="108.4423510171473026275634765625">
        <ele>434.399993896484375</ele>
        <time>2026-07-24T14:04:28.000Z</time>
        <extensions>
          <ns3:TrackPointExtension>
            <ns3:hr>148</ns3:hr>
            <ns3:cad>92</ns3:cad>
          </ns3:TrackPointExtension>
        </extensions>
      </trkpt>
      <trkpt lat="30.75035213492810726165771484375" lon="108.44236702658236026763916015625">
        <ele>434.399993896484375</ele>
        <time>2026-07-24T14:04:29.000Z</time>
        <extensions>
          <ns3:TrackPointExtension>
            <ns3:hr>147</ns3:hr>
            <ns3:cad>92</ns3:cad>
          </ns3:TrackPointExtension>
        </extensions>
      </trkpt>
      <trkpt lat="30.750364623963832855224609375" lon="108.4423942677676677703857421875">
        <ele>434.20001220703125</ele>
        <time>2026-07-24T14:04:30.000Z</time>
        <extensions>
          <ns3:TrackPointExtension>
            <ns3:hr>147</ns3:hr>
            <ns3:cad>92</ns3:cad>
          </ns3:TrackPointExtension>
        </extensions>
      </trkpt>
      <trkpt lat="30.7503748498857021331787109375" lon="108.442413546144962310791015625">
        <ele>434.20001220703125</ele>
        <time>2026-07-24T14:04:31.000Z</time>
        <extensions>
          <ns3:TrackPointExtension>
            <ns3:hr>146</ns3:hr>
            <ns3:cad>92</ns3:cad>
          </ns3:TrackPointExtension>
        </extensions>
      </trkpt>
      <trkpt lat="30.75037904083728790283203125" lon="108.44243961386382579803466796875">
        <ele>434</ele>
        <time>2026-07-24T14:04:32.000Z</time>
        <extensions>
          <ns3:TrackPointExtension>
            <ns3:hr>146</ns3:hr>
            <ns3:cad>92</ns3:cad>
          </ns3:TrackPointExtension>
        </extensions>
      </trkpt>
      <trkpt lat="30.75038616545498371124267578125" lon="108.4424601495265960693359375">
        <ele>433.79998779296875</ele>
        <time>2026-07-24T14:04:33.000Z</time>
        <extensions>
          <ns3:TrackPointExtension>
            <ns3:hr>145</ns3:hr>
            <ns3:cad>92</ns3:cad>
          </ns3:TrackPointExtension>
        </extensions>
      </trkpt>
      <trkpt lat="30.750389434397220611572265625" lon="108.44248588196933269500732421875">
        <ele>433.79998779296875</ele>
        <time>2026-07-24T14:04:34.000Z</time>
        <extensions>
          <ns3:TrackPointExtension>
            <ns3:hr>146</ns3:hr>
            <ns3:cad>91</ns3:cad>
          </ns3:TrackPointExtension>
        </extensions>
      </trkpt>
      <trkpt lat="30.75039454735815525054931640625" lon="108.442508764564990997314453125">
        <ele>433.600006103515625</ele>
        <time>2026-07-24T14:04:35.000Z</time>
        <extensions>
          <ns3:TrackPointExtension>
            <ns3:hr>146</ns3:hr>
            <ns3:cad>91</ns3:cad>
          </ns3:TrackPointExtension>
        </extensions>
      </trkpt>
      <trkpt lat="30.75039739720523357391357421875" lon="108.442533574998378753662109375">
        <ele>433.600006103515625</ele>
        <time>2026-07-24T14:04:36.000Z</time>
        <extensions>
          <ns3:TrackPointExtension>
            <ns3:hr>146</ns3:hr>
            <ns3:cad>91</ns3:cad>
          </ns3:TrackPointExtension>
        </extensions>
      </trkpt>
      <trkpt lat="30.750400833785533905029296875" lon="108.44255578704178333282470703125">
        <ele>433.600006103515625</ele>
        <time>2026-07-24T14:04:37.000Z</time>
        <extensions>
          <ns3:TrackPointExtension>
            <ns3:hr>146</ns3:hr>
            <ns3:cad>92</ns3:cad>
          </ns3:TrackPointExtension>
        </extensions>
      </trkpt>
      <trkpt lat="30.75040091760456562042236328125" lon="108.442576490342617034912109375">
        <ele>433.600006103515625</ele>
        <time>2026-07-24T14:04:38.000Z</time>
        <extensions>
          <ns3:TrackPointExtension>
            <ns3:hr>146</ns3:hr>
            <ns3:cad>92</ns3:cad>
          </ns3:TrackPointExtension>
        </extensions>
      </trkpt>
      <trkpt lat="30.750406198203563690185546875" lon="108.442601971328258514404296875">
        <ele>433.600006103515625</ele>
        <time>2026-07-24T14:04:39.000Z</time>
        <extensions>
          <ns3:TrackPointExtension>
            <ns3:hr>146</ns3:hr>
            <ns3:cad>92</ns3:cad>
          </ns3:TrackPointExtension>
        </extensions>
      </trkpt>
      <trkpt lat="30.7504118978977203369140625" lon="108.442619740962982177734375">
        <ele>433.399993896484375</ele>
        <time>2026-07-24T14:04:40.000Z</time>
        <extensions>
          <ns3:TrackPointExtension>
            <ns3:hr>145</ns3:hr>
            <ns3:cad>92</ns3:cad>
          </ns3:TrackPointExtension>
        </extensions>
      </trkpt>
      <trkpt lat="30.75041659176349639892578125" lon="108.44265033490955829620361328125">
        <ele>433.399993896484375</ele>
        <time>2026-07-24T14:04:41.000Z</time>
        <extensions>
          <ns3:TrackPointExtension>
            <ns3:hr>145</ns3:hr>
            <ns3:cad>92</ns3:cad>
          </ns3:TrackPointExtension>
        </extensions>
      </trkpt>
      <trkpt lat="30.750423967838287353515625" lon="108.44267212785780429840087890625">
        <ele>433.399993896484375</ele>
        <time>2026-07-24T14:04:42.000Z</time>
        <extensions>
          <ns3:TrackPointExtension>
            <ns3:hr>145</ns3:hr>
            <ns3:cad>94</ns3:cad>
          </ns3:TrackPointExtension>
        </extensions>
      </trkpt>
      <trkpt lat="30.75042254291474819183349609375" lon="108.44270196743309497833251953125">
        <ele>433.399993896484375</ele>
        <time>2026-07-24T14:04:43.000Z</time>
        <extensions>
          <ns3:TrackPointExtension>
            <ns3:hr>145</ns3:hr>
            <ns3:cad>94</ns3:cad>
          </ns3:TrackPointExtension>
        </extensions>
      </trkpt>
      <trkpt lat="30.75042706914246082305908203125" lon="108.44272443093359470367431640625">
        <ele>433.600006103515625</ele>
        <time>2026-07-24T14:04:44.000Z</time>
        <extensions>
          <ns3:TrackPointExtension>
            <ns3:hr>144</ns3:hr>
            <ns3:cad>94</ns3:cad>
          </ns3:TrackPointExtension>
        </extensions>
      </trkpt>
      <trkpt lat="30.75042723678052425384521484375" lon="108.44275393523275852203369140625">
        <ele>433.600006103515625</ele>
        <time>2026-07-24T14:04:45.000Z</time>
        <extensions>
          <ns3:TrackPointExtension>
            <ns3:hr>144</ns3:hr>
            <ns3:cad>94</ns3:cad>
          </ns3:TrackPointExtension>
        </extensions>
      </trkpt>
      <trkpt lat="30.75043528340756893157958984375" lon="108.44277220778167247772216796875">
        <ele>433.399993896484375</ele>
        <time>2026-07-24T14:04:46.000Z</time>
        <extensions>
          <ns3:TrackPointExtension>
            <ns3:hr>143</ns3:hr>
            <ns3:cad>93</ns3:cad>
          </ns3:TrackPointExtension>
        </extensions>
      </trkpt>
      <trkpt lat="30.75043327175080776214599609375" lon="108.44279919750988483428955078125">
        <ele>433.399993896484375</ele>
        <time>2026-07-24T14:04:47.000Z</time>
        <extensions>
          <ns3:TrackPointExtension>
            <ns3:hr>142</ns3:hr>
            <ns3:cad>93</ns3:cad>
          </ns3:TrackPointExtension>
        </extensions>
      </trkpt>
      <trkpt lat="30.75043670833110809326171875" lon="108.44282283447682857513427734375">
        <ele>433.399993896484375</ele>
        <time>2026-07-24T14:04:48.000Z</time>
        <extensions>
          <ns3:TrackPointExtension>
            <ns3:hr>142</ns3:hr>
            <ns3:cad>92</ns3:cad>
          </ns3:TrackPointExtension>
        </extensions>
      </trkpt>
      <trkpt lat="30.7504372112452983856201171875" lon="108.4428475610911846160888671875">
        <ele>433.399993896484375</ele>
        <time>2026-07-24T14:04:49.000Z</time>
        <extensions>
          <ns3:TrackPointExtension>
            <ns3:hr>142</ns3:hr>
            <ns3:cad>92</ns3:cad>
          </ns3:TrackPointExtension>
        </extensions>
      </trkpt>
      <trkpt lat="30.750440061092376708984375" lon="108.44287580810487270355224609375">
        <ele>433.399993896484375</ele>
        <time>2026-07-24T14:04:50.000Z</time>
        <extensions>
          <ns3:TrackPointExtension>
            <ns3:hr>141</ns3:hr>
            <ns3:cad>92</ns3:cad>
          </ns3:TrackPointExtension>
        </extensions>
      </trkpt>
      <trkpt lat="30.7504432462155818939208984375" lon="108.44289273954927921295166015625">
        <ele>433.399993896484375</ele>
        <time>2026-07-24T14:04:51.000Z</time>
        <extensions>
          <ns3:TrackPointExtension>
            <ns3:hr>142</ns3:hr>
            <ns3:cad>92</ns3:cad>
          </ns3:TrackPointExtension>
        </extensions>
      </trkpt>
      <trkpt lat="30.75044735334813594818115234375" lon="108.442921824753284454345703125">
        <ele>433.20001220703125</ele>
        <time>2026-07-24T14:04:52.000Z</time>
        <extensions>
          <ns3:TrackPointExtension>
            <ns3:hr>142</ns3:hr>
            <ns3:cad>92</ns3:cad>
          </ns3:TrackPointExtension>
        </extensions>
      </trkpt>
      <trkpt lat="30.750453807413578033447265625" lon="108.4429390914738178253173828125">
        <ele>433.20001220703125</ele>
        <time>2026-07-24T14:04:53.000Z</time>
        <extensions>
          <ns3:TrackPointExtension>
            <ns3:hr>141</ns3:hr>
            <ns3:cad>93</ns3:cad>
          </ns3:TrackPointExtension>
        </extensions>
      </trkpt>
      <trkpt lat="30.75045422650873661041259765625" lon="108.44296800903975963592529296875">
        <ele>433.20001220703125</ele>
        <time>2026-07-24T14:04:54.000Z</time>
        <extensions>
          <ns3:TrackPointExtension>
            <ns3:hr>142</ns3:hr>
            <ns3:cad>93</ns3:cad>
          </ns3:TrackPointExtension>
        </extensions>
      </trkpt>
      <trkpt lat="30.7504579983651638031005859375" lon="108.4429893828928470611572265625">
        <ele>433.20001220703125</ele>
        <time>2026-07-24T14:04:55.000Z</time>
        <extensions>
          <ns3:TrackPointExtension>
            <ns3:hr>142</ns3:hr>
            <ns3:cad>93</ns3:cad>
          </ns3:TrackPointExtension>
        </extensions>
      </trkpt>
      <trkpt lat="30.75045280158519744873046875" lon="108.443017043173313140869140625">
        <ele>433.20001220703125</ele>
        <time>2026-07-24T14:04:56.000Z</time>
        <extensions>
          <ns3:TrackPointExtension>
            <ns3:hr>142</ns3:hr>
            <ns3:cad>92</ns3:cad>
          </ns3:TrackPointExtension>
        </extensions>
      </trkpt>
      <trkpt lat="30.75045808218419551849365234375" lon="108.4430408477783203125">
        <ele>433.20001220703125</ele>
        <time>2026-07-24T14:04:57.000Z</time>
        <extensions>
          <ns3:TrackPointExtension>
            <ns3:hr>142</ns3:hr>
            <ns3:cad>93</ns3:cad>
          </ns3:TrackPointExtension>
        </extensions>
      </trkpt>
      <trkpt lat="30.750456489622592926025390625" lon="108.443067334592342376708984375">
        <ele>433.20001220703125</ele>
        <time>2026-07-24T14:04:58.000Z</time>
        <extensions>
          <ns3:TrackPointExtension>
            <ns3:hr>142</ns3:hr>
            <ns3:cad>93</ns3:cad>
          </ns3:TrackPointExtension>
        </extensions>
      </trkpt>
      <trkpt lat="30.75046545825898647308349609375" lon="108.4430879540741443634033203125">
        <ele>433.20001220703125</ele>
        <time>2026-07-24T14:04:59.000Z</time>
        <extensions>
          <ns3:TrackPointExtension>
            <ns3:hr>141</ns3:hr>
            <ns3:cad>93</ns3:cad>
          </ns3:TrackPointExtension>
        </extensions>
      </trkpt>
      <trkpt lat="30.7504601776599884033203125" lon="108.44311234541237354278564453125">
        <ele>433.20001220703125</ele>
        <time>2026-07-24T14:05:00.000Z</time>
        <extensions>
          <ns3:TrackPointExtension>
            <ns3:hr>141</ns3:hr>
            <ns3:cad>93</ns3:cad>
          </ns3:TrackPointExtension>
        </extensions>
      </trkpt>
      <trkpt lat="30.75046428479254245758056640625" lon="108.443137072026729583740234375">
        <ele>433.20001220703125</ele>
        <time>2026-07-24T14:05:01.000Z</time>
        <extensions>
          <ns3:TrackPointExtension>
            <ns3:hr>140</ns3:hr>
            <ns3:cad>93</ns3:cad>
          </ns3:TrackPointExtension>
        </extensions>
      </trkpt>
      <trkpt lat="30.75045858509838581085205078125" lon="108.44315945170819759368896484375">
        <ele>433.20001220703125</ele>
        <time>2026-07-24T14:05:02.000Z</time>
        <extensions>
          <ns3:TrackPointExtension>
            <ns3:hr>140</ns3:hr>
            <ns3:cad>93</ns3:cad>
          </ns3:TrackPointExtension>
        </extensions>
      </trkpt>
      <trkpt lat="30.75046160258352756500244140625" lon="108.44318526796996593475341796875">
        <ele>433.20001220703125</ele>
        <time>2026-07-24T14:05:03.000Z</time>
        <extensions>
          <ns3:TrackPointExtension>
            <ns3:hr>139</ns3:hr>
            <ns3:cad>92</ns3:cad>
          </ns3:TrackPointExtension>
        </extensions>
      </trkpt>
      <trkpt lat="30.750460512936115264892578125" lon="108.44320454634726047515869140625">
        <ele>433.20001220703125</ele>
        <time>2026-07-24T14:05:04.000Z</time>
        <extensions>
          <ns3:TrackPointExtension>
            <ns3:hr>139</ns3:hr>
            <ns3:cad>92</ns3:cad>
          </ns3:TrackPointExtension>
        </extensions>
      </trkpt>
      <trkpt lat="30.75046327896416187286376953125" lon="108.44323195517063140869140625">
        <ele>433.399993896484375</ele>
        <time>2026-07-24T14:05:05.000Z</time>
        <extensions>
          <ns3:TrackPointExtension>
            <ns3:hr>138</ns3:hr>
            <ns3:cad>93</ns3:cad>
          </ns3:TrackPointExtension>
        </extensions>
      </trkpt>
      <trkpt lat="30.750463195145130157470703125" lon="108.4432505629956722259521484375">
        <ele>433.399993896484375</ele>
        <time>2026-07-24T14:05:06.000Z</time>
        <extensions>
          <ns3:TrackPointExtension>
            <ns3:hr>138</ns3:hr>
            <ns3:cad>93</ns3:cad>
          </ns3:TrackPointExtension>
        </extensions>
      </trkpt>
      <trkpt lat="30.75045858509838581085205078125" lon="108.4432790614664554595947265625">
        <ele>433.399993896484375</ele>
        <time>2026-07-24T14:05:07.000Z</time>
        <extensions>
          <ns3:TrackPointExtension>
            <ns3:hr>139</ns3:hr>
            <ns3:cad>93</ns3:cad>
          </ns3:TrackPointExtension>
        </extensions>
      </trkpt>
      <trkpt lat="30.75045816600322723388671875" lon="108.44329632818698883056640625">
        <ele>433.600006103515625</ele>
        <time>2026-07-24T14:05:08.000Z</time>
        <extensions>
          <ns3:TrackPointExtension>
            <ns3:hr>139</ns3:hr>
            <ns3:cad>92</ns3:cad>
          </ns3:TrackPointExtension>
        </extensions>
      </trkpt>
      <trkpt lat="30.750453807413578033447265625" lon="108.44332180917263031005859375">
        <ele>433.600006103515625</ele>
        <time>2026-07-24T14:05:09.000Z</time>
        <extensions>
          <ns3:TrackPointExtension>
            <ns3:hr>140</ns3:hr>
            <ns3:cad>92</ns3:cad>
          </ns3:TrackPointExtension>
        </extensions>
      </trkpt>
      <trkpt lat="30.75045774690806865692138671875" lon="108.44333932735025882720947265625">
        <ele>433.600006103515625</ele>
        <time>2026-07-24T14:05:10.000Z</time>
        <extensions>
          <ns3:TrackPointExtension>
            <ns3:hr>141</ns3:hr>
            <ns3:cad>92</ns3:cad>
          </ns3:TrackPointExtension>
        </extensions>
      </trkpt>
      <trkpt lat="30.75044877827167510986328125" lon="108.44336430542171001434326171875">
        <ele>433.600006103515625</ele>
        <time>2026-07-24T14:05:11.000Z</time>
        <extensions>
          <ns3:TrackPointExtension>
            <ns3:hr>141</ns3:hr>
            <ns3:cad>92</ns3:cad>
          </ns3:TrackPointExtension>
        </extensions>
      </trkpt>
      <trkpt lat="30.75044877827167510986328125" lon="108.44338760711252689361572265625">
        <ele>433.600006103515625</ele>
        <time>2026-07-24T14:05:12.000Z</time>
        <extensions>
          <ns3:TrackPointExtension>
            <ns3:hr>142</ns3:hr>
            <ns3:cad>92</ns3:cad>
          </ns3:TrackPointExtension>
        </extensions>
      </trkpt>
      <trkpt lat="30.7504427433013916015625" lon="108.443411327898502349853515625">
        <ele>433.79998779296875</ele>
        <time>2026-07-24T14:05:13.000Z</time>
        <extensions>
          <ns3:TrackPointExtension>
            <ns3:hr>142</ns3:hr>
            <ns3:cad>92</ns3:cad>
          </ns3:TrackPointExtension>
        </extensions>
      </trkpt>
      <trkpt lat="30.75044450350105762481689453125" lon="108.44343177974224090576171875">
        <ele>433.79998779296875</ele>
        <time>2026-07-24T14:05:14.000Z</time>
        <extensions>
          <ns3:TrackPointExtension>
            <ns3:hr>142</ns3:hr>
            <ns3:cad>94</ns3:cad>
          </ns3:TrackPointExtension>
        </extensions>
      </trkpt>
      <trkpt lat="30.7504439167678356170654296875" lon="108.44345617108047008514404296875">
        <ele>433.79998779296875</ele>
        <time>2026-07-24T14:05:15.000Z</time>
        <extensions>
          <ns3:TrackPointExtension>
            <ns3:hr>142</ns3:hr>
            <ns3:cad>94</ns3:cad>
          </ns3:TrackPointExtension>
        </extensions>
      </trkpt>
      <trkpt lat="30.7504455931484699249267578125" lon="108.44347896985709667205810546875">
        <ele>433.79998779296875</ele>
        <time>2026-07-24T14:05:16.000Z</time>
        <extensions>
          <ns3:TrackPointExtension>
            <ns3:hr>142</ns3:hr>
            <ns3:cad>94</ns3:cad>
          </ns3:TrackPointExtension>
        </extensions>
      </trkpt>
      <trkpt lat="30.75044651515781879425048828125" lon="108.44350093044340610504150390625">
        <ele>434</ele>
        <time>2026-07-24T14:05:17.000Z</time>
        <extensions>
          <ns3:TrackPointExtension>
            <ns3:hr>142</ns3:hr>
            <ns3:cad>93</ns3:cad>
          </ns3:TrackPointExtension>
        </extensions>
      </trkpt>
      <trkpt lat="30.75044810771942138671875" lon="108.443523980677127838134765625">
        <ele>434</ele>
        <time>2026-07-24T14:05:18.000Z</time>
        <extensions>
          <ns3:TrackPointExtension>
            <ns3:hr>141</ns3:hr>
            <ns3:cad>92</ns3:cad>
          </ns3:TrackPointExtension>
        </extensions>
      </trkpt>
      <trkpt lat="30.7504494488239288330078125" lon="108.44354233704507350921630859375">
        <ele>434</ele>
        <time>2026-07-24T14:05:19.000Z</time>
        <extensions>
          <ns3:TrackPointExtension>
            <ns3:hr>142</ns3:hr>
            <ns3:cad>92</ns3:cad>
          </ns3:TrackPointExtension>
        </extensions>
      </trkpt>
      <trkpt lat="30.7504419051110744476318359375" lon="108.44357393682003021240234375">
        <ele>434.20001220703125</ele>
        <time>2026-07-24T14:05:20.000Z</time>
        <extensions>
          <ns3:TrackPointExtension>
            <ns3:hr>142</ns3:hr>
            <ns3:cad>92</ns3:cad>
          </ns3:TrackPointExtension>
        </extensions>
      </trkpt>
      <trkpt lat="30.7504435814917087554931640625" lon="108.44359044916927814483642578125">
        <ele>434.20001220703125</ele>
        <time>2026-07-24T14:05:21.000Z</time>
        <extensions>
          <ns3:TrackPointExtension>
            <ns3:hr>142</ns3:hr>
            <ns3:cad>93</ns3:cad>
          </ns3:TrackPointExtension>
        </extensions>
      </trkpt>
      <trkpt lat="30.7504387199878692626953125" lon="108.44361794181168079376220703125">
        <ele>434.20001220703125</ele>
        <time>2026-07-24T14:05:22.000Z</time>
        <extensions>
          <ns3:TrackPointExtension>
            <ns3:hr>142</ns3:hr>
            <ns3:cad>93</ns3:cad>
          </ns3:TrackPointExtension>
        </extensions>
      </trkpt>
      <trkpt lat="30.75043897144496440887451171875" lon="108.44363638199865818023681640625">
        <ele>434.399993896484375</ele>
        <time>2026-07-24T14:05:23.000Z</time>
        <extensions>
          <ns3:TrackPointExtension>
            <ns3:hr>142</ns3:hr>
            <ns3:cad>92</ns3:cad>
          </ns3:TrackPointExtension>
        </extensions>
      </trkpt>
      <trkpt lat="30.75042908079922199249267578125" lon="108.443658091127872467041015625">
        <ele>434.399993896484375</ele>
        <time>2026-07-24T14:05:24.000Z</time>
        <extensions>
          <ns3:TrackPointExtension>
            <ns3:hr>142</ns3:hr>
            <ns3:cad>92</ns3:cad>
          </ns3:TrackPointExtension>
        </extensions>
      </trkpt>
      <trkpt lat="30.75042556039988994598388671875" lon="108.44368197955191135406494140625">
        <ele>434.399993896484375</ele>
        <time>2026-07-24T14:05:25.000Z</time>
        <extensions>
          <ns3:TrackPointExtension>
            <ns3:hr>143</ns3:hr>
            <ns3:cad>93</ns3:cad>
          </ns3:TrackPointExtension>
        </extensions>
      </trkpt>
      <trkpt lat="30.7504207827150821685791015625" lon="108.4437015093863010406494140625">
        <ele>434.600006103515625</ele>
        <time>2026-07-24T14:05:26.000Z</time>
        <extensions>
          <ns3:TrackPointExtension>
            <ns3:hr>143</ns3:hr>
            <ns3:cad>93</ns3:cad>
          </ns3:TrackPointExtension>
        </extensions>
      </trkpt>
      <trkpt lat="30.75042053125798702239990234375" lon="108.44372841529548168182373046875">
        <ele>434.600006103515625</ele>
        <time>2026-07-24T14:05:27.000Z</time>
        <extensions>
          <ns3:TrackPointExtension>
            <ns3:hr>143</ns3:hr>
            <ns3:cad>92</ns3:cad>
          </ns3:TrackPointExtension>
        </extensions>
      </trkpt>
      <trkpt lat="30.75041885487735271453857421875" lon="108.4437507949769496917724609375">
        <ele>434.600006103515625</ele>
        <time>2026-07-24T14:05:28.000Z</time>
        <extensions>
          <ns3:TrackPointExtension>
            <ns3:hr>143</ns3:hr>
            <ns3:cad>92</ns3:cad>
          </ns3:TrackPointExtension>
        </extensions>
      </trkpt>
      <trkpt lat="30.750412233173847198486328125" lon="108.44377778470516204833984375">
        <ele>434.600006103515625</ele>
        <time>2026-07-24T14:05:29.000Z</time>
        <extensions>
          <ns3:TrackPointExtension>
            <ns3:hr>143</ns3:hr>
            <ns3:cad>92</ns3:cad>
          </ns3:TrackPointExtension>
        </extensions>
      </trkpt>
      <trkpt lat="30.750410556793212890625" lon="108.443794213235378265380859375">
        <ele>434.79998779296875</ele>
        <time>2026-07-24T14:05:30.000Z</time>
        <extensions>
          <ns3:TrackPointExtension>
            <ns3:hr>144</ns3:hr>
            <ns3:cad>93</ns3:cad>
          </ns3:TrackPointExtension>
        </extensions>
      </trkpt>
      <trkpt lat="30.75039890594780445098876953125" lon="108.44381860457360744476318359375">
        <ele>434.79998779296875</ele>
        <time>2026-07-24T14:05:31.000Z</time>
        <extensions>
          <ns3:TrackPointExtension>
            <ns3:hr>144</ns3:hr>
            <ns3:cad>93</ns3:cad>
          </ns3:TrackPointExtension>
        </extensions>
      </trkpt>
      <trkpt lat="30.75039756484329700469970703125" lon="108.44383771531283855438232421875">
        <ele>434.79998779296875</ele>
        <time>2026-07-24T14:05:32.000Z</time>
        <extensions>
          <ns3:TrackPointExtension>
            <ns3:hr>144</ns3:hr>
            <ns3:cad>92</ns3:cad>
          </ns3:TrackPointExtension>
        </extensions>
      </trkpt>
      <trkpt lat="30.750393457710742950439453125" lon="108.44386017881333827972412109375">
        <ele>435</ele>
        <time>2026-07-24T14:05:33.000Z</time>
        <extensions>
          <ns3:TrackPointExtension>
            <ns3:hr>144</ns3:hr>
            <ns3:cad>92</ns3:cad>
          </ns3:TrackPointExtension>
        </extensions>
      </trkpt>
      <trkpt lat="30.75038918294012546539306640625" lon="108.44388465397059917449951171875">
        <ele>435</ele>
        <time>2026-07-24T14:05:34.000Z</time>
        <extensions>
          <ns3:TrackPointExtension>
            <ns3:hr>144</ns3:hr>
            <ns3:cad>92</ns3:cad>
          </ns3:TrackPointExtension>
        </extensions>
      </trkpt>
      <trkpt lat="30.75038616545498371124267578125" lon="108.4439031779766082763671875">
        <ele>435</ele>
        <time>2026-07-24T14:05:35.000Z</time>
        <extensions>
          <ns3:TrackPointExtension>
            <ns3:hr>143</ns3:hr>
            <ns3:cad>92</ns3:cad>
          </ns3:TrackPointExtension>
        </extensions>
      </trkpt>
      <trkpt lat="30.75037728063762187957763671875" lon="108.44393025152385234832763671875">
        <ele>435</ele>
        <time>2026-07-24T14:05:36.000Z</time>
        <extensions>
          <ns3:TrackPointExtension>
            <ns3:hr>144</ns3:hr>
            <ns3:cad>93</ns3:cad>
          </ns3:TrackPointExtension>
        </extensions>
      </trkpt>
      <trkpt lat="30.7503783702850341796875" lon="108.4439506195485591888427734375">
        <ele>435.20001220703125</ele>
        <time>2026-07-24T14:05:37.000Z</time>
        <extensions>
          <ns3:TrackPointExtension>
            <ns3:hr>144</ns3:hr>
            <ns3:cad>93</ns3:cad>
          </ns3:TrackPointExtension>
        </extensions>
      </trkpt>
      <trkpt lat="30.7503661327064037322998046875" lon="108.44397400505840778350830078125">
        <ele>435.20001220703125</ele>
        <time>2026-07-24T14:05:38.000Z</time>
        <extensions>
          <ns3:TrackPointExtension>
            <ns3:hr>144</ns3:hr>
            <ns3:cad>95</ns3:cad>
          </ns3:TrackPointExtension>
        </extensions>
      </trkpt>
      <trkpt lat="30.7503631152212619781494140625" lon="108.44399579800665378570556640625">
        <ele>435.20001220703125</ele>
        <time>2026-07-24T14:05:39.000Z</time>
        <extensions>
          <ns3:TrackPointExtension>
            <ns3:hr>144</ns3:hr>
            <ns3:cad>95</ns3:cad>
          </ns3:TrackPointExtension>
        </extensions>
      </trkpt>
      <trkpt lat="30.7503582537174224853515625" lon="108.44401591457426548004150390625">
        <ele>435.20001220703125</ele>
        <time>2026-07-24T14:05:40.000Z</time>
        <extensions>
          <ns3:TrackPointExtension>
            <ns3:hr>143</ns3:hr>
            <ns3:cad>95</ns3:cad>
          </ns3:TrackPointExtension>
        </extensions>
      </trkpt>
      <trkpt lat="30.750355906784534454345703125" lon="108.44404323957860469818115234375">
        <ele>435.399993896484375</ele>
        <time>2026-07-24T14:05:41.000Z</time>
        <extensions>
          <ns3:TrackPointExtension>
            <ns3:hr>143</ns3:hr>
            <ns3:cad>95</ns3:cad>
          </ns3:TrackPointExtension>
        </extensions>
      </trkpt>
      <trkpt lat="30.75035414658486843109130859375" lon="108.44406352378427982330322265625">
        <ele>435.399993896484375</ele>
        <time>2026-07-24T14:05:42.000Z</time>
        <extensions>
          <ns3:TrackPointExtension>
            <ns3:hr>143</ns3:hr>
            <ns3:cad>95</ns3:cad>
          </ns3:TrackPointExtension>
        </extensions>
      </trkpt>
      <trkpt lat="30.75034928508102893829345703125" lon="108.444090597331523895263671875">
        <ele>435.399993896484375</ele>
        <time>2026-07-24T14:05:43.000Z</time>
        <extensions>
          <ns3:TrackPointExtension>
            <ns3:hr>143</ns3:hr>
            <ns3:cad>95</ns3:cad>
          </ns3:TrackPointExtension>
        </extensions>
      </trkpt>
      <trkpt lat="30.7503513805568218231201171875" lon="108.44410928897559642791748046875">
        <ele>435.600006103515625</ele>
        <time>2026-07-24T14:05:44.000Z</time>
        <extensions>
          <ns3:TrackPointExtension>
            <ns3:hr>144</ns3:hr>
            <ns3:cad>94</ns3:cad>
          </ns3:TrackPointExtension>
        </extensions>
      </trkpt>
      <trkpt lat="30.750343836843967437744140625" lon="108.44413711689412593841552734375">
        <ele>435.600006103515625</ele>
        <time>2026-07-24T14:05:45.000Z</time>
        <extensions>
          <ns3:TrackPointExtension>
            <ns3:hr>143</ns3:hr>
            <ns3:cad>94</ns3:cad>
          </ns3:TrackPointExtension>
        </extensions>
      </trkpt>
      <trkpt lat="30.75035079382359981536865234375" lon="108.4441574849188327789306640625">
        <ele>435.79998779296875</ele>
        <time>2026-07-24T14:05:46.000Z</time>
        <extensions>
          <ns3:TrackPointExtension>
            <ns3:hr>143</ns3:hr>
            <ns3:cad>94</ns3:cad>
          </ns3:TrackPointExtension>
        </extensions>
      </trkpt>
      <trkpt lat="30.75034023262560367584228515625" lon="108.4441802836954593658447265625">
        <ele>435.79998779296875</ele>
        <time>2026-07-24T14:05:47.000Z</time>
        <extensions>
          <ns3:TrackPointExtension>
            <ns3:hr>143</ns3:hr>
            <ns3:cad>94</ns3:cad>
          </ns3:TrackPointExtension>
        </extensions>
      </trkpt>
      <trkpt lat="30.7503379695117473602294921875" lon="108.4442017413675785064697265625">
        <ele>435.79998779296875</ele>
        <time>2026-07-24T14:05:48.000Z</time>
        <extensions>
          <ns3:TrackPointExtension>
            <ns3:hr>144</ns3:hr>
            <ns3:cad>94</ns3:cad>
          </ns3:TrackPointExtension>
        </extensions>
      </trkpt>
      <trkpt lat="30.75033335946500301361083984375" lon="108.44422328285872936248779296875">
        <ele>435.79998779296875</ele>
        <time>2026-07-24T14:05:49.000Z</time>
        <extensions>
          <ns3:TrackPointExtension>
            <ns3:hr>143</ns3:hr>
            <ns3:cad>94</ns3:cad>
          </ns3:TrackPointExtension>
        </extensions>
      </trkpt>
      <trkpt lat="30.7503339461982250213623046875" lon="108.444247506558895111083984375">
        <ele>436</ele>
        <time>2026-07-24T14:05:50.000Z</time>
        <extensions>
          <ns3:TrackPointExtension>
            <ns3:hr>144</ns3:hr>
            <ns3:cad>93</ns3:cad>
          </ns3:TrackPointExtension>
        </extensions>
      </trkpt>
      <trkpt lat="30.75033151544630527496337890625" lon="108.44426837749779224395751953125">
        <ele>436</ele>
        <time>2026-07-24T14:05:51.000Z</time>
        <extensions>
          <ns3:TrackPointExtension>
            <ns3:hr>144</ns3:hr>
            <ns3:cad>93</ns3:cad>
          </ns3:TrackPointExtension>
        </extensions>
      </trkpt>
      <trkpt lat="30.75032916851341724395751953125" lon="108.44429553486406803131103515625">
        <ele>436</ele>
        <time>2026-07-24T14:05:52.000Z</time>
        <extensions>
          <ns3:TrackPointExtension>
            <ns3:hr>144</ns3:hr>
            <ns3:cad>91</ns3:cad>
          </ns3:TrackPointExtension>
        </extensions>
      </trkpt>
      <trkpt lat="30.75032598339021205902099609375" lon="108.44431422650814056396484375">
        <ele>436.20001220703125</ele>
        <time>2026-07-24T14:05:53.000Z</time>
        <extensions>
          <ns3:TrackPointExtension>
            <ns3:hr>145</ns3:hr>
            <ns3:cad>91</ns3:cad>
          </ns3:TrackPointExtension>
        </extensions>
      </trkpt>
      <trkpt lat="30.7503248937427997589111328125" lon="108.4443403780460357666015625">
        <ele>436.20001220703125</ele>
        <time>2026-07-24T14:05:54.000Z</time>
        <extensions>
          <ns3:TrackPointExtension>
            <ns3:hr>145</ns3:hr>
            <ns3:cad>91</ns3:cad>
          </ns3:TrackPointExtension>
        </extensions>
      </trkpt>
      <trkpt lat="30.7503228820860385894775390625" lon="108.444358147680759429931640625">
        <ele>436.20001220703125</ele>
        <time>2026-07-24T14:05:55.000Z</time>
        <extensions>
          <ns3:TrackPointExtension>
            <ns3:hr>146</ns3:hr>
            <ns3:cad>91</ns3:cad>
          </ns3:TrackPointExtension>
        </extensions>
      </trkpt>
      <trkpt lat="30.75032128952443599700927734375" lon="108.4443874843418598175048828125">
        <ele>436.399993896484375</ele>
        <time>2026-07-24T14:05:56.000Z</time>
        <extensions>
          <ns3:TrackPointExtension>
            <ns3:hr>147</ns3:hr>
            <ns3:cad>91</ns3:cad>
          </ns3:TrackPointExtension>
        </extensions>
      </trkpt>
      <trkpt lat="30.750324726104736328125" lon="108.44440584070980548858642578125">
        <ele>436.399993896484375</ele>
        <time>2026-07-24T14:05:57.000Z</time>
        <extensions>
          <ns3:TrackPointExtension>
            <ns3:hr>148</ns3:hr>
            <ns3:cad>93</ns3:cad>
          </ns3:TrackPointExtension>
        </extensions>
      </trkpt>
      <trkpt lat="30.750322043895721435546875" lon="108.44443568028509616851806640625">
        <ele>436.600006103515625</ele>
        <time>2026-07-24T14:05:58.000Z</time>
        <extensions>
          <ns3:TrackPointExtension>
            <ns3:hr>148</ns3:hr>
            <ns3:cad>93</ns3:cad>
          </ns3:TrackPointExtension>
        </extensions>
      </trkpt>
      <trkpt lat="30.7503252290189266204833984375" lon="108.4444525279104709625244140625">
        <ele>436.600006103515625</ele>
        <time>2026-07-24T14:05:59.000Z</time>
        <extensions>
          <ns3:TrackPointExtension>
            <ns3:hr>148</ns3:hr>
            <ns3:cad>93</ns3:cad>
          </ns3:TrackPointExtension>
        </extensions>
      </trkpt>
      <trkpt lat="30.7503207027912139892578125" lon="108.4444810263812541961669921875">
        <ele>436.79998779296875</ele>
        <time>2026-07-24T14:06:00.000Z</time>
        <extensions>
          <ns3:TrackPointExtension>
            <ns3:hr>149</ns3:hr>
            <ns3:cad>92</ns3:cad>
          </ns3:TrackPointExtension>
        </extensions>
      </trkpt>
      <trkpt lat="30.75032514519989490509033203125" lon="108.4445011429488658905029296875">
        <ele>436.79998779296875</ele>
        <time>2026-07-24T14:06:01.000Z</time>
        <extensions>
          <ns3:TrackPointExtension>
            <ns3:hr>149</ns3:hr>
            <ns3:cad>92</ns3:cad>
          </ns3:TrackPointExtension>
        </extensions>
      </trkpt>
      <trkpt lat="30.75032179243862628936767578125" lon="108.44452687539160251617431640625">
        <ele>437</ele>
        <time>2026-07-24T14:06:02.000Z</time>
        <extensions>
          <ns3:TrackPointExtension>
            <ns3:hr>150</ns3:hr>
            <ns3:cad>92</ns3:cad>
          </ns3:TrackPointExtension>
        </extensions>
      </trkpt>
      <trkpt lat="30.75032816268503665924072265625" lon="108.4445510990917682647705078125">
        <ele>437</ele>
        <time>2026-07-24T14:06:03.000Z</time>
        <extensions>
          <ns3:TrackPointExtension>
            <ns3:hr>150</ns3:hr>
            <ns3:cad>92</ns3:cad>
          </ns3:TrackPointExtension>
        </extensions>
      </trkpt>
      <trkpt lat="30.75032179243862628936767578125" lon="108.44457632862031459808349609375">
        <ele>437</ele>
        <time>2026-07-24T14:06:04.000Z</time>
        <extensions>
          <ns3:TrackPointExtension>
            <ns3:hr>150</ns3:hr>
            <ns3:cad>93</ns3:cad>
          </ns3:TrackPointExtension>
        </extensions>
      </trkpt>
      <trkpt lat="30.7503228820860385894775390625" lon="108.44460231252014636993408203125">
        <ele>437.20001220703125</ele>
        <time>2026-07-24T14:06:05.000Z</time>
        <extensions>
          <ns3:TrackPointExtension>
            <ns3:hr>150</ns3:hr>
            <ns3:cad>93</ns3:cad>
          </ns3:TrackPointExtension>
        </extensions>
      </trkpt>
      <trkpt lat="30.75032346881926059722900390625" lon="108.4446231834590435028076171875">
        <ele>437.399993896484375</ele>
        <time>2026-07-24T14:06:06.000Z</time>
        <extensions>
          <ns3:TrackPointExtension>
            <ns3:hr>150</ns3:hr>
            <ns3:cad>93</ns3:cad>
          </ns3:TrackPointExtension>
        </extensions>
      </trkpt>
      <trkpt lat="30.7503295876085758209228515625" lon="108.44464874826371669769287109375">
        <ele>437.399993896484375</ele>
        <time>2026-07-24T14:06:07.000Z</time>
        <extensions>
          <ns3:TrackPointExtension>
            <ns3:hr>151</ns3:hr>
            <ns3:cad>93</ns3:cad>
          </ns3:TrackPointExtension>
        </extensions>
      </trkpt>
      <trkpt lat="30.750327743589878082275390625" lon="108.4446674399077892303466796875">
        <ele>437.399993896484375</ele>
        <time>2026-07-24T14:06:08.000Z</time>
        <extensions>
          <ns3:TrackPointExtension>
            <ns3:hr>151</ns3:hr>
            <ns3:cad>93</ns3:cad>
          </ns3:TrackPointExtension>
        </extensions>
      </trkpt>
      <trkpt lat="30.75032833032310009002685546875" lon="108.4446952678263187408447265625">
        <ele>437.600006103515625</ele>
        <time>2026-07-24T14:06:09.000Z</time>
        <extensions>
          <ns3:TrackPointExtension>
            <ns3:hr>152</ns3:hr>
            <ns3:cad>93</ns3:cad>
          </ns3:TrackPointExtension>
        </extensions>
      </trkpt>
      <trkpt lat="30.7503282465040683746337890625" lon="108.44471479766070842742919921875">
        <ele>437.600006103515625</ele>
        <time>2026-07-24T14:06:10.000Z</time>
        <extensions>
          <ns3:TrackPointExtension>
            <ns3:hr>153</ns3:hr>
            <ns3:cad>93</ns3:cad>
          </ns3:TrackPointExtension>
        </extensions>
      </trkpt>
      <trkpt lat="30.7503339461982250213623046875" lon="108.4447445534169673919677734375">
        <ele>437.79998779296875</ele>
        <time>2026-07-24T14:06:11.000Z</time>
        <extensions>
          <ns3:TrackPointExtension>
            <ns3:hr>154</ns3:hr>
            <ns3:cad>93</ns3:cad>
          </ns3:TrackPointExtension>
        </extensions>
      </trkpt>
      <trkpt lat="30.75034375302493572235107421875" lon="108.44476123340427875518798828125">
        <ele>437.79998779296875</ele>
        <time>2026-07-24T14:06:12.000Z</time>
        <extensions>
          <ns3:TrackPointExtension>
            <ns3:hr>154</ns3:hr>
            <ns3:cad>93</ns3:cad>
          </ns3:TrackPointExtension>
        </extensions>
      </trkpt>
      <trkpt lat="30.75034291483461856842041015625" lon="108.44479073770344257354736328125">
        <ele>437.79998779296875</ele>
        <time>2026-07-24T14:06:13.000Z</time>
        <extensions>
          <ns3:TrackPointExtension>
            <ns3:hr>155</ns3:hr>
            <ns3:cad>93</ns3:cad>
          </ns3:TrackPointExtension>
        </extensions>
      </trkpt>
      <trkpt lat="30.7503456808626651763916015625" lon="108.4448099322617053985595703125">
        <ele>438</ele>
        <time>2026-07-24T14:06:14.000Z</time>
        <extensions>
          <ns3:TrackPointExtension>
            <ns3:hr>155</ns3:hr>
            <ns3:cad>93</ns3:cad>
          </ns3:TrackPointExtension>
        </extensions>
      </trkpt>
      <trkpt lat="30.75034056790173053741455078125" lon="108.444838263094425201416015625">
        <ele>438</ele>
        <time>2026-07-24T14:06:15.000Z</time>
        <extensions>
          <ns3:TrackPointExtension>
            <ns3:hr>156</ns3:hr>
            <ns3:cad>92</ns3:cad>
          </ns3:TrackPointExtension>
        </extensions>
      </trkpt>
      <trkpt lat="30.75033922679722309112548828125" lon="108.44486081041395664215087890625">
        <ele>438</ele>
        <time>2026-07-24T14:06:16.000Z</time>
        <extensions>
          <ns3:TrackPointExtension>
            <ns3:hr>156</ns3:hr>
            <ns3:cad>92</ns3:cad>
          </ns3:TrackPointExtension>
        </extensions>
      </trkpt>
      <trkpt lat="30.75033076107501983642578125" lon="108.44488880597054958343505859375">
        <ele>438</ele>
        <time>2026-07-24T14:06:17.000Z</time>
        <extensions>
          <ns3:TrackPointExtension>
            <ns3:hr>156</ns3:hr>
            <ns3:cad>92</ns3:cad>
          </ns3:TrackPointExtension>
        </extensions>
      </trkpt>
      <trkpt lat="30.750331766903400421142578125" lon="108.4449138678610324859619140625">
        <ele>438</ele>
        <time>2026-07-24T14:06:18.000Z</time>
        <extensions>
          <ns3:TrackPointExtension>
            <ns3:hr>155</ns3:hr>
            <ns3:cad>92</ns3:cad>
          </ns3:TrackPointExtension>
        </extensions>
      </trkpt>
      <trkpt lat="30.75032548047602176666259765625" lon="108.4449385106563568115234375">
        <ele>438</ele>
        <time>2026-07-24T14:06:19.000Z</time>
        <extensions>
          <ns3:TrackPointExtension>
            <ns3:hr>155</ns3:hr>
            <ns3:cad>92</ns3:cad>
          </ns3:TrackPointExtension>
        </extensions>
      </trkpt>
      <trkpt lat="30.7503260672092437744140625" lon="108.44496491365134716033935546875">
        <ele>438</ele>
        <time>2026-07-24T14:06:20.000Z</time>
        <extensions>
          <ns3:TrackPointExtension>
            <ns3:hr>154</ns3:hr>
            <ns3:cad>94</ns3:cad>
          </ns3:TrackPointExtension>
        </extensions>
      </trkpt>
      <trkpt lat="30.75032296590507030487060546875" lon="108.44499282538890838623046875">
        <ele>438</ele>
        <time>2026-07-24T14:06:21.000Z</time>
        <extensions>
          <ns3:TrackPointExtension>
            <ns3:hr>154</ns3:hr>
            <ns3:cad>94</ns3:cad>
          </ns3:TrackPointExtension>
        </extensions>
      </trkpt>
      <trkpt lat="30.7503228820860385894775390625" lon="108.4450191445648670196533203125">
        <ele>438</ele>
        <time>2026-07-24T14:06:22.000Z</time>
        <extensions>
          <ns3:TrackPointExtension>
            <ns3:hr>153</ns3:hr>
            <ns3:cad>94</ns3:cad>
          </ns3:TrackPointExtension>
        </extensions>
      </trkpt>
      <trkpt lat="30.75032011605799198150634765625" lon="108.44503615982830524444580078125">
        <ele>438</ele>
        <time>2026-07-24T14:06:23.000Z</time>
        <extensions>
          <ns3:TrackPointExtension>
            <ns3:hr>152</ns3:hr>
            <ns3:cad>93</ns3:cad>
          </ns3:TrackPointExtension>
        </extensions>
      </trkpt>
      <trkpt lat="30.75032430700957775115966796875" lon="108.445064909756183624267578125">
        <ele>438</ele>
        <time>2026-07-24T14:06:24.000Z</time>
        <extensions>
          <ns3:TrackPointExtension>
            <ns3:hr>152</ns3:hr>
            <ns3:cad>93</ns3:cad>
          </ns3:TrackPointExtension>
        </extensions>
      </trkpt>
      <trkpt lat="30.75033118017017841339111328125" lon="108.4450831823050975799560546875">
        <ele>437.79998779296875</ele>
        <time>2026-07-24T14:06:25.000Z</time>
        <extensions>
          <ns3:TrackPointExtension>
            <ns3:hr>152</ns3:hr>
            <ns3:cad>92</ns3:cad>
          </ns3:TrackPointExtension>
        </extensions>
      </trkpt>
      <trkpt lat="30.75033084489405155181884765625" lon="108.4451133571565151214599609375">
        <ele>437.79998779296875</ele>
        <time>2026-07-24T14:06:26.000Z</time>
        <extensions>
          <ns3:TrackPointExtension>
            <ns3:hr>151</ns3:hr>
            <ns3:cad>92</ns3:cad>
          </ns3:TrackPointExtension>
        </extensions>
      </trkpt>
      <trkpt lat="30.750337801873683929443359375" lon="108.44513171352446079254150390625">
        <ele>437.79998779296875</ele>
        <time>2026-07-24T14:06:27.000Z</time>
        <extensions>
          <ns3:TrackPointExtension>
            <ns3:hr>151</ns3:hr>
            <ns3:cad>93</ns3:cad>
          </ns3:TrackPointExtension>
        </extensions>
      </trkpt>
      <trkpt lat="30.7503386400640010833740234375" lon="108.44515903852880001068115234375">
        <ele>437.79998779296875</ele>
        <time>2026-07-24T14:06:28.000Z</time>
        <extensions>
          <ns3:TrackPointExtension>
            <ns3:hr>151</ns3:hr>
            <ns3:cad>93</ns3:cad>
          </ns3:TrackPointExtension>
        </extensions>
      </trkpt>
      <trkpt lat="30.75034509412944316864013671875" lon="108.44518016092479228973388671875">
        <ele>437.79998779296875</ele>
        <time>2026-07-24T14:06:29.000Z</time>
        <extensions>
          <ns3:TrackPointExtension>
            <ns3:hr>152</ns3:hr>
            <ns3:cad>93</ns3:cad>
          </ns3:TrackPointExtension>
        </extensions>
      </trkpt>
      <trkpt lat="30.75034148991107940673828125" lon="108.44520748592913150787353515625">
        <ele>437.600006103515625</ele>
        <time>2026-07-24T14:06:30.000Z</time>
        <extensions>
          <ns3:TrackPointExtension>
            <ns3:hr>153</ns3:hr>
            <ns3:cad>93</ns3:cad>
          </ns3:TrackPointExtension>
        </extensions>
      </trkpt>
      <trkpt lat="30.75034542940557003021240234375" lon="108.445230536162853240966796875">
        <ele>437.600006103515625</ele>
        <time>2026-07-24T14:06:31.000Z</time>
        <extensions>
          <ns3:TrackPointExtension>
            <ns3:hr>153</ns3:hr>
            <ns3:cad>91</ns3:cad>
          </ns3:TrackPointExtension>
        </extensions>
      </trkpt>
      <trkpt lat="30.7503436692059040069580078125" lon="108.44525325112044811248779296875">
        <ele>437.600006103515625</ele>
        <time>2026-07-24T14:06:32.000Z</time>
        <extensions>
          <ns3:TrackPointExtension>
            <ns3:hr>154</ns3:hr>
            <ns3:cad>91</ns3:cad>
          </ns3:TrackPointExtension>
        </extensions>
      </trkpt>
      <trkpt lat="30.75034551322460174560546875" lon="108.44527973793447017669677734375">
        <ele>437.600006103515625</ele>
        <time>2026-07-24T14:06:33.000Z</time>
        <extensions>
          <ns3:TrackPointExtension>
            <ns3:hr>154</ns3:hr>
            <ns3:cad>91</ns3:cad>
          </ns3:TrackPointExtension>
        </extensions>
      </trkpt>
      <trkpt lat="30.750342495739459991455078125" lon="108.44530337490141391754150390625">
        <ele>437.600006103515625</ele>
        <time>2026-07-24T14:06:34.000Z</time>
        <extensions>
          <ns3:TrackPointExtension>
            <ns3:hr>154</ns3:hr>
            <ns3:cad>93</ns3:cad>
          </ns3:TrackPointExtension>
        </extensions>
      </trkpt>
      <trkpt lat="30.75034224428236484527587890625" lon="108.44533455558121204376220703125">
        <ele>437.600006103515625</ele>
        <time>2026-07-24T14:06:35.000Z</time>
        <extensions>
          <ns3:TrackPointExtension>
            <ns3:hr>154</ns3:hr>
            <ns3:cad>93</ns3:cad>
          </ns3:TrackPointExtension>
        </extensions>
      </trkpt>
      <trkpt lat="30.75034492649137973785400390625" lon="108.4453520737588405609130859375">
        <ele>437.79998779296875</ele>
        <time>2026-07-24T14:06:36.000Z</time>
        <extensions>
          <ns3:TrackPointExtension>
            <ns3:hr>155</ns3:hr>
            <ns3:cad>92</ns3:cad>
          </ns3:TrackPointExtension>
        </extensions>
      </trkpt>
      <trkpt lat="30.75034727342426776885986328125" lon="108.4453802369534969329833984375">
        <ele>437.79998779296875</ele>
        <time>2026-07-24T14:06:37.000Z</time>
        <extensions>
          <ns3:TrackPointExtension>
            <ns3:hr>154</ns3:hr>
            <ns3:cad>91</ns3:cad>
          </ns3:TrackPointExtension>
        </extensions>
      </trkpt>
      <trkpt lat="30.75035515241324901580810546875" lon="108.44539356417953968048095703125">
        <ele>437.79998779296875</ele>
        <time>2026-07-24T14:06:38.000Z</time>
        <extensions>
          <ns3:TrackPointExtension>
            <ns3:hr>154</ns3:hr>
            <ns3:cad>91</ns3:cad>
          </ns3:TrackPointExtension>
        </extensions>
      </trkpt>
      <trkpt lat="30.75035498477518558502197265625" lon="108.445422984659671783447265625">
        <ele>437.79998779296875</ele>
        <time>2026-07-24T14:06:39.000Z</time>
        <extensions>
          <ns3:TrackPointExtension>
            <ns3:hr>154</ns3:hr>
            <ns3:cad>92</ns3:cad>
          </ns3:TrackPointExtension>
        </extensions>
      </trkpt>
      <trkpt lat="30.75036336667835712432861328125" lon="108.44544016756117343902587890625">
        <ele>438</ele>
        <time>2026-07-24T14:06:40.000Z</time>
        <extensions>
          <ns3:TrackPointExtension>
            <ns3:hr>154</ns3:hr>
            <ns3:cad>93</ns3:cad>
          </ns3:TrackPointExtension>
        </extensions>
      </trkpt>
      <trkpt lat="30.750360600650310516357421875" lon="108.445468582212924957275390625">
        <ele>438.20001220703125</ele>
        <time>2026-07-24T14:06:41.000Z</time>
        <extensions>
          <ns3:TrackPointExtension>
            <ns3:hr>153</ns3:hr>
            <ns3:cad>93</ns3:cad>
          </ns3:TrackPointExtension>
        </extensions>
      </trkpt>
      <trkpt lat="30.7503624446690082550048828125" lon="108.44549280591309070587158203125">
        <ele>438.20001220703125</ele>
        <time>2026-07-24T14:06:42.000Z</time>
        <extensions>
          <ns3:TrackPointExtension>
            <ns3:hr>153</ns3:hr>
            <ns3:cad>94</ns3:cad>
          </ns3:TrackPointExtension>
        </extensions>
      </trkpt>
      <trkpt lat="30.75035716407001018524169921875" lon="108.44551661051809787750244140625">
        <ele>438.399993896484375</ele>
        <time>2026-07-24T14:06:43.000Z</time>
        <extensions>
          <ns3:TrackPointExtension>
            <ns3:hr>153</ns3:hr>
            <ns3:cad>94</ns3:cad>
          </ns3:TrackPointExtension>
        </extensions>
      </trkpt>
      <trkpt lat="30.75036051683127880096435546875" lon="108.445538319647312164306640625">
        <ele>438.399993896484375</ele>
        <time>2026-07-24T14:06:44.000Z</time>
        <extensions>
          <ns3:TrackPointExtension>
            <ns3:hr>154</ns3:hr>
            <ns3:cad>94</ns3:cad>
          </ns3:TrackPointExtension>
        </extensions>
      </trkpt>
      <trkpt lat="30.7503577508032321929931640625" lon="108.4455619566142559051513671875">
        <ele>438.600006103515625</ele>
        <time>2026-07-24T14:06:45.000Z</time>
        <extensions>
          <ns3:TrackPointExtension>
            <ns3:hr>153</ns3:hr>
            <ns3:cad>93</ns3:cad>
          </ns3:TrackPointExtension>
        </extensions>
      </trkpt>
      <trkpt lat="30.75036101974546909332275390625" lon="108.44558400101959705352783203125">
        <ele>439</ele>
        <time>2026-07-24T14:06:46.000Z</time>
        <extensions>
          <ns3:TrackPointExtension>
            <ns3:hr>153</ns3:hr>
            <ns3:cad>93</ns3:cad>
          </ns3:TrackPointExtension>
        </extensions>
      </trkpt>
      <trkpt lat="30.75036051683127880096435546875" lon="108.44560571014881134033203125">
        <ele>439.20001220703125</ele>
        <time>2026-07-24T14:06:47.000Z</time>
        <extensions>
          <ns3:TrackPointExtension>
            <ns3:hr>153</ns3:hr>
            <ns3:cad>92</ns3:cad>
          </ns3:TrackPointExtension>
        </extensions>
      </trkpt>
      <trkpt lat="30.7503654621541500091552734375" lon="108.44562607817351818084716796875">
        <ele>439.20001220703125</ele>
        <time>2026-07-24T14:06:48.000Z</time>
        <extensions>
          <ns3:TrackPointExtension>
            <ns3:hr>153</ns3:hr>
            <ns3:cad>92</ns3:cad>
          </ns3:TrackPointExtension>
        </extensions>
      </trkpt>
      <trkpt lat="30.750367976725101470947265625" lon="108.44564602710306644439697265625">
        <ele>439.399993896484375</ele>
        <time>2026-07-24T14:06:49.000Z</time>
        <extensions>
          <ns3:TrackPointExtension>
            <ns3:hr>154</ns3:hr>
            <ns3:cad>90</ns3:cad>
          </ns3:TrackPointExtension>
        </extensions>
      </trkpt>
      <trkpt lat="30.7503718324005603790283203125" lon="108.44566597603261470794677734375">
        <ele>439.399993896484375</ele>
        <time>2026-07-24T14:06:50.000Z</time>
        <extensions>
          <ns3:TrackPointExtension>
            <ns3:hr>154</ns3:hr>
            <ns3:cad>90</ns3:cad>
          </ns3:TrackPointExtension>
        </extensions>
      </trkpt>
      <trkpt lat="30.75037107802927494049072265625" lon="108.44568206928670406341552734375">
        <ele>439.399993896484375</ele>
        <time>2026-07-24T14:06:51.000Z</time>
        <extensions>
          <ns3:TrackPointExtension>
            <ns3:hr>154</ns3:hr>
            <ns3:cad>90</ns3:cad>
          </ns3:TrackPointExtension>
        </extensions>
      </trkpt>
      <trkpt lat="30.75037593953311443328857421875" lon="108.44570419751107692718505859375">
        <ele>439.79998779296875</ele>
        <time>2026-07-24T14:06:52.000Z</time>
        <extensions>
          <ns3:TrackPointExtension>
            <ns3:hr>154</ns3:hr>
            <ns3:cad>91</ns3:cad>
          </ns3:TrackPointExtension>
        </extensions>
      </trkpt>
      <trkpt lat="30.7503785379230976104736328125" lon="108.445720709860324859619140625">
        <ele>439.79998779296875</ele>
        <time>2026-07-24T14:06:53.000Z</time>
        <extensions>
          <ns3:TrackPointExtension>
            <ns3:hr>155</ns3:hr>
            <ns3:cad>92</ns3:cad>
          </ns3:TrackPointExtension>
        </extensions>
      </trkpt>
      <trkpt lat="30.750384740531444549560546875" lon="108.445746190845966339111328125">
        <ele>440</ele>
        <time>2026-07-24T14:06:54.000Z</time>
        <extensions>
          <ns3:TrackPointExtension>
            <ns3:hr>155</ns3:hr>
            <ns3:cad>92</ns3:cad>
          </ns3:TrackPointExtension>
        </extensions>
      </trkpt>
      <trkpt lat="30.7503875903785228729248046875" lon="108.4457627870142459869384765625">
        <ele>440</ele>
        <time>2026-07-24T14:06:55.000Z</time>
        <extensions>
          <ns3:TrackPointExtension>
            <ns3:hr>156</ns3:hr>
            <ns3:cad>92</ns3:cad>
          </ns3:TrackPointExtension>
        </extensions>
      </trkpt>
      <trkpt lat="30.75039186514914035797119140625" lon="108.445789106190204620361328125">
        <ele>440.20001220703125</ele>
        <time>2026-07-24T14:06:56.000Z</time>
        <extensions>
          <ns3:TrackPointExtension>
            <ns3:hr>157</ns3:hr>
            <ns3:cad>93</ns3:cad>
          </ns3:TrackPointExtension>
        </extensions>
      </trkpt>
      <trkpt lat="30.7503942959010601043701171875" lon="108.4458053670823574066162109375">
        <ele>440.399993896484375</ele>
        <time>2026-07-24T14:06:57.000Z</time>
        <extensions>
          <ns3:TrackPointExtension>
            <ns3:hr>157</ns3:hr>
            <ns3:cad>93</ns3:cad>
          </ns3:TrackPointExtension>
        </extensions>
      </trkpt>
      <trkpt lat="30.75039940886199474334716796875" lon="108.4458335302770137786865234375">
        <ele>440.399993896484375</ele>
        <time>2026-07-24T14:06:58.000Z</time>
        <extensions>
          <ns3:TrackPointExtension>
            <ns3:hr>157</ns3:hr>
            <ns3:cad>93</ns3:cad>
          </ns3:TrackPointExtension>
        </extensions>
      </trkpt>
      <trkpt lat="30.75040544383227825164794921875" lon="108.4458504617214202880859375">
        <ele>440.600006103515625</ele>
        <time>2026-07-24T14:06:59.000Z</time>
        <extensions>
          <ns3:TrackPointExtension>
            <ns3:hr>157</ns3:hr>
            <ns3:cad>93</ns3:cad>
          </ns3:TrackPointExtension>
        </extensions>
      </trkpt>
      <trkpt lat="30.75040896423161029815673828125" lon="108.44587803818285465240478515625">
        <ele>440.600006103515625</ele>
        <time>2026-07-24T14:07:00.000Z</time>
        <extensions>
          <ns3:TrackPointExtension>
            <ns3:hr>157</ns3:hr>
            <ns3:cad>93</ns3:cad>
          </ns3:TrackPointExtension>
        </extensions>
      </trkpt>
      <trkpt lat="30.75041600503027439117431640625" lon="108.44589597545564174652099609375">
        <ele>440.79998779296875</ele>
        <time>2026-07-24T14:07:01.000Z</time>
        <extensions>
          <ns3:TrackPointExtension>
            <ns3:hr>157</ns3:hr>
            <ns3:cad>92</ns3:cad>
          </ns3:TrackPointExtension>
        </extensions>
      </trkpt>
      <trkpt lat="30.75042061507701873779296875" lon="108.445923216640949249267578125">
        <ele>440.79998779296875</ele>
        <time>2026-07-24T14:07:02.000Z</time>
        <extensions>
          <ns3:TrackPointExtension>
            <ns3:hr>157</ns3:hr>
            <ns3:cad>92</ns3:cad>
          </ns3:TrackPointExtension>
        </extensions>
      </trkpt>
      <trkpt lat="30.75043025426566600799560546875" lon="108.445939309895038604736328125">
        <ele>441</ele>
        <time>2026-07-24T14:07:03.000Z</time>
        <extensions>
          <ns3:TrackPointExtension>
            <ns3:hr>158</ns3:hr>
            <ns3:cad>92</ns3:cad>
          </ns3:TrackPointExtension>
        </extensions>
      </trkpt>
      <trkpt lat="30.7504321821033954620361328125" lon="108.4459662996232509613037109375">
        <ele>441.20001220703125</ele>
        <time>2026-07-24T14:07:04.000Z</time>
        <extensions>
          <ns3:TrackPointExtension>
            <ns3:hr>158</ns3:hr>
            <ns3:cad>92</ns3:cad>
          </ns3:TrackPointExtension>
        </extensions>
      </trkpt>
      <trkpt lat="30.7504335232079029083251953125" lon="108.445983566343784332275390625">
        <ele>441.399993896484375</ele>
        <time>2026-07-24T14:07:05.000Z</time>
        <extensions>
          <ns3:TrackPointExtension>
            <ns3:hr>158</ns3:hr>
            <ns3:cad>92</ns3:cad>
          </ns3:TrackPointExtension>
        </extensions>
      </trkpt>
      <trkpt lat="30.7504360377788543701171875" lon="108.44600527547299861907958984375">
        <ele>441.399993896484375</ele>
        <time>2026-07-24T14:07:06.000Z</time>
        <extensions>
          <ns3:TrackPointExtension>
            <ns3:hr>159</ns3:hr>
            <ns3:cad>92</ns3:cad>
          </ns3:TrackPointExtension>
        </extensions>
      </trkpt>
      <trkpt lat="30.75044148601591587066650390625" lon="108.44602421857416629791259765625">
        <ele>441.600006103515625</ele>
        <time>2026-07-24T14:07:07.000Z</time>
        <extensions>
          <ns3:TrackPointExtension>
            <ns3:hr>160</ns3:hr>
            <ns3:cad>92</ns3:cad>
          </ns3:TrackPointExtension>
        </extensions>
      </trkpt>
      <trkpt lat="30.750439725816249847412109375" lon="108.4460420720279216766357421875">
        <ele>441.600006103515625</ele>
        <time>2026-07-24T14:07:08.000Z</time>
        <extensions>
          <ns3:TrackPointExtension>
            <ns3:hr>160</ns3:hr>
            <ns3:cad>92</ns3:cad>
          </ns3:TrackPointExtension>
        </extensions>
      </trkpt>
      <trkpt lat="30.7504440844058990478515625" lon="108.446059338748455047607421875">
        <ele>441.79998779296875</ele>
        <time>2026-07-24T14:07:09.000Z</time>
        <extensions>
          <ns3:TrackPointExtension>
            <ns3:hr>161</ns3:hr>
            <ns3:cad>92</ns3:cad>
          </ns3:TrackPointExtension>
        </extensions>
      </trkpt>
      <trkpt lat="30.7504445873200893402099609375" lon="108.44607920385897159576416015625">
        <ele>441.79998779296875</ele>
        <time>2026-07-24T14:07:10.000Z</time>
        <extensions>
          <ns3:TrackPointExtension>
            <ns3:hr>162</ns3:hr>
            <ns3:cad>93</ns3:cad>
          </ns3:TrackPointExtension>
        </extensions>
      </trkpt>
      <trkpt lat="30.75045271776616573333740234375" lon="108.4461000747978687286376953125">
        <ele>442</ele>
        <time>2026-07-24T14:07:11.000Z</time>
        <extensions>
          <ns3:TrackPointExtension>
            <ns3:hr>162</ns3:hr>
            <ns3:cad>93</ns3:cad>
          </ns3:TrackPointExtension>
        </extensions>
      </trkpt>
      <trkpt lat="30.7504583336412906646728515625" lon="108.44611692242324352264404296875">
        <ele>442</ele>
        <time>2026-07-24T14:07:12.000Z</time>
        <extensions>
          <ns3:TrackPointExtension>
            <ns3:hr>162</ns3:hr>
            <ns3:cad>93</ns3:cad>
          </ns3:TrackPointExtension>
        </extensions>
      </trkpt>
      <trkpt lat="30.75046445243060588836669921875" lon="108.4461399726569652557373046875">
        <ele>442.20001220703125</ele>
        <time>2026-07-24T14:07:13.000Z</time>
        <extensions>
          <ns3:TrackPointExtension>
            <ns3:hr>162</ns3:hr>
            <ns3:cad>93</ns3:cad>
          </ns3:TrackPointExtension>
        </extensions>
      </trkpt>
      <trkpt lat="30.75046160258352756500244140625" lon="108.44616034068167209625244140625">
        <ele>442.399993896484375</ele>
        <time>2026-07-24T14:07:14.000Z</time>
        <extensions>
          <ns3:TrackPointExtension>
            <ns3:hr>163</ns3:hr>
            <ns3:cad>93</ns3:cad>
          </ns3:TrackPointExtension>
        </extensions>
      </trkpt>
      <trkpt lat="30.75046889483928680419921875" lon="108.4461838938295841217041015625">
        <ele>442.600006103515625</ele>
        <time>2026-07-24T14:07:15.000Z</time>
        <extensions>
          <ns3:TrackPointExtension>
            <ns3:hr>163</ns3:hr>
            <ns3:cad>93</ns3:cad>
          </ns3:TrackPointExtension>
        </extensions>
      </trkpt>
      <trkpt lat="30.7504744268953800201416015625" lon="108.4462003223598003387451171875">
        <ele>442.79998779296875</ele>
        <time>2026-07-24T14:07:16.000Z</time>
        <extensions>
          <ns3:TrackPointExtension>
            <ns3:hr>163</ns3:hr>
            <ns3:cad>92</ns3:cad>
          </ns3:TrackPointExtension>
        </extensions>
      </trkpt>
      <trkpt lat="30.7504854910075664520263671875" lon="108.4462241269648075103759765625">
        <ele>443</ele>
        <time>2026-07-24T14:07:17.000Z</time>
        <extensions>
          <ns3:TrackPointExtension>
            <ns3:hr>163</ns3:hr>
            <ns3:cad>92</ns3:cad>
          </ns3:TrackPointExtension>
        </extensions>
      </trkpt>
      <trkpt lat="30.75049295090138912200927734375" lon="108.44623644836246967315673828125">
        <ele>443</ele>
        <time>2026-07-24T14:07:18.000Z</time>
        <extensions>
          <ns3:TrackPointExtension>
            <ns3:hr>163</ns3:hr>
            <ns3:cad>92</ns3:cad>
          </ns3:TrackPointExtension>
        </extensions>
      </trkpt>
      <trkpt lat="30.75050217099487781524658203125" lon="108.4462610073387622833251953125">
        <ele>443.20001220703125</ele>
        <time>2026-07-24T14:07:19.000Z</time>
        <extensions>
          <ns3:TrackPointExtension>
            <ns3:hr>164</ns3:hr>
            <ns3:cad>92</ns3:cad>
          </ns3:TrackPointExtension>
        </extensions>
      </trkpt>
      <trkpt lat="30.7505146600306034088134765625" lon="108.446275927126407623291015625">
        <ele>443.399993896484375</ele>
        <time>2026-07-24T14:07:20.000Z</time>
        <extensions>
          <ns3:TrackPointExtension>
            <ns3:hr>164</ns3:hr>
            <ns3:cad>92</ns3:cad>
          </ns3:TrackPointExtension>
        </extensions>
      </trkpt>
      <trkpt lat="30.75052111409604549407958984375" lon="108.44630233012139797210693359375">
        <ele>443.399993896484375</ele>
        <time>2026-07-24T14:07:21.000Z</time>
        <extensions>
          <ns3:TrackPointExtension>
            <ns3:hr>164</ns3:hr>
            <ns3:cad>92</ns3:cad>
          </ns3:TrackPointExtension>
        </extensions>
      </trkpt>
      <trkpt lat="30.75053083710372447967529296875" lon="108.44631909392774105072021484375">
        <ele>443.600006103515625</ele>
        <time>2026-07-24T14:07:22.000Z</time>
        <extensions>
          <ns3:TrackPointExtension>
            <ns3:hr>164</ns3:hr>
            <ns3:cad>91</ns3:cad>
          </ns3:TrackPointExtension>
        </extensions>
      </trkpt>
      <trkpt lat="30.750534273684024810791015625" lon="108.446342311799526214599609375">
        <ele>443.600006103515625</ele>
        <time>2026-07-24T14:07:23.000Z</time>
        <extensions>
          <ns3:TrackPointExtension>
            <ns3:hr>164</ns3:hr>
            <ns3:cad>91</ns3:cad>
          </ns3:TrackPointExtension>
        </extensions>
      </trkpt>
      <trkpt lat="30.7505441643297672271728515625" lon="108.44636016525328159332275390625">
        <ele>443.79998779296875</ele>
        <time>2026-07-24T14:07:24.000Z</time>
        <extensions>
          <ns3:TrackPointExtension>
            <ns3:hr>164</ns3:hr>
            <ns3:cad>92</ns3:cad>
          </ns3:TrackPointExtension>
        </extensions>
      </trkpt>
      <trkpt lat="30.75054877437651157379150390625" lon="108.4463843889534473419189453125">
        <ele>443.79998779296875</ele>
        <time>2026-07-24T14:07:25.000Z</time>
        <extensions>
          <ns3:TrackPointExtension>
            <ns3:hr>165</ns3:hr>
            <ns3:cad>93</ns3:cad>
          </ns3:TrackPointExtension>
        </extensions>
      </trkpt>
      <trkpt lat="30.75056101195514202117919921875" lon="108.44640475697815418243408203125">
        <ele>444</ele>
        <time>2026-07-24T14:07:26.000Z</time>
        <extensions>
          <ns3:TrackPointExtension>
            <ns3:hr>165</ns3:hr>
            <ns3:cad>93</ns3:cad>
          </ns3:TrackPointExtension>
        </extensions>
      </trkpt>
      <trkpt lat="30.75056570582091808319091796875" lon="108.4464232809841632843017578125">
        <ele>444</ele>
        <time>2026-07-24T14:07:27.000Z</time>
        <extensions>
          <ns3:TrackPointExtension>
            <ns3:hr>165</ns3:hr>
            <ns3:cad>93</ns3:cad>
          </ns3:TrackPointExtension>
        </extensions>
      </trkpt>
      <trkpt lat="30.75057559646666049957275390625" lon="108.44644633121788501739501953125">
        <ele>444.20001220703125</ele>
        <time>2026-07-24T14:07:28.000Z</time>
        <extensions>
          <ns3:TrackPointExtension>
            <ns3:hr>166</ns3:hr>
            <ns3:cad>93</ns3:cad>
          </ns3:TrackPointExtension>
        </extensions>
      </trkpt>
      <trkpt lat="30.7505810447037220001220703125" lon="108.44645940698683261871337890625">
        <ele>444.20001220703125</ele>
        <time>2026-07-24T14:07:29.000Z</time>
        <extensions>
          <ns3:TrackPointExtension>
            <ns3:hr>166</ns3:hr>
            <ns3:cad>91</ns3:cad>
          </ns3:TrackPointExtension>
        </extensions>
      </trkpt>
      <trkpt lat="30.7505884207785129547119140625" lon="108.44648455269634723663330078125">
        <ele>444.20001220703125</ele>
        <time>2026-07-24T14:07:30.000Z</time>
        <extensions>
          <ns3:TrackPointExtension>
            <ns3:hr>165</ns3:hr>
            <ns3:cad>91</ns3:cad>
          </ns3:TrackPointExtension>
        </extensions>
      </trkpt>
      <trkpt lat="30.75059856288135051727294921875" lon="108.446501903235912322998046875">
        <ele>444.399993896484375</ele>
        <time>2026-07-24T14:07:31.000Z</time>
        <extensions>
          <ns3:TrackPointExtension>
            <ns3:hr>165</ns3:hr>
            <ns3:cad>91</ns3:cad>
          </ns3:TrackPointExtension>
        </extensions>
      </trkpt>
      <trkpt lat="30.75060434639453887939453125" lon="108.446530066430568695068359375">
        <ele>444.600006103515625</ele>
        <time>2026-07-24T14:07:32.000Z</time>
        <extensions>
          <ns3:TrackPointExtension>
            <ns3:hr>165</ns3:hr>
            <ns3:cad>92</ns3:cad>
          </ns3:TrackPointExtension>
        </extensions>
      </trkpt>
      <trkpt lat="30.75061448849737644195556640625" lon="108.44654691405594348907470703125">
        <ele>444.600006103515625</ele>
        <time>2026-07-24T14:07:33.000Z</time>
        <extensions>
          <ns3:TrackPointExtension>
            <ns3:hr>166</ns3:hr>
            <ns3:cad>92</ns3:cad>
          </ns3:TrackPointExtension>
        </extensions>
      </trkpt>
      <trkpt lat="30.7506182603538036346435546875" lon="108.446573317050933837890625">
        <ele>444.79998779296875</ele>
        <time>2026-07-24T14:07:34.000Z</time>
        <extensions>
          <ns3:TrackPointExtension>
            <ns3:hr>165</ns3:hr>
            <ns3:cad>94</ns3:cad>
          </ns3:TrackPointExtension>
        </extensions>
      </trkpt>
      <trkpt lat="30.75062320567667484283447265625" lon="108.4465922601521015167236328125">
        <ele>444.79998779296875</ele>
        <time>2026-07-24T14:07:35.000Z</time>
        <extensions>
          <ns3:TrackPointExtension>
            <ns3:hr>165</ns3:hr>
            <ns3:cad>94</ns3:cad>
          </ns3:TrackPointExtension>
        </extensions>
      </trkpt>
      <trkpt lat="30.75062312185764312744140625" lon="108.4466157294809818267822265625">
        <ele>444.79998779296875</ele>
        <time>2026-07-24T14:07:36.000Z</time>
        <extensions>
          <ns3:TrackPointExtension>
            <ns3:hr>165</ns3:hr>
            <ns3:cad>94</ns3:cad>
          </ns3:TrackPointExtension>
        </extensions>
      </trkpt>
      <trkpt lat="30.7506266422569751739501953125" lon="108.44664028845727443695068359375">
        <ele>444.79998779296875</ele>
        <time>2026-07-24T14:07:37.000Z</time>
        <extensions>
          <ns3:TrackPointExtension>
            <ns3:hr>165</ns3:hr>
            <ns3:cad>93</ns3:cad>
          </ns3:TrackPointExtension>
        </extensions>
      </trkpt>
      <trkpt lat="30.75062312185764312744140625" lon="108.44666258431971073150634765625">
        <ele>445</ele>
        <time>2026-07-24T14:07:38.000Z</time>
        <extensions>
          <ns3:TrackPointExtension>
            <ns3:hr>165</ns3:hr>
            <ns3:cad>93</ns3:cad>
          </ns3:TrackPointExtension>
        </extensions>
      </trkpt>
      <trkpt lat="30.7506279833614826202392578125" lon="108.44668588601052761077880859375">
        <ele>445.20001220703125</ele>
        <time>2026-07-24T14:07:39.000Z</time>
        <extensions>
          <ns3:TrackPointExtension>
            <ns3:hr>166</ns3:hr>
            <ns3:cad>93</ns3:cad>
          </ns3:TrackPointExtension>
        </extensions>
      </trkpt>
      <trkpt lat="30.75062940828502178192138671875" lon="108.44670734368264675140380859375">
        <ele>445.20001220703125</ele>
        <time>2026-07-24T14:07:40.000Z</time>
        <extensions>
          <ns3:TrackPointExtension>
            <ns3:hr>165</ns3:hr>
            <ns3:cad>93</ns3:cad>
          </ns3:TrackPointExtension>
        </extensions>
      </trkpt>
      <trkpt lat="30.75063996948301792144775390625" lon="108.446724526584148406982421875">
        <ele>445.20001220703125</ele>
        <time>2026-07-24T14:07:41.000Z</time>
        <extensions>
          <ns3:TrackPointExtension>
            <ns3:hr>165</ns3:hr>
            <ns3:cad>93</ns3:cad>
          </ns3:TrackPointExtension>
        </extensions>
      </trkpt>
      <trkpt lat="30.75064298696815967559814453125" lon="108.44674388878047466278076171875">
        <ele>445.399993896484375</ele>
        <time>2026-07-24T14:07:42.000Z</time>
        <extensions>
          <ns3:TrackPointExtension>
            <ns3:hr>165</ns3:hr>
            <ns3:cad>93</ns3:cad>
          </ns3:TrackPointExtension>
        </extensions>
      </trkpt>
      <trkpt lat="30.75065270997583866119384765625" lon="108.44676752574741840362548828125">
        <ele>445.399993896484375</ele>
        <time>2026-07-24T14:07:43.000Z</time>
        <extensions>
          <ns3:TrackPointExtension>
            <ns3:hr>166</ns3:hr>
            <ns3:cad>92</ns3:cad>
          </ns3:TrackPointExtension>
        </extensions>
      </trkpt>
      <trkpt lat="30.75065824203193187713623046875" lon="108.44678512774407863616943359375">
        <ele>445.399993896484375</ele>
        <time>2026-07-24T14:07:44.000Z</time>
        <extensions>
          <ns3:TrackPointExtension>
            <ns3:hr>165</ns3:hr>
            <ns3:cad>92</ns3:cad>
          </ns3:TrackPointExtension>
        </extensions>
      </trkpt>
      <trkpt lat="30.75066612102091312408447265625" lon="108.4468095190823078155517578125">
        <ele>445.399993896484375</ele>
        <time>2026-07-24T14:07:45.000Z</time>
        <extensions>
          <ns3:TrackPointExtension>
            <ns3:hr>165</ns3:hr>
            <ns3:cad>92</ns3:cad>
          </ns3:TrackPointExtension>
        </extensions>
      </trkpt>
      <trkpt lat="30.7506705634295940399169921875" lon="108.44682452268898487091064453125">
        <ele>445.600006103515625</ele>
        <time>2026-07-24T14:07:46.000Z</time>
        <extensions>
          <ns3:TrackPointExtension>
            <ns3:hr>166</ns3:hr>
            <ns3:cad>92</ns3:cad>
          </ns3:TrackPointExtension>
        </extensions>
      </trkpt>
      <trkpt lat="30.7506782747805118560791015625" lon="108.4468510933220386505126953125">
        <ele>445.600006103515625</ele>
        <time>2026-07-24T14:07:47.000Z</time>
        <extensions>
          <ns3:TrackPointExtension>
            <ns3:hr>165</ns3:hr>
            <ns3:cad>92</ns3:cad>
          </ns3:TrackPointExtension>
        </extensions>
      </trkpt>
      <trkpt lat="30.75068372301757335662841796875" lon="108.44686827622354030609130859375">
        <ele>445.600006103515625</ele>
        <time>2026-07-24T14:07:48.000Z</time>
        <extensions>
          <ns3:TrackPointExtension>
            <ns3:hr>165</ns3:hr>
            <ns3:cad>92</ns3:cad>
          </ns3:TrackPointExtension>
        </extensions>
      </trkpt>
      <trkpt lat="30.750687830150127410888671875" lon="108.44689476303756237030029296875">
        <ele>445.600006103515625</ele>
        <time>2026-07-24T14:07:49.000Z</time>
        <extensions>
          <ns3:TrackPointExtension>
            <ns3:hr>165</ns3:hr>
            <ns3:cad>93</ns3:cad>
          </ns3:TrackPointExtension>
        </extensions>
      </trkpt>
      <trkpt lat="30.75069487094879150390625" lon="108.446911610662937164306640625">
        <ele>445.600006103515625</ele>
        <time>2026-07-24T14:07:50.000Z</time>
        <extensions>
          <ns3:TrackPointExtension>
            <ns3:hr>165</ns3:hr>
            <ns3:cad>93</ns3:cad>
          </ns3:TrackPointExtension>
        </extensions>
      </trkpt>
      <trkpt lat="30.75069420039653778076171875" lon="108.44693876802921295166015625">
        <ele>445.600006103515625</ele>
        <time>2026-07-24T14:07:51.000Z</time>
        <extensions>
          <ns3:TrackPointExtension>
            <ns3:hr>166</ns3:hr>
            <ns3:cad>93</ns3:cad>
          </ns3:TrackPointExtension>
        </extensions>
      </trkpt>
      <trkpt lat="30.7507007382810115814208984375" lon="108.44695578329265117645263671875">
        <ele>445.79998779296875</ele>
        <time>2026-07-24T14:07:52.000Z</time>
        <extensions>
          <ns3:TrackPointExtension>
            <ns3:hr>165</ns3:hr>
            <ns3:cad>93</ns3:cad>
          </ns3:TrackPointExtension>
        </extensions>
      </trkpt>
      <trkpt lat="30.75070031918585300445556640625" lon="108.4469805099070072174072265625">
        <ele>445.79998779296875</ele>
        <time>2026-07-24T14:07:53.000Z</time>
        <extensions>
          <ns3:TrackPointExtension>
            <ns3:hr>164</ns3:hr>
            <ns3:cad>93</ns3:cad>
          </ns3:TrackPointExtension>
        </extensions>
      </trkpt>
      <trkpt lat="30.75070417486131191253662109375" lon="108.44700087793171405792236328125">
        <ele>445.79998779296875</ele>
        <time>2026-07-24T14:07:54.000Z</time>
        <extensions>
          <ns3:TrackPointExtension>
            <ns3:hr>164</ns3:hr>
            <ns3:cad>93</ns3:cad>
          </ns3:TrackPointExtension>
        </extensions>
      </trkpt>
      <trkpt lat="30.75070098973810672760009765625" lon="108.4470251016318798065185546875">
        <ele>445.79998779296875</ele>
        <time>2026-07-24T14:07:55.000Z</time>
        <extensions>
          <ns3:TrackPointExtension>
            <ns3:hr>164</ns3:hr>
            <ns3:cad>93</ns3:cad>
          </ns3:TrackPointExtension>
        </extensions>
      </trkpt>
      <trkpt lat="30.75070501305162906646728515625" lon="108.44704614020884037017822265625">
        <ele>445.79998779296875</ele>
        <time>2026-07-24T14:07:56.000Z</time>
        <extensions>
          <ns3:TrackPointExtension>
            <ns3:hr>164</ns3:hr>
            <ns3:cad>93</ns3:cad>
          </ns3:TrackPointExtension>
        </extensions>
      </trkpt>
      <trkpt lat="30.75070484541356563568115234375" lon="108.4470710344612598419189453125">
        <ele>446</ele>
        <time>2026-07-24T14:07:57.000Z</time>
        <extensions>
          <ns3:TrackPointExtension>
            <ns3:hr>164</ns3:hr>
            <ns3:cad>93</ns3:cad>
          </ns3:TrackPointExtension>
        </extensions>
      </trkpt>
      <trkpt lat="30.7507057674229145050048828125" lon="108.44709743745625019073486328125">
        <ele>446</ele>
        <time>2026-07-24T14:07:58.000Z</time>
        <extensions>
          <ns3:TrackPointExtension>
            <ns3:hr>163</ns3:hr>
            <ns3:cad>93</ns3:cad>
          </ns3:TrackPointExtension>
        </extensions>
      </trkpt>
      <trkpt lat="30.75070627033710479736328125" lon="108.44711621291935443878173828125">
        <ele>446</ele>
        <time>2026-07-24T14:07:59.000Z</time>
        <extensions>
          <ns3:TrackPointExtension>
            <ns3:hr>163</ns3:hr>
            <ns3:cad>93</ns3:cad>
          </ns3:TrackPointExtension>
        </extensions>
      </trkpt>
      <trkpt lat="30.75070559978485107421875" lon="108.4471486508846282958984375">
        <ele>446</ele>
        <time>2026-07-24T14:08:00.000Z</time>
        <extensions>
          <ns3:TrackPointExtension>
            <ns3:hr>162</ns3:hr>
            <ns3:cad>93</ns3:cad>
          </ns3:TrackPointExtension>
        </extensions>
      </trkpt>
      <trkpt lat="30.750702582299709320068359375" lon="108.44717253930866718292236328125">
        <ele>446</ele>
        <time>2026-07-24T14:08:01.000Z</time>
        <extensions>
          <ns3:TrackPointExtension>
            <ns3:hr>162</ns3:hr>
            <ns3:cad>93</ns3:cad>
          </ns3:TrackPointExtension>
        </extensions>
      </trkpt>
      <trkpt lat="30.75069964863359928131103515625" lon="108.44720170833170413970947265625">
        <ele>446.20001220703125</ele>
        <time>2026-07-24T14:08:02.000Z</time>
        <extensions>
          <ns3:TrackPointExtension>
            <ns3:hr>162</ns3:hr>
            <ns3:cad>93</ns3:cad>
          </ns3:TrackPointExtension>
        </extensions>
      </trkpt>
      <trkpt lat="30.75070182792842388153076171875" lon="108.4472237527370452880859375">
        <ele>446.20001220703125</ele>
        <time>2026-07-24T14:08:03.000Z</time>
        <extensions>
          <ns3:TrackPointExtension>
            <ns3:hr>161</ns3:hr>
            <ns3:cad>93</ns3:cad>
          </ns3:TrackPointExtension>
        </extensions>
      </trkpt>
      <trkpt lat="30.7507007382810115814208984375" lon="108.4472540952265262603759765625">
        <ele>446.20001220703125</ele>
        <time>2026-07-24T14:08:04.000Z</time>
        <extensions>
          <ns3:TrackPointExtension>
            <ns3:hr>161</ns3:hr>
            <ns3:cad>93</ns3:cad>
          </ns3:TrackPointExtension>
        </extensions>
      </trkpt>
      <trkpt lat="30.75070367194712162017822265625" lon="108.4472738765180110931396484375">
        <ele>446.20001220703125</ele>
        <time>2026-07-24T14:08:05.000Z</time>
        <extensions>
          <ns3:TrackPointExtension>
            <ns3:hr>161</ns3:hr>
            <ns3:cad>93</ns3:cad>
          </ns3:TrackPointExtension>
        </extensions>
      </trkpt>
      <trkpt lat="30.75070015154778957366943359375" lon="108.4472996927797794342041015625">
        <ele>446.20001220703125</ele>
        <time>2026-07-24T14:08:06.000Z</time>
        <extensions>
          <ns3:TrackPointExtension>
            <ns3:hr>161</ns3:hr>
            <ns3:cad>93</ns3:cad>
          </ns3:TrackPointExtension>
        </extensions>
      </trkpt>
      <trkpt lat="30.75070224702358245849609375" lon="108.447317294776439666748046875">
        <ele>446.20001220703125</ele>
        <time>2026-07-24T14:08:07.000Z</time>
        <extensions>
          <ns3:TrackPointExtension>
            <ns3:hr>162</ns3:hr>
            <ns3:cad>93</ns3:cad>
          </ns3:TrackPointExtension>
        </extensions>
      </trkpt>
      <trkpt lat="30.75069847516715526580810546875" lon="108.44734403304755687713623046875">
        <ele>446.20001220703125</ele>
        <time>2026-07-24T14:08:08.000Z</time>
        <extensions>
          <ns3:TrackPointExtension>
            <ns3:hr>162</ns3:hr>
            <ns3:cad>93</ns3:cad>
          </ns3:TrackPointExtension>
        </extensions>
      </trkpt>
      <trkpt lat="30.7507010735571384429931640625" lon="108.4473632276058197021484375">
        <ele>446.20001220703125</ele>
        <time>2026-07-24T14:08:09.000Z</time>
        <extensions>
          <ns3:TrackPointExtension>
            <ns3:hr>163</ns3:hr>
            <ns3:cad>92</ns3:cad>
          </ns3:TrackPointExtension>
        </extensions>
      </trkpt>
      <trkpt lat="30.75069897808134555816650390625" lon="108.44738745130598545074462890625">
        <ele>446.20001220703125</ele>
        <time>2026-07-24T14:08:10.000Z</time>
        <extensions>
          <ns3:TrackPointExtension>
            <ns3:hr>163</ns3:hr>
            <ns3:cad>92</ns3:cad>
          </ns3:TrackPointExtension>
        </extensions>
      </trkpt>
      <trkpt lat="30.7506993971765041351318359375" lon="108.4474079869687557220458984375">
        <ele>446.20001220703125</ele>
        <time>2026-07-24T14:08:11.000Z</time>
        <extensions>
          <ns3:TrackPointExtension>
            <ns3:hr>163</ns3:hr>
            <ns3:cad>92</ns3:cad>
          </ns3:TrackPointExtension>
        </extensions>
      </trkpt>
      <trkpt lat="30.75069294311106204986572265625" lon="108.4474289417266845703125">
        <ele>446.399993896484375</ele>
        <time>2026-07-24T14:08:12.000Z</time>
        <extensions>
          <ns3:TrackPointExtension>
            <ns3:hr>164</ns3:hr>
            <ns3:cad>93</ns3:cad>
          </ns3:TrackPointExtension>
        </extensions>
      </trkpt>
      <trkpt lat="30.75069059617817401885986328125" lon="108.44745132140815258026123046875">
        <ele>446.399993896484375</ele>
        <time>2026-07-24T14:08:13.000Z</time>
        <extensions>
          <ns3:TrackPointExtension>
            <ns3:hr>164</ns3:hr>
            <ns3:cad>93</ns3:cad>
          </ns3:TrackPointExtension>
        </extensions>
      </trkpt>
      <trkpt lat="30.7506836391985416412353515625" lon="108.4474723599851131439208984375">
        <ele>446.600006103515625</ele>
        <time>2026-07-24T14:08:14.000Z</time>
        <extensions>
          <ns3:TrackPointExtension>
            <ns3:hr>164</ns3:hr>
            <ns3:cad>93</ns3:cad>
          </ns3:TrackPointExtension>
        </extensions>
      </trkpt>
      <trkpt lat="30.7506828010082244873046875" lon="108.44749775715172290802001953125">
        <ele>446.600006103515625</ele>
        <time>2026-07-24T14:08:15.000Z</time>
        <extensions>
          <ns3:TrackPointExtension>
            <ns3:hr>164</ns3:hr>
            <ns3:cad>93</ns3:cad>
          </ns3:TrackPointExtension>
        </extensions>
      </trkpt>
      <trkpt lat="30.7506786100566387176513671875" lon="108.44752013683319091796875">
        <ele>446.600006103515625</ele>
        <time>2026-07-24T14:08:16.000Z</time>
        <extensions>
          <ns3:TrackPointExtension>
            <ns3:hr>164</ns3:hr>
            <ns3:cad>93</ns3:cad>
          </ns3:TrackPointExtension>
        </extensions>
      </trkpt>
      <trkpt lat="30.75067500583827495574951171875" lon="108.44754159450531005859375">
        <ele>446.600006103515625</ele>
        <time>2026-07-24T14:08:17.000Z</time>
        <extensions>
          <ns3:TrackPointExtension>
            <ns3:hr>164</ns3:hr>
            <ns3:cad>93</ns3:cad>
          </ns3:TrackPointExtension>
        </extensions>
      </trkpt>
      <trkpt lat="30.75066871941089630126953125" lon="108.44755659811198711395263671875">
        <ele>446.600006103515625</ele>
        <time>2026-07-24T14:08:18.000Z</time>
        <extensions>
          <ns3:TrackPointExtension>
            <ns3:hr>165</ns3:hr>
            <ns3:cad>93</ns3:cad>
          </ns3:TrackPointExtension>
        </extensions>
      </trkpt>
      <trkpt lat="30.75066268444061279296875" lon="108.447580821812152862548828125">
        <ele>446.600006103515625</ele>
        <time>2026-07-24T14:08:19.000Z</time>
        <extensions>
          <ns3:TrackPointExtension>
            <ns3:hr>164</ns3:hr>
            <ns3:cad>92</ns3:cad>
          </ns3:TrackPointExtension>
        </extensions>
      </trkpt>
      <trkpt lat="30.75065396726131439208984375" lon="108.44759716652333736419677734375">
        <ele>446.600006103515625</ele>
        <time>2026-07-24T14:08:20.000Z</time>
        <extensions>
          <ns3:TrackPointExtension>
            <ns3:hr>164</ns3:hr>
            <ns3:cad>91</ns3:cad>
          </ns3:TrackPointExtension>
        </extensions>
      </trkpt>
      <trkpt lat="30.7506474293768405914306640625" lon="108.4476208873093128204345703125">
        <ele>446.79998779296875</ele>
        <time>2026-07-24T14:08:21.000Z</time>
        <extensions>
          <ns3:TrackPointExtension>
            <ns3:hr>165</ns3:hr>
            <ns3:cad>91</ns3:cad>
          </ns3:TrackPointExtension>
        </extensions>
      </trkpt>
      <trkpt lat="30.7506434060633182525634765625" lon="108.44764142297208309173583984375">
        <ele>446.79998779296875</ele>
        <time>2026-07-24T14:08:22.000Z</time>
        <extensions>
          <ns3:TrackPointExtension>
            <ns3:hr>164</ns3:hr>
            <ns3:cad>91</ns3:cad>
          </ns3:TrackPointExtension>
        </extensions>
      </trkpt>
      <trkpt lat="30.7506320066750049591064453125" lon="108.44766296446323394775390625">
        <ele>446.79998779296875</ele>
        <time>2026-07-24T14:08:23.000Z</time>
        <extensions>
          <ns3:TrackPointExtension>
            <ns3:hr>164</ns3:hr>
            <ns3:cad>92</ns3:cad>
          </ns3:TrackPointExtension>
        </extensions>
      </trkpt>
      <trkpt lat="30.75063041411340236663818359375" lon="108.447681404650211334228515625">
        <ele>446.79998779296875</ele>
        <time>2026-07-24T14:08:24.000Z</time>
        <extensions>
          <ns3:TrackPointExtension>
            <ns3:hr>164</ns3:hr>
            <ns3:cad>93</ns3:cad>
          </ns3:TrackPointExtension>
        </extensions>
      </trkpt>
      <trkpt lat="30.7506273128092288970947265625" lon="108.447704873979091644287109375">
        <ele>446.79998779296875</ele>
        <time>2026-07-24T14:08:25.000Z</time>
        <extensions>
          <ns3:TrackPointExtension>
            <ns3:hr>164</ns3:hr>
            <ns3:cad>93</ns3:cad>
          </ns3:TrackPointExtension>
        </extensions>
      </trkpt>
      <trkpt lat="30.7506259717047214508056640625" lon="108.44772591255605220794677734375">
        <ele>446.79998779296875</ele>
        <time>2026-07-24T14:08:26.000Z</time>
        <extensions>
          <ns3:TrackPointExtension>
            <ns3:hr>164</ns3:hr>
            <ns3:cad>93</ns3:cad>
          </ns3:TrackPointExtension>
        </extensions>
      </trkpt>
      <trkpt lat="30.7506157457828521728515625" lon="108.44774954952299594879150390625">
        <ele>447</ele>
        <time>2026-07-24T14:08:27.000Z</time>
        <extensions>
          <ns3:TrackPointExtension>
            <ns3:hr>164</ns3:hr>
            <ns3:cad>92</ns3:cad>
          </ns3:TrackPointExtension>
        </extensions>
      </trkpt>
      <trkpt lat="30.75060904026031494140625" lon="108.4477709233760833740234375">
        <ele>447.20001220703125</ele>
        <time>2026-07-24T14:08:28.000Z</time>
        <extensions>
          <ns3:TrackPointExtension>
            <ns3:hr>163</ns3:hr>
            <ns3:cad>92</ns3:cad>
          </ns3:TrackPointExtension>
        </extensions>
      </trkpt>
      <trkpt lat="30.7505947910249233245849609375" lon="108.44778575934469699859619140625">
        <ele>447.20001220703125</ele>
        <time>2026-07-24T14:08:29.000Z</time>
        <extensions>
          <ns3:TrackPointExtension>
            <ns3:hr>162</ns3:hr>
            <ns3:cad>92</ns3:cad>
          </ns3:TrackPointExtension>
        </extensions>
      </trkpt>
      <trkpt lat="30.75058196671307086944580078125" lon="108.447802104055881500244140625">
        <ele>447.399993896484375</ele>
        <time>2026-07-24T14:08:30.000Z</time>
        <extensions>
          <ns3:TrackPointExtension>
            <ns3:hr>162</ns3:hr>
            <ns3:cad>92</ns3:cad>
          </ns3:TrackPointExtension>
        </extensions>
      </trkpt>
      <trkpt lat="30.75056453235447406768798828125" lon="108.447810821235179901123046875">
        <ele>447.399993896484375</ele>
        <time>2026-07-24T14:08:31.000Z</time>
        <extensions>
          <ns3:TrackPointExtension>
            <ns3:hr>161</ns3:hr>
            <ns3:cad>92</ns3:cad>
          </ns3:TrackPointExtension>
        </extensions>
      </trkpt>
      <trkpt lat="30.7505468465387821197509765625" lon="108.447822891175746917724609375">
        <ele>447.399993896484375</ele>
        <time>2026-07-24T14:08:32.000Z</time>
        <extensions>
          <ns3:TrackPointExtension>
            <ns3:hr>160</ns3:hr>
            <ns3:cad>92</ns3:cad>
          </ns3:TrackPointExtension>
        </extensions>
      </trkpt>
      <trkpt lat="30.75052614323794841766357421875" lon="108.44782800413668155670166015625">
        <ele>447.399993896484375</ele>
        <time>2026-07-24T14:08:33.000Z</time>
        <extensions>
          <ns3:TrackPointExtension>
            <ns3:hr>160</ns3:hr>
            <ns3:cad>92</ns3:cad>
          </ns3:TrackPointExtension>
        </extensions>
      </trkpt>
      <trkpt lat="30.75050887651741504669189453125" lon="108.4478404931724071502685546875">
        <ele>447.399993896484375</ele>
        <time>2026-07-24T14:08:34.000Z</time>
        <extensions>
          <ns3:TrackPointExtension>
            <ns3:hr>159</ns3:hr>
            <ns3:cad>92</ns3:cad>
          </ns3:TrackPointExtension>
        </extensions>
      </trkpt>
      <trkpt lat="30.7504918612539768218994140625" lon="108.4478488750755786895751953125">
        <ele>447.399993896484375</ele>
        <time>2026-07-24T14:08:35.000Z</time>
        <extensions>
          <ns3:TrackPointExtension>
            <ns3:hr>158</ns3:hr>
            <ns3:cad>92</ns3:cad>
          </ns3:TrackPointExtension>
        </extensions>
      </trkpt>
      <trkpt lat="30.7504710741341114044189453125" lon="108.44785901717841625213623046875">
        <ele>447.399993896484375</ele>
        <time>2026-07-24T14:08:36.000Z</time>
        <extensions>
          <ns3:TrackPointExtension>
            <ns3:hr>158</ns3:hr>
            <ns3:cad>93</ns3:cad>
          </ns3:TrackPointExtension>
        </extensions>
      </trkpt>
      <trkpt lat="30.75045422650873661041259765625" lon="108.4478636272251605987548828125">
        <ele>447.399993896484375</ele>
        <time>2026-07-24T14:08:37.000Z</time>
        <extensions>
          <ns3:TrackPointExtension>
            <ns3:hr>158</ns3:hr>
            <ns3:cad>93</ns3:cad>
          </ns3:TrackPointExtension>
        </extensions>
      </trkpt>
      <trkpt lat="30.75043109245598316192626953125" lon="108.44787611626088619232177734375">
        <ele>447.399993896484375</ele>
        <time>2026-07-24T14:08:38.000Z</time>
        <extensions>
          <ns3:TrackPointExtension>
            <ns3:hr>158</ns3:hr>
            <ns3:cad>93</ns3:cad>
          </ns3:TrackPointExtension>
        </extensions>
      </trkpt>
      <trkpt lat="30.7504130713641643524169921875" lon="108.44788148067891597747802734375">
        <ele>447.600006103515625</ele>
        <time>2026-07-24T14:08:39.000Z</time>
        <extensions>
          <ns3:TrackPointExtension>
            <ns3:hr>158</ns3:hr>
            <ns3:cad>93</ns3:cad>
          </ns3:TrackPointExtension>
        </extensions>
      </trkpt>
      <trkpt lat="30.7503922842442989349365234375" lon="108.447884581983089447021484375">
        <ele>447.79998779296875</ele>
        <time>2026-07-24T14:08:40.000Z</time>
        <extensions>
          <ns3:TrackPointExtension>
            <ns3:hr>158</ns3:hr>
            <ns3:cad>93</ns3:cad>
          </ns3:TrackPointExtension>
        </extensions>
      </trkpt>
      <trkpt lat="30.75037560425698757171630859375" lon="108.44788919202983379364013671875">
        <ele>447.79998779296875</ele>
        <time>2026-07-24T14:08:41.000Z</time>
        <extensions>
          <ns3:TrackPointExtension>
            <ns3:hr>158</ns3:hr>
            <ns3:cad>93</ns3:cad>
          </ns3:TrackPointExtension>
        </extensions>
      </trkpt>
      <trkpt lat="30.75035431422293186187744140625" lon="108.44788852147758007049560546875">
        <ele>447.79998779296875</ele>
        <time>2026-07-24T14:08:42.000Z</time>
        <extensions>
          <ns3:TrackPointExtension>
            <ns3:hr>159</ns3:hr>
            <ns3:cad>93</ns3:cad>
          </ns3:TrackPointExtension>
        </extensions>
      </trkpt>
      <trkpt lat="30.7503352873027324676513671875" lon="108.44789564609527587890625">
        <ele>448</ele>
        <time>2026-07-24T14:08:43.000Z</time>
        <extensions>
          <ns3:TrackPointExtension>
            <ns3:hr>158</ns3:hr>
            <ns3:cad>92</ns3:cad>
          </ns3:TrackPointExtension>
        </extensions>
      </trkpt>
      <trkpt lat="30.75031693093478679656982421875" lon="108.44790109433233737945556640625">
        <ele>448</ele>
        <time>2026-07-24T14:08:44.000Z</time>
        <extensions>
          <ns3:TrackPointExtension>
            <ns3:hr>158</ns3:hr>
            <ns3:cad>91</ns3:cad>
          </ns3:TrackPointExtension>
        </extensions>
      </trkpt>
      <trkpt lat="30.750298239290714263916015625" lon="108.4479062072932720184326171875">
        <ele>448</ele>
        <time>2026-07-24T14:08:45.000Z</time>
        <extensions>
          <ns3:TrackPointExtension>
            <ns3:hr>158</ns3:hr>
            <ns3:cad>91</ns3:cad>
          </ns3:TrackPointExtension>
        </extensions>
      </trkpt>
      <trkpt lat="30.750278122723102569580078125" lon="108.44790578819811344146728515625">
        <ele>448</ele>
        <time>2026-07-24T14:08:46.000Z</time>
        <extensions>
          <ns3:TrackPointExtension>
            <ns3:hr>159</ns3:hr>
            <ns3:cad>91</ns3:cad>
          </ns3:TrackPointExtension>
        </extensions>
      </trkpt>
      <trkpt lat="30.75025658123195171356201171875" lon="108.4479088895022869110107421875">
        <ele>448</ele>
        <time>2026-07-24T14:08:47.000Z</time>
        <extensions>
          <ns3:TrackPointExtension>
            <ns3:hr>159</ns3:hr>
            <ns3:cad>92</ns3:cad>
          </ns3:TrackPointExtension>
        </extensions>
      </trkpt>
      <trkpt lat="30.7502390630543231964111328125" lon="108.44790696166455745697021484375">
        <ele>448</ele>
        <time>2026-07-24T14:08:48.000Z</time>
        <extensions>
          <ns3:TrackPointExtension>
            <ns3:hr>159</ns3:hr>
            <ns3:cad>93</ns3:cad>
          </ns3:TrackPointExtension>
        </extensions>
      </trkpt>
      <trkpt lat="30.75021232478320598602294921875" lon="108.44790679402649402618408203125">
        <ele>448</ele>
        <time>2026-07-24T14:08:49.000Z</time>
        <extensions>
          <ns3:TrackPointExtension>
            <ns3:hr>159</ns3:hr>
            <ns3:cad>94</ns3:cad>
          </ns3:TrackPointExtension>
        </extensions>
      </trkpt>
      <trkpt lat="30.7501934655010700225830078125" lon="108.44790779985487461090087890625">
        <ele>448</ele>
        <time>2026-07-24T14:08:50.000Z</time>
        <extensions>
          <ns3:TrackPointExtension>
            <ns3:hr>159</ns3:hr>
            <ns3:cad>94</ns3:cad>
          </ns3:TrackPointExtension>
        </extensions>
      </trkpt>
      <trkpt lat="30.75017125345766544342041015625" lon="108.44790696166455745697021484375">
        <ele>448</ele>
        <time>2026-07-24T14:08:51.000Z</time>
        <extensions>
          <ns3:TrackPointExtension>
            <ns3:hr>159</ns3:hr>
            <ns3:cad>94</ns3:cad>
          </ns3:TrackPointExtension>
        </extensions>
      </trkpt>
      <trkpt lat="30.75015365146100521087646484375" lon="108.4479095600545406341552734375">
        <ele>448</ele>
        <time>2026-07-24T14:08:52.000Z</time>
        <extensions>
          <ns3:TrackPointExtension>
            <ns3:hr>158</ns3:hr>
            <ns3:cad>94</ns3:cad>
          </ns3:TrackPointExtension>
        </extensions>
      </trkpt>
      <trkpt lat="30.75013185851275920867919921875" lon="108.44790704548358917236328125">
        <ele>448</ele>
        <time>2026-07-24T14:08:53.000Z</time>
        <extensions>
          <ns3:TrackPointExtension>
            <ns3:hr>159</ns3:hr>
            <ns3:cad>93</ns3:cad>
          </ns3:TrackPointExtension>
        </extensions>
      </trkpt>
      <trkpt lat="30.7501119934022426605224609375" lon="108.44790595583617687225341796875">
        <ele>448</ele>
        <time>2026-07-24T14:08:54.000Z</time>
        <extensions>
          <ns3:TrackPointExtension>
            <ns3:hr>159</ns3:hr>
            <ns3:cad>93</ns3:cad>
          </ns3:TrackPointExtension>
        </extensions>
      </trkpt>
      <trkpt lat="30.75008793734014034271240234375" lon="108.44790478236973285675048828125">
        <ele>448</ele>
        <time>2026-07-24T14:08:55.000Z</time>
        <extensions>
          <ns3:TrackPointExtension>
            <ns3:hr>159</ns3:hr>
            <ns3:cad>93</ns3:cad>
          </ns3:TrackPointExtension>
        </extensions>
      </trkpt>
      <trkpt lat="30.75007368810474872589111328125" lon="108.44790570437908172607421875">
        <ele>448</ele>
        <time>2026-07-24T14:08:56.000Z</time>
        <extensions>
          <ns3:TrackPointExtension>
            <ns3:hr>159</ns3:hr>
            <ns3:cad>93</ns3:cad>
          </ns3:TrackPointExtension>
        </extensions>
      </trkpt>
      <trkpt lat="30.75005273334681987762451171875" lon="108.44789975322782993316650390625">
        <ele>448</ele>
        <time>2026-07-24T14:08:57.000Z</time>
        <extensions>
          <ns3:TrackPointExtension>
            <ns3:hr>159</ns3:hr>
            <ns3:cad>93</ns3:cad>
          </ns3:TrackPointExtension>
        </extensions>
      </trkpt>
      <trkpt lat="30.75003244914114475250244140625" lon="108.4478981606662273406982421875">
        <ele>448.20001220703125</ele>
        <time>2026-07-24T14:08:58.000Z</time>
        <extensions>
          <ns3:TrackPointExtension>
            <ns3:hr>159</ns3:hr>
            <ns3:cad>93</ns3:cad>
          </ns3:TrackPointExtension>
        </extensions>
      </trkpt>
      <trkpt lat="30.75001216493546962738037109375" lon="108.447890616953372955322265625">
        <ele>448.20001220703125</ele>
        <time>2026-07-24T14:08:59.000Z</time>
        <extensions>
          <ns3:TrackPointExtension>
            <ns3:hr>159</ns3:hr>
            <ns3:cad>93</ns3:cad>
          </ns3:TrackPointExtension>
        </extensions>
      </trkpt>
      <trkpt lat="30.74999288655817508697509765625" lon="108.44788969494402408599853515625">
        <ele>448</ele>
        <time>2026-07-24T14:09:00.000Z</time>
        <extensions>
          <ns3:TrackPointExtension>
            <ns3:hr>159</ns3:hr>
            <ns3:cad>93</ns3:cad>
          </ns3:TrackPointExtension>
        </extensions>
      </trkpt>
      <trkpt lat="30.74997427873313426971435546875" lon="108.44788491725921630859375">
        <ele>448</ele>
        <time>2026-07-24T14:09:01.000Z</time>
        <extensions>
          <ns3:TrackPointExtension>
            <ns3:hr>159</ns3:hr>
            <ns3:cad>91</ns3:cad>
          </ns3:TrackPointExtension>
        </extensions>
      </trkpt>
      <trkpt lat="30.749952234327793121337890625" lon="108.447882570326328277587890625">
        <ele>448</ele>
        <time>2026-07-24T14:09:02.000Z</time>
        <extensions>
          <ns3:TrackPointExtension>
            <ns3:hr>159</ns3:hr>
            <ns3:cad>91</ns3:cad>
          </ns3:TrackPointExtension>
        </extensions>
      </trkpt>
      <trkpt lat="30.74993438087403774261474609375" lon="108.44787913374602794647216796875">
        <ele>448</ele>
        <time>2026-07-24T14:09:03.000Z</time>
        <extensions>
          <ns3:TrackPointExtension>
            <ns3:hr>159</ns3:hr>
            <ns3:cad>93</ns3:cad>
          </ns3:TrackPointExtension>
        </extensions>
      </trkpt>
      <trkpt lat="30.7499128393828868865966796875" lon="108.447875194251537322998046875">
        <ele>448</ele>
        <time>2026-07-24T14:09:04.000Z</time>
        <extensions>
          <ns3:TrackPointExtension>
            <ns3:hr>159</ns3:hr>
            <ns3:cad>93</ns3:cad>
          </ns3:TrackPointExtension>
        </extensions>
      </trkpt>
      <trkpt lat="30.7498933933675289154052734375" lon="108.44787091948091983795166015625">
        <ele>448</ele>
        <time>2026-07-24T14:09:05.000Z</time>
        <extensions>
          <ns3:TrackPointExtension>
            <ns3:hr>159</ns3:hr>
            <ns3:cad>93</ns3:cad>
          </ns3:TrackPointExtension>
        </extensions>
      </trkpt>
      <trkpt lat="30.74986732564866542816162109375" lon="108.4478659741580486297607421875">
        <ele>448</ele>
        <time>2026-07-24T14:09:06.000Z</time>
        <extensions>
          <ns3:TrackPointExtension>
            <ns3:hr>159</ns3:hr>
            <ns3:cad>93</ns3:cad>
          </ns3:TrackPointExtension>
        </extensions>
      </trkpt>
      <trkpt lat="30.749848969280719757080078125" lon="108.44786169938743114471435546875">
        <ele>448</ele>
        <time>2026-07-24T14:09:07.000Z</time>
        <extensions>
          <ns3:TrackPointExtension>
            <ns3:hr>158</ns3:hr>
            <ns3:cad>93</ns3:cad>
          </ns3:TrackPointExtension>
        </extensions>
      </trkpt>
      <trkpt lat="30.7498243264853954315185546875" lon="108.44785214401781558990478515625">
        <ele>448</ele>
        <time>2026-07-24T14:09:08.000Z</time>
        <extensions>
          <ns3:TrackPointExtension>
            <ns3:hr>158</ns3:hr>
            <ns3:cad>92</ns3:cad>
          </ns3:TrackPointExtension>
        </extensions>
      </trkpt>
      <trkpt lat="30.74980773031711578369140625" lon="108.447844348847866058349609375">
        <ele>448</ele>
        <time>2026-07-24T14:09:09.000Z</time>
        <extensions>
          <ns3:TrackPointExtension>
            <ns3:hr>158</ns3:hr>
            <ns3:cad>92</ns3:cad>
          </ns3:TrackPointExtension>
        </extensions>
      </trkpt>
      <trkpt lat="30.74978551827371120452880859375" lon="108.4478321112692356109619140625">
        <ele>448</ele>
        <time>2026-07-24T14:09:10.000Z</time>
        <extensions>
          <ns3:TrackPointExtension>
            <ns3:hr>158</ns3:hr>
            <ns3:cad>92</ns3:cad>
          </ns3:TrackPointExtension>
        </extensions>
      </trkpt>
      <trkpt lat="30.74976959265768527984619140625" lon="108.44783353619277477264404296875">
        <ele>448</ele>
        <time>2026-07-24T14:09:11.000Z</time>
        <extensions>
          <ns3:TrackPointExtension>
            <ns3:hr>157</ns3:hr>
            <ns3:cad>92</ns3:cad>
          </ns3:TrackPointExtension>
        </extensions>
      </trkpt>
      <trkpt lat="30.7497467100620269775390625" lon="108.4478267468512058258056640625">
        <ele>448</ele>
        <time>2026-07-24T14:09:12.000Z</time>
        <extensions>
          <ns3:TrackPointExtension>
            <ns3:hr>157</ns3:hr>
            <ns3:cad>92</ns3:cad>
          </ns3:TrackPointExtension>
        </extensions>
      </trkpt>
      <trkpt lat="30.749732963740825653076171875" lon="108.44782632775604724884033203125">
        <ele>448</ele>
        <time>2026-07-24T14:09:13.000Z</time>
        <extensions>
          <ns3:TrackPointExtension>
            <ns3:hr>156</ns3:hr>
            <ns3:cad>92</ns3:cad>
          </ns3:TrackPointExtension>
        </extensions>
      </trkpt>
      <trkpt lat="30.7497140206396579742431640625" lon="108.4478203766047954559326171875">
        <ele>448</ele>
        <time>2026-07-24T14:09:14.000Z</time>
        <extensions>
          <ns3:TrackPointExtension>
            <ns3:hr>156</ns3:hr>
            <ns3:cad>92</ns3:cad>
          </ns3:TrackPointExtension>
        </extensions>
      </trkpt>
      <trkpt lat="30.74969801120460033416748046875" lon="108.44781610183417797088623046875">
        <ele>448</ele>
        <time>2026-07-24T14:09:15.000Z</time>
        <extensions>
          <ns3:TrackPointExtension>
            <ns3:hr>155</ns3:hr>
            <ns3:cad>92</ns3:cad>
          </ns3:TrackPointExtension>
        </extensions>
      </trkpt>
      <trkpt lat="30.74967638589441776275634765625" lon="108.44780989922583103179931640625">
        <ele>448</ele>
        <time>2026-07-24T14:09:16.000Z</time>
        <extensions>
          <ns3:TrackPointExtension>
            <ns3:hr>154</ns3:hr>
            <ns3:cad>92</ns3:cad>
          </ns3:TrackPointExtension>
        </extensions>
      </trkpt>
      <trkpt lat="30.749657191336154937744140625" lon="108.4478083066642284393310546875">
        <ele>448.20001220703125</ele>
        <time>2026-07-24T14:09:17.000Z</time>
        <extensions>
          <ns3:TrackPointExtension>
            <ns3:hr>153</ns3:hr>
            <ns3:cad>92</ns3:cad>
          </ns3:TrackPointExtension>
        </extensions>
      </trkpt>
      <trkpt lat="30.74964269064366817474365234375" lon="108.4478069655597209930419921875">
        <ele>448</ele>
        <time>2026-07-24T14:09:18.000Z</time>
        <extensions>
          <ns3:TrackPointExtension>
            <ns3:hr>152</ns3:hr>
            <ns3:cad>91</ns3:cad>
          </ns3:TrackPointExtension>
        </extensions>
      </trkpt>
      <trkpt lat="30.749617628753185272216796875" lon="108.44780269078910350799560546875">
        <ele>448</ele>
        <time>2026-07-24T14:09:19.000Z</time>
        <extensions>
          <ns3:TrackPointExtension>
            <ns3:hr>151</ns3:hr>
            <ns3:cad>91</ns3:cad>
          </ns3:TrackPointExtension>
        </extensions>
      </trkpt>
      <trkpt lat="30.74960052967071533203125" lon="108.447797410190105438232421875">
        <ele>448</ele>
        <time>2026-07-24T14:09:20.000Z</time>
        <extensions>
          <ns3:TrackPointExtension>
            <ns3:hr>151</ns3:hr>
            <ns3:cad>92</ns3:cad>
          </ns3:TrackPointExtension>
        </extensions>
      </trkpt>
      <trkpt lat="30.74957965873181819915771484375" lon="108.4477891959249973297119140625">
        <ele>448.20001220703125</ele>
        <time>2026-07-24T14:09:21.000Z</time>
        <extensions>
          <ns3:TrackPointExtension>
            <ns3:hr>151</ns3:hr>
            <ns3:cad>92</ns3:cad>
          </ns3:TrackPointExtension>
        </extensions>
      </trkpt>
      <trkpt lat="30.7495643198490142822265625" lon="108.4477868489921092987060546875">
        <ele>448.20001220703125</ele>
        <time>2026-07-24T14:09:22.000Z</time>
        <extensions>
          <ns3:TrackPointExtension>
            <ns3:hr>151</ns3:hr>
            <ns3:cad>92</ns3:cad>
          </ns3:TrackPointExtension>
        </extensions>
      </trkpt>
      <trkpt lat="30.7495413534343242645263671875" lon="108.447777293622493743896484375">
        <ele>448.20001220703125</ele>
        <time>2026-07-24T14:09:23.000Z</time>
        <extensions>
          <ns3:TrackPointExtension>
            <ns3:hr>152</ns3:hr>
            <ns3:cad>92</ns3:cad>
          </ns3:TrackPointExtension>
        </extensions>
      </trkpt>
      <trkpt lat="30.74952836148440837860107421875" lon="108.44777762889862060546875">
        <ele>448.20001220703125</ele>
        <time>2026-07-24T14:09:24.000Z</time>
        <extensions>
          <ns3:TrackPointExtension>
            <ns3:hr>152</ns3:hr>
            <ns3:cad>95</ns3:cad>
          </ns3:TrackPointExtension>
        </extensions>
      </trkpt>
      <trkpt lat="30.74951092712581157684326171875" lon="108.4477710910141468048095703125">
        <ele>448.20001220703125</ele>
        <time>2026-07-24T14:09:25.000Z</time>
        <extensions>
          <ns3:TrackPointExtension>
            <ns3:hr>152</ns3:hr>
            <ns3:cad>95</ns3:cad>
          </ns3:TrackPointExtension>
        </extensions>
      </trkpt>
      <trkpt lat="30.74949718080461025238037109375" lon="108.4477674029767513275146484375">
        <ele>448.20001220703125</ele>
        <time>2026-07-24T14:09:26.000Z</time>
        <extensions>
          <ns3:TrackPointExtension>
            <ns3:hr>152</ns3:hr>
            <ns3:cad>93</ns3:cad>
          </ns3:TrackPointExtension>
        </extensions>
      </trkpt>
      <trkpt lat="30.74947957880795001983642578125" lon="108.44776094891130924224853515625">
        <ele>448.20001220703125</ele>
        <time>2026-07-24T14:09:27.000Z</time>
        <extensions>
          <ns3:TrackPointExtension>
            <ns3:hr>152</ns3:hr>
            <ns3:cad>92</ns3:cad>
          </ns3:TrackPointExtension>
        </extensions>
      </trkpt>
      <trkpt lat="30.74945359490811824798583984375" lon="108.4477601945400238037109375">
        <ele>448.20001220703125</ele>
        <time>2026-07-24T14:09:28.000Z</time>
        <extensions>
          <ns3:TrackPointExtension>
            <ns3:hr>152</ns3:hr>
            <ns3:cad>92</ns3:cad>
          </ns3:TrackPointExtension>
        </extensions>
      </trkpt>
      <trkpt lat="30.7494342327117919921875" lon="108.4477620385587215423583984375">
        <ele>448.20001220703125</ele>
        <time>2026-07-24T14:09:29.000Z</time>
        <extensions>
          <ns3:TrackPointExtension>
            <ns3:hr>152</ns3:hr>
            <ns3:cad>92</ns3:cad>
          </ns3:TrackPointExtension>
        </extensions>
      </trkpt>
      <trkpt lat="30.7494102604687213897705078125" lon="108.4477596916258335113525390625">
        <ele>448.20001220703125</ele>
        <time>2026-07-24T14:09:30.000Z</time>
        <extensions>
          <ns3:TrackPointExtension>
            <ns3:hr>152</ns3:hr>
            <ns3:cad>92</ns3:cad>
          </ns3:TrackPointExtension>
        </extensions>
      </trkpt>
      <trkpt lat="30.74939223937690258026123046875" lon="108.4477575123310089111328125">
        <ele>448.20001220703125</ele>
        <time>2026-07-24T14:09:31.000Z</time>
        <extensions>
          <ns3:TrackPointExtension>
            <ns3:hr>152</ns3:hr>
            <ns3:cad>92</ns3:cad>
          </ns3:TrackPointExtension>
        </extensions>
      </trkpt>
      <trkpt lat="30.74937145225703716278076171875" lon="108.44775625504553318023681640625">
        <ele>448.20001220703125</ele>
        <time>2026-07-24T14:09:32.000Z</time>
        <extensions>
          <ns3:TrackPointExtension>
            <ns3:hr>152</ns3:hr>
            <ns3:cad>92</ns3:cad>
          </ns3:TrackPointExtension>
        </extensions>
      </trkpt>
      <trkpt lat="30.74935041368007659912109375" lon="108.4477553330361843109130859375">
        <ele>448.20001220703125</ele>
        <time>2026-07-24T14:09:33.000Z</time>
        <extensions>
          <ns3:TrackPointExtension>
            <ns3:hr>152</ns3:hr>
            <ns3:cad>92</ns3:cad>
          </ns3:TrackPointExtension>
        </extensions>
      </trkpt>
      <trkpt lat="30.7493247650563716888427734375" lon="108.44775407575070858001708984375">
        <ele>448.20001220703125</ele>
        <time>2026-07-24T14:09:34.000Z</time>
        <extensions>
          <ns3:TrackPointExtension>
            <ns3:hr>153</ns3:hr>
            <ns3:cad>92</ns3:cad>
          </ns3:TrackPointExtension>
        </extensions>
      </trkpt>
      <trkpt lat="30.749302804470062255859375" lon="108.44775306992232799530029296875">
        <ele>448.20001220703125</ele>
        <time>2026-07-24T14:09:35.000Z</time>
        <extensions>
          <ns3:TrackPointExtension>
            <ns3:hr>153</ns3:hr>
            <ns3:cad>92</ns3:cad>
          </ns3:TrackPointExtension>
        </extensions>
      </trkpt>
      <trkpt lat="30.74928109534084796905517578125" lon="108.44775306992232799530029296875">
        <ele>448.20001220703125</ele>
        <time>2026-07-24T14:09:36.000Z</time>
        <extensions>
          <ns3:TrackPointExtension>
            <ns3:hr>152</ns3:hr>
            <ns3:cad>93</ns3:cad>
          </ns3:TrackPointExtension>
        </extensions>
      </trkpt>
      <trkpt lat="30.74925846420228481292724609375" lon="108.44775424338877201080322265625">
        <ele>448.399993896484375</ele>
        <time>2026-07-24T14:09:37.000Z</time>
        <extensions>
          <ns3:TrackPointExtension>
            <ns3:hr>152</ns3:hr>
            <ns3:cad>94</ns3:cad>
          </ns3:TrackPointExtension>
        </extensions>
      </trkpt>
      <trkpt lat="30.74923901818692684173583984375" lon="108.44774921424686908721923828125">
        <ele>448.399993896484375</ele>
        <time>2026-07-24T14:09:38.000Z</time>
        <extensions>
          <ns3:TrackPointExtension>
            <ns3:hr>152</ns3:hr>
            <ns3:cad>94</ns3:cad>
          </ns3:TrackPointExtension>
        </extensions>
      </trkpt>
      <trkpt lat="30.74921898543834686279296875" lon="108.4477472864091396331787109375">
        <ele>448.399993896484375</ele>
        <time>2026-07-24T14:09:39.000Z</time>
        <extensions>
          <ns3:TrackPointExtension>
            <ns3:hr>152</ns3:hr>
            <ns3:cad>94</ns3:cad>
          </ns3:TrackPointExtension>
        </extensions>
      </trkpt>
      <trkpt lat="30.74920029379427433013916015625" lon="108.44774116761982440948486328125">
        <ele>448.399993896484375</ele>
        <time>2026-07-24T14:09:40.000Z</time>
        <extensions>
          <ns3:TrackPointExtension>
            <ns3:hr>152</ns3:hr>
            <ns3:cad>93</ns3:cad>
          </ns3:TrackPointExtension>
        </extensions>
      </trkpt>
      <trkpt lat="30.74918068014085292816162109375" lon="108.4477412514388561248779296875">
        <ele>448.399993896484375</ele>
        <time>2026-07-24T14:09:41.000Z</time>
        <extensions>
          <ns3:TrackPointExtension>
            <ns3:hr>152</ns3:hr>
            <ns3:cad>93</ns3:cad>
          </ns3:TrackPointExtension>
        </extensions>
      </trkpt>
      <trkpt lat="30.74916190467774868011474609375" lon="108.4477496333420276641845703125">
        <ele>448.600006103515625</ele>
        <time>2026-07-24T14:09:42.000Z</time>
        <extensions>
          <ns3:TrackPointExtension>
            <ns3:hr>152</ns3:hr>
            <ns3:cad>93</ns3:cad>
          </ns3:TrackPointExtension>
        </extensions>
      </trkpt>
      <trkpt lat="30.74914094991981983184814453125" lon="108.44775055535137653350830078125">
        <ele>448.600006103515625</ele>
        <time>2026-07-24T14:09:43.000Z</time>
        <extensions>
          <ns3:TrackPointExtension>
            <ns3:hr>152</ns3:hr>
            <ns3:cad>93</ns3:cad>
          </ns3:TrackPointExtension>
        </extensions>
      </trkpt>
      <trkpt lat="30.74912385083734989166259765625" lon="108.44775415956974029541015625">
        <ele>448.600006103515625</ele>
        <time>2026-07-24T14:09:44.000Z</time>
        <extensions>
          <ns3:TrackPointExtension>
            <ns3:hr>152</ns3:hr>
            <ns3:cad>92</ns3:cad>
          </ns3:TrackPointExtension>
        </extensions>
      </trkpt>
      <trkpt lat="30.74910499155521392822265625" lon="108.4477576799690723419189453125">
        <ele>448.600006103515625</ele>
        <time>2026-07-24T14:09:45.000Z</time>
        <extensions>
          <ns3:TrackPointExtension>
            <ns3:hr>152</ns3:hr>
            <ns3:cad>92</ns3:cad>
          </ns3:TrackPointExtension>
        </extensions>
      </trkpt>
      <trkpt lat="30.74908898212015628814697265625" lon="108.44776094891130924224853515625">
        <ele>448.600006103515625</ele>
        <time>2026-07-24T14:09:46.000Z</time>
        <extensions>
          <ns3:TrackPointExtension>
            <ns3:hr>152</ns3:hr>
            <ns3:cad>92</ns3:cad>
          </ns3:TrackPointExtension>
        </extensions>
      </trkpt>
      <trkpt lat="30.7490666024386882781982421875" lon="108.44775927253067493438720703125">
        <ele>448.600006103515625</ele>
        <time>2026-07-24T14:09:47.000Z</time>
        <extensions>
          <ns3:TrackPointExtension>
            <ns3:hr>151</ns3:hr>
            <ns3:cad>92</ns3:cad>
          </ns3:TrackPointExtension>
        </extensions>
      </trkpt>
      <trkpt lat="30.7490466535091400146484375" lon="108.44776530750095844268798828125">
        <ele>448.600006103515625</ele>
        <time>2026-07-24T14:09:48.000Z</time>
        <extensions>
          <ns3:TrackPointExtension>
            <ns3:hr>152</ns3:hr>
            <ns3:cad>92</ns3:cad>
          </ns3:TrackPointExtension>
        </extensions>
      </trkpt>
      <trkpt lat="30.7490290515124797821044921875" lon="108.44776329584419727325439453125">
        <ele>448.600006103515625</ele>
        <time>2026-07-24T14:09:49.000Z</time>
        <extensions>
          <ns3:TrackPointExtension>
            <ns3:hr>151</ns3:hr>
            <ns3:cad>92</ns3:cad>
          </ns3:TrackPointExtension>
        </extensions>
      </trkpt>
      <trkpt lat="30.7490085996687412261962890625" lon="108.4477687440812587738037109375">
        <ele>448.600006103515625</ele>
        <time>2026-07-24T14:09:50.000Z</time>
        <extensions>
          <ns3:TrackPointExtension>
            <ns3:hr>151</ns3:hr>
            <ns3:cad>92</ns3:cad>
          </ns3:TrackPointExtension>
        </extensions>
      </trkpt>
      <trkpt lat="30.74898873455822467803955078125" lon="108.44777016900479793548583984375">
        <ele>448.600006103515625</ele>
        <time>2026-07-24T14:09:51.000Z</time>
        <extensions>
          <ns3:TrackPointExtension>
            <ns3:hr>150</ns3:hr>
            <ns3:cad>94</ns3:cad>
          </ns3:TrackPointExtension>
        </extensions>
      </trkpt>
      <trkpt lat="30.7489650137722492218017578125" lon="108.44777570106089115142822265625">
        <ele>448.600006103515625</ele>
        <time>2026-07-24T14:09:52.000Z</time>
        <extensions>
          <ns3:TrackPointExtension>
            <ns3:hr>150</ns3:hr>
            <ns3:cad>94</ns3:cad>
          </ns3:TrackPointExtension>
        </extensions>
      </trkpt>
      <trkpt lat="30.748947076499462127685546875" lon="108.44777503050863742828369140625">
        <ele>448.600006103515625</ele>
        <time>2026-07-24T14:09:53.000Z</time>
        <extensions>
          <ns3:TrackPointExtension>
            <ns3:hr>150</ns3:hr>
            <ns3:cad>94</ns3:cad>
          </ns3:TrackPointExtension>
        </extensions>
      </trkpt>
      <trkpt lat="30.7489217631518840789794921875" lon="108.44778098165988922119140625">
        <ele>448.600006103515625</ele>
        <time>2026-07-24T14:09:54.000Z</time>
        <extensions>
          <ns3:TrackPointExtension>
            <ns3:hr>150</ns3:hr>
            <ns3:cad>94</ns3:cad>
          </ns3:TrackPointExtension>
        </extensions>
      </trkpt>
      <trkpt lat="30.74890357442200183868408203125" lon="108.4477843344211578369140625">
        <ele>448.600006103515625</ele>
        <time>2026-07-24T14:09:55.000Z</time>
        <extensions>
          <ns3:TrackPointExtension>
            <ns3:hr>150</ns3:hr>
            <ns3:cad>93</ns3:cad>
          </ns3:TrackPointExtension>
        </extensions>
      </trkpt>
      <trkpt lat="30.74887842871248722076416015625" lon="108.44779078848659992218017578125">
        <ele>448.79998779296875</ele>
        <time>2026-07-24T14:09:56.000Z</time>
        <extensions>
          <ns3:TrackPointExtension>
            <ns3:hr>150</ns3:hr>
            <ns3:cad>93</ns3:cad>
          </ns3:TrackPointExtension>
        </extensions>
      </trkpt>
      <trkpt lat="30.7488587312400341033935546875" lon="108.4478031098842620849609375">
        <ele>448.79998779296875</ele>
        <time>2026-07-24T14:09:57.000Z</time>
        <extensions>
          <ns3:TrackPointExtension>
            <ns3:hr>150</ns3:hr>
            <ns3:cad>93</ns3:cad>
          </ns3:TrackPointExtension>
        </extensions>
      </trkpt>
      <trkpt lat="30.74883274734020233154296875" lon="108.44780386425554752349853515625">
        <ele>448.79998779296875</ele>
        <time>2026-07-24T14:09:58.000Z</time>
        <extensions>
          <ns3:TrackPointExtension>
            <ns3:hr>151</ns3:hr>
            <ns3:cad>92</ns3:cad>
          </ns3:TrackPointExtension>
        </extensions>
      </trkpt>
      <trkpt lat="30.7488124631345272064208984375" lon="108.4478096477687358856201171875">
        <ele>449</ele>
        <time>2026-07-24T14:09:59.000Z</time>
        <extensions>
          <ns3:TrackPointExtension>
            <ns3:hr>151</ns3:hr>
            <ns3:cad>92</ns3:cad>
          </ns3:TrackPointExtension>
        </extensions>
      </trkpt>
      <trkpt lat="30.74879058636724948883056640625" lon="108.4478190355002880096435546875">
        <ele>449</ele>
        <time>2026-07-24T14:10:00.000Z</time>
        <extensions>
          <ns3:TrackPointExtension>
            <ns3:hr>151</ns3:hr>
            <ns3:cad>92</ns3:cad>
          </ns3:TrackPointExtension>
        </extensions>
      </trkpt>
      <trkpt lat="30.74877901934087276458740234375" lon="108.44783135689795017242431640625">
        <ele>449</ele>
        <time>2026-07-24T14:10:01.000Z</time>
        <extensions>
          <ns3:TrackPointExtension>
            <ns3:hr>151</ns3:hr>
            <ns3:cad>92</ns3:cad>
          </ns3:TrackPointExtension>
        </extensions>
      </trkpt>
      <trkpt lat="30.7487658597528934478759765625" lon="108.4478473663330078125">
        <ele>449.20001220703125</ele>
        <time>2026-07-24T14:10:02.000Z</time>
        <extensions>
          <ns3:TrackPointExtension>
            <ns3:hr>152</ns3:hr>
            <ns3:cad>92</ns3:cad>
          </ns3:TrackPointExtension>
        </extensions>
      </trkpt>
      <trkpt lat="30.74876108206808567047119140625" lon="108.44785683788359165191650390625">
        <ele>449.20001220703125</ele>
        <time>2026-07-24T14:10:03.000Z</time>
        <extensions>
          <ns3:TrackPointExtension>
            <ns3:hr>152</ns3:hr>
            <ns3:cad>91</ns3:cad>
          </ns3:TrackPointExtension>
        </extensions>
      </trkpt>
      <trkpt lat="30.74875228106975555419921875" lon="108.44787829555571079254150390625">
        <ele>449.399993896484375</ele>
        <time>2026-07-24T14:10:04.000Z</time>
        <extensions>
          <ns3:TrackPointExtension>
            <ns3:hr>153</ns3:hr>
            <ns3:cad>90</ns3:cad>
          </ns3:TrackPointExtension>
        </extensions>
      </trkpt>
      <trkpt lat="30.7487467490136623382568359375" lon="108.44789774157106876373291015625">
        <ele>449.399993896484375</ele>
        <time>2026-07-24T14:10:05.000Z</time>
        <extensions>
          <ns3:TrackPointExtension>
            <ns3:hr>153</ns3:hr>
            <ns3:cad>90</ns3:cad>
          </ns3:TrackPointExtension>
        </extensions>
      </trkpt>
      <trkpt lat="30.74874180369079113006591796875" lon="108.44792607240378856658935546875">
        <ele>449.399993896484375</ele>
        <time>2026-07-24T14:10:06.000Z</time>
        <extensions>
          <ns3:TrackPointExtension>
            <ns3:hr>154</ns3:hr>
            <ns3:cad>91</ns3:cad>
          </ns3:TrackPointExtension>
        </extensions>
      </trkpt>
      <trkpt lat="30.74874222278594970703125" lon="108.44795188866555690765380859375">
        <ele>449.399993896484375</ele>
        <time>2026-07-24T14:10:07.000Z</time>
        <extensions>
          <ns3:TrackPointExtension>
            <ns3:hr>154</ns3:hr>
            <ns3:cad>92</ns3:cad>
          </ns3:TrackPointExtension>
        </extensions>
      </trkpt>
      <trkpt lat="30.74874280951917171478271484375" lon="108.4479756094515323638916015625">
        <ele>449.399993896484375</ele>
        <time>2026-07-24T14:10:08.000Z</time>
        <extensions>
          <ns3:TrackPointExtension>
            <ns3:hr>155</ns3:hr>
            <ns3:cad>92</ns3:cad>
          </ns3:TrackPointExtension>
        </extensions>
      </trkpt>
      <trkpt lat="30.74874465353786945343017578125" lon="108.4479990787804126739501953125">
        <ele>449.399993896484375</ele>
        <time>2026-07-24T14:10:09.000Z</time>
        <extensions>
          <ns3:TrackPointExtension>
            <ns3:hr>155</ns3:hr>
            <ns3:cad>92</ns3:cad>
          </ns3:TrackPointExtension>
        </extensions>
      </trkpt>
      <trkpt lat="30.74874549172818660736083984375" lon="108.44802481122314929962158203125">
        <ele>449.399993896484375</ele>
        <time>2026-07-24T14:10:10.000Z</time>
        <extensions>
          <ns3:TrackPointExtension>
            <ns3:hr>155</ns3:hr>
            <ns3:cad>92</ns3:cad>
          </ns3:TrackPointExtension>
        </extensions>
      </trkpt>
      <trkpt lat="30.74874901212751865386962890625" lon="108.4480523876845836639404296875">
        <ele>449.399993896484375</ele>
        <time>2026-07-24T14:10:11.000Z</time>
        <extensions>
          <ns3:TrackPointExtension>
            <ns3:hr>155</ns3:hr>
            <ns3:cad>92</ns3:cad>
          </ns3:TrackPointExtension>
        </extensions>
      </trkpt>
      <trkpt lat="30.74874901212751865386962890625" lon="108.4480785392224788665771484375">
        <ele>449.600006103515625</ele>
        <time>2026-07-24T14:10:12.000Z</time>
        <extensions>
          <ns3:TrackPointExtension>
            <ns3:hr>156</ns3:hr>
            <ns3:cad>92</ns3:cad>
          </ns3:TrackPointExtension>
        </extensions>
      </trkpt>
      <trkpt lat="30.74874850921332836151123046875" lon="108.44810544513165950775146484375">
        <ele>449.600006103515625</ele>
        <time>2026-07-24T14:10:13.000Z</time>
        <extensions>
          <ns3:TrackPointExtension>
            <ns3:hr>156</ns3:hr>
            <ns3:cad>92</ns3:cad>
          </ns3:TrackPointExtension>
        </extensions>
      </trkpt>
      <trkpt lat="30.748746581375598907470703125" lon="108.448128663003444671630859375">
        <ele>449.600006103515625</ele>
        <time>2026-07-24T14:10:14.000Z</time>
        <extensions>
          <ns3:TrackPointExtension>
            <ns3:hr>156</ns3:hr>
            <ns3:cad>92</ns3:cad>
          </ns3:TrackPointExtension>
        </extensions>
      </trkpt>
      <trkpt lat="30.74874247424304485321044921875" lon="108.448150120675563812255859375">
        <ele>449.600006103515625</ele>
        <time>2026-07-24T14:10:15.000Z</time>
        <extensions>
          <ns3:TrackPointExtension>
            <ns3:hr>156</ns3:hr>
            <ns3:cad>92</ns3:cad>
          </ns3:TrackPointExtension>
        </extensions>
      </trkpt>
      <trkpt lat="30.7487470842897891998291015625" lon="108.448167555034160614013671875">
        <ele>449.600006103515625</ele>
        <time>2026-07-24T14:10:16.000Z</time>
        <extensions>
          <ns3:TrackPointExtension>
            <ns3:hr>156</ns3:hr>
            <ns3:cad>92</ns3:cad>
          </ns3:TrackPointExtension>
        </extensions>
      </trkpt>
      <trkpt lat="30.74874297715723514556884765625" lon="108.448191024363040924072265625">
        <ele>449.79998779296875</ele>
        <time>2026-07-24T14:10:17.000Z</time>
        <extensions>
          <ns3:TrackPointExtension>
            <ns3:hr>156</ns3:hr>
            <ns3:cad>92</ns3:cad>
          </ns3:TrackPointExtension>
        </extensions>
      </trkpt>
      <trkpt lat="30.748747251927852630615234375" lon="108.448208458721637725830078125">
        <ele>449.79998779296875</ele>
        <time>2026-07-24T14:10:18.000Z</time>
        <extensions>
          <ns3:TrackPointExtension>
            <ns3:hr>156</ns3:hr>
            <ns3:cad>93</ns3:cad>
          </ns3:TrackPointExtension>
        </extensions>
      </trkpt>
      <trkpt lat="30.7487511076033115386962890625" lon="108.448237963020801544189453125">
        <ele>449.79998779296875</ele>
        <time>2026-07-24T14:10:19.000Z</time>
        <extensions>
          <ns3:TrackPointExtension>
            <ns3:hr>157</ns3:hr>
            <ns3:cad>92</ns3:cad>
          </ns3:TrackPointExtension>
        </extensions>
      </trkpt>
      <trkpt lat="30.74875538237392902374267578125" lon="108.44826084561645984649658203125">
        <ele>449.79998779296875</ele>
        <time>2026-07-24T14:10:20.000Z</time>
        <extensions>
          <ns3:TrackPointExtension>
            <ns3:hr>157</ns3:hr>
            <ns3:cad>92</ns3:cad>
          </ns3:TrackPointExtension>
        </extensions>
      </trkpt>
      <trkpt lat="30.748759992420673370361328125" lon="108.44828448258340358734130859375">
        <ele>449.79998779296875</ele>
        <time>2026-07-24T14:10:21.000Z</time>
        <extensions>
          <ns3:TrackPointExtension>
            <ns3:hr>157</ns3:hr>
            <ns3:cad>92</ns3:cad>
          </ns3:TrackPointExtension>
        </extensions>
      </trkpt>
      <trkpt lat="30.748762004077434539794921875" lon="108.448304347693920135498046875">
        <ele>449.79998779296875</ele>
        <time>2026-07-24T14:10:22.000Z</time>
        <extensions>
          <ns3:TrackPointExtension>
            <ns3:hr>157</ns3:hr>
            <ns3:cad>91</ns3:cad>
          </ns3:TrackPointExtension>
        </extensions>
      </trkpt>
      <trkpt lat="30.748764015734195709228515625" lon="108.44832588918507099151611328125">
        <ele>449.79998779296875</ele>
        <time>2026-07-24T14:10:23.000Z</time>
        <extensions>
          <ns3:TrackPointExtension>
            <ns3:hr>156</ns3:hr>
            <ns3:cad>91</ns3:cad>
          </ns3:TrackPointExtension>
        </extensions>
      </trkpt>
      <trkpt lat="30.74876376427710056304931640625" lon="108.44834784977138042449951171875">
        <ele>450</ele>
        <time>2026-07-24T14:10:24.000Z</time>
        <extensions>
          <ns3:TrackPointExtension>
            <ns3:hr>157</ns3:hr>
            <ns3:cad>92</ns3:cad>
          </ns3:TrackPointExtension>
        </extensions>
      </trkpt>
      <trkpt lat="30.74876309372484683990478515625" lon="108.44836746342480182647705078125">
        <ele>450</ele>
        <time>2026-07-24T14:10:25.000Z</time>
        <extensions>
          <ns3:TrackPointExtension>
            <ns3:hr>157</ns3:hr>
            <ns3:cad>92</ns3:cad>
          </ns3:TrackPointExtension>
        </extensions>
      </trkpt>
      <trkpt lat="30.748762004077434539794921875" lon="108.4483896754682064056396484375">
        <ele>450.20001220703125</ele>
        <time>2026-07-24T14:10:26.000Z</time>
        <extensions>
          <ns3:TrackPointExtension>
            <ns3:hr>157</ns3:hr>
            <ns3:cad>92</ns3:cad>
          </ns3:TrackPointExtension>
        </extensions>
      </trkpt>
      <trkpt lat="30.74875856749713420867919921875" lon="108.44841188751161098480224609375">
        <ele>450.20001220703125</ele>
        <time>2026-07-24T14:10:27.000Z</time>
        <extensions>
          <ns3:TrackPointExtension>
            <ns3:hr>157</ns3:hr>
            <ns3:cad>92</ns3:cad>
          </ns3:TrackPointExtension>
        </extensions>
      </trkpt>
      <trkpt lat="30.74875169433653354644775390625" lon="108.4484387934207916259765625">
        <ele>450.20001220703125</ele>
        <time>2026-07-24T14:10:28.000Z</time>
        <extensions>
          <ns3:TrackPointExtension>
            <ns3:hr>156</ns3:hr>
            <ns3:cad>92</ns3:cad>
          </ns3:TrackPointExtension>
        </extensions>
      </trkpt>
      <trkpt lat="30.74875052087008953094482421875" lon="108.44845949672162532806396484375">
        <ele>450.399993896484375</ele>
        <time>2026-07-24T14:10:29.000Z</time>
        <extensions>
          <ns3:TrackPointExtension>
            <ns3:hr>157</ns3:hr>
            <ns3:cad>93</ns3:cad>
          </ns3:TrackPointExtension>
        </extensions>
      </trkpt>
      <trkpt lat="30.74874465353786945343017578125" lon="108.4484818764030933380126953125">
        <ele>450.399993896484375</ele>
        <time>2026-07-24T14:10:30.000Z</time>
        <extensions>
          <ns3:TrackPointExtension>
            <ns3:hr>157</ns3:hr>
            <ns3:cad>93</ns3:cad>
          </ns3:TrackPointExtension>
        </extensions>
      </trkpt>
      <trkpt lat="30.74874817393720149993896484375" lon="108.4484969638288021087646484375">
        <ele>450.600006103515625</ele>
        <time>2026-07-24T14:10:31.000Z</time>
        <extensions>
          <ns3:TrackPointExtension>
            <ns3:hr>157</ns3:hr>
            <ns3:cad>94</ns3:cad>
          </ns3:TrackPointExtension>
        </extensions>
      </trkpt>
      <trkpt lat="30.7487444020807743072509765625" lon="108.4485165774822235107421875">
        <ele>450.600006103515625</ele>
        <time>2026-07-24T14:10:32.000Z</time>
        <extensions>
          <ns3:TrackPointExtension>
            <ns3:hr>156</ns3:hr>
            <ns3:cad>93</ns3:cad>
          </ns3:TrackPointExtension>
        </extensions>
      </trkpt>
      <trkpt lat="30.7487407140433788299560546875" lon="108.4485341794788837432861328125">
        <ele>450.600006103515625</ele>
        <time>2026-07-24T14:10:33.000Z</time>
        <extensions>
          <ns3:TrackPointExtension>
            <ns3:hr>156</ns3:hr>
            <ns3:cad>92</ns3:cad>
          </ns3:TrackPointExtension>
        </extensions>
      </trkpt>
      <trkpt lat="30.74873861856758594512939453125" lon="108.44855303876101970672607421875">
        <ele>450.600006103515625</ele>
        <time>2026-07-24T14:10:34.000Z</time>
        <extensions>
          <ns3:TrackPointExtension>
            <ns3:hr>156</ns3:hr>
            <ns3:cad>92</ns3:cad>
          </ns3:TrackPointExtension>
        </extensions>
      </trkpt>
      <trkpt lat="30.748732499778270721435546875" lon="108.44857365824282169342041015625">
        <ele>450.600006103515625</ele>
        <time>2026-07-24T14:10:35.000Z</time>
        <extensions>
          <ns3:TrackPointExtension>
            <ns3:hr>155</ns3:hr>
            <ns3:cad>92</ns3:cad>
          </ns3:TrackPointExtension>
        </extensions>
      </trkpt>
      <trkpt lat="30.74872772209346294403076171875" lon="108.44859234988689422607421875">
        <ele>450.600006103515625</ele>
        <time>2026-07-24T14:10:36.000Z</time>
        <extensions>
          <ns3:TrackPointExtension>
            <ns3:hr>156</ns3:hr>
            <ns3:cad>92</ns3:cad>
          </ns3:TrackPointExtension>
        </extensions>
      </trkpt>
      <trkpt lat="30.7487221062183380126953125" lon="108.4486133046448230743408203125">
        <ele>450.600006103515625</ele>
        <time>2026-07-24T14:10:37.000Z</time>
        <extensions>
          <ns3:TrackPointExtension>
            <ns3:hr>156</ns3:hr>
            <ns3:cad>92</ns3:cad>
          </ns3:TrackPointExtension>
        </extensions>
      </trkpt>
      <trkpt lat="30.74872235767543315887451171875" lon="108.448628224432468414306640625">
        <ele>450.600006103515625</ele>
        <time>2026-07-24T14:10:38.000Z</time>
        <extensions>
          <ns3:TrackPointExtension>
            <ns3:hr>156</ns3:hr>
            <ns3:cad>92</ns3:cad>
          </ns3:TrackPointExtension>
        </extensions>
      </trkpt>
      <trkpt lat="30.7487239502370357513427734375" lon="108.44865529797971248626708984375">
        <ele>450.600006103515625</ele>
        <time>2026-07-24T14:10:39.000Z</time>
        <extensions>
          <ns3:TrackPointExtension>
            <ns3:hr>157</ns3:hr>
            <ns3:cad>92</ns3:cad>
          </ns3:TrackPointExtension>
        </extensions>
      </trkpt>
      <trkpt lat="30.74872520752251148223876953125" lon="108.4486800245940685272216796875">
        <ele>450.600006103515625</ele>
        <time>2026-07-24T14:10:40.000Z</time>
        <extensions>
          <ns3:TrackPointExtension>
            <ns3:hr>157</ns3:hr>
            <ns3:cad>92</ns3:cad>
          </ns3:TrackPointExtension>
        </extensions>
      </trkpt>
      <trkpt lat="30.74872554279863834381103515625" lon="108.44870408065617084503173828125">
        <ele>450.79998779296875</ele>
        <time>2026-07-24T14:10:41.000Z</time>
        <extensions>
          <ns3:TrackPointExtension>
            <ns3:hr>157</ns3:hr>
            <ns3:cad>92</ns3:cad>
          </ns3:TrackPointExtension>
        </extensions>
      </trkpt>
      <trkpt lat="30.7487286441028118133544921875" lon="108.4487269632518291473388671875">
        <ele>450.79998779296875</ele>
        <time>2026-07-24T14:10:42.000Z</time>
        <extensions>
          <ns3:TrackPointExtension>
            <ns3:hr>157</ns3:hr>
            <ns3:cad>92</ns3:cad>
          </ns3:TrackPointExtension>
        </extensions>
      </trkpt>
      <trkpt lat="30.7487286441028118133544921875" lon="108.44875051639974117279052734375">
        <ele>451</ele>
        <time>2026-07-24T14:10:43.000Z</time>
        <extensions>
          <ns3:TrackPointExtension>
            <ns3:hr>157</ns3:hr>
            <ns3:cad>93</ns3:cad>
          </ns3:TrackPointExtension>
        </extensions>
      </trkpt>
      <trkpt lat="30.74872906319797039031982421875" lon="108.44877515919506549835205078125">
        <ele>451</ele>
        <time>2026-07-24T14:10:44.000Z</time>
        <extensions>
          <ns3:TrackPointExtension>
            <ns3:hr>157</ns3:hr>
            <ns3:cad>94</ns3:cad>
          </ns3:TrackPointExtension>
        </extensions>
      </trkpt>
      <trkpt lat="30.748728476464748382568359375" lon="108.44880022108554840087890625">
        <ele>451</ele>
        <time>2026-07-24T14:10:45.000Z</time>
        <extensions>
          <ns3:TrackPointExtension>
            <ns3:hr>157</ns3:hr>
            <ns3:cad>93</ns3:cad>
          </ns3:TrackPointExtension>
        </extensions>
      </trkpt>
      <trkpt lat="30.74872705154120922088623046875" lon="108.4488265402615070343017578125">
        <ele>451.20001220703125</ele>
        <time>2026-07-24T14:10:46.000Z</time>
        <extensions>
          <ns3:TrackPointExtension>
            <ns3:hr>157</ns3:hr>
            <ns3:cad>93</ns3:cad>
          </ns3:TrackPointExtension>
        </extensions>
      </trkpt>
      <trkpt lat="30.74872638098895549774169921875" lon="108.44884858466684818267822265625">
        <ele>451.20001220703125</ele>
        <time>2026-07-24T14:10:47.000Z</time>
        <extensions>
          <ns3:TrackPointExtension>
            <ns3:hr>158</ns3:hr>
            <ns3:cad>93</ns3:cad>
          </ns3:TrackPointExtension>
        </extensions>
      </trkpt>
      <trkpt lat="30.7487221062183380126953125" lon="108.4488811902701854705810546875">
        <ele>451.20001220703125</ele>
        <time>2026-07-24T14:10:48.000Z</time>
        <extensions>
          <ns3:TrackPointExtension>
            <ns3:hr>158</ns3:hr>
            <ns3:cad>93</ns3:cad>
          </ns3:TrackPointExtension>
        </extensions>
      </trkpt>
      <trkpt lat="30.74872143566608428955078125" lon="108.44890088774263858795166015625">
        <ele>451.20001220703125</ele>
        <time>2026-07-24T14:10:49.000Z</time>
        <extensions>
          <ns3:TrackPointExtension>
            <ns3:hr>158</ns3:hr>
            <ns3:cad>94</ns3:cad>
          </ns3:TrackPointExtension>
        </extensions>
      </trkpt>
      <trkpt lat="30.74871699325740337371826171875" lon="108.44892670400440692901611328125">
        <ele>451.399993896484375</ele>
        <time>2026-07-24T14:10:50.000Z</time>
        <extensions>
          <ns3:TrackPointExtension>
            <ns3:hr>158</ns3:hr>
            <ns3:cad>94</ns3:cad>
          </ns3:TrackPointExtension>
        </extensions>
      </trkpt>
      <trkpt lat="30.748721100389957427978515625" lon="108.44894732348620891571044921875">
        <ele>451.399993896484375</ele>
        <time>2026-07-24T14:10:51.000Z</time>
        <extensions>
          <ns3:TrackPointExtension>
            <ns3:hr>158</ns3:hr>
            <ns3:cad>94</ns3:cad>
          </ns3:TrackPointExtension>
        </extensions>
      </trkpt>
      <trkpt lat="30.74871917255222797393798828125" lon="108.448968864977359771728515625">
        <ele>451.399993896484375</ele>
        <time>2026-07-24T14:10:52.000Z</time>
        <extensions>
          <ns3:TrackPointExtension>
            <ns3:hr>158</ns3:hr>
            <ns3:cad>92</ns3:cad>
          </ns3:TrackPointExtension>
        </extensions>
      </trkpt>
      <trkpt lat="30.74872302822768688201904296875" lon="108.448993004858493804931640625">
        <ele>451.399993896484375</ele>
        <time>2026-07-24T14:10:53.000Z</time>
        <extensions>
          <ns3:TrackPointExtension>
            <ns3:hr>158</ns3:hr>
            <ns3:cad>92</ns3:cad>
          </ns3:TrackPointExtension>
        </extensions>
      </trkpt>
      <trkpt lat="30.748723447322845458984375" lon="108.44901236705482006072998046875">
        <ele>451.399993896484375</ele>
        <time>2026-07-24T14:10:54.000Z</time>
        <extensions>
          <ns3:TrackPointExtension>
            <ns3:hr>158</ns3:hr>
            <ns3:cad>92</ns3:cad>
          </ns3:TrackPointExtension>
        </extensions>
      </trkpt>
      <trkpt lat="30.74872143566608428955078125" lon="108.4490417875349521636962890625">
        <ele>451.600006103515625</ele>
        <time>2026-07-24T14:10:55.000Z</time>
        <extensions>
          <ns3:TrackPointExtension>
            <ns3:hr>158</ns3:hr>
            <ns3:cad>92</ns3:cad>
          </ns3:TrackPointExtension>
        </extensions>
      </trkpt>
      <trkpt lat="30.74872302822768688201904296875" lon="108.44906165264546871185302734375">
        <ele>451.600006103515625</ele>
        <time>2026-07-24T14:10:56.000Z</time>
        <extensions>
          <ns3:TrackPointExtension>
            <ns3:hr>158</ns3:hr>
            <ns3:cad>92</ns3:cad>
          </ns3:TrackPointExtension>
        </extensions>
      </trkpt>
      <trkpt lat="30.74873149394989013671875" lon="108.4490857087075710296630859375">
        <ele>451.79998779296875</ele>
        <time>2026-07-24T14:10:57.000Z</time>
        <extensions>
          <ns3:TrackPointExtension>
            <ns3:hr>158</ns3:hr>
            <ns3:cad>93</ns3:cad>
          </ns3:TrackPointExtension>
        </extensions>
      </trkpt>
      <trkpt lat="30.7487383671104907989501953125" lon="108.4491085074841976165771484375">
        <ele>451.79998779296875</ele>
        <time>2026-07-24T14:10:58.000Z</time>
        <extensions>
          <ns3:TrackPointExtension>
            <ns3:hr>158</ns3:hr>
            <ns3:cad>94</ns3:cad>
          </ns3:TrackPointExtension>
        </extensions>
      </trkpt>
      <trkpt lat="30.74874465353786945343017578125" lon="108.44913189299404621124267578125">
        <ele>452</ele>
        <time>2026-07-24T14:10:59.000Z</time>
        <extensions>
          <ns3:TrackPointExtension>
            <ns3:hr>158</ns3:hr>
            <ns3:cad>93</ns3:cad>
          </ns3:TrackPointExtension>
        </extensions>
      </trkpt>
      <trkpt lat="30.7487544603645801544189453125" lon="108.4491470642387866973876953125">
        <ele>452</ele>
        <time>2026-07-24T14:11:00.000Z</time>
        <extensions>
          <ns3:TrackPointExtension>
            <ns3:hr>159</ns3:hr>
            <ns3:cad>92</ns3:cad>
          </ns3:TrackPointExtension>
        </extensions>
      </trkpt>
      <trkpt lat="30.74876560829579830169677734375" lon="108.44916634261608123779296875">
        <ele>452</ele>
        <time>2026-07-24T14:11:01.000Z</time>
        <extensions>
          <ns3:TrackPointExtension>
            <ns3:hr>158</ns3:hr>
            <ns3:cad>92</ns3:cad>
          </ns3:TrackPointExtension>
        </extensions>
      </trkpt>
      <trkpt lat="30.7487752474844455718994140625" lon="108.4491799212992191314697265625">
        <ele>452.20001220703125</ele>
        <time>2026-07-24T14:11:02.000Z</time>
        <extensions>
          <ns3:TrackPointExtension>
            <ns3:hr>158</ns3:hr>
            <ns3:cad>92</ns3:cad>
          </ns3:TrackPointExtension>
        </extensions>
      </trkpt>
      <trkpt lat="30.7487856410443782806396484375" lon="108.44919450581073760986328125">
        <ele>452.20001220703125</ele>
        <time>2026-07-24T14:11:03.000Z</time>
        <extensions>
          <ns3:TrackPointExtension>
            <ns3:hr>158</ns3:hr>
            <ns3:cad>92</ns3:cad>
          </ns3:TrackPointExtension>
        </extensions>
      </trkpt>
      <trkpt lat="30.74879930354654788970947265625" lon="108.44920397736132144927978515625">
        <ele>452.399993896484375</ele>
        <time>2026-07-24T14:11:04.000Z</time>
        <extensions>
          <ns3:TrackPointExtension>
            <ns3:hr>158</ns3:hr>
            <ns3:cad>92</ns3:cad>
          </ns3:TrackPointExtension>
        </extensions>
      </trkpt>
      <trkpt lat="30.7488164864480495452880859375" lon="108.44920179806649684906005859375">
        <ele>452.399993896484375</ele>
        <time>2026-07-24T14:11:05.000Z</time>
        <extensions>
          <ns3:TrackPointExtension>
            <ns3:hr>158</ns3:hr>
            <ns3:cad>93</ns3:cad>
          </ns3:TrackPointExtension>
        </extensions>
      </trkpt>
      <trkpt lat="30.748836435377597808837890625" lon="108.44920582138001918792724609375">
        <ele>452.600006103515625</ele>
        <time>2026-07-24T14:11:06.000Z</time>
        <extensions>
          <ns3:TrackPointExtension>
            <ns3:hr>158</ns3:hr>
            <ns3:cad>93</ns3:cad>
          </ns3:TrackPointExtension>
        </extensions>
      </trkpt>
      <trkpt lat="30.7488526962697505950927734375" lon="108.44920012168586254119873046875">
        <ele>452.600006103515625</ele>
        <time>2026-07-24T14:11:07.000Z</time>
        <extensions>
          <ns3:TrackPointExtension>
            <ns3:hr>157</ns3:hr>
            <ns3:cad>92</ns3:cad>
          </ns3:TrackPointExtension>
        </extensions>
      </trkpt>
      <trkpt lat="30.748876668512821197509765625" lon="108.44920196570456027984619140625">
        <ele>452.600006103515625</ele>
        <time>2026-07-24T14:11:08.000Z</time>
        <extensions>
          <ns3:TrackPointExtension>
            <ns3:hr>157</ns3:hr>
            <ns3:cad>92</ns3:cad>
          </ns3:TrackPointExtension>
        </extensions>
      </trkpt>
      <trkpt lat="30.74889301322400569915771484375" lon="108.4491963498294353485107421875">
        <ele>452.79998779296875</ele>
        <time>2026-07-24T14:11:09.000Z</time>
        <extensions>
          <ns3:TrackPointExtension>
            <ns3:hr>157</ns3:hr>
            <ns3:cad>92</ns3:cad>
          </ns3:TrackPointExtension>
        </extensions>
      </trkpt>
      <trkpt lat="30.74891899712383747100830078125" lon="108.4491950087249279022216796875">
        <ele>452.79998779296875</ele>
        <time>2026-07-24T14:11:10.000Z</time>
        <extensions>
          <ns3:TrackPointExtension>
            <ns3:hr>157</ns3:hr>
            <ns3:cad>92</ns3:cad>
          </ns3:TrackPointExtension>
        </extensions>
      </trkpt>
      <trkpt lat="30.74893794022500514984130859375" lon="108.44919090159237384796142578125">
        <ele>453</ele>
        <time>2026-07-24T14:11:11.000Z</time>
        <extensions>
          <ns3:TrackPointExtension>
            <ns3:hr>157</ns3:hr>
            <ns3:cad>92</ns3:cad>
          </ns3:TrackPointExtension>
        </extensions>
      </trkpt>
      <trkpt lat="30.7489635050296783447265625" lon="108.44919157214462757110595703125">
        <ele>453</ele>
        <time>2026-07-24T14:11:12.000Z</time>
        <extensions>
          <ns3:TrackPointExtension>
            <ns3:hr>157</ns3:hr>
            <ns3:cad>92</ns3:cad>
          </ns3:TrackPointExtension>
        </extensions>
      </trkpt>
      <trkpt lat="30.7489827834069728851318359375" lon="108.44918687827885150909423828125">
        <ele>453</ele>
        <time>2026-07-24T14:11:13.000Z</time>
        <extensions>
          <ns3:TrackPointExtension>
            <ns3:hr>157</ns3:hr>
            <ns3:cad>92</ns3:cad>
          </ns3:TrackPointExtension>
        </extensions>
      </trkpt>
      <trkpt lat="30.74900181032717227935791015625" lon="108.44919182360172271728515625">
        <ele>453</ele>
        <time>2026-07-24T14:11:14.000Z</time>
        <extensions>
          <ns3:TrackPointExtension>
            <ns3:hr>158</ns3:hr>
            <ns3:cad>92</ns3:cad>
          </ns3:TrackPointExtension>
        </extensions>
      </trkpt>
      <trkpt lat="30.74901840649545192718505859375" lon="108.449198864400386810302734375">
        <ele>453</ele>
        <time>2026-07-24T14:11:15.000Z</time>
        <extensions>
          <ns3:TrackPointExtension>
            <ns3:hr>158</ns3:hr>
            <ns3:cad>92</ns3:cad>
          </ns3:TrackPointExtension>
        </extensions>
      </trkpt>
      <trkpt lat="30.74902662076056003570556640625" lon="108.44921219162642955780029296875">
        <ele>453.20001220703125</ele>
        <time>2026-07-24T14:11:16.000Z</time>
        <extensions>
          <ns3:TrackPointExtension>
            <ns3:hr>158</ns3:hr>
            <ns3:cad>92</ns3:cad>
          </ns3:TrackPointExtension>
        </extensions>
      </trkpt>
      <trkpt lat="30.749037265777587890625" lon="108.4492308832705020904541015625">
        <ele>453.20001220703125</ele>
        <time>2026-07-24T14:11:17.000Z</time>
        <extensions>
          <ns3:TrackPointExtension>
            <ns3:hr>158</ns3:hr>
            <ns3:cad>92</ns3:cad>
          </ns3:TrackPointExtension>
        </extensions>
      </trkpt>
      <trkpt lat="30.74904589913785457611083984375" lon="108.44924353994429111480712890625">
        <ele>453.20001220703125</ele>
        <time>2026-07-24T14:11:18.000Z</time>
        <extensions>
          <ns3:TrackPointExtension>
            <ns3:hr>159</ns3:hr>
            <ns3:cad>92</ns3:cad>
          </ns3:TrackPointExtension>
        </extensions>
      </trkpt>
      <trkpt lat="30.74904891662299633026123046875" lon="108.449269942939281463623046875">
        <ele>453.399993896484375</ele>
        <time>2026-07-24T14:11:19.000Z</time>
        <extensions>
          <ns3:TrackPointExtension>
            <ns3:hr>159</ns3:hr>
            <ns3:cad>92</ns3:cad>
          </ns3:TrackPointExtension>
        </extensions>
      </trkpt>
      <trkpt lat="30.74905310757458209991455078125" lon="108.44928997568786144256591796875">
        <ele>453.399993896484375</ele>
        <time>2026-07-24T14:11:20.000Z</time>
        <extensions>
          <ns3:TrackPointExtension>
            <ns3:hr>159</ns3:hr>
            <ns3:cad>92</ns3:cad>
          </ns3:TrackPointExtension>
        </extensions>
      </trkpt>
      <trkpt lat="30.74905796907842159271240234375" lon="108.44931629486382007598876953125">
        <ele>453.399993896484375</ele>
        <time>2026-07-24T14:11:21.000Z</time>
        <extensions>
          <ns3:TrackPointExtension>
            <ns3:hr>159</ns3:hr>
            <ns3:cad>92</ns3:cad>
          </ns3:TrackPointExtension>
        </extensions>
      </trkpt>
      <trkpt lat="30.74906433932483196258544921875" lon="108.44933389686048030853271484375">
        <ele>453.399993896484375</ele>
        <time>2026-07-24T14:11:22.000Z</time>
        <extensions>
          <ns3:TrackPointExtension>
            <ns3:hr>160</ns3:hr>
            <ns3:cad>92</ns3:cad>
          </ns3:TrackPointExtension>
        </extensions>
      </trkpt>
      <trkpt lat="30.749066770076751708984375" lon="108.449358455836772918701171875">
        <ele>453.600006103515625</ele>
        <time>2026-07-24T14:11:23.000Z</time>
        <extensions>
          <ns3:TrackPointExtension>
            <ns3:hr>160</ns3:hr>
            <ns3:cad>92</ns3:cad>
          </ns3:TrackPointExtension>
        </extensions>
      </trkpt>
      <trkpt lat="30.7490676082670688629150390625" lon="108.44938770867884159088134765625">
        <ele>453.600006103515625</ele>
        <time>2026-07-24T14:11:24.000Z</time>
        <extensions>
          <ns3:TrackPointExtension>
            <ns3:hr>160</ns3:hr>
            <ns3:cad>92</ns3:cad>
          </ns3:TrackPointExtension>
        </extensions>
      </trkpt>
      <trkpt lat="30.74907087720930576324462890625" lon="108.44941168092191219329833984375">
        <ele>453.600006103515625</ele>
        <time>2026-07-24T14:11:25.000Z</time>
        <extensions>
          <ns3:TrackPointExtension>
            <ns3:hr>160</ns3:hr>
            <ns3:cad>92</ns3:cad>
          </ns3:TrackPointExtension>
        </extensions>
      </trkpt>
      <trkpt lat="30.74907322414219379425048828125" lon="108.4494392573833465576171875">
        <ele>453.600006103515625</ele>
        <time>2026-07-24T14:11:26.000Z</time>
        <extensions>
          <ns3:TrackPointExtension>
            <ns3:hr>161</ns3:hr>
            <ns3:cad>92</ns3:cad>
          </ns3:TrackPointExtension>
        </extensions>
      </trkpt>
      <trkpt lat="30.7490743137896060943603515625" lon="108.4494608826935291290283203125">
        <ele>453.600006103515625</ele>
        <time>2026-07-24T14:11:27.000Z</time>
        <extensions>
          <ns3:TrackPointExtension>
            <ns3:hr>161</ns3:hr>
            <ns3:cad>94</ns3:cad>
          </ns3:TrackPointExtension>
        </extensions>
      </trkpt>
      <trkpt lat="30.74907481670379638671875" lon="108.4494873695075511932373046875">
        <ele>453.600006103515625</ele>
        <time>2026-07-24T14:11:28.000Z</time>
        <extensions>
          <ns3:TrackPointExtension>
            <ns3:hr>161</ns3:hr>
            <ns3:cad>94</ns3:cad>
          </ns3:TrackPointExtension>
        </extensions>
      </trkpt>
      <trkpt lat="30.74907037429511547088623046875" lon="108.44950656406581401824951171875">
        <ele>453.600006103515625</ele>
        <time>2026-07-24T14:11:29.000Z</time>
        <extensions>
          <ns3:TrackPointExtension>
            <ns3:hr>161</ns3:hr>
            <ns3:cad>93</ns3:cad>
          </ns3:TrackPointExtension>
        </extensions>
      </trkpt>
      <trkpt lat="30.7490689493715763092041015625" lon="108.44953204505145549774169921875">
        <ele>453.79998779296875</ele>
        <time>2026-07-24T14:11:30.000Z</time>
        <extensions>
          <ns3:TrackPointExtension>
            <ns3:hr>161</ns3:hr>
            <ns3:cad>93</ns3:cad>
          </ns3:TrackPointExtension>
        </extensions>
      </trkpt>
      <trkpt lat="30.7490694522857666015625" lon="108.4495534189045429229736328125">
        <ele>453.79998779296875</ele>
        <time>2026-07-24T14:11:31.000Z</time>
        <extensions>
          <ns3:TrackPointExtension>
            <ns3:hr>161</ns3:hr>
            <ns3:cad>93</ns3:cad>
          </ns3:TrackPointExtension>
        </extensions>
      </trkpt>
      <trkpt lat="30.74906970374286174774169921875" lon="108.44958342611789703369140625">
        <ele>453.79998779296875</ele>
        <time>2026-07-24T14:11:32.000Z</time>
        <extensions>
          <ns3:TrackPointExtension>
            <ns3:hr>161</ns3:hr>
            <ns3:cad>92</ns3:cad>
          </ns3:TrackPointExtension>
        </extensions>
      </trkpt>
      <trkpt lat="30.7490696199238300323486328125" lon="108.44960211776196956634521484375">
        <ele>454</ele>
        <time>2026-07-24T14:11:33.000Z</time>
        <extensions>
          <ns3:TrackPointExtension>
            <ns3:hr>161</ns3:hr>
            <ns3:cad>92</ns3:cad>
          </ns3:TrackPointExtension>
        </extensions>
      </trkpt>
      <trkpt lat="30.7490689493715763092041015625" lon="108.4496278502047061920166015625">
        <ele>454</ele>
        <time>2026-07-24T14:11:34.000Z</time>
        <extensions>
          <ns3:TrackPointExtension>
            <ns3:hr>161</ns3:hr>
            <ns3:cad>92</ns3:cad>
          </ns3:TrackPointExtension>
        </extensions>
      </trkpt>
      <trkpt lat="30.74907037429511547088623046875" lon="108.4496462903916835784912109375">
        <ele>454</ele>
        <time>2026-07-24T14:11:35.000Z</time>
        <extensions>
          <ns3:TrackPointExtension>
            <ns3:hr>161</ns3:hr>
            <ns3:cad>93</ns3:cad>
          </ns3:TrackPointExtension>
        </extensions>
      </trkpt>
      <trkpt lat="30.74906970374286174774169921875" lon="108.4496697597205638885498046875">
        <ele>454</ele>
        <time>2026-07-24T14:11:36.000Z</time>
        <extensions>
          <ns3:TrackPointExtension>
            <ns3:hr>161</ns3:hr>
            <ns3:cad>93</ns3:cad>
          </ns3:TrackPointExtension>
        </extensions>
      </trkpt>
      <trkpt lat="30.7490739785134792327880859375" lon="108.4496892057359218597412109375">
        <ele>454</ele>
        <time>2026-07-24T14:11:37.000Z</time>
        <extensions>
          <ns3:TrackPointExtension>
            <ns3:hr>161</ns3:hr>
            <ns3:cad>91</ns3:cad>
          </ns3:TrackPointExtension>
        </extensions>
      </trkpt>
      <trkpt lat="30.749071799218654632568359375" lon="108.449710495769977569580078125">
        <ele>454</ele>
        <time>2026-07-24T14:11:38.000Z</time>
        <extensions>
          <ns3:TrackPointExtension>
            <ns3:hr>161</ns3:hr>
            <ns3:cad>91</ns3:cad>
          </ns3:TrackPointExtension>
        </extensions>
      </trkpt>
      <trkpt lat="30.74907221831381320953369140625" lon="108.4497354738414287567138671875">
        <ele>454</ele>
        <time>2026-07-24T14:11:39.000Z</time>
        <extensions>
          <ns3:TrackPointExtension>
            <ns3:hr>162</ns3:hr>
            <ns3:cad>92</ns3:cad>
          </ns3:TrackPointExtension>
        </extensions>
      </trkpt>
      <trkpt lat="30.7490746490657329559326171875" lon="108.44975668005645275115966796875">
        <ele>454</ele>
        <time>2026-07-24T14:11:40.000Z</time>
        <extensions>
          <ns3:TrackPointExtension>
            <ns3:hr>162</ns3:hr>
            <ns3:cad>93</ns3:cad>
          </ns3:TrackPointExtension>
        </extensions>
      </trkpt>
      <trkpt lat="30.74907280504703521728515625" lon="108.44978727400302886962890625">
        <ele>454.20001220703125</ele>
        <time>2026-07-24T14:11:41.000Z</time>
        <extensions>
          <ns3:TrackPointExtension>
            <ns3:hr>163</ns3:hr>
            <ns3:cad>93</ns3:cad>
          </ns3:TrackPointExtension>
        </extensions>
      </trkpt>
      <trkpt lat="30.74907104484736919403076171875" lon="108.44980965368449687957763671875">
        <ele>454.20001220703125</ele>
        <time>2026-07-24T14:11:42.000Z</time>
        <extensions>
          <ns3:TrackPointExtension>
            <ns3:hr>163</ns3:hr>
            <ns3:cad>92</ns3:cad>
          </ns3:TrackPointExtension>
        </extensions>
      </trkpt>
      <trkpt lat="30.74907121248543262481689453125" lon="108.4498350508511066436767578125">
        <ele>454.399993896484375</ele>
        <time>2026-07-24T14:11:43.000Z</time>
        <extensions>
          <ns3:TrackPointExtension>
            <ns3:hr>163</ns3:hr>
            <ns3:cad>91</ns3:cad>
          </ns3:TrackPointExtension>
        </extensions>
      </trkpt>
      <trkpt lat="30.74907490052282810211181640625" lon="108.4498578496277332305908203125">
        <ele>454.399993896484375</ele>
        <time>2026-07-24T14:11:44.000Z</time>
        <extensions>
          <ns3:TrackPointExtension>
            <ns3:hr>163</ns3:hr>
            <ns3:cad>91</ns3:cad>
          </ns3:TrackPointExtension>
        </extensions>
      </trkpt>
      <trkpt lat="30.74908361770212650299072265625" lon="108.44988509081304073333740234375">
        <ele>454.600006103515625</ele>
        <time>2026-07-24T14:11:45.000Z</time>
        <extensions>
          <ns3:TrackPointExtension>
            <ns3:hr>163</ns3:hr>
            <ns3:cad>91</ns3:cad>
          </ns3:TrackPointExtension>
        </extensions>
      </trkpt>
      <trkpt lat="30.74909183196723461151123046875" lon="108.44990688376128673553466796875">
        <ele>454.600006103515625</ele>
        <time>2026-07-24T14:11:46.000Z</time>
        <extensions>
          <ns3:TrackPointExtension>
            <ns3:hr>163</ns3:hr>
            <ns3:cad>92</ns3:cad>
          </ns3:TrackPointExtension>
        </extensions>
      </trkpt>
      <trkpt lat="30.749103315174579620361328125" lon="108.4499285928905010223388671875">
        <ele>454.600006103515625</ele>
        <time>2026-07-24T14:11:47.000Z</time>
        <extensions>
          <ns3:TrackPointExtension>
            <ns3:hr>162</ns3:hr>
            <ns3:cad>92</ns3:cad>
          </ns3:TrackPointExtension>
        </extensions>
      </trkpt>
      <trkpt lat="30.74911697767674922943115234375" lon="108.4499369747936725616455078125">
        <ele>454.600006103515625</ele>
        <time>2026-07-24T14:11:48.000Z</time>
        <extensions>
          <ns3:TrackPointExtension>
            <ns3:hr>162</ns3:hr>
            <ns3:cad>92</ns3:cad>
          </ns3:TrackPointExtension>
        </extensions>
      </trkpt>
      <trkpt lat="30.74913223274052143096923828125" lon="108.44994175247848033905029296875">
        <ele>454.600006103515625</ele>
        <time>2026-07-24T14:11:49.000Z</time>
        <extensions>
          <ns3:TrackPointExtension>
            <ns3:hr>162</ns3:hr>
            <ns3:cad>92</ns3:cad>
          </ns3:TrackPointExtension>
        </extensions>
      </trkpt>
      <trkpt lat="30.74915369041264057159423828125" lon="108.44994359649717807769775390625">
        <ele>454.79998779296875</ele>
        <time>2026-07-24T14:11:50.000Z</time>
        <extensions>
          <ns3:TrackPointExtension>
            <ns3:hr>162</ns3:hr>
            <ns3:cad>92</ns3:cad>
          </ns3:TrackPointExtension>
        </extensions>
      </trkpt>
      <trkpt lat="30.74916827492415904998779296875" lon="108.4499423392117023468017578125">
        <ele>454.79998779296875</ele>
        <time>2026-07-24T14:11:51.000Z</time>
        <extensions>
          <ns3:TrackPointExtension>
            <ns3:hr>161</ns3:hr>
            <ns3:cad>94</ns3:cad>
          </ns3:TrackPointExtension>
        </extensions>
      </trkpt>
      <trkpt lat="30.7491914927959442138671875" lon="108.44994275830686092376708984375">
        <ele>454.79998779296875</ele>
        <time>2026-07-24T14:11:52.000Z</time>
        <extensions>
          <ns3:TrackPointExtension>
            <ns3:hr>161</ns3:hr>
            <ns3:cad>94</ns3:cad>
          </ns3:TrackPointExtension>
        </extensions>
      </trkpt>
      <trkpt lat="30.74920968152582645416259765625" lon="108.4499420039355754852294921875">
        <ele>454.79998779296875</ele>
        <time>2026-07-24T14:11:53.000Z</time>
        <extensions>
          <ns3:TrackPointExtension>
            <ns3:hr>161</ns3:hr>
            <ns3:cad>94</ns3:cad>
          </ns3:TrackPointExtension>
        </extensions>
      </trkpt>
      <trkpt lat="30.74923784472048282623291015625" lon="108.4499416686594486236572265625">
        <ele>454.79998779296875</ele>
        <time>2026-07-24T14:11:54.000Z</time>
        <extensions>
          <ns3:TrackPointExtension>
            <ns3:hr>161</ns3:hr>
            <ns3:cad>93</ns3:cad>
          </ns3:TrackPointExtension>
        </extensions>
      </trkpt>
      <trkpt lat="30.74925980530679225921630859375" lon="108.44993881881237030029296875">
        <ele>454.79998779296875</ele>
        <time>2026-07-24T14:11:55.000Z</time>
        <extensions>
          <ns3:TrackPointExtension>
            <ns3:hr>161</ns3:hr>
            <ns3:cad>94</ns3:cad>
          </ns3:TrackPointExtension>
        </extensions>
      </trkpt>
      <trkpt lat="30.74928201735019683837890625" lon="108.44993739388883113861083984375">
        <ele>454.79998779296875</ele>
        <time>2026-07-24T14:11:56.000Z</time>
        <extensions>
          <ns3:TrackPointExtension>
            <ns3:hr>162</ns3:hr>
            <ns3:cad>95</ns3:cad>
          </ns3:TrackPointExtension>
        </extensions>
      </trkpt>
      <trkpt lat="30.74930557049810886383056640625" lon="108.44993722625076770782470703125">
        <ele>454.79998779296875</ele>
        <time>2026-07-24T14:11:57.000Z</time>
        <extensions>
          <ns3:TrackPointExtension>
            <ns3:hr>161</ns3:hr>
            <ns3:cad>95</ns3:cad>
          </ns3:TrackPointExtension>
        </extensions>
      </trkpt>
      <trkpt lat="30.74932401068508625030517578125" lon="108.44994024373590946197509765625">
        <ele>454.600006103515625</ele>
        <time>2026-07-24T14:11:58.000Z</time>
        <extensions>
          <ns3:TrackPointExtension>
            <ns3:hr>161</ns3:hr>
            <ns3:cad>93</ns3:cad>
          </ns3:TrackPointExtension>
        </extensions>
      </trkpt>
      <trkpt lat="30.74934110976755619049072265625" lon="108.4499403275549411773681640625">
        <ele>454.600006103515625</ele>
        <time>2026-07-24T14:11:59.000Z</time>
        <extensions>
          <ns3:TrackPointExtension>
            <ns3:hr>162</ns3:hr>
            <ns3:cad>92</ns3:cad>
          </ns3:TrackPointExtension>
        </extensions>
      </trkpt>
      <trkpt lat="30.749354101717472076416015625" lon="108.44993504695594310760498046875">
        <ele>454.600006103515625</ele>
        <time>2026-07-24T14:12:00.000Z</time>
        <extensions>
          <ns3:TrackPointExtension>
            <ns3:hr>161</ns3:hr>
            <ns3:cad>92</ns3:cad>
          </ns3:TrackPointExtension>
        </extensions>
      </trkpt>
      <trkpt lat="30.7493767328560352325439453125" lon="108.4499356336891651153564453125">
        <ele>454.600006103515625</ele>
        <time>2026-07-24T14:12:01.000Z</time>
        <extensions>
          <ns3:TrackPointExtension>
            <ns3:hr>161</ns3:hr>
            <ns3:cad>94</ns3:cad>
          </ns3:TrackPointExtension>
        </extensions>
      </trkpt>
      <trkpt lat="30.74939793907105922698974609375" lon="108.44993412494659423828125">
        <ele>454.600006103515625</ele>
        <time>2026-07-24T14:12:02.000Z</time>
        <extensions>
          <ns3:TrackPointExtension>
            <ns3:hr>162</ns3:hr>
            <ns3:cad>94</ns3:cad>
          </ns3:TrackPointExtension>
        </extensions>
      </trkpt>
      <trkpt lat="30.74942417442798614501953125" lon="108.44993479549884796142578125">
        <ele>454.600006103515625</ele>
        <time>2026-07-24T14:12:03.000Z</time>
        <extensions>
          <ns3:TrackPointExtension>
            <ns3:hr>161</ns3:hr>
            <ns3:cad>94</ns3:cad>
          </ns3:TrackPointExtension>
        </extensions>
      </trkpt>
      <trkpt lat="30.749446637928485870361328125" lon="108.44993404112756252288818359375">
        <ele>454.600006103515625</ele>
        <time>2026-07-24T14:12:04.000Z</time>
        <extensions>
          <ns3:TrackPointExtension>
            <ns3:hr>162</ns3:hr>
            <ns3:cad>94</ns3:cad>
          </ns3:TrackPointExtension>
        </extensions>
      </trkpt>
      <trkpt lat="30.7494702748954296112060546875" lon="108.449935801327228546142578125">
        <ele>454.600006103515625</ele>
        <time>2026-07-24T14:12:05.000Z</time>
        <extensions>
          <ns3:TrackPointExtension>
            <ns3:hr>162</ns3:hr>
            <ns3:cad>94</ns3:cad>
          </ns3:TrackPointExtension>
        </extensions>
      </trkpt>
      <trkpt lat="30.74948963709175586700439453125" lon="108.4499316103756427764892578125">
        <ele>454.79998779296875</ele>
        <time>2026-07-24T14:12:06.000Z</time>
        <extensions>
          <ns3:TrackPointExtension>
            <ns3:hr>162</ns3:hr>
            <ns3:cad>94</ns3:cad>
          </ns3:TrackPointExtension>
        </extensions>
      </trkpt>
      <trkpt lat="30.74950824491679668426513671875" lon="108.44993035309016704559326171875">
        <ele>454.79998779296875</ele>
        <time>2026-07-24T14:12:07.000Z</time>
        <extensions>
          <ns3:TrackPointExtension>
            <ns3:hr>162</ns3:hr>
            <ns3:cad>93</ns3:cad>
          </ns3:TrackPointExtension>
        </extensions>
      </trkpt>
      <trkpt lat="30.749531127512454986572265625" lon="108.44992850907146930694580078125">
        <ele>454.79998779296875</ele>
        <time>2026-07-24T14:12:08.000Z</time>
        <extensions>
          <ns3:TrackPointExtension>
            <ns3:hr>163</ns3:hr>
            <ns3:cad>92</ns3:cad>
          </ns3:TrackPointExtension>
        </extensions>
      </trkpt>
      <trkpt lat="30.74954831041395664215087890625" lon="108.4499282576143741607666015625">
        <ele>454.79998779296875</ele>
        <time>2026-07-24T14:12:09.000Z</time>
        <extensions>
          <ns3:TrackPointExtension>
            <ns3:hr>163</ns3:hr>
            <ns3:cad>92</ns3:cad>
          </ns3:TrackPointExtension>
        </extensions>
      </trkpt>
      <trkpt lat="30.74957228265702724456787109375" lon="108.44993353821337223052978515625">
        <ele>454.79998779296875</ele>
        <time>2026-07-24T14:12:10.000Z</time>
        <extensions>
          <ns3:TrackPointExtension>
            <ns3:hr>163</ns3:hr>
            <ns3:cad>92</ns3:cad>
          </ns3:TrackPointExtension>
        </extensions>
      </trkpt>
      <trkpt lat="30.74959089048206806182861328125" lon="108.4499354660511016845703125">
        <ele>454.79998779296875</ele>
        <time>2026-07-24T14:12:11.000Z</time>
        <extensions>
          <ns3:TrackPointExtension>
            <ns3:hr>163</ns3:hr>
            <ns3:cad>92</ns3:cad>
          </ns3:TrackPointExtension>
        </extensions>
      </trkpt>
      <trkpt lat="30.7496194727718830108642578125" lon="108.449938483536243438720703125">
        <ele>455</ele>
        <time>2026-07-24T14:12:12.000Z</time>
        <extensions>
          <ns3:TrackPointExtension>
            <ns3:hr>162</ns3:hr>
            <ns3:cad>92</ns3:cad>
          </ns3:TrackPointExtension>
        </extensions>
      </trkpt>
      <trkpt lat="30.7496402598917484283447265625" lon="108.44993387348949909210205078125">
        <ele>455</ele>
        <time>2026-07-24T14:12:13.000Z</time>
        <extensions>
          <ns3:TrackPointExtension>
            <ns3:hr>163</ns3:hr>
            <ns3:cad>92</ns3:cad>
          </ns3:TrackPointExtension>
        </extensions>
      </trkpt>
      <trkpt lat="30.74966557323932647705078125" lon="108.4499399922788143157958984375">
        <ele>455.20001220703125</ele>
        <time>2026-07-24T14:12:14.000Z</time>
        <extensions>
          <ns3:TrackPointExtension>
            <ns3:hr>162</ns3:hr>
            <ns3:cad>92</ns3:cad>
          </ns3:TrackPointExtension>
        </extensions>
      </trkpt>
      <trkpt lat="30.7496841810643672943115234375" lon="108.4499346278607845306396484375">
        <ele>455.20001220703125</ele>
        <time>2026-07-24T14:12:15.000Z</time>
        <extensions>
          <ns3:TrackPointExtension>
            <ns3:hr>162</ns3:hr>
            <ns3:cad>92</ns3:cad>
          </ns3:TrackPointExtension>
        </extensions>
      </trkpt>
      <trkpt lat="30.74970505200326442718505859375" lon="108.4499394893646240234375">
        <ele>455.20001220703125</ele>
        <time>2026-07-24T14:12:16.000Z</time>
        <extensions>
          <ns3:TrackPointExtension>
            <ns3:hr>162</ns3:hr>
            <ns3:cad>93</ns3:cad>
          </ns3:TrackPointExtension>
        </extensions>
      </trkpt>
      <trkpt lat="30.74971829541027545928955078125" lon="108.44993789680302143096923828125">
        <ele>455.399993896484375</ele>
        <time>2026-07-24T14:12:17.000Z</time>
        <extensions>
          <ns3:TrackPointExtension>
            <ns3:hr>162</ns3:hr>
            <ns3:cad>94</ns3:cad>
          </ns3:TrackPointExtension>
        </extensions>
      </trkpt>
      <trkpt lat="30.74973757378756999969482421875" lon="108.44994359649717807769775390625">
        <ele>455.399993896484375</ele>
        <time>2026-07-24T14:12:18.000Z</time>
        <extensions>
          <ns3:TrackPointExtension>
            <ns3:hr>163</ns3:hr>
            <ns3:cad>94</ns3:cad>
          </ns3:TrackPointExtension>
        </extensions>
      </trkpt>
      <trkpt lat="30.7497576065361499786376953125" lon="108.44993588514626026153564453125">
        <ele>455.600006103515625</ele>
        <time>2026-07-24T14:12:19.000Z</time>
        <extensions>
          <ns3:TrackPointExtension>
            <ns3:hr>163</ns3:hr>
            <ns3:cad>94</ns3:cad>
          </ns3:TrackPointExtension>
        </extensions>
      </trkpt>
      <trkpt lat="30.74977596290409564971923828125" lon="108.44993613660335540771484375">
        <ele>455.600006103515625</ele>
        <time>2026-07-24T14:12:20.000Z</time>
        <extensions>
          <ns3:TrackPointExtension>
            <ns3:hr>163</ns3:hr>
            <ns3:cad>93</ns3:cad>
          </ns3:TrackPointExtension>
        </extensions>
      </trkpt>
      <trkpt lat="30.74979658238589763641357421875" lon="108.4499312750995159149169921875">
        <ele>455.600006103515625</ele>
        <time>2026-07-24T14:12:21.000Z</time>
        <extensions>
          <ns3:TrackPointExtension>
            <ns3:hr>163</ns3:hr>
            <ns3:cad>93</ns3:cad>
          </ns3:TrackPointExtension>
        </extensions>
      </trkpt>
      <trkpt lat="30.7498105801641941070556640625" lon="108.4499306045472621917724609375">
        <ele>455.600006103515625</ele>
        <time>2026-07-24T14:12:22.000Z</time>
        <extensions>
          <ns3:TrackPointExtension>
            <ns3:hr>162</ns3:hr>
            <ns3:cad>93</ns3:cad>
          </ns3:TrackPointExtension>
        </extensions>
      </trkpt>
      <trkpt lat="30.74983279220759868621826171875" lon="108.44993018545210361480712890625">
        <ele>455.79998779296875</ele>
        <time>2026-07-24T14:12:23.000Z</time>
        <extensions>
          <ns3:TrackPointExtension>
            <ns3:hr>163</ns3:hr>
            <ns3:cad>93</ns3:cad>
          </ns3:TrackPointExtension>
        </extensions>
      </trkpt>
      <trkpt lat="30.7498518191277980804443359375" lon="108.4499265812337398529052734375">
        <ele>455.79998779296875</ele>
        <time>2026-07-24T14:12:24.000Z</time>
        <extensions>
          <ns3:TrackPointExtension>
            <ns3:hr>162</ns3:hr>
            <ns3:cad>93</ns3:cad>
          </ns3:TrackPointExtension>
        </extensions>
      </trkpt>
      <trkpt lat="30.74987486936151981353759765625" lon="108.44991979189217090606689453125">
        <ele>455.79998779296875</ele>
        <time>2026-07-24T14:12:25.000Z</time>
        <extensions>
          <ns3:TrackPointExtension>
            <ns3:hr>162</ns3:hr>
            <ns3:cad>93</ns3:cad>
          </ns3:TrackPointExtension>
        </extensions>
      </trkpt>
      <trkpt lat="30.7498860172927379608154296875" lon="108.4499114938080310821533203125">
        <ele>455.79998779296875</ele>
        <time>2026-07-24T14:12:26.000Z</time>
        <extensions>
          <ns3:TrackPointExtension>
            <ns3:hr>161</ns3:hr>
            <ns3:cad>93</ns3:cad>
          </ns3:TrackPointExtension>
        </extensions>
      </trkpt>
      <trkpt lat="30.74990957044064998626708984375" lon="108.4499064646661281585693359375">
        <ele>455.79998779296875</ele>
        <time>2026-07-24T14:12:27.000Z</time>
        <extensions>
          <ns3:TrackPointExtension>
            <ns3:hr>160</ns3:hr>
            <ns3:cad>94</ns3:cad>
          </ns3:TrackPointExtension>
        </extensions>
      </trkpt>
      <trkpt lat="30.74992499314248561859130859375" lon="108.449896238744258880615234375">
        <ele>455.79998779296875</ele>
        <time>2026-07-24T14:12:28.000Z</time>
        <extensions>
          <ns3:TrackPointExtension>
            <ns3:hr>160</ns3:hr>
            <ns3:cad>94</ns3:cad>
          </ns3:TrackPointExtension>
        </extensions>
      </trkpt>
      <trkpt lat="30.749948211014270782470703125" lon="108.44989120960235595703125">
        <ele>455.79998779296875</ele>
        <time>2026-07-24T14:12:29.000Z</time>
        <extensions>
          <ns3:TrackPointExtension>
            <ns3:hr>160</ns3:hr>
            <ns3:cad>94</ns3:cad>
          </ns3:TrackPointExtension>
        </extensions>
      </trkpt>
      <trkpt lat="30.7499728538095951080322265625" lon="108.4498806484043598175048828125">
        <ele>455.79998779296875</ele>
        <time>2026-07-24T14:12:30.000Z</time>
        <extensions>
          <ns3:TrackPointExtension>
            <ns3:hr>160</ns3:hr>
            <ns3:cad>94</ns3:cad>
          </ns3:TrackPointExtension>
        </extensions>
      </trkpt>
      <trkpt lat="30.749996490776538848876953125" lon="108.44986933283507823944091796875">
        <ele>455.79998779296875</ele>
        <time>2026-07-24T14:12:31.000Z</time>
        <extensions>
          <ns3:TrackPointExtension>
            <ns3:hr>160</ns3:hr>
            <ns3:cad>92</ns3:cad>
          </ns3:TrackPointExtension>
        </extensions>
      </trkpt>
      <trkpt lat="30.7500154338777065277099609375" lon="108.44985391013324260711669921875">
        <ele>455.79998779296875</ele>
        <time>2026-07-24T14:12:32.000Z</time>
        <extensions>
          <ns3:TrackPointExtension>
            <ns3:hr>159</ns3:hr>
            <ns3:cad>92</ns3:cad>
          </ns3:TrackPointExtension>
        </extensions>
      </trkpt>
      <trkpt lat="30.75003094039857387542724609375" lon="108.44983496703207492828369140625">
        <ele>455.600006103515625</ele>
        <time>2026-07-24T14:12:33.000Z</time>
        <extensions>
          <ns3:TrackPointExtension>
            <ns3:hr>159</ns3:hr>
            <ns3:cad>93</ns3:cad>
          </ns3:TrackPointExtension>
        </extensions>
      </trkpt>
      <trkpt lat="30.75004451908171176910400390625" lon="108.44980948604643344879150390625">
        <ele>455.399993896484375</ele>
        <time>2026-07-24T14:12:34.000Z</time>
        <extensions>
          <ns3:TrackPointExtension>
            <ns3:hr>159</ns3:hr>
            <ns3:cad>93</ns3:cad>
          </ns3:TrackPointExtension>
        </extensions>
      </trkpt>
      <trkpt lat="30.7500566728413105010986328125" lon="108.449791632592678070068359375">
        <ele>455.399993896484375</ele>
        <time>2026-07-24T14:12:35.000Z</time>
        <extensions>
          <ns3:TrackPointExtension>
            <ns3:hr>159</ns3:hr>
            <ns3:cad>93</ns3:cad>
          </ns3:TrackPointExtension>
        </extensions>
      </trkpt>
      <trkpt lat="30.7500707544386386871337890625" lon="108.449762798845767974853515625">
        <ele>455.399993896484375</ele>
        <time>2026-07-24T14:12:36.000Z</time>
        <extensions>
          <ns3:TrackPointExtension>
            <ns3:hr>159</ns3:hr>
            <ns3:cad>92</ns3:cad>
          </ns3:TrackPointExtension>
        </extensions>
      </trkpt>
      <trkpt lat="30.750074945390224456787109375" lon="108.44974461011588573455810546875">
        <ele>455.20001220703125</ele>
        <time>2026-07-24T14:12:37.000Z</time>
        <extensions>
          <ns3:TrackPointExtension>
            <ns3:hr>159</ns3:hr>
            <ns3:cad>91</ns3:cad>
          </ns3:TrackPointExtension>
        </extensions>
      </trkpt>
      <trkpt lat="30.75007787905633449554443359375" lon="108.4497182071208953857421875">
        <ele>455.20001220703125</ele>
        <time>2026-07-24T14:12:38.000Z</time>
        <extensions>
          <ns3:TrackPointExtension>
            <ns3:hr>159</ns3:hr>
            <ns3:cad>91</ns3:cad>
          </ns3:TrackPointExtension>
        </extensions>
      </trkpt>
      <trkpt lat="30.75007687322795391082763671875" lon="108.449696414172649383544921875">
        <ele>455.20001220703125</ele>
        <time>2026-07-24T14:12:39.000Z</time>
        <extensions>
          <ns3:TrackPointExtension>
            <ns3:hr>158</ns3:hr>
            <ns3:cad>92</ns3:cad>
          </ns3:TrackPointExtension>
        </extensions>
      </trkpt>
      <trkpt lat="30.75008374638855457305908203125" lon="108.4496726095676422119140625">
        <ele>455</ele>
        <time>2026-07-24T14:12:40.000Z</time>
        <extensions>
          <ns3:TrackPointExtension>
            <ns3:hr>158</ns3:hr>
            <ns3:cad>92</ns3:cad>
          </ns3:TrackPointExtension>
        </extensions>
      </trkpt>
      <trkpt lat="30.750086009502410888671875" lon="108.44964243471622467041015625">
        <ele>455</ele>
        <time>2026-07-24T14:12:41.000Z</time>
        <extensions>
          <ns3:TrackPointExtension>
            <ns3:hr>158</ns3:hr>
            <ns3:cad>93</ns3:cad>
          </ns3:TrackPointExtension>
        </extensions>
      </trkpt>
      <trkpt lat="30.7500908710062503814697265625" lon="108.44961251132190227508544921875">
        <ele>454.79998779296875</ele>
        <time>2026-07-24T14:12:42.000Z</time>
        <extensions>
          <ns3:TrackPointExtension>
            <ns3:hr>158</ns3:hr>
            <ns3:cad>93</ns3:cad>
          </ns3:TrackPointExtension>
        </extensions>
      </trkpt>
      <trkpt lat="30.75009196065366268157958984375" lon="108.44958485104143619537353515625">
        <ele>454.79998779296875</ele>
        <time>2026-07-24T14:12:43.000Z</time>
        <extensions>
          <ns3:TrackPointExtension>
            <ns3:hr>158</ns3:hr>
            <ns3:cad>93</ns3:cad>
          </ns3:TrackPointExtension>
        </extensions>
      </trkpt>
      <trkpt lat="30.7500905357301235198974609375" lon="108.44956372864544391632080078125">
        <ele>454.600006103515625</ele>
        <time>2026-07-24T14:12:44.000Z</time>
        <extensions>
          <ns3:TrackPointExtension>
            <ns3:hr>158</ns3:hr>
            <ns3:cad>93</ns3:cad>
          </ns3:TrackPointExtension>
        </extensions>
      </trkpt>
      <trkpt lat="30.75009413994848728179931640625" lon="108.4495363198220729827880859375">
        <ele>454.399993896484375</ele>
        <time>2026-07-24T14:12:45.000Z</time>
        <extensions>
          <ns3:TrackPointExtension>
            <ns3:hr>158</ns3:hr>
            <ns3:cad>93</ns3:cad>
          </ns3:TrackPointExtension>
        </extensions>
      </trkpt>
      <trkpt lat="30.75009229592978954315185546875" lon="108.44951846636831760406494140625">
        <ele>454.20001220703125</ele>
        <time>2026-07-24T14:12:46.000Z</time>
        <extensions>
          <ns3:TrackPointExtension>
            <ns3:hr>158</ns3:hr>
            <ns3:cad>93</ns3:cad>
          </ns3:TrackPointExtension>
        </extensions>
      </trkpt>
      <trkpt lat="30.7500935532152652740478515625" lon="108.44948762096464633941650390625">
        <ele>454.20001220703125</ele>
        <time>2026-07-24T14:12:47.000Z</time>
        <extensions>
          <ns3:TrackPointExtension>
            <ns3:hr>158</ns3:hr>
            <ns3:cad>93</ns3:cad>
          </ns3:TrackPointExtension>
        </extensions>
      </trkpt>
      <trkpt lat="30.75009179301559925079345703125" lon="108.4494655765593051910400390625">
        <ele>454</ele>
        <time>2026-07-24T14:12:48.000Z</time>
        <extensions>
          <ns3:TrackPointExtension>
            <ns3:hr>158</ns3:hr>
            <ns3:cad>92</ns3:cad>
          </ns3:TrackPointExtension>
        </extensions>
      </trkpt>
      <trkpt lat="30.7500918768346309661865234375" lon="108.44943498261272907257080078125">
        <ele>453.79998779296875</ele>
        <time>2026-07-24T14:12:49.000Z</time>
        <extensions>
          <ns3:TrackPointExtension>
            <ns3:hr>158</ns3:hr>
            <ns3:cad>91</ns3:cad>
          </ns3:TrackPointExtension>
        </extensions>
      </trkpt>
      <trkpt lat="30.7500861771404743194580078125" lon="108.449413776397705078125">
        <ele>453.600006103515625</ele>
        <time>2026-07-24T14:12:50.000Z</time>
        <extensions>
          <ns3:TrackPointExtension>
            <ns3:hr>159</ns3:hr>
            <ns3:cad>91</ns3:cad>
          </ns3:TrackPointExtension>
        </extensions>
      </trkpt>
      <trkpt lat="30.75008776970207691192626953125" lon="108.44938234426081180572509765625">
        <ele>453.399993896484375</ele>
        <time>2026-07-24T14:12:51.000Z</time>
        <extensions>
          <ns3:TrackPointExtension>
            <ns3:hr>159</ns3:hr>
            <ns3:cad>92</ns3:cad>
          </ns3:TrackPointExtension>
        </extensions>
      </trkpt>
      <trkpt lat="30.75008223764598369598388671875" lon="108.449362479150295257568359375">
        <ele>453.20001220703125</ele>
        <time>2026-07-24T14:12:52.000Z</time>
        <extensions>
          <ns3:TrackPointExtension>
            <ns3:hr>159</ns3:hr>
            <ns3:cad>93</ns3:cad>
          </ns3:TrackPointExtension>
        </extensions>
      </trkpt>
      <trkpt lat="30.75008592568337917327880859375" lon="108.44933456741273403167724609375">
        <ele>453</ele>
        <time>2026-07-24T14:12:53.000Z</time>
        <extensions>
          <ns3:TrackPointExtension>
            <ns3:hr>160</ns3:hr>
            <ns3:cad>93</ns3:cad>
          </ns3:TrackPointExtension>
        </extensions>
      </trkpt>
      <trkpt lat="30.75008533895015716552734375" lon="108.44930715858936309814453125">
        <ele>453</ele>
        <time>2026-07-24T14:12:54.000Z</time>
        <extensions>
          <ns3:TrackPointExtension>
            <ns3:hr>160</ns3:hr>
            <ns3:cad>93</ns3:cad>
          </ns3:TrackPointExtension>
        </extensions>
      </trkpt>
      <trkpt lat="30.75008709914982318878173828125" lon="108.4492784924805164337158203125">
        <ele>452.79998779296875</ele>
        <time>2026-07-24T14:12:55.000Z</time>
        <extensions>
          <ns3:TrackPointExtension>
            <ns3:hr>160</ns3:hr>
            <ns3:cad>91</ns3:cad>
          </ns3:TrackPointExtension>
        </extensions>
      </trkpt>
      <trkpt lat="30.7500895299017429351806640625" lon="108.449249826371669769287109375">
        <ele>452.600006103515625</ele>
        <time>2026-07-24T14:12:56.000Z</time>
        <extensions>
          <ns3:TrackPointExtension>
            <ns3:hr>160</ns3:hr>
            <ns3:cad>91</ns3:cad>
          </ns3:TrackPointExtension>
        </extensions>
      </trkpt>
      <trkpt lat="30.75009028427302837371826171875" lon="108.44922962598502635955810546875">
        <ele>452.600006103515625</ele>
        <time>2026-07-24T14:12:57.000Z</time>
        <extensions>
          <ns3:TrackPointExtension>
            <ns3:hr>159</ns3:hr>
            <ns3:cad>92</ns3:cad>
          </ns3:TrackPointExtension>
        </extensions>
      </trkpt>
      <trkpt lat="30.75008978135883808135986328125" lon="108.44920045696198940277099609375">
        <ele>452.399993896484375</ele>
        <time>2026-07-24T14:12:58.000Z</time>
        <extensions>
          <ns3:TrackPointExtension>
            <ns3:hr>159</ns3:hr>
            <ns3:cad>92</ns3:cad>
          </ns3:TrackPointExtension>
        </extensions>
      </trkpt>
      <trkpt lat="30.75008927844464778900146484375" lon="108.44918243587017059326171875">
        <ele>452.399993896484375</ele>
        <time>2026-07-24T14:12:59.000Z</time>
        <extensions>
          <ns3:TrackPointExtension>
            <ns3:hr>158</ns3:hr>
            <ns3:cad>93</ns3:cad>
          </ns3:TrackPointExtension>
        </extensions>
      </trkpt>
      <trkpt lat="30.75009061954915523529052734375" lon="108.44915117137134075164794921875">
        <ele>452.20001220703125</ele>
        <time>2026-07-24T14:13:00.000Z</time>
        <extensions>
          <ns3:TrackPointExtension>
            <ns3:hr>157</ns3:hr>
            <ns3:cad>93</ns3:cad>
          </ns3:TrackPointExtension>
        </extensions>
      </trkpt>
      <trkpt lat="30.7500834949314594268798828125" lon="108.4491306357085704803466796875">
        <ele>452.20001220703125</ele>
        <time>2026-07-24T14:13:01.000Z</time>
        <extensions>
          <ns3:TrackPointExtension>
            <ns3:hr>156</ns3:hr>
            <ns3:cad>93</ns3:cad>
          </ns3:TrackPointExtension>
        </extensions>
      </trkpt>
      <trkpt lat="30.75008441694080829620361328125" lon="108.4490986168384552001953125">
        <ele>452</ele>
        <time>2026-07-24T14:13:02.000Z</time>
        <extensions>
          <ns3:TrackPointExtension>
            <ns3:hr>155</ns3:hr>
            <ns3:cad>93</ns3:cad>
          </ns3:TrackPointExtension>
        </extensions>
      </trkpt>
      <trkpt lat="30.75007729232311248779296875" lon="108.4490743093192577362060546875">
        <ele>452</ele>
        <time>2026-07-24T14:13:03.000Z</time>
        <extensions>
          <ns3:TrackPointExtension>
            <ns3:hr>154</ns3:hr>
            <ns3:cad>93</ns3:cad>
          </ns3:TrackPointExtension>
        </extensions>
      </trkpt>
      <trkpt lat="30.7500767894089221954345703125" lon="108.44904421828687191009521484375">
        <ele>452</ele>
        <time>2026-07-24T14:13:04.000Z</time>
        <extensions>
          <ns3:TrackPointExtension>
            <ns3:hr>153</ns3:hr>
            <ns3:cad>93</ns3:cad>
          </ns3:TrackPointExtension>
        </extensions>
      </trkpt>
      <trkpt lat="30.75006899423897266387939453125" lon="108.44901856966316699981689453125">
        <ele>451.79998779296875</ele>
        <time>2026-07-24T14:13:05.000Z</time>
        <extensions>
          <ns3:TrackPointExtension>
            <ns3:hr>153</ns3:hr>
            <ns3:cad>93</ns3:cad>
          </ns3:TrackPointExtension>
        </extensions>
      </trkpt>
      <trkpt lat="30.75007167644798755645751953125" lon="108.44899065792560577392578125">
        <ele>451.600006103515625</ele>
        <time>2026-07-24T14:13:06.000Z</time>
        <extensions>
          <ns3:TrackPointExtension>
            <ns3:hr>153</ns3:hr>
            <ns3:cad>93</ns3:cad>
          </ns3:TrackPointExtension>
        </extensions>
      </trkpt>
      <trkpt lat="30.75006849132478237152099609375" lon="108.44896123744547367095947265625">
        <ele>451.600006103515625</ele>
        <time>2026-07-24T14:13:07.000Z</time>
        <extensions>
          <ns3:TrackPointExtension>
            <ns3:hr>152</ns3:hr>
            <ns3:cad>94</ns3:cad>
          </ns3:TrackPointExtension>
        </extensions>
      </trkpt>
      <trkpt lat="30.75007352046668529510498046875" lon="108.4489376842975616455078125">
        <ele>451.399993896484375</ele>
        <time>2026-07-24T14:13:08.000Z</time>
        <extensions>
          <ns3:TrackPointExtension>
            <ns3:hr>152</ns3:hr>
            <ns3:cad>93</ns3:cad>
          </ns3:TrackPointExtension>
        </extensions>
      </trkpt>
      <trkpt lat="30.75007603503763675689697265625" lon="108.4489076770842075347900390625">
        <ele>451.399993896484375</ele>
        <time>2026-07-24T14:13:09.000Z</time>
        <extensions>
          <ns3:TrackPointExtension>
            <ns3:hr>152</ns3:hr>
            <ns3:cad>93</ns3:cad>
          </ns3:TrackPointExtension>
        </extensions>
      </trkpt>
      <trkpt lat="30.75008072890341281890869140625" lon="108.4488885663449764251708984375">
        <ele>451.20001220703125</ele>
        <time>2026-07-24T14:13:10.000Z</time>
        <extensions>
          <ns3:TrackPointExtension>
            <ns3:hr>152</ns3:hr>
            <ns3:cad>93</ns3:cad>
          </ns3:TrackPointExtension>
        </extensions>
      </trkpt>
      <trkpt lat="30.750097073614597320556640625" lon="108.44886283390223979949951171875">
        <ele>451.20001220703125</ele>
        <time>2026-07-24T14:13:11.000Z</time>
        <extensions>
          <ns3:TrackPointExtension>
            <ns3:hr>153</ns3:hr>
            <ns3:cad>92</ns3:cad>
          </ns3:TrackPointExtension>
        </extensions>
      </trkpt>
      <trkpt lat="30.75010252185165882110595703125" lon="108.448847495019435882568359375">
        <ele>451</ele>
        <time>2026-07-24T14:13:12.000Z</time>
        <extensions>
          <ns3:TrackPointExtension>
            <ns3:hr>153</ns3:hr>
            <ns3:cad>91</ns3:cad>
          </ns3:TrackPointExtension>
        </extensions>
      </trkpt>
      <trkpt lat="30.75012012384831905364990234375" lon="108.44881840981543064117431640625">
        <ele>451</ele>
        <time>2026-07-24T14:13:13.000Z</time>
        <extensions>
          <ns3:TrackPointExtension>
            <ns3:hr>153</ns3:hr>
            <ns3:cad>91</ns3:cad>
          </ns3:TrackPointExtension>
        </extensions>
      </trkpt>
      <trkpt lat="30.750125907361507415771484375" lon="108.44879812560975551605224609375">
        <ele>451</ele>
        <time>2026-07-24T14:13:14.000Z</time>
        <extensions>
          <ns3:TrackPointExtension>
            <ns3:hr>153</ns3:hr>
            <ns3:cad>91</ns3:cad>
          </ns3:TrackPointExtension>
        </extensions>
      </trkpt>
      <trkpt lat="30.75014141388237476348876953125" lon="108.448772393167018890380859375">
        <ele>450.79998779296875</ele>
        <time>2026-07-24T14:13:15.000Z</time>
        <extensions>
          <ns3:TrackPointExtension>
            <ns3:hr>152</ns3:hr>
            <ns3:cad>93</ns3:cad>
          </ns3:TrackPointExtension>
        </extensions>
      </trkpt>
      <trkpt lat="30.750146694481372833251953125" lon="108.44875034876167774200439453125">
        <ele>450.79998779296875</ele>
        <time>2026-07-24T14:13:16.000Z</time>
        <extensions>
          <ns3:TrackPointExtension>
            <ns3:hr>152</ns3:hr>
            <ns3:cad>93</ns3:cad>
          </ns3:TrackPointExtension>
        </extensions>
      </trkpt>
      <trkpt lat="30.7501582615077495574951171875" lon="108.448728136718273162841796875">
        <ele>450.600006103515625</ele>
        <time>2026-07-24T14:13:17.000Z</time>
        <extensions>
          <ns3:TrackPointExtension>
            <ns3:hr>152</ns3:hr>
            <ns3:cad>94</ns3:cad>
          </ns3:TrackPointExtension>
        </extensions>
      </trkpt>
      <trkpt lat="30.75016287155449390411376953125" lon="108.4487070143222808837890625">
        <ele>450.600006103515625</ele>
        <time>2026-07-24T14:13:18.000Z</time>
        <extensions>
          <ns3:TrackPointExtension>
            <ns3:hr>152</ns3:hr>
            <ns3:cad>93</ns3:cad>
          </ns3:TrackPointExtension>
        </extensions>
      </trkpt>
      <trkpt lat="30.75017091818153858184814453125" lon="108.448683880269527435302734375">
        <ele>450.399993896484375</ele>
        <time>2026-07-24T14:13:19.000Z</time>
        <extensions>
          <ns3:TrackPointExtension>
            <ns3:hr>152</ns3:hr>
            <ns3:cad>93</ns3:cad>
          </ns3:TrackPointExtension>
        </extensions>
      </trkpt>
      <trkpt lat="30.75017862953245639801025390625" lon="108.44865932129323482513427734375">
        <ele>450.399993896484375</ele>
        <time>2026-07-24T14:13:20.000Z</time>
        <extensions>
          <ns3:TrackPointExtension>
            <ns3:hr>152</ns3:hr>
            <ns3:cad>93</ns3:cad>
          </ns3:TrackPointExtension>
        </extensions>
      </trkpt>
      <trkpt lat="30.750186927616596221923828125" lon="108.44864272512495517730712890625">
        <ele>450.399993896484375</ele>
        <time>2026-07-24T14:13:21.000Z</time>
        <extensions>
          <ns3:TrackPointExtension>
            <ns3:hr>152</ns3:hr>
            <ns3:cad>93</ns3:cad>
          </ns3:TrackPointExtension>
        </extensions>
      </trkpt>
      <trkpt lat="30.75019639916718006134033203125" lon="108.44861590303480625152587890625">
        <ele>450.20001220703125</ele>
        <time>2026-07-24T14:13:22.000Z</time>
        <extensions>
          <ns3:TrackPointExtension>
            <ns3:hr>152</ns3:hr>
            <ns3:cad>93</ns3:cad>
          </ns3:TrackPointExtension>
        </extensions>
      </trkpt>
      <trkpt lat="30.750205032527446746826171875" lon="108.44859712757170200347900390625">
        <ele>450.20001220703125</ele>
        <time>2026-07-24T14:13:23.000Z</time>
        <extensions>
          <ns3:TrackPointExtension>
            <ns3:hr>152</ns3:hr>
            <ns3:cad>93</ns3:cad>
          </ns3:TrackPointExtension>
        </extensions>
      </trkpt>
      <trkpt lat="30.750217102468013763427734375" lon="108.448565192520618438720703125">
        <ele>450</ele>
        <time>2026-07-24T14:13:24.000Z</time>
        <extensions>
          <ns3:TrackPointExtension>
            <ns3:hr>151</ns3:hr>
            <ns3:cad>93</ns3:cad>
          </ns3:TrackPointExtension>
        </extensions>
      </trkpt>
      <trkpt lat="30.7502281665802001953125" lon="108.44854599796235561370849609375">
        <ele>450</ele>
        <time>2026-07-24T14:13:25.000Z</time>
        <extensions>
          <ns3:TrackPointExtension>
            <ns3:hr>151</ns3:hr>
            <ns3:cad>93</ns3:cad>
          </ns3:TrackPointExtension>
        </extensions>
      </trkpt>
      <trkpt lat="30.7502447627484798431396484375" lon="108.44851867295801639556884765625">
        <ele>449.79998779296875</ele>
        <time>2026-07-24T14:13:26.000Z</time>
        <extensions>
          <ns3:TrackPointExtension>
            <ns3:hr>151</ns3:hr>
            <ns3:cad>93</ns3:cad>
          </ns3:TrackPointExtension>
        </extensions>
      </trkpt>
      <trkpt lat="30.750251971185207366943359375" lon="108.4485009871423244476318359375">
        <ele>449.600006103515625</ele>
        <time>2026-07-24T14:13:27.000Z</time>
        <extensions>
          <ns3:TrackPointExtension>
            <ns3:hr>151</ns3:hr>
            <ns3:cad>93</ns3:cad>
          </ns3:TrackPointExtension>
        </extensions>
      </trkpt>
      <trkpt lat="30.750264041125774383544921875" lon="108.44847424887120723724365234375">
        <ele>449.600006103515625</ele>
        <time>2026-07-24T14:13:28.000Z</time>
        <extensions>
          <ns3:TrackPointExtension>
            <ns3:hr>150</ns3:hr>
            <ns3:cad>93</ns3:cad>
          </ns3:TrackPointExtension>
        </extensions>
      </trkpt>
      <trkpt lat="30.75026881881058216094970703125" lon="108.44845362938940525054931640625">
        <ele>449.399993896484375</ele>
        <time>2026-07-24T14:13:29.000Z</time>
        <extensions>
          <ns3:TrackPointExtension>
            <ns3:hr>150</ns3:hr>
            <ns3:cad>93</ns3:cad>
          </ns3:TrackPointExtension>
        </extensions>
      </trkpt>
      <trkpt lat="30.75028474442660808563232421875" lon="108.448430411517620086669921875">
        <ele>449.20001220703125</ele>
        <time>2026-07-24T14:13:30.000Z</time>
        <extensions>
          <ns3:TrackPointExtension>
            <ns3:hr>150</ns3:hr>
            <ns3:cad>93</ns3:cad>
          </ns3:TrackPointExtension>
        </extensions>
      </trkpt>
      <trkpt lat="30.75029010884463787078857421875" lon="108.44841004349291324615478515625">
        <ele>449.20001220703125</ele>
        <time>2026-07-24T14:13:31.000Z</time>
        <extensions>
          <ns3:TrackPointExtension>
            <ns3:hr>150</ns3:hr>
            <ns3:cad>93</ns3:cad>
          </ns3:TrackPointExtension>
        </extensions>
      </trkpt>
      <trkpt lat="30.75030603446066379547119140625" lon="108.44839260913431644439697265625">
        <ele>449</ele>
        <time>2026-07-24T14:13:32.000Z</time>
        <extensions>
          <ns3:TrackPointExtension>
            <ns3:hr>150</ns3:hr>
            <ns3:cad>93</ns3:cad>
          </ns3:TrackPointExtension>
        </extensions>
      </trkpt>
      <trkpt lat="30.75031911022961139678955078125" lon="108.448370397090911865234375">
        <ele>449</ele>
        <time>2026-07-24T14:13:33.000Z</time>
        <extensions>
          <ns3:TrackPointExtension>
            <ns3:hr>150</ns3:hr>
            <ns3:cad>93</ns3:cad>
          </ns3:TrackPointExtension>
        </extensions>
      </trkpt>
      <trkpt lat="30.7503366284072399139404296875" lon="108.44835623167455196380615234375">
        <ele>449</ele>
        <time>2026-07-24T14:13:34.000Z</time>
        <extensions>
          <ns3:TrackPointExtension>
            <ns3:hr>150</ns3:hr>
            <ns3:cad>94</ns3:cad>
          </ns3:TrackPointExtension>
        </extensions>
      </trkpt>
      <trkpt lat="30.7503543980419635772705078125" lon="108.44833460636436939239501953125">
        <ele>448.79998779296875</ele>
        <time>2026-07-24T14:13:35.000Z</time>
        <extensions>
          <ns3:TrackPointExtension>
            <ns3:hr>150</ns3:hr>
            <ns3:cad>94</ns3:cad>
          </ns3:TrackPointExtension>
        </extensions>
      </trkpt>
      <trkpt lat="30.75036965310573577880859375" lon="108.44831499271094799041748046875">
        <ele>448.79998779296875</ele>
        <time>2026-07-24T14:13:36.000Z</time>
        <extensions>
          <ns3:TrackPointExtension>
            <ns3:hr>149</ns3:hr>
            <ns3:cad>94</ns3:cad>
          </ns3:TrackPointExtension>
        </extensions>
      </trkpt>
      <trkpt lat="30.750386416912078857421875" lon="108.44829118810594081878662109375">
        <ele>448.79998779296875</ele>
        <time>2026-07-24T14:13:37.000Z</time>
        <extensions>
          <ns3:TrackPointExtension>
            <ns3:hr>149</ns3:hr>
            <ns3:cad>93</ns3:cad>
          </ns3:TrackPointExtension>
        </extensions>
      </trkpt>
      <trkpt lat="30.75040074996650218963623046875" lon="108.44827794469892978668212890625">
        <ele>448.600006103515625</ele>
        <time>2026-07-24T14:13:38.000Z</time>
        <extensions>
          <ns3:TrackPointExtension>
            <ns3:hr>149</ns3:hr>
            <ns3:cad>92</ns3:cad>
          </ns3:TrackPointExtension>
        </extensions>
      </trkpt>
      <trkpt lat="30.7504157535731792449951171875" lon="108.44825430773198604583740234375">
        <ele>448.600006103515625</ele>
        <time>2026-07-24T14:13:39.000Z</time>
        <extensions>
          <ns3:TrackPointExtension>
            <ns3:hr>149</ns3:hr>
            <ns3:cad>91</ns3:cad>
          </ns3:TrackPointExtension>
        </extensions>
      </trkpt>
      <trkpt lat="30.75042195618152618408203125" lon="108.448238633573055267333984375">
        <ele>448.600006103515625</ele>
        <time>2026-07-24T14:13:40.000Z</time>
        <extensions>
          <ns3:TrackPointExtension>
            <ns3:hr>149</ns3:hr>
            <ns3:cad>91</ns3:cad>
          </ns3:TrackPointExtension>
        </extensions>
      </trkpt>
      <trkpt lat="30.75043595395982265472412109375" lon="108.44821256585419178009033203125">
        <ele>448.399993896484375</ele>
        <time>2026-07-24T14:13:41.000Z</time>
        <extensions>
          <ns3:TrackPointExtension>
            <ns3:hr>149</ns3:hr>
            <ns3:cad>92</ns3:cad>
          </ns3:TrackPointExtension>
        </extensions>
      </trkpt>
      <trkpt lat="30.7504467666149139404296875" lon="108.44819605350494384765625">
        <ele>448.399993896484375</ele>
        <time>2026-07-24T14:13:42.000Z</time>
        <extensions>
          <ns3:TrackPointExtension>
            <ns3:hr>150</ns3:hr>
            <ns3:cad>94</ns3:cad>
          </ns3:TrackPointExtension>
        </extensions>
      </trkpt>
      <trkpt lat="30.7504633627831935882568359375" lon="108.4481797926127910614013671875">
        <ele>448.20001220703125</ele>
        <time>2026-07-24T14:13:43.000Z</time>
        <extensions>
          <ns3:TrackPointExtension>
            <ns3:hr>150</ns3:hr>
            <ns3:cad>94</ns3:cad>
          </ns3:TrackPointExtension>
        </extensions>
      </trkpt>
      <trkpt lat="30.75047367252409458160400390625" lon="108.4481585025787353515625">
        <ele>448.20001220703125</ele>
        <time>2026-07-24T14:13:44.000Z</time>
        <extensions>
          <ns3:TrackPointExtension>
            <ns3:hr>151</ns3:hr>
            <ns3:cad>92</ns3:cad>
          </ns3:TrackPointExtension>
        </extensions>
      </trkpt>
      <trkpt lat="30.75049077160656452178955078125" lon="108.4481398947536945343017578125">
        <ele>448.20001220703125</ele>
        <time>2026-07-24T14:13:45.000Z</time>
        <extensions>
          <ns3:TrackPointExtension>
            <ns3:hr>151</ns3:hr>
            <ns3:cad>92</ns3:cad>
          </ns3:TrackPointExtension>
        </extensions>
      </trkpt>
      <trkpt lat="30.750504434108734130859375" lon="108.4481124021112918853759765625">
        <ele>448.20001220703125</ele>
        <time>2026-07-24T14:13:46.000Z</time>
        <extensions>
          <ns3:TrackPointExtension>
            <ns3:hr>152</ns3:hr>
            <ns3:cad>92</ns3:cad>
          </ns3:TrackPointExtension>
        </extensions>
      </trkpt>
      <trkpt lat="30.75051642023026943206787109375" lon="108.44809035770595073699951171875">
        <ele>448</ele>
        <time>2026-07-24T14:13:47.000Z</time>
        <extensions>
          <ns3:TrackPointExtension>
            <ns3:hr>152</ns3:hr>
            <ns3:cad>93</ns3:cad>
          </ns3:TrackPointExtension>
        </extensions>
      </trkpt>
      <trkpt lat="30.7505300827324390411376953125" lon="108.44806320033967494964599609375">
        <ele>448</ele>
        <time>2026-07-24T14:13:48.000Z</time>
        <extensions>
          <ns3:TrackPointExtension>
            <ns3:hr>152</ns3:hr>
            <ns3:cad>93</ns3:cad>
          </ns3:TrackPointExtension>
        </extensions>
      </trkpt>
      <trkpt lat="30.75053988955914974212646484375" lon="108.44804559834301471710205078125">
        <ele>447.79998779296875</ele>
        <time>2026-07-24T14:13:49.000Z</time>
        <extensions>
          <ns3:TrackPointExtension>
            <ns3:hr>152</ns3:hr>
            <ns3:cad>92</ns3:cad>
          </ns3:TrackPointExtension>
        </extensions>
      </trkpt>
      <trkpt lat="30.75055900029838085174560546875" lon="108.44802028499543666839599609375">
        <ele>447.79998779296875</ele>
        <time>2026-07-24T14:13:50.000Z</time>
        <extensions>
          <ns3:TrackPointExtension>
            <ns3:hr>152</ns3:hr>
            <ns3:cad>92</ns3:cad>
          </ns3:TrackPointExtension>
        </extensions>
      </trkpt>
      <trkpt lat="30.75056436471641063690185546875" lon="108.44800050370395183563232421875">
        <ele>447.600006103515625</ele>
        <time>2026-07-24T14:13:51.000Z</time>
        <extensions>
          <ns3:TrackPointExtension>
            <ns3:hr>151</ns3:hr>
            <ns3:cad>92</ns3:cad>
          </ns3:TrackPointExtension>
        </extensions>
      </trkpt>
      <trkpt lat="30.75057978741824626922607421875" lon="108.447975777089595794677734375">
        <ele>447.600006103515625</ele>
        <time>2026-07-24T14:13:52.000Z</time>
        <extensions>
          <ns3:TrackPointExtension>
            <ns3:hr>151</ns3:hr>
            <ns3:cad>93</ns3:cad>
          </ns3:TrackPointExtension>
        </extensions>
      </trkpt>
      <trkpt lat="30.7505864091217517852783203125" lon="108.4479561634361743927001953125">
        <ele>447.600006103515625</ele>
        <time>2026-07-24T14:13:53.000Z</time>
        <extensions>
          <ns3:TrackPointExtension>
            <ns3:hr>151</ns3:hr>
            <ns3:cad>93</ns3:cad>
          </ns3:TrackPointExtension>
        </extensions>
      </trkpt>
      <trkpt lat="30.75060007162392139434814453125" lon="108.44793093390762805938720703125">
        <ele>447.399993896484375</ele>
        <time>2026-07-24T14:13:54.000Z</time>
        <extensions>
          <ns3:TrackPointExtension>
            <ns3:hr>151</ns3:hr>
            <ns3:cad>93</ns3:cad>
          </ns3:TrackPointExtension>
        </extensions>
      </trkpt>
      <trkpt lat="30.75060300529003143310546875" lon="108.4479088895022869110107421875">
        <ele>447.399993896484375</ele>
        <time>2026-07-24T14:13:55.000Z</time>
        <extensions>
          <ns3:TrackPointExtension>
            <ns3:hr>150</ns3:hr>
            <ns3:cad>93</ns3:cad>
          </ns3:TrackPointExtension>
        </extensions>
      </trkpt>
      <trkpt lat="30.750617422163486480712890625" lon="108.44788919202983379364013671875">
        <ele>447.399993896484375</ele>
        <time>2026-07-24T14:13:56.000Z</time>
        <extensions>
          <ns3:TrackPointExtension>
            <ns3:hr>151</ns3:hr>
            <ns3:cad>92</ns3:cad>
          </ns3:TrackPointExtension>
        </extensions>
      </trkpt>
      <trkpt lat="30.7506239600479602813720703125" lon="108.44786320813000202178955078125">
        <ele>447.399993896484375</ele>
        <time>2026-07-24T14:13:57.000Z</time>
        <extensions>
          <ns3:TrackPointExtension>
            <ns3:hr>151</ns3:hr>
            <ns3:cad>92</ns3:cad>
          </ns3:TrackPointExtension>
        </extensions>
      </trkpt>
      <trkpt lat="30.75063359923660755157470703125" lon="108.4478418342769145965576171875">
        <ele>447.399993896484375</ele>
        <time>2026-07-24T14:13:58.000Z</time>
        <extensions>
          <ns3:TrackPointExtension>
            <ns3:hr>151</ns3:hr>
            <ns3:cad>92</ns3:cad>
          </ns3:TrackPointExtension>
        </extensions>
      </trkpt>
      <trkpt lat="30.75064214877784252166748046875" lon="108.44781509600579738616943359375">
        <ele>447.20001220703125</ele>
        <time>2026-07-24T14:13:59.000Z</time>
        <extensions>
          <ns3:TrackPointExtension>
            <ns3:hr>150</ns3:hr>
            <ns3:cad>92</ns3:cad>
          </ns3:TrackPointExtension>
        </extensions>
      </trkpt>
      <trkpt lat="30.75065304525196552276611328125" lon="108.44779447652399539947509765625">
        <ele>447.20001220703125</ele>
        <time>2026-07-24T14:14:00.000Z</time>
        <extensions>
          <ns3:TrackPointExtension>
            <ns3:hr>151</ns3:hr>
            <ns3:cad>92</ns3:cad>
          </ns3:TrackPointExtension>
        </extensions>
      </trkpt>
      <trkpt lat="30.750661678612232208251953125" lon="108.44776530750095844268798828125">
        <ele>447.20001220703125</ele>
        <time>2026-07-24T14:14:01.000Z</time>
        <extensions>
          <ns3:TrackPointExtension>
            <ns3:hr>151</ns3:hr>
            <ns3:cad>93</ns3:cad>
          </ns3:TrackPointExtension>
        </extensions>
      </trkpt>
      <trkpt lat="30.75066712684929370880126953125" lon="108.44774552620947360992431640625">
        <ele>447.20001220703125</ele>
        <time>2026-07-24T14:14:02.000Z</time>
        <extensions>
          <ns3:TrackPointExtension>
            <ns3:hr>151</ns3:hr>
            <ns3:cad>94</ns3:cad>
          </ns3:TrackPointExtension>
        </extensions>
      </trkpt>
      <trkpt lat="30.7506787776947021484375" lon="108.44771686010062694549560546875">
        <ele>447</ele>
        <time>2026-07-24T14:14:03.000Z</time>
        <extensions>
          <ns3:TrackPointExtension>
            <ns3:hr>151</ns3:hr>
            <ns3:cad>94</ns3:cad>
          </ns3:TrackPointExtension>
        </extensions>
      </trkpt>
      <trkpt lat="30.75068288482725620269775390625" lon="108.44769909046590328216552734375">
        <ele>447</ele>
        <time>2026-07-24T14:14:04.000Z</time>
        <extensions>
          <ns3:TrackPointExtension>
            <ns3:hr>152</ns3:hr>
            <ns3:cad>94</ns3:cad>
          </ns3:TrackPointExtension>
        </extensions>
      </trkpt>
      <trkpt lat="30.7506980560719966888427734375" lon="108.44767578877508640289306640625">
        <ele>447</ele>
        <time>2026-07-24T14:14:05.000Z</time>
        <extensions>
          <ns3:TrackPointExtension>
            <ns3:hr>152</ns3:hr>
            <ns3:cad>93</ns3:cad>
          </ns3:TrackPointExtension>
        </extensions>
      </trkpt>
      <trkpt lat="30.7507015764713287353515625" lon="108.44765760004520416259765625">
        <ele>447</ele>
        <time>2026-07-24T14:14:06.000Z</time>
        <extensions>
          <ns3:TrackPointExtension>
            <ns3:hr>152</ns3:hr>
            <ns3:cad>93</ns3:cad>
          </ns3:TrackPointExtension>
        </extensions>
      </trkpt>
      <trkpt lat="30.75071389786899089813232421875" lon="108.4476329572498798370361328125">
        <ele>447</ele>
        <time>2026-07-24T14:14:07.000Z</time>
        <extensions>
          <ns3:TrackPointExtension>
            <ns3:hr>152</ns3:hr>
            <ns3:cad>92</ns3:cad>
          </ns3:TrackPointExtension>
        </extensions>
      </trkpt>
      <trkpt lat="30.75071138329803943634033203125" lon="108.44761141575872898101806640625">
        <ele>446.79998779296875</ele>
        <time>2026-07-24T14:14:08.000Z</time>
        <extensions>
          <ns3:TrackPointExtension>
            <ns3:hr>152</ns3:hr>
            <ns3:cad>92</ns3:cad>
          </ns3:TrackPointExtension>
        </extensions>
      </trkpt>
      <trkpt lat="30.7507195137441158294677734375" lon="108.447584174573421478271484375">
        <ele>446.79998779296875</ele>
        <time>2026-07-24T14:14:09.000Z</time>
        <extensions>
          <ns3:TrackPointExtension>
            <ns3:hr>152</ns3:hr>
            <ns3:cad>92</ns3:cad>
          </ns3:TrackPointExtension>
        </extensions>
      </trkpt>
      <trkpt lat="30.7507216930389404296875" lon="108.4475571848452091217041015625">
        <ele>446.79998779296875</ele>
        <time>2026-07-24T14:14:10.000Z</time>
        <extensions>
          <ns3:TrackPointExtension>
            <ns3:hr>152</ns3:hr>
            <ns3:cad>93</ns3:cad>
          </ns3:TrackPointExtension>
        </extensions>
      </trkpt>
      <trkpt lat="30.750733427703380584716796875" lon="108.44753597863018512725830078125">
        <ele>446.79998779296875</ele>
        <time>2026-07-24T14:14:11.000Z</time>
        <extensions>
          <ns3:TrackPointExtension>
            <ns3:hr>152</ns3:hr>
            <ns3:cad>93</ns3:cad>
          </ns3:TrackPointExtension>
        </extensions>
      </trkpt>
      <trkpt lat="30.750736780464649200439453125" lon="108.4475078992545604705810546875">
        <ele>446.600006103515625</ele>
        <time>2026-07-24T14:14:12.000Z</time>
        <extensions>
          <ns3:TrackPointExtension>
            <ns3:hr>152</ns3:hr>
            <ns3:cad>94</ns3:cad>
          </ns3:TrackPointExtension>
        </extensions>
      </trkpt>
      <trkpt lat="30.7507460005581378936767578125" lon="108.447488285601139068603515625">
        <ele>446.600006103515625</ele>
        <time>2026-07-24T14:14:13.000Z</time>
        <extensions>
          <ns3:TrackPointExtension>
            <ns3:hr>152</ns3:hr>
            <ns3:cad>94</ns3:cad>
          </ns3:TrackPointExtension>
        </extensions>
      </trkpt>
      <trkpt lat="30.75075161643326282501220703125" lon="108.4474602900445461273193359375">
        <ele>446.600006103515625</ele>
        <time>2026-07-24T14:14:14.000Z</time>
        <extensions>
          <ns3:TrackPointExtension>
            <ns3:hr>152</ns3:hr>
            <ns3:cad>94</ns3:cad>
          </ns3:TrackPointExtension>
        </extensions>
      </trkpt>
      <trkpt lat="30.7507510297000408172607421875" lon="108.447438664734363555908203125">
        <ele>446.600006103515625</ele>
        <time>2026-07-24T14:14:15.000Z</time>
        <extensions>
          <ns3:TrackPointExtension>
            <ns3:hr>152</ns3:hr>
            <ns3:cad>93</ns3:cad>
          </ns3:TrackPointExtension>
        </extensions>
      </trkpt>
      <trkpt lat="30.75075848959386348724365234375" lon="108.44741360284388065338134765625">
        <ele>446.399993896484375</ele>
        <time>2026-07-24T14:14:16.000Z</time>
        <extensions>
          <ns3:TrackPointExtension>
            <ns3:hr>152</ns3:hr>
            <ns3:cad>93</ns3:cad>
          </ns3:TrackPointExtension>
        </extensions>
      </trkpt>
      <trkpt lat="30.75075848959386348724365234375" lon="108.447393067181110382080078125">
        <ele>446.399993896484375</ele>
        <time>2026-07-24T14:14:17.000Z</time>
        <extensions>
          <ns3:TrackPointExtension>
            <ns3:hr>152</ns3:hr>
            <ns3:cad>91</ns3:cad>
          </ns3:TrackPointExtension>
        </extensions>
      </trkpt>
      <trkpt lat="30.75076318345963954925537109375" lon="108.44736314378678798675537109375">
        <ele>446.20001220703125</ele>
        <time>2026-07-24T14:14:18.000Z</time>
        <extensions>
          <ns3:TrackPointExtension>
            <ns3:hr>152</ns3:hr>
            <ns3:cad>91</ns3:cad>
          </ns3:TrackPointExtension>
        </extensions>
      </trkpt>
      <trkpt lat="30.75075815431773662567138671875" lon="108.44733933918178081512451171875">
        <ele>446.20001220703125</ele>
        <time>2026-07-24T14:14:19.000Z</time>
        <extensions>
          <ns3:TrackPointExtension>
            <ns3:hr>152</ns3:hr>
            <ns3:cad>92</ns3:cad>
          </ns3:TrackPointExtension>
        </extensions>
      </trkpt>
      <trkpt lat="30.750761590898036956787109375" lon="108.4473094157874584197998046875">
        <ele>446</ele>
        <time>2026-07-24T14:14:20.000Z</time>
        <extensions>
          <ns3:TrackPointExtension>
            <ns3:hr>152</ns3:hr>
            <ns3:cad>92</ns3:cad>
          </ns3:TrackPointExtension>
        </extensions>
      </trkpt>
      <trkpt lat="30.75075681321322917938232421875" lon="108.44728468917310237884521484375">
        <ele>446</ele>
        <time>2026-07-24T14:14:21.000Z</time>
        <extensions>
          <ns3:TrackPointExtension>
            <ns3:hr>152</ns3:hr>
            <ns3:cad>92</ns3:cad>
          </ns3:TrackPointExtension>
        </extensions>
      </trkpt>
      <trkpt lat="30.75075798667967319488525390625" lon="108.44725954346358776092529296875">
        <ele>446</ele>
        <time>2026-07-24T14:14:22.000Z</time>
        <extensions>
          <ns3:TrackPointExtension>
            <ns3:hr>153</ns3:hr>
            <ns3:cad>92</ns3:cad>
          </ns3:TrackPointExtension>
        </extensions>
      </trkpt>
      <trkpt lat="30.7507567293941974639892578125" lon="108.4472289495170116424560546875">
        <ele>446</ele>
        <time>2026-07-24T14:14:23.000Z</time>
        <extensions>
          <ns3:TrackPointExtension>
            <ns3:hr>154</ns3:hr>
            <ns3:cad>92</ns3:cad>
          </ns3:TrackPointExtension>
        </extensions>
      </trkpt>
      <trkpt lat="30.750763602554798126220703125" lon="108.44720455817878246307373046875">
        <ele>446</ele>
        <time>2026-07-24T14:14:24.000Z</time>
        <extensions>
          <ns3:TrackPointExtension>
            <ns3:hr>154</ns3:hr>
            <ns3:cad>93</ns3:cad>
          </ns3:TrackPointExtension>
        </extensions>
      </trkpt>
      <trkpt lat="30.75076083652675151824951171875" lon="108.44717614352703094482421875">
        <ele>446</ele>
        <time>2026-07-24T14:14:25.000Z</time>
        <extensions>
          <ns3:TrackPointExtension>
            <ns3:hr>155</ns3:hr>
            <ns3:cad>93</ns3:cad>
          </ns3:TrackPointExtension>
        </extensions>
      </trkpt>
      <trkpt lat="30.7507630996406078338623046875" lon="108.44715476967394351959228515625">
        <ele>446</ele>
        <time>2026-07-24T14:14:26.000Z</time>
        <extensions>
          <ns3:TrackPointExtension>
            <ns3:hr>156</ns3:hr>
            <ns3:cad>93</ns3:cad>
          </ns3:TrackPointExtension>
        </extensions>
      </trkpt>
      <trkpt lat="30.7507604174315929412841796875" lon="108.44712761230766773223876953125">
        <ele>446</ele>
        <time>2026-07-24T14:14:27.000Z</time>
        <extensions>
          <ns3:TrackPointExtension>
            <ns3:hr>156</ns3:hr>
            <ns3:cad>93</ns3:cad>
          </ns3:TrackPointExtension>
        </extensions>
      </trkpt>
      <trkpt lat="30.7507604174315929412841796875" lon="108.44710581935942173004150390625">
        <ele>446</ele>
        <time>2026-07-24T14:14:28.000Z</time>
        <extensions>
          <ns3:TrackPointExtension>
            <ns3:hr>156</ns3:hr>
            <ns3:cad>92</ns3:cad>
          </ns3:TrackPointExtension>
        </extensions>
      </trkpt>
      <trkpt lat="30.75076033361256122589111328125" lon="108.44707690179347991943359375">
        <ele>445.79998779296875</ele>
        <time>2026-07-24T14:14:29.000Z</time>
        <extensions>
          <ns3:TrackPointExtension>
            <ns3:hr>156</ns3:hr>
            <ns3:cad>92</ns3:cad>
          </ns3:TrackPointExtension>
        </extensions>
      </trkpt>
      <trkpt lat="30.7507553882896900177001953125" lon="108.44705871306359767913818359375">
        <ele>445.79998779296875</ele>
        <time>2026-07-24T14:14:30.000Z</time>
        <extensions>
          <ns3:TrackPointExtension>
            <ns3:hr>157</ns3:hr>
            <ns3:cad>92</ns3:cad>
          </ns3:TrackPointExtension>
        </extensions>
      </trkpt>
      <trkpt lat="30.75075882486999034881591796875" lon="108.44702820293605327606201171875">
        <ele>445.79998779296875</ele>
        <time>2026-07-24T14:14:31.000Z</time>
        <extensions>
          <ns3:TrackPointExtension>
            <ns3:hr>156</ns3:hr>
            <ns3:cad>93</ns3:cad>
          </ns3:TrackPointExtension>
        </extensions>
      </trkpt>
      <trkpt lat="30.7507543824613094329833984375" lon="108.44700959511101245880126953125">
        <ele>445.79998779296875</ele>
        <time>2026-07-24T14:14:32.000Z</time>
        <extensions>
          <ns3:TrackPointExtension>
            <ns3:hr>156</ns3:hr>
            <ns3:cad>93</ns3:cad>
          </ns3:TrackPointExtension>
        </extensions>
      </trkpt>
      <trkpt lat="30.75075346045196056365966796875" lon="108.44698143191635608673095703125">
        <ele>445.79998779296875</ele>
        <time>2026-07-24T14:14:33.000Z</time>
        <extensions>
          <ns3:TrackPointExtension>
            <ns3:hr>156</ns3:hr>
            <ns3:cad>94</ns3:cad>
          </ns3:TrackPointExtension>
        </extensions>
      </trkpt>
      <trkpt lat="30.75074977241456508636474609375" lon="108.44695444218814373016357421875">
        <ele>445.79998779296875</ele>
        <time>2026-07-24T14:14:34.000Z</time>
        <extensions>
          <ns3:TrackPointExtension>
            <ns3:hr>157</ns3:hr>
            <ns3:cad>93</ns3:cad>
          </ns3:TrackPointExtension>
        </extensions>
      </trkpt>
      <trkpt lat="30.750750862061977386474609375" lon="108.4469255246222019195556640625">
        <ele>445.79998779296875</ele>
        <time>2026-07-24T14:14:35.000Z</time>
        <extensions>
          <ns3:TrackPointExtension>
            <ns3:hr>156</ns3:hr>
            <ns3:cad>93</ns3:cad>
          </ns3:TrackPointExtension>
        </extensions>
      </trkpt>
      <trkpt lat="30.750744827091693878173828125" lon="108.4469027258455753326416015625">
        <ele>445.600006103515625</ele>
        <time>2026-07-24T14:14:36.000Z</time>
        <extensions>
          <ns3:TrackPointExtension>
            <ns3:hr>156</ns3:hr>
            <ns3:cad>93</ns3:cad>
          </ns3:TrackPointExtension>
        </extensions>
      </trkpt>
      <trkpt lat="30.7507426477968692779541015625" lon="108.4468782506883144378662109375">
        <ele>445.600006103515625</ele>
        <time>2026-07-24T14:14:37.000Z</time>
        <extensions>
          <ns3:TrackPointExtension>
            <ns3:hr>155</ns3:hr>
            <ns3:cad>93</ns3:cad>
          </ns3:TrackPointExtension>
        </extensions>
      </trkpt>
      <trkpt lat="30.75074055232107639312744140625" lon="108.44685335643589496612548828125">
        <ele>445.600006103515625</ele>
        <time>2026-07-24T14:14:38.000Z</time>
        <extensions>
          <ns3:TrackPointExtension>
            <ns3:hr>155</ns3:hr>
            <ns3:cad>92</ns3:cad>
          </ns3:TrackPointExtension>
        </extensions>
      </trkpt>
      <trkpt lat="30.7507392950356006622314453125" lon="108.44683156348764896392822265625">
        <ele>445.399993896484375</ele>
        <time>2026-07-24T14:14:39.000Z</time>
        <extensions>
          <ns3:TrackPointExtension>
            <ns3:hr>155</ns3:hr>
            <ns3:cad>91</ns3:cad>
          </ns3:TrackPointExtension>
        </extensions>
      </trkpt>
      <trkpt lat="30.750734768807888031005859375" lon="108.44680197536945343017578125">
        <ele>445.399993896484375</ele>
        <time>2026-07-24T14:14:40.000Z</time>
        <extensions>
          <ns3:TrackPointExtension>
            <ns3:hr>154</ns3:hr>
            <ns3:cad>91</ns3:cad>
          </ns3:TrackPointExtension>
        </extensions>
      </trkpt>
      <trkpt lat="30.75073250569403171539306640625" lon="108.4467773325741291046142578125">
        <ele>445.399993896484375</ele>
        <time>2026-07-24T14:14:41.000Z</time>
        <extensions>
          <ns3:TrackPointExtension>
            <ns3:hr>154</ns3:hr>
            <ns3:cad>91</ns3:cad>
          </ns3:TrackPointExtension>
        </extensions>
      </trkpt>
      <trkpt lat="30.75073032639920711517333984375" lon="108.446752689778804779052734375">
        <ele>445.20001220703125</ele>
        <time>2026-07-24T14:14:42.000Z</time>
        <extensions>
          <ns3:TrackPointExtension>
            <ns3:hr>154</ns3:hr>
            <ns3:cad>91</ns3:cad>
          </ns3:TrackPointExtension>
        </extensions>
      </trkpt>
      <trkpt lat="30.75072378851473331451416015625" lon="108.4467283822596073150634765625">
        <ele>445</ele>
        <time>2026-07-24T14:14:43.000Z</time>
        <extensions>
          <ns3:TrackPointExtension>
            <ns3:hr>154</ns3:hr>
            <ns3:cad>91</ns3:cad>
          </ns3:TrackPointExtension>
        </extensions>
      </trkpt>
      <trkpt lat="30.7507201842963695526123046875" lon="108.44670181162655353546142578125">
        <ele>444.79998779296875</ele>
        <time>2026-07-24T14:14:44.000Z</time>
        <extensions>
          <ns3:TrackPointExtension>
            <ns3:hr>154</ns3:hr>
            <ns3:cad>92</ns3:cad>
          </ns3:TrackPointExtension>
        </extensions>
      </trkpt>
      <trkpt lat="30.75071406550705432891845703125" lon="108.44668135978281497955322265625">
        <ele>444.79998779296875</ele>
        <time>2026-07-24T14:14:45.000Z</time>
        <extensions>
          <ns3:TrackPointExtension>
            <ns3:hr>153</ns3:hr>
            <ns3:cad>93</ns3:cad>
          </ns3:TrackPointExtension>
        </extensions>
      </trkpt>
      <trkpt lat="30.750711970031261444091796875" lon="108.44665453769266605377197265625">
        <ele>444.600006103515625</ele>
        <time>2026-07-24T14:14:46.000Z</time>
        <extensions>
          <ns3:TrackPointExtension>
            <ns3:hr>154</ns3:hr>
            <ns3:cad>93</ns3:cad>
          </ns3:TrackPointExtension>
        </extensions>
      </trkpt>
      <trkpt lat="30.7507010735571384429931640625" lon="108.44663299620151519775390625">
        <ele>444.600006103515625</ele>
        <time>2026-07-24T14:14:47.000Z</time>
        <extensions>
          <ns3:TrackPointExtension>
            <ns3:hr>155</ns3:hr>
            <ns3:cad>93</ns3:cad>
          </ns3:TrackPointExtension>
        </extensions>
      </trkpt>
      <trkpt lat="30.75069361366331577301025390625" lon="108.44660676084458827972412109375">
        <ele>444.399993896484375</ele>
        <time>2026-07-24T14:14:48.000Z</time>
        <extensions>
          <ns3:TrackPointExtension>
            <ns3:hr>155</ns3:hr>
            <ns3:cad>93</ns3:cad>
          </ns3:TrackPointExtension>
        </extensions>
      </trkpt>
      <trkpt lat="30.75068405829370021820068359375" lon="108.44658563844859600067138671875">
        <ele>444.20001220703125</ele>
        <time>2026-07-24T14:14:49.000Z</time>
        <extensions>
          <ns3:TrackPointExtension>
            <ns3:hr>155</ns3:hr>
            <ns3:cad>93</ns3:cad>
          </ns3:TrackPointExtension>
        </extensions>
      </trkpt>
      <trkpt lat="30.75067902915179729461669921875" lon="108.44655630178749561309814453125">
        <ele>444.20001220703125</ele>
        <time>2026-07-24T14:14:50.000Z</time>
        <extensions>
          <ns3:TrackPointExtension>
            <ns3:hr>155</ns3:hr>
            <ns3:cad>93</ns3:cad>
          </ns3:TrackPointExtension>
        </extensions>
      </trkpt>
      <trkpt lat="30.75066335499286651611328125" lon="108.4465344250202178955078125">
        <ele>444.20001220703125</ele>
        <time>2026-07-24T14:14:51.000Z</time>
        <extensions>
          <ns3:TrackPointExtension>
            <ns3:hr>154</ns3:hr>
            <ns3:cad>93</ns3:cad>
          </ns3:TrackPointExtension>
        </extensions>
      </trkpt>
      <trkpt lat="30.75065723620355129241943359375" lon="108.44650768674910068511962890625">
        <ele>444.20001220703125</ele>
        <time>2026-07-24T14:14:52.000Z</time>
        <extensions>
          <ns3:TrackPointExtension>
            <ns3:hr>155</ns3:hr>
            <ns3:cad>93</ns3:cad>
          </ns3:TrackPointExtension>
        </extensions>
      </trkpt>
      <trkpt lat="30.75064348988234996795654296875" lon="108.44648689962923526763916015625">
        <ele>444.20001220703125</ele>
        <time>2026-07-24T14:14:53.000Z</time>
        <extensions>
          <ns3:TrackPointExtension>
            <ns3:hr>155</ns3:hr>
            <ns3:cad>93</ns3:cad>
          </ns3:TrackPointExtension>
        </extensions>
      </trkpt>
      <trkpt lat="30.75063594616949558258056640625" lon="108.44646292738616466522216796875">
        <ele>444.20001220703125</ele>
        <time>2026-07-24T14:14:54.000Z</time>
        <extensions>
          <ns3:TrackPointExtension>
            <ns3:hr>155</ns3:hr>
            <ns3:cad>93</ns3:cad>
          </ns3:TrackPointExtension>
        </extensions>
      </trkpt>
      <trkpt lat="30.75062454678118228912353515625" lon="108.44644130207598209381103515625">
        <ele>444</ele>
        <time>2026-07-24T14:14:55.000Z</time>
        <extensions>
          <ns3:TrackPointExtension>
            <ns3:hr>155</ns3:hr>
            <ns3:cad>92</ns3:cad>
          </ns3:TrackPointExtension>
        </extensions>
      </trkpt>
      <trkpt lat="30.75061985291540622711181640625" lon="108.44641867093741893768310546875">
        <ele>444</ele>
        <time>2026-07-24T14:14:56.000Z</time>
        <extensions>
          <ns3:TrackPointExtension>
            <ns3:hr>155</ns3:hr>
            <ns3:cad>92</ns3:cad>
          </ns3:TrackPointExtension>
        </extensions>
      </trkpt>
      <trkpt lat="30.75060836970806121826171875" lon="108.44639671035110950469970703125">
        <ele>444</ele>
        <time>2026-07-24T14:14:57.000Z</time>
        <extensions>
          <ns3:TrackPointExtension>
            <ns3:hr>155</ns3:hr>
            <ns3:cad>92</ns3:cad>
          </ns3:TrackPointExtension>
        </extensions>
      </trkpt>
      <trkpt lat="30.75060275383293628692626953125" lon="108.44638086855411529541015625">
        <ele>444</ele>
        <time>2026-07-24T14:14:58.000Z</time>
        <extensions>
          <ns3:TrackPointExtension>
            <ns3:hr>156</ns3:hr>
            <ns3:cad>91</ns3:cad>
          </ns3:TrackPointExtension>
        </extensions>
      </trkpt>
      <trkpt lat="30.75059453956782817840576171875" lon="108.44635664485394954681396484375">
        <ele>443.79998779296875</ele>
        <time>2026-07-24T14:14:59.000Z</time>
        <extensions>
          <ns3:TrackPointExtension>
            <ns3:hr>156</ns3:hr>
            <ns3:cad>91</ns3:cad>
          </ns3:TrackPointExtension>
        </extensions>
      </trkpt>
      <trkpt lat="30.75058716349303722381591796875" lon="108.44633334316313266754150390625">
        <ele>443.79998779296875</ele>
        <time>2026-07-24T14:15:00.000Z</time>
        <extensions>
          <ns3:TrackPointExtension>
            <ns3:hr>156</ns3:hr>
            <ns3:cad>92</ns3:cad>
          </ns3:TrackPointExtension>
        </extensions>
      </trkpt>
      <trkpt lat="30.7505783624947071075439453125" lon="108.4463037550449371337890625">
        <ele>443.600006103515625</ele>
        <time>2026-07-24T14:15:01.000Z</time>
        <extensions>
          <ns3:TrackPointExtension>
            <ns3:hr>157</ns3:hr>
            <ns3:cad>92</ns3:cad>
          </ns3:TrackPointExtension>
        </extensions>
      </trkpt>
      <trkpt lat="30.750563777983188629150390625" lon="108.44628036953508853912353515625">
        <ele>443.399993896484375</ele>
        <time>2026-07-24T14:15:02.000Z</time>
        <extensions>
          <ns3:TrackPointExtension>
            <ns3:hr>156</ns3:hr>
            <ns3:cad>92</ns3:cad>
          </ns3:TrackPointExtension>
        </extensions>
      </trkpt>
      <trkpt lat="30.7505552284419536590576171875" lon="108.44625371508300304412841796875">
        <ele>443.20001220703125</ele>
        <time>2026-07-24T14:15:03.000Z</time>
        <extensions>
          <ns3:TrackPointExtension>
            <ns3:hr>156</ns3:hr>
            <ns3:cad>92</ns3:cad>
          </ns3:TrackPointExtension>
        </extensions>
      </trkpt>
      <trkpt lat="30.750539638102054595947265625" lon="108.44623343087732791900634765625">
        <ele>443</ele>
        <time>2026-07-24T14:15:04.000Z</time>
        <extensions>
          <ns3:TrackPointExtension>
            <ns3:hr>155</ns3:hr>
            <ns3:cad>92</ns3:cad>
          </ns3:TrackPointExtension>
        </extensions>
      </trkpt>
      <trkpt lat="30.75052966363728046417236328125" lon="108.44620828516781330108642578125">
        <ele>442.79998779296875</ele>
        <time>2026-07-24T14:15:05.000Z</time>
        <extensions>
          <ns3:TrackPointExtension>
            <ns3:hr>155</ns3:hr>
            <ns3:cad>92</ns3:cad>
          </ns3:TrackPointExtension>
        </extensions>
      </trkpt>
      <trkpt lat="30.75051776133477687835693359375" lon="108.44618783332407474517822265625">
        <ele>442.79998779296875</ele>
        <time>2026-07-24T14:15:06.000Z</time>
        <extensions>
          <ns3:TrackPointExtension>
            <ns3:hr>155</ns3:hr>
            <ns3:cad>92</ns3:cad>
          </ns3:TrackPointExtension>
        </extensions>
      </trkpt>
      <trkpt lat="30.750513486564159393310546875" lon="108.44616268761456012725830078125">
        <ele>442.600006103515625</ele>
        <time>2026-07-24T14:15:07.000Z</time>
        <extensions>
          <ns3:TrackPointExtension>
            <ns3:hr>155</ns3:hr>
            <ns3:cad>92</ns3:cad>
          </ns3:TrackPointExtension>
        </extensions>
      </trkpt>
      <trkpt lat="30.7505062781274318695068359375" lon="108.446138799190521240234375">
        <ele>442.600006103515625</ele>
        <time>2026-07-24T14:15:08.000Z</time>
        <extensions>
          <ns3:TrackPointExtension>
            <ns3:hr>155</ns3:hr>
            <ns3:cad>92</ns3:cad>
          </ns3:TrackPointExtension>
        </extensions>
      </trkpt>
      <trkpt lat="30.75050376355648040771484375" lon="108.44611558131873607635498046875">
        <ele>442.399993896484375</ele>
        <time>2026-07-24T14:15:09.000Z</time>
        <extensions>
          <ns3:TrackPointExtension>
            <ns3:hr>155</ns3:hr>
            <ns3:cad>92</ns3:cad>
          </ns3:TrackPointExtension>
        </extensions>
      </trkpt>
      <trkpt lat="30.75050066225230693817138671875" lon="108.446088172495365142822265625">
        <ele>442.20001220703125</ele>
        <time>2026-07-24T14:15:10.000Z</time>
        <extensions>
          <ns3:TrackPointExtension>
            <ns3:hr>155</ns3:hr>
            <ns3:cad>93</ns3:cad>
          </ns3:TrackPointExtension>
        </extensions>
      </trkpt>
      <trkpt lat="30.7504958845674991607666015625" lon="108.44606101512908935546875">
        <ele>442</ele>
        <time>2026-07-24T14:15:11.000Z</time>
        <extensions>
          <ns3:TrackPointExtension>
            <ns3:hr>155</ns3:hr>
            <ns3:cad>92</ns3:cad>
          </ns3:TrackPointExtension>
        </extensions>
      </trkpt>
      <trkpt lat="30.7504911907017230987548828125" lon="108.446031846106052398681640625">
        <ele>441.79998779296875</ele>
        <time>2026-07-24T14:15:12.000Z</time>
        <extensions>
          <ns3:TrackPointExtension>
            <ns3:hr>155</ns3:hr>
            <ns3:cad>92</ns3:cad>
          </ns3:TrackPointExtension>
        </extensions>
      </trkpt>
      <trkpt lat="30.75048406608402729034423828125" lon="108.44600795768201351165771484375">
        <ele>441.600006103515625</ele>
        <time>2026-07-24T14:15:13.000Z</time>
        <extensions>
          <ns3:TrackPointExtension>
            <ns3:hr>155</ns3:hr>
            <ns3:cad>92</ns3:cad>
          </ns3:TrackPointExtension>
        </extensions>
      </trkpt>
      <trkpt lat="30.75047870166599750518798828125" lon="108.44597912393510341644287109375">
        <ele>441.399993896484375</ele>
        <time>2026-07-24T14:15:14.000Z</time>
        <extensions>
          <ns3:TrackPointExtension>
            <ns3:hr>155</ns3:hr>
            <ns3:cad>92</ns3:cad>
          </ns3:TrackPointExtension>
        </extensions>
      </trkpt>
      <trkpt lat="30.7504735887050628662109375" lon="108.44595381058752536773681640625">
        <ele>441</ele>
        <time>2026-07-24T14:15:15.000Z</time>
        <extensions>
          <ns3:TrackPointExtension>
            <ns3:hr>155</ns3:hr>
            <ns3:cad>92</ns3:cad>
          </ns3:TrackPointExtension>
        </extensions>
      </trkpt>
      <trkpt lat="30.75047291815280914306640625" lon="108.44592531211674213409423828125">
        <ele>440.79998779296875</ele>
        <time>2026-07-24T14:15:16.000Z</time>
        <extensions>
          <ns3:TrackPointExtension>
            <ns3:hr>155</ns3:hr>
            <ns3:cad>92</ns3:cad>
          </ns3:TrackPointExtension>
        </extensions>
      </trkpt>
      <trkpt lat="30.75046696700155735015869140625" lon="108.44590184278786182403564453125">
        <ele>440.600006103515625</ele>
        <time>2026-07-24T14:15:17.000Z</time>
        <extensions>
          <ns3:TrackPointExtension>
            <ns3:hr>155</ns3:hr>
            <ns3:cad>93</ns3:cad>
          </ns3:TrackPointExtension>
        </extensions>
      </trkpt>
      <trkpt lat="30.750461854040622711181640625" lon="108.44587585888803005218505859375">
        <ele>440.399993896484375</ele>
        <time>2026-07-24T14:15:18.000Z</time>
        <extensions>
          <ns3:TrackPointExtension>
            <ns3:hr>155</ns3:hr>
            <ns3:cad>93</ns3:cad>
          </ns3:TrackPointExtension>
        </extensions>
      </trkpt>
      <trkpt lat="30.75045724399387836456298828125" lon="108.44584953971207141876220703125">
        <ele>440</ele>
        <time>2026-07-24T14:15:19.000Z</time>
        <extensions>
          <ns3:TrackPointExtension>
            <ns3:hr>155</ns3:hr>
            <ns3:cad>93</ns3:cad>
          </ns3:TrackPointExtension>
        </extensions>
      </trkpt>
      <trkpt lat="30.75045204721391201019287109375" lon="108.4458254836499691009521484375">
        <ele>440</ele>
        <time>2026-07-24T14:15:20.000Z</time>
        <extensions>
          <ns3:TrackPointExtension>
            <ns3:hr>155</ns3:hr>
            <ns3:cad>93</ns3:cad>
          </ns3:TrackPointExtension>
        </extensions>
      </trkpt>
      <trkpt lat="30.75044718571007251739501953125" lon="108.44580285251140594482421875">
        <ele>439.79998779296875</ele>
        <time>2026-07-24T14:15:21.000Z</time>
        <extensions>
          <ns3:TrackPointExtension>
            <ns3:hr>154</ns3:hr>
            <ns3:cad>92</ns3:cad>
          </ns3:TrackPointExtension>
        </extensions>
      </trkpt>
      <trkpt lat="30.7504415698349475860595703125" lon="108.44577695243060588836669921875">
        <ele>439.79998779296875</ele>
        <time>2026-07-24T14:15:22.000Z</time>
        <extensions>
          <ns3:TrackPointExtension>
            <ns3:hr>155</ns3:hr>
            <ns3:cad>92</ns3:cad>
          </ns3:TrackPointExtension>
        </extensions>
      </trkpt>
      <trkpt lat="30.75043746270239353179931640625" lon="108.44574778340756893157958984375">
        <ele>439.600006103515625</ele>
        <time>2026-07-24T14:15:23.000Z</time>
        <extensions>
          <ns3:TrackPointExtension>
            <ns3:hr>154</ns3:hr>
            <ns3:cad>92</ns3:cad>
          </ns3:TrackPointExtension>
        </extensions>
      </trkpt>
      <trkpt lat="30.75043142773211002349853515625" lon="108.44572498463094234466552734375">
        <ele>439.600006103515625</ele>
        <time>2026-07-24T14:15:24.000Z</time>
        <extensions>
          <ns3:TrackPointExtension>
            <ns3:hr>154</ns3:hr>
            <ns3:cad>92</ns3:cad>
          </ns3:TrackPointExtension>
        </extensions>
      </trkpt>
      <trkpt lat="30.750426314771175384521484375" lon="108.44569556415081024169921875">
        <ele>439.399993896484375</ele>
        <time>2026-07-24T14:15:25.000Z</time>
        <extensions>
          <ns3:TrackPointExtension>
            <ns3:hr>154</ns3:hr>
            <ns3:cad>92</ns3:cad>
          </ns3:TrackPointExtension>
        </extensions>
      </trkpt>
      <trkpt lat="30.75041969306766986846923828125" lon="108.44567670486867427825927734375">
        <ele>439.399993896484375</ele>
        <time>2026-07-24T14:15:26.000Z</time>
        <extensions>
          <ns3:TrackPointExtension>
            <ns3:hr>153</ns3:hr>
            <ns3:cad>93</ns3:cad>
          </ns3:TrackPointExtension>
        </extensions>
      </trkpt>
      <trkpt lat="30.75041818432509899139404296875" lon="108.44565139152109622955322265625">
        <ele>439.20001220703125</ele>
        <time>2026-07-24T14:15:27.000Z</time>
        <extensions>
          <ns3:TrackPointExtension>
            <ns3:hr>153</ns3:hr>
            <ns3:cad>93</ns3:cad>
          </ns3:TrackPointExtension>
        </extensions>
      </trkpt>
      <trkpt lat="30.7504124008119106292724609375" lon="108.4456290118396282196044921875">
        <ele>439.20001220703125</ele>
        <time>2026-07-24T14:15:28.000Z</time>
        <extensions>
          <ns3:TrackPointExtension>
            <ns3:hr>153</ns3:hr>
            <ns3:cad>93</ns3:cad>
          </ns3:TrackPointExtension>
        </extensions>
      </trkpt>
      <trkpt lat="30.75040913186967372894287109375" lon="108.44560210593044757843017578125">
        <ele>439</ele>
        <time>2026-07-24T14:15:29.000Z</time>
        <extensions>
          <ns3:TrackPointExtension>
            <ns3:hr>153</ns3:hr>
            <ns3:cad>93</ns3:cad>
          </ns3:TrackPointExtension>
        </extensions>
      </trkpt>
      <trkpt lat="30.75040477328002452850341796875" lon="108.4455757029354572296142578125">
        <ele>439</ele>
        <time>2026-07-24T14:15:30.000Z</time>
        <extensions>
          <ns3:TrackPointExtension>
            <ns3:hr>153</ns3:hr>
            <ns3:cad>93</ns3:cad>
          </ns3:TrackPointExtension>
        </extensions>
      </trkpt>
      <trkpt lat="30.75040376745164394378662109375" lon="108.4455420076847076416015625">
        <ele>438.79998779296875</ele>
        <time>2026-07-24T14:15:31.000Z</time>
        <extensions>
          <ns3:TrackPointExtension>
            <ns3:hr>152</ns3:hr>
            <ns3:cad>91</ns3:cad>
          </ns3:TrackPointExtension>
        </extensions>
      </trkpt>
      <trkpt lat="30.75040049850940704345703125" lon="108.44551091082394123077392578125">
        <ele>438.600006103515625</ele>
        <time>2026-07-24T14:15:32.000Z</time>
        <extensions>
          <ns3:TrackPointExtension>
            <ns3:hr>152</ns3:hr>
            <ns3:cad>91</ns3:cad>
          </ns3:TrackPointExtension>
        </extensions>
      </trkpt>
      <trkpt lat="30.7504033483564853668212890625" lon="108.44548174180090427398681640625">
        <ele>438.20001220703125</ele>
        <time>2026-07-24T14:15:33.000Z</time>
        <extensions>
          <ns3:TrackPointExtension>
            <ns3:hr>152</ns3:hr>
            <ns3:cad>92</ns3:cad>
          </ns3:TrackPointExtension>
        </extensions>
      </trkpt>
      <trkpt lat="30.75039957650005817413330078125" lon="108.44545542262494564056396484375">
        <ele>438</ele>
        <time>2026-07-24T14:15:34.000Z</time>
        <extensions>
          <ns3:TrackPointExtension>
            <ns3:hr>152</ns3:hr>
            <ns3:cad>92</ns3:cad>
          </ns3:TrackPointExtension>
        </extensions>
      </trkpt>
      <trkpt lat="30.7503999955952167510986328125" lon="108.44542591832578182220458984375">
        <ele>437.600006103515625</ele>
        <time>2026-07-24T14:15:35.000Z</time>
        <extensions>
          <ns3:TrackPointExtension>
            <ns3:hr>152</ns3:hr>
            <ns3:cad>93</ns3:cad>
          </ns3:TrackPointExtension>
        </extensions>
      </trkpt>
      <trkpt lat="30.750402510166168212890625" lon="108.44539691694080829620361328125">
        <ele>437.399993896484375</ele>
        <time>2026-07-24T14:15:36.000Z</time>
        <extensions>
          <ns3:TrackPointExtension>
            <ns3:hr>152</ns3:hr>
            <ns3:cad>93</ns3:cad>
          </ns3:TrackPointExtension>
        </extensions>
      </trkpt>
      <trkpt lat="30.7504093833267688751220703125" lon="108.44536808319389820098876953125">
        <ele>437.20001220703125</ele>
        <time>2026-07-24T14:15:37.000Z</time>
        <extensions>
          <ns3:TrackPointExtension>
            <ns3:hr>152</ns3:hr>
            <ns3:cad>93</ns3:cad>
          </ns3:TrackPointExtension>
        </extensions>
      </trkpt>
      <trkpt lat="30.75041466392576694488525390625" lon="108.44533455558121204376220703125">
        <ele>437</ele>
        <time>2026-07-24T14:15:38.000Z</time>
        <extensions>
          <ns3:TrackPointExtension>
            <ns3:hr>152</ns3:hr>
            <ns3:cad>90</ns3:cad>
          </ns3:TrackPointExtension>
        </extensions>
      </trkpt>
      <trkpt lat="30.7504224590957164764404296875" lon="108.44530438072979450225830078125">
        <ele>436.600006103515625</ele>
        <time>2026-07-24T14:15:39.000Z</time>
        <extensions>
          <ns3:TrackPointExtension>
            <ns3:hr>152</ns3:hr>
            <ns3:cad>90</ns3:cad>
          </ns3:TrackPointExtension>
        </extensions>
      </trkpt>
      <trkpt lat="30.75042690150439739227294921875" lon="108.44527269713580608367919921875">
        <ele>436.399993896484375</ele>
        <time>2026-07-24T14:15:40.000Z</time>
        <extensions>
          <ns3:TrackPointExtension>
            <ns3:hr>152</ns3:hr>
            <ns3:cad>90</ns3:cad>
          </ns3:TrackPointExtension>
        </extensions>
      </trkpt>
      <trkpt lat="30.7504333555698394775390625" lon="108.44524922780692577362060546875">
        <ele>436.20001220703125</ele>
        <time>2026-07-24T14:15:41.000Z</time>
        <extensions>
          <ns3:TrackPointExtension>
            <ns3:hr>152</ns3:hr>
            <ns3:cad>90</ns3:cad>
          </ns3:TrackPointExtension>
        </extensions>
      </trkpt>
      <trkpt lat="30.75044081546366214752197265625" lon="108.44522106461226940155029296875">
        <ele>436</ele>
        <time>2026-07-24T14:15:42.000Z</time>
        <extensions>
          <ns3:TrackPointExtension>
            <ns3:hr>152</ns3:hr>
            <ns3:cad>90</ns3:cad>
          </ns3:TrackPointExtension>
        </extensions>
      </trkpt>
      <trkpt lat="30.75044433586299419403076171875" lon="108.44519658945500850677490234375">
        <ele>436</ele>
        <time>2026-07-24T14:15:43.000Z</time>
        <extensions>
          <ns3:TrackPointExtension>
            <ns3:hr>152</ns3:hr>
            <ns3:cad>90</ns3:cad>
          </ns3:TrackPointExtension>
        </extensions>
      </trkpt>
      <trkpt lat="30.7504486106336116790771484375" lon="108.44516926445066928863525390625">
        <ele>436</ele>
        <time>2026-07-24T14:15:44.000Z</time>
        <extensions>
          <ns3:TrackPointExtension>
            <ns3:hr>151</ns3:hr>
            <ns3:cad>92</ns3:cad>
          </ns3:TrackPointExtension>
        </extensions>
      </trkpt>
      <trkpt lat="30.75044835917651653289794921875" lon="108.4451478905975818634033203125">
        <ele>436</ele>
        <time>2026-07-24T14:15:45.000Z</time>
        <extensions>
          <ns3:TrackPointExtension>
            <ns3:hr>151</ns3:hr>
            <ns3:cad>92</ns3:cad>
          </ns3:TrackPointExtension>
        </extensions>
      </trkpt>
      <trkpt lat="30.75044383294880390167236328125" lon="108.44511612318456172943115234375">
        <ele>436</ele>
        <time>2026-07-24T14:15:46.000Z</time>
        <extensions>
          <ns3:TrackPointExtension>
            <ns3:hr>151</ns3:hr>
            <ns3:cad>92</ns3:cad>
          </ns3:TrackPointExtension>
        </extensions>
      </trkpt>
      <trkpt lat="30.75044048018753528594970703125" lon="108.44509064219892024993896484375">
        <ele>436</ele>
        <time>2026-07-24T14:15:47.000Z</time>
        <extensions>
          <ns3:TrackPointExtension>
            <ns3:hr>151</ns3:hr>
            <ns3:cad>92</ns3:cad>
          </ns3:TrackPointExtension>
        </extensions>
      </trkpt>
      <trkpt lat="30.75043478049337863922119140625" lon="108.44506314955651760101318359375">
        <ele>436.20001220703125</ele>
        <time>2026-07-24T14:15:48.000Z</time>
        <extensions>
          <ns3:TrackPointExtension>
            <ns3:hr>151</ns3:hr>
            <ns3:cad>92</ns3:cad>
          </ns3:TrackPointExtension>
        </extensions>
      </trkpt>
      <trkpt lat="30.7504238002002239227294921875" lon="108.4450431168079376220703125">
        <ele>436.20001220703125</ele>
        <time>2026-07-24T14:15:49.000Z</time>
        <extensions>
          <ns3:TrackPointExtension>
            <ns3:hr>151</ns3:hr>
            <ns3:cad>93</ns3:cad>
          </ns3:TrackPointExtension>
        </extensions>
      </trkpt>
      <trkpt lat="30.7504167594015598297119140625" lon="108.4450194798409938812255859375">
        <ele>436.399993896484375</ele>
        <time>2026-07-24T14:15:50.000Z</time>
        <extensions>
          <ns3:TrackPointExtension>
            <ns3:hr>150</ns3:hr>
            <ns3:cad>93</ns3:cad>
          </ns3:TrackPointExtension>
        </extensions>
      </trkpt>
      <trkpt lat="30.75040443800389766693115234375" lon="108.44499827362596988677978515625">
        <ele>436.600006103515625</ele>
        <time>2026-07-24T14:15:51.000Z</time>
        <extensions>
          <ns3:TrackPointExtension>
            <ns3:hr>151</ns3:hr>
            <ns3:cad>92</ns3:cad>
          </ns3:TrackPointExtension>
        </extensions>
      </trkpt>
      <trkpt lat="30.75040276162326335906982421875" lon="108.4449680149555206298828125">
        <ele>436.79998779296875</ele>
        <time>2026-07-24T14:15:52.000Z</time>
        <extensions>
          <ns3:TrackPointExtension>
            <ns3:hr>151</ns3:hr>
            <ns3:cad>91</ns3:cad>
          </ns3:TrackPointExtension>
        </extensions>
      </trkpt>
      <trkpt lat="30.75039538554847240447998046875" lon="108.44494647346436977386474609375">
        <ele>436.79998779296875</ele>
        <time>2026-07-24T14:15:53.000Z</time>
        <extensions>
          <ns3:TrackPointExtension>
            <ns3:hr>151</ns3:hr>
            <ns3:cad>91</ns3:cad>
          </ns3:TrackPointExtension>
        </extensions>
      </trkpt>
      <trkpt lat="30.75039069168269634246826171875" lon="108.44492132775485515594482421875">
        <ele>436.79998779296875</ele>
        <time>2026-07-24T14:15:54.000Z</time>
        <extensions>
          <ns3:TrackPointExtension>
            <ns3:hr>151</ns3:hr>
            <ns3:cad>92</ns3:cad>
          </ns3:TrackPointExtension>
        </extensions>
      </trkpt>
      <trkpt lat="30.750385411083698272705078125" lon="108.44489492475986480712890625">
        <ele>436.79998779296875</ele>
        <time>2026-07-24T14:15:55.000Z</time>
        <extensions>
          <ns3:TrackPointExtension>
            <ns3:hr>151</ns3:hr>
            <ns3:cad>93</ns3:cad>
          </ns3:TrackPointExtension>
        </extensions>
      </trkpt>
      <trkpt lat="30.7503815554082393646240234375" lon="108.4448783285915851593017578125">
        <ele>437</ele>
        <time>2026-07-24T14:15:56.000Z</time>
        <extensions>
          <ns3:TrackPointExtension>
            <ns3:hr>151</ns3:hr>
            <ns3:cad>94</ns3:cad>
          </ns3:TrackPointExtension>
        </extensions>
      </trkpt>
      <trkpt lat="30.75038038194179534912109375" lon="108.44484840519726276397705078125">
        <ele>437</ele>
        <time>2026-07-24T14:15:57.000Z</time>
        <extensions>
          <ns3:TrackPointExtension>
            <ns3:hr>151</ns3:hr>
            <ns3:cad>94</ns3:cad>
          </ns3:TrackPointExtension>
        </extensions>
      </trkpt>
      <trkpt lat="30.75037426315248012542724609375" lon="108.44483046792447566986083984375">
        <ele>437</ele>
        <time>2026-07-24T14:15:58.000Z</time>
        <extensions>
          <ns3:TrackPointExtension>
            <ns3:hr>152</ns3:hr>
            <ns3:cad>92</ns3:cad>
          </ns3:TrackPointExtension>
        </extensions>
      </trkpt>
      <trkpt lat="30.75037459842860698699951171875" lon="108.44479995779693126678466796875">
        <ele>437</ele>
        <time>2026-07-24T14:15:59.000Z</time>
        <extensions>
          <ns3:TrackPointExtension>
            <ns3:hr>152</ns3:hr>
            <ns3:cad>92</ns3:cad>
          </ns3:TrackPointExtension>
        </extensions>
      </trkpt>
      <trkpt lat="30.75036621652543544769287109375" lon="108.44477883540093898773193359375">
        <ele>437</ele>
        <time>2026-07-24T14:16:00.000Z</time>
        <extensions>
          <ns3:TrackPointExtension>
            <ns3:hr>152</ns3:hr>
            <ns3:cad>92</ns3:cad>
          </ns3:TrackPointExtension>
        </extensions>
      </trkpt>
      <trkpt lat="30.75037107802927494049072265625" lon="108.4447519294917583465576171875">
        <ele>437</ele>
        <time>2026-07-24T14:16:01.000Z</time>
        <extensions>
          <ns3:TrackPointExtension>
            <ns3:hr>153</ns3:hr>
            <ns3:cad>93</ns3:cad>
          </ns3:TrackPointExtension>
        </extensions>
      </trkpt>
      <trkpt lat="30.75036428868770599365234375" lon="108.44472728669643402099609375">
        <ele>437</ele>
        <time>2026-07-24T14:16:02.000Z</time>
        <extensions>
          <ns3:TrackPointExtension>
            <ns3:hr>153</ns3:hr>
            <ns3:cad>93</ns3:cad>
          </ns3:TrackPointExtension>
        </extensions>
      </trkpt>
      <trkpt lat="30.75036386959254741668701171875" lon="108.444704152643680572509765625">
        <ele>437</ele>
        <time>2026-07-24T14:16:03.000Z</time>
        <extensions>
          <ns3:TrackPointExtension>
            <ns3:hr>153</ns3:hr>
            <ns3:cad>93</ns3:cad>
          </ns3:TrackPointExtension>
        </extensions>
      </trkpt>
      <trkpt lat="30.75036169029772281646728515625" lon="108.44467808492481708526611328125">
        <ele>437</ele>
        <time>2026-07-24T14:16:04.000Z</time>
        <extensions>
          <ns3:TrackPointExtension>
            <ns3:hr>153</ns3:hr>
            <ns3:cad>93</ns3:cad>
          </ns3:TrackPointExtension>
        </extensions>
      </trkpt>
      <trkpt lat="30.7503607682883739471435546875" lon="108.44465964473783969879150390625">
        <ele>437</ele>
        <time>2026-07-24T14:16:05.000Z</time>
        <extensions>
          <ns3:TrackPointExtension>
            <ns3:hr>154</ns3:hr>
            <ns3:cad>93</ns3:cad>
          </ns3:TrackPointExtension>
        </extensions>
      </trkpt>
      <trkpt lat="30.750358588993549346923828125" lon="108.44462729059159755706787109375">
        <ele>437</ele>
        <time>2026-07-24T14:16:06.000Z</time>
        <extensions>
          <ns3:TrackPointExtension>
            <ns3:hr>153</ns3:hr>
            <ns3:cad>93</ns3:cad>
          </ns3:TrackPointExtension>
        </extensions>
      </trkpt>
      <trkpt lat="30.7503569126129150390625" lon="108.44460851512849330902099609375">
        <ele>437</ele>
        <time>2026-07-24T14:16:07.000Z</time>
        <extensions>
          <ns3:TrackPointExtension>
            <ns3:hr>153</ns3:hr>
            <ns3:cad>92</ns3:cad>
          </ns3:TrackPointExtension>
        </extensions>
      </trkpt>
      <trkpt lat="30.7503609359264373779296875" lon="108.44457842409610748291015625">
        <ele>437</ele>
        <time>2026-07-24T14:16:08.000Z</time>
        <extensions>
          <ns3:TrackPointExtension>
            <ns3:hr>153</ns3:hr>
            <ns3:cad>92</ns3:cad>
          </ns3:TrackPointExtension>
        </extensions>
      </trkpt>
      <trkpt lat="30.750357918441295623779296875" lon="108.4445564635097980499267578125">
        <ele>436.79998779296875</ele>
        <time>2026-07-24T14:16:09.000Z</time>
        <extensions>
          <ns3:TrackPointExtension>
            <ns3:hr>153</ns3:hr>
            <ns3:cad>92</ns3:cad>
          </ns3:TrackPointExtension>
        </extensions>
      </trkpt>
      <trkpt lat="30.750363282859325408935546875" lon="108.44452452845871448516845703125">
        <ele>436.79998779296875</ele>
        <time>2026-07-24T14:16:10.000Z</time>
        <extensions>
          <ns3:TrackPointExtension>
            <ns3:hr>153</ns3:hr>
            <ns3:cad>93</ns3:cad>
          </ns3:TrackPointExtension>
        </extensions>
      </trkpt>
      <trkpt lat="30.7503587566316127777099609375" lon="108.4445014782249927520751953125">
        <ele>436.600006103515625</ele>
        <time>2026-07-24T14:16:11.000Z</time>
        <extensions>
          <ns3:TrackPointExtension>
            <ns3:hr>153</ns3:hr>
            <ns3:cad>94</ns3:cad>
          </ns3:TrackPointExtension>
        </extensions>
      </trkpt>
      <trkpt lat="30.75036537833511829376220703125" lon="108.4444743208587169647216796875">
        <ele>436.600006103515625</ele>
        <time>2026-07-24T14:16:12.000Z</time>
        <extensions>
          <ns3:TrackPointExtension>
            <ns3:hr>153</ns3:hr>
            <ns3:cad>93</ns3:cad>
          </ns3:TrackPointExtension>
        </extensions>
      </trkpt>
      <trkpt lat="30.75036403723061084747314453125" lon="108.44444942660629749298095703125">
        <ele>436.399993896484375</ele>
        <time>2026-07-24T14:16:13.000Z</time>
        <extensions>
          <ns3:TrackPointExtension>
            <ns3:hr>153</ns3:hr>
            <ns3:cad>93</ns3:cad>
          </ns3:TrackPointExtension>
        </extensions>
      </trkpt>
      <trkpt lat="30.7503671385347843170166015625" lon="108.4444243647158145904541015625">
        <ele>436.399993896484375</ele>
        <time>2026-07-24T14:16:14.000Z</time>
        <extensions>
          <ns3:TrackPointExtension>
            <ns3:hr>153</ns3:hr>
            <ns3:cad>92</ns3:cad>
          </ns3:TrackPointExtension>
        </extensions>
      </trkpt>
      <trkpt lat="30.75036655180156230926513671875" lon="108.44439628534018993377685546875">
        <ele>436.20001220703125</ele>
        <time>2026-07-24T14:16:15.000Z</time>
        <extensions>
          <ns3:TrackPointExtension>
            <ns3:hr>152</ns3:hr>
            <ns3:cad>92</ns3:cad>
          </ns3:TrackPointExtension>
        </extensions>
      </trkpt>
      <trkpt lat="30.7503716647624969482421875" lon="108.4443757496774196624755859375">
        <ele>436</ele>
        <time>2026-07-24T14:16:16.000Z</time>
        <extensions>
          <ns3:TrackPointExtension>
            <ns3:hr>152</ns3:hr>
            <ns3:cad>93</ns3:cad>
          </ns3:TrackPointExtension>
        </extensions>
      </trkpt>
      <trkpt lat="30.75037225149571895599365234375" lon="108.44434398226439952850341796875">
        <ele>436</ele>
        <time>2026-07-24T14:16:17.000Z</time>
        <extensions>
          <ns3:TrackPointExtension>
            <ns3:hr>152</ns3:hr>
            <ns3:cad>93</ns3:cad>
          </ns3:TrackPointExtension>
        </extensions>
      </trkpt>
      <trkpt lat="30.75037409551441669464111328125" lon="108.44432051293551921844482421875">
        <ele>435.79998779296875</ele>
        <time>2026-07-24T14:16:18.000Z</time>
        <extensions>
          <ns3:TrackPointExtension>
            <ns3:hr>152</ns3:hr>
            <ns3:cad>94</ns3:cad>
          </ns3:TrackPointExtension>
        </extensions>
      </trkpt>
      <trkpt lat="30.75037493370473384857177734375" lon="108.44428681768476963043212890625">
        <ele>435.79998779296875</ele>
        <time>2026-07-24T14:16:19.000Z</time>
        <extensions>
          <ns3:TrackPointExtension>
            <ns3:hr>153</ns3:hr>
            <ns3:cad>93</ns3:cad>
          </ns3:TrackPointExtension>
        </extensions>
      </trkpt>
      <trkpt lat="30.75037694536149501800537109375" lon="108.44426888041198253631591796875">
        <ele>435.600006103515625</ele>
        <time>2026-07-24T14:16:20.000Z</time>
        <extensions>
          <ns3:TrackPointExtension>
            <ns3:hr>153</ns3:hr>
            <ns3:cad>93</ns3:cad>
          </ns3:TrackPointExtension>
        </extensions>
      </trkpt>
      <trkpt lat="30.75038281269371509552001953125" lon="108.44423535279929637908935546875">
        <ele>435.600006103515625</ele>
        <time>2026-07-24T14:16:21.000Z</time>
        <extensions>
          <ns3:TrackPointExtension>
            <ns3:hr>153</ns3:hr>
            <ns3:cad>93</ns3:cad>
          </ns3:TrackPointExtension>
        </extensions>
      </trkpt>
      <trkpt lat="30.75037895701825618743896484375" lon="108.44421624206006526947021484375">
        <ele>435.399993896484375</ele>
        <time>2026-07-24T14:16:22.000Z</time>
        <extensions>
          <ns3:TrackPointExtension>
            <ns3:hr>153</ns3:hr>
            <ns3:cad>93</ns3:cad>
          </ns3:TrackPointExtension>
        </extensions>
      </trkpt>
      <trkpt lat="30.7503875903785228729248046875" lon="108.44419042579829692840576171875">
        <ele>435.20001220703125</ele>
        <time>2026-07-24T14:16:23.000Z</time>
        <extensions>
          <ns3:TrackPointExtension>
            <ns3:hr>153</ns3:hr>
            <ns3:cad>92</ns3:cad>
          </ns3:TrackPointExtension>
        </extensions>
      </trkpt>
      <trkpt lat="30.75038918294012546539306640625" lon="108.4441712312400341033935546875">
        <ele>435.20001220703125</ele>
        <time>2026-07-24T14:16:24.000Z</time>
        <extensions>
          <ns3:TrackPointExtension>
            <ns3:hr>153</ns3:hr>
            <ns3:cad>92</ns3:cad>
          </ns3:TrackPointExtension>
        </extensions>
      </trkpt>
      <trkpt lat="30.75039605610072612762451171875" lon="108.4441437385976314544677734375">
        <ele>435</ele>
        <time>2026-07-24T14:16:25.000Z</time>
        <extensions>
          <ns3:TrackPointExtension>
            <ns3:hr>154</ns3:hr>
            <ns3:cad>92</ns3:cad>
          </ns3:TrackPointExtension>
        </extensions>
      </trkpt>
      <trkpt lat="30.7503989897668361663818359375" lon="108.4441212750971317291259765625">
        <ele>435</ele>
        <time>2026-07-24T14:16:26.000Z</time>
        <extensions>
          <ns3:TrackPointExtension>
            <ns3:hr>153</ns3:hr>
            <ns3:cad>93</ns3:cad>
          </ns3:TrackPointExtension>
        </extensions>
      </trkpt>
      <trkpt lat="30.75040862895548343658447265625" lon="108.4440962970256805419921875">
        <ele>435</ele>
        <time>2026-07-24T14:16:27.000Z</time>
        <extensions>
          <ns3:TrackPointExtension>
            <ns3:hr>153</ns3:hr>
            <ns3:cad>93</ns3:cad>
          </ns3:TrackPointExtension>
        </extensions>
      </trkpt>
      <trkpt lat="30.75040997005999088287353515625" lon="108.44406872056424617767333984375">
        <ele>435</ele>
        <time>2026-07-24T14:16:28.000Z</time>
        <extensions>
          <ns3:TrackPointExtension>
            <ns3:hr>153</ns3:hr>
            <ns3:cad>93</ns3:cad>
          </ns3:TrackPointExtension>
        </extensions>
      </trkpt>
      <trkpt lat="30.7504184357821941375732421875" lon="108.44404776580631732940673828125">
        <ele>434.79998779296875</ele>
        <time>2026-07-24T14:16:29.000Z</time>
        <extensions>
          <ns3:TrackPointExtension>
            <ns3:hr>153</ns3:hr>
            <ns3:cad>93</ns3:cad>
          </ns3:TrackPointExtension>
        </extensions>
      </trkpt>
      <trkpt lat="30.7504248060286045074462890625" lon="108.44401943497359752655029296875">
        <ele>434.79998779296875</ele>
        <time>2026-07-24T14:16:30.000Z</time>
        <extensions>
          <ns3:TrackPointExtension>
            <ns3:hr>153</ns3:hr>
            <ns3:cad>93</ns3:cad>
          </ns3:TrackPointExtension>
        </extensions>
      </trkpt>
      <trkpt lat="30.7504258118569850921630859375" lon="108.4439948759973049163818359375">
        <ele>434.79998779296875</ele>
        <time>2026-07-24T14:16:31.000Z</time>
        <extensions>
          <ns3:TrackPointExtension>
            <ns3:hr>153</ns3:hr>
            <ns3:cad>93</ns3:cad>
          </ns3:TrackPointExtension>
        </extensions>
      </trkpt>
      <trkpt lat="30.75043134391307830810546875" lon="108.44396612606942653656005859375">
        <ele>434.600006103515625</ele>
        <time>2026-07-24T14:16:32.000Z</time>
        <extensions>
          <ns3:TrackPointExtension>
            <ns3:hr>153</ns3:hr>
            <ns3:cad>92</ns3:cad>
          </ns3:TrackPointExtension>
        </extensions>
      </trkpt>
      <trkpt lat="30.7504335232079029083251953125" lon="108.44394818879663944244384765625">
        <ele>434.600006103515625</ele>
        <time>2026-07-24T14:16:33.000Z</time>
        <extensions>
          <ns3:TrackPointExtension>
            <ns3:hr>154</ns3:hr>
            <ns3:cad>91</ns3:cad>
          </ns3:TrackPointExtension>
        </extensions>
      </trkpt>
      <trkpt lat="30.75043964199721813201904296875" lon="108.44391348771750926971435546875">
        <ele>434.600006103515625</ele>
        <time>2026-07-24T14:16:34.000Z</time>
        <extensions>
          <ns3:TrackPointExtension>
            <ns3:hr>153</ns3:hr>
            <ns3:cad>91</ns3:cad>
          </ns3:TrackPointExtension>
        </extensions>
      </trkpt>
      <trkpt lat="30.750440396368503570556640625" lon="108.44389043748378753662109375">
        <ele>434.600006103515625</ele>
        <time>2026-07-24T14:16:35.000Z</time>
        <extensions>
          <ns3:TrackPointExtension>
            <ns3:hr>153</ns3:hr>
            <ns3:cad>91</ns3:cad>
          </ns3:TrackPointExtension>
        </extensions>
      </trkpt>
      <trkpt lat="30.75045070610940456390380859375" lon="108.4438614360988140106201171875">
        <ele>434.399993896484375</ele>
        <time>2026-07-24T14:16:36.000Z</time>
        <extensions>
          <ns3:TrackPointExtension>
            <ns3:hr>153</ns3:hr>
            <ns3:cad>94</ns3:cad>
          </ns3:TrackPointExtension>
        </extensions>
      </trkpt>
      <trkpt lat="30.75045020319521427154541015625" lon="108.4438362903892993927001953125">
        <ele>434.20001220703125</ele>
        <time>2026-07-24T14:16:37.000Z</time>
        <extensions>
          <ns3:TrackPointExtension>
            <ns3:hr>154</ns3:hr>
            <ns3:cad>94</ns3:cad>
          </ns3:TrackPointExtension>
        </extensions>
      </trkpt>
      <trkpt lat="30.7504579983651638031005859375" lon="108.44381374306976795196533203125">
        <ele>434.20001220703125</ele>
        <time>2026-07-24T14:16:38.000Z</time>
        <extensions>
          <ns3:TrackPointExtension>
            <ns3:hr>154</ns3:hr>
            <ns3:cad>94</ns3:cad>
          </ns3:TrackPointExtension>
        </extensions>
      </trkpt>
      <trkpt lat="30.75046227313578128814697265625" lon="108.4437880106270313262939453125">
        <ele>434</ele>
        <time>2026-07-24T14:16:39.000Z</time>
        <extensions>
          <ns3:TrackPointExtension>
            <ns3:hr>155</ns3:hr>
            <ns3:cad>94</ns3:cad>
          </ns3:TrackPointExtension>
        </extensions>
      </trkpt>
      <trkpt lat="30.7504667155444622039794921875" lon="108.44376395456492900848388671875">
        <ele>434</ele>
        <time>2026-07-24T14:16:40.000Z</time>
        <extensions>
          <ns3:TrackPointExtension>
            <ns3:hr>155</ns3:hr>
            <ns3:cad>93</ns3:cad>
          </ns3:TrackPointExtension>
        </extensions>
      </trkpt>
      <trkpt lat="30.75046897865831851959228515625" lon="108.44373763538897037506103515625">
        <ele>434</ele>
        <time>2026-07-24T14:16:41.000Z</time>
        <extensions>
          <ns3:TrackPointExtension>
            <ns3:hr>156</ns3:hr>
            <ns3:cad>93</ns3:cad>
          </ns3:TrackPointExtension>
        </extensions>
      </trkpt>
      <trkpt lat="30.75047635473310947418212890625" lon="108.4437169320881366729736328125">
        <ele>434</ele>
        <time>2026-07-24T14:16:42.000Z</time>
        <extensions>
          <ns3:TrackPointExtension>
            <ns3:hr>156</ns3:hr>
            <ns3:cad>92</ns3:cad>
          </ns3:TrackPointExtension>
        </extensions>
      </trkpt>
      <trkpt lat="30.75048054568469524383544921875" lon="108.44368700869381427764892578125">
        <ele>433.79998779296875</ele>
        <time>2026-07-24T14:16:43.000Z</time>
        <extensions>
          <ns3:TrackPointExtension>
            <ns3:hr>156</ns3:hr>
            <ns3:cad>92</ns3:cad>
          </ns3:TrackPointExtension>
        </extensions>
      </trkpt>
      <trkpt lat="30.75048607774078845977783203125" lon="108.443669490516185760498046875">
        <ele>433.79998779296875</ele>
        <time>2026-07-24T14:16:44.000Z</time>
        <extensions>
          <ns3:TrackPointExtension>
            <ns3:hr>156</ns3:hr>
            <ns3:cad>92</ns3:cad>
          </ns3:TrackPointExtension>
        </extensions>
      </trkpt>
      <trkpt lat="30.75049177743494510650634765625" lon="108.4436368010938167572021484375">
        <ele>433.79998779296875</ele>
        <time>2026-07-24T14:16:45.000Z</time>
        <extensions>
          <ns3:TrackPointExtension>
            <ns3:hr>156</ns3:hr>
            <ns3:cad>93</ns3:cad>
          </ns3:TrackPointExtension>
        </extensions>
      </trkpt>
      <trkpt lat="30.75049228034913539886474609375" lon="108.443614505231380462646484375">
        <ele>433.600006103515625</ele>
        <time>2026-07-24T14:16:46.000Z</time>
        <extensions>
          <ns3:TrackPointExtension>
            <ns3:hr>156</ns3:hr>
            <ns3:cad>93</ns3:cad>
          </ns3:TrackPointExtension>
        </extensions>
      </trkpt>
      <trkpt lat="30.750500746071338653564453125" lon="108.4435813128948211669921875">
        <ele>433.600006103515625</ele>
        <time>2026-07-24T14:16:47.000Z</time>
        <extensions>
          <ns3:TrackPointExtension>
            <ns3:hr>156</ns3:hr>
            <ns3:cad>93</ns3:cad>
          </ns3:TrackPointExtension>
        </extensions>
      </trkpt>
      <trkpt lat="30.75049295090138912200927734375" lon="108.443558514118194580078125">
        <ele>433.399993896484375</ele>
        <time>2026-07-24T14:16:48.000Z</time>
        <extensions>
          <ns3:TrackPointExtension>
            <ns3:hr>156</ns3:hr>
            <ns3:cad>93</ns3:cad>
          </ns3:TrackPointExtension>
        </extensions>
      </trkpt>
      <trkpt lat="30.7504999078810214996337890625" lon="108.4435278363525867462158203125">
        <ele>433.20001220703125</ele>
        <time>2026-07-24T14:16:49.000Z</time>
        <extensions>
          <ns3:TrackPointExtension>
            <ns3:hr>156</ns3:hr>
            <ns3:cad>93</ns3:cad>
          </ns3:TrackPointExtension>
        </extensions>
      </trkpt>
      <trkpt lat="30.75049831531941890716552734375" lon="108.44350554049015045166015625">
        <ele>433.20001220703125</ele>
        <time>2026-07-24T14:16:50.000Z</time>
        <extensions>
          <ns3:TrackPointExtension>
            <ns3:hr>156</ns3:hr>
            <ns3:cad>91</ns3:cad>
          </ns3:TrackPointExtension>
        </extensions>
      </trkpt>
      <trkpt lat="30.7505025900900363922119140625" lon="108.4434765391051769256591796875">
        <ele>433</ele>
        <time>2026-07-24T14:16:51.000Z</time>
        <extensions>
          <ns3:TrackPointExtension>
            <ns3:hr>156</ns3:hr>
            <ns3:cad>91</ns3:cad>
          </ns3:TrackPointExtension>
        </extensions>
      </trkpt>
      <trkpt lat="30.7504992373287677764892578125" lon="108.4434517286717891693115234375">
        <ele>433</ele>
        <time>2026-07-24T14:16:52.000Z</time>
        <extensions>
          <ns3:TrackPointExtension>
            <ns3:hr>156</ns3:hr>
            <ns3:cad>91</ns3:cad>
          </ns3:TrackPointExtension>
        </extensions>
      </trkpt>
      <trkpt lat="30.7505046017467975616455078125" lon="108.44342398457229137420654296875">
        <ele>433</ele>
        <time>2026-07-24T14:16:53.000Z</time>
        <extensions>
          <ns3:TrackPointExtension>
            <ns3:hr>157</ns3:hr>
            <ns3:cad>91</ns3:cad>
          </ns3:TrackPointExtension>
        </extensions>
      </trkpt>
      <trkpt lat="30.7505059428513050079345703125" lon="108.44339682720601558685302734375">
        <ele>432.79998779296875</ele>
        <time>2026-07-24T14:16:54.000Z</time>
        <extensions>
          <ns3:TrackPointExtension>
            <ns3:hr>157</ns3:hr>
            <ns3:cad>93</ns3:cad>
          </ns3:TrackPointExtension>
        </extensions>
      </trkpt>
      <trkpt lat="30.75051072053611278533935546875" lon="108.44337101094424724578857421875">
        <ele>432.79998779296875</ele>
        <time>2026-07-24T14:16:55.000Z</time>
        <extensions>
          <ns3:TrackPointExtension>
            <ns3:hr>157</ns3:hr>
            <ns3:cad>93</ns3:cad>
          </ns3:TrackPointExtension>
        </extensions>
      </trkpt>
      <trkpt lat="30.7505082897841930389404296875" lon="108.44333924353122711181640625">
        <ele>432.79998779296875</ele>
        <time>2026-07-24T14:16:56.000Z</time>
        <extensions>
          <ns3:TrackPointExtension>
            <ns3:hr>157</ns3:hr>
            <ns3:cad>93</ns3:cad>
          </ns3:TrackPointExtension>
        </extensions>
      </trkpt>
      <trkpt lat="30.7505089603364467620849609375" lon="108.44331443309783935546875">
        <ele>432.600006103515625</ele>
        <time>2026-07-24T14:16:57.000Z</time>
        <extensions>
          <ns3:TrackPointExtension>
            <ns3:hr>157</ns3:hr>
            <ns3:cad>92</ns3:cad>
          </ns3:TrackPointExtension>
        </extensions>
      </trkpt>
      <trkpt lat="30.7505057752132415771484375" lon="108.4432844258844852447509765625">
        <ele>432.600006103515625</ele>
        <time>2026-07-24T14:16:58.000Z</time>
        <extensions>
          <ns3:TrackPointExtension>
            <ns3:hr>157</ns3:hr>
            <ns3:cad>93</ns3:cad>
          </ns3:TrackPointExtension>
        </extensions>
      </trkpt>
      <trkpt lat="30.75050778687000274658203125" lon="108.4432633034884929656982421875">
        <ele>432.600006103515625</ele>
        <time>2026-07-24T14:16:59.000Z</time>
        <extensions>
          <ns3:TrackPointExtension>
            <ns3:hr>157</ns3:hr>
            <ns3:cad>93</ns3:cad>
          </ns3:TrackPointExtension>
        </extensions>
      </trkpt>
      <trkpt lat="30.750505439937114715576171875" lon="108.44322793185710906982421875">
        <ele>432.399993896484375</ele>
        <time>2026-07-24T14:17:00.000Z</time>
        <extensions>
          <ns3:TrackPointExtension>
            <ns3:hr>157</ns3:hr>
            <ns3:cad>93</ns3:cad>
          </ns3:TrackPointExtension>
        </extensions>
      </trkpt>
      <trkpt lat="30.7505005784332752227783203125" lon="108.44320873729884624481201171875">
        <ele>432.399993896484375</ele>
        <time>2026-07-24T14:17:01.000Z</time>
        <extensions>
          <ns3:TrackPointExtension>
            <ns3:hr>157</ns3:hr>
            <ns3:cad>93</ns3:cad>
          </ns3:TrackPointExtension>
        </extensions>
      </trkpt>
      <trkpt lat="30.7504999078810214996337890625" lon="108.44317638315260410308837890625">
        <ele>432.20001220703125</ele>
        <time>2026-07-24T14:17:02.000Z</time>
        <extensions>
          <ns3:TrackPointExtension>
            <ns3:hr>158</ns3:hr>
            <ns3:cad>93</ns3:cad>
          </ns3:TrackPointExtension>
        </extensions>
      </trkpt>
      <trkpt lat="30.7504952140152454376220703125" lon="108.4431546740233898162841796875">
        <ele>432.20001220703125</ele>
        <time>2026-07-24T14:17:03.000Z</time>
        <extensions>
          <ns3:TrackPointExtension>
            <ns3:hr>158</ns3:hr>
            <ns3:cad>93</ns3:cad>
          </ns3:TrackPointExtension>
        </extensions>
      </trkpt>
      <trkpt lat="30.75049680657684803009033203125" lon="108.44312659464776515960693359375">
        <ele>432.20001220703125</ele>
        <time>2026-07-24T14:17:04.000Z</time>
        <extensions>
          <ns3:TrackPointExtension>
            <ns3:hr>158</ns3:hr>
            <ns3:cad>93</ns3:cad>
          </ns3:TrackPointExtension>
        </extensions>
      </trkpt>
      <trkpt lat="30.75049429200589656829833984375" lon="108.44310228712856769561767578125">
        <ele>432.20001220703125</ele>
        <time>2026-07-24T14:17:05.000Z</time>
        <extensions>
          <ns3:TrackPointExtension>
            <ns3:hr>158</ns3:hr>
            <ns3:cad>93</ns3:cad>
          </ns3:TrackPointExtension>
        </extensions>
      </trkpt>
      <trkpt lat="30.75050032697618007659912109375" lon="108.44307429157197475433349609375">
        <ele>432.20001220703125</ele>
        <time>2026-07-24T14:17:06.000Z</time>
        <extensions>
          <ns3:TrackPointExtension>
            <ns3:hr>158</ns3:hr>
            <ns3:cad>93</ns3:cad>
          </ns3:TrackPointExtension>
        </extensions>
      </trkpt>
      <trkpt lat="30.75049948878586292266845703125" lon="108.44305249862372875213623046875">
        <ele>432.20001220703125</ele>
        <time>2026-07-24T14:17:07.000Z</time>
        <extensions>
          <ns3:TrackPointExtension>
            <ns3:hr>158</ns3:hr>
            <ns3:cad>91</ns3:cad>
          </ns3:TrackPointExtension>
        </extensions>
      </trkpt>
      <trkpt lat="30.750501416623592376708984375" lon="108.4430252574384212493896484375">
        <ele>432</ele>
        <time>2026-07-24T14:17:08.000Z</time>
        <extensions>
          <ns3:TrackPointExtension>
            <ns3:hr>158</ns3:hr>
            <ns3:cad>91</ns3:cad>
          </ns3:TrackPointExtension>
        </extensions>
      </trkpt>
      <trkpt lat="30.75050049461424350738525390625" lon="108.44299860298633575439453125">
        <ele>432</ele>
        <time>2026-07-24T14:17:09.000Z</time>
        <extensions>
          <ns3:TrackPointExtension>
            <ns3:hr>159</ns3:hr>
            <ns3:cad>91</ns3:cad>
          </ns3:TrackPointExtension>
        </extensions>
      </trkpt>
      <trkpt lat="30.7505005784332752227783203125" lon="108.44297580420970916748046875">
        <ele>432</ele>
        <time>2026-07-24T14:17:10.000Z</time>
        <extensions>
          <ns3:TrackPointExtension>
            <ns3:hr>159</ns3:hr>
            <ns3:cad>91</ns3:cad>
          </ns3:TrackPointExtension>
        </extensions>
      </trkpt>
      <trkpt lat="30.7504972256720066070556640625" lon="108.44294705428183078765869140625">
        <ele>432</ele>
        <time>2026-07-24T14:17:11.000Z</time>
        <extensions>
          <ns3:TrackPointExtension>
            <ns3:hr>160</ns3:hr>
            <ns3:cad>91</ns3:cad>
          </ns3:TrackPointExtension>
        </extensions>
      </trkpt>
      <trkpt lat="30.75049445964395999908447265625" lon="108.44292526133358478546142578125">
        <ele>431.79998779296875</ele>
        <time>2026-07-24T14:17:12.000Z</time>
        <extensions>
          <ns3:TrackPointExtension>
            <ns3:hr>160</ns3:hr>
            <ns3:cad>91</ns3:cad>
          </ns3:TrackPointExtension>
        </extensions>
      </trkpt>
      <trkpt lat="30.75049311853945255279541015625" lon="108.442897014319896697998046875">
        <ele>431.79998779296875</ele>
        <time>2026-07-24T14:17:13.000Z</time>
        <extensions>
          <ns3:TrackPointExtension>
            <ns3:hr>161</ns3:hr>
            <ns3:cad>91</ns3:cad>
          </ns3:TrackPointExtension>
        </extensions>
      </trkpt>
      <trkpt lat="30.75049127452075481414794921875" lon="108.4428758919239044189453125">
        <ele>431.79998779296875</ele>
        <time>2026-07-24T14:17:14.000Z</time>
        <extensions>
          <ns3:TrackPointExtension>
            <ns3:hr>161</ns3:hr>
            <ns3:cad>91</ns3:cad>
          </ns3:TrackPointExtension>
        </extensions>
      </trkpt>
      <trkpt lat="30.75048976577818393707275390625" lon="108.4428438730537891387939453125">
        <ele>431.79998779296875</ele>
        <time>2026-07-24T14:17:15.000Z</time>
        <extensions>
          <ns3:TrackPointExtension>
            <ns3:hr>160</ns3:hr>
            <ns3:cad>91</ns3:cad>
          </ns3:TrackPointExtension>
        </extensions>
      </trkpt>
      <trkpt lat="30.75048624537885189056396484375" lon="108.4428250975906848907470703125">
        <ele>431.79998779296875</ele>
        <time>2026-07-24T14:17:16.000Z</time>
        <extensions>
          <ns3:TrackPointExtension>
            <ns3:hr>160</ns3:hr>
            <ns3:cad>91</ns3:cad>
          </ns3:TrackPointExtension>
        </extensions>
      </trkpt>
      <trkpt lat="30.750484652817249298095703125" lon="108.4427932463586330413818359375">
        <ele>431.79998779296875</ele>
        <time>2026-07-24T14:17:17.000Z</time>
        <extensions>
          <ns3:TrackPointExtension>
            <ns3:hr>160</ns3:hr>
            <ns3:cad>92</ns3:cad>
          </ns3:TrackPointExtension>
        </extensions>
      </trkpt>
      <trkpt lat="30.75048121623694896697998046875" lon="108.4427731297910213470458984375">
        <ele>432</ele>
        <time>2026-07-24T14:17:18.000Z</time>
        <extensions>
          <ns3:TrackPointExtension>
            <ns3:hr>160</ns3:hr>
            <ns3:cad>92</ns3:cad>
          </ns3:TrackPointExtension>
        </extensions>
      </trkpt>
      <trkpt lat="30.7504794560372829437255859375" lon="108.4427432902157306671142578125">
        <ele>432</ele>
        <time>2026-07-24T14:17:19.000Z</time>
        <extensions>
          <ns3:TrackPointExtension>
            <ns3:hr>160</ns3:hr>
            <ns3:cad>92</ns3:cad>
          </ns3:TrackPointExtension>
        </extensions>
      </trkpt>
      <trkpt lat="30.75047384016215801239013671875" lon="108.442722670733928680419921875">
        <ele>432</ele>
        <time>2026-07-24T14:17:20.000Z</time>
        <extensions>
          <ns3:TrackPointExtension>
            <ns3:hr>159</ns3:hr>
            <ns3:cad>93</ns3:cad>
          </ns3:TrackPointExtension>
        </extensions>
      </trkpt>
      <trkpt lat="30.7504709064960479736328125" lon="108.44269492663443088531494140625">
        <ele>432.20001220703125</ele>
        <time>2026-07-24T14:17:21.000Z</time>
        <extensions>
          <ns3:TrackPointExtension>
            <ns3:hr>159</ns3:hr>
            <ns3:cad>93</ns3:cad>
          </ns3:TrackPointExtension>
        </extensions>
      </trkpt>
      <trkpt lat="30.7504630275070667266845703125" lon="108.44267380423843860626220703125">
        <ele>432.20001220703125</ele>
        <time>2026-07-24T14:17:22.000Z</time>
        <extensions>
          <ns3:TrackPointExtension>
            <ns3:hr>159</ns3:hr>
            <ns3:cad>93</ns3:cad>
          </ns3:TrackPointExtension>
        </extensions>
      </trkpt>
      <trkpt lat="30.75045908801257610321044921875" lon="108.4426507540047168731689453125">
        <ele>432.20001220703125</ele>
        <time>2026-07-24T14:17:23.000Z</time>
        <extensions>
          <ns3:TrackPointExtension>
            <ns3:hr>158</ns3:hr>
            <ns3:cad>93</ns3:cad>
          </ns3:TrackPointExtension>
        </extensions>
      </trkpt>
      <trkpt lat="30.750453136861324310302734375" lon="108.44262778759002685546875">
        <ele>432.399993896484375</ele>
        <time>2026-07-24T14:17:24.000Z</time>
        <extensions>
          <ns3:TrackPointExtension>
            <ns3:hr>158</ns3:hr>
            <ns3:cad>93</ns3:cad>
          </ns3:TrackPointExtension>
        </extensions>
      </trkpt>
      <trkpt lat="30.7504529692232608795166015625" lon="108.44260892830789089202880859375">
        <ele>432.399993896484375</ele>
        <time>2026-07-24T14:17:25.000Z</time>
        <extensions>
          <ns3:TrackPointExtension>
            <ns3:hr>158</ns3:hr>
            <ns3:cad>91</ns3:cad>
          </ns3:TrackPointExtension>
        </extensions>
      </trkpt>
      <trkpt lat="30.75044400058686733245849609375" lon="108.442582190036773681640625">
        <ele>432.399993896484375</ele>
        <time>2026-07-24T14:17:26.000Z</time>
        <extensions>
          <ns3:TrackPointExtension>
            <ns3:hr>158</ns3:hr>
            <ns3:cad>91</ns3:cad>
          </ns3:TrackPointExtension>
        </extensions>
      </trkpt>
      <trkpt lat="30.75044148601591587066650390625" lon="108.44256165437400341033935546875">
        <ele>432.399993896484375</ele>
        <time>2026-07-24T14:17:27.000Z</time>
        <extensions>
          <ns3:TrackPointExtension>
            <ns3:hr>157</ns3:hr>
            <ns3:cad>91</ns3:cad>
          </ns3:TrackPointExtension>
        </extensions>
      </trkpt>
      <trkpt lat="30.7504398934543132781982421875" lon="108.4425381012260913848876953125">
        <ele>432.399993896484375</ele>
        <time>2026-07-24T14:17:28.000Z</time>
        <extensions>
          <ns3:TrackPointExtension>
            <ns3:hr>157</ns3:hr>
            <ns3:cad>92</ns3:cad>
          </ns3:TrackPointExtension>
        </extensions>
      </trkpt>
      <trkpt lat="30.7504311762750148773193359375" lon="108.44251857139170169830322265625">
        <ele>432.399993896484375</ele>
        <time>2026-07-24T14:17:29.000Z</time>
        <extensions>
          <ns3:TrackPointExtension>
            <ns3:hr>157</ns3:hr>
            <ns3:cad>92</ns3:cad>
          </ns3:TrackPointExtension>
        </extensions>
      </trkpt>
      <trkpt lat="30.75042991898953914642333984375" lon="108.44249040819704532623291015625">
        <ele>432.399993896484375</ele>
        <time>2026-07-24T14:17:30.000Z</time>
        <extensions>
          <ns3:TrackPointExtension>
            <ns3:hr>157</ns3:hr>
            <ns3:cad>92</ns3:cad>
          </ns3:TrackPointExtension>
        </extensions>
      </trkpt>
      <trkpt lat="30.75042287819087505340576171875" lon="108.4424723871052265167236328125">
        <ele>432.399993896484375</ele>
        <time>2026-07-24T14:17:31.000Z</time>
        <extensions>
          <ns3:TrackPointExtension>
            <ns3:hr>157</ns3:hr>
            <ns3:cad>92</ns3:cad>
          </ns3:TrackPointExtension>
        </extensions>
      </trkpt>
      <trkpt lat="30.7504211179912090301513671875" lon="108.44244539737701416015625">
        <ele>432.399993896484375</ele>
        <time>2026-07-24T14:17:32.000Z</time>
        <extensions>
          <ns3:TrackPointExtension>
            <ns3:hr>157</ns3:hr>
            <ns3:cad>92</ns3:cad>
          </ns3:TrackPointExtension>
        </extensions>
      </trkpt>
      <trkpt lat="30.75041349045932292938232421875" lon="108.44242033548653125762939453125">
        <ele>432.600006103515625</ele>
        <time>2026-07-24T14:17:33.000Z</time>
        <extensions>
          <ns3:TrackPointExtension>
            <ns3:hr>157</ns3:hr>
            <ns3:cad>93</ns3:cad>
          </ns3:TrackPointExtension>
        </extensions>
      </trkpt>
      <trkpt lat="30.75040829367935657501220703125" lon="108.442399799823760986328125">
        <ele>432.600006103515625</ele>
        <time>2026-07-24T14:17:34.000Z</time>
        <extensions>
          <ns3:TrackPointExtension>
            <ns3:hr>157</ns3:hr>
            <ns3:cad>93</ns3:cad>
          </ns3:TrackPointExtension>
        </extensions>
      </trkpt>
      <trkpt lat="30.75039940886199474334716796875" lon="108.44237230718135833740234375">
        <ele>432.79998779296875</ele>
        <time>2026-07-24T14:17:35.000Z</time>
        <extensions>
          <ns3:TrackPointExtension>
            <ns3:hr>158</ns3:hr>
            <ns3:cad>93</ns3:cad>
          </ns3:TrackPointExtension>
        </extensions>
      </trkpt>
      <trkpt lat="30.75039588846266269683837890625" lon="108.442348502576351165771484375">
        <ele>432.79998779296875</ele>
        <time>2026-07-24T14:17:36.000Z</time>
        <extensions>
          <ns3:TrackPointExtension>
            <ns3:hr>157</ns3:hr>
            <ns3:cad>93</ns3:cad>
          </ns3:TrackPointExtension>
        </extensions>
      </trkpt>
      <trkpt lat="30.75038549490272998809814453125" lon="108.44232025556266307830810546875">
        <ele>432.79998779296875</ele>
        <time>2026-07-24T14:17:37.000Z</time>
        <extensions>
          <ns3:TrackPointExtension>
            <ns3:hr>157</ns3:hr>
            <ns3:cad>92</ns3:cad>
          </ns3:TrackPointExtension>
        </extensions>
      </trkpt>
      <trkpt lat="30.75037862174212932586669921875" lon="108.44230248592793941497802734375">
        <ele>432.79998779296875</ele>
        <time>2026-07-24T14:17:38.000Z</time>
        <extensions>
          <ns3:TrackPointExtension>
            <ns3:hr>158</ns3:hr>
            <ns3:cad>92</ns3:cad>
          </ns3:TrackPointExtension>
        </extensions>
      </trkpt>
      <trkpt lat="30.750369988381862640380859375" lon="108.44227281399071216583251953125">
        <ele>433</ele>
        <time>2026-07-24T14:17:39.000Z</time>
        <extensions>
          <ns3:TrackPointExtension>
            <ns3:hr>157</ns3:hr>
            <ns3:cad>93</ns3:cad>
          </ns3:TrackPointExtension>
        </extensions>
      </trkpt>
      <trkpt lat="30.750359594821929931640625" lon="108.44225571490824222564697265625">
        <ele>433</ele>
        <time>2026-07-24T14:17:40.000Z</time>
        <extensions>
          <ns3:TrackPointExtension>
            <ns3:hr>158</ns3:hr>
            <ns3:cad>93</ns3:cad>
          </ns3:TrackPointExtension>
        </extensions>
      </trkpt>
      <trkpt lat="30.7503528892993927001953125" lon="108.44222788698971271514892578125">
        <ele>433</ele>
        <time>2026-07-24T14:17:41.000Z</time>
        <extensions>
          <ns3:TrackPointExtension>
            <ns3:hr>158</ns3:hr>
            <ns3:cad>93</ns3:cad>
          </ns3:TrackPointExtension>
        </extensions>
      </trkpt>
      <trkpt lat="30.75034157373011112213134765625" lon="108.44221212901175022125244140625">
        <ele>433</ele>
        <time>2026-07-24T14:17:42.000Z</time>
        <extensions>
          <ns3:TrackPointExtension>
            <ns3:hr>158</ns3:hr>
            <ns3:cad>94</ns3:cad>
          </ns3:TrackPointExtension>
        </extensions>
      </trkpt>
      <trkpt lat="30.75033654458820819854736328125" lon="108.4421892464160919189453125">
        <ele>433</ele>
        <time>2026-07-24T14:17:43.000Z</time>
        <extensions>
          <ns3:TrackPointExtension>
            <ns3:hr>158</ns3:hr>
            <ns3:cad>94</ns3:cad>
          </ns3:TrackPointExtension>
        </extensions>
      </trkpt>
      <trkpt lat="30.7503287494182586669921875" lon="108.4421699680387973785400390625">
        <ele>433</ele>
        <time>2026-07-24T14:17:44.000Z</time>
        <extensions>
          <ns3:TrackPointExtension>
            <ns3:hr>158</ns3:hr>
            <ns3:cad>92</ns3:cad>
          </ns3:TrackPointExtension>
        </extensions>
      </trkpt>
      <trkpt lat="30.7503252290189266204833984375" lon="108.4421441517770290374755859375">
        <ele>433.20001220703125</ele>
        <time>2026-07-24T14:17:45.000Z</time>
        <extensions>
          <ns3:TrackPointExtension>
            <ns3:hr>158</ns3:hr>
            <ns3:cad>92</ns3:cad>
          </ns3:TrackPointExtension>
        </extensions>
      </trkpt>
      <trkpt lat="30.75031441636383533477783203125" lon="108.44212328083813190460205078125">
        <ele>433.20001220703125</ele>
        <time>2026-07-24T14:17:46.000Z</time>
        <extensions>
          <ns3:TrackPointExtension>
            <ns3:hr>158</ns3:hr>
            <ns3:cad>92</ns3:cad>
          </ns3:TrackPointExtension>
        </extensions>
      </trkpt>
      <trkpt lat="30.75030854903161525726318359375" lon="108.442101068794727325439453125">
        <ele>433.20001220703125</ele>
        <time>2026-07-24T14:17:47.000Z</time>
        <extensions>
          <ns3:TrackPointExtension>
            <ns3:hr>158</ns3:hr>
            <ns3:cad>93</ns3:cad>
          </ns3:TrackPointExtension>
        </extensions>
      </trkpt>
      <trkpt lat="30.750298239290714263916015625" lon="108.44207567162811756134033203125">
        <ele>433.20001220703125</ele>
        <time>2026-07-24T14:17:48.000Z</time>
        <extensions>
          <ns3:TrackPointExtension>
            <ns3:hr>159</ns3:hr>
            <ns3:cad>93</ns3:cad>
          </ns3:TrackPointExtension>
        </extensions>
      </trkpt>
      <trkpt lat="30.7502940483391284942626953125" lon="108.44205622561275959014892578125">
        <ele>433.399993896484375</ele>
        <time>2026-07-24T14:17:49.000Z</time>
        <extensions>
          <ns3:TrackPointExtension>
            <ns3:hr>159</ns3:hr>
            <ns3:cad>93</ns3:cad>
          </ns3:TrackPointExtension>
        </extensions>
      </trkpt>
      <trkpt lat="30.75028139166533946990966796875" lon="108.442029654979705810546875">
        <ele>433.399993896484375</ele>
        <time>2026-07-24T14:17:50.000Z</time>
        <extensions>
          <ns3:TrackPointExtension>
            <ns3:hr>160</ns3:hr>
            <ns3:cad>93</ns3:cad>
          </ns3:TrackPointExtension>
        </extensions>
      </trkpt>
      <trkpt lat="30.7502710819244384765625" lon="108.4420123882591724395751953125">
        <ele>433.399993896484375</ele>
        <time>2026-07-24T14:17:51.000Z</time>
        <extensions>
          <ns3:TrackPointExtension>
            <ns3:hr>160</ns3:hr>
            <ns3:cad>93</ns3:cad>
          </ns3:TrackPointExtension>
        </extensions>
      </trkpt>
      <trkpt lat="30.750260688364505767822265625" lon="108.44198598526418209075927734375">
        <ele>433.399993896484375</ele>
        <time>2026-07-24T14:17:52.000Z</time>
        <extensions>
          <ns3:TrackPointExtension>
            <ns3:hr>160</ns3:hr>
            <ns3:cad>93</ns3:cad>
          </ns3:TrackPointExtension>
        </extensions>
      </trkpt>
      <trkpt lat="30.750252641737461090087890625" lon="108.44196989201009273529052734375">
        <ele>433.399993896484375</ele>
        <time>2026-07-24T14:17:53.000Z</time>
        <extensions>
          <ns3:TrackPointExtension>
            <ns3:hr>161</ns3:hr>
            <ns3:cad>93</ns3:cad>
          </ns3:TrackPointExtension>
        </extensions>
      </trkpt>
      <trkpt lat="30.750243254005908966064453125" lon="108.44194047152996063232421875">
        <ele>433.399993896484375</ele>
        <time>2026-07-24T14:17:54.000Z</time>
        <extensions>
          <ns3:TrackPointExtension>
            <ns3:hr>162</ns3:hr>
            <ns3:cad>93</ns3:cad>
          </ns3:TrackPointExtension>
        </extensions>
      </trkpt>
      <trkpt lat="30.7502353750169277191162109375" lon="108.441925384104251861572265625">
        <ele>433.399993896484375</ele>
        <time>2026-07-24T14:17:55.000Z</time>
        <extensions>
          <ns3:TrackPointExtension>
            <ns3:hr>162</ns3:hr>
            <ns3:cad>93</ns3:cad>
          </ns3:TrackPointExtension>
        </extensions>
      </trkpt>
      <trkpt lat="30.7502300105988979339599609375" lon="108.44189730472862720489501953125">
        <ele>433.600006103515625</ele>
        <time>2026-07-24T14:17:56.000Z</time>
        <extensions>
          <ns3:TrackPointExtension>
            <ns3:hr>163</ns3:hr>
            <ns3:cad>92</ns3:cad>
          </ns3:TrackPointExtension>
        </extensions>
      </trkpt>
      <trkpt lat="30.75021768920123577117919921875" lon="108.441881127655506134033203125">
        <ele>433.600006103515625</ele>
        <time>2026-07-24T14:17:57.000Z</time>
        <extensions>
          <ns3:TrackPointExtension>
            <ns3:hr>164</ns3:hr>
            <ns3:cad>92</ns3:cad>
          </ns3:TrackPointExtension>
        </extensions>
      </trkpt>
      <trkpt lat="30.7502122409641742706298828125" lon="108.441856317222118377685546875">
        <ele>433.600006103515625</ele>
        <time>2026-07-24T14:17:58.000Z</time>
        <extensions>
          <ns3:TrackPointExtension>
            <ns3:hr>164</ns3:hr>
            <ns3:cad>93</ns3:cad>
          </ns3:TrackPointExtension>
        </extensions>
      </trkpt>
      <trkpt lat="30.75020109303295612335205078125" lon="108.4418356977403163909912109375">
        <ele>433.600006103515625</ele>
        <time>2026-07-24T14:17:59.000Z</time>
        <extensions>
          <ns3:TrackPointExtension>
            <ns3:hr>164</ns3:hr>
            <ns3:cad>94</ns3:cad>
          </ns3:TrackPointExtension>
        </extensions>
      </trkpt>
      <trkpt lat="30.75019924901425838470458984375" lon="108.4418135695159435272216796875">
        <ele>433.600006103515625</ele>
        <time>2026-07-24T14:18:00.000Z</time>
        <extensions>
          <ns3:TrackPointExtension>
            <ns3:hr>163</ns3:hr>
            <ns3:cad>93</ns3:cad>
          </ns3:TrackPointExtension>
        </extensions>
      </trkpt>
      <trkpt lat="30.75019254349172115325927734375" lon="108.44179160892963409423828125">
        <ele>433.600006103515625</ele>
        <time>2026-07-24T14:18:01.000Z</time>
        <extensions>
          <ns3:TrackPointExtension>
            <ns3:hr>163</ns3:hr>
            <ns3:cad>94</ns3:cad>
          </ns3:TrackPointExtension>
        </extensions>
      </trkpt>
      <trkpt lat="30.7501840777695178985595703125" lon="108.4417713247239589691162109375">
        <ele>433.600006103515625</ele>
        <time>2026-07-24T14:18:02.000Z</time>
        <extensions>
          <ns3:TrackPointExtension>
            <ns3:hr>164</ns3:hr>
            <ns3:cad>93</ns3:cad>
          </ns3:TrackPointExtension>
        </extensions>
      </trkpt>
      <trkpt lat="30.75017544440925121307373046875" lon="108.4417468495666980743408203125">
        <ele>433.79998779296875</ele>
        <time>2026-07-24T14:18:03.000Z</time>
        <extensions>
          <ns3:TrackPointExtension>
            <ns3:hr>164</ns3:hr>
            <ns3:cad>93</ns3:cad>
          </ns3:TrackPointExtension>
        </extensions>
      </trkpt>
      <trkpt lat="30.750166811048984527587890625" lon="108.441728912293910980224609375">
        <ele>433.79998779296875</ele>
        <time>2026-07-24T14:18:04.000Z</time>
        <extensions>
          <ns3:TrackPointExtension>
            <ns3:hr>163</ns3:hr>
            <ns3:cad>92</ns3:cad>
          </ns3:TrackPointExtension>
        </extensions>
      </trkpt>
      <trkpt lat="30.7501609437167644500732421875" lon="108.4417056106030941009521484375">
        <ele>433.79998779296875</ele>
        <time>2026-07-24T14:18:05.000Z</time>
        <extensions>
          <ns3:TrackPointExtension>
            <ns3:hr>163</ns3:hr>
            <ns3:cad>91</ns3:cad>
          </ns3:TrackPointExtension>
        </extensions>
      </trkpt>
      <trkpt lat="30.75015239417552947998046875" lon="108.44168842770159244537353515625">
        <ele>433.79998779296875</ele>
        <time>2026-07-24T14:18:06.000Z</time>
        <extensions>
          <ns3:TrackPointExtension>
            <ns3:hr>163</ns3:hr>
            <ns3:cad>91</ns3:cad>
          </ns3:TrackPointExtension>
        </extensions>
      </trkpt>
      <trkpt lat="30.75014610774815082550048828125" lon="108.441662527620792388916015625">
        <ele>433.79998779296875</ele>
        <time>2026-07-24T14:18:07.000Z</time>
        <extensions>
          <ns3:TrackPointExtension>
            <ns3:hr>163</ns3:hr>
            <ns3:cad>92</ns3:cad>
          </ns3:TrackPointExtension>
        </extensions>
      </trkpt>
      <trkpt lat="30.7501384802162647247314453125" lon="108.441643416881561279296875">
        <ele>433.79998779296875</ele>
        <time>2026-07-24T14:18:08.000Z</time>
        <extensions>
          <ns3:TrackPointExtension>
            <ns3:hr>163</ns3:hr>
            <ns3:cad>94</ns3:cad>
          </ns3:TrackPointExtension>
        </extensions>
      </trkpt>
      <trkpt lat="30.750130601227283477783203125" lon="108.4416221268475055694580078125">
        <ele>434</ele>
        <time>2026-07-24T14:18:09.000Z</time>
        <extensions>
          <ns3:TrackPointExtension>
            <ns3:hr>162</ns3:hr>
            <ns3:cad>95</ns3:cad>
          </ns3:TrackPointExtension>
        </extensions>
      </trkpt>
      <trkpt lat="30.750121884047985076904296875" lon="108.44159890897572040557861328125">
        <ele>434</ele>
        <time>2026-07-24T14:18:10.000Z</time>
        <extensions>
          <ns3:TrackPointExtension>
            <ns3:hr>162</ns3:hr>
            <ns3:cad>95</ns3:cad>
          </ns3:TrackPointExtension>
        </extensions>
      </trkpt>
      <trkpt lat="30.75011107139289379119873046875" lon="108.441580049693584442138671875">
        <ele>434</ele>
        <time>2026-07-24T14:18:11.000Z</time>
        <extensions>
          <ns3:TrackPointExtension>
            <ns3:hr>161</ns3:hr>
            <ns3:cad>94</ns3:cad>
          </ns3:TrackPointExtension>
        </extensions>
      </trkpt>
      <trkpt lat="30.7501032762229442596435546875" lon="108.44155649654567241668701171875">
        <ele>434</ele>
        <time>2026-07-24T14:18:12.000Z</time>
        <extensions>
          <ns3:TrackPointExtension>
            <ns3:hr>161</ns3:hr>
            <ns3:cad>93</ns3:cad>
          </ns3:TrackPointExtension>
        </extensions>
      </trkpt>
      <trkpt lat="30.75009564869105815887451171875" lon="108.4415396489202976226806640625">
        <ele>434</ele>
        <time>2026-07-24T14:18:13.000Z</time>
        <extensions>
          <ns3:TrackPointExtension>
            <ns3:hr>161</ns3:hr>
            <ns3:cad>93</ns3:cad>
          </ns3:TrackPointExtension>
        </extensions>
      </trkpt>
      <trkpt lat="30.750088356435298919677734375" lon="108.44151274301111698150634765625">
        <ele>434.20001220703125</ele>
        <time>2026-07-24T14:18:14.000Z</time>
        <extensions>
          <ns3:TrackPointExtension>
            <ns3:hr>161</ns3:hr>
            <ns3:cad>93</ns3:cad>
          </ns3:TrackPointExtension>
        </extensions>
      </trkpt>
      <trkpt lat="30.75007854960858821868896484375" lon="108.4414940513670444488525390625">
        <ele>434.20001220703125</ele>
        <time>2026-07-24T14:18:15.000Z</time>
        <extensions>
          <ns3:TrackPointExtension>
            <ns3:hr>160</ns3:hr>
            <ns3:cad>93</ns3:cad>
          </ns3:TrackPointExtension>
        </extensions>
      </trkpt>
      <trkpt lat="30.7500724308192729949951171875" lon="108.441472090780735015869140625">
        <ele>434.20001220703125</ele>
        <time>2026-07-24T14:18:16.000Z</time>
        <extensions>
          <ns3:TrackPointExtension>
            <ns3:hr>160</ns3:hr>
            <ns3:cad>93</ns3:cad>
          </ns3:TrackPointExtension>
        </extensions>
      </trkpt>
      <trkpt lat="30.75006790459156036376953125" lon="108.441450633108615875244140625">
        <ele>434.20001220703125</ele>
        <time>2026-07-24T14:18:17.000Z</time>
        <extensions>
          <ns3:TrackPointExtension>
            <ns3:hr>160</ns3:hr>
            <ns3:cad>94</ns3:cad>
          </ns3:TrackPointExtension>
        </extensions>
      </trkpt>
      <trkpt lat="30.75006077997386455535888671875" lon="108.4414316900074481964111328125">
        <ele>434.399993896484375</ele>
        <time>2026-07-24T14:18:18.000Z</time>
        <extensions>
          <ns3:TrackPointExtension>
            <ns3:hr>159</ns3:hr>
            <ns3:cad>94</ns3:cad>
          </ns3:TrackPointExtension>
        </extensions>
      </trkpt>
      <trkpt lat="30.7500539906322956085205078125" lon="108.44140411354601383209228515625">
        <ele>434.600006103515625</ele>
        <time>2026-07-24T14:18:19.000Z</time>
        <extensions>
          <ns3:TrackPointExtension>
            <ns3:hr>159</ns3:hr>
            <ns3:cad>94</ns3:cad>
          </ns3:TrackPointExtension>
        </extensions>
      </trkpt>
      <trkpt lat="30.75004778802394866943359375" lon="108.44138802029192447662353515625">
        <ele>434.600006103515625</ele>
        <time>2026-07-24T14:18:20.000Z</time>
        <extensions>
          <ns3:TrackPointExtension>
            <ns3:hr>159</ns3:hr>
            <ns3:cad>93</ns3:cad>
          </ns3:TrackPointExtension>
        </extensions>
      </trkpt>
      <trkpt lat="30.7500456087291240692138671875" lon="108.44135918654501438140869140625">
        <ele>434.600006103515625</ele>
        <time>2026-07-24T14:18:21.000Z</time>
        <extensions>
          <ns3:TrackPointExtension>
            <ns3:hr>160</ns3:hr>
            <ns3:cad>93</ns3:cad>
          </ns3:TrackPointExtension>
        </extensions>
      </trkpt>
      <trkpt lat="30.7500390708446502685546875" lon="108.441339321434497833251953125">
        <ele>434.600006103515625</ele>
        <time>2026-07-24T14:18:22.000Z</time>
        <extensions>
          <ns3:TrackPointExtension>
            <ns3:hr>160</ns3:hr>
            <ns3:cad>93</ns3:cad>
          </ns3:TrackPointExtension>
        </extensions>
      </trkpt>
      <trkpt lat="30.750036723911762237548828125" lon="108.44131241552531719207763671875">
        <ele>434.600006103515625</ele>
        <time>2026-07-24T14:18:23.000Z</time>
        <extensions>
          <ns3:TrackPointExtension>
            <ns3:hr>160</ns3:hr>
            <ns3:cad>94</ns3:cad>
          </ns3:TrackPointExtension>
        </extensions>
      </trkpt>
      <trkpt lat="30.7500315271317958831787109375" lon="108.44129682518541812896728515625">
        <ele>434.600006103515625</ele>
        <time>2026-07-24T14:18:24.000Z</time>
        <extensions>
          <ns3:TrackPointExtension>
            <ns3:hr>160</ns3:hr>
            <ns3:cad>94</ns3:cad>
          </ns3:TrackPointExtension>
        </extensions>
      </trkpt>
      <trkpt lat="30.750030018389225006103515625" lon="108.44127201475203037261962890625">
        <ele>434.600006103515625</ele>
        <time>2026-07-24T14:18:25.000Z</time>
        <extensions>
          <ns3:TrackPointExtension>
            <ns3:hr>160</ns3:hr>
            <ns3:cad>94</ns3:cad>
          </ns3:TrackPointExtension>
        </extensions>
      </trkpt>
      <trkpt lat="30.75002767145633697509765625" lon="108.44124938361346721649169921875">
        <ele>434.600006103515625</ele>
        <time>2026-07-24T14:18:26.000Z</time>
        <extensions>
          <ns3:TrackPointExtension>
            <ns3:hr>160</ns3:hr>
            <ns3:cad>94</ns3:cad>
          </ns3:TrackPointExtension>
        </extensions>
      </trkpt>
      <trkpt lat="30.75002775527536869049072265625" lon="108.441229350864887237548828125">
        <ele>434.600006103515625</ele>
        <time>2026-07-24T14:18:27.000Z</time>
        <extensions>
          <ns3:TrackPointExtension>
            <ns3:hr>160</ns3:hr>
            <ns3:cad>92</ns3:cad>
          </ns3:TrackPointExtension>
        </extensions>
      </trkpt>
      <trkpt lat="30.75002389959990978240966796875" lon="108.4411986730992794036865234375">
        <ele>434.600006103515625</ele>
        <time>2026-07-24T14:18:28.000Z</time>
        <extensions>
          <ns3:TrackPointExtension>
            <ns3:hr>161</ns3:hr>
            <ns3:cad>92</ns3:cad>
          </ns3:TrackPointExtension>
        </extensions>
      </trkpt>
      <trkpt lat="30.75002155266702175140380859375" lon="108.441176377236843109130859375">
        <ele>434.600006103515625</ele>
        <time>2026-07-24T14:18:29.000Z</time>
        <extensions>
          <ns3:TrackPointExtension>
            <ns3:hr>161</ns3:hr>
            <ns3:cad>92</ns3:cad>
          </ns3:TrackPointExtension>
        </extensions>
      </trkpt>
      <trkpt lat="30.75000260956585407257080078125" lon="108.441155590116977691650390625">
        <ele>434.79998779296875</ele>
        <time>2026-07-24T14:18:30.000Z</time>
        <extensions>
          <ns3:TrackPointExtension>
            <ns3:hr>161</ns3:hr>
            <ns3:cad>92</ns3:cad>
          </ns3:TrackPointExtension>
        </extensions>
      </trkpt>
      <trkpt lat="30.7499835826456546783447265625" lon="108.44114360399544239044189453125">
        <ele>434.79998779296875</ele>
        <time>2026-07-24T14:18:31.000Z</time>
        <extensions>
          <ns3:TrackPointExtension>
            <ns3:hr>161</ns3:hr>
            <ns3:cad>94</ns3:cad>
          </ns3:TrackPointExtension>
        </extensions>
      </trkpt>
      <trkpt lat="30.7499617896974086761474609375" lon="108.4411477111279964447021484375">
        <ele>435</ele>
        <time>2026-07-24T14:18:32.000Z</time>
        <extensions>
          <ns3:TrackPointExtension>
            <ns3:hr>162</ns3:hr>
            <ns3:cad>94</ns3:cad>
          </ns3:TrackPointExtension>
        </extensions>
      </trkpt>
      <trkpt lat="30.749953575432300567626953125" lon="108.44116170890629291534423828125">
        <ele>435</ele>
        <time>2026-07-24T14:18:33.000Z</time>
        <extensions>
          <ns3:TrackPointExtension>
            <ns3:hr>162</ns3:hr>
            <ns3:cad>93</ns3:cad>
          </ns3:TrackPointExtension>
        </extensions>
      </trkpt>
      <trkpt lat="30.7499483786523342132568359375" lon="108.44118769280612468719482421875">
        <ele>435</ele>
        <time>2026-07-24T14:18:34.000Z</time>
        <extensions>
          <ns3:TrackPointExtension>
            <ns3:hr>162</ns3:hr>
            <ns3:cad>93</ns3:cad>
          </ns3:TrackPointExtension>
        </extensions>
      </trkpt>
      <trkpt lat="30.7499490492045879364013671875" lon="108.44120546244084835052490234375">
        <ele>435</ele>
        <time>2026-07-24T14:18:35.000Z</time>
        <extensions>
          <ns3:TrackPointExtension>
            <ns3:hr>163</ns3:hr>
            <ns3:cad>91</ns3:cad>
          </ns3:TrackPointExtension>
        </extensions>
      </trkpt>
      <trkpt lat="30.74995215050876140594482421875" lon="108.441234044730663299560546875">
        <ele>435</ele>
        <time>2026-07-24T14:18:36.000Z</time>
        <extensions>
          <ns3:TrackPointExtension>
            <ns3:hr>162</ns3:hr>
            <ns3:cad>91</ns3:cad>
          </ns3:TrackPointExtension>
        </extensions>
      </trkpt>
      <trkpt lat="30.7499604485929012298583984375" lon="108.441253490746021270751953125">
        <ele>435</ele>
        <time>2026-07-24T14:18:37.000Z</time>
        <extensions>
          <ns3:TrackPointExtension>
            <ns3:hr>162</ns3:hr>
            <ns3:cad>91</ns3:cad>
          </ns3:TrackPointExtension>
        </extensions>
      </trkpt>
      <trkpt lat="30.74996329843997955322265625" lon="108.4412826597690582275390625">
        <ele>435</ele>
        <time>2026-07-24T14:18:38.000Z</time>
        <extensions>
          <ns3:TrackPointExtension>
            <ns3:hr>163</ns3:hr>
            <ns3:cad>91</ns3:cad>
          </ns3:TrackPointExtension>
        </extensions>
      </trkpt>
      <trkpt lat="30.7499678246676921844482421875" lon="108.44130436889827251434326171875">
        <ele>435</ele>
        <time>2026-07-24T14:18:39.000Z</time>
        <extensions>
          <ns3:TrackPointExtension>
            <ns3:hr>163</ns3:hr>
            <ns3:cad>91</ns3:cad>
          </ns3:TrackPointExtension>
        </extensions>
      </trkpt>
      <trkpt lat="30.749967657029628753662109375" lon="108.4413337893784046173095703125">
        <ele>435</ele>
        <time>2026-07-24T14:18:40.000Z</time>
        <extensions>
          <ns3:TrackPointExtension>
            <ns3:hr>163</ns3:hr>
            <ns3:cad>92</ns3:cad>
          </ns3:TrackPointExtension>
        </extensions>
      </trkpt>
      <trkpt lat="30.749979056417942047119140625" lon="108.44135499559342861175537109375">
        <ele>435</ele>
        <time>2026-07-24T14:18:41.000Z</time>
        <extensions>
          <ns3:TrackPointExtension>
            <ns3:hr>163</ns3:hr>
            <ns3:cad>92</ns3:cad>
          </ns3:TrackPointExtension>
        </extensions>
      </trkpt>
      <trkpt lat="30.749985091388225555419921875" lon="108.4413767047226428985595703125">
        <ele>435</ele>
        <time>2026-07-24T14:18:42.000Z</time>
        <extensions>
          <ns3:TrackPointExtension>
            <ns3:hr>163</ns3:hr>
            <ns3:cad>92</ns3:cad>
          </ns3:TrackPointExtension>
        </extensions>
      </trkpt>
      <trkpt lat="30.7499963231384754180908203125" lon="108.44139941968023777008056640625">
        <ele>435</ele>
        <time>2026-07-24T14:18:43.000Z</time>
        <extensions>
          <ns3:TrackPointExtension>
            <ns3:hr>163</ns3:hr>
            <ns3:cad>92</ns3:cad>
          </ns3:TrackPointExtension>
        </extensions>
      </trkpt>
      <trkpt lat="30.75000294484198093414306640625" lon="108.4414186142385005950927734375">
        <ele>435</ele>
        <time>2026-07-24T14:18:44.000Z</time>
        <extensions>
          <ns3:TrackPointExtension>
            <ns3:hr>164</ns3:hr>
            <ns3:cad>91</ns3:cad>
          </ns3:TrackPointExtension>
        </extensions>
      </trkpt>
      <trkpt lat="30.75000830926001071929931640625" lon="108.44144887290894985198974609375">
        <ele>434.79998779296875</ele>
        <time>2026-07-24T14:18:45.000Z</time>
        <extensions>
          <ns3:TrackPointExtension>
            <ns3:hr>164</ns3:hr>
            <ns3:cad>91</ns3:cad>
          </ns3:TrackPointExtension>
        </extensions>
      </trkpt>
      <trkpt lat="30.7500191219151020050048828125" lon="108.44146597199141979217529296875">
        <ele>434.79998779296875</ele>
        <time>2026-07-24T14:18:46.000Z</time>
        <extensions>
          <ns3:TrackPointExtension>
            <ns3:hr>164</ns3:hr>
            <ns3:cad>91</ns3:cad>
          </ns3:TrackPointExtension>
        </extensions>
      </trkpt>
      <trkpt lat="30.7500234805047512054443359375" lon="108.44149522483348846435546875">
        <ele>434.79998779296875</ele>
        <time>2026-07-24T14:18:47.000Z</time>
        <extensions>
          <ns3:TrackPointExtension>
            <ns3:hr>164</ns3:hr>
            <ns3:cad>92</ns3:cad>
          </ns3:TrackPointExtension>
        </extensions>
      </trkpt>
      <trkpt lat="30.7500345446169376373291015625" lon="108.44151106663048267364501953125">
        <ele>434.79998779296875</ele>
        <time>2026-07-24T14:18:48.000Z</time>
        <extensions>
          <ns3:TrackPointExtension>
            <ns3:hr>164</ns3:hr>
            <ns3:cad>92</ns3:cad>
          </ns3:TrackPointExtension>
        </extensions>
      </trkpt>
      <trkpt lat="30.7500390708446502685546875" lon="108.4415403194725513458251953125">
        <ele>434.79998779296875</ele>
        <time>2026-07-24T14:18:49.000Z</time>
        <extensions>
          <ns3:TrackPointExtension>
            <ns3:hr>164</ns3:hr>
            <ns3:cad>92</ns3:cad>
          </ns3:TrackPointExtension>
        </extensions>
      </trkpt>
      <trkpt lat="30.7500472851097583770751953125" lon="108.4415589272975921630859375">
        <ele>434.600006103515625</ele>
        <time>2026-07-24T14:18:50.000Z</time>
        <extensions>
          <ns3:TrackPointExtension>
            <ns3:hr>164</ns3:hr>
            <ns3:cad>93</ns3:cad>
          </ns3:TrackPointExtension>
        </extensions>
      </trkpt>
      <trkpt lat="30.75005306862294673919677734375" lon="108.4415822289884090423583984375">
        <ele>434.600006103515625</ele>
        <time>2026-07-24T14:18:51.000Z</time>
        <extensions>
          <ns3:TrackPointExtension>
            <ns3:hr>164</ns3:hr>
            <ns3:cad>94</ns3:cad>
          </ns3:TrackPointExtension>
        </extensions>
      </trkpt>
      <trkpt lat="30.7500660605728626251220703125" lon="108.44160326756536960601806640625">
        <ele>434.600006103515625</ele>
        <time>2026-07-24T14:18:52.000Z</time>
        <extensions>
          <ns3:TrackPointExtension>
            <ns3:hr>163</ns3:hr>
            <ns3:cad>94</ns3:cad>
          </ns3:TrackPointExtension>
        </extensions>
      </trkpt>
      <trkpt lat="30.75007502920925617218017578125" lon="108.4416224621236324310302734375">
        <ele>434.600006103515625</ele>
        <time>2026-07-24T14:18:53.000Z</time>
        <extensions>
          <ns3:TrackPointExtension>
            <ns3:hr>163</ns3:hr>
            <ns3:cad>94</ns3:cad>
          </ns3:TrackPointExtension>
        </extensions>
      </trkpt>
      <trkpt lat="30.75008106417953968048095703125" lon="108.4416502900421619415283203125">
        <ele>434.600006103515625</ele>
        <time>2026-07-24T14:18:54.000Z</time>
        <extensions>
          <ns3:TrackPointExtension>
            <ns3:hr>162</ns3:hr>
            <ns3:cad>92</ns3:cad>
          </ns3:TrackPointExtension>
        </extensions>
      </trkpt>
      <trkpt lat="30.75009330175817012786865234375" lon="108.4416700713336467742919921875">
        <ele>434.399993896484375</ele>
        <time>2026-07-24T14:18:55.000Z</time>
        <extensions>
          <ns3:TrackPointExtension>
            <ns3:hr>161</ns3:hr>
            <ns3:cad>92</ns3:cad>
          </ns3:TrackPointExtension>
        </extensions>
      </trkpt>
      <trkpt lat="30.750099085271358489990234375" lon="108.44169949181377887725830078125">
        <ele>434.399993896484375</ele>
        <time>2026-07-24T14:18:56.000Z</time>
        <extensions>
          <ns3:TrackPointExtension>
            <ns3:hr>161</ns3:hr>
            <ns3:cad>92</ns3:cad>
          </ns3:TrackPointExtension>
        </extensions>
      </trkpt>
      <trkpt lat="30.75011425651609897613525390625" lon="108.441710807383060455322265625">
        <ele>434.20001220703125</ele>
        <time>2026-07-24T14:18:57.000Z</time>
        <extensions>
          <ns3:TrackPointExtension>
            <ns3:hr>161</ns3:hr>
            <ns3:cad>92</ns3:cad>
          </ns3:TrackPointExtension>
        </extensions>
      </trkpt>
      <trkpt lat="30.7501173578202724456787109375" lon="108.44173737801611423492431640625">
        <ele>434.20001220703125</ele>
        <time>2026-07-24T14:18:58.000Z</time>
        <extensions>
          <ns3:TrackPointExtension>
            <ns3:hr>160</ns3:hr>
            <ns3:cad>92</ns3:cad>
          </ns3:TrackPointExtension>
        </extensions>
      </trkpt>
      <trkpt lat="30.7501316070556640625" lon="108.44175866805016994476318359375">
        <ele>434</ele>
        <time>2026-07-24T14:18:59.000Z</time>
        <extensions>
          <ns3:TrackPointExtension>
            <ns3:hr>160</ns3:hr>
            <ns3:cad>92</ns3:cad>
          </ns3:TrackPointExtension>
        </extensions>
      </trkpt>
      <trkpt lat="30.750135965645313262939453125" lon="108.44178465195000171661376953125">
        <ele>434</ele>
        <time>2026-07-24T14:19:00.000Z</time>
        <extensions>
          <ns3:TrackPointExtension>
            <ns3:hr>159</ns3:hr>
            <ns3:cad>93</ns3:cad>
          </ns3:TrackPointExtension>
        </extensions>
      </trkpt>
      <trkpt lat="30.75014568865299224853515625" lon="108.44180963002145290374755859375">
        <ele>434</ele>
        <time>2026-07-24T14:19:01.000Z</time>
        <extensions>
          <ns3:TrackPointExtension>
            <ns3:hr>157</ns3:hr>
            <ns3:cad>93</ns3:cad>
          </ns3:TrackPointExtension>
        </extensions>
      </trkpt>
      <trkpt lat="30.7501518912613391876220703125" lon="108.44183058477938175201416015625">
        <ele>434</ele>
        <time>2026-07-24T14:19:02.000Z</time>
        <extensions>
          <ns3:TrackPointExtension>
            <ns3:hr>156</ns3:hr>
            <ns3:cad>93</ns3:cad>
          </ns3:TrackPointExtension>
        </extensions>
      </trkpt>
      <trkpt lat="30.750162787735462188720703125" lon="108.44185992144048213958740234375">
        <ele>434</ele>
        <time>2026-07-24T14:19:03.000Z</time>
        <extensions>
          <ns3:TrackPointExtension>
            <ns3:hr>155</ns3:hr>
            <ns3:cad>94</ns3:cad>
          </ns3:TrackPointExtension>
        </extensions>
      </trkpt>
      <trkpt lat="30.75017443858087062835693359375" lon="108.44187769107520580291748046875">
        <ele>434</ele>
        <time>2026-07-24T14:19:04.000Z</time>
        <extensions>
          <ns3:TrackPointExtension>
            <ns3:hr>155</ns3:hr>
            <ns3:cad>94</ns3:cad>
          </ns3:TrackPointExtension>
        </extensions>
      </trkpt>
      <trkpt lat="30.7501839101314544677734375" lon="108.441906273365020751953125">
        <ele>433.79998779296875</ele>
        <time>2026-07-24T14:19:05.000Z</time>
        <extensions>
          <ns3:TrackPointExtension>
            <ns3:hr>155</ns3:hr>
            <ns3:cad>92</ns3:cad>
          </ns3:TrackPointExtension>
        </extensions>
      </trkpt>
      <trkpt lat="30.75019472278654575347900390625" lon="108.44192211516201496124267578125">
        <ele>433.600006103515625</ele>
        <time>2026-07-24T14:19:06.000Z</time>
        <extensions>
          <ns3:TrackPointExtension>
            <ns3:hr>155</ns3:hr>
            <ns3:cad>92</ns3:cad>
          </ns3:TrackPointExtension>
        </extensions>
      </trkpt>
      <trkpt lat="30.75020201504230499267578125" lon="108.44195178709924221038818359375">
        <ele>433.600006103515625</ele>
        <time>2026-07-24T14:19:07.000Z</time>
        <extensions>
          <ns3:TrackPointExtension>
            <ns3:hr>156</ns3:hr>
            <ns3:cad>92</ns3:cad>
          </ns3:TrackPointExtension>
        </extensions>
      </trkpt>
      <trkpt lat="30.75021500699222087860107421875" lon="108.44197156839072704315185546875">
        <ele>433.600006103515625</ele>
        <time>2026-07-24T14:19:08.000Z</time>
        <extensions>
          <ns3:TrackPointExtension>
            <ns3:hr>156</ns3:hr>
            <ns3:cad>93</ns3:cad>
          </ns3:TrackPointExtension>
        </extensions>
      </trkpt>
      <trkpt lat="30.75022255070507526397705078125" lon="108.4420013241469860076904296875">
        <ele>433.600006103515625</ele>
        <time>2026-07-24T14:19:09.000Z</time>
        <extensions>
          <ns3:TrackPointExtension>
            <ns3:hr>157</ns3:hr>
            <ns3:cad>93</ns3:cad>
          </ns3:TrackPointExtension>
        </extensions>
      </trkpt>
      <trkpt lat="30.75023193843662738800048828125" lon="108.44202253036201000213623046875">
        <ele>433.600006103515625</ele>
        <time>2026-07-24T14:19:10.000Z</time>
        <extensions>
          <ns3:TrackPointExtension>
            <ns3:hr>157</ns3:hr>
            <ns3:cad>92</ns3:cad>
          </ns3:TrackPointExtension>
        </extensions>
      </trkpt>
      <trkpt lat="30.75023663230240345001220703125" lon="108.44204314984381198883056640625">
        <ele>433.600006103515625</ele>
        <time>2026-07-24T14:19:11.000Z</time>
        <extensions>
          <ns3:TrackPointExtension>
            <ns3:hr>157</ns3:hr>
            <ns3:cad>92</ns3:cad>
          </ns3:TrackPointExtension>
        </extensions>
      </trkpt>
      <trkpt lat="30.75024367310106754302978515625" lon="108.44207148067653179168701171875">
        <ele>433.399993896484375</ele>
        <time>2026-07-24T14:19:12.000Z</time>
        <extensions>
          <ns3:TrackPointExtension>
            <ns3:hr>157</ns3:hr>
            <ns3:cad>92</ns3:cad>
          </ns3:TrackPointExtension>
        </extensions>
      </trkpt>
      <trkpt lat="30.75024920515716075897216796875" lon="108.44209134578704833984375">
        <ele>433.399993896484375</ele>
        <time>2026-07-24T14:19:13.000Z</time>
        <extensions>
          <ns3:TrackPointExtension>
            <ns3:hr>158</ns3:hr>
            <ns3:cad>92</ns3:cad>
          </ns3:TrackPointExtension>
        </extensions>
      </trkpt>
      <trkpt lat="30.7502563297748565673828125" lon="108.44212261028587818145751953125">
        <ele>433.399993896484375</ele>
        <time>2026-07-24T14:19:14.000Z</time>
        <extensions>
          <ns3:TrackPointExtension>
            <ns3:hr>158</ns3:hr>
            <ns3:cad>92</ns3:cad>
          </ns3:TrackPointExtension>
        </extensions>
      </trkpt>
      <trkpt lat="30.75026446022093296051025390625" lon="108.44214105047285556793212890625">
        <ele>433.399993896484375</ele>
        <time>2026-07-24T14:19:15.000Z</time>
        <extensions>
          <ns3:TrackPointExtension>
            <ns3:hr>158</ns3:hr>
            <ns3:cad>92</ns3:cad>
          </ns3:TrackPointExtension>
        </extensions>
      </trkpt>
      <trkpt lat="30.75027300976216793060302734375" lon="108.4421746619045734405517578125">
        <ele>433.20001220703125</ele>
        <time>2026-07-24T14:19:16.000Z</time>
        <extensions>
          <ns3:TrackPointExtension>
            <ns3:hr>158</ns3:hr>
            <ns3:cad>92</ns3:cad>
          </ns3:TrackPointExtension>
        </extensions>
      </trkpt>
      <trkpt lat="30.75028155930340290069580078125" lon="108.44219419173896312713623046875">
        <ele>433.20001220703125</ele>
        <time>2026-07-24T14:19:17.000Z</time>
        <extensions>
          <ns3:TrackPointExtension>
            <ns3:hr>157</ns3:hr>
            <ns3:cad>92</ns3:cad>
          </ns3:TrackPointExtension>
        </extensions>
      </trkpt>
      <trkpt lat="30.75028709135949611663818359375" lon="108.44222403131425380706787109375">
        <ele>433.20001220703125</ele>
        <time>2026-07-24T14:19:18.000Z</time>
        <extensions>
          <ns3:TrackPointExtension>
            <ns3:hr>158</ns3:hr>
            <ns3:cad>92</ns3:cad>
          </ns3:TrackPointExtension>
        </extensions>
      </trkpt>
      <trkpt lat="30.7502987422049045562744140625" lon="108.4422417171299457550048828125">
        <ele>433</ele>
        <time>2026-07-24T14:19:19.000Z</time>
        <extensions>
          <ns3:TrackPointExtension>
            <ns3:hr>158</ns3:hr>
            <ns3:cad>93</ns3:cad>
          </ns3:TrackPointExtension>
        </extensions>
      </trkpt>
      <trkpt lat="30.750305950641632080078125" lon="108.44227147288620471954345703125">
        <ele>433</ele>
        <time>2026-07-24T14:19:20.000Z</time>
        <extensions>
          <ns3:TrackPointExtension>
            <ns3:hr>158</ns3:hr>
            <ns3:cad>93</ns3:cad>
          </ns3:TrackPointExtension>
        </extensions>
      </trkpt>
      <trkpt lat="30.75031760148704051971435546875" lon="108.44229393638670444488525390625">
        <ele>433</ele>
        <time>2026-07-24T14:19:21.000Z</time>
        <extensions>
          <ns3:TrackPointExtension>
            <ns3:hr>158</ns3:hr>
            <ns3:cad>93</ns3:cad>
          </ns3:TrackPointExtension>
        </extensions>
      </trkpt>
      <trkpt lat="30.75032011605799198150634765625" lon="108.4423260390758514404296875">
        <ele>433</ele>
        <time>2026-07-24T14:19:22.000Z</time>
        <extensions>
          <ns3:TrackPointExtension>
            <ns3:hr>158</ns3:hr>
            <ns3:cad>92</ns3:cad>
          </ns3:TrackPointExtension>
        </extensions>
      </trkpt>
      <trkpt lat="30.75033067725598812103271484375" lon="108.44235160388052463531494140625">
        <ele>433</ele>
        <time>2026-07-24T14:19:23.000Z</time>
        <extensions>
          <ns3:TrackPointExtension>
            <ns3:hr>158</ns3:hr>
            <ns3:cad>92</ns3:cad>
          </ns3:TrackPointExtension>
        </extensions>
      </trkpt>
      <trkpt lat="30.7503393106162548065185546875" lon="108.44237524084746837615966796875">
        <ele>433</ele>
        <time>2026-07-24T14:19:24.000Z</time>
        <extensions>
          <ns3:TrackPointExtension>
            <ns3:hr>158</ns3:hr>
            <ns3:cad>92</ns3:cad>
          </ns3:TrackPointExtension>
        </extensions>
      </trkpt>
      <trkpt lat="30.7503493689000606536865234375" lon="108.4424063377082347869873046875">
        <ele>432.79998779296875</ele>
        <time>2026-07-24T14:19:25.000Z</time>
        <extensions>
          <ns3:TrackPointExtension>
            <ns3:hr>159</ns3:hr>
            <ns3:cad>91</ns3:cad>
          </ns3:TrackPointExtension>
        </extensions>
      </trkpt>
      <trkpt lat="30.75035699643194675445556640625" lon="108.44242821447551250457763671875">
        <ele>432.79998779296875</ele>
        <time>2026-07-24T14:19:26.000Z</time>
        <extensions>
          <ns3:TrackPointExtension>
            <ns3:hr>159</ns3:hr>
            <ns3:cad>91</ns3:cad>
          </ns3:TrackPointExtension>
        </extensions>
      </trkpt>
      <trkpt lat="30.7503691501915454864501953125" lon="108.4424589760601520538330078125">
        <ele>432.600006103515625</ele>
        <time>2026-07-24T14:19:27.000Z</time>
        <extensions>
          <ns3:TrackPointExtension>
            <ns3:hr>159</ns3:hr>
            <ns3:cad>91</ns3:cad>
          </ns3:TrackPointExtension>
        </extensions>
      </trkpt>
      <trkpt lat="30.7503775320947170257568359375" lon="108.44247967936098575592041015625">
        <ele>432.600006103515625</ele>
        <time>2026-07-24T14:19:28.000Z</time>
        <extensions>
          <ns3:TrackPointExtension>
            <ns3:hr>158</ns3:hr>
            <ns3:cad>91</ns3:cad>
          </ns3:TrackPointExtension>
        </extensions>
      </trkpt>
      <trkpt lat="30.750385411083698272705078125" lon="108.44250834546983242034912109375">
        <ele>432.600006103515625</ele>
        <time>2026-07-24T14:19:29.000Z</time>
        <extensions>
          <ns3:TrackPointExtension>
            <ns3:hr>159</ns3:hr>
            <ns3:cad>91</ns3:cad>
          </ns3:TrackPointExtension>
        </extensions>
      </trkpt>
      <trkpt lat="30.75039337389171123504638671875" lon="108.44252846203744411468505859375">
        <ele>432.600006103515625</ele>
        <time>2026-07-24T14:19:30.000Z</time>
        <extensions>
          <ns3:TrackPointExtension>
            <ns3:hr>159</ns3:hr>
            <ns3:cad>92</ns3:cad>
          </ns3:TrackPointExtension>
        </extensions>
      </trkpt>
      <trkpt lat="30.750394128262996673583984375" lon="108.4425558708608150482177734375">
        <ele>432.600006103515625</ele>
        <time>2026-07-24T14:19:31.000Z</time>
        <extensions>
          <ns3:TrackPointExtension>
            <ns3:hr>159</ns3:hr>
            <ns3:cad>92</ns3:cad>
          </ns3:TrackPointExtension>
        </extensions>
      </trkpt>
      <trkpt lat="30.75040209107100963592529296875" lon="108.44257623888552188873291015625">
        <ele>432.399993896484375</ele>
        <time>2026-07-24T14:19:32.000Z</time>
        <extensions>
          <ns3:TrackPointExtension>
            <ns3:hr>160</ns3:hr>
            <ns3:cad>92</ns3:cad>
          </ns3:TrackPointExtension>
        </extensions>
      </trkpt>
      <trkpt lat="30.7504038512706756591796875" lon="108.442605994641780853271484375">
        <ele>432.20001220703125</ele>
        <time>2026-07-24T14:19:33.000Z</time>
        <extensions>
          <ns3:TrackPointExtension>
            <ns3:hr>160</ns3:hr>
            <ns3:cad>92</ns3:cad>
          </ns3:TrackPointExtension>
        </extensions>
      </trkpt>
      <trkpt lat="30.75040644966065883636474609375" lon="108.4426303021609783172607421875">
        <ele>432.20001220703125</ele>
        <time>2026-07-24T14:19:34.000Z</time>
        <extensions>
          <ns3:TrackPointExtension>
            <ns3:hr>161</ns3:hr>
            <ns3:cad>92</ns3:cad>
          </ns3:TrackPointExtension>
        </extensions>
      </trkpt>
      <trkpt lat="30.75041030533611774444580078125" lon="108.4426559507846832275390625">
        <ele>432.20001220703125</ele>
        <time>2026-07-24T14:19:35.000Z</time>
        <extensions>
          <ns3:TrackPointExtension>
            <ns3:hr>161</ns3:hr>
            <ns3:cad>92</ns3:cad>
          </ns3:TrackPointExtension>
        </extensions>
      </trkpt>
      <trkpt lat="30.75041483156383037567138671875" lon="108.442681096494197845458984375">
        <ele>432.20001220703125</ele>
        <time>2026-07-24T14:19:36.000Z</time>
        <extensions>
          <ns3:TrackPointExtension>
            <ns3:hr>161</ns3:hr>
            <ns3:cad>92</ns3:cad>
          </ns3:TrackPointExtension>
        </extensions>
      </trkpt>
      <trkpt lat="30.75042136944830417633056640625" lon="108.4427047334611415863037109375">
        <ele>432.20001220703125</ele>
        <time>2026-07-24T14:19:37.000Z</time>
        <extensions>
          <ns3:TrackPointExtension>
            <ns3:hr>161</ns3:hr>
            <ns3:cad>92</ns3:cad>
          </ns3:TrackPointExtension>
        </extensions>
      </trkpt>
      <trkpt lat="30.7504253089427947998046875" lon="108.44273113645613193511962890625">
        <ele>432</ele>
        <time>2026-07-24T14:19:38.000Z</time>
        <extensions>
          <ns3:TrackPointExtension>
            <ns3:hr>162</ns3:hr>
            <ns3:cad>92</ns3:cad>
          </ns3:TrackPointExtension>
        </extensions>
      </trkpt>
      <trkpt lat="30.750429667532444000244140625" lon="108.44275292940437793731689453125">
        <ele>432</ele>
        <time>2026-07-24T14:19:39.000Z</time>
        <extensions>
          <ns3:TrackPointExtension>
            <ns3:hr>162</ns3:hr>
            <ns3:cad>92</ns3:cad>
          </ns3:TrackPointExtension>
        </extensions>
      </trkpt>
      <trkpt lat="30.750429332256317138671875" lon="108.44277874566614627838134765625">
        <ele>432</ele>
        <time>2026-07-24T14:19:40.000Z</time>
        <extensions>
          <ns3:TrackPointExtension>
            <ns3:hr>162</ns3:hr>
            <ns3:cad>92</ns3:cad>
          </ns3:TrackPointExtension>
        </extensions>
      </trkpt>
      <trkpt lat="30.7504358701407909393310546875" lon="108.44279953278601169586181640625">
        <ele>432</ele>
        <time>2026-07-24T14:19:41.000Z</time>
        <extensions>
          <ns3:TrackPointExtension>
            <ns3:hr>162</ns3:hr>
            <ns3:cad>92</ns3:cad>
          </ns3:TrackPointExtension>
        </extensions>
      </trkpt>
      <trkpt lat="30.75043268501758575439453125" lon="108.44282425940036773681640625">
        <ele>432</ele>
        <time>2026-07-24T14:19:42.000Z</time>
        <extensions>
          <ns3:TrackPointExtension>
            <ns3:hr>162</ns3:hr>
            <ns3:cad>92</ns3:cad>
          </ns3:TrackPointExtension>
        </extensions>
      </trkpt>
      <trkpt lat="30.75043846853077411651611328125" lon="108.44285334460437297821044921875">
        <ele>431.79998779296875</ele>
        <time>2026-07-24T14:19:43.000Z</time>
        <extensions>
          <ns3:TrackPointExtension>
            <ns3:hr>161</ns3:hr>
            <ns3:cad>92</ns3:cad>
          </ns3:TrackPointExtension>
        </extensions>
      </trkpt>
      <trkpt lat="30.750438384711742401123046875" lon="108.44287865795195102691650390625">
        <ele>431.79998779296875</ele>
        <time>2026-07-24T14:19:44.000Z</time>
        <extensions>
          <ns3:TrackPointExtension>
            <ns3:hr>161</ns3:hr>
            <ns3:cad>92</ns3:cad>
          </ns3:TrackPointExtension>
        </extensions>
      </trkpt>
      <trkpt lat="30.75043796561658382415771484375" lon="108.44291143119335174560546875">
        <ele>431.79998779296875</ele>
        <time>2026-07-24T14:19:45.000Z</time>
        <extensions>
          <ns3:TrackPointExtension>
            <ns3:hr>161</ns3:hr>
            <ns3:cad>94</ns3:cad>
          </ns3:TrackPointExtension>
        </extensions>
      </trkpt>
      <trkpt lat="30.75044081546366214752197265625" lon="108.44292995519936084747314453125">
        <ele>431.600006103515625</ele>
        <time>2026-07-24T14:19:46.000Z</time>
        <extensions>
          <ns3:TrackPointExtension>
            <ns3:hr>160</ns3:hr>
            <ns3:cad>94</ns3:cad>
          </ns3:TrackPointExtension>
        </extensions>
      </trkpt>
      <trkpt lat="30.75044341385364532470703125" lon="108.44296230934560298919677734375">
        <ele>431.600006103515625</ele>
        <time>2026-07-24T14:19:47.000Z</time>
        <extensions>
          <ns3:TrackPointExtension>
            <ns3:hr>160</ns3:hr>
            <ns3:cad>94</ns3:cad>
          </ns3:TrackPointExtension>
        </extensions>
      </trkpt>
      <trkpt lat="30.75045053847134113311767578125" lon="108.44297991134226322174072265625">
        <ele>431.600006103515625</ele>
        <time>2026-07-24T14:19:48.000Z</time>
        <extensions>
          <ns3:TrackPointExtension>
            <ns3:hr>159</ns3:hr>
            <ns3:cad>94</ns3:cad>
          </ns3:TrackPointExtension>
        </extensions>
      </trkpt>
      <trkpt lat="30.75045187957584857940673828125" lon="108.4430086612701416015625">
        <ele>431.600006103515625</ele>
        <time>2026-07-24T14:19:49.000Z</time>
        <extensions>
          <ns3:TrackPointExtension>
            <ns3:hr>158</ns3:hr>
            <ns3:cad>95</ns3:cad>
          </ns3:TrackPointExtension>
        </extensions>
      </trkpt>
      <trkpt lat="30.7504573278129100799560546875" lon="108.44303078949451446533203125">
        <ele>431.600006103515625</ele>
        <time>2026-07-24T14:19:50.000Z</time>
        <extensions>
          <ns3:TrackPointExtension>
            <ns3:hr>158</ns3:hr>
            <ns3:cad>95</ns3:cad>
          </ns3:TrackPointExtension>
        </extensions>
      </trkpt>
      <trkpt lat="30.75045271776616573333740234375" lon="108.44305903650820255279541015625">
        <ele>431.600006103515625</ele>
        <time>2026-07-24T14:19:51.000Z</time>
        <extensions>
          <ns3:TrackPointExtension>
            <ns3:hr>157</ns3:hr>
            <ns3:cad>95</ns3:cad>
          </ns3:TrackPointExtension>
        </extensions>
      </trkpt>
      <trkpt lat="30.750455819070339202880859375" lon="108.44308334402740001678466796875">
        <ele>431.600006103515625</ele>
        <time>2026-07-24T14:19:52.000Z</time>
        <extensions>
          <ns3:TrackPointExtension>
            <ns3:hr>157</ns3:hr>
            <ns3:cad>94</ns3:cad>
          </ns3:TrackPointExtension>
        </extensions>
      </trkpt>
      <trkpt lat="30.75045221485197544097900390625" lon="108.44310731627047061920166015625">
        <ele>431.600006103515625</ele>
        <time>2026-07-24T14:19:53.000Z</time>
        <extensions>
          <ns3:TrackPointExtension>
            <ns3:hr>157</ns3:hr>
            <ns3:cad>94</ns3:cad>
          </ns3:TrackPointExtension>
        </extensions>
      </trkpt>
      <trkpt lat="30.7504559867084026336669921875" lon="108.443131707608699798583984375">
        <ele>431.79998779296875</ele>
        <time>2026-07-24T14:19:54.000Z</time>
        <extensions>
          <ns3:TrackPointExtension>
            <ns3:hr>157</ns3:hr>
            <ns3:cad>94</ns3:cad>
          </ns3:TrackPointExtension>
        </extensions>
      </trkpt>
      <trkpt lat="30.7504576630890369415283203125" lon="108.443153835833072662353515625">
        <ele>431.79998779296875</ele>
        <time>2026-07-24T14:19:55.000Z</time>
        <extensions>
          <ns3:TrackPointExtension>
            <ns3:hr>158</ns3:hr>
            <ns3:cad>94</ns3:cad>
          </ns3:TrackPointExtension>
        </extensions>
      </trkpt>
      <trkpt lat="30.75045841746032238006591796875" lon="108.44318124465644359588623046875">
        <ele>431.79998779296875</ele>
        <time>2026-07-24T14:19:56.000Z</time>
        <extensions>
          <ns3:TrackPointExtension>
            <ns3:hr>158</ns3:hr>
            <ns3:cad>93</ns3:cad>
          </ns3:TrackPointExtension>
        </extensions>
      </trkpt>
      <trkpt lat="30.75045883655548095703125" lon="108.4431992657482624053955078125">
        <ele>431.79998779296875</ele>
        <time>2026-07-24T14:19:57.000Z</time>
        <extensions>
          <ns3:TrackPointExtension>
            <ns3:hr>158</ns3:hr>
            <ns3:cad>94</ns3:cad>
          </ns3:TrackPointExtension>
        </extensions>
      </trkpt>
      <trkpt lat="30.75046093203127384185791015625" lon="108.44322935678064823150634765625">
        <ele>431.79998779296875</ele>
        <time>2026-07-24T14:19:58.000Z</time>
        <extensions>
          <ns3:TrackPointExtension>
            <ns3:hr>159</ns3:hr>
            <ns3:cad>93</ns3:cad>
          </ns3:TrackPointExtension>
        </extensions>
      </trkpt>
      <trkpt lat="30.7504623569548130035400390625" lon="108.44324897043406963348388671875">
        <ele>431.79998779296875</ele>
        <time>2026-07-24T14:19:59.000Z</time>
        <extensions>
          <ns3:TrackPointExtension>
            <ns3:hr>160</ns3:hr>
            <ns3:cad>92</ns3:cad>
          </ns3:TrackPointExtension>
        </extensions>
      </trkpt>
      <trkpt lat="30.75046260841190814971923828125" lon="108.44327964819967746734619140625">
        <ele>431.79998779296875</ele>
        <time>2026-07-24T14:20:00.000Z</time>
        <extensions>
          <ns3:TrackPointExtension>
            <ns3:hr>161</ns3:hr>
            <ns3:cad>92</ns3:cad>
          </ns3:TrackPointExtension>
        </extensions>
      </trkpt>
      <trkpt lat="30.75046696700155735015869140625" lon="108.44329901039600372314453125">
        <ele>432</ele>
        <time>2026-07-24T14:20:01.000Z</time>
        <extensions>
          <ns3:TrackPointExtension>
            <ns3:hr>161</ns3:hr>
            <ns3:cad>92</ns3:cad>
          </ns3:TrackPointExtension>
        </extensions>
      </trkpt>
      <trkpt lat="30.7504653744399547576904296875" lon="108.44332943670451641082763671875">
        <ele>432</ele>
        <time>2026-07-24T14:20:02.000Z</time>
        <extensions>
          <ns3:TrackPointExtension>
            <ns3:hr>162</ns3:hr>
            <ns3:cad>93</ns3:cad>
          </ns3:TrackPointExtension>
        </extensions>
      </trkpt>
      <trkpt lat="30.75046864338219165802001953125" lon="108.4433487989008426666259765625">
        <ele>432</ele>
        <time>2026-07-24T14:20:03.000Z</time>
        <extensions>
          <ns3:TrackPointExtension>
            <ns3:hr>162</ns3:hr>
            <ns3:cad>93</ns3:cad>
          </ns3:TrackPointExtension>
        </extensions>
      </trkpt>
      <trkpt lat="30.75046545825898647308349609375" lon="108.44337419606745243072509765625">
        <ele>432</ele>
        <time>2026-07-24T14:20:04.000Z</time>
        <extensions>
          <ns3:TrackPointExtension>
            <ns3:hr>162</ns3:hr>
            <ns3:cad>93</ns3:cad>
          </ns3:TrackPointExtension>
        </extensions>
      </trkpt>
      <trkpt lat="30.75046713463962078094482421875" lon="108.44339615665376186370849609375">
        <ele>432.20001220703125</ele>
        <time>2026-07-24T14:20:05.000Z</time>
        <extensions>
          <ns3:TrackPointExtension>
            <ns3:hr>163</ns3:hr>
            <ns3:cad>93</ns3:cad>
          </ns3:TrackPointExtension>
        </extensions>
      </trkpt>
      <trkpt lat="30.75045908801257610321044921875" lon="108.44341862015426158905029296875">
        <ele>432.20001220703125</ele>
        <time>2026-07-24T14:20:06.000Z</time>
        <extensions>
          <ns3:TrackPointExtension>
            <ns3:hr>163</ns3:hr>
            <ns3:cad>91</ns3:cad>
          </ns3:TrackPointExtension>
        </extensions>
      </trkpt>
      <trkpt lat="30.75045959092676639556884765625" lon="108.4434440173208713531494140625">
        <ele>432.20001220703125</ele>
        <time>2026-07-24T14:20:07.000Z</time>
        <extensions>
          <ns3:TrackPointExtension>
            <ns3:hr>162</ns3:hr>
            <ns3:cad>91</ns3:cad>
          </ns3:TrackPointExtension>
        </extensions>
      </trkpt>
      <trkpt lat="30.7504546456038951873779296875" lon="108.4434674866497516632080078125">
        <ele>432.399993896484375</ele>
        <time>2026-07-24T14:20:08.000Z</time>
        <extensions>
          <ns3:TrackPointExtension>
            <ns3:hr>162</ns3:hr>
            <ns3:cad>92</ns3:cad>
          </ns3:TrackPointExtension>
        </extensions>
      </trkpt>
      <trkpt lat="30.75045120902359485626220703125" lon="108.44349238090217113494873046875">
        <ele>432.399993896484375</ele>
        <time>2026-07-24T14:20:09.000Z</time>
        <extensions>
          <ns3:TrackPointExtension>
            <ns3:hr>162</ns3:hr>
            <ns3:cad>93</ns3:cad>
          </ns3:TrackPointExtension>
        </extensions>
      </trkpt>
      <trkpt lat="30.7504494488239288330078125" lon="108.443512581288814544677734375">
        <ele>432.399993896484375</ele>
        <time>2026-07-24T14:20:10.000Z</time>
        <extensions>
          <ns3:TrackPointExtension>
            <ns3:hr>162</ns3:hr>
            <ns3:cad>94</ns3:cad>
          </ns3:TrackPointExtension>
        </extensions>
      </trkpt>
      <trkpt lat="30.7504476048052310943603515625" lon="108.4435432590544223785400390625">
        <ele>432.600006103515625</ele>
        <time>2026-07-24T14:20:11.000Z</time>
        <extensions>
          <ns3:TrackPointExtension>
            <ns3:hr>162</ns3:hr>
            <ns3:cad>93</ns3:cad>
          </ns3:TrackPointExtension>
        </extensions>
      </trkpt>
      <trkpt lat="30.75045020319521427154541015625" lon="108.44355993904173374176025390625">
        <ele>432.600006103515625</ele>
        <time>2026-07-24T14:20:12.000Z</time>
        <extensions>
          <ns3:TrackPointExtension>
            <ns3:hr>162</ns3:hr>
            <ns3:cad>92</ns3:cad>
          </ns3:TrackPointExtension>
        </extensions>
      </trkpt>
      <trkpt lat="30.75044584460556507110595703125" lon="108.44358676113188266754150390625">
        <ele>432.600006103515625</ele>
        <time>2026-07-24T14:20:13.000Z</time>
        <extensions>
          <ns3:TrackPointExtension>
            <ns3:hr>162</ns3:hr>
            <ns3:cad>92</ns3:cad>
          </ns3:TrackPointExtension>
        </extensions>
      </trkpt>
      <trkpt lat="30.75044634751975536346435546875" lon="108.443607129156589508056640625">
        <ele>432.79998779296875</ele>
        <time>2026-07-24T14:20:14.000Z</time>
        <extensions>
          <ns3:TrackPointExtension>
            <ns3:hr>162</ns3:hr>
            <ns3:cad>91</ns3:cad>
          </ns3:TrackPointExtension>
        </extensions>
      </trkpt>
      <trkpt lat="30.75043712742626667022705078125" lon="108.4436304308474063873291015625">
        <ele>432.79998779296875</ele>
        <time>2026-07-24T14:20:15.000Z</time>
        <extensions>
          <ns3:TrackPointExtension>
            <ns3:hr>162</ns3:hr>
            <ns3:cad>91</ns3:cad>
          </ns3:TrackPointExtension>
        </extensions>
      </trkpt>
      <trkpt lat="30.75043377466499805450439453125" lon="108.44365130178630352020263671875">
        <ele>432.79998779296875</ele>
        <time>2026-07-24T14:20:16.000Z</time>
        <extensions>
          <ns3:TrackPointExtension>
            <ns3:hr>162</ns3:hr>
            <ns3:cad>92</ns3:cad>
          </ns3:TrackPointExtension>
        </extensions>
      </trkpt>
      <trkpt lat="30.750426985323429107666015625" lon="108.44367426820099353790283203125">
        <ele>433</ele>
        <time>2026-07-24T14:20:17.000Z</time>
        <extensions>
          <ns3:TrackPointExtension>
            <ns3:hr>162</ns3:hr>
            <ns3:cad>93</ns3:cad>
          </ns3:TrackPointExtension>
        </extensions>
      </trkpt>
      <trkpt lat="30.7504234649240970611572265625" lon="108.443697988986968994140625">
        <ele>433</ele>
        <time>2026-07-24T14:20:18.000Z</time>
        <extensions>
          <ns3:TrackPointExtension>
            <ns3:hr>162</ns3:hr>
            <ns3:cad>93</ns3:cad>
          </ns3:TrackPointExtension>
        </extensions>
      </trkpt>
      <trkpt lat="30.75041986070573329925537109375" lon="108.4437142498791217803955078125">
        <ele>433.20001220703125</ele>
        <time>2026-07-24T14:20:19.000Z</time>
        <extensions>
          <ns3:TrackPointExtension>
            <ns3:hr>162</ns3:hr>
            <ns3:cad>93</ns3:cad>
          </ns3:TrackPointExtension>
        </extensions>
      </trkpt>
      <trkpt lat="30.750415585935115814208984375" lon="108.44374149106442928314208984375">
        <ele>433.20001220703125</ele>
        <time>2026-07-24T14:20:20.000Z</time>
        <extensions>
          <ns3:TrackPointExtension>
            <ns3:hr>162</ns3:hr>
            <ns3:cad>92</ns3:cad>
          </ns3:TrackPointExtension>
        </extensions>
      </trkpt>
      <trkpt lat="30.7504157535731792449951171875" lon="108.44376043416559696197509765625">
        <ele>433.20001220703125</ele>
        <time>2026-07-24T14:20:21.000Z</time>
        <extensions>
          <ns3:TrackPointExtension>
            <ns3:hr>163</ns3:hr>
            <ns3:cad>92</ns3:cad>
          </ns3:TrackPointExtension>
        </extensions>
      </trkpt>
      <trkpt lat="30.750407874584197998046875" lon="108.4437910281121730804443359375">
        <ele>433.20001220703125</ele>
        <time>2026-07-24T14:20:22.000Z</time>
        <extensions>
          <ns3:TrackPointExtension>
            <ns3:hr>162</ns3:hr>
            <ns3:cad>92</ns3:cad>
          </ns3:TrackPointExtension>
        </extensions>
      </trkpt>
      <trkpt lat="30.75040879659354686737060546875" lon="108.44381307251751422882080078125">
        <ele>433.20001220703125</ele>
        <time>2026-07-24T14:20:23.000Z</time>
        <extensions>
          <ns3:TrackPointExtension>
            <ns3:hr>163</ns3:hr>
            <ns3:cad>92</ns3:cad>
          </ns3:TrackPointExtension>
        </extensions>
      </trkpt>
      <trkpt lat="30.75040058232843875885009765625" lon="108.4438399784266948699951171875">
        <ele>433.399993896484375</ele>
        <time>2026-07-24T14:20:24.000Z</time>
        <extensions>
          <ns3:TrackPointExtension>
            <ns3:hr>163</ns3:hr>
            <ns3:cad>92</ns3:cad>
          </ns3:TrackPointExtension>
        </extensions>
      </trkpt>
      <trkpt lat="30.750400833785533905029296875" lon="108.44386051408946514129638671875">
        <ele>433.399993896484375</ele>
        <time>2026-07-24T14:20:25.000Z</time>
        <extensions>
          <ns3:TrackPointExtension>
            <ns3:hr>163</ns3:hr>
            <ns3:cad>93</ns3:cad>
          </ns3:TrackPointExtension>
        </extensions>
      </trkpt>
      <trkpt lat="30.75039169751107692718505859375" lon="108.44388599507510662078857421875">
        <ele>433.399993896484375</ele>
        <time>2026-07-24T14:20:26.000Z</time>
        <extensions>
          <ns3:TrackPointExtension>
            <ns3:hr>163</ns3:hr>
            <ns3:cad>94</ns3:cad>
          </ns3:TrackPointExtension>
        </extensions>
      </trkpt>
      <trkpt lat="30.7503885962069034576416015625" lon="108.44391189515590667724609375">
        <ele>433.600006103515625</ele>
        <time>2026-07-24T14:20:27.000Z</time>
        <extensions>
          <ns3:TrackPointExtension>
            <ns3:hr>163</ns3:hr>
            <ns3:cad>93</ns3:cad>
          </ns3:TrackPointExtension>
        </extensions>
      </trkpt>
      <trkpt lat="30.75038046576082706451416015625" lon="108.44393461011350154876708984375">
        <ele>433.600006103515625</ele>
        <time>2026-07-24T14:20:28.000Z</time>
        <extensions>
          <ns3:TrackPointExtension>
            <ns3:hr>163</ns3:hr>
            <ns3:cad>92</ns3:cad>
          </ns3:TrackPointExtension>
        </extensions>
      </trkpt>
      <trkpt lat="30.750374011695384979248046875" lon="108.44396294094622135162353515625">
        <ele>433.600006103515625</ele>
        <time>2026-07-24T14:20:29.000Z</time>
        <extensions>
          <ns3:TrackPointExtension>
            <ns3:hr>163</ns3:hr>
            <ns3:cad>92</ns3:cad>
          </ns3:TrackPointExtension>
        </extensions>
      </trkpt>
      <trkpt lat="30.750370658934116363525390625" lon="108.4439828060567378997802734375">
        <ele>433.79998779296875</ele>
        <time>2026-07-24T14:20:30.000Z</time>
        <extensions>
          <ns3:TrackPointExtension>
            <ns3:hr>163</ns3:hr>
            <ns3:cad>92</ns3:cad>
          </ns3:TrackPointExtension>
        </extensions>
      </trkpt>
      <trkpt lat="30.7503636181354522705078125" lon="108.44401055015623569488525390625">
        <ele>433.79998779296875</ele>
        <time>2026-07-24T14:20:31.000Z</time>
        <extensions>
          <ns3:TrackPointExtension>
            <ns3:hr>164</ns3:hr>
            <ns3:cad>92</ns3:cad>
          </ns3:TrackPointExtension>
        </extensions>
      </trkpt>
      <trkpt lat="30.75036286376416683197021484375" lon="108.444028906524181365966796875">
        <ele>433.79998779296875</ele>
        <time>2026-07-24T14:20:32.000Z</time>
        <extensions>
          <ns3:TrackPointExtension>
            <ns3:hr>164</ns3:hr>
            <ns3:cad>92</ns3:cad>
          </ns3:TrackPointExtension>
        </extensions>
      </trkpt>
      <trkpt lat="30.750354230403900146484375" lon="108.44405547715723514556884765625">
        <ele>433.79998779296875</ele>
        <time>2026-07-24T14:20:33.000Z</time>
        <extensions>
          <ns3:TrackPointExtension>
            <ns3:hr>165</ns3:hr>
            <ns3:cad>92</ns3:cad>
          </ns3:TrackPointExtension>
        </extensions>
      </trkpt>
      <trkpt lat="30.7503557391464710235595703125" lon="108.44407475553452968597412109375">
        <ele>433.79998779296875</ele>
        <time>2026-07-24T14:20:34.000Z</time>
        <extensions>
          <ns3:TrackPointExtension>
            <ns3:hr>165</ns3:hr>
            <ns3:cad>92</ns3:cad>
          </ns3:TrackPointExtension>
        </extensions>
      </trkpt>
      <trkpt lat="30.75034878216683864593505859375" lon="108.44409839250147342681884765625">
        <ele>433.79998779296875</ele>
        <time>2026-07-24T14:20:35.000Z</time>
        <extensions>
          <ns3:TrackPointExtension>
            <ns3:hr>166</ns3:hr>
            <ns3:cad>92</ns3:cad>
          </ns3:TrackPointExtension>
        </extensions>
      </trkpt>
      <trkpt lat="30.75034492649137973785400390625" lon="108.44412186183035373687744140625">
        <ele>433.79998779296875</ele>
        <time>2026-07-24T14:20:36.000Z</time>
        <extensions>
          <ns3:TrackPointExtension>
            <ns3:hr>166</ns3:hr>
            <ns3:cad>92</ns3:cad>
          </ns3:TrackPointExtension>
        </extensions>
      </trkpt>
      <trkpt lat="30.7503393106162548065185546875" lon="108.4441450797021389007568359375">
        <ele>433.79998779296875</ele>
        <time>2026-07-24T14:20:37.000Z</time>
        <extensions>
          <ns3:TrackPointExtension>
            <ns3:hr>166</ns3:hr>
            <ns3:cad>94</ns3:cad>
          </ns3:TrackPointExtension>
        </extensions>
      </trkpt>
      <trkpt lat="30.75033436529338359832763671875" lon="108.44416880048811435699462890625">
        <ele>433.79998779296875</ele>
        <time>2026-07-24T14:20:38.000Z</time>
        <extensions>
          <ns3:TrackPointExtension>
            <ns3:hr>166</ns3:hr>
            <ns3:cad>94</ns3:cad>
          </ns3:TrackPointExtension>
        </extensions>
      </trkpt>
      <trkpt lat="30.75033084489405155181884765625" lon="108.444191180169582366943359375">
        <ele>434</ele>
        <time>2026-07-24T14:20:39.000Z</time>
        <extensions>
          <ns3:TrackPointExtension>
            <ns3:hr>166</ns3:hr>
            <ns3:cad>92</ns3:cad>
          </ns3:TrackPointExtension>
        </extensions>
      </trkpt>
      <trkpt lat="30.7503279112279415130615234375" lon="108.44421540386974811553955078125">
        <ele>434</ele>
        <time>2026-07-24T14:20:40.000Z</time>
        <extensions>
          <ns3:TrackPointExtension>
            <ns3:hr>167</ns3:hr>
            <ns3:cad>92</ns3:cad>
          </ns3:TrackPointExtension>
        </extensions>
      </trkpt>
      <trkpt lat="30.7503269053995609283447265625" lon="108.4442359395325183868408203125">
        <ele>434</ele>
        <time>2026-07-24T14:20:41.000Z</time>
        <extensions>
          <ns3:TrackPointExtension>
            <ns3:hr>166</ns3:hr>
            <ns3:cad>93</ns3:cad>
          </ns3:TrackPointExtension>
        </extensions>
      </trkpt>
      <trkpt lat="30.7503228820860385894775390625" lon="108.4442597441375255584716796875">
        <ele>434</ele>
        <time>2026-07-24T14:20:42.000Z</time>
        <extensions>
          <ns3:TrackPointExtension>
            <ns3:hr>166</ns3:hr>
            <ns3:cad>93</ns3:cad>
          </ns3:TrackPointExtension>
        </extensions>
      </trkpt>
      <trkpt lat="30.7503218762576580047607421875" lon="108.4442805312573909759521484375">
        <ele>434</ele>
        <time>2026-07-24T14:20:43.000Z</time>
        <extensions>
          <ns3:TrackPointExtension>
            <ns3:hr>166</ns3:hr>
            <ns3:cad>94</ns3:cad>
          </ns3:TrackPointExtension>
        </extensions>
      </trkpt>
      <trkpt lat="30.75031827203929424285888671875" lon="108.44430148601531982421875">
        <ele>434.20001220703125</ele>
        <time>2026-07-24T14:20:44.000Z</time>
        <extensions>
          <ns3:TrackPointExtension>
            <ns3:hr>166</ns3:hr>
            <ns3:cad>94</ns3:cad>
          </ns3:TrackPointExtension>
        </extensions>
      </trkpt>
      <trkpt lat="30.7503158412873744964599609375" lon="108.44432587735354900360107421875">
        <ele>434.20001220703125</ele>
        <time>2026-07-24T14:20:45.000Z</time>
        <extensions>
          <ns3:TrackPointExtension>
            <ns3:hr>166</ns3:hr>
            <ns3:cad>94</ns3:cad>
          </ns3:TrackPointExtension>
        </extensions>
      </trkpt>
      <trkpt lat="30.7503153383731842041015625" lon="108.4443484246730804443359375">
        <ele>434.399993896484375</ele>
        <time>2026-07-24T14:20:46.000Z</time>
        <extensions>
          <ns3:TrackPointExtension>
            <ns3:hr>166</ns3:hr>
            <ns3:cad>94</ns3:cad>
          </ns3:TrackPointExtension>
        </extensions>
      </trkpt>
      <trkpt lat="30.75031290762126445770263671875" lon="108.444371558725833892822265625">
        <ele>434.399993896484375</ele>
        <time>2026-07-24T14:20:47.000Z</time>
        <extensions>
          <ns3:TrackPointExtension>
            <ns3:hr>165</ns3:hr>
            <ns3:cad>95</ns3:cad>
          </ns3:TrackPointExtension>
        </extensions>
      </trkpt>
      <trkpt lat="30.75031156651675701141357421875" lon="108.44439226202666759490966796875">
        <ele>434.600006103515625</ele>
        <time>2026-07-24T14:20:48.000Z</time>
        <extensions>
          <ns3:TrackPointExtension>
            <ns3:hr>166</ns3:hr>
            <ns3:cad>95</ns3:cad>
          </ns3:TrackPointExtension>
        </extensions>
      </trkpt>
      <trkpt lat="30.7503101415932178497314453125" lon="108.4444149769842624664306640625">
        <ele>434.600006103515625</ele>
        <time>2026-07-24T14:20:49.000Z</time>
        <extensions>
          <ns3:TrackPointExtension>
            <ns3:hr>166</ns3:hr>
            <ns3:cad>95</ns3:cad>
          </ns3:TrackPointExtension>
        </extensions>
      </trkpt>
      <trkpt lat="30.7503094710409641265869140625" lon="108.44443626701831817626953125">
        <ele>434.79998779296875</ele>
        <time>2026-07-24T14:20:50.000Z</time>
        <extensions>
          <ns3:TrackPointExtension>
            <ns3:hr>166</ns3:hr>
            <ns3:cad>95</ns3:cad>
          </ns3:TrackPointExtension>
        </extensions>
      </trkpt>
      <trkpt lat="30.75030771084129810333251953125" lon="108.44446183182299137115478515625">
        <ele>434.79998779296875</ele>
        <time>2026-07-24T14:20:51.000Z</time>
        <extensions>
          <ns3:TrackPointExtension>
            <ns3:hr>166</ns3:hr>
            <ns3:cad>94</ns3:cad>
          </ns3:TrackPointExtension>
        </extensions>
      </trkpt>
      <trkpt lat="30.7503067888319492340087890625" lon="108.44448697753250598907470703125">
        <ele>434.79998779296875</ele>
        <time>2026-07-24T14:20:52.000Z</time>
        <extensions>
          <ns3:TrackPointExtension>
            <ns3:hr>165</ns3:hr>
            <ns3:cad>94</ns3:cad>
          </ns3:TrackPointExtension>
        </extensions>
      </trkpt>
      <trkpt lat="30.750307627022266387939453125" lon="108.44450793229043483734130859375">
        <ele>435</ele>
        <time>2026-07-24T14:20:53.000Z</time>
        <extensions>
          <ns3:TrackPointExtension>
            <ns3:hr>165</ns3:hr>
            <ns3:cad>93</ns3:cad>
          </ns3:TrackPointExtension>
        </extensions>
      </trkpt>
      <trkpt lat="30.7503057830035686492919921875" lon="108.4445340000092983245849609375">
        <ele>435</ele>
        <time>2026-07-24T14:20:54.000Z</time>
        <extensions>
          <ns3:TrackPointExtension>
            <ns3:hr>165</ns3:hr>
            <ns3:cad>94</ns3:cad>
          </ns3:TrackPointExtension>
        </extensions>
      </trkpt>
      <trkpt lat="30.75030754320323467254638671875" lon="108.444555290043354034423828125">
        <ele>435</ele>
        <time>2026-07-24T14:20:55.000Z</time>
        <extensions>
          <ns3:TrackPointExtension>
            <ns3:hr>165</ns3:hr>
            <ns3:cad>94</ns3:cad>
          </ns3:TrackPointExtension>
        </extensions>
      </trkpt>
      <trkpt lat="30.750305950641632080078125" lon="108.44458135776221752166748046875">
        <ele>435.20001220703125</ele>
        <time>2026-07-24T14:20:56.000Z</time>
        <extensions>
          <ns3:TrackPointExtension>
            <ns3:hr>165</ns3:hr>
            <ns3:cad>94</ns3:cad>
          </ns3:TrackPointExtension>
        </extensions>
      </trkpt>
      <trkpt lat="30.75031089596450328826904296875" lon="108.44460030086338520050048828125">
        <ele>435.20001220703125</ele>
        <time>2026-07-24T14:20:57.000Z</time>
        <extensions>
          <ns3:TrackPointExtension>
            <ns3:hr>165</ns3:hr>
            <ns3:cad>93</ns3:cad>
          </ns3:TrackPointExtension>
        </extensions>
      </trkpt>
      <trkpt lat="30.75030804611742496490478515625" lon="108.44462477602064609527587890625">
        <ele>435.399993896484375</ele>
        <time>2026-07-24T14:20:58.000Z</time>
        <extensions>
          <ns3:TrackPointExtension>
            <ns3:hr>165</ns3:hr>
            <ns3:cad>92</ns3:cad>
          </ns3:TrackPointExtension>
        </extensions>
      </trkpt>
      <trkpt lat="30.75031307525932788848876953125" lon="108.4446463175117969512939453125">
        <ele>435.399993896484375</ele>
        <time>2026-07-24T14:20:59.000Z</time>
        <extensions>
          <ns3:TrackPointExtension>
            <ns3:hr>165</ns3:hr>
            <ns3:cad>92</ns3:cad>
          </ns3:TrackPointExtension>
        </extensions>
      </trkpt>
      <trkpt lat="30.75031106360256671905517578125" lon="108.44467037357389926910400390625">
        <ele>435.600006103515625</ele>
        <time>2026-07-24T14:21:00.000Z</time>
        <extensions>
          <ns3:TrackPointExtension>
            <ns3:hr>165</ns3:hr>
            <ns3:cad>92</ns3:cad>
          </ns3:TrackPointExtension>
        </extensions>
      </trkpt>
      <trkpt lat="30.75031190179288387298583984375" lon="108.4446966089308261871337890625">
        <ele>435.79998779296875</ele>
        <time>2026-07-24T14:21:01.000Z</time>
        <extensions>
          <ns3:TrackPointExtension>
            <ns3:hr>166</ns3:hr>
            <ns3:cad>92</ns3:cad>
          </ns3:TrackPointExtension>
        </extensions>
      </trkpt>
      <trkpt lat="30.7503104768693447113037109375" lon="108.444716893136501312255859375">
        <ele>436</ele>
        <time>2026-07-24T14:21:02.000Z</time>
        <extensions>
          <ns3:TrackPointExtension>
            <ns3:hr>166</ns3:hr>
            <ns3:cad>92</ns3:cad>
          </ns3:TrackPointExtension>
        </extensions>
      </trkpt>
      <trkpt lat="30.75031273998320102691650390625" lon="108.4447442181408405303955078125">
        <ele>436.20001220703125</ele>
        <time>2026-07-24T14:21:03.000Z</time>
        <extensions>
          <ns3:TrackPointExtension>
            <ns3:hr>166</ns3:hr>
            <ns3:cad>94</ns3:cad>
          </ns3:TrackPointExtension>
        </extensions>
      </trkpt>
      <trkpt lat="30.75031332671642303466796875" lon="108.444763161242008209228515625">
        <ele>436.20001220703125</ele>
        <time>2026-07-24T14:21:04.000Z</time>
        <extensions>
          <ns3:TrackPointExtension>
            <ns3:hr>166</ns3:hr>
            <ns3:cad>94</ns3:cad>
          </ns3:TrackPointExtension>
        </extensions>
      </trkpt>
      <trkpt lat="30.750315003097057342529296875" lon="108.44479526393115520477294921875">
        <ele>436.399993896484375</ele>
        <time>2026-07-24T14:21:05.000Z</time>
        <extensions>
          <ns3:TrackPointExtension>
            <ns3:hr>167</ns3:hr>
            <ns3:cad>94</ns3:cad>
          </ns3:TrackPointExtension>
        </extensions>
      </trkpt>
      <trkpt lat="30.75031911022961139678955078125" lon="108.44481672160327434539794921875">
        <ele>436.399993896484375</ele>
        <time>2026-07-24T14:21:06.000Z</time>
        <extensions>
          <ns3:TrackPointExtension>
            <ns3:hr>167</ns3:hr>
            <ns3:cad>94</ns3:cad>
          </ns3:TrackPointExtension>
        </extensions>
      </trkpt>
      <trkpt lat="30.7503205351531505584716796875" lon="108.4448481537401676177978515625">
        <ele>436.399993896484375</ele>
        <time>2026-07-24T14:21:07.000Z</time>
        <extensions>
          <ns3:TrackPointExtension>
            <ns3:hr>167</ns3:hr>
            <ns3:cad>92</ns3:cad>
          </ns3:TrackPointExtension>
        </extensions>
      </trkpt>
      <trkpt lat="30.75032883323729038238525390625" lon="108.44486852176487445831298828125">
        <ele>436.399993896484375</ele>
        <time>2026-07-24T14:21:08.000Z</time>
        <extensions>
          <ns3:TrackPointExtension>
            <ns3:hr>167</ns3:hr>
            <ns3:cad>92</ns3:cad>
          </ns3:TrackPointExtension>
        </extensions>
      </trkpt>
      <trkpt lat="30.75032271444797515869140625" lon="108.44489852897822856903076171875">
        <ele>436.399993896484375</ele>
        <time>2026-07-24T14:21:09.000Z</time>
        <extensions>
          <ns3:TrackPointExtension>
            <ns3:hr>167</ns3:hr>
            <ns3:cad>92</ns3:cad>
          </ns3:TrackPointExtension>
        </extensions>
      </trkpt>
      <trkpt lat="30.7503208704292774200439453125" lon="108.4449219144880771636962890625">
        <ele>436.399993896484375</ele>
        <time>2026-07-24T14:21:10.000Z</time>
        <extensions>
          <ns3:TrackPointExtension>
            <ns3:hr>167</ns3:hr>
            <ns3:cad>92</ns3:cad>
          </ns3:TrackPointExtension>
        </extensions>
      </trkpt>
      <trkpt lat="30.75031869113445281982421875" lon="108.44494664110243320465087890625">
        <ele>436.399993896484375</ele>
        <time>2026-07-24T14:21:11.000Z</time>
        <extensions>
          <ns3:TrackPointExtension>
            <ns3:hr>167</ns3:hr>
            <ns3:cad>92</ns3:cad>
          </ns3:TrackPointExtension>
        </extensions>
      </trkpt>
      <trkpt lat="30.750322043895721435546875" lon="108.44497111625969409942626953125">
        <ele>436.399993896484375</ele>
        <time>2026-07-24T14:21:12.000Z</time>
        <extensions>
          <ns3:TrackPointExtension>
            <ns3:hr>168</ns3:hr>
            <ns3:cad>92</ns3:cad>
          </ns3:TrackPointExtension>
        </extensions>
      </trkpt>
      <trkpt lat="30.75032296590507030487060546875" lon="108.44499106518924236297607421875">
        <ele>436.399993896484375</ele>
        <time>2026-07-24T14:21:13.000Z</time>
        <extensions>
          <ns3:TrackPointExtension>
            <ns3:hr>168</ns3:hr>
            <ns3:cad>92</ns3:cad>
          </ns3:TrackPointExtension>
        </extensions>
      </trkpt>
      <trkpt lat="30.750319026410579681396484375" lon="108.4450198151171207427978515625">
        <ele>436.399993896484375</ele>
        <time>2026-07-24T14:21:14.000Z</time>
        <extensions>
          <ns3:TrackPointExtension>
            <ns3:hr>167</ns3:hr>
            <ns3:cad>92</ns3:cad>
          </ns3:TrackPointExtension>
        </extensions>
      </trkpt>
      <trkpt lat="30.75032003223896026611328125" lon="108.44503817148506641387939453125">
        <ele>436.399993896484375</ele>
        <time>2026-07-24T14:21:15.000Z</time>
        <extensions>
          <ns3:TrackPointExtension>
            <ns3:hr>167</ns3:hr>
            <ns3:cad>92</ns3:cad>
          </ns3:TrackPointExtension>
        </extensions>
      </trkpt>
      <trkpt lat="30.75031441636383533477783203125" lon="108.44506633467972278594970703125">
        <ele>436.399993896484375</ele>
        <time>2026-07-24T14:21:16.000Z</time>
        <extensions>
          <ns3:TrackPointExtension>
            <ns3:hr>167</ns3:hr>
            <ns3:cad>92</ns3:cad>
          </ns3:TrackPointExtension>
        </extensions>
      </trkpt>
      <trkpt lat="30.75031860731542110443115234375" lon="108.445085696876049041748046875">
        <ele>436.399993896484375</ele>
        <time>2026-07-24T14:21:17.000Z</time>
        <extensions>
          <ns3:TrackPointExtension>
            <ns3:hr>167</ns3:hr>
            <ns3:cad>93</ns3:cad>
          </ns3:TrackPointExtension>
        </extensions>
      </trkpt>
      <trkpt lat="30.7503139972686767578125" lon="108.445117883384227752685546875">
        <ele>436.399993896484375</ele>
        <time>2026-07-24T14:21:18.000Z</time>
        <extensions>
          <ns3:TrackPointExtension>
            <ns3:hr>167</ns3:hr>
            <ns3:cad>94</ns3:cad>
          </ns3:TrackPointExtension>
        </extensions>
      </trkpt>
      <trkpt lat="30.75031994841992855072021484375" lon="108.4451398439705371856689453125">
        <ele>436.399993896484375</ele>
        <time>2026-07-24T14:21:19.000Z</time>
        <extensions>
          <ns3:TrackPointExtension>
            <ns3:hr>167</ns3:hr>
            <ns3:cad>93</ns3:cad>
          </ns3:TrackPointExtension>
        </extensions>
      </trkpt>
      <trkpt lat="30.75031508691608905792236328125" lon="108.44516876153647899627685546875">
        <ele>436.399993896484375</ele>
        <time>2026-07-24T14:21:20.000Z</time>
        <extensions>
          <ns3:TrackPointExtension>
            <ns3:hr>166</ns3:hr>
            <ns3:cad>94</ns3:cad>
          </ns3:TrackPointExtension>
        </extensions>
      </trkpt>
      <trkpt lat="30.75031843967735767364501953125" lon="108.44519373960793018341064453125">
        <ele>436.20001220703125</ele>
        <time>2026-07-24T14:21:21.000Z</time>
        <extensions>
          <ns3:TrackPointExtension>
            <ns3:hr>165</ns3:hr>
            <ns3:cad>94</ns3:cad>
          </ns3:TrackPointExtension>
        </extensions>
      </trkpt>
      <trkpt lat="30.7503165118396282196044921875" lon="108.44521821476519107818603515625">
        <ele>436.20001220703125</ele>
        <time>2026-07-24T14:21:22.000Z</time>
        <extensions>
          <ns3:TrackPointExtension>
            <ns3:hr>165</ns3:hr>
            <ns3:cad>94</ns3:cad>
          </ns3:TrackPointExtension>
        </extensions>
      </trkpt>
      <trkpt lat="30.75032405555248260498046875" lon="108.44524352811276912689208984375">
        <ele>436.20001220703125</ele>
        <time>2026-07-24T14:21:23.000Z</time>
        <extensions>
          <ns3:TrackPointExtension>
            <ns3:hr>165</ns3:hr>
            <ns3:cad>93</ns3:cad>
          </ns3:TrackPointExtension>
        </extensions>
      </trkpt>
      <trkpt lat="30.75032807886600494384765625" lon="108.44526716507971286773681640625">
        <ele>436.20001220703125</ele>
        <time>2026-07-24T14:21:24.000Z</time>
        <extensions>
          <ns3:TrackPointExtension>
            <ns3:hr>165</ns3:hr>
            <ns3:cad>93</ns3:cad>
          </ns3:TrackPointExtension>
        </extensions>
      </trkpt>
      <trkpt lat="30.75033570639789104461669921875" lon="108.4452974237501621246337890625">
        <ele>436.20001220703125</ele>
        <time>2026-07-24T14:21:25.000Z</time>
        <extensions>
          <ns3:TrackPointExtension>
            <ns3:hr>165</ns3:hr>
            <ns3:cad>93</ns3:cad>
          </ns3:TrackPointExtension>
        </extensions>
      </trkpt>
      <trkpt lat="30.75033939443528652191162109375" lon="108.44532139599323272705078125">
        <ele>436.20001220703125</ele>
        <time>2026-07-24T14:21:26.000Z</time>
        <extensions>
          <ns3:TrackPointExtension>
            <ns3:hr>165</ns3:hr>
            <ns3:cad>93</ns3:cad>
          </ns3:TrackPointExtension>
        </extensions>
      </trkpt>
      <trkpt lat="30.7503413222730159759521484375" lon="108.445355258882045745849609375">
        <ele>436.20001220703125</ele>
        <time>2026-07-24T14:21:27.000Z</time>
        <extensions>
          <ns3:TrackPointExtension>
            <ns3:hr>166</ns3:hr>
            <ns3:cad>93</ns3:cad>
          </ns3:TrackPointExtension>
        </extensions>
      </trkpt>
      <trkpt lat="30.75034618377685546875" lon="108.4453738667070865631103515625">
        <ele>436.20001220703125</ele>
        <time>2026-07-24T14:21:28.000Z</time>
        <extensions>
          <ns3:TrackPointExtension>
            <ns3:hr>166</ns3:hr>
            <ns3:cad>93</ns3:cad>
          </ns3:TrackPointExtension>
        </extensions>
      </trkpt>
      <trkpt lat="30.7503473572432994842529296875" lon="108.4454030357301235198974609375">
        <ele>436.20001220703125</ele>
        <time>2026-07-24T14:21:29.000Z</time>
        <extensions>
          <ns3:TrackPointExtension>
            <ns3:hr>166</ns3:hr>
            <ns3:cad>93</ns3:cad>
          </ns3:TrackPointExtension>
        </extensions>
      </trkpt>
      <trkpt lat="30.7503513805568218231201171875" lon="108.4454214759171009063720703125">
        <ele>436.20001220703125</ele>
        <time>2026-07-24T14:21:30.000Z</time>
        <extensions>
          <ns3:TrackPointExtension>
            <ns3:hr>166</ns3:hr>
            <ns3:cad>93</ns3:cad>
          </ns3:TrackPointExtension>
        </extensions>
      </trkpt>
      <trkpt lat="30.75035062618553638458251953125" lon="108.44545173458755016326904296875">
        <ele>436.399993896484375</ele>
        <time>2026-07-24T14:21:31.000Z</time>
        <extensions>
          <ns3:TrackPointExtension>
            <ns3:hr>165</ns3:hr>
            <ns3:cad>93</ns3:cad>
          </ns3:TrackPointExtension>
        </extensions>
      </trkpt>
      <trkpt lat="30.750359259545803070068359375" lon="108.445471934974193572998046875">
        <ele>436.399993896484375</ele>
        <time>2026-07-24T14:21:32.000Z</time>
        <extensions>
          <ns3:TrackPointExtension>
            <ns3:hr>166</ns3:hr>
            <ns3:cad>93</ns3:cad>
          </ns3:TrackPointExtension>
        </extensions>
      </trkpt>
      <trkpt lat="30.75035884045064449310302734375" lon="108.4455056302249431610107421875">
        <ele>436.600006103515625</ele>
        <time>2026-07-24T14:21:33.000Z</time>
        <extensions>
          <ns3:TrackPointExtension>
            <ns3:hr>166</ns3:hr>
            <ns3:cad>92</ns3:cad>
          </ns3:TrackPointExtension>
        </extensions>
      </trkpt>
      <trkpt lat="30.75036202557384967803955078125" lon="108.44552868045866489410400390625">
        <ele>436.600006103515625</ele>
        <time>2026-07-24T14:21:34.000Z</time>
        <extensions>
          <ns3:TrackPointExtension>
            <ns3:hr>165</ns3:hr>
            <ns3:cad>92</ns3:cad>
          </ns3:TrackPointExtension>
        </extensions>
      </trkpt>
      <trkpt lat="30.7503570802509784698486328125" lon="108.44556011259555816650390625">
        <ele>436.79998779296875</ele>
        <time>2026-07-24T14:21:35.000Z</time>
        <extensions>
          <ns3:TrackPointExtension>
            <ns3:hr>166</ns3:hr>
            <ns3:cad>92</ns3:cad>
          </ns3:TrackPointExtension>
        </extensions>
      </trkpt>
      <trkpt lat="30.75035951100289821624755859375" lon="108.44558165408670902252197265625">
        <ele>437.20001220703125</ele>
        <time>2026-07-24T14:21:36.000Z</time>
        <extensions>
          <ns3:TrackPointExtension>
            <ns3:hr>166</ns3:hr>
            <ns3:cad>92</ns3:cad>
          </ns3:TrackPointExtension>
        </extensions>
      </trkpt>
      <trkpt lat="30.75035221874713897705078125" lon="108.445609398186206817626953125">
        <ele>437.399993896484375</ele>
        <time>2026-07-24T14:21:37.000Z</time>
        <extensions>
          <ns3:TrackPointExtension>
            <ns3:hr>166</ns3:hr>
            <ns3:cad>92</ns3:cad>
          </ns3:TrackPointExtension>
        </extensions>
      </trkpt>
      <trkpt lat="30.75035280548036098480224609375" lon="108.44563077203929424285888671875">
        <ele>437.399993896484375</ele>
        <time>2026-07-24T14:21:38.000Z</time>
        <extensions>
          <ns3:TrackPointExtension>
            <ns3:hr>166</ns3:hr>
            <ns3:cad>92</ns3:cad>
          </ns3:TrackPointExtension>
        </extensions>
      </trkpt>
      <trkpt lat="30.75035112909972667694091796875" lon="108.44565625302493572235107421875">
        <ele>437.600006103515625</ele>
        <time>2026-07-24T14:21:39.000Z</time>
        <extensions>
          <ns3:TrackPointExtension>
            <ns3:hr>167</ns3:hr>
            <ns3:cad>92</ns3:cad>
          </ns3:TrackPointExtension>
        </extensions>
      </trkpt>
      <trkpt lat="30.75035833753645420074462890625" lon="108.445679806172847747802734375">
        <ele>437.79998779296875</ele>
        <time>2026-07-24T14:21:40.000Z</time>
        <extensions>
          <ns3:TrackPointExtension>
            <ns3:hr>169</ns3:hr>
            <ns3:cad>92</ns3:cad>
          </ns3:TrackPointExtension>
        </extensions>
      </trkpt>
      <trkpt lat="30.75035967864096164703369140625" lon="108.44570352695882320404052734375">
        <ele>437.79998779296875</ele>
        <time>2026-07-24T14:21:41.000Z</time>
        <extensions>
          <ns3:TrackPointExtension>
            <ns3:hr>169</ns3:hr>
            <ns3:cad>92</ns3:cad>
          </ns3:TrackPointExtension>
        </extensions>
      </trkpt>
      <trkpt lat="30.75036604888737201690673828125" lon="108.44572649337351322174072265625">
        <ele>438</ele>
        <time>2026-07-24T14:21:42.000Z</time>
        <extensions>
          <ns3:TrackPointExtension>
            <ns3:hr>171</ns3:hr>
            <ns3:cad>92</ns3:cad>
          </ns3:TrackPointExtension>
        </extensions>
      </trkpt>
      <trkpt lat="30.75036806054413318634033203125" lon="108.44574711285531520843505859375">
        <ele>438.20001220703125</ele>
        <time>2026-07-24T14:21:43.000Z</time>
        <extensions>
          <ns3:TrackPointExtension>
            <ns3:hr>172</ns3:hr>
            <ns3:cad>92</ns3:cad>
          </ns3:TrackPointExtension>
        </extensions>
      </trkpt>
      <trkpt lat="30.75037409551441669464111328125" lon="108.44577242620289325714111328125">
        <ele>438.20001220703125</ele>
        <time>2026-07-24T14:21:44.000Z</time>
        <extensions>
          <ns3:TrackPointExtension>
            <ns3:hr>173</ns3:hr>
            <ns3:cad>92</ns3:cad>
          </ns3:TrackPointExtension>
        </extensions>
      </trkpt>
      <trkpt lat="30.750378705561161041259765625" lon="108.44579069875180721282958984375">
        <ele>438.399993896484375</ele>
        <time>2026-07-24T14:21:45.000Z</time>
        <extensions>
          <ns3:TrackPointExtension>
            <ns3:hr>174</ns3:hr>
            <ns3:cad>91</ns3:cad>
          </ns3:TrackPointExtension>
        </extensions>
      </trkpt>
      <trkpt lat="30.7503852434456348419189453125" lon="108.44581835903227329254150390625">
        <ele>438.600006103515625</ele>
        <time>2026-07-24T14:21:46.000Z</time>
        <extensions>
          <ns3:TrackPointExtension>
            <ns3:hr>174</ns3:hr>
            <ns3:cad>91</ns3:cad>
          </ns3:TrackPointExtension>
        </extensions>
      </trkpt>
      <trkpt lat="30.75039639137685298919677734375" lon="108.44583713449537754058837890625">
        <ele>438.79998779296875</ele>
        <time>2026-07-24T14:21:47.000Z</time>
        <extensions>
          <ns3:TrackPointExtension>
            <ns3:hr>174</ns3:hr>
            <ns3:cad>92</ns3:cad>
          </ns3:TrackPointExtension>
        </extensions>
      </trkpt>
      <trkpt lat="30.7504020072519779205322265625" lon="108.44586764462292194366455078125">
        <ele>438.79998779296875</ele>
        <time>2026-07-24T14:21:48.000Z</time>
        <extensions>
          <ns3:TrackPointExtension>
            <ns3:hr>174</ns3:hr>
            <ns3:cad>93</ns3:cad>
          </ns3:TrackPointExtension>
        </extensions>
      </trkpt>
      <trkpt lat="30.75041114352643489837646484375" lon="108.4458818100392818450927734375">
        <ele>439</ele>
        <time>2026-07-24T14:21:49.000Z</time>
        <extensions>
          <ns3:TrackPointExtension>
            <ns3:hr>174</ns3:hr>
            <ns3:cad>93</ns3:cad>
          </ns3:TrackPointExtension>
        </extensions>
      </trkpt>
      <trkpt lat="30.750412903726100921630859375" lon="108.4459086321294307708740234375">
        <ele>439</ele>
        <time>2026-07-24T14:21:50.000Z</time>
        <extensions>
          <ns3:TrackPointExtension>
            <ns3:hr>175</ns3:hr>
            <ns3:cad>91</ns3:cad>
          </ns3:TrackPointExtension>
        </extensions>
      </trkpt>
      <trkpt lat="30.7504160888493061065673828125" lon="108.44592355191707611083984375">
        <ele>439.20001220703125</ele>
        <time>2026-07-24T14:21:51.000Z</time>
        <extensions>
          <ns3:TrackPointExtension>
            <ns3:hr>174</ns3:hr>
            <ns3:cad>91</ns3:cad>
          </ns3:TrackPointExtension>
        </extensions>
      </trkpt>
      <trkpt lat="30.75041583739221096038818359375" lon="108.44594961963593959808349609375">
        <ele>439.20001220703125</ele>
        <time>2026-07-24T14:21:52.000Z</time>
        <extensions>
          <ns3:TrackPointExtension>
            <ns3:hr>174</ns3:hr>
            <ns3:cad>92</ns3:cad>
          </ns3:TrackPointExtension>
        </extensions>
      </trkpt>
      <trkpt lat="30.75042371638119220733642578125" lon="108.4459673054516315460205078125">
        <ele>439.399993896484375</ele>
        <time>2026-07-24T14:21:53.000Z</time>
        <extensions>
          <ns3:TrackPointExtension>
            <ns3:hr>174</ns3:hr>
            <ns3:cad>92</ns3:cad>
          </ns3:TrackPointExtension>
        </extensions>
      </trkpt>
      <trkpt lat="30.7504264824092388153076171875" lon="108.445987589657306671142578125">
        <ele>439.399993896484375</ele>
        <time>2026-07-24T14:21:54.000Z</time>
        <extensions>
          <ns3:TrackPointExtension>
            <ns3:hr>174</ns3:hr>
            <ns3:cad>92</ns3:cad>
          </ns3:TrackPointExtension>
        </extensions>
      </trkpt>
      <trkpt lat="30.750432349741458892822265625" lon="108.44601206481456756591796875">
        <ele>439.600006103515625</ele>
        <time>2026-07-24T14:21:55.000Z</time>
        <extensions>
          <ns3:TrackPointExtension>
            <ns3:hr>173</ns3:hr>
            <ns3:cad>92</ns3:cad>
          </ns3:TrackPointExtension>
        </extensions>
      </trkpt>
      <trkpt lat="30.75043670833110809326171875" lon="108.44602949917316436767578125">
        <ele>439.600006103515625</ele>
        <time>2026-07-24T14:21:56.000Z</time>
        <extensions>
          <ns3:TrackPointExtension>
            <ns3:hr>174</ns3:hr>
            <ns3:cad>92</ns3:cad>
          </ns3:TrackPointExtension>
        </extensions>
      </trkpt>
      <trkpt lat="30.750443749129772186279296875" lon="108.44605120830237865447998046875">
        <ele>439.79998779296875</ele>
        <time>2026-07-24T14:21:57.000Z</time>
        <extensions>
          <ns3:TrackPointExtension>
            <ns3:hr>174</ns3:hr>
            <ns3:cad>92</ns3:cad>
          </ns3:TrackPointExtension>
        </extensions>
      </trkpt>
      <trkpt lat="30.75044810771942138671875" lon="108.4460675530135631561279296875">
        <ele>440</ele>
        <time>2026-07-24T14:21:58.000Z</time>
        <extensions>
          <ns3:TrackPointExtension>
            <ns3:hr>173</ns3:hr>
            <ns3:cad>92</ns3:cad>
          </ns3:TrackPointExtension>
        </extensions>
      </trkpt>
      <trkpt lat="30.75045414268970489501953125" lon="108.446095548570156097412109375">
        <ele>440.20001220703125</ele>
        <time>2026-07-24T14:21:59.000Z</time>
        <extensions>
          <ns3:TrackPointExtension>
            <ns3:hr>174</ns3:hr>
            <ns3:cad>93</ns3:cad>
          </ns3:TrackPointExtension>
        </extensions>
      </trkpt>
      <trkpt lat="30.75046218931674957275390625" lon="108.4461121447384357452392578125">
        <ele>440.399993896484375</ele>
        <time>2026-07-24T14:22:00.000Z</time>
        <extensions>
          <ns3:TrackPointExtension>
            <ns3:hr>174</ns3:hr>
            <ns3:cad>93</ns3:cad>
          </ns3:TrackPointExtension>
        </extensions>
      </trkpt>
      <trkpt lat="30.7504667155444622039794921875" lon="108.44613888300955295562744140625">
        <ele>440.399993896484375</ele>
        <time>2026-07-24T14:22:01.000Z</time>
        <extensions>
          <ns3:TrackPointExtension>
            <ns3:hr>174</ns3:hr>
            <ns3:cad>93</ns3:cad>
          </ns3:TrackPointExtension>
        </extensions>
      </trkpt>
      <trkpt lat="30.75047417543828487396240234375" lon="108.44615397043526172637939453125">
        <ele>440.600006103515625</ele>
        <time>2026-07-24T14:22:02.000Z</time>
        <extensions>
          <ns3:TrackPointExtension>
            <ns3:hr>173</ns3:hr>
            <ns3:cad>93</ns3:cad>
          </ns3:TrackPointExtension>
        </extensions>
      </trkpt>
      <trkpt lat="30.7504784502089023590087890625" lon="108.44617861323058605194091796875">
        <ele>440.600006103515625</ele>
        <time>2026-07-24T14:22:03.000Z</time>
        <extensions>
          <ns3:TrackPointExtension>
            <ns3:hr>174</ns3:hr>
            <ns3:cad>93</ns3:cad>
          </ns3:TrackPointExtension>
        </extensions>
      </trkpt>
      <trkpt lat="30.75048406608402729034423828125" lon="108.44619403593242168426513671875">
        <ele>440.79998779296875</ele>
        <time>2026-07-24T14:22:04.000Z</time>
        <extensions>
          <ns3:TrackPointExtension>
            <ns3:hr>174</ns3:hr>
            <ns3:cad>93</ns3:cad>
          </ns3:TrackPointExtension>
        </extensions>
      </trkpt>
      <trkpt lat="30.750490017235279083251953125" lon="108.446219265460968017578125">
        <ele>441</ele>
        <time>2026-07-24T14:22:05.000Z</time>
        <extensions>
          <ns3:TrackPointExtension>
            <ns3:hr>173</ns3:hr>
            <ns3:cad>92</ns3:cad>
          </ns3:TrackPointExtension>
        </extensions>
      </trkpt>
      <trkpt lat="30.7504945434629917144775390625" lon="108.446235023438930511474609375">
        <ele>441.20001220703125</ele>
        <time>2026-07-24T14:22:06.000Z</time>
        <extensions>
          <ns3:TrackPointExtension>
            <ns3:hr>174</ns3:hr>
            <ns3:cad>92</ns3:cad>
          </ns3:TrackPointExtension>
        </extensions>
      </trkpt>
      <trkpt lat="30.75050317682325839996337890625" lon="108.4462589956820011138916015625">
        <ele>441.20001220703125</ele>
        <time>2026-07-24T14:22:07.000Z</time>
        <extensions>
          <ns3:TrackPointExtension>
            <ns3:hr>173</ns3:hr>
            <ns3:cad>92</ns3:cad>
          </ns3:TrackPointExtension>
        </extensions>
      </trkpt>
      <trkpt lat="30.75051088817417621612548828125" lon="108.4462796151638031005859375">
        <ele>441.399993896484375</ele>
        <time>2026-07-24T14:22:08.000Z</time>
        <extensions>
          <ns3:TrackPointExtension>
            <ns3:hr>173</ns3:hr>
            <ns3:cad>92</ns3:cad>
          </ns3:TrackPointExtension>
        </extensions>
      </trkpt>
      <trkpt lat="30.75051876716315746307373046875" lon="108.44630316831171512603759765625">
        <ele>441.600006103515625</ele>
        <time>2026-07-24T14:22:09.000Z</time>
        <extensions>
          <ns3:TrackPointExtension>
            <ns3:hr>173</ns3:hr>
            <ns3:cad>92</ns3:cad>
          </ns3:TrackPointExtension>
        </extensions>
      </trkpt>
      <trkpt lat="30.75053167529404163360595703125" lon="108.446324877440929412841796875">
        <ele>441.600006103515625</ele>
        <time>2026-07-24T14:22:10.000Z</time>
        <extensions>
          <ns3:TrackPointExtension>
            <ns3:hr>174</ns3:hr>
            <ns3:cad>92</ns3:cad>
          </ns3:TrackPointExtension>
        </extensions>
      </trkpt>
      <trkpt lat="30.75053653679788112640380859375" lon="108.446343652904033660888671875">
        <ele>441.79998779296875</ele>
        <time>2026-07-24T14:22:11.000Z</time>
        <extensions>
          <ns3:TrackPointExtension>
            <ns3:hr>173</ns3:hr>
            <ns3:cad>92</ns3:cad>
          </ns3:TrackPointExtension>
        </extensions>
      </trkpt>
      <trkpt lat="30.75054743327200412750244140625" lon="108.44636620022356510162353515625">
        <ele>441.79998779296875</ele>
        <time>2026-07-24T14:22:12.000Z</time>
        <extensions>
          <ns3:TrackPointExtension>
            <ns3:hr>173</ns3:hr>
            <ns3:cad>92</ns3:cad>
          </ns3:TrackPointExtension>
        </extensions>
      </trkpt>
      <trkpt lat="30.75055564753711223602294921875" lon="108.44638547860085964202880859375">
        <ele>442</ele>
        <time>2026-07-24T14:22:13.000Z</time>
        <extensions>
          <ns3:TrackPointExtension>
            <ns3:hr>173</ns3:hr>
            <ns3:cad>92</ns3:cad>
          </ns3:TrackPointExtension>
        </extensions>
      </trkpt>
      <trkpt lat="30.75056277215480804443359375" lon="108.44641330651938915252685546875">
        <ele>442.20001220703125</ele>
        <time>2026-07-24T14:22:14.000Z</time>
        <extensions>
          <ns3:TrackPointExtension>
            <ns3:hr>173</ns3:hr>
            <ns3:cad>92</ns3:cad>
          </ns3:TrackPointExtension>
        </extensions>
      </trkpt>
      <trkpt lat="30.750566460192203521728515625" lon="108.446435518562793731689453125">
        <ele>442.20001220703125</ele>
        <time>2026-07-24T14:22:15.000Z</time>
        <extensions>
          <ns3:TrackPointExtension>
            <ns3:hr>174</ns3:hr>
            <ns3:cad>92</ns3:cad>
          </ns3:TrackPointExtension>
        </extensions>
      </trkpt>
      <trkpt lat="30.75057626701891422271728515625" lon="108.44646091572940349578857421875">
        <ele>442.20001220703125</ele>
        <time>2026-07-24T14:22:16.000Z</time>
        <extensions>
          <ns3:TrackPointExtension>
            <ns3:hr>174</ns3:hr>
            <ns3:cad>92</ns3:cad>
          </ns3:TrackPointExtension>
        </extensions>
      </trkpt>
      <trkpt lat="30.75058213435113430023193359375" lon="108.44647935591638088226318359375">
        <ele>442.399993896484375</ele>
        <time>2026-07-24T14:22:17.000Z</time>
        <extensions>
          <ns3:TrackPointExtension>
            <ns3:hr>174</ns3:hr>
            <ns3:cad>92</ns3:cad>
          </ns3:TrackPointExtension>
        </extensions>
      </trkpt>
      <trkpt lat="30.75059135444462299346923828125" lon="108.44650701619684696197509765625">
        <ele>442.399993896484375</ele>
        <time>2026-07-24T14:22:18.000Z</time>
        <extensions>
          <ns3:TrackPointExtension>
            <ns3:hr>174</ns3:hr>
            <ns3:cad>92</ns3:cad>
          </ns3:TrackPointExtension>
        </extensions>
      </trkpt>
      <trkpt lat="30.7506031729280948638916015625" lon="108.4465235285460948944091796875">
        <ele>442.600006103515625</ele>
        <time>2026-07-24T14:22:19.000Z</time>
        <extensions>
          <ns3:TrackPointExtension>
            <ns3:hr>174</ns3:hr>
            <ns3:cad>92</ns3:cad>
          </ns3:TrackPointExtension>
        </extensions>
      </trkpt>
      <trkpt lat="30.750607363879680633544921875" lon="108.44654976390302181243896484375">
        <ele>442.79998779296875</ele>
        <time>2026-07-24T14:22:20.000Z</time>
        <extensions>
          <ns3:TrackPointExtension>
            <ns3:hr>174</ns3:hr>
            <ns3:cad>91</ns3:cad>
          </ns3:TrackPointExtension>
        </extensions>
      </trkpt>
      <trkpt lat="30.75061415322124958038330078125" lon="108.4465684555470943450927734375">
        <ele>442.79998779296875</ele>
        <time>2026-07-24T14:22:21.000Z</time>
        <extensions>
          <ns3:TrackPointExtension>
            <ns3:hr>175</ns3:hr>
            <ns3:cad>91</ns3:cad>
          </ns3:TrackPointExtension>
        </extensions>
      </trkpt>
      <trkpt lat="30.750620774924755096435546875" lon="108.44659184105694293975830078125">
        <ele>442.79998779296875</ele>
        <time>2026-07-24T14:22:22.000Z</time>
        <extensions>
          <ns3:TrackPointExtension>
            <ns3:hr>174</ns3:hr>
            <ns3:cad>91</ns3:cad>
          </ns3:TrackPointExtension>
        </extensions>
      </trkpt>
      <trkpt lat="30.750627480447292327880859375" lon="108.44661413691937923431396484375">
        <ele>442.79998779296875</ele>
        <time>2026-07-24T14:22:23.000Z</time>
        <extensions>
          <ns3:TrackPointExtension>
            <ns3:hr>174</ns3:hr>
            <ns3:cad>92</ns3:cad>
          </ns3:TrackPointExtension>
        </extensions>
      </trkpt>
      <trkpt lat="30.750632844865322113037109375" lon="108.44663693569600582122802734375">
        <ele>443</ele>
        <time>2026-07-24T14:22:24.000Z</time>
        <extensions>
          <ns3:TrackPointExtension>
            <ns3:hr>175</ns3:hr>
            <ns3:cad>92</ns3:cad>
          </ns3:TrackPointExtension>
        </extensions>
      </trkpt>
      <trkpt lat="30.7506356947124004364013671875" lon="108.446659483015537261962890625">
        <ele>443</ele>
        <time>2026-07-24T14:22:25.000Z</time>
        <extensions>
          <ns3:TrackPointExtension>
            <ns3:hr>175</ns3:hr>
            <ns3:cad>92</ns3:cad>
          </ns3:TrackPointExtension>
        </extensions>
      </trkpt>
      <trkpt lat="30.75063829310238361358642578125" lon="108.44667901284992694854736328125">
        <ele>443</ele>
        <time>2026-07-24T14:22:26.000Z</time>
        <extensions>
          <ns3:TrackPointExtension>
            <ns3:hr>175</ns3:hr>
            <ns3:cad>92</ns3:cad>
          </ns3:TrackPointExtension>
        </extensions>
      </trkpt>
      <trkpt lat="30.75064952485263347625732421875" lon="108.4467045776546001434326171875">
        <ele>443.20001220703125</ele>
        <time>2026-07-24T14:22:27.000Z</time>
        <extensions>
          <ns3:TrackPointExtension>
            <ns3:hr>175</ns3:hr>
            <ns3:cad>93</ns3:cad>
          </ns3:TrackPointExtension>
        </extensions>
      </trkpt>
      <trkpt lat="30.75065530836582183837890625" lon="108.44672410748898983001708984375">
        <ele>443.399993896484375</ele>
        <time>2026-07-24T14:22:28.000Z</time>
        <extensions>
          <ns3:TrackPointExtension>
            <ns3:hr>176</ns3:hr>
            <ns3:cad>93</ns3:cad>
          </ns3:TrackPointExtension>
        </extensions>
      </trkpt>
      <trkpt lat="30.75066176243126392364501953125" lon="108.44674958847463130950927734375">
        <ele>443.399993896484375</ele>
        <time>2026-07-24T14:22:29.000Z</time>
        <extensions>
          <ns3:TrackPointExtension>
            <ns3:hr>175</ns3:hr>
            <ns3:cad>92</ns3:cad>
          </ns3:TrackPointExtension>
        </extensions>
      </trkpt>
      <trkpt lat="30.7506678812205791473388671875" lon="108.446770794689655303955078125">
        <ele>443.600006103515625</ele>
        <time>2026-07-24T14:22:30.000Z</time>
        <extensions>
          <ns3:TrackPointExtension>
            <ns3:hr>175</ns3:hr>
            <ns3:cad>92</ns3:cad>
          </ns3:TrackPointExtension>
        </extensions>
      </trkpt>
      <trkpt lat="30.75066897086799144744873046875" lon="108.44679635949432849884033203125">
        <ele>443.79998779296875</ele>
        <time>2026-07-24T14:22:31.000Z</time>
        <extensions>
          <ns3:TrackPointExtension>
            <ns3:hr>175</ns3:hr>
            <ns3:cad>93</ns3:cad>
          </ns3:TrackPointExtension>
        </extensions>
      </trkpt>
      <trkpt lat="30.7506786100566387176513671875" lon="108.44681345857679843902587890625">
        <ele>443.79998779296875</ele>
        <time>2026-07-24T14:22:32.000Z</time>
        <extensions>
          <ns3:TrackPointExtension>
            <ns3:hr>175</ns3:hr>
            <ns3:cad>93</ns3:cad>
          </ns3:TrackPointExtension>
        </extensions>
      </trkpt>
      <trkpt lat="30.7506843097507953643798828125" lon="108.44683625735342502593994140625">
        <ele>443.79998779296875</ele>
        <time>2026-07-24T14:22:33.000Z</time>
        <extensions>
          <ns3:TrackPointExtension>
            <ns3:hr>175</ns3:hr>
            <ns3:cad>92</ns3:cad>
          </ns3:TrackPointExtension>
        </extensions>
      </trkpt>
      <trkpt lat="30.7506920211017131805419921875" lon="108.44686140306293964385986328125">
        <ele>443.79998779296875</ele>
        <time>2026-07-24T14:22:34.000Z</time>
        <extensions>
          <ns3:TrackPointExtension>
            <ns3:hr>174</ns3:hr>
            <ns3:cad>92</ns3:cad>
          </ns3:TrackPointExtension>
        </extensions>
      </trkpt>
      <trkpt lat="30.750695206224918365478515625" lon="108.44688520766794681549072265625">
        <ele>443.79998779296875</ele>
        <time>2026-07-24T14:22:35.000Z</time>
        <extensions>
          <ns3:TrackPointExtension>
            <ns3:hr>174</ns3:hr>
            <ns3:cad>92</ns3:cad>
          </ns3:TrackPointExtension>
        </extensions>
      </trkpt>
      <trkpt lat="30.75069663114845752716064453125" lon="108.4469101019203662872314453125">
        <ele>444</ele>
        <time>2026-07-24T14:22:36.000Z</time>
        <extensions>
          <ns3:TrackPointExtension>
            <ns3:hr>174</ns3:hr>
            <ns3:cad>92</ns3:cad>
          </ns3:TrackPointExtension>
        </extensions>
      </trkpt>
      <trkpt lat="30.7506960444152355194091796875" lon="108.44693181104958057403564453125">
        <ele>444</ele>
        <time>2026-07-24T14:22:37.000Z</time>
        <extensions>
          <ns3:TrackPointExtension>
            <ns3:hr>174</ns3:hr>
            <ns3:cad>92</ns3:cad>
          </ns3:TrackPointExtension>
        </extensions>
      </trkpt>
      <trkpt lat="30.750695206224918365478515625" lon="108.4469560347497463226318359375">
        <ele>444</ele>
        <time>2026-07-24T14:22:38.000Z</time>
        <extensions>
          <ns3:TrackPointExtension>
            <ns3:hr>174</ns3:hr>
            <ns3:cad>92</ns3:cad>
          </ns3:TrackPointExtension>
        </extensions>
      </trkpt>
      <trkpt lat="30.75069830752909183502197265625" lon="108.44697497785091400146484375">
        <ele>444</ele>
        <time>2026-07-24T14:22:39.000Z</time>
        <extensions>
          <ns3:TrackPointExtension>
            <ns3:hr>174</ns3:hr>
            <ns3:cad>92</ns3:cad>
          </ns3:TrackPointExtension>
        </extensions>
      </trkpt>
      <trkpt lat="30.7506990619003772735595703125" lon="108.44700171612203121185302734375">
        <ele>444.20001220703125</ele>
        <time>2026-07-24T14:22:40.000Z</time>
        <extensions>
          <ns3:TrackPointExtension>
            <ns3:hr>174</ns3:hr>
            <ns3:cad>92</ns3:cad>
          </ns3:TrackPointExtension>
        </extensions>
      </trkpt>
      <trkpt lat="30.750705935060977935791015625" lon="108.4470217488706111907958984375">
        <ele>444.20001220703125</ele>
        <time>2026-07-24T14:22:41.000Z</time>
        <extensions>
          <ns3:TrackPointExtension>
            <ns3:hr>174</ns3:hr>
            <ns3:cad>94</ns3:cad>
          </ns3:TrackPointExtension>
        </extensions>
      </trkpt>
      <trkpt lat="30.750702582299709320068359375" lon="108.447045385837554931640625">
        <ele>444.20001220703125</ele>
        <time>2026-07-24T14:22:42.000Z</time>
        <extensions>
          <ns3:TrackPointExtension>
            <ns3:hr>174</ns3:hr>
            <ns3:cad>92</ns3:cad>
          </ns3:TrackPointExtension>
        </extensions>
      </trkpt>
      <trkpt lat="30.750705935060977935791015625" lon="108.4470670111477375030517578125">
        <ele>444.20001220703125</ele>
        <time>2026-07-24T14:22:43.000Z</time>
        <extensions>
          <ns3:TrackPointExtension>
            <ns3:hr>174</ns3:hr>
            <ns3:cad>92</ns3:cad>
          </ns3:TrackPointExtension>
        </extensions>
      </trkpt>
      <trkpt lat="30.75070434249937534332275390625" lon="108.44709123484790325164794921875">
        <ele>444.20001220703125</ele>
        <time>2026-07-24T14:22:44.000Z</time>
        <extensions>
          <ns3:TrackPointExtension>
            <ns3:hr>174</ns3:hr>
            <ns3:cad>92</ns3:cad>
          </ns3:TrackPointExtension>
        </extensions>
      </trkpt>
      <trkpt lat="30.75070501305162906646728515625" lon="108.44711487181484699249267578125">
        <ele>444.20001220703125</ele>
        <time>2026-07-24T14:22:45.000Z</time>
        <extensions>
          <ns3:TrackPointExtension>
            <ns3:hr>174</ns3:hr>
            <ns3:cad>92</ns3:cad>
          </ns3:TrackPointExtension>
        </extensions>
      </trkpt>
      <trkpt lat="30.7507047615945339202880859375" lon="108.4471377544105052947998046875">
        <ele>444.20001220703125</ele>
        <time>2026-07-24T14:22:46.000Z</time>
        <extensions>
          <ns3:TrackPointExtension>
            <ns3:hr>173</ns3:hr>
            <ns3:cad>92</ns3:cad>
          </ns3:TrackPointExtension>
        </extensions>
      </trkpt>
      <trkpt lat="30.750705264508724212646484375" lon="108.44716030173003673553466796875">
        <ele>444.399993896484375</ele>
        <time>2026-07-24T14:22:47.000Z</time>
        <extensions>
          <ns3:TrackPointExtension>
            <ns3:hr>173</ns3:hr>
            <ns3:cad>92</ns3:cad>
          </ns3:TrackPointExtension>
        </extensions>
      </trkpt>
      <trkpt lat="30.75071155093610286712646484375" lon="108.4471769817173480987548828125">
        <ele>444.399993896484375</ele>
        <time>2026-07-24T14:22:48.000Z</time>
        <extensions>
          <ns3:TrackPointExtension>
            <ns3:hr>173</ns3:hr>
            <ns3:cad>92</ns3:cad>
          </ns3:TrackPointExtension>
        </extensions>
      </trkpt>
      <trkpt lat="30.75071440078318119049072265625" lon="108.44720539636909961700439453125">
        <ele>444.399993896484375</ele>
        <time>2026-07-24T14:22:49.000Z</time>
        <extensions>
          <ns3:TrackPointExtension>
            <ns3:hr>173</ns3:hr>
            <ns3:cad>92</ns3:cad>
          </ns3:TrackPointExtension>
        </extensions>
      </trkpt>
      <trkpt lat="30.75071699917316436767578125" lon="108.4472249262034893035888671875">
        <ele>444.399993896484375</ele>
        <time>2026-07-24T14:22:50.000Z</time>
        <extensions>
          <ns3:TrackPointExtension>
            <ns3:hr>173</ns3:hr>
            <ns3:cad>93</ns3:cad>
          </ns3:TrackPointExtension>
        </extensions>
      </trkpt>
      <trkpt lat="30.75071490369737148284912109375" lon="108.447256274521350860595703125">
        <ele>444.600006103515625</ele>
        <time>2026-07-24T14:22:51.000Z</time>
        <extensions>
          <ns3:TrackPointExtension>
            <ns3:hr>173</ns3:hr>
            <ns3:cad>94</ns3:cad>
          </ns3:TrackPointExtension>
        </extensions>
      </trkpt>
      <trkpt lat="30.75072010047733783721923828125" lon="108.4472755528986454010009765625">
        <ele>444.600006103515625</ele>
        <time>2026-07-24T14:22:52.000Z</time>
        <extensions>
          <ns3:TrackPointExtension>
            <ns3:hr>172</ns3:hr>
            <ns3:cad>94</ns3:cad>
          </ns3:TrackPointExtension>
        </extensions>
      </trkpt>
      <trkpt lat="30.750715322792530059814453125" lon="108.447303883731365203857421875">
        <ele>444.600006103515625</ele>
        <time>2026-07-24T14:22:53.000Z</time>
        <extensions>
          <ns3:TrackPointExtension>
            <ns3:hr>172</ns3:hr>
            <ns3:cad>94</ns3:cad>
          </ns3:TrackPointExtension>
        </extensions>
      </trkpt>
      <trkpt lat="30.75071607716381549835205078125" lon="108.44732508994638919830322265625">
        <ele>444.600006103515625</ele>
        <time>2026-07-24T14:22:54.000Z</time>
        <extensions>
          <ns3:TrackPointExtension>
            <ns3:hr>172</ns3:hr>
            <ns3:cad>94</ns3:cad>
          </ns3:TrackPointExtension>
        </extensions>
      </trkpt>
      <trkpt lat="30.7507074438035488128662109375" lon="108.44735157676041126251220703125">
        <ele>444.600006103515625</ele>
        <time>2026-07-24T14:22:55.000Z</time>
        <extensions>
          <ns3:TrackPointExtension>
            <ns3:hr>171</ns3:hr>
            <ns3:cad>94</ns3:cad>
          </ns3:TrackPointExtension>
        </extensions>
      </trkpt>
      <trkpt lat="30.750703923404216766357421875" lon="108.4473751299083232879638671875">
        <ele>444.600006103515625</ele>
        <time>2026-07-24T14:22:56.000Z</time>
        <extensions>
          <ns3:TrackPointExtension>
            <ns3:hr>171</ns3:hr>
            <ns3:cad>93</ns3:cad>
          </ns3:TrackPointExtension>
        </extensions>
      </trkpt>
      <trkpt lat="30.75069327838718891143798828125" lon="108.44739885069429874420166015625">
        <ele>444.79998779296875</ele>
        <time>2026-07-24T14:22:57.000Z</time>
        <extensions>
          <ns3:TrackPointExtension>
            <ns3:hr>171</ns3:hr>
            <ns3:cad>94</ns3:cad>
          </ns3:TrackPointExtension>
        </extensions>
      </trkpt>
      <trkpt lat="30.75069126673042774200439453125" lon="108.44742181710898876190185546875">
        <ele>444.79998779296875</ele>
        <time>2026-07-24T14:22:58.000Z</time>
        <extensions>
          <ns3:TrackPointExtension>
            <ns3:hr>171</ns3:hr>
            <ns3:cad>93</ns3:cad>
          </ns3:TrackPointExtension>
        </extensions>
      </trkpt>
      <trkpt lat="30.75068439356982707977294921875" lon="108.44744126312434673309326171875">
        <ele>444.79998779296875</ele>
        <time>2026-07-24T14:22:59.000Z</time>
        <extensions>
          <ns3:TrackPointExtension>
            <ns3:hr>171</ns3:hr>
            <ns3:cad>92</ns3:cad>
          </ns3:TrackPointExtension>
        </extensions>
      </trkpt>
      <trkpt lat="30.75068414211273193359375" lon="108.4474678337574005126953125">
        <ele>444.79998779296875</ele>
        <time>2026-07-24T14:23:00.000Z</time>
        <extensions>
          <ns3:TrackPointExtension>
            <ns3:hr>170</ns3:hr>
            <ns3:cad>92</ns3:cad>
          </ns3:TrackPointExtension>
        </extensions>
      </trkpt>
      <trkpt lat="30.7506786100566387176513671875" lon="108.44748652540147304534912109375">
        <ele>444.79998779296875</ele>
        <time>2026-07-24T14:23:01.000Z</time>
        <extensions>
          <ns3:TrackPointExtension>
            <ns3:hr>170</ns3:hr>
            <ns3:cad>93</ns3:cad>
          </ns3:TrackPointExtension>
        </extensions>
      </trkpt>
      <trkpt lat="30.75067735277116298675537109375" lon="108.44751703552901744842529296875">
        <ele>444.79998779296875</ele>
        <time>2026-07-24T14:23:02.000Z</time>
        <extensions>
          <ns3:TrackPointExtension>
            <ns3:hr>170</ns3:hr>
            <ns3:cad>94</ns3:cad>
          </ns3:TrackPointExtension>
        </extensions>
      </trkpt>
      <trkpt lat="30.75068003498017787933349609375" lon="108.44753690063953399658203125">
        <ele>444.79998779296875</ele>
        <time>2026-07-24T14:23:03.000Z</time>
        <extensions>
          <ns3:TrackPointExtension>
            <ns3:hr>170</ns3:hr>
            <ns3:cad>93</ns3:cad>
          </ns3:TrackPointExtension>
        </extensions>
      </trkpt>
      <trkpt lat="30.75067542493343353271484375" lon="108.44756732694804668426513671875">
        <ele>445</ele>
        <time>2026-07-24T14:23:04.000Z</time>
        <extensions>
          <ns3:TrackPointExtension>
            <ns3:hr>170</ns3:hr>
            <ns3:cad>92</ns3:cad>
          </ns3:TrackPointExtension>
        </extensions>
      </trkpt>
      <trkpt lat="30.75067341327667236328125" lon="108.4475870244204998016357421875">
        <ele>445</ele>
        <time>2026-07-24T14:23:05.000Z</time>
        <extensions>
          <ns3:TrackPointExtension>
            <ns3:hr>170</ns3:hr>
            <ns3:cad>91</ns3:cad>
          </ns3:TrackPointExtension>
        </extensions>
      </trkpt>
      <trkpt lat="30.7506621815264225006103515625" lon="108.44760823063552379608154296875">
        <ele>445</ele>
        <time>2026-07-24T14:23:06.000Z</time>
        <extensions>
          <ns3:TrackPointExtension>
            <ns3:hr>170</ns3:hr>
            <ns3:cad>91</ns3:cad>
          </ns3:TrackPointExtension>
        </extensions>
      </trkpt>
      <trkpt lat="30.7506591640412807464599609375" lon="108.447626419365406036376953125">
        <ele>445</ele>
        <time>2026-07-24T14:23:07.000Z</time>
        <extensions>
          <ns3:TrackPointExtension>
            <ns3:hr>170</ns3:hr>
            <ns3:cad>91</ns3:cad>
          </ns3:TrackPointExtension>
        </extensions>
      </trkpt>
      <trkpt lat="30.7506501115858554840087890625" lon="108.447645194828510284423828125">
        <ele>445</ele>
        <time>2026-07-24T14:23:08.000Z</time>
        <extensions>
          <ns3:TrackPointExtension>
            <ns3:hr>170</ns3:hr>
            <ns3:cad>92</ns3:cad>
          </ns3:TrackPointExtension>
        </extensions>
      </trkpt>
      <trkpt lat="30.750648267567157745361328125" lon="108.447666652500629425048828125">
        <ele>445.20001220703125</ele>
        <time>2026-07-24T14:23:09.000Z</time>
        <extensions>
          <ns3:TrackPointExtension>
            <ns3:hr>169</ns3:hr>
            <ns3:cad>93</ns3:cad>
          </ns3:TrackPointExtension>
        </extensions>
      </trkpt>
      <trkpt lat="30.7506425678730010986328125" lon="108.44768987037241458892822265625">
        <ele>445.20001220703125</ele>
        <time>2026-07-24T14:23:10.000Z</time>
        <extensions>
          <ns3:TrackPointExtension>
            <ns3:hr>169</ns3:hr>
            <ns3:cad>93</ns3:cad>
          </ns3:TrackPointExtension>
        </extensions>
      </trkpt>
      <trkpt lat="30.7506383769214153289794921875" lon="108.4477145969867706298828125">
        <ele>445.399993896484375</ele>
        <time>2026-07-24T14:23:11.000Z</time>
        <extensions>
          <ns3:TrackPointExtension>
            <ns3:hr>169</ns3:hr>
            <ns3:cad>93</ns3:cad>
          </ns3:TrackPointExtension>
        </extensions>
      </trkpt>
      <trkpt lat="30.75063074938952922821044921875" lon="108.4477348811924457550048828125">
        <ele>445.399993896484375</ele>
        <time>2026-07-24T14:23:12.000Z</time>
        <extensions>
          <ns3:TrackPointExtension>
            <ns3:hr>168</ns3:hr>
            <ns3:cad>93</ns3:cad>
          </ns3:TrackPointExtension>
        </extensions>
      </trkpt>
      <trkpt lat="30.7506219483911991119384765625" lon="108.447759188711643218994140625">
        <ele>445.600006103515625</ele>
        <time>2026-07-24T14:23:13.000Z</time>
        <extensions>
          <ns3:TrackPointExtension>
            <ns3:hr>168</ns3:hr>
            <ns3:cad>92</ns3:cad>
          </ns3:TrackPointExtension>
        </extensions>
      </trkpt>
      <trkpt lat="30.7506095431745052337646484375" lon="108.44777586869895458221435546875">
        <ele>445.600006103515625</ele>
        <time>2026-07-24T14:23:14.000Z</time>
        <extensions>
          <ns3:TrackPointExtension>
            <ns3:hr>167</ns3:hr>
            <ns3:cad>91</ns3:cad>
          </ns3:TrackPointExtension>
        </extensions>
      </trkpt>
      <trkpt lat="30.75059152208268642425537109375" lon="108.4477962367236614227294921875">
        <ele>445.600006103515625</ele>
        <time>2026-07-24T14:23:15.000Z</time>
        <extensions>
          <ns3:TrackPointExtension>
            <ns3:hr>167</ns3:hr>
            <ns3:cad>91</ns3:cad>
          </ns3:TrackPointExtension>
        </extensions>
      </trkpt>
      <trkpt lat="30.75057509355247020721435546875" lon="108.44780520536005496978759765625">
        <ele>445.600006103515625</ele>
        <time>2026-07-24T14:23:16.000Z</time>
        <extensions>
          <ns3:TrackPointExtension>
            <ns3:hr>167</ns3:hr>
            <ns3:cad>92</ns3:cad>
          </ns3:TrackPointExtension>
        </extensions>
      </trkpt>
      <trkpt lat="30.75055045075714588165283203125" lon="108.447818197309970855712890625">
        <ele>445.600006103515625</ele>
        <time>2026-07-24T14:23:17.000Z</time>
        <extensions>
          <ns3:TrackPointExtension>
            <ns3:hr>167</ns3:hr>
            <ns3:cad>93</ns3:cad>
          </ns3:TrackPointExtension>
        </extensions>
      </trkpt>
      <trkpt lat="30.7505324296653270721435546875" lon="108.447820879518985748291015625">
        <ele>445.79998779296875</ele>
        <time>2026-07-24T14:23:18.000Z</time>
        <extensions>
          <ns3:TrackPointExtension>
            <ns3:hr>167</ns3:hr>
            <ns3:cad>92</ns3:cad>
          </ns3:TrackPointExtension>
        </extensions>
      </trkpt>
      <trkpt lat="30.75050669722259044647216796875" lon="108.4478324465453624725341796875">
        <ele>445.79998779296875</ele>
        <time>2026-07-24T14:23:19.000Z</time>
        <extensions>
          <ns3:TrackPointExtension>
            <ns3:hr>167</ns3:hr>
            <ns3:cad>92</ns3:cad>
          </ns3:TrackPointExtension>
        </extensions>
      </trkpt>
      <trkpt lat="30.75048842467367649078369140625" lon="108.4478398226201534271240234375">
        <ele>445.79998779296875</ele>
        <time>2026-07-24T14:23:20.000Z</time>
        <extensions>
          <ns3:TrackPointExtension>
            <ns3:hr>168</ns3:hr>
            <ns3:cad>92</ns3:cad>
          </ns3:TrackPointExtension>
        </extensions>
      </trkpt>
      <trkpt lat="30.75046545825898647308349609375" lon="108.44785474240779876708984375">
        <ele>446</ele>
        <time>2026-07-24T14:23:21.000Z</time>
        <extensions>
          <ns3:TrackPointExtension>
            <ns3:hr>169</ns3:hr>
            <ns3:cad>92</ns3:cad>
          </ns3:TrackPointExtension>
        </extensions>
      </trkpt>
      <trkpt lat="30.75044819153845310211181640625" lon="108.44786337576806545257568359375">
        <ele>446</ele>
        <time>2026-07-24T14:23:22.000Z</time>
        <extensions>
          <ns3:TrackPointExtension>
            <ns3:hr>169</ns3:hr>
            <ns3:cad>91</ns3:cad>
          </ns3:TrackPointExtension>
        </extensions>
      </trkpt>
      <trkpt lat="30.7504278235137462615966796875" lon="108.4478701651096343994140625">
        <ele>446</ele>
        <time>2026-07-24T14:23:23.000Z</time>
        <extensions>
          <ns3:TrackPointExtension>
            <ns3:hr>170</ns3:hr>
            <ns3:cad>91</ns3:cad>
          </ns3:TrackPointExtension>
        </extensions>
      </trkpt>
      <trkpt lat="30.750410892069339752197265625" lon="108.44788332469761371612548828125">
        <ele>446</ele>
        <time>2026-07-24T14:23:24.000Z</time>
        <extensions>
          <ns3:TrackPointExtension>
            <ns3:hr>170</ns3:hr>
            <ns3:cad>91</ns3:cad>
          </ns3:TrackPointExtension>
        </extensions>
      </trkpt>
      <trkpt lat="30.7503839023411273956298828125" lon="108.44789003022015094757080078125">
        <ele>446.20001220703125</ele>
        <time>2026-07-24T14:23:25.000Z</time>
        <extensions>
          <ns3:TrackPointExtension>
            <ns3:hr>171</ns3:hr>
            <ns3:cad>91</ns3:cad>
          </ns3:TrackPointExtension>
        </extensions>
      </trkpt>
      <trkpt lat="30.7503651268780231475830078125" lon="108.44790126197040081024169921875">
        <ele>446.20001220703125</ele>
        <time>2026-07-24T14:23:26.000Z</time>
        <extensions>
          <ns3:TrackPointExtension>
            <ns3:hr>172</ns3:hr>
            <ns3:cad>91</ns3:cad>
          </ns3:TrackPointExtension>
        </extensions>
      </trkpt>
      <trkpt lat="30.7503421604633331298828125" lon="108.4479018487036228179931640625">
        <ele>446.20001220703125</ele>
        <time>2026-07-24T14:23:27.000Z</time>
        <extensions>
          <ns3:TrackPointExtension>
            <ns3:hr>172</ns3:hr>
            <ns3:cad>90</ns3:cad>
          </ns3:TrackPointExtension>
        </extensions>
      </trkpt>
      <trkpt lat="30.75032497756183147430419921875" lon="108.44790796749293804168701171875">
        <ele>446.20001220703125</ele>
        <time>2026-07-24T14:23:28.000Z</time>
        <extensions>
          <ns3:TrackPointExtension>
            <ns3:hr>172</ns3:hr>
            <ns3:cad>90</ns3:cad>
          </ns3:TrackPointExtension>
        </extensions>
      </trkpt>
      <trkpt lat="30.7503094710409641265869140625" lon="108.44790277071297168731689453125">
        <ele>446.20001220703125</ele>
        <time>2026-07-24T14:23:29.000Z</time>
        <extensions>
          <ns3:TrackPointExtension>
            <ns3:hr>173</ns3:hr>
            <ns3:cad>91</ns3:cad>
          </ns3:TrackPointExtension>
        </extensions>
      </trkpt>
      <trkpt lat="30.75028809718787670135498046875" lon="108.44790277071297168731689453125">
        <ele>446.20001220703125</ele>
        <time>2026-07-24T14:23:30.000Z</time>
        <extensions>
          <ns3:TrackPointExtension>
            <ns3:hr>173</ns3:hr>
            <ns3:cad>93</ns3:cad>
          </ns3:TrackPointExtension>
        </extensions>
      </trkpt>
      <trkpt lat="30.75026731006801128387451171875" lon="108.4478978253901004791259765625">
        <ele>446.20001220703125</ele>
        <time>2026-07-24T14:23:31.000Z</time>
        <extensions>
          <ns3:TrackPointExtension>
            <ns3:hr>172</ns3:hr>
            <ns3:cad>94</ns3:cad>
          </ns3:TrackPointExtension>
        </extensions>
      </trkpt>
      <trkpt lat="30.75024048797786235809326171875" lon="108.4479021839797496795654296875">
        <ele>446.20001220703125</ele>
        <time>2026-07-24T14:23:32.000Z</time>
        <extensions>
          <ns3:TrackPointExtension>
            <ns3:hr>172</ns3:hr>
            <ns3:cad>94</ns3:cad>
          </ns3:TrackPointExtension>
        </extensions>
      </trkpt>
      <trkpt lat="30.75022489763796329498291015625" lon="108.44790704548358917236328125">
        <ele>446.399993896484375</ele>
        <time>2026-07-24T14:23:33.000Z</time>
        <extensions>
          <ns3:TrackPointExtension>
            <ns3:hr>172</ns3:hr>
            <ns3:cad>94</ns3:cad>
          </ns3:TrackPointExtension>
        </extensions>
      </trkpt>
      <trkpt lat="30.7502001710236072540283203125" lon="108.4479082189500331878662109375">
        <ele>446.399993896484375</ele>
        <time>2026-07-24T14:23:34.000Z</time>
        <extensions>
          <ns3:TrackPointExtension>
            <ns3:hr>171</ns3:hr>
            <ns3:cad>91</ns3:cad>
          </ns3:TrackPointExtension>
        </extensions>
      </trkpt>
      <trkpt lat="30.75018684379756450653076171875" lon="108.44791014678776264190673828125">
        <ele>446.399993896484375</ele>
        <time>2026-07-24T14:23:35.000Z</time>
        <extensions>
          <ns3:TrackPointExtension>
            <ns3:hr>170</ns3:hr>
            <ns3:cad>91</ns3:cad>
          </ns3:TrackPointExtension>
        </extensions>
      </trkpt>
      <trkpt lat="30.75016220100224018096923828125" lon="108.447909392416477203369140625">
        <ele>446.399993896484375</ele>
        <time>2026-07-24T14:23:36.000Z</time>
        <extensions>
          <ns3:TrackPointExtension>
            <ns3:hr>170</ns3:hr>
            <ns3:cad>92</ns3:cad>
          </ns3:TrackPointExtension>
        </extensions>
      </trkpt>
      <trkpt lat="30.7501448504626750946044921875" lon="108.44791333191096782684326171875">
        <ele>446.399993896484375</ele>
        <time>2026-07-24T14:23:37.000Z</time>
        <extensions>
          <ns3:TrackPointExtension>
            <ns3:hr>169</ns3:hr>
            <ns3:cad>92</ns3:cad>
          </ns3:TrackPointExtension>
        </extensions>
      </trkpt>
      <trkpt lat="30.7501208782196044921875" lon="108.44791048206388950347900390625">
        <ele>446.399993896484375</ele>
        <time>2026-07-24T14:23:38.000Z</time>
        <extensions>
          <ns3:TrackPointExtension>
            <ns3:hr>169</ns3:hr>
            <ns3:cad>93</ns3:cad>
          </ns3:TrackPointExtension>
        </extensions>
      </trkpt>
      <trkpt lat="30.75009740889072418212890625" lon="108.4479098953306674957275390625">
        <ele>446.399993896484375</ele>
        <time>2026-07-24T14:23:39.000Z</time>
        <extensions>
          <ns3:TrackPointExtension>
            <ns3:hr>169</ns3:hr>
            <ns3:cad>93</ns3:cad>
          </ns3:TrackPointExtension>
        </extensions>
      </trkpt>
      <trkpt lat="30.7500712573528289794921875" lon="108.4479055367410182952880859375">
        <ele>446.399993896484375</ele>
        <time>2026-07-24T14:23:40.000Z</time>
        <extensions>
          <ns3:TrackPointExtension>
            <ns3:hr>168</ns3:hr>
            <ns3:cad>93</ns3:cad>
          </ns3:TrackPointExtension>
        </extensions>
      </trkpt>
      <trkpt lat="30.75004787184298038482666015625" lon="108.44791132025420665740966796875">
        <ele>446.399993896484375</ele>
        <time>2026-07-24T14:23:41.000Z</time>
        <extensions>
          <ns3:TrackPointExtension>
            <ns3:hr>169</ns3:hr>
            <ns3:cad>93</ns3:cad>
          </ns3:TrackPointExtension>
        </extensions>
      </trkpt>
      <trkpt lat="30.75002490542829036712646484375" lon="108.44790838658809661865234375">
        <ele>446.399993896484375</ele>
        <time>2026-07-24T14:23:42.000Z</time>
        <extensions>
          <ns3:TrackPointExtension>
            <ns3:hr>168</ns3:hr>
            <ns3:cad>94</ns3:cad>
          </ns3:TrackPointExtension>
        </extensions>
      </trkpt>
      <trkpt lat="30.7500040344893932342529296875" lon="108.44790813513100147247314453125">
        <ele>446.399993896484375</ele>
        <time>2026-07-24T14:23:43.000Z</time>
        <extensions>
          <ns3:TrackPointExtension>
            <ns3:hr>168</ns3:hr>
            <ns3:cad>94</ns3:cad>
          </ns3:TrackPointExtension>
        </extensions>
      </trkpt>
      <trkpt lat="30.74998400174081325531005859375" lon="108.44790570437908172607421875">
        <ele>446.399993896484375</ele>
        <time>2026-07-24T14:23:44.000Z</time>
        <extensions>
          <ns3:TrackPointExtension>
            <ns3:hr>168</ns3:hr>
            <ns3:cad>93</ns3:cad>
          </ns3:TrackPointExtension>
        </extensions>
      </trkpt>
      <trkpt lat="30.7499587722122669219970703125" lon="108.44790478236973285675048828125">
        <ele>446.600006103515625</ele>
        <time>2026-07-24T14:23:45.000Z</time>
        <extensions>
          <ns3:TrackPointExtension>
            <ns3:hr>167</ns3:hr>
            <ns3:cad>92</ns3:cad>
          </ns3:TrackPointExtension>
        </extensions>
      </trkpt>
      <trkpt lat="30.74994008056819438934326171875" lon="108.44790562056005001068115234375">
        <ele>446.600006103515625</ele>
        <time>2026-07-24T14:23:46.000Z</time>
        <extensions>
          <ns3:TrackPointExtension>
            <ns3:hr>167</ns3:hr>
            <ns3:cad>92</ns3:cad>
          </ns3:TrackPointExtension>
        </extensions>
      </trkpt>
      <trkpt lat="30.74991426430642604827880859375" lon="108.44790511764585971832275390625">
        <ele>446.600006103515625</ele>
        <time>2026-07-24T14:23:47.000Z</time>
        <extensions>
          <ns3:TrackPointExtension>
            <ns3:hr>167</ns3:hr>
            <ns3:cad>93</ns3:cad>
          </ns3:TrackPointExtension>
        </extensions>
      </trkpt>
      <trkpt lat="30.749895572662353515625" lon="108.4479031898081302642822265625">
        <ele>446.600006103515625</ele>
        <time>2026-07-24T14:23:48.000Z</time>
        <extensions>
          <ns3:TrackPointExtension>
            <ns3:hr>167</ns3:hr>
            <ns3:cad>93</ns3:cad>
          </ns3:TrackPointExtension>
        </extensions>
      </trkpt>
      <trkpt lat="30.74987168423831462860107421875" lon="108.4479023516178131103515625">
        <ele>446.600006103515625</ele>
        <time>2026-07-24T14:23:49.000Z</time>
        <extensions>
          <ns3:TrackPointExtension>
            <ns3:hr>168</ns3:hr>
            <ns3:cad>93</ns3:cad>
          </ns3:TrackPointExtension>
        </extensions>
      </trkpt>
      <trkpt lat="30.7498511485755443572998046875" lon="108.44790092669427394866943359375">
        <ele>446.600006103515625</ele>
        <time>2026-07-24T14:23:50.000Z</time>
        <extensions>
          <ns3:TrackPointExtension>
            <ns3:hr>167</ns3:hr>
            <ns3:cad>93</ns3:cad>
          </ns3:TrackPointExtension>
        </extensions>
      </trkpt>
      <trkpt lat="30.74983052909374237060546875" lon="108.44788969494402408599853515625">
        <ele>446.600006103515625</ele>
        <time>2026-07-24T14:23:51.000Z</time>
        <extensions>
          <ns3:TrackPointExtension>
            <ns3:hr>167</ns3:hr>
            <ns3:cad>92</ns3:cad>
          </ns3:TrackPointExtension>
        </extensions>
      </trkpt>
      <trkpt lat="30.749810747802257537841796875" lon="108.447882235050201416015625">
        <ele>446.600006103515625</ele>
        <time>2026-07-24T14:23:52.000Z</time>
        <extensions>
          <ns3:TrackPointExtension>
            <ns3:hr>167</ns3:hr>
            <ns3:cad>92</ns3:cad>
          </ns3:TrackPointExtension>
        </extensions>
      </trkpt>
      <trkpt lat="30.74979339726269245147705078125" lon="108.4478689916431903839111328125">
        <ele>446.600006103515625</ele>
        <time>2026-07-24T14:23:53.000Z</time>
        <extensions>
          <ns3:TrackPointExtension>
            <ns3:hr>168</ns3:hr>
            <ns3:cad>93</ns3:cad>
          </ns3:TrackPointExtension>
        </extensions>
      </trkpt>
      <trkpt lat="30.7497775554656982421875" lon="108.447859771549701690673828125">
        <ele>446.600006103515625</ele>
        <time>2026-07-24T14:23:54.000Z</time>
        <extensions>
          <ns3:TrackPointExtension>
            <ns3:hr>168</ns3:hr>
            <ns3:cad>93</ns3:cad>
          </ns3:TrackPointExtension>
        </extensions>
      </trkpt>
      <trkpt lat="30.74976121075451374053955078125" lon="108.44784677959978580474853515625">
        <ele>446.600006103515625</ele>
        <time>2026-07-24T14:23:55.000Z</time>
        <extensions>
          <ns3:TrackPointExtension>
            <ns3:hr>168</ns3:hr>
            <ns3:cad>94</ns3:cad>
          </ns3:TrackPointExtension>
        </extensions>
      </trkpt>
      <trkpt lat="30.74974176473915576934814453125" lon="108.44783856533467769622802734375">
        <ele>446.600006103515625</ele>
        <time>2026-07-24T14:23:56.000Z</time>
        <extensions>
          <ns3:TrackPointExtension>
            <ns3:hr>169</ns3:hr>
            <ns3:cad>93</ns3:cad>
          </ns3:TrackPointExtension>
        </extensions>
      </trkpt>
      <trkpt lat="30.74971913360059261322021484375" lon="108.447830267250537872314453125">
        <ele>446.600006103515625</ele>
        <time>2026-07-24T14:23:57.000Z</time>
        <extensions>
          <ns3:TrackPointExtension>
            <ns3:hr>169</ns3:hr>
            <ns3:cad>93</ns3:cad>
          </ns3:TrackPointExtension>
        </extensions>
      </trkpt>
      <trkpt lat="30.749689042568206787109375" lon="108.4478213824331760406494140625">
        <ele>446.600006103515625</ele>
        <time>2026-07-24T14:23:58.000Z</time>
        <extensions>
          <ns3:TrackPointExtension>
            <ns3:hr>170</ns3:hr>
            <ns3:cad>93</ns3:cad>
          </ns3:TrackPointExtension>
        </extensions>
      </trkpt>
      <trkpt lat="30.7496702671051025390625" lon="108.44781677238643169403076171875">
        <ele>446.600006103515625</ele>
        <time>2026-07-24T14:23:59.000Z</time>
        <extensions>
          <ns3:TrackPointExtension>
            <ns3:hr>170</ns3:hr>
            <ns3:cad>93</ns3:cad>
          </ns3:TrackPointExtension>
        </extensions>
      </trkpt>
      <trkpt lat="30.7496459595859050750732421875" lon="108.44781023450195789337158203125">
        <ele>446.600006103515625</ele>
        <time>2026-07-24T14:24:00.000Z</time>
        <extensions>
          <ns3:TrackPointExtension>
            <ns3:hr>170</ns3:hr>
            <ns3:cad>93</ns3:cad>
          </ns3:TrackPointExtension>
        </extensions>
      </trkpt>
      <trkpt lat="30.74962190352380275726318359375" lon="108.4478052891790866851806640625">
        <ele>446.600006103515625</ele>
        <time>2026-07-24T14:24:01.000Z</time>
        <extensions>
          <ns3:TrackPointExtension>
            <ns3:hr>170</ns3:hr>
            <ns3:cad>92</ns3:cad>
          </ns3:TrackPointExtension>
        </extensions>
      </trkpt>
      <trkpt lat="30.74959273450076580047607421875" lon="108.44779447652399539947509765625">
        <ele>446.600006103515625</ele>
        <time>2026-07-24T14:24:02.000Z</time>
        <extensions>
          <ns3:TrackPointExtension>
            <ns3:hr>170</ns3:hr>
            <ns3:cad>92</ns3:cad>
          </ns3:TrackPointExtension>
        </extensions>
      </trkpt>
      <trkpt lat="30.74957211501896381378173828125" lon="108.44779112376272678375244140625">
        <ele>446.600006103515625</ele>
        <time>2026-07-24T14:24:03.000Z</time>
        <extensions>
          <ns3:TrackPointExtension>
            <ns3:hr>170</ns3:hr>
            <ns3:cad>91</ns3:cad>
          </ns3:TrackPointExtension>
        </extensions>
      </trkpt>
      <trkpt lat="30.7495554350316524505615234375" lon="108.44778324477374553680419921875">
        <ele>446.600006103515625</ele>
        <time>2026-07-24T14:24:04.000Z</time>
        <extensions>
          <ns3:TrackPointExtension>
            <ns3:hr>170</ns3:hr>
            <ns3:cad>91</ns3:cad>
          </ns3:TrackPointExtension>
        </extensions>
      </trkpt>
      <trkpt lat="30.7495359890162944793701171875" lon="108.44777955673635005950927734375">
        <ele>446.79998779296875</ele>
        <time>2026-07-24T14:24:05.000Z</time>
        <extensions>
          <ns3:TrackPointExtension>
            <ns3:hr>169</ns3:hr>
            <ns3:cad>91</ns3:cad>
          </ns3:TrackPointExtension>
        </extensions>
      </trkpt>
      <trkpt lat="30.74951813556253910064697265625" lon="108.44777067191898822784423828125">
        <ele>446.79998779296875</ele>
        <time>2026-07-24T14:24:06.000Z</time>
        <extensions>
          <ns3:TrackPointExtension>
            <ns3:hr>169</ns3:hr>
            <ns3:cad>93</ns3:cad>
          </ns3:TrackPointExtension>
        </extensions>
      </trkpt>
      <trkpt lat="30.7495011202991008758544921875" lon="108.44776530750095844268798828125">
        <ele>446.79998779296875</ele>
        <time>2026-07-24T14:24:07.000Z</time>
        <extensions>
          <ns3:TrackPointExtension>
            <ns3:hr>169</ns3:hr>
            <ns3:cad>93</ns3:cad>
          </ns3:TrackPointExtension>
        </extensions>
      </trkpt>
      <trkpt lat="30.7494820095598697662353515625" lon="108.44776463694870471954345703125">
        <ele>446.79998779296875</ele>
        <time>2026-07-24T14:24:08.000Z</time>
        <extensions>
          <ns3:TrackPointExtension>
            <ns3:hr>169</ns3:hr>
            <ns3:cad>93</ns3:cad>
          </ns3:TrackPointExtension>
        </extensions>
      </trkpt>
      <trkpt lat="30.749459378421306610107421875" lon="108.447765223681926727294921875">
        <ele>446.79998779296875</ele>
        <time>2026-07-24T14:24:09.000Z</time>
        <extensions>
          <ns3:TrackPointExtension>
            <ns3:hr>168</ns3:hr>
            <ns3:cad>93</ns3:cad>
          </ns3:TrackPointExtension>
        </extensions>
      </trkpt>
      <trkpt lat="30.74944336898624897003173828125" lon="108.447768576443195343017578125">
        <ele>446.79998779296875</ele>
        <time>2026-07-24T14:24:10.000Z</time>
        <extensions>
          <ns3:TrackPointExtension>
            <ns3:hr>169</ns3:hr>
            <ns3:cad>92</ns3:cad>
          </ns3:TrackPointExtension>
        </extensions>
      </trkpt>
      <trkpt lat="30.7494221627712249755859375" lon="108.447767235338687896728515625">
        <ele>446.79998779296875</ele>
        <time>2026-07-24T14:24:11.000Z</time>
        <extensions>
          <ns3:TrackPointExtension>
            <ns3:hr>168</ns3:hr>
            <ns3:cad>92</ns3:cad>
          </ns3:TrackPointExtension>
        </extensions>
      </trkpt>
      <trkpt lat="30.74940347112715244293212890625" lon="108.44776664860546588897705078125">
        <ele>446.79998779296875</ele>
        <time>2026-07-24T14:24:12.000Z</time>
        <extensions>
          <ns3:TrackPointExtension>
            <ns3:hr>168</ns3:hr>
            <ns3:cad>93</ns3:cad>
          </ns3:TrackPointExtension>
        </extensions>
      </trkpt>
      <trkpt lat="30.7493800856173038482666015625" lon="108.447761200368404388427734375">
        <ele>446.79998779296875</ele>
        <time>2026-07-24T14:24:13.000Z</time>
        <extensions>
          <ns3:TrackPointExtension>
            <ns3:hr>168</ns3:hr>
            <ns3:cad>93</ns3:cad>
          </ns3:TrackPointExtension>
        </extensions>
      </trkpt>
      <trkpt lat="30.74936022050678730010986328125" lon="108.44776245765388011932373046875">
        <ele>446.79998779296875</ele>
        <time>2026-07-24T14:24:14.000Z</time>
        <extensions>
          <ns3:TrackPointExtension>
            <ns3:hr>168</ns3:hr>
            <ns3:cad>93</ns3:cad>
          </ns3:TrackPointExtension>
        </extensions>
      </trkpt>
      <trkpt lat="30.74933700263500213623046875" lon="108.4477575123310089111328125">
        <ele>446.79998779296875</ele>
        <time>2026-07-24T14:24:15.000Z</time>
        <extensions>
          <ns3:TrackPointExtension>
            <ns3:hr>168</ns3:hr>
            <ns3:cad>93</ns3:cad>
          </ns3:TrackPointExtension>
        </extensions>
      </trkpt>
      <trkpt lat="30.74931512586772441864013671875" lon="108.44775843434035778045654296875">
        <ele>446.79998779296875</ele>
        <time>2026-07-24T14:24:16.000Z</time>
        <extensions>
          <ns3:TrackPointExtension>
            <ns3:hr>168</ns3:hr>
            <ns3:cad>93</ns3:cad>
          </ns3:TrackPointExtension>
        </extensions>
      </trkpt>
      <trkpt lat="30.749295093119144439697265625" lon="108.4477516449987888336181640625">
        <ele>446.79998779296875</ele>
        <time>2026-07-24T14:24:17.000Z</time>
        <extensions>
          <ns3:TrackPointExtension>
            <ns3:hr>167</ns3:hr>
            <ns3:cad>91</ns3:cad>
          </ns3:TrackPointExtension>
        </extensions>
      </trkpt>
      <trkpt lat="30.7492741383612155914306640625" lon="108.44774938188493251800537109375">
        <ele>446.79998779296875</ele>
        <time>2026-07-24T14:24:18.000Z</time>
        <extensions>
          <ns3:TrackPointExtension>
            <ns3:hr>167</ns3:hr>
            <ns3:cad>91</ns3:cad>
          </ns3:TrackPointExtension>
        </extensions>
      </trkpt>
      <trkpt lat="30.74925309978425502777099609375" lon="108.44774737022817134857177734375">
        <ele>446.79998779296875</ele>
        <time>2026-07-24T14:24:19.000Z</time>
        <extensions>
          <ns3:TrackPointExtension>
            <ns3:hr>167</ns3:hr>
            <ns3:cad>92</ns3:cad>
          </ns3:TrackPointExtension>
        </extensions>
      </trkpt>
      <trkpt lat="30.749231390655040740966796875" lon="108.44774745404720306396484375">
        <ele>447</ele>
        <time>2026-07-24T14:24:20.000Z</time>
        <extensions>
          <ns3:TrackPointExtension>
            <ns3:hr>167</ns3:hr>
            <ns3:cad>92</ns3:cad>
          </ns3:TrackPointExtension>
        </extensions>
      </trkpt>
      <trkpt lat="30.74921353720128536224365234375" lon="108.44774569384753704071044921875">
        <ele>447</ele>
        <time>2026-07-24T14:24:21.000Z</time>
        <extensions>
          <ns3:TrackPointExtension>
            <ns3:hr>167</ns3:hr>
            <ns3:cad>93</ns3:cad>
          </ns3:TrackPointExtension>
        </extensions>
      </trkpt>
      <trkpt lat="30.74918855912983417510986328125" lon="108.44774586148560047149658203125">
        <ele>447</ele>
        <time>2026-07-24T14:24:22.000Z</time>
        <extensions>
          <ns3:TrackPointExtension>
            <ns3:hr>167</ns3:hr>
            <ns3:cad>94</ns3:cad>
          </ns3:TrackPointExtension>
        </extensions>
      </trkpt>
      <trkpt lat="30.74917078949511051177978515625" lon="108.447751142084598541259765625">
        <ele>447</ele>
        <time>2026-07-24T14:24:23.000Z</time>
        <extensions>
          <ns3:TrackPointExtension>
            <ns3:hr>166</ns3:hr>
            <ns3:cad>94</ns3:cad>
          </ns3:TrackPointExtension>
        </extensions>
      </trkpt>
      <trkpt lat="30.7491485774517059326171875" lon="108.4477548301219940185546875">
        <ele>447</ele>
        <time>2026-07-24T14:24:24.000Z</time>
        <extensions>
          <ns3:TrackPointExtension>
            <ns3:hr>166</ns3:hr>
            <ns3:cad>93</ns3:cad>
          </ns3:TrackPointExtension>
        </extensions>
      </trkpt>
      <trkpt lat="30.7491303049027919769287109375" lon="108.44775709323585033416748046875">
        <ele>447</ele>
        <time>2026-07-24T14:24:25.000Z</time>
        <extensions>
          <ns3:TrackPointExtension>
            <ns3:hr>166</ns3:hr>
            <ns3:cad>93</ns3:cad>
          </ns3:TrackPointExtension>
        </extensions>
      </trkpt>
      <trkpt lat="30.74910993687808513641357421875" lon="108.447758518159389495849609375">
        <ele>447</ele>
        <time>2026-07-24T14:24:26.000Z</time>
        <extensions>
          <ns3:TrackPointExtension>
            <ns3:hr>166</ns3:hr>
            <ns3:cad>92</ns3:cad>
          </ns3:TrackPointExtension>
        </extensions>
      </trkpt>
      <trkpt lat="30.74909049086272716522216796875" lon="108.44776011072099208831787109375">
        <ele>447</ele>
        <time>2026-07-24T14:24:27.000Z</time>
        <extensions>
          <ns3:TrackPointExtension>
            <ns3:hr>166</ns3:hr>
            <ns3:cad>93</ns3:cad>
          </ns3:TrackPointExtension>
        </extensions>
      </trkpt>
      <trkpt lat="30.7490706257522106170654296875" lon="108.4477593563497066497802734375">
        <ele>447</ele>
        <time>2026-07-24T14:24:28.000Z</time>
        <extensions>
          <ns3:TrackPointExtension>
            <ns3:hr>165</ns3:hr>
            <ns3:cad>93</ns3:cad>
          </ns3:TrackPointExtension>
        </extensions>
      </trkpt>
      <trkpt lat="30.7490491680800914764404296875" lon="108.447760529816150665283203125">
        <ele>447</ele>
        <time>2026-07-24T14:24:29.000Z</time>
        <extensions>
          <ns3:TrackPointExtension>
            <ns3:hr>165</ns3:hr>
            <ns3:cad>94</ns3:cad>
          </ns3:TrackPointExtension>
        </extensions>
      </trkpt>
      <trkpt lat="30.74903097935020923614501953125" lon="108.447760529816150665283203125">
        <ele>447.20001220703125</ele>
        <time>2026-07-24T14:24:30.000Z</time>
        <extensions>
          <ns3:TrackPointExtension>
            <ns3:hr>165</ns3:hr>
            <ns3:cad>93</ns3:cad>
          </ns3:TrackPointExtension>
        </extensions>
      </trkpt>
      <trkpt lat="30.7490092702209949493408203125" lon="108.44776044599711894989013671875">
        <ele>447.20001220703125</ele>
        <time>2026-07-24T14:24:31.000Z</time>
        <extensions>
          <ns3:TrackPointExtension>
            <ns3:hr>165</ns3:hr>
            <ns3:cad>93</ns3:cad>
          </ns3:TrackPointExtension>
        </extensions>
      </trkpt>
      <trkpt lat="30.748983956873416900634765625" lon="108.44776547513902187347412109375">
        <ele>447.20001220703125</ele>
        <time>2026-07-24T14:24:32.000Z</time>
        <extensions>
          <ns3:TrackPointExtension>
            <ns3:hr>164</ns3:hr>
            <ns3:cad>93</ns3:cad>
          </ns3:TrackPointExtension>
        </extensions>
      </trkpt>
      <trkpt lat="30.74896015226840972900390625" lon="108.44776983372867107391357421875">
        <ele>447.20001220703125</ele>
        <time>2026-07-24T14:24:33.000Z</time>
        <extensions>
          <ns3:TrackPointExtension>
            <ns3:hr>165</ns3:hr>
            <ns3:cad>93</ns3:cad>
          </ns3:TrackPointExtension>
        </extensions>
      </trkpt>
      <trkpt lat="30.748941712081432342529296875" lon="108.44777695834636688232421875">
        <ele>447.20001220703125</ele>
        <time>2026-07-24T14:24:34.000Z</time>
        <extensions>
          <ns3:TrackPointExtension>
            <ns3:hr>165</ns3:hr>
            <ns3:cad>93</ns3:cad>
          </ns3:TrackPointExtension>
        </extensions>
      </trkpt>
      <trkpt lat="30.748916566371917724609375" lon="108.44778358004987239837646484375">
        <ele>447.20001220703125</ele>
        <time>2026-07-24T14:24:35.000Z</time>
        <extensions>
          <ns3:TrackPointExtension>
            <ns3:hr>164</ns3:hr>
            <ns3:cad>92</ns3:cad>
          </ns3:TrackPointExtension>
        </extensions>
      </trkpt>
      <trkpt lat="30.748894102871417999267578125" lon="108.447790034115314483642578125">
        <ele>447.20001220703125</ele>
        <time>2026-07-24T14:24:36.000Z</time>
        <extensions>
          <ns3:TrackPointExtension>
            <ns3:hr>165</ns3:hr>
            <ns3:cad>92</ns3:cad>
          </ns3:TrackPointExtension>
        </extensions>
      </trkpt>
      <trkpt lat="30.74887222610414028167724609375" lon="108.447791375219821929931640625">
        <ele>447.20001220703125</ele>
        <time>2026-07-24T14:24:37.000Z</time>
        <extensions>
          <ns3:TrackPointExtension>
            <ns3:hr>165</ns3:hr>
            <ns3:cad>92</ns3:cad>
          </ns3:TrackPointExtension>
        </extensions>
      </trkpt>
      <trkpt lat="30.74885495938360691070556640625" lon="108.447798751294612884521484375">
        <ele>447.399993896484375</ele>
        <time>2026-07-24T14:24:38.000Z</time>
        <extensions>
          <ns3:TrackPointExtension>
            <ns3:hr>164</ns3:hr>
            <ns3:cad>92</ns3:cad>
          </ns3:TrackPointExtension>
        </extensions>
      </trkpt>
      <trkpt lat="30.7488335855305194854736328125" lon="108.44779841601848602294921875">
        <ele>447.399993896484375</ele>
        <time>2026-07-24T14:24:39.000Z</time>
        <extensions>
          <ns3:TrackPointExtension>
            <ns3:hr>164</ns3:hr>
            <ns3:cad>92</ns3:cad>
          </ns3:TrackPointExtension>
        </extensions>
      </trkpt>
      <trkpt lat="30.748820006847381591796875" lon="108.44780109822750091552734375">
        <ele>447.600006103515625</ele>
        <time>2026-07-24T14:24:40.000Z</time>
        <extensions>
          <ns3:TrackPointExtension>
            <ns3:hr>164</ns3:hr>
            <ns3:cad>92</ns3:cad>
          </ns3:TrackPointExtension>
        </extensions>
      </trkpt>
      <trkpt lat="30.7488030754029750823974609375" lon="108.44780721701681613922119140625">
        <ele>447.600006103515625</ele>
        <time>2026-07-24T14:24:41.000Z</time>
        <extensions>
          <ns3:TrackPointExtension>
            <ns3:hr>164</ns3:hr>
            <ns3:cad>93</ns3:cad>
          </ns3:TrackPointExtension>
        </extensions>
      </trkpt>
      <trkpt lat="30.74878983199596405029296875" lon="108.447817526757717132568359375">
        <ele>447.79998779296875</ele>
        <time>2026-07-24T14:24:42.000Z</time>
        <extensions>
          <ns3:TrackPointExtension>
            <ns3:hr>164</ns3:hr>
            <ns3:cad>93</ns3:cad>
          </ns3:TrackPointExtension>
        </extensions>
      </trkpt>
      <trkpt lat="30.74877449311316013336181640625" lon="108.44783202745020389556884765625">
        <ele>447.79998779296875</ele>
        <time>2026-07-24T14:24:43.000Z</time>
        <extensions>
          <ns3:TrackPointExtension>
            <ns3:hr>164</ns3:hr>
            <ns3:cad>93</ns3:cad>
          </ns3:TrackPointExtension>
        </extensions>
      </trkpt>
      <trkpt lat="30.74876577593386173248291015625" lon="108.447854407131671905517578125">
        <ele>447.79998779296875</ele>
        <time>2026-07-24T14:24:44.000Z</time>
        <extensions>
          <ns3:TrackPointExtension>
            <ns3:hr>164</ns3:hr>
            <ns3:cad>93</ns3:cad>
          </ns3:TrackPointExtension>
        </extensions>
      </trkpt>
      <trkpt lat="30.74875806458294391632080078125" lon="108.4478756971657276153564453125">
        <ele>447.79998779296875</ele>
        <time>2026-07-24T14:24:45.000Z</time>
        <extensions>
          <ns3:TrackPointExtension>
            <ns3:hr>164</ns3:hr>
            <ns3:cad>93</ns3:cad>
          </ns3:TrackPointExtension>
        </extensions>
      </trkpt>
      <trkpt lat="30.748749263584613800048828125" lon="108.4479021839797496795654296875">
        <ele>447.79998779296875</ele>
        <time>2026-07-24T14:24:46.000Z</time>
        <extensions>
          <ns3:TrackPointExtension>
            <ns3:hr>165</ns3:hr>
            <ns3:cad>93</ns3:cad>
          </ns3:TrackPointExtension>
        </extensions>
      </trkpt>
      <trkpt lat="30.74874297715723514556884765625" lon="108.447924144566059112548828125">
        <ele>447.600006103515625</ele>
        <time>2026-07-24T14:24:47.000Z</time>
        <extensions>
          <ns3:TrackPointExtension>
            <ns3:hr>165</ns3:hr>
            <ns3:cad>92</ns3:cad>
          </ns3:TrackPointExtension>
        </extensions>
      </trkpt>
      <trkpt lat="30.748742558062076568603515625" lon="108.44795473851263523101806640625">
        <ele>447.600006103515625</ele>
        <time>2026-07-24T14:24:48.000Z</time>
        <extensions>
          <ns3:TrackPointExtension>
            <ns3:hr>165</ns3:hr>
            <ns3:cad>92</ns3:cad>
          </ns3:TrackPointExtension>
        </extensions>
      </trkpt>
      <trkpt lat="30.74874649755656719207763671875" lon="108.44797720201313495635986328125">
        <ele>447.600006103515625</ele>
        <time>2026-07-24T14:24:49.000Z</time>
        <extensions>
          <ns3:TrackPointExtension>
            <ns3:hr>166</ns3:hr>
            <ns3:cad>91</ns3:cad>
          </ns3:TrackPointExtension>
        </extensions>
      </trkpt>
      <trkpt lat="30.74874465353786945343017578125" lon="108.44799580983817577362060546875">
        <ele>447.600006103515625</ele>
        <time>2026-07-24T14:24:50.000Z</time>
        <extensions>
          <ns3:TrackPointExtension>
            <ns3:hr>166</ns3:hr>
            <ns3:cad>92</ns3:cad>
          </ns3:TrackPointExtension>
        </extensions>
      </trkpt>
      <trkpt lat="30.748747251927852630615234375" lon="108.44801492057740688323974609375">
        <ele>447.600006103515625</ele>
        <time>2026-07-24T14:24:51.000Z</time>
        <extensions>
          <ns3:TrackPointExtension>
            <ns3:hr>166</ns3:hr>
            <ns3:cad>92</ns3:cad>
          </ns3:TrackPointExtension>
        </extensions>
      </trkpt>
      <trkpt lat="30.7487454079091548919677734375" lon="108.44803889282047748565673828125">
        <ele>447.600006103515625</ele>
        <time>2026-07-24T14:24:52.000Z</time>
        <extensions>
          <ns3:TrackPointExtension>
            <ns3:hr>165</ns3:hr>
            <ns3:cad>92</ns3:cad>
          </ns3:TrackPointExtension>
        </extensions>
      </trkpt>
      <trkpt lat="30.7487457431852817535400390625" lon="108.44805532135069370269775390625">
        <ele>447.600006103515625</ele>
        <time>2026-07-24T14:24:53.000Z</time>
        <extensions>
          <ns3:TrackPointExtension>
            <ns3:hr>166</ns3:hr>
            <ns3:cad>92</ns3:cad>
          </ns3:TrackPointExtension>
        </extensions>
      </trkpt>
      <trkpt lat="30.74874297715723514556884765625" lon="108.44807962886989116668701171875">
        <ele>447.600006103515625</ele>
        <time>2026-07-24T14:24:54.000Z</time>
        <extensions>
          <ns3:TrackPointExtension>
            <ns3:hr>165</ns3:hr>
            <ns3:cad>93</ns3:cad>
          </ns3:TrackPointExtension>
        </extensions>
      </trkpt>
      <trkpt lat="30.74874599464237689971923828125" lon="108.448099829256534576416015625">
        <ele>447.600006103515625</ele>
        <time>2026-07-24T14:24:55.000Z</time>
        <extensions>
          <ns3:TrackPointExtension>
            <ns3:hr>165</ns3:hr>
            <ns3:cad>94</ns3:cad>
          </ns3:TrackPointExtension>
        </extensions>
      </trkpt>
      <trkpt lat="30.7487524487078189849853515625" lon="108.44812438823282718658447265625">
        <ele>447.600006103515625</ele>
        <time>2026-07-24T14:24:56.000Z</time>
        <extensions>
          <ns3:TrackPointExtension>
            <ns3:hr>165</ns3:hr>
            <ns3:cad>93</ns3:cad>
          </ns3:TrackPointExtension>
        </extensions>
      </trkpt>
      <trkpt lat="30.7487564720213413238525390625" lon="108.44815380871295928955078125">
        <ele>447.600006103515625</ele>
        <time>2026-07-24T14:24:57.000Z</time>
        <extensions>
          <ns3:TrackPointExtension>
            <ns3:hr>165</ns3:hr>
            <ns3:cad>93</ns3:cad>
          </ns3:TrackPointExtension>
        </extensions>
      </trkpt>
      <trkpt lat="30.74876032769680023193359375" lon="108.448175601661205291748046875">
        <ele>447.79998779296875</ele>
        <time>2026-07-24T14:24:58.000Z</time>
        <extensions>
          <ns3:TrackPointExtension>
            <ns3:hr>164</ns3:hr>
            <ns3:cad>93</ns3:cad>
          </ns3:TrackPointExtension>
        </extensions>
      </trkpt>
      <trkpt lat="30.74876057915389537811279296875" lon="108.4482014179229736328125">
        <ele>447.79998779296875</ele>
        <time>2026-07-24T14:24:59.000Z</time>
        <extensions>
          <ns3:TrackPointExtension>
            <ns3:hr>164</ns3:hr>
            <ns3:cad>93</ns3:cad>
          </ns3:TrackPointExtension>
        </extensions>
      </trkpt>
      <trkpt lat="30.7487598247826099395751953125" lon="108.448225222527980804443359375">
        <ele>447.79998779296875</ele>
        <time>2026-07-24T14:25:00.000Z</time>
        <extensions>
          <ns3:TrackPointExtension>
            <ns3:hr>164</ns3:hr>
            <ns3:cad>93</ns3:cad>
          </ns3:TrackPointExtension>
        </extensions>
      </trkpt>
      <trkpt lat="30.7487635128200054168701171875" lon="108.44825045205652713775634765625">
        <ele>448</ele>
        <time>2026-07-24T14:25:01.000Z</time>
        <extensions>
          <ns3:TrackPointExtension>
            <ns3:hr>164</ns3:hr>
            <ns3:cad>94</ns3:cad>
          </ns3:TrackPointExtension>
        </extensions>
      </trkpt>
      <trkpt lat="30.7487628422677516937255859375" lon="108.44827190972864627838134765625">
        <ele>448</ele>
        <time>2026-07-24T14:25:02.000Z</time>
        <extensions>
          <ns3:TrackPointExtension>
            <ns3:hr>165</ns3:hr>
            <ns3:cad>94</ns3:cad>
          </ns3:TrackPointExtension>
        </extensions>
      </trkpt>
      <trkpt lat="30.748759321868419647216796875" lon="108.44829571433365345001220703125">
        <ele>448</ele>
        <time>2026-07-24T14:25:03.000Z</time>
        <extensions>
          <ns3:TrackPointExtension>
            <ns3:hr>164</ns3:hr>
            <ns3:cad>93</ns3:cad>
          </ns3:TrackPointExtension>
        </extensions>
      </trkpt>
      <trkpt lat="30.74876024387776851654052734375" lon="108.44831331633031368255615234375">
        <ele>448</ele>
        <time>2026-07-24T14:25:04.000Z</time>
        <extensions>
          <ns3:TrackPointExtension>
            <ns3:hr>164</ns3:hr>
            <ns3:cad>93</ns3:cad>
          </ns3:TrackPointExtension>
        </extensions>
      </trkpt>
      <trkpt lat="30.7487601600587368011474609375" lon="108.44834114424884319305419921875">
        <ele>448.20001220703125</ele>
        <time>2026-07-24T14:25:05.000Z</time>
        <extensions>
          <ns3:TrackPointExtension>
            <ns3:hr>165</ns3:hr>
            <ns3:cad>93</ns3:cad>
          </ns3:TrackPointExtension>
        </extensions>
      </trkpt>
      <trkpt lat="30.74876443482935428619384765625" lon="108.44836243428289890289306640625">
        <ele>448.20001220703125</ele>
        <time>2026-07-24T14:25:06.000Z</time>
        <extensions>
          <ns3:TrackPointExtension>
            <ns3:hr>165</ns3:hr>
            <ns3:cad>93</ns3:cad>
          </ns3:TrackPointExtension>
        </extensions>
      </trkpt>
      <trkpt lat="30.7487658597528934478759765625" lon="108.44839227385818958282470703125">
        <ele>448.399993896484375</ele>
        <time>2026-07-24T14:25:07.000Z</time>
        <extensions>
          <ns3:TrackPointExtension>
            <ns3:hr>165</ns3:hr>
            <ns3:cad>92</ns3:cad>
          </ns3:TrackPointExtension>
        </extensions>
      </trkpt>
      <trkpt lat="30.7487715594470500946044921875" lon="108.448413647711277008056640625">
        <ele>448.399993896484375</ele>
        <time>2026-07-24T14:25:08.000Z</time>
        <extensions>
          <ns3:TrackPointExtension>
            <ns3:hr>164</ns3:hr>
            <ns3:cad>92</ns3:cad>
          </ns3:TrackPointExtension>
        </extensions>
      </trkpt>
      <trkpt lat="30.748766697943210601806640625" lon="108.44843812286853790283203125">
        <ele>448.600006103515625</ele>
        <time>2026-07-24T14:25:09.000Z</time>
        <extensions>
          <ns3:TrackPointExtension>
            <ns3:hr>165</ns3:hr>
            <ns3:cad>92</ns3:cad>
          </ns3:TrackPointExtension>
        </extensions>
      </trkpt>
      <trkpt lat="30.74876032769680023193359375" lon="108.44845580868422985076904296875">
        <ele>448.600006103515625</ele>
        <time>2026-07-24T14:25:10.000Z</time>
        <extensions>
          <ns3:TrackPointExtension>
            <ns3:hr>165</ns3:hr>
            <ns3:cad>92</ns3:cad>
          </ns3:TrackPointExtension>
        </extensions>
      </trkpt>
      <trkpt lat="30.7487544603645801544189453125" lon="108.44848279841244220733642578125">
        <ele>448.600006103515625</ele>
        <time>2026-07-24T14:25:11.000Z</time>
        <extensions>
          <ns3:TrackPointExtension>
            <ns3:hr>165</ns3:hr>
            <ns3:cad>92</ns3:cad>
          </ns3:TrackPointExtension>
        </extensions>
      </trkpt>
      <trkpt lat="30.7487517781555652618408203125" lon="108.44850777648389339447021484375">
        <ele>448.600006103515625</ele>
        <time>2026-07-24T14:25:12.000Z</time>
        <extensions>
          <ns3:TrackPointExtension>
            <ns3:hr>165</ns3:hr>
            <ns3:cad>92</ns3:cad>
          </ns3:TrackPointExtension>
        </extensions>
      </trkpt>
      <trkpt lat="30.748749934136867523193359375" lon="108.4485321678221225738525390625">
        <ele>448.79998779296875</ele>
        <time>2026-07-24T14:25:13.000Z</time>
        <extensions>
          <ns3:TrackPointExtension>
            <ns3:hr>166</ns3:hr>
            <ns3:cad>93</ns3:cad>
          </ns3:TrackPointExtension>
        </extensions>
      </trkpt>
      <trkpt lat="30.748750604689121246337890625" lon="108.44855588860809803009033203125">
        <ele>448.79998779296875</ele>
        <time>2026-07-24T14:25:14.000Z</time>
        <extensions>
          <ns3:TrackPointExtension>
            <ns3:hr>166</ns3:hr>
            <ns3:cad>93</ns3:cad>
          </ns3:TrackPointExtension>
        </extensions>
      </trkpt>
      <trkpt lat="30.74875437654554843902587890625" lon="108.4485767595469951629638671875">
        <ele>448.79998779296875</ele>
        <time>2026-07-24T14:25:15.000Z</time>
        <extensions>
          <ns3:TrackPointExtension>
            <ns3:hr>166</ns3:hr>
            <ns3:cad>93</ns3:cad>
          </ns3:TrackPointExtension>
        </extensions>
      </trkpt>
      <trkpt lat="30.74875471182167530059814453125" lon="108.4486032463610172271728515625">
        <ele>448.79998779296875</ele>
        <time>2026-07-24T14:25:16.000Z</time>
        <extensions>
          <ns3:TrackPointExtension>
            <ns3:hr>166</ns3:hr>
            <ns3:cad>93</ns3:cad>
          </ns3:TrackPointExtension>
        </extensions>
      </trkpt>
      <trkpt lat="30.74875487945973873138427734375" lon="108.44862713478505611419677734375">
        <ele>448.79998779296875</ele>
        <time>2026-07-24T14:25:17.000Z</time>
        <extensions>
          <ns3:TrackPointExtension>
            <ns3:hr>166</ns3:hr>
            <ns3:cad>93</ns3:cad>
          </ns3:TrackPointExtension>
        </extensions>
      </trkpt>
      <trkpt lat="30.74874951504170894622802734375" lon="108.448649682104587554931640625">
        <ele>448.79998779296875</ele>
        <time>2026-07-24T14:25:18.000Z</time>
        <extensions>
          <ns3:TrackPointExtension>
            <ns3:hr>166</ns3:hr>
            <ns3:cad>93</ns3:cad>
          </ns3:TrackPointExtension>
        </extensions>
      </trkpt>
      <trkpt lat="30.7487460784614086151123046875" lon="108.44866820611059665679931640625">
        <ele>448.79998779296875</ele>
        <time>2026-07-24T14:25:19.000Z</time>
        <extensions>
          <ns3:TrackPointExtension>
            <ns3:hr>166</ns3:hr>
            <ns3:cad>93</ns3:cad>
          </ns3:TrackPointExtension>
        </extensions>
      </trkpt>
      <trkpt lat="30.74874029494822025299072265625" lon="108.44869318418204784393310546875">
        <ele>449</ele>
        <time>2026-07-24T14:25:20.000Z</time>
        <extensions>
          <ns3:TrackPointExtension>
            <ns3:hr>166</ns3:hr>
            <ns3:cad>93</ns3:cad>
          </ns3:TrackPointExtension>
        </extensions>
      </trkpt>
      <trkpt lat="30.748739205300807952880859375" lon="108.44871615059673786163330078125">
        <ele>449</ele>
        <time>2026-07-24T14:25:21.000Z</time>
        <extensions>
          <ns3:TrackPointExtension>
            <ns3:hr>167</ns3:hr>
            <ns3:cad>93</ns3:cad>
          </ns3:TrackPointExtension>
        </extensions>
      </trkpt>
      <trkpt lat="30.74873560108244419097900390625" lon="108.448739536106586456298828125">
        <ele>449</ele>
        <time>2026-07-24T14:25:22.000Z</time>
        <extensions>
          <ns3:TrackPointExtension>
            <ns3:hr>167</ns3:hr>
            <ns3:cad>92</ns3:cad>
          </ns3:TrackPointExtension>
        </extensions>
      </trkpt>
      <trkpt lat="30.7487330026924610137939453125" lon="108.448760993778705596923828125">
        <ele>449.20001220703125</ele>
        <time>2026-07-24T14:25:23.000Z</time>
        <extensions>
          <ns3:TrackPointExtension>
            <ns3:hr>167</ns3:hr>
            <ns3:cad>91</ns3:cad>
          </ns3:TrackPointExtension>
        </extensions>
      </trkpt>
      <trkpt lat="30.7487273029983043670654296875" lon="108.44878387637436389923095703125">
        <ele>449.20001220703125</ele>
        <time>2026-07-24T14:25:24.000Z</time>
        <extensions>
          <ns3:TrackPointExtension>
            <ns3:hr>167</ns3:hr>
            <ns3:cad>91</ns3:cad>
          </ns3:TrackPointExtension>
        </extensions>
      </trkpt>
      <trkpt lat="30.748728811740875244140625" lon="108.448804579675197601318359375">
        <ele>449.20001220703125</ele>
        <time>2026-07-24T14:25:25.000Z</time>
        <extensions>
          <ns3:TrackPointExtension>
            <ns3:hr>167</ns3:hr>
            <ns3:cad>91</ns3:cad>
          </ns3:TrackPointExtension>
        </extensions>
      </trkpt>
      <trkpt lat="30.74872638098895549774169921875" lon="108.44882779754698276519775390625">
        <ele>449.399993896484375</ele>
        <time>2026-07-24T14:25:26.000Z</time>
        <extensions>
          <ns3:TrackPointExtension>
            <ns3:hr>167</ns3:hr>
            <ns3:cad>91</ns3:cad>
          </ns3:TrackPointExtension>
        </extensions>
      </trkpt>
      <trkpt lat="30.74872688390314579010009765625" lon="108.44884439371526241302490234375">
        <ele>449.399993896484375</ele>
        <time>2026-07-24T14:25:27.000Z</time>
        <extensions>
          <ns3:TrackPointExtension>
            <ns3:hr>167</ns3:hr>
            <ns3:cad>91</ns3:cad>
          </ns3:TrackPointExtension>
        </extensions>
      </trkpt>
      <trkpt lat="30.74872856028378009796142578125" lon="108.448863923549652099609375">
        <ele>449.399993896484375</ele>
        <time>2026-07-24T14:25:28.000Z</time>
        <extensions>
          <ns3:TrackPointExtension>
            <ns3:hr>167</ns3:hr>
            <ns3:cad>91</ns3:cad>
          </ns3:TrackPointExtension>
        </extensions>
      </trkpt>
      <trkpt lat="30.7487279735505580902099609375" lon="108.44888227991759777069091796875">
        <ele>449.600006103515625</ele>
        <time>2026-07-24T14:25:29.000Z</time>
        <extensions>
          <ns3:TrackPointExtension>
            <ns3:hr>167</ns3:hr>
            <ns3:cad>91</ns3:cad>
          </ns3:TrackPointExtension>
        </extensions>
      </trkpt>
      <trkpt lat="30.7487239502370357513427734375" lon="108.44889954663813114166259765625">
        <ele>449.600006103515625</ele>
        <time>2026-07-24T14:25:30.000Z</time>
        <extensions>
          <ns3:TrackPointExtension>
            <ns3:hr>167</ns3:hr>
            <ns3:cad>92</ns3:cad>
          </ns3:TrackPointExtension>
        </extensions>
      </trkpt>
      <trkpt lat="30.74872101657092571258544921875" lon="108.448921926319599151611328125">
        <ele>449.79998779296875</ele>
        <time>2026-07-24T14:25:31.000Z</time>
        <extensions>
          <ns3:TrackPointExtension>
            <ns3:hr>167</ns3:hr>
            <ns3:cad>92</ns3:cad>
          </ns3:TrackPointExtension>
        </extensions>
      </trkpt>
      <trkpt lat="30.748723112046718597412109375" lon="108.44894112087786197662353515625">
        <ele>449.79998779296875</ele>
        <time>2026-07-24T14:25:32.000Z</time>
        <extensions>
          <ns3:TrackPointExtension>
            <ns3:hr>168</ns3:hr>
            <ns3:cad>92</ns3:cad>
          </ns3:TrackPointExtension>
        </extensions>
      </trkpt>
      <trkpt lat="30.7487262971699237823486328125" lon="108.4489640034735202789306640625">
        <ele>450</ele>
        <time>2026-07-24T14:25:33.000Z</time>
        <extensions>
          <ns3:TrackPointExtension>
            <ns3:hr>168</ns3:hr>
            <ns3:cad>93</ns3:cad>
          </ns3:TrackPointExtension>
        </extensions>
      </trkpt>
      <trkpt lat="30.74872621335089206695556640625" lon="108.44898671843111515045166015625">
        <ele>450</ele>
        <time>2026-07-24T14:25:34.000Z</time>
        <extensions>
          <ns3:TrackPointExtension>
            <ns3:hr>168</ns3:hr>
            <ns3:cad>93</ns3:cad>
          </ns3:TrackPointExtension>
        </extensions>
      </trkpt>
      <trkpt lat="30.74871967546641826629638671875" lon="108.44901789911091327667236328125">
        <ele>450.20001220703125</ele>
        <time>2026-07-24T14:25:35.000Z</time>
        <extensions>
          <ns3:TrackPointExtension>
            <ns3:hr>168</ns3:hr>
            <ns3:cad>92</ns3:cad>
          </ns3:TrackPointExtension>
        </extensions>
      </trkpt>
      <trkpt lat="30.7487182505428791046142578125" lon="108.44904606230556964874267578125">
        <ele>450.399993896484375</ele>
        <time>2026-07-24T14:25:36.000Z</time>
        <extensions>
          <ns3:TrackPointExtension>
            <ns3:hr>169</ns3:hr>
            <ns3:cad>92</ns3:cad>
          </ns3:TrackPointExtension>
        </extensions>
      </trkpt>
      <trkpt lat="30.74871732853353023529052734375" lon="108.449069447815418243408203125">
        <ele>450.399993896484375</ele>
        <time>2026-07-24T14:25:37.000Z</time>
        <extensions>
          <ns3:TrackPointExtension>
            <ns3:hr>169</ns3:hr>
            <ns3:cad>92</ns3:cad>
          </ns3:TrackPointExtension>
        </extensions>
      </trkpt>
      <trkpt lat="30.7487199269235134124755859375" lon="108.44909383915364742279052734375">
        <ele>450.600006103515625</ele>
        <time>2026-07-24T14:25:38.000Z</time>
        <extensions>
          <ns3:TrackPointExtension>
            <ns3:hr>169</ns3:hr>
            <ns3:cad>93</ns3:cad>
          </ns3:TrackPointExtension>
        </extensions>
      </trkpt>
      <trkpt lat="30.74872151948511600494384765625" lon="108.44911915250122547149658203125">
        <ele>450.600006103515625</ele>
        <time>2026-07-24T14:25:39.000Z</time>
        <extensions>
          <ns3:TrackPointExtension>
            <ns3:hr>169</ns3:hr>
            <ns3:cad>93</ns3:cad>
          </ns3:TrackPointExtension>
        </extensions>
      </trkpt>
      <trkpt lat="30.748729147017002105712890625" lon="108.4491393528878688812255859375">
        <ele>450.600006103515625</ele>
        <time>2026-07-24T14:25:40.000Z</time>
        <extensions>
          <ns3:TrackPointExtension>
            <ns3:hr>170</ns3:hr>
            <ns3:cad>93</ns3:cad>
          </ns3:TrackPointExtension>
        </extensions>
      </trkpt>
      <trkpt lat="30.7487433962523937225341796875" lon="108.44915695488452911376953125">
        <ele>450.600006103515625</ele>
        <time>2026-07-24T14:25:41.000Z</time>
        <extensions>
          <ns3:TrackPointExtension>
            <ns3:hr>170</ns3:hr>
            <ns3:cad>93</ns3:cad>
          </ns3:TrackPointExtension>
        </extensions>
      </trkpt>
      <trkpt lat="30.7487584836781024932861328125" lon="108.44917128793895244598388671875">
        <ele>450.79998779296875</ele>
        <time>2026-07-24T14:25:42.000Z</time>
        <extensions>
          <ns3:TrackPointExtension>
            <ns3:hr>170</ns3:hr>
            <ns3:cad>93</ns3:cad>
          </ns3:TrackPointExtension>
        </extensions>
      </trkpt>
      <trkpt lat="30.748777091503143310546875" lon="108.4491790831089019775390625">
        <ele>450.79998779296875</ele>
        <time>2026-07-24T14:25:43.000Z</time>
        <extensions>
          <ns3:TrackPointExtension>
            <ns3:hr>170</ns3:hr>
            <ns3:cad>93</ns3:cad>
          </ns3:TrackPointExtension>
        </extensions>
      </trkpt>
      <trkpt lat="30.74879427440464496612548828125" lon="108.44918536953628063201904296875">
        <ele>450.79998779296875</ele>
        <time>2026-07-24T14:25:44.000Z</time>
        <extensions>
          <ns3:TrackPointExtension>
            <ns3:hr>171</ns3:hr>
            <ns3:cad>91</ns3:cad>
          </ns3:TrackPointExtension>
        </extensions>
      </trkpt>
      <trkpt lat="30.7488117925822734832763671875" lon="108.44918117858469486236572265625">
        <ele>451</ele>
        <time>2026-07-24T14:25:45.000Z</time>
        <extensions>
          <ns3:TrackPointExtension>
            <ns3:hr>171</ns3:hr>
            <ns3:cad>91</ns3:cad>
          </ns3:TrackPointExtension>
        </extensions>
      </trkpt>
      <trkpt lat="30.74883869849145412445068359375" lon="108.44918319024145603179931640625">
        <ele>451</ele>
        <time>2026-07-24T14:25:46.000Z</time>
        <extensions>
          <ns3:TrackPointExtension>
            <ns3:hr>172</ns3:hr>
            <ns3:cad>91</ns3:cad>
          </ns3:TrackPointExtension>
        </extensions>
      </trkpt>
      <trkpt lat="30.74885814450681209564208984375" lon="108.44918218441307544708251953125">
        <ele>451.20001220703125</ele>
        <time>2026-07-24T14:25:47.000Z</time>
        <extensions>
          <ns3:TrackPointExtension>
            <ns3:hr>172</ns3:hr>
            <ns3:cad>94</ns3:cad>
          </ns3:TrackPointExtension>
        </extensions>
      </trkpt>
      <trkpt lat="30.74888429604470729827880859375" lon="108.4491826035082340240478515625">
        <ele>451.20001220703125</ele>
        <time>2026-07-24T14:25:48.000Z</time>
        <extensions>
          <ns3:TrackPointExtension>
            <ns3:hr>172</ns3:hr>
            <ns3:cad>94</ns3:cad>
          </ns3:TrackPointExtension>
        </extensions>
      </trkpt>
      <trkpt lat="30.74890374206006526947021484375" lon="108.44918067567050457000732421875">
        <ele>451.399993896484375</ele>
        <time>2026-07-24T14:25:49.000Z</time>
        <extensions>
          <ns3:TrackPointExtension>
            <ns3:hr>172</ns3:hr>
            <ns3:cad>95</ns3:cad>
          </ns3:TrackPointExtension>
        </extensions>
      </trkpt>
      <trkpt lat="30.74892587028443813323974609375" lon="108.44918117858469486236572265625">
        <ele>451.600006103515625</ele>
        <time>2026-07-24T14:25:50.000Z</time>
        <extensions>
          <ns3:TrackPointExtension>
            <ns3:hr>172</ns3:hr>
            <ns3:cad>95</ns3:cad>
          </ns3:TrackPointExtension>
        </extensions>
      </trkpt>
      <trkpt lat="30.748947076499462127685546875" lon="108.449182100594043731689453125">
        <ele>451.600006103515625</ele>
        <time>2026-07-24T14:25:51.000Z</time>
        <extensions>
          <ns3:TrackPointExtension>
            <ns3:hr>173</ns3:hr>
            <ns3:cad>94</ns3:cad>
          </ns3:TrackPointExtension>
        </extensions>
      </trkpt>
      <trkpt lat="30.74897381477057933807373046875" lon="108.4491889737546443939208984375">
        <ele>451.600006103515625</ele>
        <time>2026-07-24T14:25:52.000Z</time>
        <extensions>
          <ns3:TrackPointExtension>
            <ns3:hr>173</ns3:hr>
            <ns3:cad>92</ns3:cad>
          </ns3:TrackPointExtension>
        </extensions>
      </trkpt>
      <trkpt lat="30.74899896048009395599365234375" lon="108.4491876326501369476318359375">
        <ele>451.600006103515625</ele>
        <time>2026-07-24T14:25:53.000Z</time>
        <extensions>
          <ns3:TrackPointExtension>
            <ns3:hr>173</ns3:hr>
            <ns3:cad>92</ns3:cad>
          </ns3:TrackPointExtension>
        </extensions>
      </trkpt>
      <trkpt lat="30.749017484486103057861328125" lon="108.44919660128653049468994140625">
        <ele>451.79998779296875</ele>
        <time>2026-07-24T14:25:54.000Z</time>
        <extensions>
          <ns3:TrackPointExtension>
            <ns3:hr>174</ns3:hr>
            <ns3:cad>92</ns3:cad>
          </ns3:TrackPointExtension>
        </extensions>
      </trkpt>
      <trkpt lat="30.74904330074787139892578125" lon="108.4492047317326068878173828125">
        <ele>451.79998779296875</ele>
        <time>2026-07-24T14:25:55.000Z</time>
        <extensions>
          <ns3:TrackPointExtension>
            <ns3:hr>174</ns3:hr>
            <ns3:cad>93</ns3:cad>
          </ns3:TrackPointExtension>
        </extensions>
      </trkpt>
      <trkpt lat="30.7490588910877704620361328125" lon="108.4492171369493007659912109375">
        <ele>451.79998779296875</ele>
        <time>2026-07-24T14:25:56.000Z</time>
        <extensions>
          <ns3:TrackPointExtension>
            <ns3:hr>174</ns3:hr>
            <ns3:cad>92</ns3:cad>
          </ns3:TrackPointExtension>
        </extensions>
      </trkpt>
      <trkpt lat="30.74906853027641773223876953125" lon="108.449239768087863922119140625">
        <ele>452</ele>
        <time>2026-07-24T14:25:57.000Z</time>
        <extensions>
          <ns3:TrackPointExtension>
            <ns3:hr>174</ns3:hr>
            <ns3:cad>91</ns3:cad>
          </ns3:TrackPointExtension>
        </extensions>
      </trkpt>
      <trkpt lat="30.74907481670379638671875" lon="108.4492560289800167083740234375">
        <ele>452</ele>
        <time>2026-07-24T14:25:58.000Z</time>
        <extensions>
          <ns3:TrackPointExtension>
            <ns3:hr>174</ns3:hr>
            <ns3:cad>91</ns3:cad>
          </ns3:TrackPointExtension>
        </extensions>
      </trkpt>
      <trkpt lat="30.74907942675054073333740234375" lon="108.4492855332791805267333984375">
        <ele>452</ele>
        <time>2026-07-24T14:25:59.000Z</time>
        <extensions>
          <ns3:TrackPointExtension>
            <ns3:hr>173</ns3:hr>
            <ns3:cad>91</ns3:cad>
          </ns3:TrackPointExtension>
        </extensions>
      </trkpt>
      <trkpt lat="30.7490816898643970489501953125" lon="108.449308164417743682861328125">
        <ele>452</ele>
        <time>2026-07-24T14:26:00.000Z</time>
        <extensions>
          <ns3:TrackPointExtension>
            <ns3:hr>174</ns3:hr>
            <ns3:cad>91</ns3:cad>
          </ns3:TrackPointExtension>
        </extensions>
      </trkpt>
      <trkpt lat="30.749081857502460479736328125" lon="108.44933641143143177032470703125">
        <ele>452.20001220703125</ele>
        <time>2026-07-24T14:26:01.000Z</time>
        <extensions>
          <ns3:TrackPointExtension>
            <ns3:hr>173</ns3:hr>
            <ns3:cad>92</ns3:cad>
          </ns3:TrackPointExtension>
        </extensions>
      </trkpt>
      <trkpt lat="30.74908277951180934906005859375" lon="108.44936189241707324981689453125">
        <ele>452.20001220703125</ele>
        <time>2026-07-24T14:26:02.000Z</time>
        <extensions>
          <ns3:TrackPointExtension>
            <ns3:hr>173</ns3:hr>
            <ns3:cad>92</ns3:cad>
          </ns3:TrackPointExtension>
        </extensions>
      </trkpt>
      <trkpt lat="30.7490800134837627410888671875" lon="108.4493914805352687835693359375">
        <ele>452</ele>
        <time>2026-07-24T14:26:03.000Z</time>
        <extensions>
          <ns3:TrackPointExtension>
            <ns3:hr>172</ns3:hr>
            <ns3:cad>92</ns3:cad>
          </ns3:TrackPointExtension>
        </extensions>
      </trkpt>
      <trkpt lat="30.74907875619828701019287109375" lon="108.44941687770187854766845703125">
        <ele>452</ele>
        <time>2026-07-24T14:26:04.000Z</time>
        <extensions>
          <ns3:TrackPointExtension>
            <ns3:hr>171</ns3:hr>
            <ns3:cad>91</ns3:cad>
          </ns3:TrackPointExtension>
        </extensions>
      </trkpt>
      <trkpt lat="30.7490769959986209869384765625" lon="108.4494431130588054656982421875">
        <ele>452.20001220703125</ele>
        <time>2026-07-24T14:26:05.000Z</time>
        <extensions>
          <ns3:TrackPointExtension>
            <ns3:hr>171</ns3:hr>
            <ns3:cad>91</ns3:cad>
          </ns3:TrackPointExtension>
        </extensions>
      </trkpt>
      <trkpt lat="30.74908043257892131805419921875" lon="108.449462391436100006103515625">
        <ele>452.20001220703125</ele>
        <time>2026-07-24T14:26:06.000Z</time>
        <extensions>
          <ns3:TrackPointExtension>
            <ns3:hr>170</ns3:hr>
            <ns3:cad>91</ns3:cad>
          </ns3:TrackPointExtension>
        </extensions>
      </trkpt>
      <trkpt lat="30.7490820251405239105224609375" lon="108.4494848549365997314453125">
        <ele>452.20001220703125</ele>
        <time>2026-07-24T14:26:07.000Z</time>
        <extensions>
          <ns3:TrackPointExtension>
            <ns3:hr>170</ns3:hr>
            <ns3:cad>92</ns3:cad>
          </ns3:TrackPointExtension>
        </extensions>
      </trkpt>
      <trkpt lat="30.74908311478793621063232421875" lon="108.449502624571323394775390625">
        <ele>452.20001220703125</ele>
        <time>2026-07-24T14:26:08.000Z</time>
        <extensions>
          <ns3:TrackPointExtension>
            <ns3:hr>170</ns3:hr>
            <ns3:cad>92</ns3:cad>
          </ns3:TrackPointExtension>
        </extensions>
      </trkpt>
      <trkpt lat="30.74908361770212650299072265625" lon="108.44952307641506195068359375">
        <ele>452.20001220703125</ele>
        <time>2026-07-24T14:26:09.000Z</time>
        <extensions>
          <ns3:TrackPointExtension>
            <ns3:hr>169</ns3:hr>
            <ns3:cad>92</ns3:cad>
          </ns3:TrackPointExtension>
        </extensions>
      </trkpt>
      <trkpt lat="30.7490833662450313568115234375" lon="108.44954730011522769927978515625">
        <ele>452.20001220703125</ele>
        <time>2026-07-24T14:26:10.000Z</time>
        <extensions>
          <ns3:TrackPointExtension>
            <ns3:hr>169</ns3:hr>
            <ns3:cad>92</ns3:cad>
          </ns3:TrackPointExtension>
        </extensions>
      </trkpt>
      <trkpt lat="30.74908076785504817962646484375" lon="108.44956733286380767822265625">
        <ele>452.20001220703125</ele>
        <time>2026-07-24T14:26:11.000Z</time>
        <extensions>
          <ns3:TrackPointExtension>
            <ns3:hr>169</ns3:hr>
            <ns3:cad>92</ns3:cad>
          </ns3:TrackPointExtension>
        </extensions>
      </trkpt>
      <trkpt lat="30.74907791800796985626220703125" lon="108.44959239475429058074951171875">
        <ele>452.20001220703125</ele>
        <time>2026-07-24T14:26:12.000Z</time>
        <extensions>
          <ns3:TrackPointExtension>
            <ns3:hr>169</ns3:hr>
            <ns3:cad>91</ns3:cad>
          </ns3:TrackPointExtension>
        </extensions>
      </trkpt>
      <trkpt lat="30.74907976202666759490966796875" lon="108.4496164508163928985595703125">
        <ele>452.20001220703125</ele>
        <time>2026-07-24T14:26:13.000Z</time>
        <extensions>
          <ns3:TrackPointExtension>
            <ns3:hr>169</ns3:hr>
            <ns3:cad>91</ns3:cad>
          </ns3:TrackPointExtension>
        </extensions>
      </trkpt>
      <trkpt lat="30.74908026494085788726806640625" lon="108.44964352436363697052001953125">
        <ele>452.20001220703125</ele>
        <time>2026-07-24T14:26:14.000Z</time>
        <extensions>
          <ns3:TrackPointExtension>
            <ns3:hr>169</ns3:hr>
            <ns3:cad>91</ns3:cad>
          </ns3:TrackPointExtension>
        </extensions>
      </trkpt>
      <trkpt lat="30.7490843720734119415283203125" lon="108.44966464675962924957275390625">
        <ele>452.20001220703125</ele>
        <time>2026-07-24T14:26:15.000Z</time>
        <extensions>
          <ns3:TrackPointExtension>
            <ns3:hr>169</ns3:hr>
            <ns3:cad>94</ns3:cad>
          </ns3:TrackPointExtension>
        </extensions>
      </trkpt>
      <trkpt lat="30.749079845845699310302734375" lon="108.4496922232210636138916015625">
        <ele>452.20001220703125</ele>
        <time>2026-07-24T14:26:16.000Z</time>
        <extensions>
          <ns3:TrackPointExtension>
            <ns3:hr>169</ns3:hr>
            <ns3:cad>94</ns3:cad>
          </ns3:TrackPointExtension>
        </extensions>
      </trkpt>
      <trkpt lat="30.74907892383635044097900390625" lon="108.4497173689305782318115234375">
        <ele>452.20001220703125</ele>
        <time>2026-07-24T14:26:17.000Z</time>
        <extensions>
          <ns3:TrackPointExtension>
            <ns3:hr>168</ns3:hr>
            <ns3:cad>94</ns3:cad>
          </ns3:TrackPointExtension>
        </extensions>
      </trkpt>
      <trkpt lat="30.74907808564603328704833984375" lon="108.44974410720169544219970703125">
        <ele>452.20001220703125</ele>
        <time>2026-07-24T14:26:18.000Z</time>
        <extensions>
          <ns3:TrackPointExtension>
            <ns3:hr>169</ns3:hr>
            <ns3:cad>93</ns3:cad>
          </ns3:TrackPointExtension>
        </extensions>
      </trkpt>
      <trkpt lat="30.74907909147441387176513671875" lon="108.4497706778347492218017578125">
        <ele>452.20001220703125</ele>
        <time>2026-07-24T14:26:19.000Z</time>
        <extensions>
          <ns3:TrackPointExtension>
            <ns3:hr>169</ns3:hr>
            <ns3:cad>92</ns3:cad>
          </ns3:TrackPointExtension>
        </extensions>
      </trkpt>
      <trkpt lat="30.7490793429315090179443359375" lon="108.4497934766113758087158203125">
        <ele>452.20001220703125</ele>
        <time>2026-07-24T14:26:20.000Z</time>
        <extensions>
          <ns3:TrackPointExtension>
            <ns3:hr>168</ns3:hr>
            <ns3:cad>92</ns3:cad>
          </ns3:TrackPointExtension>
        </extensions>
      </trkpt>
      <trkpt lat="30.74907481670379638671875" lon="108.44981946051120758056640625">
        <ele>452.20001220703125</ele>
        <time>2026-07-24T14:26:21.000Z</time>
        <extensions>
          <ns3:TrackPointExtension>
            <ns3:hr>169</ns3:hr>
            <ns3:cad>92</ns3:cad>
          </ns3:TrackPointExtension>
        </extensions>
      </trkpt>
      <trkpt lat="30.749074481427669525146484375" lon="108.4498360566794872283935546875">
        <ele>452.20001220703125</ele>
        <time>2026-07-24T14:26:22.000Z</time>
        <extensions>
          <ns3:TrackPointExtension>
            <ns3:hr>169</ns3:hr>
            <ns3:cad>92</ns3:cad>
          </ns3:TrackPointExtension>
        </extensions>
      </trkpt>
      <trkpt lat="30.74907473288476467132568359375" lon="108.44986732117831707000732421875">
        <ele>452.399993896484375</ele>
        <time>2026-07-24T14:26:23.000Z</time>
        <extensions>
          <ns3:TrackPointExtension>
            <ns3:hr>168</ns3:hr>
            <ns3:cad>92</ns3:cad>
          </ns3:TrackPointExtension>
        </extensions>
      </trkpt>
      <trkpt lat="30.74908177368342876434326171875" lon="108.44988374970853328704833984375">
        <ele>452.600006103515625</ele>
        <time>2026-07-24T14:26:24.000Z</time>
        <extensions>
          <ns3:TrackPointExtension>
            <ns3:hr>169</ns3:hr>
            <ns3:cad>93</ns3:cad>
          </ns3:TrackPointExtension>
        </extensions>
      </trkpt>
      <trkpt lat="30.7490920834243297576904296875" lon="108.44990671612322330474853515625">
        <ele>452.79998779296875</ele>
        <time>2026-07-24T14:26:25.000Z</time>
        <extensions>
          <ns3:TrackPointExtension>
            <ns3:hr>169</ns3:hr>
            <ns3:cad>93</ns3:cad>
          </ns3:TrackPointExtension>
        </extensions>
      </trkpt>
      <trkpt lat="30.7491028122603893280029296875" lon="108.44991995953023433685302734375">
        <ele>452.79998779296875</ele>
        <time>2026-07-24T14:26:26.000Z</time>
        <extensions>
          <ns3:TrackPointExtension>
            <ns3:hr>168</ns3:hr>
            <ns3:cad>92</ns3:cad>
          </ns3:TrackPointExtension>
        </extensions>
      </trkpt>
      <trkpt lat="30.749120078980922698974609375" lon="108.44993420876562595367431640625">
        <ele>452.79998779296875</ele>
        <time>2026-07-24T14:26:27.000Z</time>
        <extensions>
          <ns3:TrackPointExtension>
            <ns3:hr>168</ns3:hr>
            <ns3:cad>92</ns3:cad>
          </ns3:TrackPointExtension>
        </extensions>
      </trkpt>
      <trkpt lat="30.74913441203534603118896484375" lon="108.44993655569851398468017578125">
        <ele>453</ele>
        <time>2026-07-24T14:26:28.000Z</time>
        <extensions>
          <ns3:TrackPointExtension>
            <ns3:hr>168</ns3:hr>
            <ns3:cad>92</ns3:cad>
          </ns3:TrackPointExtension>
        </extensions>
      </trkpt>
      <trkpt lat="30.74914933182299137115478515625" lon="108.44993722625076770782470703125">
        <ele>453</ele>
        <time>2026-07-24T14:26:29.000Z</time>
        <extensions>
          <ns3:TrackPointExtension>
            <ns3:hr>169</ns3:hr>
            <ns3:cad>93</ns3:cad>
          </ns3:TrackPointExtension>
        </extensions>
      </trkpt>
      <trkpt lat="30.7491651736199855804443359375" lon="108.449935130774974822998046875">
        <ele>453.20001220703125</ele>
        <time>2026-07-24T14:26:30.000Z</time>
        <extensions>
          <ns3:TrackPointExtension>
            <ns3:hr>169</ns3:hr>
            <ns3:cad>93</ns3:cad>
          </ns3:TrackPointExtension>
        </extensions>
      </trkpt>
      <trkpt lat="30.74918679893016815185546875" lon="108.4499359689652919769287109375">
        <ele>453.20001220703125</ele>
        <time>2026-07-24T14:26:31.000Z</time>
        <extensions>
          <ns3:TrackPointExtension>
            <ns3:hr>169</ns3:hr>
            <ns3:cad>93</ns3:cad>
          </ns3:TrackPointExtension>
        </extensions>
      </trkpt>
      <trkpt lat="30.7492049038410186767578125" lon="108.4499379806220531463623046875">
        <ele>453.20001220703125</ele>
        <time>2026-07-24T14:26:32.000Z</time>
        <extensions>
          <ns3:TrackPointExtension>
            <ns3:hr>170</ns3:hr>
            <ns3:cad>93</ns3:cad>
          </ns3:TrackPointExtension>
        </extensions>
      </trkpt>
      <trkpt lat="30.74922476895153522491455078125" lon="108.44993605278432369232177734375">
        <ele>453.20001220703125</ele>
        <time>2026-07-24T14:26:33.000Z</time>
        <extensions>
          <ns3:TrackPointExtension>
            <ns3:hr>171</ns3:hr>
            <ns3:cad>93</ns3:cad>
          </ns3:TrackPointExtension>
        </extensions>
      </trkpt>
      <trkpt lat="30.7492456398904323577880859375" lon="108.44993823207914829254150390625">
        <ele>453.20001220703125</ele>
        <time>2026-07-24T14:26:34.000Z</time>
        <extensions>
          <ns3:TrackPointExtension>
            <ns3:hr>172</ns3:hr>
            <ns3:cad>93</ns3:cad>
          </ns3:TrackPointExtension>
        </extensions>
      </trkpt>
      <trkpt lat="30.74926667846739292144775390625" lon="108.4499379806220531463623046875">
        <ele>453.20001220703125</ele>
        <time>2026-07-24T14:26:35.000Z</time>
        <extensions>
          <ns3:TrackPointExtension>
            <ns3:hr>172</ns3:hr>
            <ns3:cad>93</ns3:cad>
          </ns3:TrackPointExtension>
        </extensions>
      </trkpt>
      <trkpt lat="30.7492902316153049468994140625" lon="108.44993957318365573883056640625">
        <ele>453.20001220703125</ele>
        <time>2026-07-24T14:26:36.000Z</time>
        <extensions>
          <ns3:TrackPointExtension>
            <ns3:hr>172</ns3:hr>
            <ns3:cad>93</ns3:cad>
          </ns3:TrackPointExtension>
        </extensions>
      </trkpt>
      <trkpt lat="30.74931127019226551055908203125" lon="108.4499381482601165771484375">
        <ele>453.399993896484375</ele>
        <time>2026-07-24T14:26:37.000Z</time>
        <extensions>
          <ns3:TrackPointExtension>
            <ns3:hr>172</ns3:hr>
            <ns3:cad>92</ns3:cad>
          </ns3:TrackPointExtension>
        </extensions>
      </trkpt>
      <trkpt lat="30.74933541007339954376220703125" lon="108.44993789680302143096923828125">
        <ele>453.20001220703125</ele>
        <time>2026-07-24T14:26:38.000Z</time>
        <extensions>
          <ns3:TrackPointExtension>
            <ns3:hr>171</ns3:hr>
            <ns3:cad>92</ns3:cad>
          </ns3:TrackPointExtension>
        </extensions>
      </trkpt>
      <trkpt lat="30.7493542693555355072021484375" lon="108.44993588514626026153564453125">
        <ele>453.399993896484375</ele>
        <time>2026-07-24T14:26:39.000Z</time>
        <extensions>
          <ns3:TrackPointExtension>
            <ns3:hr>171</ns3:hr>
            <ns3:cad>93</ns3:cad>
          </ns3:TrackPointExtension>
        </extensions>
      </trkpt>
      <trkpt lat="30.74937664903700351715087890625" lon="108.44994015991687774658203125">
        <ele>453.399993896484375</ele>
        <time>2026-07-24T14:26:40.000Z</time>
        <extensions>
          <ns3:TrackPointExtension>
            <ns3:hr>171</ns3:hr>
            <ns3:cad>93</ns3:cad>
          </ns3:TrackPointExtension>
        </extensions>
      </trkpt>
      <trkpt lat="30.74939508922398090362548828125" lon="108.4499359689652919769287109375">
        <ele>453.399993896484375</ele>
        <time>2026-07-24T14:26:41.000Z</time>
        <extensions>
          <ns3:TrackPointExtension>
            <ns3:hr>172</ns3:hr>
            <ns3:cad>93</ns3:cad>
          </ns3:TrackPointExtension>
        </extensions>
      </trkpt>
      <trkpt lat="30.74941612780094146728515625" lon="108.44993169419467449188232421875">
        <ele>453.399993896484375</ele>
        <time>2026-07-24T14:26:42.000Z</time>
        <extensions>
          <ns3:TrackPointExtension>
            <ns3:hr>172</ns3:hr>
            <ns3:cad>93</ns3:cad>
          </ns3:TrackPointExtension>
        </extensions>
      </trkpt>
      <trkpt lat="30.74943087995052337646484375" lon="108.4499301016330718994140625">
        <ele>453.20001220703125</ele>
        <time>2026-07-24T14:26:43.000Z</time>
        <extensions>
          <ns3:TrackPointExtension>
            <ns3:hr>172</ns3:hr>
            <ns3:cad>93</ns3:cad>
          </ns3:TrackPointExtension>
        </extensions>
      </trkpt>
      <trkpt lat="30.74944688938558101654052734375" lon="108.4499316103756427764892578125">
        <ele>453.20001220703125</ele>
        <time>2026-07-24T14:26:44.000Z</time>
        <extensions>
          <ns3:TrackPointExtension>
            <ns3:hr>171</ns3:hr>
            <ns3:cad>93</ns3:cad>
          </ns3:TrackPointExtension>
        </extensions>
      </trkpt>
      <trkpt lat="30.7494623959064483642578125" lon="108.44992783851921558380126953125">
        <ele>453.20001220703125</ele>
        <time>2026-07-24T14:26:45.000Z</time>
        <extensions>
          <ns3:TrackPointExtension>
            <ns3:hr>171</ns3:hr>
            <ns3:cad>92</ns3:cad>
          </ns3:TrackPointExtension>
        </extensions>
      </trkpt>
      <trkpt lat="30.7494736276566982269287109375" lon="108.44992398284375667572021484375">
        <ele>453</ele>
        <time>2026-07-24T14:26:46.000Z</time>
        <extensions>
          <ns3:TrackPointExtension>
            <ns3:hr>171</ns3:hr>
            <ns3:cad>92</ns3:cad>
          </ns3:TrackPointExtension>
        </extensions>
      </trkpt>
      <trkpt lat="30.74949181638658046722412109375" lon="108.44992406666278839111328125">
        <ele>453</ele>
        <time>2026-07-24T14:26:47.000Z</time>
        <extensions>
          <ns3:TrackPointExtension>
            <ns3:hr>172</ns3:hr>
            <ns3:cad>92</ns3:cad>
          </ns3:TrackPointExtension>
        </extensions>
      </trkpt>
      <trkpt lat="30.74950958602130413055419921875" lon="108.4499238990247249603271484375">
        <ele>453</ele>
        <time>2026-07-24T14:26:48.000Z</time>
        <extensions>
          <ns3:TrackPointExtension>
            <ns3:hr>171</ns3:hr>
            <ns3:cad>92</ns3:cad>
          </ns3:TrackPointExtension>
        </extensions>
      </trkpt>
      <trkpt lat="30.7495336420834064483642578125" lon="108.4499289281666278839111328125">
        <ele>453</ele>
        <time>2026-07-24T14:26:49.000Z</time>
        <extensions>
          <ns3:TrackPointExtension>
            <ns3:hr>171</ns3:hr>
            <ns3:cad>92</ns3:cad>
          </ns3:TrackPointExtension>
        </extensions>
      </trkpt>
      <trkpt lat="30.7495509088039398193359375" lon="108.449931778013706207275390625">
        <ele>453.20001220703125</ele>
        <time>2026-07-24T14:26:50.000Z</time>
        <extensions>
          <ns3:TrackPointExtension>
            <ns3:hr>171</ns3:hr>
            <ns3:cad>92</ns3:cad>
          </ns3:TrackPointExtension>
        </extensions>
      </trkpt>
      <trkpt lat="30.7495782338082790374755859375" lon="108.44993353821337223052978515625">
        <ele>453.20001220703125</ele>
        <time>2026-07-24T14:26:51.000Z</time>
        <extensions>
          <ns3:TrackPointExtension>
            <ns3:hr>171</ns3:hr>
            <ns3:cad>93</ns3:cad>
          </ns3:TrackPointExtension>
        </extensions>
      </trkpt>
      <trkpt lat="30.74959591962397098541259765625" lon="108.44993387348949909210205078125">
        <ele>453.20001220703125</ele>
        <time>2026-07-24T14:26:52.000Z</time>
        <extensions>
          <ns3:TrackPointExtension>
            <ns3:hr>170</ns3:hr>
            <ns3:cad>93</ns3:cad>
          </ns3:TrackPointExtension>
        </extensions>
      </trkpt>
      <trkpt lat="30.74962039478123188018798828125" lon="108.44993638806045055389404296875">
        <ele>453.20001220703125</ele>
        <time>2026-07-24T14:26:53.000Z</time>
        <extensions>
          <ns3:TrackPointExtension>
            <ns3:hr>170</ns3:hr>
            <ns3:cad>92</ns3:cad>
          </ns3:TrackPointExtension>
        </extensions>
      </trkpt>
      <trkpt lat="30.74964285828173160552978515625" lon="108.449935801327228546142578125">
        <ele>453.399993896484375</ele>
        <time>2026-07-24T14:26:54.000Z</time>
        <extensions>
          <ns3:TrackPointExtension>
            <ns3:hr>169</ns3:hr>
            <ns3:cad>92</ns3:cad>
          </ns3:TrackPointExtension>
        </extensions>
      </trkpt>
      <trkpt lat="30.749662220478057861328125" lon="108.44993689097464084625244140625">
        <ele>453.399993896484375</ele>
        <time>2026-07-24T14:26:55.000Z</time>
        <extensions>
          <ns3:TrackPointExtension>
            <ns3:hr>169</ns3:hr>
            <ns3:cad>92</ns3:cad>
          </ns3:TrackPointExtension>
        </extensions>
      </trkpt>
      <trkpt lat="30.74968795292079448699951171875" lon="108.4499383158981800079345703125">
        <ele>453.399993896484375</ele>
        <time>2026-07-24T14:26:56.000Z</time>
        <extensions>
          <ns3:TrackPointExtension>
            <ns3:hr>168</ns3:hr>
            <ns3:cad>92</ns3:cad>
          </ns3:TrackPointExtension>
        </extensions>
      </trkpt>
      <trkpt lat="30.74970555491745471954345703125" lon="108.44993974082171916961669921875">
        <ele>453.399993896484375</ele>
        <time>2026-07-24T14:26:57.000Z</time>
        <extensions>
          <ns3:TrackPointExtension>
            <ns3:hr>168</ns3:hr>
            <ns3:cad>92</ns3:cad>
          </ns3:TrackPointExtension>
        </extensions>
      </trkpt>
      <trkpt lat="30.74973019771277904510498046875" lon="108.44993479549884796142578125">
        <ele>453.600006103515625</ele>
        <time>2026-07-24T14:26:58.000Z</time>
        <extensions>
          <ns3:TrackPointExtension>
            <ns3:hr>168</ns3:hr>
            <ns3:cad>92</ns3:cad>
          </ns3:TrackPointExtension>
        </extensions>
      </trkpt>
      <trkpt lat="30.7497505657374858856201171875" lon="108.4499312750995159149169921875">
        <ele>453.600006103515625</ele>
        <time>2026-07-24T14:26:59.000Z</time>
        <extensions>
          <ns3:TrackPointExtension>
            <ns3:hr>168</ns3:hr>
            <ns3:cad>93</ns3:cad>
          </ns3:TrackPointExtension>
        </extensions>
      </trkpt>
      <trkpt lat="30.74977881275117397308349609375" lon="108.4499292634427547454833984375">
        <ele>453.79998779296875</ele>
        <time>2026-07-24T14:27:00.000Z</time>
        <extensions>
          <ns3:TrackPointExtension>
            <ns3:hr>167</ns3:hr>
            <ns3:cad>94</ns3:cad>
          </ns3:TrackPointExtension>
        </extensions>
      </trkpt>
      <trkpt lat="30.749800018966197967529296875" lon="108.4499245695769786834716796875">
        <ele>453.79998779296875</ele>
        <time>2026-07-24T14:27:01.000Z</time>
        <extensions>
          <ns3:TrackPointExtension>
            <ns3:hr>167</ns3:hr>
            <ns3:cad>94</ns3:cad>
          </ns3:TrackPointExtension>
        </extensions>
      </trkpt>
      <trkpt lat="30.7498186267912387847900390625" lon="108.4499247372150421142578125">
        <ele>453.79998779296875</ele>
        <time>2026-07-24T14:27:02.000Z</time>
        <extensions>
          <ns3:TrackPointExtension>
            <ns3:hr>167</ns3:hr>
            <ns3:cad>92</ns3:cad>
          </ns3:TrackPointExtension>
        </extensions>
      </trkpt>
      <trkpt lat="30.74983455240726470947265625" lon="108.44991979189217090606689453125">
        <ele>453.79998779296875</ele>
        <time>2026-07-24T14:27:03.000Z</time>
        <extensions>
          <ns3:TrackPointExtension>
            <ns3:hr>168</ns3:hr>
            <ns3:cad>92</ns3:cad>
          </ns3:TrackPointExtension>
        </extensions>
      </trkpt>
      <trkpt lat="30.74985793791711330413818359375" lon="108.44991995953023433685302734375">
        <ele>454</ele>
        <time>2026-07-24T14:27:04.000Z</time>
        <extensions>
          <ns3:TrackPointExtension>
            <ns3:hr>168</ns3:hr>
            <ns3:cad>92</ns3:cad>
          </ns3:TrackPointExtension>
        </extensions>
      </trkpt>
      <trkpt lat="30.7498754560947418212890625" lon="108.44991333782672882080078125">
        <ele>454</ele>
        <time>2026-07-24T14:27:05.000Z</time>
        <extensions>
          <ns3:TrackPointExtension>
            <ns3:hr>167</ns3:hr>
            <ns3:cad>92</ns3:cad>
          </ns3:TrackPointExtension>
        </extensions>
      </trkpt>
      <trkpt lat="30.74989900924265384674072265625" lon="108.449912331998348236083984375">
        <ele>454</ele>
        <time>2026-07-24T14:27:06.000Z</time>
        <extensions>
          <ns3:TrackPointExtension>
            <ns3:hr>168</ns3:hr>
            <ns3:cad>92</ns3:cad>
          </ns3:TrackPointExtension>
        </extensions>
      </trkpt>
      <trkpt lat="30.7499171979725360870361328125" lon="108.4499071352183818817138671875">
        <ele>454</ele>
        <time>2026-07-24T14:27:07.000Z</time>
        <extensions>
          <ns3:TrackPointExtension>
            <ns3:hr>168</ns3:hr>
            <ns3:cad>92</ns3:cad>
          </ns3:TrackPointExtension>
        </extensions>
      </trkpt>
      <trkpt lat="30.74993739835917949676513671875" lon="108.44990185461938381195068359375">
        <ele>454</ele>
        <time>2026-07-24T14:27:08.000Z</time>
        <extensions>
          <ns3:TrackPointExtension>
            <ns3:hr>168</ns3:hr>
            <ns3:cad>93</ns3:cad>
          </ns3:TrackPointExtension>
        </extensions>
      </trkpt>
      <trkpt lat="30.74995835311710834503173828125" lon="108.4498933888971805572509765625">
        <ele>454</ele>
        <time>2026-07-24T14:27:09.000Z</time>
        <extensions>
          <ns3:TrackPointExtension>
            <ns3:hr>168</ns3:hr>
            <ns3:cad>93</ns3:cad>
          </ns3:TrackPointExtension>
        </extensions>
      </trkpt>
      <trkpt lat="30.749973021447658538818359375" lon="108.449886851012706756591796875">
        <ele>454</ele>
        <time>2026-07-24T14:27:10.000Z</time>
        <extensions>
          <ns3:TrackPointExtension>
            <ns3:hr>168</ns3:hr>
            <ns3:cad>92</ns3:cad>
          </ns3:TrackPointExtension>
        </extensions>
      </trkpt>
      <trkpt lat="30.74999473057687282562255859375" lon="108.44987218268215656280517578125">
        <ele>454</ele>
        <time>2026-07-24T14:27:11.000Z</time>
        <extensions>
          <ns3:TrackPointExtension>
            <ns3:hr>168</ns3:hr>
            <ns3:cad>91</ns3:cad>
          </ns3:TrackPointExtension>
        </extensions>
      </trkpt>
      <trkpt lat="30.75000914745032787322998046875" lon="108.44986145384609699249267578125">
        <ele>454</ele>
        <time>2026-07-24T14:27:12.000Z</time>
        <extensions>
          <ns3:TrackPointExtension>
            <ns3:hr>168</ns3:hr>
            <ns3:cad>91</ns3:cad>
          </ns3:TrackPointExtension>
        </extensions>
      </trkpt>
      <trkpt lat="30.7500325329601764678955078125" lon="108.449842929840087890625">
        <ele>454</ele>
        <time>2026-07-24T14:27:13.000Z</time>
        <extensions>
          <ns3:TrackPointExtension>
            <ns3:hr>168</ns3:hr>
            <ns3:cad>91</ns3:cad>
          </ns3:TrackPointExtension>
        </extensions>
      </trkpt>
      <trkpt lat="30.750048123300075531005859375" lon="108.4498273395001888275146484375">
        <ele>453.79998779296875</ele>
        <time>2026-07-24T14:27:14.000Z</time>
        <extensions>
          <ns3:TrackPointExtension>
            <ns3:hr>168</ns3:hr>
            <ns3:cad>91</ns3:cad>
          </ns3:TrackPointExtension>
        </extensions>
      </trkpt>
      <trkpt lat="30.75006631202995777130126953125" lon="108.4498025290668010711669921875">
        <ele>453.79998779296875</ele>
        <time>2026-07-24T14:27:15.000Z</time>
        <extensions>
          <ns3:TrackPointExtension>
            <ns3:hr>168</ns3:hr>
            <ns3:cad>93</ns3:cad>
          </ns3:TrackPointExtension>
        </extensions>
      </trkpt>
      <trkpt lat="30.7500761188566684722900390625" lon="108.44977788627147674560546875">
        <ele>453.79998779296875</ele>
        <time>2026-07-24T14:27:16.000Z</time>
        <extensions>
          <ns3:TrackPointExtension>
            <ns3:hr>167</ns3:hr>
            <ns3:cad>93</ns3:cad>
          </ns3:TrackPointExtension>
        </extensions>
      </trkpt>
      <trkpt lat="30.75008559040725231170654296875" lon="108.4497519023716449737548828125">
        <ele>453.600006103515625</ele>
        <time>2026-07-24T14:27:17.000Z</time>
        <extensions>
          <ns3:TrackPointExtension>
            <ns3:hr>167</ns3:hr>
            <ns3:cad>93</ns3:cad>
          </ns3:TrackPointExtension>
        </extensions>
      </trkpt>
      <trkpt lat="30.75008760206401348114013671875" lon="108.4497264213860034942626953125">
        <ele>453.600006103515625</ele>
        <time>2026-07-24T14:27:18.000Z</time>
        <extensions>
          <ns3:TrackPointExtension>
            <ns3:hr>167</ns3:hr>
            <ns3:cad>92</ns3:cad>
          </ns3:TrackPointExtension>
        </extensions>
      </trkpt>
      <trkpt lat="30.7500925473868846893310546875" lon="108.44970236532390117645263671875">
        <ele>453.600006103515625</ele>
        <time>2026-07-24T14:27:19.000Z</time>
        <extensions>
          <ns3:TrackPointExtension>
            <ns3:hr>167</ns3:hr>
            <ns3:cad>92</ns3:cad>
          </ns3:TrackPointExtension>
        </extensions>
      </trkpt>
      <trkpt lat="30.7500962354242801666259765625" lon="108.44967554323375225067138671875">
        <ele>453.399993896484375</ele>
        <time>2026-07-24T14:27:20.000Z</time>
        <extensions>
          <ns3:TrackPointExtension>
            <ns3:hr>167</ns3:hr>
            <ns3:cad>93</ns3:cad>
          </ns3:TrackPointExtension>
        </extensions>
      </trkpt>
      <trkpt lat="30.7500979118049144744873046875" lon="108.4496509842574596405029296875">
        <ele>453.399993896484375</ele>
        <time>2026-07-24T14:27:21.000Z</time>
        <extensions>
          <ns3:TrackPointExtension>
            <ns3:hr>167</ns3:hr>
            <ns3:cad>93</ns3:cad>
          </ns3:TrackPointExtension>
        </extensions>
      </trkpt>
      <trkpt lat="30.75009883381426334381103515625" lon="108.449621312320232391357421875">
        <ele>453.20001220703125</ele>
        <time>2026-07-24T14:27:22.000Z</time>
        <extensions>
          <ns3:TrackPointExtension>
            <ns3:hr>167</ns3:hr>
            <ns3:cad>93</ns3:cad>
          </ns3:TrackPointExtension>
        </extensions>
      </trkpt>
      <trkpt lat="30.7500935532152652740478515625" lon="108.44959507696330547332763671875">
        <ele>453.20001220703125</ele>
        <time>2026-07-24T14:27:23.000Z</time>
        <extensions>
          <ns3:TrackPointExtension>
            <ns3:hr>167</ns3:hr>
            <ns3:cad>93</ns3:cad>
          </ns3:TrackPointExtension>
        </extensions>
      </trkpt>
      <trkpt lat="30.750093720853328704833984375" lon="108.44956465065479278564453125">
        <ele>453</ele>
        <time>2026-07-24T14:27:24.000Z</time>
        <extensions>
          <ns3:TrackPointExtension>
            <ns3:hr>167</ns3:hr>
            <ns3:cad>93</ns3:cad>
          </ns3:TrackPointExtension>
        </extensions>
      </trkpt>
      <trkpt lat="30.7500922121107578277587890625" lon="108.44954051077365875244140625">
        <ele>452.79998779296875</ele>
        <time>2026-07-24T14:27:25.000Z</time>
        <extensions>
          <ns3:TrackPointExtension>
            <ns3:hr>166</ns3:hr>
            <ns3:cad>92</ns3:cad>
          </ns3:TrackPointExtension>
        </extensions>
      </trkpt>
      <trkpt lat="30.75009447522461414337158203125" lon="108.4495078213512897491455078125">
        <ele>452.600006103515625</ele>
        <time>2026-07-24T14:27:26.000Z</time>
        <extensions>
          <ns3:TrackPointExtension>
            <ns3:hr>166</ns3:hr>
            <ns3:cad>92</ns3:cad>
          </ns3:TrackPointExtension>
        </extensions>
      </trkpt>
      <trkpt lat="30.7500915415585041046142578125" lon="108.449482508003711700439453125">
        <ele>452.399993896484375</ele>
        <time>2026-07-24T14:27:27.000Z</time>
        <extensions>
          <ns3:TrackPointExtension>
            <ns3:hr>166</ns3:hr>
            <ns3:cad>92</ns3:cad>
          </ns3:TrackPointExtension>
        </extensions>
      </trkpt>
      <trkpt lat="30.7500925473868846893310546875" lon="108.44944923184812068939208984375">
        <ele>452.20001220703125</ele>
        <time>2026-07-24T14:27:28.000Z</time>
        <extensions>
          <ns3:TrackPointExtension>
            <ns3:hr>166</ns3:hr>
            <ns3:cad>92</ns3:cad>
          </ns3:TrackPointExtension>
        </extensions>
      </trkpt>
      <trkpt lat="30.75008575804531574249267578125" lon="108.44942794181406497955322265625">
        <ele>452</ele>
        <time>2026-07-24T14:27:29.000Z</time>
        <extensions>
          <ns3:TrackPointExtension>
            <ns3:hr>166</ns3:hr>
            <ns3:cad>92</ns3:cad>
          </ns3:TrackPointExtension>
        </extensions>
      </trkpt>
      <trkpt lat="30.75008592568337917327880859375" lon="108.44939525239169597625732421875">
        <ele>451.79998779296875</ele>
        <time>2026-07-24T14:27:30.000Z</time>
        <extensions>
          <ns3:TrackPointExtension>
            <ns3:hr>165</ns3:hr>
            <ns3:cad>92</ns3:cad>
          </ns3:TrackPointExtension>
        </extensions>
      </trkpt>
      <trkpt lat="30.75008575804531574249267578125" lon="108.44937262125313282012939453125">
        <ele>451.79998779296875</ele>
        <time>2026-07-24T14:27:31.000Z</time>
        <extensions>
          <ns3:TrackPointExtension>
            <ns3:hr>166</ns3:hr>
            <ns3:cad>92</ns3:cad>
          </ns3:TrackPointExtension>
        </extensions>
      </trkpt>
      <trkpt lat="30.7500905357301235198974609375" lon="108.44933909364044666290283203125">
        <ele>451.399993896484375</ele>
        <time>2026-07-24T14:27:32.000Z</time>
        <extensions>
          <ns3:TrackPointExtension>
            <ns3:hr>166</ns3:hr>
            <ns3:cad>92</ns3:cad>
          </ns3:TrackPointExtension>
        </extensions>
      </trkpt>
      <trkpt lat="30.75008693151175975799560546875" lon="108.44931629486382007598876953125">
        <ele>451.399993896484375</ele>
        <time>2026-07-24T14:27:33.000Z</time>
        <extensions>
          <ns3:TrackPointExtension>
            <ns3:hr>165</ns3:hr>
            <ns3:cad>92</ns3:cad>
          </ns3:TrackPointExtension>
        </extensions>
      </trkpt>
      <trkpt lat="30.75008709914982318878173828125" lon="108.4492851980030536651611328125">
        <ele>451.399993896484375</ele>
        <time>2026-07-24T14:27:34.000Z</time>
        <extensions>
          <ns3:TrackPointExtension>
            <ns3:hr>165</ns3:hr>
            <ns3:cad>92</ns3:cad>
          </ns3:TrackPointExtension>
        </extensions>
      </trkpt>
      <trkpt lat="30.75008542276918888092041015625" lon="108.44926315359771251678466796875">
        <ele>451.20001220703125</ele>
        <time>2026-07-24T14:27:35.000Z</time>
        <extensions>
          <ns3:TrackPointExtension>
            <ns3:hr>165</ns3:hr>
            <ns3:cad>91</ns3:cad>
          </ns3:TrackPointExtension>
        </extensions>
      </trkpt>
      <trkpt lat="30.750083662569522857666015625" lon="108.4492332302033901214599609375">
        <ele>451</ele>
        <time>2026-07-24T14:27:36.000Z</time>
        <extensions>
          <ns3:TrackPointExtension>
            <ns3:hr>166</ns3:hr>
            <ns3:cad>91</ns3:cad>
          </ns3:TrackPointExtension>
        </extensions>
      </trkpt>
      <trkpt lat="30.75008039362728595733642578125" lon="108.449213616549968719482421875">
        <ele>450.79998779296875</ele>
        <time>2026-07-24T14:27:37.000Z</time>
        <extensions>
          <ns3:TrackPointExtension>
            <ns3:hr>165</ns3:hr>
            <ns3:cad>91</ns3:cad>
          </ns3:TrackPointExtension>
        </extensions>
      </trkpt>
      <trkpt lat="30.75008139945566654205322265625" lon="108.449181430041790008544921875">
        <ele>450.79998779296875</ele>
        <time>2026-07-24T14:27:38.000Z</time>
        <extensions>
          <ns3:TrackPointExtension>
            <ns3:hr>166</ns3:hr>
            <ns3:cad>91</ns3:cad>
          </ns3:TrackPointExtension>
        </extensions>
      </trkpt>
      <trkpt lat="30.75007469393312931060791015625" lon="108.44916223548352718353271484375">
        <ele>450.600006103515625</ele>
        <time>2026-07-24T14:27:39.000Z</time>
        <extensions>
          <ns3:TrackPointExtension>
            <ns3:hr>166</ns3:hr>
            <ns3:cad>92</ns3:cad>
          </ns3:TrackPointExtension>
        </extensions>
      </trkpt>
      <trkpt lat="30.7500761188566684722900390625" lon="108.44913524575531482696533203125">
        <ele>450.600006103515625</ele>
        <time>2026-07-24T14:27:40.000Z</time>
        <extensions>
          <ns3:TrackPointExtension>
            <ns3:hr>166</ns3:hr>
            <ns3:cad>92</ns3:cad>
          </ns3:TrackPointExtension>
        </extensions>
      </trkpt>
      <trkpt lat="30.75007259845733642578125" lon="108.4491132013499736785888671875">
        <ele>450.399993896484375</ele>
        <time>2026-07-24T14:27:41.000Z</time>
        <extensions>
          <ns3:TrackPointExtension>
            <ns3:hr>165</ns3:hr>
            <ns3:cad>92</ns3:cad>
          </ns3:TrackPointExtension>
        </extensions>
      </trkpt>
      <trkpt lat="30.7500717602670192718505859375" lon="108.4490850381553173065185546875">
        <ele>450.399993896484375</ele>
        <time>2026-07-24T14:27:42.000Z</time>
        <extensions>
          <ns3:TrackPointExtension>
            <ns3:hr>165</ns3:hr>
            <ns3:cad>92</ns3:cad>
          </ns3:TrackPointExtension>
        </extensions>
      </trkpt>
      <trkpt lat="30.75006446801126003265380859375" lon="108.449062742292881011962890625">
        <ele>450.399993896484375</ele>
        <time>2026-07-24T14:27:43.000Z</time>
        <extensions>
          <ns3:TrackPointExtension>
            <ns3:hr>165</ns3:hr>
            <ns3:cad>92</ns3:cad>
          </ns3:TrackPointExtension>
        </extensions>
      </trkpt>
      <trkpt lat="30.75006312690675258636474609375" lon="108.44903617165982723236083984375">
        <ele>450.20001220703125</ele>
        <time>2026-07-24T14:27:44.000Z</time>
        <extensions>
          <ns3:TrackPointExtension>
            <ns3:hr>165</ns3:hr>
            <ns3:cad>90</ns3:cad>
          </ns3:TrackPointExtension>
        </extensions>
      </trkpt>
      <trkpt lat="30.750058181583881378173828125" lon="108.44901069067418575286865234375">
        <ele>450</ele>
        <time>2026-07-24T14:27:45.000Z</time>
        <extensions>
          <ns3:TrackPointExtension>
            <ns3:hr>166</ns3:hr>
            <ns3:cad>90</ns3:cad>
          </ns3:TrackPointExtension>
        </extensions>
      </trkpt>
      <trkpt lat="30.75006010942161083221435546875" lon="108.44898370094597339630126953125">
        <ele>449.79998779296875</ele>
        <time>2026-07-24T14:27:46.000Z</time>
        <extensions>
          <ns3:TrackPointExtension>
            <ns3:hr>165</ns3:hr>
            <ns3:cad>92</ns3:cad>
          </ns3:TrackPointExtension>
        </extensions>
      </trkpt>
      <trkpt lat="30.7500637136399745941162109375" lon="108.44895553775131702423095703125">
        <ele>449.79998779296875</ele>
        <time>2026-07-24T14:27:47.000Z</time>
        <extensions>
          <ns3:TrackPointExtension>
            <ns3:hr>166</ns3:hr>
            <ns3:cad>92</ns3:cad>
          </ns3:TrackPointExtension>
        </extensions>
      </trkpt>
      <trkpt lat="30.75007368810474872589111328125" lon="108.448933660984039306640625">
        <ele>449.600006103515625</ele>
        <time>2026-07-24T14:27:48.000Z</time>
        <extensions>
          <ns3:TrackPointExtension>
            <ns3:hr>165</ns3:hr>
            <ns3:cad>92</ns3:cad>
          </ns3:TrackPointExtension>
        </extensions>
      </trkpt>
      <trkpt lat="30.75007720850408077239990234375" lon="108.44890977256000041961669921875">
        <ele>449.399993896484375</ele>
        <time>2026-07-24T14:27:49.000Z</time>
        <extensions>
          <ns3:TrackPointExtension>
            <ns3:hr>165</ns3:hr>
            <ns3:cad>92</ns3:cad>
          </ns3:TrackPointExtension>
        </extensions>
      </trkpt>
      <trkpt lat="30.750084333121776580810546875" lon="108.44888613559305667877197265625">
        <ele>449.399993896484375</ele>
        <time>2026-07-24T14:27:50.000Z</time>
        <extensions>
          <ns3:TrackPointExtension>
            <ns3:hr>165</ns3:hr>
            <ns3:cad>91</ns3:cad>
          </ns3:TrackPointExtension>
        </extensions>
      </trkpt>
      <trkpt lat="30.75009145773947238922119140625" lon="108.4488599002361297607421875">
        <ele>449.399993896484375</ele>
        <time>2026-07-24T14:27:51.000Z</time>
        <extensions>
          <ns3:TrackPointExtension>
            <ns3:hr>165</ns3:hr>
            <ns3:cad>91</ns3:cad>
          </ns3:TrackPointExtension>
        </extensions>
      </trkpt>
      <trkpt lat="30.75009413994848728179931640625" lon="108.448834083974361419677734375">
        <ele>449.20001220703125</ele>
        <time>2026-07-24T14:27:52.000Z</time>
        <extensions>
          <ns3:TrackPointExtension>
            <ns3:hr>164</ns3:hr>
            <ns3:cad>91</ns3:cad>
          </ns3:TrackPointExtension>
        </extensions>
      </trkpt>
      <trkpt lat="30.750103108584880828857421875" lon="108.44880751334130764007568359375">
        <ele>449.20001220703125</ele>
        <time>2026-07-24T14:27:53.000Z</time>
        <extensions>
          <ns3:TrackPointExtension>
            <ns3:hr>164</ns3:hr>
            <ns3:cad>91</ns3:cad>
          </ns3:TrackPointExtension>
        </extensions>
      </trkpt>
      <trkpt lat="30.75011056847870349884033203125" lon="108.4487839601933956146240234375">
        <ele>449</ele>
        <time>2026-07-24T14:27:54.000Z</time>
        <extensions>
          <ns3:TrackPointExtension>
            <ns3:hr>163</ns3:hr>
            <ns3:cad>91</ns3:cad>
          </ns3:TrackPointExtension>
        </extensions>
      </trkpt>
      <trkpt lat="30.750123895704746246337890625" lon="108.4487584792077541351318359375">
        <ele>448.79998779296875</ele>
        <time>2026-07-24T14:27:55.000Z</time>
        <extensions>
          <ns3:TrackPointExtension>
            <ns3:hr>162</ns3:hr>
            <ns3:cad>91</ns3:cad>
          </ns3:TrackPointExtension>
        </extensions>
      </trkpt>
      <trkpt lat="30.75012984685599803924560546875" lon="108.44873987138271331787109375">
        <ele>448.79998779296875</ele>
        <time>2026-07-24T14:27:56.000Z</time>
        <extensions>
          <ns3:TrackPointExtension>
            <ns3:hr>161</ns3:hr>
            <ns3:cad>91</ns3:cad>
          </ns3:TrackPointExtension>
        </extensions>
      </trkpt>
      <trkpt lat="30.75014107860624790191650390625" lon="108.44870877452194690704345703125">
        <ele>448.79998779296875</ele>
        <time>2026-07-24T14:27:57.000Z</time>
        <extensions>
          <ns3:TrackPointExtension>
            <ns3:hr>160</ns3:hr>
            <ns3:cad>93</ns3:cad>
          </ns3:TrackPointExtension>
        </extensions>
      </trkpt>
      <trkpt lat="30.75014811940491199493408203125" lon="108.4486860595643520355224609375">
        <ele>448.600006103515625</ele>
        <time>2026-07-24T14:27:58.000Z</time>
        <extensions>
          <ns3:TrackPointExtension>
            <ns3:hr>160</ns3:hr>
            <ns3:cad>94</ns3:cad>
          </ns3:TrackPointExtension>
        </extensions>
      </trkpt>
      <trkpt lat="30.750158764421939849853515625" lon="108.44866208732128143310546875">
        <ele>448.600006103515625</ele>
        <time>2026-07-24T14:27:59.000Z</time>
        <extensions>
          <ns3:TrackPointExtension>
            <ns3:hr>159</ns3:hr>
            <ns3:cad>94</ns3:cad>
          </ns3:TrackPointExtension>
        </extensions>
      </trkpt>
      <trkpt lat="30.75017058290541172027587890625" lon="108.44864289276301860809326171875">
        <ele>448.600006103515625</ele>
        <time>2026-07-24T14:28:00.000Z</time>
        <extensions>
          <ns3:TrackPointExtension>
            <ns3:hr>159</ns3:hr>
            <ns3:cad>93</ns3:cad>
          </ns3:TrackPointExtension>
        </extensions>
      </trkpt>
      <trkpt lat="30.75018499977886676788330078125" lon="108.44862478785216808319091796875">
        <ele>448.399993896484375</ele>
        <time>2026-07-24T14:28:01.000Z</time>
        <extensions>
          <ns3:TrackPointExtension>
            <ns3:hr>159</ns3:hr>
            <ns3:cad>93</ns3:cad>
          </ns3:TrackPointExtension>
        </extensions>
      </trkpt>
      <trkpt lat="30.75019665062427520751953125" lon="108.44860039651393890380859375">
        <ele>448.399993896484375</ele>
        <time>2026-07-24T14:28:02.000Z</time>
        <extensions>
          <ns3:TrackPointExtension>
            <ns3:hr>159</ns3:hr>
            <ns3:cad>93</ns3:cad>
          </ns3:TrackPointExtension>
        </extensions>
      </trkpt>
      <trkpt lat="30.75021131895482540130615234375" lon="108.4485827945172786712646484375">
        <ele>448.399993896484375</ele>
        <time>2026-07-24T14:28:03.000Z</time>
        <extensions>
          <ns3:TrackPointExtension>
            <ns3:hr>159</ns3:hr>
            <ns3:cad>93</ns3:cad>
          </ns3:TrackPointExtension>
        </extensions>
      </trkpt>
      <trkpt lat="30.7502229698002338409423828125" lon="108.4485568106174468994140625">
        <ele>448.20001220703125</ele>
        <time>2026-07-24T14:28:04.000Z</time>
        <extensions>
          <ns3:TrackPointExtension>
            <ns3:hr>159</ns3:hr>
            <ns3:cad>93</ns3:cad>
          </ns3:TrackPointExtension>
        </extensions>
      </trkpt>
      <trkpt lat="30.750236548483371734619140625" lon="108.4485361911356449127197265625">
        <ele>448</ele>
        <time>2026-07-24T14:28:05.000Z</time>
        <extensions>
          <ns3:TrackPointExtension>
            <ns3:hr>159</ns3:hr>
            <ns3:cad>93</ns3:cad>
          </ns3:TrackPointExtension>
        </extensions>
      </trkpt>
      <trkpt lat="30.75025524012744426727294921875" lon="108.4485093690454959869384765625">
        <ele>448</ele>
        <time>2026-07-24T14:28:06.000Z</time>
        <extensions>
          <ns3:TrackPointExtension>
            <ns3:hr>159</ns3:hr>
            <ns3:cad>93</ns3:cad>
          </ns3:TrackPointExtension>
        </extensions>
      </trkpt>
      <trkpt lat="30.75026571750640869140625" lon="108.4484892524778842926025390625">
        <ele>447.79998779296875</ele>
        <time>2026-07-24T14:28:07.000Z</time>
        <extensions>
          <ns3:TrackPointExtension>
            <ns3:hr>159</ns3:hr>
            <ns3:cad>93</ns3:cad>
          </ns3:TrackPointExtension>
        </extensions>
      </trkpt>
      <trkpt lat="30.7502809725701808929443359375" lon="108.44846368767321109771728515625">
        <ele>447.79998779296875</ele>
        <time>2026-07-24T14:28:08.000Z</time>
        <extensions>
          <ns3:TrackPointExtension>
            <ns3:hr>160</ns3:hr>
            <ns3:cad>92</ns3:cad>
          </ns3:TrackPointExtension>
        </extensions>
      </trkpt>
      <trkpt lat="30.75028776191174983978271484375" lon="108.448447845876216888427734375">
        <ele>447.600006103515625</ele>
        <time>2026-07-24T14:28:09.000Z</time>
        <extensions>
          <ns3:TrackPointExtension>
            <ns3:hr>160</ns3:hr>
            <ns3:cad>91</ns3:cad>
          </ns3:TrackPointExtension>
        </extensions>
      </trkpt>
      <trkpt lat="30.75030636973679065704345703125" lon="108.44842244870960712432861328125">
        <ele>447.600006103515625</ele>
        <time>2026-07-24T14:28:10.000Z</time>
        <extensions>
          <ns3:TrackPointExtension>
            <ns3:hr>160</ns3:hr>
            <ns3:cad>91</ns3:cad>
          </ns3:TrackPointExtension>
        </extensions>
      </trkpt>
      <trkpt lat="30.75031458400189876556396484375" lon="108.448402248322963714599609375">
        <ele>447.600006103515625</ele>
        <time>2026-07-24T14:28:11.000Z</time>
        <extensions>
          <ns3:TrackPointExtension>
            <ns3:hr>161</ns3:hr>
            <ns3:cad>93</ns3:cad>
          </ns3:TrackPointExtension>
        </extensions>
      </trkpt>
      <trkpt lat="30.7503314316272735595703125" lon="108.44838188029825687408447265625">
        <ele>447.399993896484375</ele>
        <time>2026-07-24T14:28:12.000Z</time>
        <extensions>
          <ns3:TrackPointExtension>
            <ns3:hr>161</ns3:hr>
            <ns3:cad>93</ns3:cad>
          </ns3:TrackPointExtension>
        </extensions>
      </trkpt>
      <trkpt lat="30.75034308247268199920654296875" lon="108.4483601711690425872802734375">
        <ele>447.399993896484375</ele>
        <time>2026-07-24T14:28:13.000Z</time>
        <extensions>
          <ns3:TrackPointExtension>
            <ns3:hr>161</ns3:hr>
            <ns3:cad>93</ns3:cad>
          </ns3:TrackPointExtension>
        </extensions>
      </trkpt>
      <trkpt lat="30.75036437250673770904541015625" lon="108.44834198243916034698486328125">
        <ele>447.399993896484375</ele>
        <time>2026-07-24T14:28:14.000Z</time>
        <extensions>
          <ns3:TrackPointExtension>
            <ns3:hr>161</ns3:hr>
            <ns3:cad>92</ns3:cad>
          </ns3:TrackPointExtension>
        </extensions>
      </trkpt>
      <trkpt lat="30.7503788731992244720458984375" lon="108.44832471571862697601318359375">
        <ele>447.20001220703125</ele>
        <time>2026-07-24T14:28:15.000Z</time>
        <extensions>
          <ns3:TrackPointExtension>
            <ns3:hr>162</ns3:hr>
            <ns3:cad>93</ns3:cad>
          </ns3:TrackPointExtension>
        </extensions>
      </trkpt>
      <trkpt lat="30.75039672665297985076904296875" lon="108.4483046829700469970703125">
        <ele>447</ele>
        <time>2026-07-24T14:28:16.000Z</time>
        <extensions>
          <ns3:TrackPointExtension>
            <ns3:hr>162</ns3:hr>
            <ns3:cad>93</ns3:cad>
          </ns3:TrackPointExtension>
        </extensions>
      </trkpt>
      <trkpt lat="30.75040644966065883636474609375" lon="108.44828498549759387969970703125">
        <ele>446.79998779296875</ele>
        <time>2026-07-24T14:28:17.000Z</time>
        <extensions>
          <ns3:TrackPointExtension>
            <ns3:hr>162</ns3:hr>
            <ns3:cad>93</ns3:cad>
          </ns3:TrackPointExtension>
        </extensions>
      </trkpt>
      <trkpt lat="30.7504207827150821685791015625" lon="108.44826369546353816986083984375">
        <ele>446.79998779296875</ele>
        <time>2026-07-24T14:28:18.000Z</time>
        <extensions>
          <ns3:TrackPointExtension>
            <ns3:hr>162</ns3:hr>
            <ns3:cad>92</ns3:cad>
          </ns3:TrackPointExtension>
        </extensions>
      </trkpt>
      <trkpt lat="30.750434361398220062255859375" lon="108.448241986334323883056640625">
        <ele>446.79998779296875</ele>
        <time>2026-07-24T14:28:19.000Z</time>
        <extensions>
          <ns3:TrackPointExtension>
            <ns3:hr>162</ns3:hr>
            <ns3:cad>92</ns3:cad>
          </ns3:TrackPointExtension>
        </extensions>
      </trkpt>
      <trkpt lat="30.7504476048052310943603515625" lon="108.44822354614734649658203125">
        <ele>446.79998779296875</ele>
        <time>2026-07-24T14:28:20.000Z</time>
        <extensions>
          <ns3:TrackPointExtension>
            <ns3:hr>162</ns3:hr>
            <ns3:cad>92</ns3:cad>
          </ns3:TrackPointExtension>
        </extensions>
      </trkpt>
      <trkpt lat="30.75046160258352756500244140625" lon="108.44819915480911731719970703125">
        <ele>446.600006103515625</ele>
        <time>2026-07-24T14:28:21.000Z</time>
        <extensions>
          <ns3:TrackPointExtension>
            <ns3:hr>163</ns3:hr>
            <ns3:cad>91</ns3:cad>
          </ns3:TrackPointExtension>
        </extensions>
      </trkpt>
      <trkpt lat="30.75047803111374378204345703125" lon="108.44817937351763248443603515625">
        <ele>446.600006103515625</ele>
        <time>2026-07-24T14:28:22.000Z</time>
        <extensions>
          <ns3:TrackPointExtension>
            <ns3:hr>162</ns3:hr>
            <ns3:cad>91</ns3:cad>
          </ns3:TrackPointExtension>
        </extensions>
      </trkpt>
      <trkpt lat="30.75049278326332569122314453125" lon="108.44815322197973728179931640625">
        <ele>446.399993896484375</ele>
        <time>2026-07-24T14:28:23.000Z</time>
        <extensions>
          <ns3:TrackPointExtension>
            <ns3:hr>162</ns3:hr>
            <ns3:cad>91</ns3:cad>
          </ns3:TrackPointExtension>
        </extensions>
      </trkpt>
      <trkpt lat="30.7505039311945438385009765625" lon="108.448127992451190948486328125">
        <ele>446.399993896484375</ele>
        <time>2026-07-24T14:28:24.000Z</time>
        <extensions>
          <ns3:TrackPointExtension>
            <ns3:hr>162</ns3:hr>
            <ns3:cad>93</ns3:cad>
          </ns3:TrackPointExtension>
        </extensions>
      </trkpt>
      <trkpt lat="30.750520862638950347900390625" lon="108.44810360111296176910400390625">
        <ele>446.20001220703125</ele>
        <time>2026-07-24T14:28:25.000Z</time>
        <extensions>
          <ns3:TrackPointExtension>
            <ns3:hr>161</ns3:hr>
            <ns3:cad>93</ns3:cad>
          </ns3:TrackPointExtension>
        </extensions>
      </trkpt>
      <trkpt lat="30.7505299150943756103515625" lon="108.4480852447450160980224609375">
        <ele>446.20001220703125</ele>
        <time>2026-07-24T14:28:26.000Z</time>
        <extensions>
          <ns3:TrackPointExtension>
            <ns3:hr>161</ns3:hr>
            <ns3:cad>93</ns3:cad>
          </ns3:TrackPointExtension>
        </extensions>
      </trkpt>
      <trkpt lat="30.75054676271975040435791015625" lon="108.44806118868291378021240234375">
        <ele>446.20001220703125</ele>
        <time>2026-07-24T14:28:27.000Z</time>
        <extensions>
          <ns3:TrackPointExtension>
            <ns3:hr>161</ns3:hr>
            <ns3:cad>91</ns3:cad>
          </ns3:TrackPointExtension>
        </extensions>
      </trkpt>
      <trkpt lat="30.7505548931658267974853515625" lon="108.448038809001445770263671875">
        <ele>446</ele>
        <time>2026-07-24T14:28:28.000Z</time>
        <extensions>
          <ns3:TrackPointExtension>
            <ns3:hr>160</ns3:hr>
            <ns3:cad>91</ns3:cad>
          </ns3:TrackPointExtension>
        </extensions>
      </trkpt>
      <trkpt lat="30.75057291425764560699462890625" lon="108.44801575876772403717041015625">
        <ele>446</ele>
        <time>2026-07-24T14:28:29.000Z</time>
        <extensions>
          <ns3:TrackPointExtension>
            <ns3:hr>160</ns3:hr>
            <ns3:cad>92</ns3:cad>
          </ns3:TrackPointExtension>
        </extensions>
      </trkpt>
      <trkpt lat="30.75057978741824626922607421875" lon="108.447992540895938873291015625">
        <ele>445.79998779296875</ele>
        <time>2026-07-24T14:28:30.000Z</time>
        <extensions>
          <ns3:TrackPointExtension>
            <ns3:hr>160</ns3:hr>
            <ns3:cad>92</ns3:cad>
          </ns3:TrackPointExtension>
        </extensions>
      </trkpt>
      <trkpt lat="30.75059353373944759368896484375" lon="108.44797099940478801727294921875">
        <ele>445.79998779296875</ele>
        <time>2026-07-24T14:28:31.000Z</time>
        <extensions>
          <ns3:TrackPointExtension>
            <ns3:hr>160</ns3:hr>
            <ns3:cad>92</ns3:cad>
          </ns3:TrackPointExtension>
        </extensions>
      </trkpt>
      <trkpt lat="30.75060300529003143310546875" lon="108.44794727861881256103515625">
        <ele>445.79998779296875</ele>
        <time>2026-07-24T14:28:32.000Z</time>
        <extensions>
          <ns3:TrackPointExtension>
            <ns3:hr>160</ns3:hr>
            <ns3:cad>93</ns3:cad>
          </ns3:TrackPointExtension>
        </extensions>
      </trkpt>
      <trkpt lat="30.75061549432575702667236328125" lon="108.44793143682181835174560546875">
        <ele>445.79998779296875</ele>
        <time>2026-07-24T14:28:33.000Z</time>
        <extensions>
          <ns3:TrackPointExtension>
            <ns3:hr>160</ns3:hr>
            <ns3:cad>93</ns3:cad>
          </ns3:TrackPointExtension>
        </extensions>
      </trkpt>
      <trkpt lat="30.75062521733343601226806640625" lon="108.44790570437908172607421875">
        <ele>445.79998779296875</ele>
        <time>2026-07-24T14:28:34.000Z</time>
        <extensions>
          <ns3:TrackPointExtension>
            <ns3:hr>159</ns3:hr>
            <ns3:cad>92</ns3:cad>
          </ns3:TrackPointExtension>
        </extensions>
      </trkpt>
      <trkpt lat="30.7506343536078929901123046875" lon="108.447885923087596893310546875">
        <ele>445.79998779296875</ele>
        <time>2026-07-24T14:28:35.000Z</time>
        <extensions>
          <ns3:TrackPointExtension>
            <ns3:hr>159</ns3:hr>
            <ns3:cad>92</ns3:cad>
          </ns3:TrackPointExtension>
        </extensions>
      </trkpt>
      <trkpt lat="30.75064382515847682952880859375" lon="108.44785817898809909820556640625">
        <ele>445.79998779296875</ele>
        <time>2026-07-24T14:28:36.000Z</time>
        <extensions>
          <ns3:TrackPointExtension>
            <ns3:hr>159</ns3:hr>
            <ns3:cad>92</ns3:cad>
          </ns3:TrackPointExtension>
        </extensions>
      </trkpt>
      <trkpt lat="30.75065388344228267669677734375" lon="108.44783957116305828094482421875">
        <ele>445.600006103515625</ele>
        <time>2026-07-24T14:28:37.000Z</time>
        <extensions>
          <ns3:TrackPointExtension>
            <ns3:hr>159</ns3:hr>
            <ns3:cad>92</ns3:cad>
          </ns3:TrackPointExtension>
        </extensions>
      </trkpt>
      <trkpt lat="30.7506668753921985626220703125" lon="108.4478146769106388092041015625">
        <ele>445.600006103515625</ele>
        <time>2026-07-24T14:28:38.000Z</time>
        <extensions>
          <ns3:TrackPointExtension>
            <ns3:hr>159</ns3:hr>
            <ns3:cad>93</ns3:cad>
          </ns3:TrackPointExtension>
        </extensions>
      </trkpt>
      <trkpt lat="30.750671736896038055419921875" lon="108.44779330305755138397216796875">
        <ele>445.600006103515625</ele>
        <time>2026-07-24T14:28:39.000Z</time>
        <extensions>
          <ns3:TrackPointExtension>
            <ns3:hr>159</ns3:hr>
            <ns3:cad>93</ns3:cad>
          </ns3:TrackPointExtension>
        </extensions>
      </trkpt>
      <trkpt lat="30.75067810714244842529296875" lon="108.44776497222483158111572265625">
        <ele>445.600006103515625</ele>
        <time>2026-07-24T14:28:40.000Z</time>
        <extensions>
          <ns3:TrackPointExtension>
            <ns3:hr>159</ns3:hr>
            <ns3:cad>93</ns3:cad>
          </ns3:TrackPointExtension>
        </extensions>
      </trkpt>
      <trkpt lat="30.750679783523082733154296875" lon="108.44774066470563411712646484375">
        <ele>445.600006103515625</ele>
        <time>2026-07-24T14:28:41.000Z</time>
        <extensions>
          <ns3:TrackPointExtension>
            <ns3:hr>159</ns3:hr>
            <ns3:cad>93</ns3:cad>
          </ns3:TrackPointExtension>
        </extensions>
      </trkpt>
      <trkpt lat="30.750685818493366241455078125" lon="108.44771618954837322235107421875">
        <ele>445.399993896484375</ele>
        <time>2026-07-24T14:28:42.000Z</time>
        <extensions>
          <ns3:TrackPointExtension>
            <ns3:hr>158</ns3:hr>
            <ns3:cad>93</ns3:cad>
          </ns3:TrackPointExtension>
        </extensions>
      </trkpt>
      <trkpt lat="30.7506908476352691650390625" lon="108.4476933069527149200439453125">
        <ele>445.399993896484375</ele>
        <time>2026-07-24T14:28:43.000Z</time>
        <extensions>
          <ns3:TrackPointExtension>
            <ns3:hr>158</ns3:hr>
            <ns3:cad>93</ns3:cad>
          </ns3:TrackPointExtension>
        </extensions>
      </trkpt>
      <trkpt lat="30.750704593956470489501953125" lon="108.44766832888126373291015625">
        <ele>445.399993896484375</ele>
        <time>2026-07-24T14:28:44.000Z</time>
        <extensions>
          <ns3:TrackPointExtension>
            <ns3:hr>158</ns3:hr>
            <ns3:cad>93</ns3:cad>
          </ns3:TrackPointExtension>
        </extensions>
      </trkpt>
      <trkpt lat="30.75071490369737148284912109375" lon="108.44764444045722484588623046875">
        <ele>445.399993896484375</ele>
        <time>2026-07-24T14:28:45.000Z</time>
        <extensions>
          <ns3:TrackPointExtension>
            <ns3:hr>158</ns3:hr>
            <ns3:cad>91</ns3:cad>
          </ns3:TrackPointExtension>
        </extensions>
      </trkpt>
      <trkpt lat="30.750726722180843353271484375" lon="108.4476220607757568359375">
        <ele>445.20001220703125</ele>
        <time>2026-07-24T14:28:46.000Z</time>
        <extensions>
          <ns3:TrackPointExtension>
            <ns3:hr>158</ns3:hr>
            <ns3:cad>91</ns3:cad>
          </ns3:TrackPointExtension>
        </extensions>
      </trkpt>
      <trkpt lat="30.75073175132274627685546875" lon="108.447597920894622802734375">
        <ele>445.20001220703125</ele>
        <time>2026-07-24T14:28:47.000Z</time>
        <extensions>
          <ns3:TrackPointExtension>
            <ns3:hr>158</ns3:hr>
            <ns3:cad>91</ns3:cad>
          </ns3:TrackPointExtension>
        </extensions>
      </trkpt>
      <trkpt lat="30.750736780464649200439453125" lon="108.447568416595458984375">
        <ele>445.20001220703125</ele>
        <time>2026-07-24T14:28:48.000Z</time>
        <extensions>
          <ns3:TrackPointExtension>
            <ns3:hr>158</ns3:hr>
            <ns3:cad>93</ns3:cad>
          </ns3:TrackPointExtension>
        </extensions>
      </trkpt>
      <trkpt lat="30.75074088759720325469970703125" lon="108.44754553399980068206787109375">
        <ele>445.20001220703125</ele>
        <time>2026-07-24T14:28:49.000Z</time>
        <extensions>
          <ns3:TrackPointExtension>
            <ns3:hr>158</ns3:hr>
            <ns3:cad>93</ns3:cad>
          </ns3:TrackPointExtension>
        </extensions>
      </trkpt>
      <trkpt lat="30.75074851512908935546875" lon="108.4475243277847766876220703125">
        <ele>445.20001220703125</ele>
        <time>2026-07-24T14:28:50.000Z</time>
        <extensions>
          <ns3:TrackPointExtension>
            <ns3:hr>158</ns3:hr>
            <ns3:cad>92</ns3:cad>
          </ns3:TrackPointExtension>
        </extensions>
      </trkpt>
      <trkpt lat="30.75075044296681880950927734375" lon="108.44749406911432743072509765625">
        <ele>445</ele>
        <time>2026-07-24T14:28:51.000Z</time>
        <extensions>
          <ns3:TrackPointExtension>
            <ns3:hr>158</ns3:hr>
            <ns3:cad>92</ns3:cad>
          </ns3:TrackPointExtension>
        </extensions>
      </trkpt>
      <trkpt lat="30.75075413100421428680419921875" lon="108.44746875576674938201904296875">
        <ele>445</ele>
        <time>2026-07-24T14:28:52.000Z</time>
        <extensions>
          <ns3:TrackPointExtension>
            <ns3:hr>158</ns3:hr>
            <ns3:cad>91</ns3:cad>
          </ns3:TrackPointExtension>
        </extensions>
      </trkpt>
      <trkpt lat="30.75075765140354633331298828125" lon="108.44743941910564899444580078125">
        <ele>444.79998779296875</ele>
        <time>2026-07-24T14:28:53.000Z</time>
        <extensions>
          <ns3:TrackPointExtension>
            <ns3:hr>158</ns3:hr>
            <ns3:cad>90</ns3:cad>
          </ns3:TrackPointExtension>
        </extensions>
      </trkpt>
      <trkpt lat="30.75076016597449779510498046875" lon="108.44741527922451496124267578125">
        <ele>444.79998779296875</ele>
        <time>2026-07-24T14:28:54.000Z</time>
        <extensions>
          <ns3:TrackPointExtension>
            <ns3:hr>157</ns3:hr>
            <ns3:cad>90</ns3:cad>
          </ns3:TrackPointExtension>
        </extensions>
      </trkpt>
      <trkpt lat="30.75076662003993988037109375" lon="108.44738376326858997344970703125">
        <ele>444.600006103515625</ele>
        <time>2026-07-24T14:28:55.000Z</time>
        <extensions>
          <ns3:TrackPointExtension>
            <ns3:hr>158</ns3:hr>
            <ns3:cad>90</ns3:cad>
          </ns3:TrackPointExtension>
        </extensions>
      </trkpt>
      <trkpt lat="30.75076603330671787261962890625" lon="108.44736297614872455596923828125">
        <ele>444.600006103515625</ele>
        <time>2026-07-24T14:28:56.000Z</time>
        <extensions>
          <ns3:TrackPointExtension>
            <ns3:hr>159</ns3:hr>
            <ns3:cad>90</ns3:cad>
          </ns3:TrackPointExtension>
        </extensions>
      </trkpt>
      <trkpt lat="30.75076921842992305755615234375" lon="108.44733305275440216064453125">
        <ele>444.600006103515625</ele>
        <time>2026-07-24T14:28:57.000Z</time>
        <extensions>
          <ns3:TrackPointExtension>
            <ns3:hr>159</ns3:hr>
            <ns3:cad>91</ns3:cad>
          </ns3:TrackPointExtension>
        </extensions>
      </trkpt>
      <trkpt lat="30.7507664524018764495849609375" lon="108.4473087452352046966552734375">
        <ele>444.600006103515625</ele>
        <time>2026-07-24T14:28:58.000Z</time>
        <extensions>
          <ns3:TrackPointExtension>
            <ns3:hr>159</ns3:hr>
            <ns3:cad>93</ns3:cad>
          </ns3:TrackPointExtension>
        </extensions>
      </trkpt>
      <trkpt lat="30.7507694698870182037353515625" lon="108.44727815128862857818603515625">
        <ele>444.399993896484375</ele>
        <time>2026-07-24T14:28:59.000Z</time>
        <extensions>
          <ns3:TrackPointExtension>
            <ns3:hr>160</ns3:hr>
            <ns3:cad>93</ns3:cad>
          </ns3:TrackPointExtension>
        </extensions>
      </trkpt>
      <trkpt lat="30.75076653622090816497802734375" lon="108.4472559392452239990234375">
        <ele>444.399993896484375</ele>
        <time>2026-07-24T14:29:00.000Z</time>
        <extensions>
          <ns3:TrackPointExtension>
            <ns3:hr>161</ns3:hr>
            <ns3:cad>93</ns3:cad>
          </ns3:TrackPointExtension>
        </extensions>
      </trkpt>
      <trkpt lat="30.7507686316967010498046875" lon="108.44722752459347248077392578125">
        <ele>444.399993896484375</ele>
        <time>2026-07-24T14:29:01.000Z</time>
        <extensions>
          <ns3:TrackPointExtension>
            <ns3:hr>161</ns3:hr>
            <ns3:cad>93</ns3:cad>
          </ns3:TrackPointExtension>
        </extensions>
      </trkpt>
      <trkpt lat="30.75076536275446414947509765625" lon="108.4472064860165119171142578125">
        <ele>444.399993896484375</ele>
        <time>2026-07-24T14:29:02.000Z</time>
        <extensions>
          <ns3:TrackPointExtension>
            <ns3:hr>161</ns3:hr>
            <ns3:cad>93</ns3:cad>
          </ns3:TrackPointExtension>
        </extensions>
      </trkpt>
      <trkpt lat="30.7507686316967010498046875" lon="108.44717823900282382965087890625">
        <ele>444.399993896484375</ele>
        <time>2026-07-24T14:29:03.000Z</time>
        <extensions>
          <ns3:TrackPointExtension>
            <ns3:hr>161</ns3:hr>
            <ns3:cad>93</ns3:cad>
          </ns3:TrackPointExtension>
        </extensions>
      </trkpt>
      <trkpt lat="30.75076586566865444183349609375" lon="108.44715342856943607330322265625">
        <ele>444.20001220703125</ele>
        <time>2026-07-24T14:29:04.000Z</time>
        <extensions>
          <ns3:TrackPointExtension>
            <ns3:hr>161</ns3:hr>
            <ns3:cad>93</ns3:cad>
          </ns3:TrackPointExtension>
        </extensions>
      </trkpt>
      <trkpt lat="30.7507659494876861572265625" lon="108.4471240080893039703369140625">
        <ele>444.20001220703125</ele>
        <time>2026-07-24T14:29:05.000Z</time>
        <extensions>
          <ns3:TrackPointExtension>
            <ns3:hr>161</ns3:hr>
            <ns3:cad>93</ns3:cad>
          </ns3:TrackPointExtension>
        </extensions>
      </trkpt>
      <trkpt lat="30.75076318345963954925537109375" lon="108.447100035846233367919921875">
        <ele>444.20001220703125</ele>
        <time>2026-07-24T14:29:06.000Z</time>
        <extensions>
          <ns3:TrackPointExtension>
            <ns3:hr>161</ns3:hr>
            <ns3:cad>93</ns3:cad>
          </ns3:TrackPointExtension>
        </extensions>
      </trkpt>
      <trkpt lat="30.7507684640586376190185546875" lon="108.4470762312412261962890625">
        <ele>444.20001220703125</ele>
        <time>2026-07-24T14:29:07.000Z</time>
        <extensions>
          <ns3:TrackPointExtension>
            <ns3:hr>161</ns3:hr>
            <ns3:cad>92</ns3:cad>
          </ns3:TrackPointExtension>
        </extensions>
      </trkpt>
      <trkpt lat="30.75076603330671787261962890625" lon="108.44705033116042613983154296875">
        <ele>444.20001220703125</ele>
        <time>2026-07-24T14:29:08.000Z</time>
        <extensions>
          <ns3:TrackPointExtension>
            <ns3:hr>162</ns3:hr>
            <ns3:cad>92</ns3:cad>
          </ns3:TrackPointExtension>
        </extensions>
      </trkpt>
      <trkpt lat="30.7507687993347644805908203125" lon="108.44702702946960926055908203125">
        <ele>444.20001220703125</ele>
        <time>2026-07-24T14:29:09.000Z</time>
        <extensions>
          <ns3:TrackPointExtension>
            <ns3:hr>161</ns3:hr>
            <ns3:cad>92</ns3:cad>
          </ns3:TrackPointExtension>
        </extensions>
      </trkpt>
      <trkpt lat="30.75076871551573276519775390625" lon="108.44699869863688945770263671875">
        <ele>444.20001220703125</ele>
        <time>2026-07-24T14:29:10.000Z</time>
        <extensions>
          <ns3:TrackPointExtension>
            <ns3:hr>161</ns3:hr>
            <ns3:cad>92</ns3:cad>
          </ns3:TrackPointExtension>
        </extensions>
      </trkpt>
      <trkpt lat="30.75076603330671787261962890625" lon="108.44697472639381885528564453125">
        <ele>444.20001220703125</ele>
        <time>2026-07-24T14:29:11.000Z</time>
        <extensions>
          <ns3:TrackPointExtension>
            <ns3:hr>161</ns3:hr>
            <ns3:cad>93</ns3:cad>
          </ns3:TrackPointExtension>
        </extensions>
      </trkpt>
      <trkpt lat="30.7507651112973690032958984375" lon="108.4469449706375598907470703125">
        <ele>444</ele>
        <time>2026-07-24T14:29:12.000Z</time>
        <extensions>
          <ns3:TrackPointExtension>
            <ns3:hr>161</ns3:hr>
            <ns3:cad>93</ns3:cad>
          </ns3:TrackPointExtension>
        </extensions>
      </trkpt>
      <trkpt lat="30.75076066888868808746337890625" lon="108.4469245187938213348388671875">
        <ele>444</ele>
        <time>2026-07-24T14:29:13.000Z</time>
        <extensions>
          <ns3:TrackPointExtension>
            <ns3:hr>161</ns3:hr>
            <ns3:cad>93</ns3:cad>
          </ns3:TrackPointExtension>
        </extensions>
      </trkpt>
      <trkpt lat="30.7507577352225780487060546875" lon="108.4468956850469112396240234375">
        <ele>443.79998779296875</ele>
        <time>2026-07-24T14:29:14.000Z</time>
        <extensions>
          <ns3:TrackPointExtension>
            <ns3:hr>162</ns3:hr>
            <ns3:cad>93</ns3:cad>
          </ns3:TrackPointExtension>
        </extensions>
      </trkpt>
      <trkpt lat="30.750751197338104248046875" lon="108.446875400841236114501953125">
        <ele>443.79998779296875</ele>
        <time>2026-07-24T14:29:15.000Z</time>
        <extensions>
          <ns3:TrackPointExtension>
            <ns3:hr>161</ns3:hr>
            <ns3:cad>93</ns3:cad>
          </ns3:TrackPointExtension>
        </extensions>
      </trkpt>
      <trkpt lat="30.75074650347232818603515625" lon="108.44684447161853313446044921875">
        <ele>443.79998779296875</ele>
        <time>2026-07-24T14:29:16.000Z</time>
        <extensions>
          <ns3:TrackPointExtension>
            <ns3:hr>161</ns3:hr>
            <ns3:cad>93</ns3:cad>
          </ns3:TrackPointExtension>
        </extensions>
      </trkpt>
      <trkpt lat="30.75074172578752040863037109375" lon="108.44681999646127223968505859375">
        <ele>443.79998779296875</ele>
        <time>2026-07-24T14:29:17.000Z</time>
        <extensions>
          <ns3:TrackPointExtension>
            <ns3:hr>161</ns3:hr>
            <ns3:cad>93</ns3:cad>
          </ns3:TrackPointExtension>
        </extensions>
      </trkpt>
      <trkpt lat="30.75073602609336376190185546875" lon="108.44678965397179126739501953125">
        <ele>443.600006103515625</ele>
        <time>2026-07-24T14:29:18.000Z</time>
        <extensions>
          <ns3:TrackPointExtension>
            <ns3:hr>161</ns3:hr>
            <ns3:cad>93</ns3:cad>
          </ns3:TrackPointExtension>
        </extensions>
      </trkpt>
      <trkpt lat="30.7507258839905261993408203125" lon="108.44676065258681774139404296875">
        <ele>443.600006103515625</ele>
        <time>2026-07-24T14:29:19.000Z</time>
        <extensions>
          <ns3:TrackPointExtension>
            <ns3:hr>161</ns3:hr>
            <ns3:cad>93</ns3:cad>
          </ns3:TrackPointExtension>
        </extensions>
      </trkpt>
      <trkpt lat="30.75072093866765499114990234375" lon="108.44672729261219501495361328125">
        <ele>443.600006103515625</ele>
        <time>2026-07-24T14:29:20.000Z</time>
        <extensions>
          <ns3:TrackPointExtension>
            <ns3:hr>161</ns3:hr>
            <ns3:cad>92</ns3:cad>
          </ns3:TrackPointExtension>
        </extensions>
      </trkpt>
      <trkpt lat="30.75071356259286403656005859375" lon="108.44670365564525127410888671875">
        <ele>443.399993896484375</ele>
        <time>2026-07-24T14:29:21.000Z</time>
        <extensions>
          <ns3:TrackPointExtension>
            <ns3:hr>162</ns3:hr>
            <ns3:cad>92</ns3:cad>
          </ns3:TrackPointExtension>
        </extensions>
      </trkpt>
      <trkpt lat="30.7507091201841831207275390625" lon="108.44667431898415088653564453125">
        <ele>443.399993896484375</ele>
        <time>2026-07-24T14:29:22.000Z</time>
        <extensions>
          <ns3:TrackPointExtension>
            <ns3:hr>161</ns3:hr>
            <ns3:cad>92</ns3:cad>
          </ns3:TrackPointExtension>
        </extensions>
      </trkpt>
      <trkpt lat="30.75069931335747241973876953125" lon="108.4466524422168731689453125">
        <ele>443.20001220703125</ele>
        <time>2026-07-24T14:29:23.000Z</time>
        <extensions>
          <ns3:TrackPointExtension>
            <ns3:hr>161</ns3:hr>
            <ns3:cad>92</ns3:cad>
          </ns3:TrackPointExtension>
        </extensions>
      </trkpt>
      <trkpt lat="30.75069813989102840423583984375" lon="108.4466229379177093505859375">
        <ele>443.20001220703125</ele>
        <time>2026-07-24T14:29:24.000Z</time>
        <extensions>
          <ns3:TrackPointExtension>
            <ns3:hr>161</ns3:hr>
            <ns3:cad>92</ns3:cad>
          </ns3:TrackPointExtension>
        </extensions>
      </trkpt>
      <trkpt lat="30.75069059617817401885986328125" lon="108.44660424627363681793212890625">
        <ele>443</ele>
        <time>2026-07-24T14:29:25.000Z</time>
        <extensions>
          <ns3:TrackPointExtension>
            <ns3:hr>161</ns3:hr>
            <ns3:cad>92</ns3:cad>
          </ns3:TrackPointExtension>
        </extensions>
      </trkpt>
      <trkpt lat="30.75068992562592029571533203125" lon="108.446583710610866546630859375">
        <ele>443</ele>
        <time>2026-07-24T14:29:26.000Z</time>
        <extensions>
          <ns3:TrackPointExtension>
            <ns3:hr>162</ns3:hr>
            <ns3:cad>91</ns3:cad>
          </ns3:TrackPointExtension>
        </extensions>
      </trkpt>
      <trkpt lat="30.7506799511611461639404296875" lon="108.44656770117580890655517578125">
        <ele>442.79998779296875</ele>
        <time>2026-07-24T14:29:27.000Z</time>
        <extensions>
          <ns3:TrackPointExtension>
            <ns3:hr>162</ns3:hr>
            <ns3:cad>91</ns3:cad>
          </ns3:TrackPointExtension>
        </extensions>
      </trkpt>
      <trkpt lat="30.7506745867431163787841796875" lon="108.4465409629046916961669921875">
        <ele>442.79998779296875</ele>
        <time>2026-07-24T14:29:28.000Z</time>
        <extensions>
          <ns3:TrackPointExtension>
            <ns3:hr>162</ns3:hr>
            <ns3:cad>90</ns3:cad>
          </ns3:TrackPointExtension>
        </extensions>
      </trkpt>
      <trkpt lat="30.7506658695638179779052734375" lon="108.44651875086128711700439453125">
        <ele>442.600006103515625</ele>
        <time>2026-07-24T14:29:29.000Z</time>
        <extensions>
          <ns3:TrackPointExtension>
            <ns3:hr>162</ns3:hr>
            <ns3:cad>90</ns3:cad>
          </ns3:TrackPointExtension>
        </extensions>
      </trkpt>
      <trkpt lat="30.7506631873548030853271484375" lon="108.4464926831424236297607421875">
        <ele>442.600006103515625</ele>
        <time>2026-07-24T14:29:30.000Z</time>
        <extensions>
          <ns3:TrackPointExtension>
            <ns3:hr>163</ns3:hr>
            <ns3:cad>90</ns3:cad>
          </ns3:TrackPointExtension>
        </extensions>
      </trkpt>
      <trkpt lat="30.7506544701755046844482421875" lon="108.4464698843657970428466796875">
        <ele>442.600006103515625</ele>
        <time>2026-07-24T14:29:31.000Z</time>
        <extensions>
          <ns3:TrackPointExtension>
            <ns3:hr>163</ns3:hr>
            <ns3:cad>90</ns3:cad>
          </ns3:TrackPointExtension>
        </extensions>
      </trkpt>
      <trkpt lat="30.75064583681523799896240234375" lon="108.446444235742092132568359375">
        <ele>442.399993896484375</ele>
        <time>2026-07-24T14:29:32.000Z</time>
        <extensions>
          <ns3:TrackPointExtension>
            <ns3:hr>163</ns3:hr>
            <ns3:cad>90</ns3:cad>
          </ns3:TrackPointExtension>
        </extensions>
      </trkpt>
      <trkpt lat="30.750633515417575836181640625" lon="108.4464202634990215301513671875">
        <ele>442.399993896484375</ele>
        <time>2026-07-24T14:29:33.000Z</time>
        <extensions>
          <ns3:TrackPointExtension>
            <ns3:hr>163</ns3:hr>
            <ns3:cad>90</ns3:cad>
          </ns3:TrackPointExtension>
        </extensions>
      </trkpt>
      <trkpt lat="30.7506219483911991119384765625" lon="108.4463998116552829742431640625">
        <ele>442.20001220703125</ele>
        <time>2026-07-24T14:29:34.000Z</time>
        <extensions>
          <ns3:TrackPointExtension>
            <ns3:hr>163</ns3:hr>
            <ns3:cad>90</ns3:cad>
          </ns3:TrackPointExtension>
        </extensions>
      </trkpt>
      <trkpt lat="30.7506014965474605560302734375" lon="108.44639520160853862762451171875">
        <ele>442.20001220703125</ele>
        <time>2026-07-24T14:29:35.000Z</time>
        <extensions>
          <ns3:TrackPointExtension>
            <ns3:hr>164</ns3:hr>
            <ns3:cad>91</ns3:cad>
          </ns3:TrackPointExtension>
        </extensions>
      </trkpt>
      <trkpt lat="30.7505890913307666778564453125" lon="108.4464024938642978668212890625">
        <ele>442.20001220703125</ele>
        <time>2026-07-24T14:29:36.000Z</time>
        <extensions>
          <ns3:TrackPointExtension>
            <ns3:hr>163</ns3:hr>
            <ns3:cad>91</ns3:cad>
          </ns3:TrackPointExtension>
        </extensions>
      </trkpt>
      <trkpt lat="30.7505807094275951385498046875" lon="108.4464298188686370849609375">
        <ele>442.20001220703125</ele>
        <time>2026-07-24T14:29:37.000Z</time>
        <extensions>
          <ns3:TrackPointExtension>
            <ns3:hr>164</ns3:hr>
            <ns3:cad>91</ns3:cad>
          </ns3:TrackPointExtension>
        </extensions>
      </trkpt>
      <trkpt lat="30.75058062560856342315673828125" lon="108.44645060598850250244140625">
        <ele>442.20001220703125</ele>
        <time>2026-07-24T14:29:38.000Z</time>
        <extensions>
          <ns3:TrackPointExtension>
            <ns3:hr>164</ns3:hr>
            <ns3:cad>92</ns3:cad>
          </ns3:TrackPointExtension>
        </extensions>
      </trkpt>
      <trkpt lat="30.75058112852275371551513671875" lon="108.44647667370736598968505859375">
        <ele>442.20001220703125</ele>
        <time>2026-07-24T14:29:39.000Z</time>
        <extensions>
          <ns3:TrackPointExtension>
            <ns3:hr>164</ns3:hr>
            <ns3:cad>92</ns3:cad>
          </ns3:TrackPointExtension>
        </extensions>
      </trkpt>
      <trkpt lat="30.75058557093143463134765625" lon="108.44649679027497768402099609375">
        <ele>442.20001220703125</ele>
        <time>2026-07-24T14:29:40.000Z</time>
        <extensions>
          <ns3:TrackPointExtension>
            <ns3:hr>164</ns3:hr>
            <ns3:cad>92</ns3:cad>
          </ns3:TrackPointExtension>
        </extensions>
      </trkpt>
      <trkpt lat="30.7505929470062255859375" lon="108.44652445055544376373291015625">
        <ele>442.20001220703125</ele>
        <time>2026-07-24T14:29:41.000Z</time>
        <extensions>
          <ns3:TrackPointExtension>
            <ns3:hr>164</ns3:hr>
            <ns3:cad>92</ns3:cad>
          </ns3:TrackPointExtension>
        </extensions>
      </trkpt>
      <trkpt lat="30.75060392729938030242919921875" lon="108.44654825516045093536376953125">
        <ele>442.20001220703125</ele>
        <time>2026-07-24T14:29:42.000Z</time>
        <extensions>
          <ns3:TrackPointExtension>
            <ns3:hr>164</ns3:hr>
            <ns3:cad>92</ns3:cad>
          </ns3:TrackPointExtension>
        </extensions>
      </trkpt>
      <trkpt lat="30.750610046088695526123046875" lon="108.4465697966516017913818359375">
        <ele>442.399993896484375</ele>
        <time>2026-07-24T14:29:43.000Z</time>
        <extensions>
          <ns3:TrackPointExtension>
            <ns3:hr>164</ns3:hr>
            <ns3:cad>91</ns3:cad>
          </ns3:TrackPointExtension>
        </extensions>
      </trkpt>
      <trkpt lat="30.750616081058979034423828125" lon="108.44659410417079925537109375">
        <ele>442.399993896484375</ele>
        <time>2026-07-24T14:29:44.000Z</time>
        <extensions>
          <ns3:TrackPointExtension>
            <ns3:hr>164</ns3:hr>
            <ns3:cad>91</ns3:cad>
          </ns3:TrackPointExtension>
        </extensions>
      </trkpt>
      <trkpt lat="30.75060610659420490264892578125" lon="108.44661614857614040374755859375">
        <ele>442.399993896484375</ele>
        <time>2026-07-24T14:29:45.000Z</time>
        <extensions>
          <ns3:TrackPointExtension>
            <ns3:hr>164</ns3:hr>
            <ns3:cad>93</ns3:cad>
          </ns3:TrackPointExtension>
        </extensions>
      </trkpt>
      <trkpt lat="30.7505964674055576324462890625" lon="108.44663911499083042144775390625">
        <ele>442.600006103515625</ele>
        <time>2026-07-24T14:29:46.000Z</time>
        <extensions>
          <ns3:TrackPointExtension>
            <ns3:hr>165</ns3:hr>
            <ns3:cad>93</ns3:cad>
          </ns3:TrackPointExtension>
        </extensions>
      </trkpt>
      <trkpt lat="30.75058347545564174652099609375" lon="108.4466495923697948455810546875">
        <ele>442.600006103515625</ele>
        <time>2026-07-24T14:29:47.000Z</time>
        <extensions>
          <ns3:TrackPointExtension>
            <ns3:hr>165</ns3:hr>
            <ns3:cad>94</ns3:cad>
          </ns3:TrackPointExtension>
        </extensions>
      </trkpt>
      <trkpt lat="30.7505622692406177520751953125" lon="108.44665889628231525421142578125">
        <ele>442.79998779296875</ele>
        <time>2026-07-24T14:29:48.000Z</time>
        <extensions>
          <ns3:TrackPointExtension>
            <ns3:hr>165</ns3:hr>
            <ns3:cad>93</ns3:cad>
          </ns3:TrackPointExtension>
        </extensions>
      </trkpt>
      <trkpt lat="30.75054860673844814300537109375" lon="108.446661494672298431396484375">
        <ele>443</ele>
        <time>2026-07-24T14:29:49.000Z</time>
        <extensions>
          <ns3:TrackPointExtension>
            <ns3:hr>166</ns3:hr>
            <ns3:cad>93</ns3:cad>
          </ns3:TrackPointExtension>
        </extensions>
      </trkpt>
      <trkpt lat="30.7505247183144092559814453125" lon="108.4466589801013469696044921875">
        <ele>443.20001220703125</ele>
        <time>2026-07-24T14:29:50.000Z</time>
        <extensions>
          <ns3:TrackPointExtension>
            <ns3:hr>166</ns3:hr>
            <ns3:cad>93</ns3:cad>
          </ns3:TrackPointExtension>
        </extensions>
      </trkpt>
      <trkpt lat="30.75050870887935161590576171875" lon="108.446658141911029815673828125">
        <ele>443.399993896484375</ele>
        <time>2026-07-24T14:29:51.000Z</time>
        <extensions>
          <ns3:TrackPointExtension>
            <ns3:hr>167</ns3:hr>
            <ns3:cad>93</ns3:cad>
          </ns3:TrackPointExtension>
        </extensions>
      </trkpt>
      <trkpt lat="30.7504831440746784210205078125" lon="108.4466552920639514923095703125">
        <ele>443.600006103515625</ele>
        <time>2026-07-24T14:29:52.000Z</time>
        <extensions>
          <ns3:TrackPointExtension>
            <ns3:hr>167</ns3:hr>
            <ns3:cad>92</ns3:cad>
          </ns3:TrackPointExtension>
        </extensions>
      </trkpt>
      <trkpt lat="30.75046696700155735015869140625" lon="108.446656800806522369384765625">
        <ele>443.79998779296875</ele>
        <time>2026-07-24T14:29:53.000Z</time>
        <extensions>
          <ns3:TrackPointExtension>
            <ns3:hr>167</ns3:hr>
            <ns3:cad>93</ns3:cad>
          </ns3:TrackPointExtension>
        </extensions>
      </trkpt>
      <trkpt lat="30.75044081546366214752197265625" lon="108.44665319658815860748291015625">
        <ele>444</ele>
        <time>2026-07-24T14:29:54.000Z</time>
        <extensions>
          <ns3:TrackPointExtension>
            <ns3:hr>168</ns3:hr>
            <ns3:cad>93</ns3:cad>
          </ns3:TrackPointExtension>
        </extensions>
      </trkpt>
      <trkpt lat="30.750422962009906768798828125" lon="108.4466576389968395233154296875">
        <ele>444.20001220703125</ele>
        <time>2026-07-24T14:29:55.000Z</time>
        <extensions>
          <ns3:TrackPointExtension>
            <ns3:hr>168</ns3:hr>
            <ns3:cad>93</ns3:cad>
          </ns3:TrackPointExtension>
        </extensions>
      </trkpt>
      <trkpt lat="30.75039790011942386627197265625" lon="108.44665654934942722320556640625">
        <ele>444.399993896484375</ele>
        <time>2026-07-24T14:29:56.000Z</time>
        <extensions>
          <ns3:TrackPointExtension>
            <ns3:hr>168</ns3:hr>
            <ns3:cad>92</ns3:cad>
          </ns3:TrackPointExtension>
        </extensions>
      </trkpt>
      <trkpt lat="30.750382058322429656982421875" lon="108.446660153567790985107421875">
        <ele>444.600006103515625</ele>
        <time>2026-07-24T14:29:57.000Z</time>
        <extensions>
          <ns3:TrackPointExtension>
            <ns3:hr>169</ns3:hr>
            <ns3:cad>92</ns3:cad>
          </ns3:TrackPointExtension>
        </extensions>
      </trkpt>
      <trkpt lat="30.75035733170807361602783203125" lon="108.4466603212058544158935546875">
        <ele>444.79998779296875</ele>
        <time>2026-07-24T14:29:58.000Z</time>
        <extensions>
          <ns3:TrackPointExtension>
            <ns3:hr>169</ns3:hr>
            <ns3:cad>91</ns3:cad>
          </ns3:TrackPointExtension>
        </extensions>
      </trkpt>
      <trkpt lat="30.750341154634952545166015625" lon="108.4466703794896602630615234375">
        <ele>444.79998779296875</ele>
        <time>2026-07-24T14:29:59.000Z</time>
        <extensions>
          <ns3:TrackPointExtension>
            <ns3:hr>170</ns3:hr>
            <ns3:cad>90</ns3:cad>
          </ns3:TrackPointExtension>
        </extensions>
      </trkpt>
      <trkpt lat="30.7503175176680088043212890625" lon="108.44667213968932628631591796875">
        <ele>445</ele>
        <time>2026-07-24T14:30:00.000Z</time>
        <extensions>
          <ns3:TrackPointExtension>
            <ns3:hr>171</ns3:hr>
            <ns3:cad>90</ns3:cad>
          </ns3:TrackPointExtension>
        </extensions>
      </trkpt>
      <trkpt lat="30.7503000833094120025634765625" lon="108.4466744028031826019287109375">
        <ele>445.20001220703125</ele>
        <time>2026-07-24T14:30:01.000Z</time>
        <extensions>
          <ns3:TrackPointExtension>
            <ns3:hr>172</ns3:hr>
            <ns3:cad>90</ns3:cad>
          </ns3:TrackPointExtension>
        </extensions>
      </trkpt>
      <trkpt lat="30.75027585960924625396728515625" lon="108.44667163677513599395751953125">
        <ele>445.20001220703125</ele>
        <time>2026-07-24T14:30:02.000Z</time>
        <extensions>
          <ns3:TrackPointExtension>
            <ns3:hr>172</ns3:hr>
            <ns3:cad>89</ns3:cad>
          </ns3:TrackPointExtension>
        </extensions>
      </trkpt>
      <trkpt lat="30.7502628676593303680419921875" lon="108.44667616300284862518310546875">
        <ele>445.399993896484375</ele>
        <time>2026-07-24T14:30:03.000Z</time>
        <extensions>
          <ns3:TrackPointExtension>
            <ns3:hr>172</ns3:hr>
            <ns3:cad>90</ns3:cad>
          </ns3:TrackPointExtension>
        </extensions>
      </trkpt>
      <trkpt lat="30.75024132616817951202392578125" lon="108.44667549245059490203857421875">
        <ele>445.600006103515625</ele>
        <time>2026-07-24T14:30:04.000Z</time>
        <extensions>
          <ns3:TrackPointExtension>
            <ns3:hr>172</ns3:hr>
            <ns3:cad>90</ns3:cad>
          </ns3:TrackPointExtension>
        </extensions>
      </trkpt>
      <trkpt lat="30.75022875331342220306396484375" lon="108.4466854669153690338134765625">
        <ele>445.600006103515625</ele>
        <time>2026-07-24T14:30:05.000Z</time>
        <extensions>
          <ns3:TrackPointExtension>
            <ns3:hr>173</ns3:hr>
            <ns3:cad>90</ns3:cad>
          </ns3:TrackPointExtension>
        </extensions>
      </trkpt>
      <trkpt lat="30.75020696036517620086669921875" lon="108.446686305105686187744140625">
        <ele>446</ele>
        <time>2026-07-24T14:30:06.000Z</time>
        <extensions>
          <ns3:TrackPointExtension>
            <ns3:hr>173</ns3:hr>
            <ns3:cad>91</ns3:cad>
          </ns3:TrackPointExtension>
        </extensions>
      </trkpt>
      <trkpt lat="30.75018734671175479888916015625" lon="108.44668521545827388763427734375">
        <ele>446</ele>
        <time>2026-07-24T14:30:07.000Z</time>
        <extensions>
          <ns3:TrackPointExtension>
            <ns3:hr>173</ns3:hr>
            <ns3:cad>92</ns3:cad>
          </ns3:TrackPointExtension>
        </extensions>
      </trkpt>
      <trkpt lat="30.7501656375825405120849609375" lon="108.44668018631637096405029296875">
        <ele>446.20001220703125</ele>
        <time>2026-07-24T14:30:08.000Z</time>
        <extensions>
          <ns3:TrackPointExtension>
            <ns3:hr>174</ns3:hr>
            <ns3:cad>92</ns3:cad>
          </ns3:TrackPointExtension>
        </extensions>
      </trkpt>
      <trkpt lat="30.7501431740820407867431640625" lon="108.44668270088732242584228515625">
        <ele>446.20001220703125</ele>
        <time>2026-07-24T14:30:09.000Z</time>
        <extensions>
          <ns3:TrackPointExtension>
            <ns3:hr>174</ns3:hr>
            <ns3:cad>92</ns3:cad>
          </ns3:TrackPointExtension>
        </extensions>
      </trkpt>
      <trkpt lat="30.75012247078120708465576171875" lon="108.44668135978281497955322265625">
        <ele>446.399993896484375</ele>
        <time>2026-07-24T14:30:10.000Z</time>
        <extensions>
          <ns3:TrackPointExtension>
            <ns3:hr>174</ns3:hr>
            <ns3:cad>93</ns3:cad>
          </ns3:TrackPointExtension>
        </extensions>
      </trkpt>
      <trkpt lat="30.7501012645661830902099609375" lon="108.44668303616344928741455078125">
        <ele>446.600006103515625</ele>
        <time>2026-07-24T14:30:11.000Z</time>
        <extensions>
          <ns3:TrackPointExtension>
            <ns3:hr>175</ns3:hr>
            <ns3:cad>93</ns3:cad>
          </ns3:TrackPointExtension>
        </extensions>
      </trkpt>
      <trkpt lat="30.75008207000792026519775390625" lon="108.44668404199182987213134765625">
        <ele>446.79998779296875</ele>
        <time>2026-07-24T14:30:12.000Z</time>
        <extensions>
          <ns3:TrackPointExtension>
            <ns3:hr>176</ns3:hr>
            <ns3:cad>93</ns3:cad>
          </ns3:TrackPointExtension>
        </extensions>
      </trkpt>
      <trkpt lat="30.75005709193646907806396484375" lon="108.44668655656278133392333984375">
        <ele>447</ele>
        <time>2026-07-24T14:30:13.000Z</time>
        <extensions>
          <ns3:TrackPointExtension>
            <ns3:hr>177</ns3:hr>
            <ns3:cad>93</ns3:cad>
          </ns3:TrackPointExtension>
        </extensions>
      </trkpt>
      <trkpt lat="30.75003999285399913787841796875" lon="108.44669326208531856536865234375">
        <ele>447</ele>
        <time>2026-07-24T14:30:14.000Z</time>
        <extensions>
          <ns3:TrackPointExtension>
            <ns3:hr>177</ns3:hr>
            <ns3:cad>93</ns3:cad>
          </ns3:TrackPointExtension>
        </extensions>
      </trkpt>
      <trkpt lat="30.7500167749822139739990234375" lon="108.44670147635042667388916015625">
        <ele>447</ele>
        <time>2026-07-24T14:30:15.000Z</time>
        <extensions>
          <ns3:TrackPointExtension>
            <ns3:hr>178</ns3:hr>
            <ns3:cad>93</ns3:cad>
          </ns3:TrackPointExtension>
        </extensions>
      </trkpt>
      <trkpt lat="30.75000227428972721099853515625" lon="108.4467029012739658355712890625">
        <ele>447.399993896484375</ele>
        <time>2026-07-24T14:30:16.000Z</time>
        <extensions>
          <ns3:TrackPointExtension>
            <ns3:hr>178</ns3:hr>
            <ns3:cad>93</ns3:cad>
          </ns3:TrackPointExtension>
        </extensions>
      </trkpt>
      <trkpt lat="30.74998316355049610137939453125" lon="108.4467072598636150360107421875">
        <ele>447.399993896484375</ele>
        <time>2026-07-24T14:30:17.000Z</time>
        <extensions>
          <ns3:TrackPointExtension>
            <ns3:hr>178</ns3:hr>
            <ns3:cad>93</ns3:cad>
          </ns3:TrackPointExtension>
        </extensions>
      </trkpt>
      <trkpt lat="30.74996388517320156097412109375" lon="108.4467109479010105133056640625">
        <ele>447.600006103515625</ele>
        <time>2026-07-24T14:30:18.000Z</time>
        <extensions>
          <ns3:TrackPointExtension>
            <ns3:hr>179</ns3:hr>
            <ns3:cad>93</ns3:cad>
          </ns3:TrackPointExtension>
        </extensions>
      </trkpt>
      <trkpt lat="30.7499456964433193206787109375" lon="108.4467166475951671600341796875">
        <ele>447.79998779296875</ele>
        <time>2026-07-24T14:30:19.000Z</time>
        <extensions>
          <ns3:TrackPointExtension>
            <ns3:hr>179</ns3:hr>
            <ns3:cad>92</ns3:cad>
          </ns3:TrackPointExtension>
        </extensions>
      </trkpt>
      <trkpt lat="30.74992574751377105712890625" lon="108.4467226825654506683349609375">
        <ele>447.79998779296875</ele>
        <time>2026-07-24T14:30:20.000Z</time>
        <extensions>
          <ns3:TrackPointExtension>
            <ns3:hr>179</ns3:hr>
            <ns3:cad>91</ns3:cad>
          </ns3:TrackPointExtension>
        </extensions>
      </trkpt>
      <trkpt lat="30.74990454129874706268310546875" lon="108.4467248618602752685546875">
        <ele>448.20001220703125</ele>
        <time>2026-07-24T14:30:21.000Z</time>
        <extensions>
          <ns3:TrackPointExtension>
            <ns3:hr>179</ns3:hr>
            <ns3:cad>91</ns3:cad>
          </ns3:TrackPointExtension>
        </extensions>
      </trkpt>
      <trkpt lat="30.74988325126469135284423828125" lon="108.44672896899282932281494140625">
        <ele>448.20001220703125</ele>
        <time>2026-07-24T14:30:22.000Z</time>
        <extensions>
          <ns3:TrackPointExtension>
            <ns3:hr>179</ns3:hr>
            <ns3:cad>91</ns3:cad>
          </ns3:TrackPointExtension>
        </extensions>
      </trkpt>
      <trkpt lat="30.7498659007251262664794921875" lon="108.4467313997447490692138671875">
        <ele>448.20001220703125</ele>
        <time>2026-07-24T14:30:23.000Z</time>
        <extensions>
          <ns3:TrackPointExtension>
            <ns3:hr>180</ns3:hr>
            <ns3:cad>91</ns3:cad>
          </ns3:TrackPointExtension>
        </extensions>
      </trkpt>
      <trkpt lat="30.74984335340559482574462890625" lon="108.44673466868698596954345703125">
        <ele>448.399993896484375</ele>
        <time>2026-07-24T14:30:24.000Z</time>
        <extensions>
          <ns3:TrackPointExtension>
            <ns3:hr>180</ns3:hr>
            <ns3:cad>91</ns3:cad>
          </ns3:TrackPointExtension>
        </extensions>
      </trkpt>
      <trkpt lat="30.74982508085668087005615234375" lon="108.44673433341085910797119140625">
        <ele>448.399993896484375</ele>
        <time>2026-07-24T14:30:25.000Z</time>
        <extensions>
          <ns3:TrackPointExtension>
            <ns3:hr>180</ns3:hr>
            <ns3:cad>92</ns3:cad>
          </ns3:TrackPointExtension>
        </extensions>
      </trkpt>
      <trkpt lat="30.7498015277087688446044921875" lon="108.4467350877821445465087890625">
        <ele>448.600006103515625</ele>
        <time>2026-07-24T14:30:26.000Z</time>
        <extensions>
          <ns3:TrackPointExtension>
            <ns3:hr>180</ns3:hr>
            <ns3:cad>92</ns3:cad>
          </ns3:TrackPointExtension>
        </extensions>
      </trkpt>
      <trkpt lat="30.749780237674713134765625" lon="108.44673416577279567718505859375">
        <ele>448.600006103515625</ele>
        <time>2026-07-24T14:30:27.000Z</time>
        <extensions>
          <ns3:TrackPointExtension>
            <ns3:hr>181</ns3:hr>
            <ns3:cad>93</ns3:cad>
          </ns3:TrackPointExtension>
        </extensions>
      </trkpt>
      <trkpt lat="30.749764144420623779296875" lon="108.446730561554431915283203125">
        <ele>448.600006103515625</ele>
        <time>2026-07-24T14:30:28.000Z</time>
        <extensions>
          <ns3:TrackPointExtension>
            <ns3:hr>181</ns3:hr>
            <ns3:cad>93</ns3:cad>
          </ns3:TrackPointExtension>
        </extensions>
      </trkpt>
      <trkpt lat="30.74974469840526580810546875" lon="108.4467221796512603759765625">
        <ele>448.600006103515625</ele>
        <time>2026-07-24T14:30:29.000Z</time>
        <extensions>
          <ns3:TrackPointExtension>
            <ns3:hr>181</ns3:hr>
            <ns3:cad>93</ns3:cad>
          </ns3:TrackPointExtension>
        </extensions>
      </trkpt>
      <trkpt lat="30.749724246561527252197265625" lon="108.446718491613864898681640625">
        <ele>448.79998779296875</ele>
        <time>2026-07-24T14:30:30.000Z</time>
        <extensions>
          <ns3:TrackPointExtension>
            <ns3:hr>181</ns3:hr>
            <ns3:cad>93</ns3:cad>
          </ns3:TrackPointExtension>
        </extensions>
      </trkpt>
      <trkpt lat="30.74970773421227931976318359375" lon="108.446713127195835113525390625">
        <ele>449</ele>
        <time>2026-07-24T14:30:31.000Z</time>
        <extensions>
          <ns3:TrackPointExtension>
            <ns3:hr>182</ns3:hr>
            <ns3:cad>91</ns3:cad>
          </ns3:TrackPointExtension>
        </extensions>
      </trkpt>
      <trkpt lat="30.749685354530811309814453125" lon="108.446705751121044158935546875">
        <ele>449</ele>
        <time>2026-07-24T14:30:32.000Z</time>
        <extensions>
          <ns3:TrackPointExtension>
            <ns3:hr>182</ns3:hr>
            <ns3:cad>90</ns3:cad>
          </ns3:TrackPointExtension>
        </extensions>
      </trkpt>
      <trkpt lat="30.74966825544834136962890625" lon="108.44670348800718784332275390625">
        <ele>449</ele>
        <time>2026-07-24T14:30:33.000Z</time>
        <extensions>
          <ns3:TrackPointExtension>
            <ns3:hr>182</ns3:hr>
            <ns3:cad>90</ns3:cad>
          </ns3:TrackPointExtension>
        </extensions>
      </trkpt>
      <trkpt lat="30.749643780291080474853515625" lon="108.44669946469366550445556640625">
        <ele>449.20001220703125</ele>
        <time>2026-07-24T14:30:34.000Z</time>
        <extensions>
          <ns3:TrackPointExtension>
            <ns3:hr>182</ns3:hr>
            <ns3:cad>90</ns3:cad>
          </ns3:TrackPointExtension>
        </extensions>
      </trkpt>
      <trkpt lat="30.74962777085602283477783203125" lon="108.44670466147363185882568359375">
        <ele>449.20001220703125</ele>
        <time>2026-07-24T14:30:35.000Z</time>
        <extensions>
          <ns3:TrackPointExtension>
            <ns3:hr>183</ns3:hr>
            <ns3:cad>90</ns3:cad>
          </ns3:TrackPointExtension>
        </extensions>
      </trkpt>
      <trkpt lat="30.7496045529842376708984375" lon="108.44669912941753864288330078125">
        <ele>449.399993896484375</ele>
        <time>2026-07-24T14:30:36.000Z</time>
        <extensions>
          <ns3:TrackPointExtension>
            <ns3:hr>183</ns3:hr>
            <ns3:cad>91</ns3:cad>
          </ns3:TrackPointExtension>
        </extensions>
      </trkpt>
      <trkpt lat="30.74958720244467258453369140625" lon="108.4466995485126972198486328125">
        <ele>449.399993896484375</ele>
        <time>2026-07-24T14:30:37.000Z</time>
        <extensions>
          <ns3:TrackPointExtension>
            <ns3:hr>183</ns3:hr>
            <ns3:cad>91</ns3:cad>
          </ns3:TrackPointExtension>
        </extensions>
      </trkpt>
      <trkpt lat="30.7495614700019359588623046875" lon="108.44669292680919170379638671875">
        <ele>449.399993896484375</ele>
        <time>2026-07-24T14:30:38.000Z</time>
        <extensions>
          <ns3:TrackPointExtension>
            <ns3:hr>183</ns3:hr>
            <ns3:cad>91</ns3:cad>
          </ns3:TrackPointExtension>
        </extensions>
      </trkpt>
      <trkpt lat="30.749542526900768280029296875" lon="108.4466948546469211578369140625">
        <ele>449.600006103515625</ele>
        <time>2026-07-24T14:30:39.000Z</time>
        <extensions>
          <ns3:TrackPointExtension>
            <ns3:hr>182</ns3:hr>
            <ns3:cad>91</ns3:cad>
          </ns3:TrackPointExtension>
        </extensions>
      </trkpt>
      <trkpt lat="30.74951914139091968536376953125" lon="108.446691669523715972900390625">
        <ele>449.600006103515625</ele>
        <time>2026-07-24T14:30:40.000Z</time>
        <extensions>
          <ns3:TrackPointExtension>
            <ns3:hr>183</ns3:hr>
            <ns3:cad>93</ns3:cad>
          </ns3:TrackPointExtension>
        </extensions>
      </trkpt>
      <trkpt lat="30.7495001144707202911376953125" lon="108.44669242389500141143798828125">
        <ele>449.600006103515625</ele>
        <time>2026-07-24T14:30:41.000Z</time>
        <extensions>
          <ns3:TrackPointExtension>
            <ns3:hr>183</ns3:hr>
            <ns3:cad>93</ns3:cad>
          </ns3:TrackPointExtension>
        </extensions>
      </trkpt>
      <trkpt lat="30.74947915971279144287109375" lon="108.446690328419208526611328125">
        <ele>449.79998779296875</ele>
        <time>2026-07-24T14:30:42.000Z</time>
        <extensions>
          <ns3:TrackPointExtension>
            <ns3:hr>183</ns3:hr>
            <ns3:cad>93</ns3:cad>
          </ns3:TrackPointExtension>
        </extensions>
      </trkpt>
      <trkpt lat="30.74945560656487941741943359375" lon="108.44669066369533538818359375">
        <ele>449.79998779296875</ele>
        <time>2026-07-24T14:30:43.000Z</time>
        <extensions>
          <ns3:TrackPointExtension>
            <ns3:hr>183</ns3:hr>
            <ns3:cad>93</ns3:cad>
          </ns3:TrackPointExtension>
        </extensions>
      </trkpt>
      <trkpt lat="30.74943632818758487701416015625" lon="108.4466951899230480194091796875">
        <ele>449.79998779296875</ele>
        <time>2026-07-24T14:30:44.000Z</time>
        <extensions>
          <ns3:TrackPointExtension>
            <ns3:hr>183</ns3:hr>
            <ns3:cad>93</ns3:cad>
          </ns3:TrackPointExtension>
        </extensions>
      </trkpt>
      <trkpt lat="30.74941487051546573638916015625" lon="108.44669359736144542694091796875">
        <ele>450</ele>
        <time>2026-07-24T14:30:45.000Z</time>
        <extensions>
          <ns3:TrackPointExtension>
            <ns3:hr>183</ns3:hr>
            <ns3:cad>91</ns3:cad>
          </ns3:TrackPointExtension>
        </extensions>
      </trkpt>
      <trkpt lat="30.7493968494236469268798828125" lon="108.44669728539884090423583984375">
        <ele>450</ele>
        <time>2026-07-24T14:30:46.000Z</time>
        <extensions>
          <ns3:TrackPointExtension>
            <ns3:hr>183</ns3:hr>
            <ns3:cad>91</ns3:cad>
          </ns3:TrackPointExtension>
        </extensions>
      </trkpt>
      <trkpt lat="30.74937446974217891693115234375" lon="108.4467008896172046661376953125">
        <ele>450.20001220703125</ele>
        <time>2026-07-24T14:30:47.000Z</time>
        <extensions>
          <ns3:TrackPointExtension>
            <ns3:hr>183</ns3:hr>
            <ns3:cad>91</ns3:cad>
          </ns3:TrackPointExtension>
        </extensions>
      </trkpt>
      <trkpt lat="30.74935954995453357696533203125" lon="108.4467086009681224822998046875">
        <ele>450.20001220703125</ele>
        <time>2026-07-24T14:30:48.000Z</time>
        <extensions>
          <ns3:TrackPointExtension>
            <ns3:hr>182</ns3:hr>
            <ns3:cad>92</ns3:cad>
          </ns3:TrackPointExtension>
        </extensions>
      </trkpt>
      <trkpt lat="30.749333314597606658935546875" lon="108.44671052880585193634033203125">
        <ele>450.20001220703125</ele>
        <time>2026-07-24T14:30:49.000Z</time>
        <extensions>
          <ns3:TrackPointExtension>
            <ns3:hr>183</ns3:hr>
            <ns3:cad>92</ns3:cad>
          </ns3:TrackPointExtension>
        </extensions>
      </trkpt>
      <trkpt lat="30.74931277893483638763427734375" lon="108.44671321101486682891845703125">
        <ele>450.20001220703125</ele>
        <time>2026-07-24T14:30:50.000Z</time>
        <extensions>
          <ns3:TrackPointExtension>
            <ns3:hr>183</ns3:hr>
            <ns3:cad>93</ns3:cad>
          </ns3:TrackPointExtension>
        </extensions>
      </trkpt>
      <trkpt lat="30.74929115362465381622314453125" lon="108.44670650549232959747314453125">
        <ele>450.20001220703125</ele>
        <time>2026-07-24T14:30:51.000Z</time>
        <extensions>
          <ns3:TrackPointExtension>
            <ns3:hr>183</ns3:hr>
            <ns3:cad>93</ns3:cad>
          </ns3:TrackPointExtension>
        </extensions>
      </trkpt>
      <trkpt lat="30.7492711208760738372802734375" lon="108.44670273363590240478515625">
        <ele>450.20001220703125</ele>
        <time>2026-07-24T14:30:52.000Z</time>
        <extensions>
          <ns3:TrackPointExtension>
            <ns3:hr>183</ns3:hr>
            <ns3:cad>93</ns3:cad>
          </ns3:TrackPointExtension>
        </extensions>
      </trkpt>
      <trkpt lat="30.749251507222652435302734375" lon="108.44669275917112827301025390625">
        <ele>450.399993896484375</ele>
        <time>2026-07-24T14:30:53.000Z</time>
        <extensions>
          <ns3:TrackPointExtension>
            <ns3:hr>183</ns3:hr>
            <ns3:cad>93</ns3:cad>
          </ns3:TrackPointExtension>
        </extensions>
      </trkpt>
      <trkpt lat="30.74923130683600902557373046875" lon="108.446691334247589111328125">
        <ele>450.600006103515625</ele>
        <time>2026-07-24T14:30:54.000Z</time>
        <extensions>
          <ns3:TrackPointExtension>
            <ns3:hr>183</ns3:hr>
            <ns3:cad>93</ns3:cad>
          </ns3:TrackPointExtension>
        </extensions>
      </trkpt>
      <trkpt lat="30.749214626848697662353515625" lon="108.44668420962989330291748046875">
        <ele>450.600006103515625</ele>
        <time>2026-07-24T14:30:55.000Z</time>
        <extensions>
          <ns3:TrackPointExtension>
            <ns3:hr>182</ns3:hr>
            <ns3:cad>92</ns3:cad>
          </ns3:TrackPointExtension>
        </extensions>
      </trkpt>
      <trkpt lat="30.749193169176578521728515625" lon="108.44668655656278133392333984375">
        <ele>450.600006103515625</ele>
        <time>2026-07-24T14:30:56.000Z</time>
        <extensions>
          <ns3:TrackPointExtension>
            <ns3:hr>183</ns3:hr>
            <ns3:cad>92</ns3:cad>
          </ns3:TrackPointExtension>
        </extensions>
      </trkpt>
      <trkpt lat="30.74917213059961795806884765625" lon="108.4466874785721302032470703125">
        <ele>450.600006103515625</ele>
        <time>2026-07-24T14:30:57.000Z</time>
        <extensions>
          <ns3:TrackPointExtension>
            <ns3:hr>183</ns3:hr>
            <ns3:cad>92</ns3:cad>
          </ns3:TrackPointExtension>
        </extensions>
      </trkpt>
      <trkpt lat="30.74915301986038684844970703125" lon="108.4466861374676227569580078125">
        <ele>450.79998779296875</ele>
        <time>2026-07-24T14:30:58.000Z</time>
        <extensions>
          <ns3:TrackPointExtension>
            <ns3:hr>183</ns3:hr>
            <ns3:cad>93</ns3:cad>
          </ns3:TrackPointExtension>
        </extensions>
      </trkpt>
      <trkpt lat="30.74912921525537967681884765625" lon="108.4466851316392421722412109375">
        <ele>451</ele>
        <time>2026-07-24T14:30:59.000Z</time>
        <extensions>
          <ns3:TrackPointExtension>
            <ns3:hr>182</ns3:hr>
            <ns3:cad>93</ns3:cad>
          </ns3:TrackPointExtension>
        </extensions>
      </trkpt>
      <trkpt lat="30.74910700321197509765625" lon="108.44670114107429981231689453125">
        <ele>451</ele>
        <time>2026-07-24T14:31:00.000Z</time>
        <extensions>
          <ns3:TrackPointExtension>
            <ns3:hr>183</ns3:hr>
            <ns3:cad>93</ns3:cad>
          </ns3:TrackPointExtension>
        </extensions>
      </trkpt>
      <trkpt lat="30.7491018064320087432861328125" lon="108.4467186592519283294677734375">
        <ele>451.20001220703125</ele>
        <time>2026-07-24T14:31:01.000Z</time>
        <extensions>
          <ns3:TrackPointExtension>
            <ns3:hr>183</ns3:hr>
            <ns3:cad>93</ns3:cad>
          </ns3:TrackPointExtension>
        </extensions>
      </trkpt>
      <trkpt lat="30.7491034828126430511474609375" lon="108.44675092957913875579833984375">
        <ele>451.20001220703125</ele>
        <time>2026-07-24T14:31:02.000Z</time>
        <extensions>
          <ns3:TrackPointExtension>
            <ns3:hr>183</ns3:hr>
            <ns3:cad>92</ns3:cad>
          </ns3:TrackPointExtension>
        </extensions>
      </trkpt>
      <trkpt lat="30.74910499155521392822265625" lon="108.4467746503651142120361328125">
        <ele>451.20001220703125</ele>
        <time>2026-07-24T14:31:03.000Z</time>
        <extensions>
          <ns3:TrackPointExtension>
            <ns3:hr>184</ns3:hr>
            <ns3:cad>92</ns3:cad>
          </ns3:TrackPointExtension>
        </extensions>
      </trkpt>
      <trkpt lat="30.74910859577357769012451171875" lon="108.4468088485300540924072265625">
        <ele>451.20001220703125</ele>
        <time>2026-07-24T14:31:04.000Z</time>
        <extensions>
          <ns3:TrackPointExtension>
            <ns3:hr>184</ns3:hr>
            <ns3:cad>92</ns3:cad>
          </ns3:TrackPointExtension>
        </extensions>
      </trkpt>
      <trkpt lat="30.74911161325871944427490234375" lon="108.44683349132537841796875">
        <ele>451</ele>
        <time>2026-07-24T14:31:05.000Z</time>
        <extensions>
          <ns3:TrackPointExtension>
            <ns3:hr>184</ns3:hr>
            <ns3:cad>90</ns3:cad>
          </ns3:TrackPointExtension>
        </extensions>
      </trkpt>
      <trkpt lat="30.7491162233054637908935546875" lon="108.4468614868819713592529296875">
        <ele>451</ele>
        <time>2026-07-24T14:31:06.000Z</time>
        <extensions>
          <ns3:TrackPointExtension>
            <ns3:hr>184</ns3:hr>
            <ns3:cad>90</ns3:cad>
          </ns3:TrackPointExtension>
        </extensions>
      </trkpt>
      <trkpt lat="30.7491235993802547454833984375" lon="108.446882776916027069091796875">
        <ele>451</ele>
        <time>2026-07-24T14:31:07.000Z</time>
        <extensions>
          <ns3:TrackPointExtension>
            <ns3:hr>184</ns3:hr>
            <ns3:cad>90</ns3:cad>
          </ns3:TrackPointExtension>
        </extensions>
      </trkpt>
      <trkpt lat="30.74912779033184051513671875" lon="108.44691588543355464935302734375">
        <ele>450.79998779296875</ele>
        <time>2026-07-24T14:31:08.000Z</time>
        <extensions>
          <ns3:TrackPointExtension>
            <ns3:hr>183</ns3:hr>
            <ns3:cad>90</ns3:cad>
          </ns3:TrackPointExtension>
        </extensions>
      </trkpt>
      <trkpt lat="30.7491338253021240234375" lon="108.44693600200116634368896484375">
        <ele>450.600006103515625</ele>
        <time>2026-07-24T14:31:09.000Z</time>
        <extensions>
          <ns3:TrackPointExtension>
            <ns3:hr>183</ns3:hr>
            <ns3:cad>90</ns3:cad>
          </ns3:TrackPointExtension>
        </extensions>
      </trkpt>
      <trkpt lat="30.749136172235012054443359375" lon="108.4469657577574253082275390625">
        <ele>450.399993896484375</ele>
        <time>2026-07-24T14:31:10.000Z</time>
        <extensions>
          <ns3:TrackPointExtension>
            <ns3:hr>182</ns3:hr>
            <ns3:cad>90</ns3:cad>
          </ns3:TrackPointExtension>
        </extensions>
      </trkpt>
      <trkpt lat="30.7491380162537097930908203125" lon="108.44698277302086353302001953125">
        <ele>450.399993896484375</ele>
        <time>2026-07-24T14:31:11.000Z</time>
        <extensions>
          <ns3:TrackPointExtension>
            <ns3:hr>182</ns3:hr>
            <ns3:cad>90</ns3:cad>
          </ns3:TrackPointExtension>
        </extensions>
      </trkpt>
      <trkpt lat="30.7491338253021240234375" lon="108.44701160676777362823486328125">
        <ele>450.20001220703125</ele>
        <time>2026-07-24T14:31:12.000Z</time>
        <extensions>
          <ns3:TrackPointExtension>
            <ns3:hr>181</ns3:hr>
            <ns3:cad>90</ns3:cad>
          </ns3:TrackPointExtension>
        </extensions>
      </trkpt>
      <trkpt lat="30.74913726188242435455322265625" lon="108.447032310068607330322265625">
        <ele>450.20001220703125</ele>
        <time>2026-07-24T14:31:13.000Z</time>
        <extensions>
          <ns3:TrackPointExtension>
            <ns3:hr>181</ns3:hr>
            <ns3:cad>90</ns3:cad>
          </ns3:TrackPointExtension>
        </extensions>
      </trkpt>
      <trkpt lat="30.749136172235012054443359375" lon="108.447067178785800933837890625">
        <ele>450</ele>
        <time>2026-07-24T14:31:14.000Z</time>
        <extensions>
          <ns3:TrackPointExtension>
            <ns3:hr>181</ns3:hr>
            <ns3:cad>90</ns3:cad>
          </ns3:TrackPointExtension>
        </extensions>
      </trkpt>
      <trkpt lat="30.74913826771080493927001953125" lon="108.44709374941885471343994140625">
        <ele>449.79998779296875</ele>
        <time>2026-07-24T14:31:15.000Z</time>
        <extensions>
          <ns3:TrackPointExtension>
            <ns3:hr>180</ns3:hr>
            <ns3:cad>90</ns3:cad>
          </ns3:TrackPointExtension>
        </extensions>
      </trkpt>
      <trkpt lat="30.7491353340446949005126953125" lon="108.4471219964325428009033203125">
        <ele>449.79998779296875</ele>
        <time>2026-07-24T14:31:16.000Z</time>
        <extensions>
          <ns3:TrackPointExtension>
            <ns3:hr>180</ns3:hr>
            <ns3:cad>90</ns3:cad>
          </ns3:TrackPointExtension>
        </extensions>
      </trkpt>
      <trkpt lat="30.74913206510245800018310546875" lon="108.4471488185226917266845703125">
        <ele>449.79998779296875</ele>
        <time>2026-07-24T14:31:17.000Z</time>
        <extensions>
          <ns3:TrackPointExtension>
            <ns3:hr>179</ns3:hr>
            <ns3:cad>90</ns3:cad>
          </ns3:TrackPointExtension>
        </extensions>
      </trkpt>
      <trkpt lat="30.7491121999919414520263671875" lon="108.44716943800449371337890625">
        <ele>449.600006103515625</ele>
        <time>2026-07-24T14:31:18.000Z</time>
        <extensions>
          <ns3:TrackPointExtension>
            <ns3:hr>179</ns3:hr>
            <ns3:cad>90</ns3:cad>
          </ns3:TrackPointExtension>
        </extensions>
      </trkpt>
      <trkpt lat="30.74909836985170841217041015625" lon="108.44718092121183872222900390625">
        <ele>449.600006103515625</ele>
        <time>2026-07-24T14:31:19.000Z</time>
        <extensions>
          <ns3:TrackPointExtension>
            <ns3:hr>179</ns3:hr>
            <ns3:cad>90</ns3:cad>
          </ns3:TrackPointExtension>
        </extensions>
      </trkpt>
      <trkpt lat="30.74907707981765270233154296875" lon="108.4471823461353778839111328125">
        <ele>449.399993896484375</ele>
        <time>2026-07-24T14:31:20.000Z</time>
        <extensions>
          <ns3:TrackPointExtension>
            <ns3:hr>179</ns3:hr>
            <ns3:cad>91</ns3:cad>
          </ns3:TrackPointExtension>
        </extensions>
      </trkpt>
      <trkpt lat="30.74905335903167724609375" lon="108.44718745909631252288818359375">
        <ele>449.399993896484375</ele>
        <time>2026-07-24T14:31:21.000Z</time>
        <extensions>
          <ns3:TrackPointExtension>
            <ns3:hr>179</ns3:hr>
            <ns3:cad>92</ns3:cad>
          </ns3:TrackPointExtension>
        </extensions>
      </trkpt>
      <trkpt lat="30.74902779422700405120849609375" lon="108.44718863256275653839111328125">
        <ele>449.20001220703125</ele>
        <time>2026-07-24T14:31:22.000Z</time>
        <extensions>
          <ns3:TrackPointExtension>
            <ns3:hr>180</ns3:hr>
            <ns3:cad>92</ns3:cad>
          </ns3:TrackPointExtension>
        </extensions>
      </trkpt>
      <trkpt lat="30.74900885112583637237548828125" lon="108.44718829728662967681884765625">
        <ele>449.20001220703125</ele>
        <time>2026-07-24T14:31:23.000Z</time>
        <extensions>
          <ns3:TrackPointExtension>
            <ns3:hr>179</ns3:hr>
            <ns3:cad>93</ns3:cad>
          </ns3:TrackPointExtension>
        </extensions>
      </trkpt>
      <trkpt lat="30.74899225495755672454833984375" lon="108.447186537086963653564453125">
        <ele>449.20001220703125</ele>
        <time>2026-07-24T14:31:24.000Z</time>
        <extensions>
          <ns3:TrackPointExtension>
            <ns3:hr>180</ns3:hr>
            <ns3:cad>93</ns3:cad>
          </ns3:TrackPointExtension>
        </extensions>
      </trkpt>
    </trkseg>
  </trk>
</gpx>
