<gpx xmlns:ns3="http://www.garmin.com/xmlschemas/TrackPointExtension/v1" xmlns="http://www.topografix.com/GPX/1/1" xmlns:xsi="http://www.w3.org/2001/XMLSchema-instance" xmlns:ns2="http://www.garmin.com/xmlschemas/GpxExtensions/v3" creator="Garmin Connect" version="1.1" xsi:schemaLocation="http://www.topografix.com/GPX/1/1 http://www.topografix.com/GPX/11.xsd">
  <extensions>
<distance>6407.28</distance>
<average_hr>155.0</average_hr>
<average_speed>2.8450000286102295</average_speed>
<start_time>2026-08-28T02:57:52+00:00</start_time>
<end_time>2026-08-28T03:35:24.063000+00:00</end_time>
<moving_time>2249.186</moving_time>
<elapsed_time>2252.063</elapsed_time>
</extensions>
<metadata>
    <link href="connect.garmin.com">
      <text>Garmin Connect</text>
    </link>
    <time>2026-08-28T02:57:52.000Z</time>
  </metadata>
  <trk>
    <name>忻州市 跑步</name>
    <type>running</type>
    <trkseg>
      <trkpt lat="38.72483463026583194732666015625" lon="112.7353442274034023284912109375">
        <ele>810.5999755859375</ele>
        <time>2026-08-28T02:57:52.000Z</time>
        <extensions>
          <ns3:TrackPointExtension>
            <ns3:hr>121</ns3:hr>
            <ns3:cad>91</ns3:cad>
          </ns3:TrackPointExtension>
        </extensions>
      </trkpt>
      <trkpt lat="38.72482381761074066162109375" lon="112.735377587378025054931640625">
        <ele>810.5999755859375</ele>
        <time>2026-08-28T02:57:53.000Z</time>
        <extensions>
          <ns3:TrackPointExtension>
            <ns3:hr>120</ns3:hr>
            <ns3:cad>91</ns3:cad>
          </ns3:TrackPointExtension>
        </extensions>
      </trkpt>
      <trkpt lat="38.72481149621307849884033203125" lon="112.73541069589555263519287109375">
        <ele>810.5999755859375</ele>
        <time>2026-08-28T02:57:54.000Z</time>
        <extensions>
          <ns3:TrackPointExtension>
            <ns3:hr>121</ns3:hr>
            <ns3:cad>91</ns3:cad>
          </ns3:TrackPointExtension>
        </extensions>
      </trkpt>
      <trkpt lat="38.72479406185448169708251953125" lon="112.73539996705949306488037109375">
        <ele>810.4000244140625</ele>
        <time>2026-08-28T02:57:55.000Z</time>
        <extensions>
          <ns3:TrackPointExtension>
            <ns3:hr>122</ns3:hr>
            <ns3:cad>91</ns3:cad>
          </ns3:TrackPointExtension>
        </extensions>
      </trkpt>
      <trkpt lat="38.72478618286550045013427734375" lon="112.73542645387351512908935546875">
        <ele>810.5999755859375</ele>
        <time>2026-08-28T02:57:56.000Z</time>
        <extensions>
          <ns3:TrackPointExtension>
            <ns3:hr>124</ns3:hr>
            <ns3:cad>91</ns3:cad>
          </ns3:TrackPointExtension>
        </extensions>
      </trkpt>
      <trkpt lat="38.72477796860039234161376953125" lon="112.73545570671558380126953125">
        <ele>810.4000244140625</ele>
        <time>2026-08-28T02:57:57.000Z</time>
        <extensions>
          <ns3:TrackPointExtension>
            <ns3:hr>125</ns3:hr>
            <ns3:cad>90</ns3:cad>
          </ns3:TrackPointExtension>
        </extensions>
      </trkpt>
      <trkpt lat="38.72476941905915737152099609375" lon="112.73548227734863758087158203125">
        <ele>810.4000244140625</ele>
        <time>2026-08-28T02:57:58.000Z</time>
        <extensions>
          <ns3:TrackPointExtension>
            <ns3:hr>126</ns3:hr>
            <ns3:cad>90</ns3:cad>
          </ns3:TrackPointExtension>
        </extensions>
      </trkpt>
      <trkpt lat="38.7247602827847003936767578125" lon="112.73551044054329395294189453125">
        <ele>810.4000244140625</ele>
        <time>2026-08-28T02:57:59.000Z</time>
        <extensions>
          <ns3:TrackPointExtension>
            <ns3:hr>127</ns3:hr>
            <ns3:cad>89</ns3:cad>
          </ns3:TrackPointExtension>
        </extensions>
      </trkpt>
      <trkpt lat="38.72475248761475086212158203125" lon="112.73553642444312572479248046875">
        <ele>810.4000244140625</ele>
        <time>2026-08-28T02:58:00.000Z</time>
        <extensions>
          <ns3:TrackPointExtension>
            <ns3:hr>127</ns3:hr>
            <ns3:cad>89</ns3:cad>
          </ns3:TrackPointExtension>
        </extensions>
      </trkpt>
      <trkpt lat="38.72474645264446735382080078125" lon="112.73556433618068695068359375">
        <ele>810.4000244140625</ele>
        <time>2026-08-28T02:58:01.000Z</time>
        <extensions>
          <ns3:TrackPointExtension>
            <ns3:hr>128</ns3:hr>
            <ns3:cad>89</ns3:cad>
          </ns3:TrackPointExtension>
        </extensions>
      </trkpt>
      <trkpt lat="38.724732957780361175537109375" lon="112.73558688350021839141845703125">
        <ele>810.20001220703125</ele>
        <time>2026-08-28T02:58:02.000Z</time>
        <extensions>
          <ns3:TrackPointExtension>
            <ns3:hr>128</ns3:hr>
            <ns3:cad>90</ns3:cad>
          </ns3:TrackPointExtension>
        </extensions>
      </trkpt>
      <trkpt lat="38.7247213907539844512939453125" lon="112.7356131188571453094482421875">
        <ele>810.20001220703125</ele>
        <time>2026-08-28T02:58:03.000Z</time>
        <extensions>
          <ns3:TrackPointExtension>
            <ns3:hr>129</ns3:hr>
            <ns3:cad>90</ns3:cad>
          </ns3:TrackPointExtension>
        </extensions>
      </trkpt>
      <trkpt lat="38.72470789588987827301025390625" lon="112.735636420547962188720703125">
        <ele>810.20001220703125</ele>
        <time>2026-08-28T02:58:04.000Z</time>
        <extensions>
          <ns3:TrackPointExtension>
            <ns3:hr>129</ns3:hr>
            <ns3:cad>90</ns3:cad>
          </ns3:TrackPointExtension>
        </extensions>
      </trkpt>
      <trkpt lat="38.72469842433929443359375" lon="112.73566751740872859954833984375">
        <ele>810.20001220703125</ele>
        <time>2026-08-28T02:58:05.000Z</time>
        <extensions>
          <ns3:TrackPointExtension>
            <ns3:hr>130</ns3:hr>
            <ns3:cad>89</ns3:cad>
          </ns3:TrackPointExtension>
        </extensions>
      </trkpt>
      <trkpt lat="38.72468409128487110137939453125" lon="112.73569308221340179443359375">
        <ele>810.20001220703125</ele>
        <time>2026-08-28T02:58:06.000Z</time>
        <extensions>
          <ns3:TrackPointExtension>
            <ns3:hr>130</ns3:hr>
            <ns3:cad>89</ns3:cad>
          </ns3:TrackPointExtension>
        </extensions>
      </trkpt>
      <trkpt lat="38.72467487119138240814208984375" lon="112.7357230894267559051513671875">
        <ele>810.20001220703125</ele>
        <time>2026-08-28T02:58:07.000Z</time>
        <extensions>
          <ns3:TrackPointExtension>
            <ns3:hr>131</ns3:hr>
            <ns3:cad>89</ns3:cad>
          </ns3:TrackPointExtension>
        </extensions>
      </trkpt>
      <trkpt lat="38.7246603704988956451416015625" lon="112.735752761363983154296875">
        <ele>810.20001220703125</ele>
        <time>2026-08-28T02:58:08.000Z</time>
        <extensions>
          <ns3:TrackPointExtension>
            <ns3:hr>132</ns3:hr>
            <ns3:cad>89</ns3:cad>
          </ns3:TrackPointExtension>
        </extensions>
      </trkpt>
      <trkpt lat="38.72465760447084903717041015625" lon="112.73578226566314697265625">
        <ele>810.20001220703125</ele>
        <time>2026-08-28T02:58:09.000Z</time>
        <extensions>
          <ns3:TrackPointExtension>
            <ns3:hr>132</ns3:hr>
            <ns3:cad>90</ns3:cad>
          </ns3:TrackPointExtension>
        </extensions>
      </trkpt>
      <trkpt lat="38.72464486397802829742431640625" lon="112.73581705056130886077880859375">
        <ele>810.20001220703125</ele>
        <time>2026-08-28T02:58:10.000Z</time>
        <extensions>
          <ns3:TrackPointExtension>
            <ns3:hr>133</ns3:hr>
            <ns3:cad>90</ns3:cad>
          </ns3:TrackPointExtension>
        </extensions>
      </trkpt>
      <trkpt lat="38.72464201413094997406005859375" lon="112.73584404028952121734619140625">
        <ele>810.20001220703125</ele>
        <time>2026-08-28T02:58:11.000Z</time>
        <extensions>
          <ns3:TrackPointExtension>
            <ns3:hr>134</ns3:hr>
            <ns3:cad>89</ns3:cad>
          </ns3:TrackPointExtension>
        </extensions>
      </trkpt>
      <trkpt lat="38.7246353924274444580078125" lon="112.7358810044825077056884765625">
        <ele>810.20001220703125</ele>
        <time>2026-08-28T02:58:12.000Z</time>
        <extensions>
          <ns3:TrackPointExtension>
            <ns3:hr>134</ns3:hr>
            <ns3:cad>88</ns3:cad>
          </ns3:TrackPointExtension>
        </extensions>
      </trkpt>
      <trkpt lat="38.72463799081742763519287109375" lon="112.7359061501920223236083984375">
        <ele>810.20001220703125</ele>
        <time>2026-08-28T02:58:13.000Z</time>
        <extensions>
          <ns3:TrackPointExtension>
            <ns3:hr>135</ns3:hr>
            <ns3:cad>88</ns3:cad>
          </ns3:TrackPointExtension>
        </extensions>
      </trkpt>
      <trkpt lat="38.7246300280094146728515625" lon="112.73594127036631107330322265625">
        <ele>810.20001220703125</ele>
        <time>2026-08-28T02:58:14.000Z</time>
        <extensions>
          <ns3:TrackPointExtension>
            <ns3:hr>136</ns3:hr>
            <ns3:cad>89</ns3:cad>
          </ns3:TrackPointExtension>
        </extensions>
      </trkpt>
      <trkpt lat="38.72462491504848003387451171875" lon="112.735967673361301422119140625">
        <ele>810.20001220703125</ele>
        <time>2026-08-28T02:58:15.000Z</time>
        <extensions>
          <ns3:TrackPointExtension>
            <ns3:hr>136</ns3:hr>
            <ns3:cad>89</ns3:cad>
          </ns3:TrackPointExtension>
        </extensions>
      </trkpt>
      <trkpt lat="38.72461250983178615570068359375" lon="112.73600229062139987945556640625">
        <ele>810.20001220703125</ele>
        <time>2026-08-28T02:58:16.000Z</time>
        <extensions>
          <ns3:TrackPointExtension>
            <ns3:hr>137</ns3:hr>
            <ns3:cad>89</ns3:cad>
          </ns3:TrackPointExtension>
        </extensions>
      </trkpt>
      <trkpt lat="38.724610246717929840087890625" lon="112.73602793924510478973388671875">
        <ele>810.20001220703125</ele>
        <time>2026-08-28T02:58:17.000Z</time>
        <extensions>
          <ns3:TrackPointExtension>
            <ns3:hr>137</ns3:hr>
            <ns3:cad>89</ns3:cad>
          </ns3:TrackPointExtension>
        </extensions>
      </trkpt>
      <trkpt lat="38.7245916388928890228271484375" lon="112.73605895228683948516845703125">
        <ele>810</ele>
        <time>2026-08-28T02:58:18.000Z</time>
        <extensions>
          <ns3:TrackPointExtension>
            <ns3:hr>138</ns3:hr>
            <ns3:cad>89</ns3:cad>
          </ns3:TrackPointExtension>
        </extensions>
      </trkpt>
      <trkpt lat="38.72458719648420810699462890625" lon="112.7360828407108783721923828125">
        <ele>810</ele>
        <time>2026-08-28T02:58:19.000Z</time>
        <extensions>
          <ns3:TrackPointExtension>
            <ns3:hr>138</ns3:hr>
            <ns3:cad>89</ns3:cad>
          </ns3:TrackPointExtension>
        </extensions>
      </trkpt>
      <trkpt lat="38.72457227669656276702880859375" lon="112.73611695505678653717041015625">
        <ele>810</ele>
        <time>2026-08-28T02:58:20.000Z</time>
        <extensions>
          <ns3:TrackPointExtension>
            <ns3:hr>138</ns3:hr>
            <ns3:cad>89</ns3:cad>
          </ns3:TrackPointExtension>
        </extensions>
      </trkpt>
      <trkpt lat="38.72456992976367473602294921875" lon="112.73613975383341312408447265625">
        <ele>810</ele>
        <time>2026-08-28T02:58:21.000Z</time>
        <extensions>
          <ns3:TrackPointExtension>
            <ns3:hr>138</ns3:hr>
            <ns3:cad>90</ns3:cad>
          </ns3:TrackPointExtension>
        </extensions>
      </trkpt>
      <trkpt lat="38.724556267261505126953125" lon="112.73617395199835300445556640625">
        <ele>809.79998779296875</ele>
        <time>2026-08-28T02:58:22.000Z</time>
        <extensions>
          <ns3:TrackPointExtension>
            <ns3:hr>139</ns3:hr>
            <ns3:cad>91</ns3:cad>
          </ns3:TrackPointExtension>
        </extensions>
      </trkpt>
      <trkpt lat="38.7245477177202701568603515625" lon="112.73620043881237506866455078125">
        <ele>809.79998779296875</ele>
        <time>2026-08-28T02:58:23.000Z</time>
        <extensions>
          <ns3:TrackPointExtension>
            <ns3:hr>139</ns3:hr>
            <ns3:cad>91</ns3:cad>
          </ns3:TrackPointExtension>
        </extensions>
      </trkpt>
      <trkpt lat="38.7245346419513225555419921875" lon="112.73622994311153888702392578125">
        <ele>809.79998779296875</ele>
        <time>2026-08-28T02:58:24.000Z</time>
        <extensions>
          <ns3:TrackPointExtension>
            <ns3:hr>137</ns3:hr>
            <ns3:cad>90</ns3:cad>
          </ns3:TrackPointExtension>
        </extensions>
      </trkpt>
      <trkpt lat="38.72453003190457820892333984375" lon="112.73625542409718036651611328125">
        <ele>809.79998779296875</ele>
        <time>2026-08-28T02:58:25.000Z</time>
        <extensions>
          <ns3:TrackPointExtension>
            <ns3:hr>136</ns3:hr>
            <ns3:cad>90</ns3:cad>
          </ns3:TrackPointExtension>
        </extensions>
      </trkpt>
      <trkpt lat="38.72451511211693286895751953125" lon="112.7362836711108684539794921875">
        <ele>809.79998779296875</ele>
        <time>2026-08-28T02:58:26.000Z</time>
        <extensions>
          <ns3:TrackPointExtension>
            <ns3:hr>136</ns3:hr>
            <ns3:cad>90</ns3:cad>
          </ns3:TrackPointExtension>
        </extensions>
      </trkpt>
      <trkpt lat="38.72450907714664936065673828125" lon="112.73630823008716106414794921875">
        <ele>809.79998779296875</ele>
        <time>2026-08-28T02:58:27.000Z</time>
        <extensions>
          <ns3:TrackPointExtension>
            <ns3:hr>134</ns3:hr>
            <ns3:cad>90</ns3:cad>
          </ns3:TrackPointExtension>
        </extensions>
      </trkpt>
      <trkpt lat="38.72449499554932117462158203125" lon="112.736334465444087982177734375">
        <ele>809.79998779296875</ele>
        <time>2026-08-28T02:58:28.000Z</time>
        <extensions>
          <ns3:TrackPointExtension>
            <ns3:hr>134</ns3:hr>
            <ns3:cad>91</ns3:cad>
          </ns3:TrackPointExtension>
        </extensions>
      </trkpt>
      <trkpt lat="38.72448946349322795867919921875" lon="112.7363614551723003387451171875">
        <ele>809.79998779296875</ele>
        <time>2026-08-28T02:58:29.000Z</time>
        <extensions>
          <ns3:TrackPointExtension>
            <ns3:hr>134</ns3:hr>
            <ns3:cad>92</ns3:cad>
          </ns3:TrackPointExtension>
        </extensions>
      </trkpt>
      <trkpt lat="38.72447705827653408050537109375" lon="112.7363924682140350341796875">
        <ele>809.79998779296875</ele>
        <time>2026-08-28T02:58:30.000Z</time>
        <extensions>
          <ns3:TrackPointExtension>
            <ns3:hr>133</ns3:hr>
            <ns3:cad>92</ns3:cad>
          </ns3:TrackPointExtension>
        </extensions>
      </trkpt>
      <trkpt lat="38.72447269968688488006591796875" lon="112.73641727864742279052734375">
        <ele>809.79998779296875</ele>
        <time>2026-08-28T02:58:31.000Z</time>
        <extensions>
          <ns3:TrackPointExtension>
            <ns3:hr>133</ns3:hr>
            <ns3:cad>90</ns3:cad>
          </ns3:TrackPointExtension>
        </extensions>
      </trkpt>
      <trkpt lat="38.7244588695466518402099609375" lon="112.7364462800323963165283203125">
        <ele>809.79998779296875</ele>
        <time>2026-08-28T02:58:32.000Z</time>
        <extensions>
          <ns3:TrackPointExtension>
            <ns3:hr>133</ns3:hr>
            <ns3:cad>90</ns3:cad>
          </ns3:TrackPointExtension>
        </extensions>
      </trkpt>
      <trkpt lat="38.724455349147319793701171875" lon="112.736473940312862396240234375">
        <ele>809.79998779296875</ele>
        <time>2026-08-28T02:58:33.000Z</time>
        <extensions>
          <ns3:TrackPointExtension>
            <ns3:hr>134</ns3:hr>
            <ns3:cad>90</ns3:cad>
          </ns3:TrackPointExtension>
        </extensions>
      </trkpt>
      <trkpt lat="38.72443917207419872283935546875" lon="112.73650570772588253021240234375">
        <ele>809.79998779296875</ele>
        <time>2026-08-28T02:58:34.000Z</time>
        <extensions>
          <ns3:TrackPointExtension>
            <ns3:hr>133</ns3:hr>
            <ns3:cad>90</ns3:cad>
          </ns3:TrackPointExtension>
        </extensions>
      </trkpt>
      <trkpt lat="38.72443162836134433746337890625" lon="112.7365331165492534637451171875">
        <ele>809.5999755859375</ele>
        <time>2026-08-28T02:58:35.000Z</time>
        <extensions>
          <ns3:TrackPointExtension>
            <ns3:hr>133</ns3:hr>
            <ns3:cad>90</ns3:cad>
          </ns3:TrackPointExtension>
        </extensions>
      </trkpt>
      <trkpt lat="38.7244203127920627593994140625" lon="112.7365639619529247283935546875">
        <ele>809.5999755859375</ele>
        <time>2026-08-28T02:58:36.000Z</time>
        <extensions>
          <ns3:TrackPointExtension>
            <ns3:hr>133</ns3:hr>
            <ns3:cad>91</ns3:cad>
          </ns3:TrackPointExtension>
        </extensions>
      </trkpt>
      <trkpt lat="38.72441687621176242828369140625" lon="112.7365891076624393463134765625">
        <ele>809.79998779296875</ele>
        <time>2026-08-28T02:58:37.000Z</time>
        <extensions>
          <ns3:TrackPointExtension>
            <ns3:hr>133</ns3:hr>
            <ns3:cad>91</ns3:cad>
          </ns3:TrackPointExtension>
        </extensions>
      </trkpt>
      <trkpt lat="38.7244038842618465423583984375" lon="112.7366189472377300262451171875">
        <ele>809.79998779296875</ele>
        <time>2026-08-28T02:58:38.000Z</time>
        <extensions>
          <ns3:TrackPointExtension>
            <ns3:hr>133</ns3:hr>
            <ns3:cad>89</ns3:cad>
          </ns3:TrackPointExtension>
        </extensions>
      </trkpt>
      <trkpt lat="38.72439692728221416473388671875" lon="112.7366404049098491668701171875">
        <ele>809.79998779296875</ele>
        <time>2026-08-28T02:58:39.000Z</time>
        <extensions>
          <ns3:TrackPointExtension>
            <ns3:hr>133</ns3:hr>
            <ns3:cad>88</ns3:cad>
          </ns3:TrackPointExtension>
        </extensions>
      </trkpt>
      <trkpt lat="38.72438267804682254791259765625" lon="112.73666814900934696197509765625">
        <ele>809.79998779296875</ele>
        <time>2026-08-28T02:58:40.000Z</time>
        <extensions>
          <ns3:TrackPointExtension>
            <ns3:hr>134</ns3:hr>
            <ns3:cad>89</ns3:cad>
          </ns3:TrackPointExtension>
        </extensions>
      </trkpt>
      <trkpt lat="38.72437655925750732421875" lon="112.73669027723371982574462890625">
        <ele>809.5999755859375</ele>
        <time>2026-08-28T02:58:41.000Z</time>
        <extensions>
          <ns3:TrackPointExtension>
            <ns3:hr>134</ns3:hr>
            <ns3:cad>89</ns3:cad>
          </ns3:TrackPointExtension>
        </extensions>
      </trkpt>
      <trkpt lat="38.7243639864027500152587890625" lon="112.73671902716159820556640625">
        <ele>809.5999755859375</ele>
        <time>2026-08-28T02:58:42.000Z</time>
        <extensions>
          <ns3:TrackPointExtension>
            <ns3:hr>134</ns3:hr>
            <ns3:cad>89</ns3:cad>
          </ns3:TrackPointExtension>
        </extensions>
      </trkpt>
      <trkpt lat="38.7243582867085933685302734375" lon="112.73674358613789081573486328125">
        <ele>809.5999755859375</ele>
        <time>2026-08-28T02:58:43.000Z</time>
        <extensions>
          <ns3:TrackPointExtension>
            <ns3:hr>134</ns3:hr>
            <ns3:cad>90</ns3:cad>
          </ns3:TrackPointExtension>
        </extensions>
      </trkpt>
      <trkpt lat="38.72434428893029689788818359375" lon="112.7367755211889743804931640625">
        <ele>809.5999755859375</ele>
        <time>2026-08-28T02:58:44.000Z</time>
        <extensions>
          <ns3:TrackPointExtension>
            <ns3:hr>134</ns3:hr>
            <ns3:cad>90</ns3:cad>
          </ns3:TrackPointExtension>
        </extensions>
      </trkpt>
      <trkpt lat="38.72433942742645740509033203125" lon="112.73680142126977443695068359375">
        <ele>809.5999755859375</ele>
        <time>2026-08-28T02:58:45.000Z</time>
        <extensions>
          <ns3:TrackPointExtension>
            <ns3:hr>134</ns3:hr>
            <ns3:cad>89</ns3:cad>
          </ns3:TrackPointExtension>
        </extensions>
      </trkpt>
      <trkpt lat="38.72432249598205089569091796875" lon="112.7368318475782871246337890625">
        <ele>809.5999755859375</ele>
        <time>2026-08-28T02:58:46.000Z</time>
        <extensions>
          <ns3:TrackPointExtension>
            <ns3:hr>135</ns3:hr>
            <ns3:cad>89</ns3:cad>
          </ns3:TrackPointExtension>
        </extensions>
      </trkpt>
      <trkpt lat="38.7243136949837207794189453125" lon="112.736852802336215972900390625">
        <ele>809.5999755859375</ele>
        <time>2026-08-28T02:58:47.000Z</time>
        <extensions>
          <ns3:TrackPointExtension>
            <ns3:hr>135</ns3:hr>
            <ns3:cad>89</ns3:cad>
          </ns3:TrackPointExtension>
        </extensions>
      </trkpt>
      <trkpt lat="38.72429416514933109283447265625" lon="112.7368757687509059906005859375">
        <ele>809.4000244140625</ele>
        <time>2026-08-28T02:58:48.000Z</time>
        <extensions>
          <ns3:TrackPointExtension>
            <ns3:hr>135</ns3:hr>
            <ns3:cad>89</ns3:cad>
          </ns3:TrackPointExtension>
        </extensions>
      </trkpt>
      <trkpt lat="38.72428377158939838409423828125" lon="112.736900411546230316162109375">
        <ele>809.4000244140625</ele>
        <time>2026-08-28T02:58:49.000Z</time>
        <extensions>
          <ns3:TrackPointExtension>
            <ns3:hr>135</ns3:hr>
            <ns3:cad>90</ns3:cad>
          </ns3:TrackPointExtension>
        </extensions>
      </trkpt>
      <trkpt lat="38.72427002526819705963134765625" lon="112.73692823946475982666015625">
        <ele>809.4000244140625</ele>
        <time>2026-08-28T02:58:50.000Z</time>
        <extensions>
          <ns3:TrackPointExtension>
            <ns3:hr>135</ns3:hr>
            <ns3:cad>90</ns3:cad>
          </ns3:TrackPointExtension>
        </extensions>
      </trkpt>
      <trkpt lat="38.724262900650501251220703125" lon="112.73695413954555988311767578125">
        <ele>809.4000244140625</ele>
        <time>2026-08-28T02:58:51.000Z</time>
        <extensions>
          <ns3:TrackPointExtension>
            <ns3:hr>135</ns3:hr>
            <ns3:cad>90</ns3:cad>
          </ns3:TrackPointExtension>
        </extensions>
      </trkpt>
      <trkpt lat="38.72424923814833164215087890625" lon="112.73698431439697742462158203125">
        <ele>809.4000244140625</ele>
        <time>2026-08-28T02:58:52.000Z</time>
        <extensions>
          <ns3:TrackPointExtension>
            <ns3:hr>136</ns3:hr>
            <ns3:cad>89</ns3:cad>
          </ns3:TrackPointExtension>
        </extensions>
      </trkpt>
      <trkpt lat="38.724244795739650726318359375" lon="112.73700878955423831939697265625">
        <ele>809.4000244140625</ele>
        <time>2026-08-28T02:58:53.000Z</time>
        <extensions>
          <ns3:TrackPointExtension>
            <ns3:hr>136</ns3:hr>
            <ns3:cad>89</ns3:cad>
          </ns3:TrackPointExtension>
        </extensions>
      </trkpt>
      <trkpt lat="38.72423197142779827117919921875" lon="112.7370417304337024688720703125">
        <ele>809.4000244140625</ele>
        <time>2026-08-28T02:58:54.000Z</time>
        <extensions>
          <ns3:TrackPointExtension>
            <ns3:hr>136</ns3:hr>
            <ns3:cad>89</ns3:cad>
          </ns3:TrackPointExtension>
        </extensions>
      </trkpt>
      <trkpt lat="38.7242265231907367706298828125" lon="112.73706461302936077117919921875">
        <ele>809.4000244140625</ele>
        <time>2026-08-28T02:58:55.000Z</time>
        <extensions>
          <ns3:TrackPointExtension>
            <ns3:hr>136</ns3:hr>
            <ns3:cad>89</ns3:cad>
          </ns3:TrackPointExtension>
        </extensions>
      </trkpt>
      <trkpt lat="38.7242154590785503387451171875" lon="112.73709587752819061279296875">
        <ele>809.4000244140625</ele>
        <time>2026-08-28T02:58:56.000Z</time>
        <extensions>
          <ns3:TrackPointExtension>
            <ns3:hr>136</ns3:hr>
            <ns3:cad>90</ns3:cad>
          </ns3:TrackPointExtension>
        </extensions>
      </trkpt>
      <trkpt lat="38.7242084182798862457275390625" lon="112.73711792193353176116943359375">
        <ele>809.4000244140625</ele>
        <time>2026-08-28T02:58:57.000Z</time>
        <extensions>
          <ns3:TrackPointExtension>
            <ns3:hr>137</ns3:hr>
            <ns3:cad>90</ns3:cad>
          </ns3:TrackPointExtension>
        </extensions>
      </trkpt>
      <trkpt lat="38.72419358231127262115478515625" lon="112.73714818060398101806640625">
        <ele>809.4000244140625</ele>
        <time>2026-08-28T02:58:58.000Z</time>
        <extensions>
          <ns3:TrackPointExtension>
            <ns3:hr>137</ns3:hr>
            <ns3:cad>90</ns3:cad>
          </ns3:TrackPointExtension>
        </extensions>
      </trkpt>
      <trkpt lat="38.724189810454845428466796875" lon="112.737171314656734466552734375">
        <ele>809.4000244140625</ele>
        <time>2026-08-28T02:58:59.000Z</time>
        <extensions>
          <ns3:TrackPointExtension>
            <ns3:hr>137</ns3:hr>
            <ns3:cad>90</ns3:cad>
          </ns3:TrackPointExtension>
        </extensions>
      </trkpt>
      <trkpt lat="38.72417740523815155029296875" lon="112.737200148403644561767578125">
        <ele>809.20001220703125</ele>
        <time>2026-08-28T02:59:00.000Z</time>
        <extensions>
          <ns3:TrackPointExtension>
            <ns3:hr>137</ns3:hr>
            <ns3:cad>90</ns3:cad>
          </ns3:TrackPointExtension>
        </extensions>
      </trkpt>
      <trkpt lat="38.72417380101978778839111328125" lon="112.73722386918962001800537109375">
        <ele>809.20001220703125</ele>
        <time>2026-08-28T02:59:01.000Z</time>
        <extensions>
          <ns3:TrackPointExtension>
            <ns3:hr>138</ns3:hr>
            <ns3:cad>90</ns3:cad>
          </ns3:TrackPointExtension>
        </extensions>
      </trkpt>
      <trkpt lat="38.72416726313531398773193359375" lon="112.7372559718787670135498046875">
        <ele>809.20001220703125</ele>
        <time>2026-08-28T02:59:02.000Z</time>
        <extensions>
          <ns3:TrackPointExtension>
            <ns3:hr>137</ns3:hr>
            <ns3:cad>90</ns3:cad>
          </ns3:TrackPointExtension>
        </extensions>
      </trkpt>
      <trkpt lat="38.7241651676595211029052734375" lon="112.73728103376924991607666015625">
        <ele>809.20001220703125</ele>
        <time>2026-08-28T02:59:03.000Z</time>
        <extensions>
          <ns3:TrackPointExtension>
            <ns3:hr>137</ns3:hr>
            <ns3:cad>91</ns3:cad>
          </ns3:TrackPointExtension>
        </extensions>
      </trkpt>
      <trkpt lat="38.7241544388234615325927734375" lon="112.73731087334454059600830078125">
        <ele>809.20001220703125</ele>
        <time>2026-08-28T02:59:04.000Z</time>
        <extensions>
          <ns3:TrackPointExtension>
            <ns3:hr>137</ns3:hr>
            <ns3:cad>91</ns3:cad>
          </ns3:TrackPointExtension>
        </extensions>
      </trkpt>
      <trkpt lat="38.72415636666119098663330078125" lon="112.7373347617685794830322265625">
        <ele>809.20001220703125</ele>
        <time>2026-08-28T02:59:05.000Z</time>
        <extensions>
          <ns3:TrackPointExtension>
            <ns3:hr>138</ns3:hr>
            <ns3:cad>91</ns3:cad>
          </ns3:TrackPointExtension>
        </extensions>
      </trkpt>
      <trkpt lat="38.72415066696703433990478515625" lon="112.73737072013318538665771484375">
        <ele>809.20001220703125</ele>
        <time>2026-08-28T02:59:06.000Z</time>
        <extensions>
          <ns3:TrackPointExtension>
            <ns3:hr>138</ns3:hr>
            <ns3:cad>90</ns3:cad>
          </ns3:TrackPointExtension>
        </extensions>
      </trkpt>
      <trkpt lat="38.72415150515735149383544921875" lon="112.73739871568977832794189453125">
        <ele>809.20001220703125</ele>
        <time>2026-08-28T02:59:07.000Z</time>
        <extensions>
          <ns3:TrackPointExtension>
            <ns3:hr>137</ns3:hr>
            <ns3:cad>89</ns3:cad>
          </ns3:TrackPointExtension>
        </extensions>
      </trkpt>
      <trkpt lat="38.72413943521678447723388671875" lon="112.73742788471281528472900390625">
        <ele>809.20001220703125</ele>
        <time>2026-08-28T02:59:08.000Z</time>
        <extensions>
          <ns3:TrackPointExtension>
            <ns3:hr>137</ns3:hr>
            <ns3:cad>89</ns3:cad>
          </ns3:TrackPointExtension>
        </extensions>
      </trkpt>
      <trkpt lat="38.72413574717938899993896484375" lon="112.73745303042232990264892578125">
        <ele>809.20001220703125</ele>
        <time>2026-08-28T02:59:09.000Z</time>
        <extensions>
          <ns3:TrackPointExtension>
            <ns3:hr>137</ns3:hr>
            <ns3:cad>90</ns3:cad>
          </ns3:TrackPointExtension>
        </extensions>
      </trkpt>
      <trkpt lat="38.72412518598139286041259765625" lon="112.73748119361698627471923828125">
        <ele>809.20001220703125</ele>
        <time>2026-08-28T02:59:10.000Z</time>
        <extensions>
          <ns3:TrackPointExtension>
            <ns3:hr>138</ns3:hr>
            <ns3:cad>91</ns3:cad>
          </ns3:TrackPointExtension>
        </extensions>
      </trkpt>
      <trkpt lat="38.7241204082965850830078125" lon="112.7375040762126445770263671875">
        <ele>809</ele>
        <time>2026-08-28T02:59:11.000Z</time>
        <extensions>
          <ns3:TrackPointExtension>
            <ns3:hr>137</ns3:hr>
            <ns3:cad>91</ns3:cad>
          </ns3:TrackPointExtension>
        </extensions>
      </trkpt>
      <trkpt lat="38.7241054885089397430419921875" lon="112.73753416724503040313720703125">
        <ele>809</ele>
        <time>2026-08-28T02:59:12.000Z</time>
        <extensions>
          <ns3:TrackPointExtension>
            <ns3:hr>137</ns3:hr>
            <ns3:cad>90</ns3:cad>
          </ns3:TrackPointExtension>
        </extensions>
      </trkpt>
      <trkpt lat="38.7241018004715442657470703125" lon="112.7375607378780841827392578125">
        <ele>809</ele>
        <time>2026-08-28T02:59:13.000Z</time>
        <extensions>
          <ns3:TrackPointExtension>
            <ns3:hr>136</ns3:hr>
            <ns3:cad>89</ns3:cad>
          </ns3:TrackPointExtension>
        </extensions>
      </trkpt>
      <trkpt lat="38.72408947907388210296630859375" lon="112.73759300820529460906982421875">
        <ele>809</ele>
        <time>2026-08-28T02:59:14.000Z</time>
        <extensions>
          <ns3:TrackPointExtension>
            <ns3:hr>136</ns3:hr>
            <ns3:cad>89</ns3:cad>
          </ns3:TrackPointExtension>
        </extensions>
      </trkpt>
      <trkpt lat="38.7240860424935817718505859375" lon="112.737619578838348388671875">
        <ele>809</ele>
        <time>2026-08-28T02:59:15.000Z</time>
        <extensions>
          <ns3:TrackPointExtension>
            <ns3:hr>136</ns3:hr>
            <ns3:cad>89</ns3:cad>
          </ns3:TrackPointExtension>
        </extensions>
      </trkpt>
      <trkpt lat="38.72407137416303157806396484375" lon="112.73765151388943195343017578125">
        <ele>809</ele>
        <time>2026-08-28T02:59:16.000Z</time>
        <extensions>
          <ns3:TrackPointExtension>
            <ns3:hr>136</ns3:hr>
            <ns3:cad>90</ns3:cad>
          </ns3:TrackPointExtension>
        </extensions>
      </trkpt>
      <trkpt lat="38.7240694463253021240234375" lon="112.7376759052276611328125">
        <ele>809</ele>
        <time>2026-08-28T02:59:17.000Z</time>
        <extensions>
          <ns3:TrackPointExtension>
            <ns3:hr>136</ns3:hr>
            <ns3:cad>91</ns3:cad>
          </ns3:TrackPointExtension>
        </extensions>
      </trkpt>
      <trkpt lat="38.72405595146119594573974609375" lon="112.73770884610712528228759765625">
        <ele>809</ele>
        <time>2026-08-28T02:59:18.000Z</time>
        <extensions>
          <ns3:TrackPointExtension>
            <ns3:hr>137</ns3:hr>
            <ns3:cad>91</ns3:cad>
          </ns3:TrackPointExtension>
        </extensions>
      </trkpt>
      <trkpt lat="38.72404790483415126800537109375" lon="112.73773365654051303863525390625">
        <ele>809</ele>
        <time>2026-08-28T02:59:19.000Z</time>
        <extensions>
          <ns3:TrackPointExtension>
            <ns3:hr>137</ns3:hr>
            <ns3:cad>90</ns3:cad>
          </ns3:TrackPointExtension>
        </extensions>
      </trkpt>
      <trkpt lat="38.724035583436489105224609375" lon="112.73776710033416748046875">
        <ele>808.79998779296875</ele>
        <time>2026-08-28T02:59:20.000Z</time>
        <extensions>
          <ns3:TrackPointExtension>
            <ns3:hr>137</ns3:hr>
            <ns3:cad>89</ns3:cad>
          </ns3:TrackPointExtension>
        </extensions>
      </trkpt>
      <trkpt lat="38.7240310572087764739990234375" lon="112.73778763599693775177001953125">
        <ele>808.79998779296875</ele>
        <time>2026-08-28T02:59:21.000Z</time>
        <extensions>
          <ns3:TrackPointExtension>
            <ns3:hr>137</ns3:hr>
            <ns3:cad>88</ns3:cad>
          </ns3:TrackPointExtension>
        </extensions>
      </trkpt>
      <trkpt lat="38.72401186265051364898681640625" lon="112.7378145419061183929443359375">
        <ele>808.79998779296875</ele>
        <time>2026-08-28T02:59:22.000Z</time>
        <extensions>
          <ns3:TrackPointExtension>
            <ns3:hr>137</ns3:hr>
            <ns3:cad>88</ns3:cad>
          </ns3:TrackPointExtension>
        </extensions>
      </trkpt>
      <trkpt lat="38.7240023910999298095703125" lon="112.73783482611179351806640625">
        <ele>808.79998779296875</ele>
        <time>2026-08-28T02:59:23.000Z</time>
        <extensions>
          <ns3:TrackPointExtension>
            <ns3:hr>137</ns3:hr>
            <ns3:cad>89</ns3:cad>
          </ns3:TrackPointExtension>
        </extensions>
      </trkpt>
      <trkpt lat="38.72398939915001392364501953125" lon="112.7378676831722259521484375">
        <ele>808.79998779296875</ele>
        <time>2026-08-28T02:59:24.000Z</time>
        <extensions>
          <ns3:TrackPointExtension>
            <ns3:hr>137</ns3:hr>
            <ns3:cad>90</ns3:cad>
          </ns3:TrackPointExtension>
        </extensions>
      </trkpt>
      <trkpt lat="38.7239837832748889923095703125" lon="112.737887464463710784912109375">
        <ele>808.79998779296875</ele>
        <time>2026-08-28T02:59:25.000Z</time>
        <extensions>
          <ns3:TrackPointExtension>
            <ns3:hr>137</ns3:hr>
            <ns3:cad>90</ns3:cad>
          </ns3:TrackPointExtension>
        </extensions>
      </trkpt>
      <trkpt lat="38.7239727191627025604248046875" lon="112.7379198186099529266357421875">
        <ele>808.5999755859375</ele>
        <time>2026-08-28T02:59:26.000Z</time>
        <extensions>
          <ns3:TrackPointExtension>
            <ns3:hr>137</ns3:hr>
            <ns3:cad>90</ns3:cad>
          </ns3:TrackPointExtension>
        </extensions>
      </trkpt>
      <trkpt lat="38.72396819293498992919921875" lon="112.73794504813849925994873046875">
        <ele>808.5999755859375</ele>
        <time>2026-08-28T02:59:27.000Z</time>
        <extensions>
          <ns3:TrackPointExtension>
            <ns3:hr>138</ns3:hr>
            <ns3:cad>89</ns3:cad>
          </ns3:TrackPointExtension>
        </extensions>
      </trkpt>
      <trkpt lat="38.723953105509281158447265625" lon="112.73797840811312198638916015625">
        <ele>808.5999755859375</ele>
        <time>2026-08-28T02:59:28.000Z</time>
        <extensions>
          <ns3:TrackPointExtension>
            <ns3:hr>140</ns3:hr>
            <ns3:cad>89</ns3:cad>
          </ns3:TrackPointExtension>
        </extensions>
      </trkpt>
      <trkpt lat="38.7239495851099491119384765625" lon="112.73800891824066638946533203125">
        <ele>808.5999755859375</ele>
        <time>2026-08-28T02:59:29.000Z</time>
        <extensions>
          <ns3:TrackPointExtension>
            <ns3:hr>141</ns3:hr>
            <ns3:cad>89</ns3:cad>
          </ns3:TrackPointExtension>
        </extensions>
      </trkpt>
      <trkpt lat="38.72394396923482418060302734375" lon="112.7380488999187946319580078125">
        <ele>808.5999755859375</ele>
        <time>2026-08-28T02:59:30.000Z</time>
        <extensions>
          <ns3:TrackPointExtension>
            <ns3:hr>141</ns3:hr>
            <ns3:cad>89</ns3:cad>
          </ns3:TrackPointExtension>
        </extensions>
      </trkpt>
      <trkpt lat="38.72394128702580928802490234375" lon="112.7380747161805629730224609375">
        <ele>808.5999755859375</ele>
        <time>2026-08-28T02:59:31.000Z</time>
        <extensions>
          <ns3:TrackPointExtension>
            <ns3:hr>142</ns3:hr>
            <ns3:cad>90</ns3:cad>
          </ns3:TrackPointExtension>
        </extensions>
      </trkpt>
      <trkpt lat="38.7239326536655426025390625" lon="112.73810966871678829193115234375">
        <ele>808.4000244140625</ele>
        <time>2026-08-28T02:59:32.000Z</time>
        <extensions>
          <ns3:TrackPointExtension>
            <ns3:hr>142</ns3:hr>
            <ns3:cad>90</ns3:cad>
          </ns3:TrackPointExtension>
        </extensions>
      </trkpt>
      <trkpt lat="38.7239267863333225250244140625" lon="112.73813464678823947906494140625">
        <ele>808.4000244140625</ele>
        <time>2026-08-28T02:59:33.000Z</time>
        <extensions>
          <ns3:TrackPointExtension>
            <ns3:hr>142</ns3:hr>
            <ns3:cad>89</ns3:cad>
          </ns3:TrackPointExtension>
        </extensions>
      </trkpt>
      <trkpt lat="38.7239165604114532470703125" lon="112.7381707727909088134765625">
        <ele>808.4000244140625</ele>
        <time>2026-08-28T02:59:34.000Z</time>
        <extensions>
          <ns3:TrackPointExtension>
            <ns3:hr>142</ns3:hr>
            <ns3:cad>89</ns3:cad>
          </ns3:TrackPointExtension>
        </extensions>
      </trkpt>
      <trkpt lat="38.72390926815569400787353515625" lon="112.73819399066269397735595703125">
        <ele>808.4000244140625</ele>
        <time>2026-08-28T02:59:35.000Z</time>
        <extensions>
          <ns3:TrackPointExtension>
            <ns3:hr>143</ns3:hr>
            <ns3:cad>89</ns3:cad>
          </ns3:TrackPointExtension>
        </extensions>
      </trkpt>
      <trkpt lat="38.72389979660511016845703125" lon="112.73822651244699954986572265625">
        <ele>808.4000244140625</ele>
        <time>2026-08-28T02:59:36.000Z</time>
        <extensions>
          <ns3:TrackPointExtension>
            <ns3:hr>143</ns3:hr>
            <ns3:cad>89</ns3:cad>
          </ns3:TrackPointExtension>
        </extensions>
      </trkpt>
      <trkpt lat="38.72389317490160465240478515625" lon="112.73825056850910186767578125">
        <ele>808.4000244140625</ele>
        <time>2026-08-28T02:59:37.000Z</time>
        <extensions>
          <ns3:TrackPointExtension>
            <ns3:hr>143</ns3:hr>
            <ns3:cad>89</ns3:cad>
          </ns3:TrackPointExtension>
        </extensions>
      </trkpt>
      <trkpt lat="38.72388303279876708984375" lon="112.738283090293407440185546875">
        <ele>808.20001220703125</ele>
        <time>2026-08-28T02:59:38.000Z</time>
        <extensions>
          <ns3:TrackPointExtension>
            <ns3:hr>143</ns3:hr>
            <ns3:cad>91</ns3:cad>
          </ns3:TrackPointExtension>
        </extensions>
      </trkpt>
      <trkpt lat="38.72387423180043697357177734375" lon="112.73830287158489227294921875">
        <ele>808.20001220703125</ele>
        <time>2026-08-28T02:59:39.000Z</time>
        <extensions>
          <ns3:TrackPointExtension>
            <ns3:hr>142</ns3:hr>
            <ns3:cad>91</ns3:cad>
          </ns3:TrackPointExtension>
        </extensions>
      </trkpt>
      <trkpt lat="38.723862580955028533935546875" lon="112.738334722816944122314453125">
        <ele>808.20001220703125</ele>
        <time>2026-08-28T02:59:40.000Z</time>
        <extensions>
          <ns3:TrackPointExtension>
            <ns3:hr>143</ns3:hr>
            <ns3:cad>89</ns3:cad>
          </ns3:TrackPointExtension>
        </extensions>
      </trkpt>
      <trkpt lat="38.72385545633733272552490234375" lon="112.73835651576519012451171875">
        <ele>808.4000244140625</ele>
        <time>2026-08-28T02:59:41.000Z</time>
        <extensions>
          <ns3:TrackPointExtension>
            <ns3:hr>143</ns3:hr>
            <ns3:cad>88</ns3:cad>
          </ns3:TrackPointExtension>
        </extensions>
      </trkpt>
      <trkpt lat="38.72384103946387767791748046875" lon="112.738388366997241973876953125">
        <ele>808.20001220703125</ele>
        <time>2026-08-28T02:59:42.000Z</time>
        <extensions>
          <ns3:TrackPointExtension>
            <ns3:hr>143</ns3:hr>
            <ns3:cad>88</ns3:cad>
          </ns3:TrackPointExtension>
        </extensions>
      </trkpt>
      <trkpt lat="38.72383332811295986175537109375" lon="112.73840554989874362945556640625">
        <ele>808.20001220703125</ele>
        <time>2026-08-28T02:59:43.000Z</time>
        <extensions>
          <ns3:TrackPointExtension>
            <ns3:hr>143</ns3:hr>
            <ns3:cad>88</ns3:cad>
          </ns3:TrackPointExtension>
        </extensions>
      </trkpt>
      <trkpt lat="38.7238184921443462371826171875" lon="112.73843823932111263275146484375">
        <ele>808.20001220703125</ele>
        <time>2026-08-28T02:59:44.000Z</time>
        <extensions>
          <ns3:TrackPointExtension>
            <ns3:hr>143</ns3:hr>
            <ns3:cad>89</ns3:cad>
          </ns3:TrackPointExtension>
        </extensions>
      </trkpt>
      <trkpt lat="38.723810277879238128662109375" lon="112.7384589426219463348388671875">
        <ele>808.20001220703125</ele>
        <time>2026-08-28T02:59:45.000Z</time>
        <extensions>
          <ns3:TrackPointExtension>
            <ns3:hr>144</ns3:hr>
            <ns3:cad>90</ns3:cad>
          </ns3:TrackPointExtension>
        </extensions>
      </trkpt>
      <trkpt lat="38.7237997166812419891357421875" lon="112.73848987184464931488037109375">
        <ele>808</ele>
        <time>2026-08-28T02:59:46.000Z</time>
        <extensions>
          <ns3:TrackPointExtension>
            <ns3:hr>144</ns3:hr>
            <ns3:cad>90</ns3:cad>
          </ns3:TrackPointExtension>
        </extensions>
      </trkpt>
      <trkpt lat="38.7237958610057830810546875" lon="112.73851283825933933258056640625">
        <ele>808</ele>
        <time>2026-08-28T02:59:47.000Z</time>
        <extensions>
          <ns3:TrackPointExtension>
            <ns3:hr>144</ns3:hr>
            <ns3:cad>90</ns3:cad>
          </ns3:TrackPointExtension>
        </extensions>
      </trkpt>
      <trkpt lat="38.723786137998104095458984375" lon="112.738546617329120635986328125">
        <ele>808</ele>
        <time>2026-08-28T02:59:48.000Z</time>
        <extensions>
          <ns3:TrackPointExtension>
            <ns3:hr>144</ns3:hr>
            <ns3:cad>90</ns3:cad>
          </ns3:TrackPointExtension>
        </extensions>
      </trkpt>
      <trkpt lat="38.7237839587032794952392578125" lon="112.7385685779154300689697265625">
        <ele>808</ele>
        <time>2026-08-28T02:59:49.000Z</time>
        <extensions>
          <ns3:TrackPointExtension>
            <ns3:hr>145</ns3:hr>
            <ns3:cad>90</ns3:cad>
          </ns3:TrackPointExtension>
        </extensions>
      </trkpt>
      <trkpt lat="38.72377767227590084075927734375" lon="112.73860327899456024169921875">
        <ele>808</ele>
        <time>2026-08-28T02:59:50.000Z</time>
        <extensions>
          <ns3:TrackPointExtension>
            <ns3:hr>145</ns3:hr>
            <ns3:cad>90</ns3:cad>
          </ns3:TrackPointExtension>
        </extensions>
      </trkpt>
      <trkpt lat="38.72377834282815456390380859375" lon="112.73862339556217193603515625">
        <ele>808</ele>
        <time>2026-08-28T02:59:51.000Z</time>
        <extensions>
          <ns3:TrackPointExtension>
            <ns3:hr>145</ns3:hr>
            <ns3:cad>90</ns3:cad>
          </ns3:TrackPointExtension>
        </extensions>
      </trkpt>
      <trkpt lat="38.723772726953029632568359375" lon="112.73866136558353900909423828125">
        <ele>808</ele>
        <time>2026-08-28T02:59:52.000Z</time>
        <extensions>
          <ns3:TrackPointExtension>
            <ns3:hr>145</ns3:hr>
            <ns3:cad>90</ns3:cad>
          </ns3:TrackPointExtension>
        </extensions>
      </trkpt>
      <trkpt lat="38.72376702725887298583984375" lon="112.73868466727435588836669921875">
        <ele>808</ele>
        <time>2026-08-28T02:59:53.000Z</time>
        <extensions>
          <ns3:TrackPointExtension>
            <ns3:hr>145</ns3:hr>
            <ns3:cad>90</ns3:cad>
          </ns3:TrackPointExtension>
        </extensions>
      </trkpt>
      <trkpt lat="38.72375856153666973114013671875" lon="112.73871953599154949188232421875">
        <ele>808</ele>
        <time>2026-08-28T02:59:54.000Z</time>
        <extensions>
          <ns3:TrackPointExtension>
            <ns3:hr>144</ns3:hr>
            <ns3:cad>90</ns3:cad>
          </ns3:TrackPointExtension>
        </extensions>
      </trkpt>
      <trkpt lat="38.72375453822314739227294921875" lon="112.73874267004430294036865234375">
        <ele>808</ele>
        <time>2026-08-28T02:59:55.000Z</time>
        <extensions>
          <ns3:TrackPointExtension>
            <ns3:hr>145</ns3:hr>
            <ns3:cad>89</ns3:cad>
          </ns3:TrackPointExtension>
        </extensions>
      </trkpt>
      <trkpt lat="38.723746575415134429931640625" lon="112.73877586238086223602294921875">
        <ele>808</ele>
        <time>2026-08-28T02:59:56.000Z</time>
        <extensions>
          <ns3:TrackPointExtension>
            <ns3:hr>145</ns3:hr>
            <ns3:cad>89</ns3:cad>
          </ns3:TrackPointExtension>
        </extensions>
      </trkpt>
      <trkpt lat="38.72374565340578556060791015625" lon="112.7387972362339496612548828125">
        <ele>807.79998779296875</ele>
        <time>2026-08-28T02:59:57.000Z</time>
        <extensions>
          <ns3:TrackPointExtension>
            <ns3:hr>145</ns3:hr>
            <ns3:cad>89</ns3:cad>
          </ns3:TrackPointExtension>
        </extensions>
      </trkpt>
      <trkpt lat="38.723735176026821136474609375" lon="112.73883118294179439544677734375">
        <ele>808</ele>
        <time>2026-08-28T02:59:58.000Z</time>
        <extensions>
          <ns3:TrackPointExtension>
            <ns3:hr>144</ns3:hr>
            <ns3:cad>90</ns3:cad>
          </ns3:TrackPointExtension>
        </extensions>
      </trkpt>
      <trkpt lat="38.72372813522815704345703125" lon="112.73885699920356273651123046875">
        <ele>808</ele>
        <time>2026-08-28T02:59:59.000Z</time>
        <extensions>
          <ns3:TrackPointExtension>
            <ns3:hr>145</ns3:hr>
            <ns3:cad>91</ns3:cad>
          </ns3:TrackPointExtension>
        </extensions>
      </trkpt>
      <trkpt lat="38.723711036145687103271484375" lon="112.73888683877885341644287109375">
        <ele>808</ele>
        <time>2026-08-28T03:00:00.000Z</time>
        <extensions>
          <ns3:TrackPointExtension>
            <ns3:hr>145</ns3:hr>
            <ns3:cad>91</ns3:cad>
          </ns3:TrackPointExtension>
        </extensions>
      </trkpt>
      <trkpt lat="38.72370173223316669464111328125" lon="112.7389115653932094573974609375">
        <ele>808</ele>
        <time>2026-08-28T03:00:01.000Z</time>
        <extensions>
          <ns3:TrackPointExtension>
            <ns3:hr>144</ns3:hr>
            <ns3:cad>90</ns3:cad>
          </ns3:TrackPointExtension>
        </extensions>
      </trkpt>
      <trkpt lat="38.72368698008358478546142578125" lon="112.7389450930058956146240234375">
        <ele>808</ele>
        <time>2026-08-28T03:00:02.000Z</time>
        <extensions>
          <ns3:TrackPointExtension>
            <ns3:hr>142</ns3:hr>
            <ns3:cad>90</ns3:cad>
          </ns3:TrackPointExtension>
        </extensions>
      </trkpt>
      <trkpt lat="38.7236830405890941619873046875" lon="112.73896881379187107086181640625">
        <ele>808</ele>
        <time>2026-08-28T03:00:03.000Z</time>
        <extensions>
          <ns3:TrackPointExtension>
            <ns3:hr>141</ns3:hr>
            <ns3:cad>90</ns3:cad>
          </ns3:TrackPointExtension>
        </extensions>
      </trkpt>
      <trkpt lat="38.72367356903851032257080078125" lon="112.73900535888969898223876953125">
        <ele>808</ele>
        <time>2026-08-28T03:00:04.000Z</time>
        <extensions>
          <ns3:TrackPointExtension>
            <ns3:hr>141</ns3:hr>
            <ns3:cad>90</ns3:cad>
          </ns3:TrackPointExtension>
        </extensions>
      </trkpt>
      <trkpt lat="38.72366770170629024505615234375" lon="112.73903083987534046173095703125">
        <ele>808</ele>
        <time>2026-08-28T03:00:05.000Z</time>
        <extensions>
          <ns3:TrackPointExtension>
            <ns3:hr>141</ns3:hr>
            <ns3:cad>90</ns3:cad>
          </ns3:TrackPointExtension>
        </extensions>
      </trkpt>
      <trkpt lat="38.72366066090762615203857421875" lon="112.7390667982399463653564453125">
        <ele>808</ele>
        <time>2026-08-28T03:00:06.000Z</time>
        <extensions>
          <ns3:TrackPointExtension>
            <ns3:hr>141</ns3:hr>
            <ns3:cad>91</ns3:cad>
          </ns3:TrackPointExtension>
        </extensions>
      </trkpt>
      <trkpt lat="38.723659403622150421142578125" lon="112.7390885911881923675537109375">
        <ele>808</ele>
        <time>2026-08-28T03:00:07.000Z</time>
        <extensions>
          <ns3:TrackPointExtension>
            <ns3:hr>141</ns3:hr>
            <ns3:cad>91</ns3:cad>
          </ns3:TrackPointExtension>
        </extensions>
      </trkpt>
      <trkpt lat="38.72364976443350315093994140625" lon="112.7391211129724979400634765625">
        <ele>808</ele>
        <time>2026-08-28T03:00:08.000Z</time>
        <extensions>
          <ns3:TrackPointExtension>
            <ns3:hr>141</ns3:hr>
            <ns3:cad>90</ns3:cad>
          </ns3:TrackPointExtension>
        </extensions>
      </trkpt>
      <trkpt lat="38.72364875860512256622314453125" lon="112.73914231918752193450927734375">
        <ele>808</ele>
        <time>2026-08-28T03:00:09.000Z</time>
        <extensions>
          <ns3:TrackPointExtension>
            <ns3:hr>141</ns3:hr>
            <ns3:cad>90</ns3:cad>
          </ns3:TrackPointExtension>
        </extensions>
      </trkpt>
      <trkpt lat="38.72363769449293613433837890625" lon="112.7391740866005420684814453125">
        <ele>807.79998779296875</ele>
        <time>2026-08-28T03:00:10.000Z</time>
        <extensions>
          <ns3:TrackPointExtension>
            <ns3:hr>140</ns3:hr>
            <ns3:cad>89</ns3:cad>
          </ns3:TrackPointExtension>
        </extensions>
      </trkpt>
      <trkpt lat="38.723636604845523834228515625" lon="112.739198394119739532470703125">
        <ele>807.79998779296875</ele>
        <time>2026-08-28T03:00:11.000Z</time>
        <extensions>
          <ns3:TrackPointExtension>
            <ns3:hr>141</ns3:hr>
            <ns3:cad>90</ns3:cad>
          </ns3:TrackPointExtension>
        </extensions>
      </trkpt>
      <trkpt lat="38.72362629510462284088134765625" lon="112.73922689259052276611328125">
        <ele>807.79998779296875</ele>
        <time>2026-08-28T03:00:12.000Z</time>
        <extensions>
          <ns3:TrackPointExtension>
            <ns3:hr>141</ns3:hr>
            <ns3:cad>90</ns3:cad>
          </ns3:TrackPointExtension>
        </extensions>
      </trkpt>
      <trkpt lat="38.72362277470529079437255859375" lon="112.7392532117664813995361328125">
        <ele>807.79998779296875</ele>
        <time>2026-08-28T03:00:13.000Z</time>
        <extensions>
          <ns3:TrackPointExtension>
            <ns3:hr>141</ns3:hr>
            <ns3:cad>90</ns3:cad>
          </ns3:TrackPointExtension>
        </extensions>
      </trkpt>
      <trkpt lat="38.72361221350729465484619140625" lon="112.7392823807895183563232421875">
        <ele>807.79998779296875</ele>
        <time>2026-08-28T03:00:14.000Z</time>
        <extensions>
          <ns3:TrackPointExtension>
            <ns3:hr>141</ns3:hr>
            <ns3:cad>90</ns3:cad>
          </ns3:TrackPointExtension>
        </extensions>
      </trkpt>
      <trkpt lat="38.72360986657440662384033203125" lon="112.73931347765028476715087890625">
        <ele>807.79998779296875</ele>
        <time>2026-08-28T03:00:15.000Z</time>
        <extensions>
          <ns3:TrackPointExtension>
            <ns3:hr>141</ns3:hr>
            <ns3:cad>90</ns3:cad>
          </ns3:TrackPointExtension>
        </extensions>
      </trkpt>
      <trkpt lat="38.7236015684902667999267578125" lon="112.739342562854290008544921875">
        <ele>807.79998779296875</ele>
        <time>2026-08-28T03:00:16.000Z</time>
        <extensions>
          <ns3:TrackPointExtension>
            <ns3:hr>141</ns3:hr>
            <ns3:cad>90</ns3:cad>
          </ns3:TrackPointExtension>
        </extensions>
      </trkpt>
      <trkpt lat="38.72359913773834705352783203125" lon="112.73937047459185123443603515625">
        <ele>807.79998779296875</ele>
        <time>2026-08-28T03:00:17.000Z</time>
        <extensions>
          <ns3:TrackPointExtension>
            <ns3:hr>141</ns3:hr>
            <ns3:cad>90</ns3:cad>
          </ns3:TrackPointExtension>
        </extensions>
      </trkpt>
      <trkpt lat="38.72358874417841434478759765625" lon="112.73939746432006359100341796875">
        <ele>807.5999755859375</ele>
        <time>2026-08-28T03:00:18.000Z</time>
        <extensions>
          <ns3:TrackPointExtension>
            <ns3:hr>141</ns3:hr>
            <ns3:cad>90</ns3:cad>
          </ns3:TrackPointExtension>
        </extensions>
      </trkpt>
      <trkpt lat="38.7235854752361774444580078125" lon="112.739425711333751678466796875">
        <ele>807.5999755859375</ele>
        <time>2026-08-28T03:00:19.000Z</time>
        <extensions>
          <ns3:TrackPointExtension>
            <ns3:hr>141</ns3:hr>
            <ns3:cad>90</ns3:cad>
          </ns3:TrackPointExtension>
        </extensions>
      </trkpt>
      <trkpt lat="38.72358270920813083648681640625" lon="112.7394543774425983428955078125">
        <ele>807.5999755859375</ele>
        <time>2026-08-28T03:00:20.000Z</time>
        <extensions>
          <ns3:TrackPointExtension>
            <ns3:hr>142</ns3:hr>
            <ns3:cad>91</ns3:cad>
          </ns3:TrackPointExtension>
        </extensions>
      </trkpt>
      <trkpt lat="38.72358354739844799041748046875" lon="112.73948312737047672271728515625">
        <ele>807.5999755859375</ele>
        <time>2026-08-28T03:00:21.000Z</time>
        <extensions>
          <ns3:TrackPointExtension>
            <ns3:hr>141</ns3:hr>
            <ns3:cad>91</ns3:cad>
          </ns3:TrackPointExtension>
        </extensions>
      </trkpt>
      <trkpt lat="38.72358120046555995941162109375" lon="112.73950927890837192535400390625">
        <ele>807.5999755859375</ele>
        <time>2026-08-28T03:00:22.000Z</time>
        <extensions>
          <ns3:TrackPointExtension>
            <ns3:hr>141</ns3:hr>
            <ns3:cad>91</ns3:cad>
          </ns3:TrackPointExtension>
        </extensions>
      </trkpt>
      <trkpt lat="38.7235797755420207977294921875" lon="112.739537693560123443603515625">
        <ele>807.5999755859375</ele>
        <time>2026-08-28T03:00:23.000Z</time>
        <extensions>
          <ns3:TrackPointExtension>
            <ns3:hr>141</ns3:hr>
            <ns3:cad>91</ns3:cad>
          </ns3:TrackPointExtension>
        </extensions>
      </trkpt>
      <trkpt lat="38.7235760875046253204345703125" lon="112.73956485092639923095703125">
        <ele>807.5999755859375</ele>
        <time>2026-08-28T03:00:24.000Z</time>
        <extensions>
          <ns3:TrackPointExtension>
            <ns3:hr>141</ns3:hr>
            <ns3:cad>90</ns3:cad>
          </ns3:TrackPointExtension>
        </extensions>
      </trkpt>
      <trkpt lat="38.72357130981981754302978515625" lon="112.7395968697965145111083984375">
        <ele>807.5999755859375</ele>
        <time>2026-08-28T03:00:25.000Z</time>
        <extensions>
          <ns3:TrackPointExtension>
            <ns3:hr>141</ns3:hr>
            <ns3:cad>90</ns3:cad>
          </ns3:TrackPointExtension>
        </extensions>
      </trkpt>
      <trkpt lat="38.72356661595404148101806640625" lon="112.739622183144092559814453125">
        <ele>807.5999755859375</ele>
        <time>2026-08-28T03:00:26.000Z</time>
        <extensions>
          <ns3:TrackPointExtension>
            <ns3:hr>141</ns3:hr>
            <ns3:cad>92</ns3:cad>
          </ns3:TrackPointExtension>
        </extensions>
      </trkpt>
      <trkpt lat="38.72355974279344081878662109375" lon="112.73965830914676189422607421875">
        <ele>807.5999755859375</ele>
        <time>2026-08-28T03:00:27.000Z</time>
        <extensions>
          <ns3:TrackPointExtension>
            <ns3:hr>141</ns3:hr>
            <ns3:cad>92</ns3:cad>
          </ns3:TrackPointExtension>
        </extensions>
      </trkpt>
      <trkpt lat="38.7235506065189838409423828125" lon="112.7396847121417522430419921875">
        <ele>807.5999755859375</ele>
        <time>2026-08-28T03:00:28.000Z</time>
        <extensions>
          <ns3:TrackPointExtension>
            <ns3:hr>140</ns3:hr>
            <ns3:cad>92</ns3:cad>
          </ns3:TrackPointExtension>
        </extensions>
      </trkpt>
      <trkpt lat="38.72354247607290744781494140625" lon="112.7397192455828189849853515625">
        <ele>807.5999755859375</ele>
        <time>2026-08-28T03:00:29.000Z</time>
        <extensions>
          <ns3:TrackPointExtension>
            <ns3:hr>140</ns3:hr>
            <ns3:cad>92</ns3:cad>
          </ns3:TrackPointExtension>
        </extensions>
      </trkpt>
      <trkpt lat="38.72354281134903430938720703125" lon="112.73974321782588958740234375">
        <ele>807.4000244140625</ele>
        <time>2026-08-28T03:00:30.000Z</time>
        <extensions>
          <ns3:TrackPointExtension>
            <ns3:hr>140</ns3:hr>
            <ns3:cad>90</ns3:cad>
          </ns3:TrackPointExtension>
        </extensions>
      </trkpt>
      <trkpt lat="38.723540045320987701416015625" lon="112.73977582342922687530517578125">
        <ele>807.4000244140625</ele>
        <time>2026-08-28T03:00:31.000Z</time>
        <extensions>
          <ns3:TrackPointExtension>
            <ns3:hr>140</ns3:hr>
            <ns3:cad>90</ns3:cad>
          </ns3:TrackPointExtension>
        </extensions>
      </trkpt>
      <trkpt lat="38.7235410511493682861328125" lon="112.73979962803423404693603515625">
        <ele>807.4000244140625</ele>
        <time>2026-08-28T03:00:32.000Z</time>
        <extensions>
          <ns3:TrackPointExtension>
            <ns3:hr>140</ns3:hr>
            <ns3:cad>90</ns3:cad>
          </ns3:TrackPointExtension>
        </extensions>
      </trkpt>
      <trkpt lat="38.7235383689403533935546875" lon="112.73983499966561794281005859375">
        <ele>807.4000244140625</ele>
        <time>2026-08-28T03:00:33.000Z</time>
        <extensions>
          <ns3:TrackPointExtension>
            <ns3:hr>139</ns3:hr>
            <ns3:cad>91</ns3:cad>
          </ns3:TrackPointExtension>
        </extensions>
      </trkpt>
      <trkpt lat="38.72354197315871715545654296875" lon="112.73985746316611766815185546875">
        <ele>807.4000244140625</ele>
        <time>2026-08-28T03:00:34.000Z</time>
        <extensions>
          <ns3:TrackPointExtension>
            <ns3:hr>139</ns3:hr>
            <ns3:cad>91</ns3:cad>
          </ns3:TrackPointExtension>
        </extensions>
      </trkpt>
      <trkpt lat="38.723534680902957916259765625" lon="112.7398956008255481719970703125">
        <ele>807.20001220703125</ele>
        <time>2026-08-28T03:00:35.000Z</time>
        <extensions>
          <ns3:TrackPointExtension>
            <ns3:hr>139</ns3:hr>
            <ns3:cad>91</ns3:cad>
          </ns3:TrackPointExtension>
        </extensions>
      </trkpt>
      <trkpt lat="38.72353292070329189300537109375" lon="112.73991764523088932037353515625">
        <ele>807.20001220703125</ele>
        <time>2026-08-28T03:00:36.000Z</time>
        <extensions>
          <ns3:TrackPointExtension>
            <ns3:hr>139</ns3:hr>
            <ns3:cad>92</ns3:cad>
          </ns3:TrackPointExtension>
        </extensions>
      </trkpt>
      <trkpt lat="38.723526634275913238525390625" lon="112.73995108902454376220703125">
        <ele>807.20001220703125</ele>
        <time>2026-08-28T03:00:37.000Z</time>
        <extensions>
          <ns3:TrackPointExtension>
            <ns3:hr>139</ns3:hr>
            <ns3:cad>92</ns3:cad>
          </ns3:TrackPointExtension>
        </extensions>
      </trkpt>
      <trkpt lat="38.72352688573300838470458984375" lon="112.7399757318198680877685546875">
        <ele>807.20001220703125</ele>
        <time>2026-08-28T03:00:38.000Z</time>
        <extensions>
          <ns3:TrackPointExtension>
            <ns3:hr>138</ns3:hr>
            <ns3:cad>91</ns3:cad>
          </ns3:TrackPointExtension>
        </extensions>
      </trkpt>
      <trkpt lat="38.72351850382983684539794921875" lon="112.7400095947086811065673828125">
        <ele>807.20001220703125</ele>
        <time>2026-08-28T03:00:39.000Z</time>
        <extensions>
          <ns3:TrackPointExtension>
            <ns3:hr>138</ns3:hr>
            <ns3:cad>91</ns3:cad>
          </ns3:TrackPointExtension>
        </extensions>
      </trkpt>
      <trkpt lat="38.72351431287825107574462890625" lon="112.74003381840884685516357421875">
        <ele>807.20001220703125</ele>
        <time>2026-08-28T03:00:40.000Z</time>
        <extensions>
          <ns3:TrackPointExtension>
            <ns3:hr>138</ns3:hr>
            <ns3:cad>91</ns3:cad>
          </ns3:TrackPointExtension>
        </extensions>
      </trkpt>
      <trkpt lat="38.7235029973089694976806640625" lon="112.7400605566799640655517578125">
        <ele>807.20001220703125</ele>
        <time>2026-08-28T03:00:41.000Z</time>
        <extensions>
          <ns3:TrackPointExtension>
            <ns3:hr>139</ns3:hr>
            <ns3:cad>91</ns3:cad>
          </ns3:TrackPointExtension>
        </extensions>
      </trkpt>
      <trkpt lat="38.7234981358051300048828125" lon="112.740084864199161529541015625">
        <ele>807.20001220703125</ele>
        <time>2026-08-28T03:00:42.000Z</time>
        <extensions>
          <ns3:TrackPointExtension>
            <ns3:hr>138</ns3:hr>
            <ns3:cad>91</ns3:cad>
          </ns3:TrackPointExtension>
        </extensions>
      </trkpt>
      <trkpt lat="38.72348665259778499603271484375" lon="112.740115709602832794189453125">
        <ele>807</ele>
        <time>2026-08-28T03:00:43.000Z</time>
        <extensions>
          <ns3:TrackPointExtension>
            <ns3:hr>138</ns3:hr>
            <ns3:cad>90</ns3:cad>
          </ns3:TrackPointExtension>
        </extensions>
      </trkpt>
      <trkpt lat="38.72348112054169178009033203125" lon="112.74014261551201343536376953125">
        <ele>807</ele>
        <time>2026-08-28T03:00:44.000Z</time>
        <extensions>
          <ns3:TrackPointExtension>
            <ns3:hr>139</ns3:hr>
            <ns3:cad>90</ns3:cad>
          </ns3:TrackPointExtension>
        </extensions>
      </trkpt>
      <trkpt lat="38.723472990095615386962890625" lon="112.74017346091568470001220703125">
        <ele>807</ele>
        <time>2026-08-28T03:00:45.000Z</time>
        <extensions>
          <ns3:TrackPointExtension>
            <ns3:hr>138</ns3:hr>
            <ns3:cad>90</ns3:cad>
          </ns3:TrackPointExtension>
        </extensions>
      </trkpt>
      <trkpt lat="38.7234704755246639251708984375" lon="112.7401983551681041717529296875">
        <ele>807</ele>
        <time>2026-08-28T03:00:46.000Z</time>
        <extensions>
          <ns3:TrackPointExtension>
            <ns3:hr>138</ns3:hr>
            <ns3:cad>90</ns3:cad>
          </ns3:TrackPointExtension>
        </extensions>
      </trkpt>
      <trkpt lat="38.7234620936214923858642578125" lon="112.7402251772582530975341796875">
        <ele>807</ele>
        <time>2026-08-28T03:00:47.000Z</time>
        <extensions>
          <ns3:TrackPointExtension>
            <ns3:hr>137</ns3:hr>
            <ns3:cad>90</ns3:cad>
          </ns3:TrackPointExtension>
        </extensions>
      </trkpt>
      <trkpt lat="38.72346100397408008575439453125" lon="112.7402499876916408538818359375">
        <ele>807</ele>
        <time>2026-08-28T03:00:48.000Z</time>
        <extensions>
          <ns3:TrackPointExtension>
            <ns3:hr>135</ns3:hr>
            <ns3:cad>91</ns3:cad>
          </ns3:TrackPointExtension>
        </extensions>
      </trkpt>
      <trkpt lat="38.72345178388059139251708984375" lon="112.74028276093304157257080078125">
        <ele>807</ele>
        <time>2026-08-28T03:00:49.000Z</time>
        <extensions>
          <ns3:TrackPointExtension>
            <ns3:hr>134</ns3:hr>
            <ns3:cad>91</ns3:cad>
          </ns3:TrackPointExtension>
        </extensions>
      </trkpt>
      <trkpt lat="38.72345061041414737701416015625" lon="112.740309499204158782958984375">
        <ele>807</ele>
        <time>2026-08-28T03:00:50.000Z</time>
        <extensions>
          <ns3:TrackPointExtension>
            <ns3:hr>134</ns3:hr>
            <ns3:cad>90</ns3:cad>
          </ns3:TrackPointExtension>
        </extensions>
      </trkpt>
      <trkpt lat="38.7234439887106418609619140625" lon="112.74034093134105205535888671875">
        <ele>807</ele>
        <time>2026-08-28T03:00:51.000Z</time>
        <extensions>
          <ns3:TrackPointExtension>
            <ns3:hr>135</ns3:hr>
            <ns3:cad>89</ns3:cad>
          </ns3:TrackPointExtension>
        </extensions>
      </trkpt>
      <trkpt lat="38.72344315052032470703125" lon="112.74036607705056667327880859375">
        <ele>806.79998779296875</ele>
        <time>2026-08-28T03:00:52.000Z</time>
        <extensions>
          <ns3:TrackPointExtension>
            <ns3:hr>135</ns3:hr>
            <ns3:cad>89</ns3:cad>
          </ns3:TrackPointExtension>
        </extensions>
      </trkpt>
      <trkpt lat="38.72343652881681919097900390625" lon="112.74039893411099910736083984375">
        <ele>806.79998779296875</ele>
        <time>2026-08-28T03:00:53.000Z</time>
        <extensions>
          <ns3:TrackPointExtension>
            <ns3:hr>136</ns3:hr>
            <ns3:cad>90</ns3:cad>
          </ns3:TrackPointExtension>
        </extensions>
      </trkpt>
      <trkpt lat="38.7234362773597240447998046875" lon="112.74042458273470401763916015625">
        <ele>806.79998779296875</ele>
        <time>2026-08-28T03:00:54.000Z</time>
        <extensions>
          <ns3:TrackPointExtension>
            <ns3:hr>135</ns3:hr>
            <ns3:cad>90</ns3:cad>
          </ns3:TrackPointExtension>
        </extensions>
      </trkpt>
      <trkpt lat="38.72342638671398162841796875" lon="112.74045475758612155914306640625">
        <ele>806.79998779296875</ele>
        <time>2026-08-28T03:00:55.000Z</time>
        <extensions>
          <ns3:TrackPointExtension>
            <ns3:hr>135</ns3:hr>
            <ns3:cad>91</ns3:cad>
          </ns3:TrackPointExtension>
        </extensions>
      </trkpt>
      <trkpt lat="38.7234272249042987823486328125" lon="112.7404793165624141693115234375">
        <ele>806.79998779296875</ele>
        <time>2026-08-28T03:00:56.000Z</time>
        <extensions>
          <ns3:TrackPointExtension>
            <ns3:hr>135</ns3:hr>
            <ns3:cad>91</ns3:cad>
          </ns3:TrackPointExtension>
        </extensions>
      </trkpt>
      <trkpt lat="38.7234185077250003814697265625" lon="112.74051058106124401092529296875">
        <ele>806.79998779296875</ele>
        <time>2026-08-28T03:00:57.000Z</time>
        <extensions>
          <ns3:TrackPointExtension>
            <ns3:hr>135</ns3:hr>
            <ns3:cad>90</ns3:cad>
          </ns3:TrackPointExtension>
        </extensions>
      </trkpt>
      <trkpt lat="38.72341674752533435821533203125" lon="112.7405356429517269134521484375">
        <ele>806.79998779296875</ele>
        <time>2026-08-28T03:00:58.000Z</time>
        <extensions>
          <ns3:TrackPointExtension>
            <ns3:hr>135</ns3:hr>
            <ns3:cad>89</ns3:cad>
          </ns3:TrackPointExtension>
        </extensions>
      </trkpt>
      <trkpt lat="38.723407946527004241943359375" lon="112.74057202041149139404296875">
        <ele>806.79998779296875</ele>
        <time>2026-08-28T03:00:59.000Z</time>
        <extensions>
          <ns3:TrackPointExtension>
            <ns3:hr>135</ns3:hr>
            <ns3:cad>89</ns3:cad>
          </ns3:TrackPointExtension>
        </extensions>
      </trkpt>
      <trkpt lat="38.72340853326022624969482421875" lon="112.74059792049229145050048828125">
        <ele>806.79998779296875</ele>
        <time>2026-08-28T03:01:00.000Z</time>
        <extensions>
          <ns3:TrackPointExtension>
            <ns3:hr>135</ns3:hr>
            <ns3:cad>88</ns3:cad>
          </ns3:TrackPointExtension>
        </extensions>
      </trkpt>
      <trkpt lat="38.72340551577508449554443359375" lon="112.74063371121883392333984375">
        <ele>806.79998779296875</ele>
        <time>2026-08-28T03:01:01.000Z</time>
        <extensions>
          <ns3:TrackPointExtension>
            <ns3:hr>135</ns3:hr>
            <ns3:cad>89</ns3:cad>
          </ns3:TrackPointExtension>
        </extensions>
      </trkpt>
      <trkpt lat="38.723407946527004241943359375" lon="112.74065709672868251800537109375">
        <ele>806.79998779296875</ele>
        <time>2026-08-28T03:01:02.000Z</time>
        <extensions>
          <ns3:TrackPointExtension>
            <ns3:hr>135</ns3:hr>
            <ns3:cad>89</ns3:cad>
          </ns3:TrackPointExtension>
        </extensions>
      </trkpt>
      <trkpt lat="38.723405264317989349365234375" lon="112.74068961851298809051513671875">
        <ele>806.79998779296875</ele>
        <time>2026-08-28T03:01:03.000Z</time>
        <extensions>
          <ns3:TrackPointExtension>
            <ns3:hr>135</ns3:hr>
            <ns3:cad>89</ns3:cad>
          </ns3:TrackPointExtension>
        </extensions>
      </trkpt>
      <trkpt lat="38.72341071255505084991455078125" lon="112.74071526713669300079345703125">
        <ele>806.5999755859375</ele>
        <time>2026-08-28T03:01:04.000Z</time>
        <extensions>
          <ns3:TrackPointExtension>
            <ns3:hr>134</ns3:hr>
            <ns3:cad>89</ns3:cad>
          </ns3:TrackPointExtension>
        </extensions>
      </trkpt>
      <trkpt lat="38.72340937145054340362548828125" lon="112.74074695073068141937255859375">
        <ele>806.5999755859375</ele>
        <time>2026-08-28T03:01:05.000Z</time>
        <extensions>
          <ns3:TrackPointExtension>
            <ns3:hr>134</ns3:hr>
            <ns3:cad>90</ns3:cad>
          </ns3:TrackPointExtension>
        </extensions>
      </trkpt>
      <trkpt lat="38.72341071255505084991455078125" lon="112.74077310226857662200927734375">
        <ele>806.5999755859375</ele>
        <time>2026-08-28T03:01:06.000Z</time>
        <extensions>
          <ns3:TrackPointExtension>
            <ns3:hr>134</ns3:hr>
            <ns3:cad>90</ns3:cad>
          </ns3:TrackPointExtension>
        </extensions>
      </trkpt>
      <trkpt lat="38.7234050966799259185791015625" lon="112.7408001758158206939697265625">
        <ele>806.5999755859375</ele>
        <time>2026-08-28T03:01:07.000Z</time>
        <extensions>
          <ns3:TrackPointExtension>
            <ns3:hr>134</ns3:hr>
            <ns3:cad>90</ns3:cad>
          </ns3:TrackPointExtension>
        </extensions>
      </trkpt>
      <trkpt lat="38.72340685687959194183349609375" lon="112.74082574062049388885498046875">
        <ele>806.5999755859375</ele>
        <time>2026-08-28T03:01:08.000Z</time>
        <extensions>
          <ns3:TrackPointExtension>
            <ns3:hr>134</ns3:hr>
            <ns3:cad>91</ns3:cad>
          </ns3:TrackPointExtension>
        </extensions>
      </trkpt>
      <trkpt lat="38.72340023517608642578125" lon="112.74085826240479946136474609375">
        <ele>806.5999755859375</ele>
        <time>2026-08-28T03:01:09.000Z</time>
        <extensions>
          <ns3:TrackPointExtension>
            <ns3:hr>134</ns3:hr>
            <ns3:cad>91</ns3:cad>
          </ns3:TrackPointExtension>
        </extensions>
      </trkpt>
      <trkpt lat="38.723399899899959564208984375" lon="112.740883491933345794677734375">
        <ele>806.5999755859375</ele>
        <time>2026-08-28T03:01:10.000Z</time>
        <extensions>
          <ns3:TrackPointExtension>
            <ns3:hr>135</ns3:hr>
            <ns3:cad>91</ns3:cad>
          </ns3:TrackPointExtension>
        </extensions>
      </trkpt>
      <trkpt lat="38.72338942252099514007568359375" lon="112.7409128285944461822509765625">
        <ele>806.5999755859375</ele>
        <time>2026-08-28T03:01:11.000Z</time>
        <extensions>
          <ns3:TrackPointExtension>
            <ns3:hr>135</ns3:hr>
            <ns3:cad>89</ns3:cad>
          </ns3:TrackPointExtension>
        </extensions>
      </trkpt>
      <trkpt lat="38.72338883578777313232421875" lon="112.740939147770404815673828125">
        <ele>806.4000244140625</ele>
        <time>2026-08-28T03:01:12.000Z</time>
        <extensions>
          <ns3:TrackPointExtension>
            <ns3:hr>135</ns3:hr>
            <ns3:cad>89</ns3:cad>
          </ns3:TrackPointExtension>
        </extensions>
      </trkpt>
      <trkpt lat="38.7233779393136501312255859375" lon="112.74096873588860034942626953125">
        <ele>806.4000244140625</ele>
        <time>2026-08-28T03:01:13.000Z</time>
        <extensions>
          <ns3:TrackPointExtension>
            <ns3:hr>135</ns3:hr>
            <ns3:cad>89</ns3:cad>
          </ns3:TrackPointExtension>
        </extensions>
      </trkpt>
      <trkpt lat="38.72337810695171356201171875" lon="112.7409959770739078521728515625">
        <ele>806.4000244140625</ele>
        <time>2026-08-28T03:01:14.000Z</time>
        <extensions>
          <ns3:TrackPointExtension>
            <ns3:hr>135</ns3:hr>
            <ns3:cad>90</ns3:cad>
          </ns3:TrackPointExtension>
        </extensions>
      </trkpt>
      <trkpt lat="38.72337232343852519989013671875" lon="112.74102590046823024749755859375">
        <ele>806.4000244140625</ele>
        <time>2026-08-28T03:01:15.000Z</time>
        <extensions>
          <ns3:TrackPointExtension>
            <ns3:hr>134</ns3:hr>
            <ns3:cad>90</ns3:cad>
          </ns3:TrackPointExtension>
        </extensions>
      </trkpt>
      <trkpt lat="38.7233668752014636993408203125" lon="112.74105574004352092742919921875">
        <ele>806.4000244140625</ele>
        <time>2026-08-28T03:01:16.000Z</time>
        <extensions>
          <ns3:TrackPointExtension>
            <ns3:hr>135</ns3:hr>
            <ns3:cad>91</ns3:cad>
          </ns3:TrackPointExtension>
        </extensions>
      </trkpt>
      <trkpt lat="38.72335891239345073699951171875" lon="112.741084657609462738037109375">
        <ele>806.4000244140625</ele>
        <time>2026-08-28T03:01:17.000Z</time>
        <extensions>
          <ns3:TrackPointExtension>
            <ns3:hr>135</ns3:hr>
            <ns3:cad>91</ns3:cad>
          </ns3:TrackPointExtension>
        </extensions>
      </trkpt>
      <trkpt lat="38.72335740365087985992431640625" lon="112.74111659266054630279541015625">
        <ele>806.4000244140625</ele>
        <time>2026-08-28T03:01:18.000Z</time>
        <extensions>
          <ns3:TrackPointExtension>
            <ns3:hr>135</ns3:hr>
            <ns3:cad>91</ns3:cad>
          </ns3:TrackPointExtension>
        </extensions>
      </trkpt>
      <trkpt lat="38.72335270978510379791259765625" lon="112.74114458821713924407958984375">
        <ele>806.4000244140625</ele>
        <time>2026-08-28T03:01:19.000Z</time>
        <extensions>
          <ns3:TrackPointExtension>
            <ns3:hr>134</ns3:hr>
            <ns3:cad>90</ns3:cad>
          </ns3:TrackPointExtension>
        </extensions>
      </trkpt>
      <trkpt lat="38.7233517877757549285888671875" lon="112.74117493070662021636962890625">
        <ele>806.20001220703125</ele>
        <time>2026-08-28T03:01:20.000Z</time>
        <extensions>
          <ns3:TrackPointExtension>
            <ns3:hr>135</ns3:hr>
            <ns3:cad>90</ns3:cad>
          </ns3:TrackPointExtension>
        </extensions>
      </trkpt>
      <trkpt lat="38.7233460880815982818603515625" lon="112.7412028424441814422607421875">
        <ele>806.20001220703125</ele>
        <time>2026-08-28T03:01:21.000Z</time>
        <extensions>
          <ns3:TrackPointExtension>
            <ns3:hr>137</ns3:hr>
            <ns3:cad>90</ns3:cad>
          </ns3:TrackPointExtension>
        </extensions>
      </trkpt>
      <trkpt lat="38.72334214858710765838623046875" lon="112.74123410694301128387451171875">
        <ele>806.20001220703125</ele>
        <time>2026-08-28T03:01:22.000Z</time>
        <extensions>
          <ns3:TrackPointExtension>
            <ns3:hr>138</ns3:hr>
            <ns3:cad>90</ns3:cad>
          </ns3:TrackPointExtension>
        </extensions>
      </trkpt>
      <trkpt lat="38.72333812527358531951904296875" lon="112.74125942029058933258056640625">
        <ele>806.20001220703125</ele>
        <time>2026-08-28T03:01:23.000Z</time>
        <extensions>
          <ns3:TrackPointExtension>
            <ns3:hr>138</ns3:hr>
            <ns3:cad>92</ns3:cad>
          </ns3:TrackPointExtension>
        </extensions>
      </trkpt>
      <trkpt lat="38.723332174122333526611328125" lon="112.74129076860845088958740234375">
        <ele>806.20001220703125</ele>
        <time>2026-08-28T03:01:24.000Z</time>
        <extensions>
          <ns3:TrackPointExtension>
            <ns3:hr>139</ns3:hr>
            <ns3:cad>92</ns3:cad>
          </ns3:TrackPointExtension>
        </extensions>
      </trkpt>
      <trkpt lat="38.72332840226590633392333984375" lon="112.741313986480236053466796875">
        <ele>806.20001220703125</ele>
        <time>2026-08-28T03:01:25.000Z</time>
        <extensions>
          <ns3:TrackPointExtension>
            <ns3:hr>139</ns3:hr>
            <ns3:cad>92</ns3:cad>
          </ns3:TrackPointExtension>
        </extensions>
      </trkpt>
      <trkpt lat="38.7233246304094791412353515625" lon="112.74134659208357334136962890625">
        <ele>806.20001220703125</ele>
        <time>2026-08-28T03:01:26.000Z</time>
        <extensions>
          <ns3:TrackPointExtension>
            <ns3:hr>140</ns3:hr>
            <ns3:cad>92</ns3:cad>
          </ns3:TrackPointExtension>
        </extensions>
      </trkpt>
      <trkpt lat="38.7233226187527179718017578125" lon="112.74136821739375591278076171875">
        <ele>806.20001220703125</ele>
        <time>2026-08-28T03:01:27.000Z</time>
        <extensions>
          <ns3:TrackPointExtension>
            <ns3:hr>140</ns3:hr>
            <ns3:cad>91</ns3:cad>
          </ns3:TrackPointExtension>
        </extensions>
      </trkpt>
      <trkpt lat="38.72331909835338592529296875" lon="112.741400487720966339111328125">
        <ele>806.20001220703125</ele>
        <time>2026-08-28T03:01:28.000Z</time>
        <extensions>
          <ns3:TrackPointExtension>
            <ns3:hr>140</ns3:hr>
            <ns3:cad>91</ns3:cad>
          </ns3:TrackPointExtension>
        </extensions>
      </trkpt>
      <trkpt lat="38.72331985272467136383056640625" lon="112.7414242923259735107421875">
        <ele>806.20001220703125</ele>
        <time>2026-08-28T03:01:29.000Z</time>
        <extensions>
          <ns3:TrackPointExtension>
            <ns3:hr>140</ns3:hr>
            <ns3:cad>92</ns3:cad>
          </ns3:TrackPointExtension>
        </extensions>
      </trkpt>
      <trkpt lat="38.723314069211483001708984375" lon="112.7414626814424991607666015625">
        <ele>806.20001220703125</ele>
        <time>2026-08-28T03:01:30.000Z</time>
        <extensions>
          <ns3:TrackPointExtension>
            <ns3:hr>141</ns3:hr>
            <ns3:cad>92</ns3:cad>
          </ns3:TrackPointExtension>
        </extensions>
      </trkpt>
      <trkpt lat="38.72331432066857814788818359375" lon="112.7414874918758869171142578125">
        <ele>806.20001220703125</ele>
        <time>2026-08-28T03:01:31.000Z</time>
        <extensions>
          <ns3:TrackPointExtension>
            <ns3:hr>141</ns3:hr>
            <ns3:cad>92</ns3:cad>
          </ns3:TrackPointExtension>
        </extensions>
      </trkpt>
      <trkpt lat="38.72330778278410434722900390625" lon="112.74152420461177825927734375">
        <ele>806.20001220703125</ele>
        <time>2026-08-28T03:01:32.000Z</time>
        <extensions>
          <ns3:TrackPointExtension>
            <ns3:hr>142</ns3:hr>
            <ns3:cad>92</ns3:cad>
          </ns3:TrackPointExtension>
        </extensions>
      </trkpt>
      <trkpt lat="38.7233088724315166473388671875" lon="112.74154658429324626922607421875">
        <ele>806.20001220703125</ele>
        <time>2026-08-28T03:01:33.000Z</time>
        <extensions>
          <ns3:TrackPointExtension>
            <ns3:hr>142</ns3:hr>
            <ns3:cad>92</ns3:cad>
          </ns3:TrackPointExtension>
        </extensions>
      </trkpt>
      <trkpt lat="38.72330158017575740814208984375" lon="112.74157742969691753387451171875">
        <ele>806</ele>
        <time>2026-08-28T03:01:34.000Z</time>
        <extensions>
          <ns3:TrackPointExtension>
            <ns3:hr>142</ns3:hr>
            <ns3:cad>92</ns3:cad>
          </ns3:TrackPointExtension>
        </extensions>
      </trkpt>
      <trkpt lat="38.72330434620380401611328125" lon="112.7415977977216243743896484375">
        <ele>806</ele>
        <time>2026-08-28T03:01:35.000Z</time>
        <extensions>
          <ns3:TrackPointExtension>
            <ns3:hr>141</ns3:hr>
            <ns3:cad>92</ns3:cad>
          </ns3:TrackPointExtension>
        </extensions>
      </trkpt>
      <trkpt lat="38.7232969701290130615234375" lon="112.7416273020207881927490234375">
        <ele>806</ele>
        <time>2026-08-28T03:01:36.000Z</time>
        <extensions>
          <ns3:TrackPointExtension>
            <ns3:hr>141</ns3:hr>
            <ns3:cad>92</ns3:cad>
          </ns3:TrackPointExtension>
        </extensions>
      </trkpt>
      <trkpt lat="38.72329822741448879241943359375" lon="112.74165429174900054931640625">
        <ele>806</ele>
        <time>2026-08-28T03:01:37.000Z</time>
        <extensions>
          <ns3:TrackPointExtension>
            <ns3:hr>140</ns3:hr>
            <ns3:cad>92</ns3:cad>
          </ns3:TrackPointExtension>
        </extensions>
      </trkpt>
      <trkpt lat="38.72329303063452243804931640625" lon="112.7416856400668621063232421875">
        <ele>806</ele>
        <time>2026-08-28T03:01:38.000Z</time>
        <extensions>
          <ns3:TrackPointExtension>
            <ns3:hr>140</ns3:hr>
            <ns3:cad>92</ns3:cad>
          </ns3:TrackPointExtension>
        </extensions>
      </trkpt>
      <trkpt lat="38.7232942879199981689453125" lon="112.74171522818505764007568359375">
        <ele>806</ele>
        <time>2026-08-28T03:01:39.000Z</time>
        <extensions>
          <ns3:TrackPointExtension>
            <ns3:hr>140</ns3:hr>
            <ns3:cad>92</ns3:cad>
          </ns3:TrackPointExtension>
        </extensions>
      </trkpt>
      <trkpt lat="38.72328900732100009918212890625" lon="112.7417449839413166046142578125">
        <ele>806</ele>
        <time>2026-08-28T03:01:40.000Z</time>
        <extensions>
          <ns3:TrackPointExtension>
            <ns3:hr>139</ns3:hr>
            <ns3:cad>92</ns3:cad>
          </ns3:TrackPointExtension>
        </extensions>
      </trkpt>
      <trkpt lat="38.72329001314938068389892578125" lon="112.74177499115467071533203125">
        <ele>806</ele>
        <time>2026-08-28T03:01:41.000Z</time>
        <extensions>
          <ns3:TrackPointExtension>
            <ns3:hr>138</ns3:hr>
            <ns3:cad>91</ns3:cad>
          </ns3:TrackPointExtension>
        </extensions>
      </trkpt>
      <trkpt lat="38.72328381054103374481201171875" lon="112.74180307053029537200927734375">
        <ele>806</ele>
        <time>2026-08-28T03:01:42.000Z</time>
        <extensions>
          <ns3:TrackPointExtension>
            <ns3:hr>138</ns3:hr>
            <ns3:cad>91</ns3:cad>
          </ns3:TrackPointExtension>
        </extensions>
      </trkpt>
      <trkpt lat="38.72328079305589199066162109375" lon="112.7418341673910617828369140625">
        <ele>806</ele>
        <time>2026-08-28T03:01:43.000Z</time>
        <extensions>
          <ns3:TrackPointExtension>
            <ns3:hr>138</ns3:hr>
            <ns3:cad>92</ns3:cad>
          </ns3:TrackPointExtension>
        </extensions>
      </trkpt>
      <trkpt lat="38.72327291406691074371337890625" lon="112.7418601512908935546875">
        <ele>806</ele>
        <time>2026-08-28T03:01:44.000Z</time>
        <extensions>
          <ns3:TrackPointExtension>
            <ns3:hr>137</ns3:hr>
            <ns3:cad>92</ns3:cad>
          </ns3:TrackPointExtension>
        </extensions>
      </trkpt>
      <trkpt lat="38.723271153867244720458984375" lon="112.741889990866184234619140625">
        <ele>806</ele>
        <time>2026-08-28T03:01:45.000Z</time>
        <extensions>
          <ns3:TrackPointExtension>
            <ns3:hr>137</ns3:hr>
            <ns3:cad>90</ns3:cad>
          </ns3:TrackPointExtension>
        </extensions>
      </trkpt>
      <trkpt lat="38.723265789449214935302734375" lon="112.74191371165215969085693359375">
        <ele>806</ele>
        <time>2026-08-28T03:01:46.000Z</time>
        <extensions>
          <ns3:TrackPointExtension>
            <ns3:hr>137</ns3:hr>
            <ns3:cad>90</ns3:cad>
          </ns3:TrackPointExtension>
        </extensions>
      </trkpt>
      <trkpt lat="38.723263107240200042724609375" lon="112.7419431321322917938232421875">
        <ele>806</ele>
        <time>2026-08-28T03:01:47.000Z</time>
        <extensions>
          <ns3:TrackPointExtension>
            <ns3:hr>137</ns3:hr>
            <ns3:cad>90</ns3:cad>
          </ns3:TrackPointExtension>
        </extensions>
      </trkpt>
      <trkpt lat="38.723255731165409088134765625" lon="112.7419706247746944427490234375">
        <ele>806</ele>
        <time>2026-08-28T03:01:48.000Z</time>
        <extensions>
          <ns3:TrackPointExtension>
            <ns3:hr>138</ns3:hr>
            <ns3:cad>90</ns3:cad>
          </ns3:TrackPointExtension>
        </extensions>
      </trkpt>
      <trkpt lat="38.72325045056641101837158203125" lon="112.74200373329222202301025390625">
        <ele>806</ele>
        <time>2026-08-28T03:01:49.000Z</time>
        <extensions>
          <ns3:TrackPointExtension>
            <ns3:hr>139</ns3:hr>
            <ns3:cad>91</ns3:cad>
          </ns3:TrackPointExtension>
        </extensions>
      </trkpt>
      <trkpt lat="38.72324424795806407928466796875" lon="112.74203022010624408721923828125">
        <ele>806</ele>
        <time>2026-08-28T03:01:50.000Z</time>
        <extensions>
          <ns3:TrackPointExtension>
            <ns3:hr>140</ns3:hr>
            <ns3:cad>91</ns3:cad>
          </ns3:TrackPointExtension>
        </extensions>
      </trkpt>
      <trkpt lat="38.7232371233403682708740234375" lon="112.742062993347644805908203125">
        <ele>806</ele>
        <time>2026-08-28T03:01:51.000Z</time>
        <extensions>
          <ns3:TrackPointExtension>
            <ns3:hr>140</ns3:hr>
            <ns3:cad>91</ns3:cad>
          </ns3:TrackPointExtension>
        </extensions>
      </trkpt>
      <trkpt lat="38.72322790324687957763671875" lon="112.74208604358136653900146484375">
        <ele>805.79998779296875</ele>
        <time>2026-08-28T03:01:52.000Z</time>
        <extensions>
          <ns3:TrackPointExtension>
            <ns3:hr>141</ns3:hr>
            <ns3:cad>90</ns3:cad>
          </ns3:TrackPointExtension>
        </extensions>
      </trkpt>
      <trkpt lat="38.72322463430464267730712890625" lon="112.74211906827986240386962890625">
        <ele>805.79998779296875</ele>
        <time>2026-08-28T03:01:53.000Z</time>
        <extensions>
          <ns3:TrackPointExtension>
            <ns3:hr>141</ns3:hr>
            <ns3:cad>90</ns3:cad>
          </ns3:TrackPointExtension>
        </extensions>
      </trkpt>
      <trkpt lat="38.7232230417430400848388671875" lon="112.742141447961330413818359375">
        <ele>805.79998779296875</ele>
        <time>2026-08-28T03:01:54.000Z</time>
        <extensions>
          <ns3:TrackPointExtension>
            <ns3:hr>141</ns3:hr>
            <ns3:cad>90</ns3:cad>
          </ns3:TrackPointExtension>
        </extensions>
      </trkpt>
      <trkpt lat="38.72321994043886661529541015625" lon="112.74217070080339908599853515625">
        <ele>805.79998779296875</ele>
        <time>2026-08-28T03:01:55.000Z</time>
        <extensions>
          <ns3:TrackPointExtension>
            <ns3:hr>141</ns3:hr>
            <ns3:cad>90</ns3:cad>
          </ns3:TrackPointExtension>
        </extensions>
      </trkpt>
      <trkpt lat="38.723215162754058837890625" lon="112.74219282902777194976806640625">
        <ele>805.79998779296875</ele>
        <time>2026-08-28T03:01:56.000Z</time>
        <extensions>
          <ns3:TrackPointExtension>
            <ns3:hr>142</ns3:hr>
            <ns3:cad>91</ns3:cad>
          </ns3:TrackPointExtension>
        </extensions>
      </trkpt>
      <trkpt lat="38.72321172617375850677490234375" lon="112.74222694337368011474609375">
        <ele>805.5999755859375</ele>
        <time>2026-08-28T03:01:57.000Z</time>
        <extensions>
          <ns3:TrackPointExtension>
            <ns3:hr>142</ns3:hr>
            <ns3:cad>91</ns3:cad>
          </ns3:TrackPointExtension>
        </extensions>
      </trkpt>
      <trkpt lat="38.7232096306979656219482421875" lon="112.74225175380706787109375">
        <ele>805.5999755859375</ele>
        <time>2026-08-28T03:01:58.000Z</time>
        <extensions>
          <ns3:TrackPointExtension>
            <ns3:hr>142</ns3:hr>
            <ns3:cad>90</ns3:cad>
          </ns3:TrackPointExtension>
        </extensions>
      </trkpt>
      <trkpt lat="38.7232035957276821136474609375" lon="112.742284946143627166748046875">
        <ele>805.5999755859375</ele>
        <time>2026-08-28T03:01:59.000Z</time>
        <extensions>
          <ns3:TrackPointExtension>
            <ns3:hr>142</ns3:hr>
            <ns3:cad>90</ns3:cad>
          </ns3:TrackPointExtension>
        </extensions>
      </trkpt>
      <trkpt lat="38.72320300899446010589599609375" lon="112.7423055656254291534423828125">
        <ele>805.5999755859375</ele>
        <time>2026-08-28T03:02:00.000Z</time>
        <extensions>
          <ns3:TrackPointExtension>
            <ns3:hr>143</ns3:hr>
            <ns3:cad>90</ns3:cad>
          </ns3:TrackPointExtension>
        </extensions>
      </trkpt>
      <trkpt lat="38.72319764457643032073974609375" lon="112.742339931428432464599609375">
        <ele>805.5999755859375</ele>
        <time>2026-08-28T03:02:01.000Z</time>
        <extensions>
          <ns3:TrackPointExtension>
            <ns3:hr>143</ns3:hr>
            <ns3:cad>90</ns3:cad>
          </ns3:TrackPointExtension>
        </extensions>
      </trkpt>
      <trkpt lat="38.7231932021677494049072265625" lon="112.7423657476902008056640625">
        <ele>805.5999755859375</ele>
        <time>2026-08-28T03:02:02.000Z</time>
        <extensions>
          <ns3:TrackPointExtension>
            <ns3:hr>144</ns3:hr>
            <ns3:cad>90</ns3:cad>
          </ns3:TrackPointExtension>
        </extensions>
      </trkpt>
      <trkpt lat="38.7231869995594024658203125" lon="112.7424017898738384246826171875">
        <ele>805.5999755859375</ele>
        <time>2026-08-28T03:02:03.000Z</time>
        <extensions>
          <ns3:TrackPointExtension>
            <ns3:hr>144</ns3:hr>
            <ns3:cad>90</ns3:cad>
          </ns3:TrackPointExtension>
        </extensions>
      </trkpt>
      <trkpt lat="38.7231868319213390350341796875" lon="112.74242450483143329620361328125">
        <ele>805.5999755859375</ele>
        <time>2026-08-28T03:02:04.000Z</time>
        <extensions>
          <ns3:TrackPointExtension>
            <ns3:hr>144</ns3:hr>
            <ns3:cad>92</ns3:cad>
          </ns3:TrackPointExtension>
        </extensions>
      </trkpt>
      <trkpt lat="38.723180629312992095947265625" lon="112.74246021173894405364990234375">
        <ele>805.5999755859375</ele>
        <time>2026-08-28T03:02:05.000Z</time>
        <extensions>
          <ns3:TrackPointExtension>
            <ns3:hr>144</ns3:hr>
            <ns3:cad>92</ns3:cad>
          </ns3:TrackPointExtension>
        </extensions>
      </trkpt>
      <trkpt lat="38.723179958760738372802734375" lon="112.7424825914204120635986328125">
        <ele>805.5999755859375</ele>
        <time>2026-08-28T03:02:06.000Z</time>
        <extensions>
          <ns3:TrackPointExtension>
            <ns3:hr>144</ns3:hr>
            <ns3:cad>90</ns3:cad>
          </ns3:TrackPointExtension>
        </extensions>
      </trkpt>
      <trkpt lat="38.72317216359078884124755859375" lon="112.74251662194728851318359375">
        <ele>805.5999755859375</ele>
        <time>2026-08-28T03:02:07.000Z</time>
        <extensions>
          <ns3:TrackPointExtension>
            <ns3:hr>144</ns3:hr>
            <ns3:cad>90</ns3:cad>
          </ns3:TrackPointExtension>
        </extensions>
      </trkpt>
      <trkpt lat="38.72317023575305938720703125" lon="112.7425405941903591156005859375">
        <ele>805.5999755859375</ele>
        <time>2026-08-28T03:02:08.000Z</time>
        <extensions>
          <ns3:TrackPointExtension>
            <ns3:hr>144</ns3:hr>
            <ns3:cad>90</ns3:cad>
          </ns3:TrackPointExtension>
        </extensions>
      </trkpt>
      <trkpt lat="38.7231630273163318634033203125" lon="112.74257588200271129608154296875">
        <ele>805.5999755859375</ele>
        <time>2026-08-28T03:02:09.000Z</time>
        <extensions>
          <ns3:TrackPointExtension>
            <ns3:hr>144</ns3:hr>
            <ns3:cad>90</ns3:cad>
          </ns3:TrackPointExtension>
        </extensions>
      </trkpt>
      <trkpt lat="38.7231596745550632476806640625" lon="112.742600105702877044677734375">
        <ele>805.5999755859375</ele>
        <time>2026-08-28T03:02:10.000Z</time>
        <extensions>
          <ns3:TrackPointExtension>
            <ns3:hr>144</ns3:hr>
            <ns3:cad>90</ns3:cad>
          </ns3:TrackPointExtension>
        </extensions>
      </trkpt>
      <trkpt lat="38.72315171174705028533935546875" lon="112.74263438768684864044189453125">
        <ele>805.5999755859375</ele>
        <time>2026-08-28T03:02:11.000Z</time>
        <extensions>
          <ns3:TrackPointExtension>
            <ns3:hr>143</ns3:hr>
            <ns3:cad>90</ns3:cad>
          </ns3:TrackPointExtension>
        </extensions>
      </trkpt>
      <trkpt lat="38.723149113357067108154296875" lon="112.74265970103442668914794921875">
        <ele>805.5999755859375</ele>
        <time>2026-08-28T03:02:12.000Z</time>
        <extensions>
          <ns3:TrackPointExtension>
            <ns3:hr>142</ns3:hr>
            <ns3:cad>90</ns3:cad>
          </ns3:TrackPointExtension>
        </extensions>
      </trkpt>
      <trkpt lat="38.72314198873937129974365234375" lon="112.74269490502774715423583984375">
        <ele>805.4000244140625</ele>
        <time>2026-08-28T03:02:13.000Z</time>
        <extensions>
          <ns3:TrackPointExtension>
            <ns3:hr>140</ns3:hr>
            <ns3:cad>89</ns3:cad>
          </ns3:TrackPointExtension>
        </extensions>
      </trkpt>
      <trkpt lat="38.72313947416841983795166015625" lon="112.74271938018500804901123046875">
        <ele>805.4000244140625</ele>
        <time>2026-08-28T03:02:14.000Z</time>
        <extensions>
          <ns3:TrackPointExtension>
            <ns3:hr>140</ns3:hr>
            <ns3:cad>89</ns3:cad>
          </ns3:TrackPointExtension>
        </extensions>
      </trkpt>
      <trkpt lat="38.72313176281750202178955078125" lon="112.74275265634059906005859375">
        <ele>805.4000244140625</ele>
        <time>2026-08-28T03:02:15.000Z</time>
        <extensions>
          <ns3:TrackPointExtension>
            <ns3:hr>141</ns3:hr>
            <ns3:cad>89</ns3:cad>
          </ns3:TrackPointExtension>
        </extensions>
      </trkpt>
      <trkpt lat="38.7231298349797725677490234375" lon="112.74277587421238422393798828125">
        <ele>805.4000244140625</ele>
        <time>2026-08-28T03:02:16.000Z</time>
        <extensions>
          <ns3:TrackPointExtension>
            <ns3:hr>141</ns3:hr>
            <ns3:cad>89</ns3:cad>
          </ns3:TrackPointExtension>
        </extensions>
      </trkpt>
      <trkpt lat="38.723122291266918182373046875" lon="112.7428074739873409271240234375">
        <ele>805.4000244140625</ele>
        <time>2026-08-28T03:02:17.000Z</time>
        <extensions>
          <ns3:TrackPointExtension>
            <ns3:hr>141</ns3:hr>
            <ns3:cad>89</ns3:cad>
          </ns3:TrackPointExtension>
        </extensions>
      </trkpt>
      <trkpt lat="38.723118603229522705078125" lon="112.74283203296363353729248046875">
        <ele>805.4000244140625</ele>
        <time>2026-08-28T03:02:18.000Z</time>
        <extensions>
          <ns3:TrackPointExtension>
            <ns3:hr>142</ns3:hr>
            <ns3:cad>91</ns3:cad>
          </ns3:TrackPointExtension>
        </extensions>
      </trkpt>
      <trkpt lat="38.723109550774097442626953125" lon="112.74286572821438312530517578125">
        <ele>805.4000244140625</ele>
        <time>2026-08-28T03:02:19.000Z</time>
        <extensions>
          <ns3:TrackPointExtension>
            <ns3:hr>141</ns3:hr>
            <ns3:cad>91</ns3:cad>
          </ns3:TrackPointExtension>
        </extensions>
      </trkpt>
      <trkpt lat="38.7231087125837802886962890625" lon="112.7428876049816608428955078125">
        <ele>805.4000244140625</ele>
        <time>2026-08-28T03:02:20.000Z</time>
        <extensions>
          <ns3:TrackPointExtension>
            <ns3:hr>142</ns3:hr>
            <ns3:cad>89</ns3:cad>
          </ns3:TrackPointExtension>
        </extensions>
      </trkpt>
      <trkpt lat="38.723099492490291595458984375" lon="112.74292138405144214630126953125">
        <ele>805.4000244140625</ele>
        <time>2026-08-28T03:02:21.000Z</time>
        <extensions>
          <ns3:TrackPointExtension>
            <ns3:hr>142</ns3:hr>
            <ns3:cad>89</ns3:cad>
          </ns3:TrackPointExtension>
        </extensions>
      </trkpt>
      <trkpt lat="38.72309890575706958770751953125" lon="112.7429451048374176025390625">
        <ele>805.4000244140625</ele>
        <time>2026-08-28T03:02:22.000Z</time>
        <extensions>
          <ns3:TrackPointExtension>
            <ns3:hr>142</ns3:hr>
            <ns3:cad>89</ns3:cad>
          </ns3:TrackPointExtension>
        </extensions>
      </trkpt>
      <trkpt lat="38.72309203259646892547607421875" lon="112.742978297173976898193359375">
        <ele>805.4000244140625</ele>
        <time>2026-08-28T03:02:23.000Z</time>
        <extensions>
          <ns3:TrackPointExtension>
            <ns3:hr>143</ns3:hr>
            <ns3:cad>90</ns3:cad>
          </ns3:TrackPointExtension>
        </extensions>
      </trkpt>
      <trkpt lat="38.72309052385389804840087890625" lon="112.7430019341409206390380859375">
        <ele>805.4000244140625</ele>
        <time>2026-08-28T03:02:24.000Z</time>
        <extensions>
          <ns3:TrackPointExtension>
            <ns3:hr>143</ns3:hr>
            <ns3:cad>91</ns3:cad>
          </ns3:TrackPointExtension>
        </extensions>
      </trkpt>
      <trkpt lat="38.72308306396007537841796875" lon="112.7430364675819873809814453125">
        <ele>805.4000244140625</ele>
        <time>2026-08-28T03:02:25.000Z</time>
        <extensions>
          <ns3:TrackPointExtension>
            <ns3:hr>144</ns3:hr>
            <ns3:cad>91</ns3:cad>
          </ns3:TrackPointExtension>
        </extensions>
      </trkpt>
      <trkpt lat="38.7230797111988067626953125" lon="112.7430604398250579833984375">
        <ele>805.4000244140625</ele>
        <time>2026-08-28T03:02:26.000Z</time>
        <extensions>
          <ns3:TrackPointExtension>
            <ns3:hr>144</ns3:hr>
            <ns3:cad>90</ns3:cad>
          </ns3:TrackPointExtension>
        </extensions>
      </trkpt>
      <trkpt lat="38.72307501733303070068359375" lon="112.74309539236128330230712890625">
        <ele>805.4000244140625</ele>
        <time>2026-08-28T03:02:27.000Z</time>
        <extensions>
          <ns3:TrackPointExtension>
            <ns3:hr>143</ns3:hr>
            <ns3:cad>89</ns3:cad>
          </ns3:TrackPointExtension>
        </extensions>
      </trkpt>
      <trkpt lat="38.72306906618177890777587890625" lon="112.74311936460435390472412109375">
        <ele>805.4000244140625</ele>
        <time>2026-08-28T03:02:28.000Z</time>
        <extensions>
          <ns3:TrackPointExtension>
            <ns3:hr>143</ns3:hr>
            <ns3:cad>89</ns3:cad>
          </ns3:TrackPointExtension>
        </extensions>
      </trkpt>
      <trkpt lat="38.72306085191667079925537109375" lon="112.74315389804542064666748046875">
        <ele>805.20001220703125</ele>
        <time>2026-08-28T03:02:29.000Z</time>
        <extensions>
          <ns3:TrackPointExtension>
            <ns3:hr>144</ns3:hr>
            <ns3:cad>89</ns3:cad>
          </ns3:TrackPointExtension>
        </extensions>
      </trkpt>
      <trkpt lat="38.72306034900248050689697265625" lon="112.7431749366223812103271484375">
        <ele>805.20001220703125</ele>
        <time>2026-08-28T03:02:30.000Z</time>
        <extensions>
          <ns3:TrackPointExtension>
            <ns3:hr>144</ns3:hr>
            <ns3:cad>89</ns3:cad>
          </ns3:TrackPointExtension>
        </extensions>
      </trkpt>
      <trkpt lat="38.7230554036796092987060546875" lon="112.74321005679666996002197265625">
        <ele>805.20001220703125</ele>
        <time>2026-08-28T03:02:31.000Z</time>
        <extensions>
          <ns3:TrackPointExtension>
            <ns3:hr>144</ns3:hr>
            <ns3:cad>89</ns3:cad>
          </ns3:TrackPointExtension>
        </extensions>
      </trkpt>
      <trkpt lat="38.7230580858886241912841796875" lon="112.743233777582645416259765625">
        <ele>805.20001220703125</ele>
        <time>2026-08-28T03:02:32.000Z</time>
        <extensions>
          <ns3:TrackPointExtension>
            <ns3:hr>143</ns3:hr>
            <ns3:cad>90</ns3:cad>
          </ns3:TrackPointExtension>
        </extensions>
      </trkpt>
      <trkpt lat="38.7230528891086578369140625" lon="112.7432696521282196044921875">
        <ele>805.20001220703125</ele>
        <time>2026-08-28T03:02:33.000Z</time>
        <extensions>
          <ns3:TrackPointExtension>
            <ns3:hr>143</ns3:hr>
            <ns3:cad>90</ns3:cad>
          </ns3:TrackPointExtension>
        </extensions>
      </trkpt>
      <trkpt lat="38.72305431403219699859619140625" lon="112.7432926185429096221923828125">
        <ele>805.20001220703125</ele>
        <time>2026-08-28T03:02:34.000Z</time>
        <extensions>
          <ns3:TrackPointExtension>
            <ns3:hr>143</ns3:hr>
            <ns3:cad>89</ns3:cad>
          </ns3:TrackPointExtension>
        </extensions>
      </trkpt>
      <trkpt lat="38.72304827906191349029541015625" lon="112.74332799017429351806640625">
        <ele>805.20001220703125</ele>
        <time>2026-08-28T03:02:35.000Z</time>
        <extensions>
          <ns3:TrackPointExtension>
            <ns3:hr>143</ns3:hr>
            <ns3:cad>89</ns3:cad>
          </ns3:TrackPointExtension>
        </extensions>
      </trkpt>
      <trkpt lat="38.723047859966754913330078125" lon="112.74335372261703014373779296875">
        <ele>805.20001220703125</ele>
        <time>2026-08-28T03:02:36.000Z</time>
        <extensions>
          <ns3:TrackPointExtension>
            <ns3:hr>143</ns3:hr>
            <ns3:cad>90</ns3:cad>
          </ns3:TrackPointExtension>
        </extensions>
      </trkpt>
      <trkpt lat="38.7230413220822811126708984375" lon="112.743385992944240570068359375">
        <ele>805.20001220703125</ele>
        <time>2026-08-28T03:02:37.000Z</time>
        <extensions>
          <ns3:TrackPointExtension>
            <ns3:hr>142</ns3:hr>
            <ns3:cad>90</ns3:cad>
          </ns3:TrackPointExtension>
        </extensions>
      </trkpt>
      <trkpt lat="38.72304148972034454345703125" lon="112.74340845644474029541015625">
        <ele>805.20001220703125</ele>
        <time>2026-08-28T03:02:38.000Z</time>
        <extensions>
          <ns3:TrackPointExtension>
            <ns3:hr>141</ns3:hr>
            <ns3:cad>91</ns3:cad>
          </ns3:TrackPointExtension>
        </extensions>
      </trkpt>
      <trkpt lat="38.72303503565490245819091796875" lon="112.7434387989342212677001953125">
        <ele>805.20001220703125</ele>
        <time>2026-08-28T03:02:39.000Z</time>
        <extensions>
          <ns3:TrackPointExtension>
            <ns3:hr>140</ns3:hr>
            <ns3:cad>91</ns3:cad>
          </ns3:TrackPointExtension>
        </extensions>
      </trkpt>
      <trkpt lat="38.72303470037877559661865234375" lon="112.74346453137695789337158203125">
        <ele>805.20001220703125</ele>
        <time>2026-08-28T03:02:40.000Z</time>
        <extensions>
          <ns3:TrackPointExtension>
            <ns3:hr>140</ns3:hr>
            <ns3:cad>90</ns3:cad>
          </ns3:TrackPointExtension>
        </extensions>
      </trkpt>
      <trkpt lat="38.72302397154271602630615234375" lon="112.7434971369802951812744140625">
        <ele>805</ele>
        <time>2026-08-28T03:02:41.000Z</time>
        <extensions>
          <ns3:TrackPointExtension>
            <ns3:hr>139</ns3:hr>
            <ns3:cad>90</ns3:cad>
          </ns3:TrackPointExtension>
        </extensions>
      </trkpt>
      <trkpt lat="38.72302413918077945709228515625" lon="112.74352454580366611480712890625">
        <ele>805</ele>
        <time>2026-08-28T03:02:42.000Z</time>
        <extensions>
          <ns3:TrackPointExtension>
            <ns3:hr>137</ns3:hr>
            <ns3:cad>90</ns3:cad>
          </ns3:TrackPointExtension>
        </extensions>
      </trkpt>
      <trkpt lat="38.7230124883353710174560546875" lon="112.743557654321193695068359375">
        <ele>805</ele>
        <time>2026-08-28T03:02:43.000Z</time>
        <extensions>
          <ns3:TrackPointExtension>
            <ns3:hr>135</ns3:hr>
            <ns3:cad>90</ns3:cad>
          </ns3:TrackPointExtension>
        </extensions>
      </trkpt>
      <trkpt lat="38.7230108119547367095947265625" lon="112.7435846440494060516357421875">
        <ele>805</ele>
        <time>2026-08-28T03:02:44.000Z</time>
        <extensions>
          <ns3:TrackPointExtension>
            <ns3:hr>135</ns3:hr>
            <ns3:cad>91</ns3:cad>
          </ns3:TrackPointExtension>
        </extensions>
      </trkpt>
      <trkpt lat="38.72300569899380207061767578125" lon="112.74361138232052326202392578125">
        <ele>805</ele>
        <time>2026-08-28T03:02:45.000Z</time>
        <extensions>
          <ns3:TrackPointExtension>
            <ns3:hr>134</ns3:hr>
            <ns3:cad>92</ns3:cad>
          </ns3:TrackPointExtension>
        </extensions>
      </trkpt>
      <trkpt lat="38.7230044417083263397216796875" lon="112.7436371147632598876953125">
        <ele>805</ele>
        <time>2026-08-28T03:02:46.000Z</time>
        <extensions>
          <ns3:TrackPointExtension>
            <ns3:hr>135</ns3:hr>
            <ns3:cad>92</ns3:cad>
          </ns3:TrackPointExtension>
        </extensions>
      </trkpt>
      <trkpt lat="38.7229994125664234161376953125" lon="112.7436647750437259674072265625">
        <ele>805</ele>
        <time>2026-08-28T03:02:47.000Z</time>
        <extensions>
          <ns3:TrackPointExtension>
            <ns3:hr>135</ns3:hr>
            <ns3:cad>90</ns3:cad>
          </ns3:TrackPointExtension>
        </extensions>
      </trkpt>
      <trkpt lat="38.7229980714619159698486328125" lon="112.743693776428699493408203125">
        <ele>805</ele>
        <time>2026-08-28T03:02:48.000Z</time>
        <extensions>
          <ns3:TrackPointExtension>
            <ns3:hr>135</ns3:hr>
            <ns3:cad>90</ns3:cad>
          </ns3:TrackPointExtension>
        </extensions>
      </trkpt>
      <trkpt lat="38.7229906953871250152587890625" lon="112.74372001178562641143798828125">
        <ele>805</ele>
        <time>2026-08-28T03:02:49.000Z</time>
        <extensions>
          <ns3:TrackPointExtension>
            <ns3:hr>136</ns3:hr>
            <ns3:cad>90</ns3:cad>
          </ns3:TrackPointExtension>
        </extensions>
      </trkpt>
      <trkpt lat="38.72298784554004669189453125" lon="112.74374767206609249114990234375">
        <ele>805</ele>
        <time>2026-08-28T03:02:50.000Z</time>
        <extensions>
          <ns3:TrackPointExtension>
            <ns3:hr>136</ns3:hr>
            <ns3:cad>91</ns3:cad>
          </ns3:TrackPointExtension>
        </extensions>
      </trkpt>
      <trkpt lat="38.72298206202685832977294921875" lon="112.74377516470849514007568359375">
        <ele>805</ele>
        <time>2026-08-28T03:02:51.000Z</time>
        <extensions>
          <ns3:TrackPointExtension>
            <ns3:hr>136</ns3:hr>
            <ns3:cad>92</ns3:cad>
          </ns3:TrackPointExtension>
        </extensions>
      </trkpt>
      <trkpt lat="38.72297577559947967529296875" lon="112.74379947222769260406494140625">
        <ele>804.79998779296875</ele>
        <time>2026-08-28T03:02:52.000Z</time>
        <extensions>
          <ns3:TrackPointExtension>
            <ns3:hr>136</ns3:hr>
            <ns3:cad>92</ns3:cad>
          </ns3:TrackPointExtension>
        </extensions>
      </trkpt>
      <trkpt lat="38.722970746457576751708984375" lon="112.74382662959396839141845703125">
        <ele>805</ele>
        <time>2026-08-28T03:02:53.000Z</time>
        <extensions>
          <ns3:TrackPointExtension>
            <ns3:hr>136</ns3:hr>
            <ns3:cad>92</ns3:cad>
          </ns3:TrackPointExtension>
        </extensions>
      </trkpt>
      <trkpt lat="38.7229655496776103973388671875" lon="112.7438575588166713714599609375">
        <ele>804.79998779296875</ele>
        <time>2026-08-28T03:02:54.000Z</time>
        <extensions>
          <ns3:TrackPointExtension>
            <ns3:hr>136</ns3:hr>
            <ns3:cad>90</ns3:cad>
          </ns3:TrackPointExtension>
        </extensions>
      </trkpt>
      <trkpt lat="38.7229608558118343353271484375" lon="112.74388228543102741241455078125">
        <ele>804.79998779296875</ele>
        <time>2026-08-28T03:02:55.000Z</time>
        <extensions>
          <ns3:TrackPointExtension>
            <ns3:hr>136</ns3:hr>
            <ns3:cad>90</ns3:cad>
          </ns3:TrackPointExtension>
        </extensions>
      </trkpt>
      <trkpt lat="38.7229541502892971038818359375" lon="112.74391581304371356964111328125">
        <ele>804.79998779296875</ele>
        <time>2026-08-28T03:02:56.000Z</time>
        <extensions>
          <ns3:TrackPointExtension>
            <ns3:hr>135</ns3:hr>
            <ns3:cad>90</ns3:cad>
          </ns3:TrackPointExtension>
        </extensions>
      </trkpt>
      <trkpt lat="38.722955323755741119384765625" lon="112.74393877945840358734130859375">
        <ele>804.79998779296875</ele>
        <time>2026-08-28T03:02:57.000Z</time>
        <extensions>
          <ns3:TrackPointExtension>
            <ns3:hr>135</ns3:hr>
            <ns3:cad>90</ns3:cad>
          </ns3:TrackPointExtension>
        </extensions>
      </trkpt>
      <trkpt lat="38.72294920496642589569091796875" lon="112.74397230707108974456787109375">
        <ele>804.79998779296875</ele>
        <time>2026-08-28T03:02:58.000Z</time>
        <extensions>
          <ns3:TrackPointExtension>
            <ns3:hr>135</ns3:hr>
            <ns3:cad>92</ns3:cad>
          </ns3:TrackPointExtension>
        </extensions>
      </trkpt>
      <trkpt lat="38.72294417582452297210693359375" lon="112.74399460293352603912353515625">
        <ele>804.79998779296875</ele>
        <time>2026-08-28T03:02:59.000Z</time>
        <extensions>
          <ns3:TrackPointExtension>
            <ns3:hr>135</ns3:hr>
            <ns3:cad>92</ns3:cad>
          </ns3:TrackPointExtension>
        </extensions>
      </trkpt>
      <trkpt lat="38.72293864376842975616455078125" lon="112.7440288849174976348876953125">
        <ele>804.79998779296875</ele>
        <time>2026-08-28T03:03:00.000Z</time>
        <extensions>
          <ns3:TrackPointExtension>
            <ns3:hr>134</ns3:hr>
            <ns3:cad>92</ns3:cad>
          </ns3:TrackPointExtension>
        </extensions>
      </trkpt>
      <trkpt lat="38.7229377217590808868408203125" lon="112.7440506778657436370849609375">
        <ele>804.79998779296875</ele>
        <time>2026-08-28T03:03:01.000Z</time>
        <extensions>
          <ns3:TrackPointExtension>
            <ns3:hr>134</ns3:hr>
            <ns3:cad>92</ns3:cad>
          </ns3:TrackPointExtension>
        </extensions>
      </trkpt>
      <trkpt lat="38.72292975895106792449951171875" lon="112.744086049497127532958984375">
        <ele>804.79998779296875</ele>
        <time>2026-08-28T03:03:02.000Z</time>
        <extensions>
          <ns3:TrackPointExtension>
            <ns3:hr>134</ns3:hr>
            <ns3:cad>92</ns3:cad>
          </ns3:TrackPointExtension>
        </extensions>
      </trkpt>
      <trkpt lat="38.72292674146592617034912109375" lon="112.74410583078861236572265625">
        <ele>804.79998779296875</ele>
        <time>2026-08-28T03:03:03.000Z</time>
        <extensions>
          <ns3:TrackPointExtension>
            <ns3:hr>134</ns3:hr>
            <ns3:cad>92</ns3:cad>
          </ns3:TrackPointExtension>
        </extensions>
      </trkpt>
      <trkpt lat="38.72291685082018375396728515625" lon="112.7441371791064739227294921875">
        <ele>804.79998779296875</ele>
        <time>2026-08-28T03:03:04.000Z</time>
        <extensions>
          <ns3:TrackPointExtension>
            <ns3:hr>133</ns3:hr>
            <ns3:cad>92</ns3:cad>
          </ns3:TrackPointExtension>
        </extensions>
      </trkpt>
      <trkpt lat="38.72291483916342258453369140625" lon="112.7441606484353542327880859375">
        <ele>804.79998779296875</ele>
        <time>2026-08-28T03:03:05.000Z</time>
        <extensions>
          <ns3:TrackPointExtension>
            <ns3:hr>133</ns3:hr>
            <ns3:cad>93</ns3:cad>
          </ns3:TrackPointExtension>
        </extensions>
      </trkpt>
      <trkpt lat="38.72290830127894878387451171875" lon="112.7441924996674060821533203125">
        <ele>804.79998779296875</ele>
        <time>2026-08-28T03:03:06.000Z</time>
        <extensions>
          <ns3:TrackPointExtension>
            <ns3:hr>132</ns3:hr>
            <ns3:cad>93</ns3:cad>
          </ns3:TrackPointExtension>
        </extensions>
      </trkpt>
      <trkpt lat="38.72290603816509246826171875" lon="112.74421806447207927703857421875">
        <ele>804.79998779296875</ele>
        <time>2026-08-28T03:03:07.000Z</time>
        <extensions>
          <ns3:TrackPointExtension>
            <ns3:hr>132</ns3:hr>
            <ns3:cad>92</ns3:cad>
          </ns3:TrackPointExtension>
        </extensions>
      </trkpt>
      <trkpt lat="38.72289706952869892120361328125" lon="112.7442508377134799957275390625">
        <ele>804.79998779296875</ele>
        <time>2026-08-28T03:03:08.000Z</time>
        <extensions>
          <ns3:TrackPointExtension>
            <ns3:hr>132</ns3:hr>
            <ns3:cad>92</ns3:cad>
          </ns3:TrackPointExtension>
        </extensions>
      </trkpt>
      <trkpt lat="38.72289421968162059783935546875" lon="112.74427858181297779083251953125">
        <ele>804.79998779296875</ele>
        <time>2026-08-28T03:03:09.000Z</time>
        <extensions>
          <ns3:TrackPointExtension>
            <ns3:hr>132</ns3:hr>
            <ns3:cad>92</ns3:cad>
          </ns3:TrackPointExtension>
        </extensions>
      </trkpt>
      <trkpt lat="38.7228844128549098968505859375" lon="112.74431110359728336334228515625">
        <ele>804.79998779296875</ele>
        <time>2026-08-28T03:03:10.000Z</time>
        <extensions>
          <ns3:TrackPointExtension>
            <ns3:hr>132</ns3:hr>
            <ns3:cad>91</ns3:cad>
          </ns3:TrackPointExtension>
        </extensions>
      </trkpt>
      <trkpt lat="38.72287997044622898101806640625" lon="112.744336836040019989013671875">
        <ele>804.79998779296875</ele>
        <time>2026-08-28T03:03:11.000Z</time>
        <extensions>
          <ns3:TrackPointExtension>
            <ns3:hr>132</ns3:hr>
            <ns3:cad>91</ns3:cad>
          </ns3:TrackPointExtension>
        </extensions>
      </trkpt>
      <trkpt lat="38.722867481410503387451171875" lon="112.7443671785295009613037109375">
        <ele>804.79998779296875</ele>
        <time>2026-08-28T03:03:12.000Z</time>
        <extensions>
          <ns3:TrackPointExtension>
            <ns3:hr>132</ns3:hr>
            <ns3:cad>91</ns3:cad>
          </ns3:TrackPointExtension>
        </extensions>
      </trkpt>
      <trkpt lat="38.722865469753742218017578125" lon="112.74439425207674503326416015625">
        <ele>804.79998779296875</ele>
        <time>2026-08-28T03:03:13.000Z</time>
        <extensions>
          <ns3:TrackPointExtension>
            <ns3:hr>132</ns3:hr>
            <ns3:cad>90</ns3:cad>
          </ns3:TrackPointExtension>
        </extensions>
      </trkpt>
      <trkpt lat="38.72285800985991954803466796875" lon="112.7444203197956085205078125">
        <ele>804.79998779296875</ele>
        <time>2026-08-28T03:03:14.000Z</time>
        <extensions>
          <ns3:TrackPointExtension>
            <ns3:hr>132</ns3:hr>
            <ns3:cad>90</ns3:cad>
          </ns3:TrackPointExtension>
        </extensions>
      </trkpt>
      <trkpt lat="38.72285331599414348602294921875" lon="112.7444456331431865692138671875">
        <ele>804.79998779296875</ele>
        <time>2026-08-28T03:03:15.000Z</time>
        <extensions>
          <ns3:TrackPointExtension>
            <ns3:hr>132</ns3:hr>
            <ns3:cad>90</ns3:cad>
          </ns3:TrackPointExtension>
        </extensions>
      </trkpt>
      <trkpt lat="38.72284728102385997772216796875" lon="112.74447069503366947174072265625">
        <ele>804.79998779296875</ele>
        <time>2026-08-28T03:03:16.000Z</time>
        <extensions>
          <ns3:TrackPointExtension>
            <ns3:hr>131</ns3:hr>
            <ns3:cad>90</ns3:cad>
          </ns3:TrackPointExtension>
        </extensions>
      </trkpt>
      <trkpt lat="38.72283973731100559234619140625" lon="112.744501791894435882568359375">
        <ele>804.79998779296875</ele>
        <time>2026-08-28T03:03:17.000Z</time>
        <extensions>
          <ns3:TrackPointExtension>
            <ns3:hr>131</ns3:hr>
            <ns3:cad>90</ns3:cad>
          </ns3:TrackPointExtension>
        </extensions>
      </trkpt>
      <trkpt lat="38.7228351272642612457275390625" lon="112.74453473277390003204345703125">
        <ele>804.79998779296875</ele>
        <time>2026-08-28T03:03:18.000Z</time>
        <extensions>
          <ns3:TrackPointExtension>
            <ns3:hr>131</ns3:hr>
            <ns3:cad>90</ns3:cad>
          </ns3:TrackPointExtension>
        </extensions>
      </trkpt>
      <trkpt lat="38.72282917611300945281982421875" lon="112.74456691928207874298095703125">
        <ele>804.79998779296875</ele>
        <time>2026-08-28T03:03:19.000Z</time>
        <extensions>
          <ns3:TrackPointExtension>
            <ns3:hr>131</ns3:hr>
            <ns3:cad>92</ns3:cad>
          </ns3:TrackPointExtension>
        </extensions>
      </trkpt>
      <trkpt lat="38.72281995601952075958251953125" lon="112.74459323845803737640380859375">
        <ele>804.79998779296875</ele>
        <time>2026-08-28T03:03:20.000Z</time>
        <extensions>
          <ns3:TrackPointExtension>
            <ns3:hr>132</ns3:hr>
            <ns3:cad>92</ns3:cad>
          </ns3:TrackPointExtension>
        </extensions>
      </trkpt>
      <trkpt lat="38.72281526215374469757080078125" lon="112.7446229942142963409423828125">
        <ele>804.79998779296875</ele>
        <time>2026-08-28T03:03:21.000Z</time>
        <extensions>
          <ns3:TrackPointExtension>
            <ns3:hr>132</ns3:hr>
            <ns3:cad>92</ns3:cad>
          </ns3:TrackPointExtension>
        </extensions>
      </trkpt>
      <trkpt lat="38.72280813753604888916015625" lon="112.744651325047016143798828125">
        <ele>804.79998779296875</ele>
        <time>2026-08-28T03:03:22.000Z</time>
        <extensions>
          <ns3:TrackPointExtension>
            <ns3:hr>132</ns3:hr>
            <ns3:cad>91</ns3:cad>
          </ns3:TrackPointExtension>
        </extensions>
      </trkpt>
      <trkpt lat="38.72279740869998931884765625" lon="112.74468116462230682373046875">
        <ele>804.79998779296875</ele>
        <time>2026-08-28T03:03:23.000Z</time>
        <extensions>
          <ns3:TrackPointExtension>
            <ns3:hr>132</ns3:hr>
            <ns3:cad>90</ns3:cad>
          </ns3:TrackPointExtension>
        </extensions>
      </trkpt>
      <trkpt lat="38.72279229573905467987060546875" lon="112.744708992540836334228515625">
        <ele>804.79998779296875</ele>
        <time>2026-08-28T03:03:24.000Z</time>
        <extensions>
          <ns3:TrackPointExtension>
            <ns3:hr>133</ns3:hr>
            <ns3:cad>90</ns3:cad>
          </ns3:TrackPointExtension>
        </extensions>
      </trkpt>
      <trkpt lat="38.72278156690299510955810546875" lon="112.74474025703966617584228515625">
        <ele>804.79998779296875</ele>
        <time>2026-08-28T03:03:25.000Z</time>
        <extensions>
          <ns3:TrackPointExtension>
            <ns3:hr>132</ns3:hr>
            <ns3:cad>91</ns3:cad>
          </ns3:TrackPointExtension>
        </extensions>
      </trkpt>
      <trkpt lat="38.7227767892181873321533203125" lon="112.7447614632546901702880859375">
        <ele>804.79998779296875</ele>
        <time>2026-08-28T03:03:26.000Z</time>
        <extensions>
          <ns3:TrackPointExtension>
            <ns3:hr>132</ns3:hr>
            <ns3:cad>92</ns3:cad>
          </ns3:TrackPointExtension>
        </extensions>
      </trkpt>
      <trkpt lat="38.7227684073150157928466796875" lon="112.7447963319718837738037109375">
        <ele>804.79998779296875</ele>
        <time>2026-08-28T03:03:27.000Z</time>
        <extensions>
          <ns3:TrackPointExtension>
            <ns3:hr>133</ns3:hr>
            <ns3:cad>92</ns3:cad>
          </ns3:TrackPointExtension>
        </extensions>
      </trkpt>
      <trkpt lat="38.7227632105350494384765625" lon="112.744818292558193206787109375">
        <ele>804.5999755859375</ele>
        <time>2026-08-28T03:03:28.000Z</time>
        <extensions>
          <ns3:TrackPointExtension>
            <ns3:hr>133</ns3:hr>
            <ns3:cad>92</ns3:cad>
          </ns3:TrackPointExtension>
        </extensions>
      </trkpt>
      <trkpt lat="38.72275575064122676849365234375" lon="112.744850814342498779296875">
        <ele>804.5999755859375</ele>
        <time>2026-08-28T03:03:29.000Z</time>
        <extensions>
          <ns3:TrackPointExtension>
            <ns3:hr>133</ns3:hr>
            <ns3:cad>90</ns3:cad>
          </ns3:TrackPointExtension>
        </extensions>
      </trkpt>
      <trkpt lat="38.72275407426059246063232421875" lon="112.7448774687945842742919921875">
        <ele>804.5999755859375</ele>
        <time>2026-08-28T03:03:30.000Z</time>
        <extensions>
          <ns3:TrackPointExtension>
            <ns3:hr>133</ns3:hr>
            <ns3:cad>90</ns3:cad>
          </ns3:TrackPointExtension>
        </extensions>
      </trkpt>
      <trkpt lat="38.72274686582386493682861328125" lon="112.74491409771144390106201171875">
        <ele>804.5999755859375</ele>
        <time>2026-08-28T03:03:31.000Z</time>
        <extensions>
          <ns3:TrackPointExtension>
            <ns3:hr>134</ns3:hr>
            <ns3:cad>90</ns3:cad>
          </ns3:TrackPointExtension>
        </extensions>
      </trkpt>
      <trkpt lat="38.7227449379861354827880859375" lon="112.74493806995451450347900390625">
        <ele>804.5999755859375</ele>
        <time>2026-08-28T03:03:32.000Z</time>
        <extensions>
          <ns3:TrackPointExtension>
            <ns3:hr>134</ns3:hr>
            <ns3:cad>91</ns3:cad>
          </ns3:TrackPointExtension>
        </extensions>
      </trkpt>
      <trkpt lat="38.722737729549407958984375" lon="112.7449706755578517913818359375">
        <ele>804.79998779296875</ele>
        <time>2026-08-28T03:03:33.000Z</time>
        <extensions>
          <ns3:TrackPointExtension>
            <ns3:hr>136</ns3:hr>
            <ns3:cad>91</ns3:cad>
          </ns3:TrackPointExtension>
        </extensions>
      </trkpt>
      <trkpt lat="38.72273697517812252044677734375" lon="112.7449944801628589630126953125">
        <ele>804.5999755859375</ele>
        <time>2026-08-28T03:03:34.000Z</time>
        <extensions>
          <ns3:TrackPointExtension>
            <ns3:hr>139</ns3:hr>
            <ns3:cad>90</ns3:cad>
          </ns3:TrackPointExtension>
        </extensions>
      </trkpt>
      <trkpt lat="38.72272876091301441192626953125" lon="112.74502993561327457427978515625">
        <ele>804.5999755859375</ele>
        <time>2026-08-28T03:03:35.000Z</time>
        <extensions>
          <ns3:TrackPointExtension>
            <ns3:hr>140</ns3:hr>
            <ns3:cad>90</ns3:cad>
          </ns3:TrackPointExtension>
        </extensions>
      </trkpt>
      <trkpt lat="38.72272339649498462677001953125" lon="112.74504954926669597625732421875">
        <ele>804.5999755859375</ele>
        <time>2026-08-28T03:03:36.000Z</time>
        <extensions>
          <ns3:TrackPointExtension>
            <ns3:hr>140</ns3:hr>
            <ns3:cad>90</ns3:cad>
          </ns3:TrackPointExtension>
        </extensions>
      </trkpt>
      <trkpt lat="38.72271434403955936431884765625" lon="112.745087184011936187744140625">
        <ele>804.5999755859375</ele>
        <time>2026-08-28T03:03:37.000Z</time>
        <extensions>
          <ns3:TrackPointExtension>
            <ns3:hr>140</ns3:hr>
            <ns3:cad>90</ns3:cad>
          </ns3:TrackPointExtension>
        </extensions>
      </trkpt>
      <trkpt lat="38.72271048836410045623779296875" lon="112.74510738439857959747314453125">
        <ele>804.5999755859375</ele>
        <time>2026-08-28T03:03:38.000Z</time>
        <extensions>
          <ns3:TrackPointExtension>
            <ns3:hr>140</ns3:hr>
            <ns3:cad>90</ns3:cad>
          </ns3:TrackPointExtension>
        </extensions>
      </trkpt>
      <trkpt lat="38.72270076535642147064208984375" lon="112.745140492916107177734375">
        <ele>804.5999755859375</ele>
        <time>2026-08-28T03:03:39.000Z</time>
        <extensions>
          <ns3:TrackPointExtension>
            <ns3:hr>140</ns3:hr>
            <ns3:cad>91</ns3:cad>
          </ns3:TrackPointExtension>
        </extensions>
      </trkpt>
      <trkpt lat="38.72269523330032825469970703125" lon="112.74515868164598941802978515625">
        <ele>804.5999755859375</ele>
        <time>2026-08-28T03:03:40.000Z</time>
        <extensions>
          <ns3:TrackPointExtension>
            <ns3:hr>140</ns3:hr>
            <ns3:cad>91</ns3:cad>
          </ns3:TrackPointExtension>
        </extensions>
      </trkpt>
      <trkpt lat="38.72268785722553730010986328125" lon="112.745191790163516998291015625">
        <ele>804.5999755859375</ele>
        <time>2026-08-28T03:03:41.000Z</time>
        <extensions>
          <ns3:TrackPointExtension>
            <ns3:hr>140</ns3:hr>
            <ns3:cad>90</ns3:cad>
          </ns3:TrackPointExtension>
        </extensions>
      </trkpt>
      <trkpt lat="38.72268651612102985382080078125" lon="112.7452110685408115386962890625">
        <ele>804.5999755859375</ele>
        <time>2026-08-28T03:03:42.000Z</time>
        <extensions>
          <ns3:TrackPointExtension>
            <ns3:hr>141</ns3:hr>
            <ns3:cad>90</ns3:cad>
          </ns3:TrackPointExtension>
        </extensions>
      </trkpt>
      <trkpt lat="38.72267830185592174530029296875" lon="112.7452425844967365264892578125">
        <ele>804.79998779296875</ele>
        <time>2026-08-28T03:03:43.000Z</time>
        <extensions>
          <ns3:TrackPointExtension>
            <ns3:hr>141</ns3:hr>
            <ns3:cad>90</ns3:cad>
          </ns3:TrackPointExtension>
        </extensions>
      </trkpt>
      <trkpt lat="38.72267696075141429901123046875" lon="112.74526043795049190521240234375">
        <ele>804.79998779296875</ele>
        <time>2026-08-28T03:03:44.000Z</time>
        <extensions>
          <ns3:TrackPointExtension>
            <ns3:hr>141</ns3:hr>
            <ns3:cad>90</ns3:cad>
          </ns3:TrackPointExtension>
        </extensions>
      </trkpt>
      <trkpt lat="38.72266774065792560577392578125" lon="112.7452918700873851776123046875">
        <ele>804.5999755859375</ele>
        <time>2026-08-28T03:03:45.000Z</time>
        <extensions>
          <ns3:TrackPointExtension>
            <ns3:hr>141</ns3:hr>
            <ns3:cad>90</ns3:cad>
          </ns3:TrackPointExtension>
        </extensions>
      </trkpt>
      <trkpt lat="38.72266732156276702880859375" lon="112.7453123219311237335205078125">
        <ele>804.5999755859375</ele>
        <time>2026-08-28T03:03:46.000Z</time>
        <extensions>
          <ns3:TrackPointExtension>
            <ns3:hr>142</ns3:hr>
            <ns3:cad>90</ns3:cad>
          </ns3:TrackPointExtension>
        </extensions>
      </trkpt>
      <trkpt lat="38.72266103513538837432861328125" lon="112.7453435026109218597412109375">
        <ele>804.5999755859375</ele>
        <time>2026-08-28T03:03:47.000Z</time>
        <extensions>
          <ns3:TrackPointExtension>
            <ns3:hr>142</ns3:hr>
            <ns3:cad>91</ns3:cad>
          </ns3:TrackPointExtension>
        </extensions>
      </trkpt>
      <trkpt lat="38.72266237623989582061767578125" lon="112.745362110435962677001953125">
        <ele>804.5999755859375</ele>
        <time>2026-08-28T03:03:48.000Z</time>
        <extensions>
          <ns3:TrackPointExtension>
            <ns3:hr>142</ns3:hr>
            <ns3:cad>91</ns3:cad>
          </ns3:TrackPointExtension>
        </extensions>
      </trkpt>
      <trkpt lat="38.72265248559415340423583984375" lon="112.74539236910641193389892578125">
        <ele>804.79998779296875</ele>
        <time>2026-08-28T03:03:49.000Z</time>
        <extensions>
          <ns3:TrackPointExtension>
            <ns3:hr>143</ns3:hr>
            <ns3:cad>91</ns3:cad>
          </ns3:TrackPointExtension>
        </extensions>
      </trkpt>
      <trkpt lat="38.72264988720417022705078125" lon="112.745414413511753082275390625">
        <ele>804.5999755859375</ele>
        <time>2026-08-28T03:03:50.000Z</time>
        <extensions>
          <ns3:TrackPointExtension>
            <ns3:hr>143</ns3:hr>
            <ns3:cad>91</ns3:cad>
          </ns3:TrackPointExtension>
        </extensions>
      </trkpt>
      <trkpt lat="38.72263907454907894134521484375" lon="112.74544836021959781646728515625">
        <ele>804.5999755859375</ele>
        <time>2026-08-28T03:03:51.000Z</time>
        <extensions>
          <ns3:TrackPointExtension>
            <ns3:hr>144</ns3:hr>
            <ns3:cad>91</ns3:cad>
          </ns3:TrackPointExtension>
        </extensions>
      </trkpt>
      <trkpt lat="38.72263790108263492584228515625" lon="112.74547719396650791168212890625">
        <ele>804.5999755859375</ele>
        <time>2026-08-28T03:03:52.000Z</time>
        <extensions>
          <ns3:TrackPointExtension>
            <ns3:hr>143</ns3:hr>
            <ns3:cad>91</ns3:cad>
          </ns3:TrackPointExtension>
        </extensions>
      </trkpt>
      <trkpt lat="38.72262767516076564788818359375" lon="112.74550870992243289947509765625">
        <ele>804.5999755859375</ele>
        <time>2026-08-28T03:03:53.000Z</time>
        <extensions>
          <ns3:TrackPointExtension>
            <ns3:hr>143</ns3:hr>
            <ns3:cad>92</ns3:cad>
          </ns3:TrackPointExtension>
        </extensions>
      </trkpt>
      <trkpt lat="38.72262247838079929351806640625" lon="112.7455349452793598175048828125">
        <ele>804.5999755859375</ele>
        <time>2026-08-28T03:03:54.000Z</time>
        <extensions>
          <ns3:TrackPointExtension>
            <ns3:hr>143</ns3:hr>
            <ns3:cad>92</ns3:cad>
          </ns3:TrackPointExtension>
        </extensions>
      </trkpt>
      <trkpt lat="38.72261208482086658477783203125" lon="112.7455621026456356048583984375">
        <ele>804.5999755859375</ele>
        <time>2026-08-28T03:03:55.000Z</time>
        <extensions>
          <ns3:TrackPointExtension>
            <ns3:hr>143</ns3:hr>
            <ns3:cad>92</ns3:cad>
          </ns3:TrackPointExtension>
        </extensions>
      </trkpt>
      <trkpt lat="38.72260303236544132232666015625" lon="112.7455897629261016845703125">
        <ele>804.5999755859375</ele>
        <time>2026-08-28T03:03:56.000Z</time>
        <extensions>
          <ns3:TrackPointExtension>
            <ns3:hr>142</ns3:hr>
            <ns3:cad>90</ns3:cad>
          </ns3:TrackPointExtension>
        </extensions>
      </trkpt>
      <trkpt lat="38.722594566643238067626953125" lon="112.7456133998930454254150390625">
        <ele>804.5999755859375</ele>
        <time>2026-08-28T03:03:57.000Z</time>
        <extensions>
          <ns3:TrackPointExtension>
            <ns3:hr>142</ns3:hr>
            <ns3:cad>90</ns3:cad>
          </ns3:TrackPointExtension>
        </extensions>
      </trkpt>
      <trkpt lat="38.7225861847400665283203125" lon="112.74564407765865325927734375">
        <ele>804.5999755859375</ele>
        <time>2026-08-28T03:03:58.000Z</time>
        <extensions>
          <ns3:TrackPointExtension>
            <ns3:hr>141</ns3:hr>
            <ns3:cad>91</ns3:cad>
          </ns3:TrackPointExtension>
        </extensions>
      </trkpt>
      <trkpt lat="38.72257771901786327362060546875" lon="112.745667882263660430908203125">
        <ele>804.5999755859375</ele>
        <time>2026-08-28T03:03:59.000Z</time>
        <extensions>
          <ns3:TrackPointExtension>
            <ns3:hr>138</ns3:hr>
            <ns3:cad>91</ns3:cad>
          </ns3:TrackPointExtension>
        </extensions>
      </trkpt>
      <trkpt lat="38.72256900183856487274169921875" lon="112.745700068771839141845703125">
        <ele>804.5999755859375</ele>
        <time>2026-08-28T03:04:00.000Z</time>
        <extensions>
          <ns3:TrackPointExtension>
            <ns3:hr>137</ns3:hr>
            <ns3:cad>92</ns3:cad>
          </ns3:TrackPointExtension>
        </extensions>
      </trkpt>
      <trkpt lat="38.72256296686828136444091796875" lon="112.74572479538619518280029296875">
        <ele>804.5999755859375</ele>
        <time>2026-08-28T03:04:01.000Z</time>
        <extensions>
          <ns3:TrackPointExtension>
            <ns3:hr>137</ns3:hr>
            <ns3:cad>92</ns3:cad>
          </ns3:TrackPointExtension>
        </extensions>
      </trkpt>
      <trkpt lat="38.72255173511803150177001953125" lon="112.745754718780517578125">
        <ele>804.5999755859375</ele>
        <time>2026-08-28T03:04:02.000Z</time>
        <extensions>
          <ns3:TrackPointExtension>
            <ns3:hr>137</ns3:hr>
            <ns3:cad>92</ns3:cad>
          </ns3:TrackPointExtension>
        </extensions>
      </trkpt>
      <trkpt lat="38.72254536487162113189697265625" lon="112.74577894248068332672119140625">
        <ele>804.5999755859375</ele>
        <time>2026-08-28T03:04:03.000Z</time>
        <extensions>
          <ns3:TrackPointExtension>
            <ns3:hr>137</ns3:hr>
            <ns3:cad>90</ns3:cad>
          </ns3:TrackPointExtension>
        </extensions>
      </trkpt>
      <trkpt lat="38.72253932990133762359619140625" lon="112.7458108775317668914794921875">
        <ele>804.5999755859375</ele>
        <time>2026-08-28T03:04:04.000Z</time>
        <extensions>
          <ns3:TrackPointExtension>
            <ns3:hr>137</ns3:hr>
            <ns3:cad>90</ns3:cad>
          </ns3:TrackPointExtension>
        </extensions>
      </trkpt>
      <trkpt lat="38.72253312729299068450927734375" lon="112.74583451449871063232421875">
        <ele>804.5999755859375</ele>
        <time>2026-08-28T03:04:05.000Z</time>
        <extensions>
          <ns3:TrackPointExtension>
            <ns3:hr>138</ns3:hr>
            <ns3:cad>91</ns3:cad>
          </ns3:TrackPointExtension>
        </extensions>
      </trkpt>
      <trkpt lat="38.72251988388597965240478515625" lon="112.74586644954979419708251953125">
        <ele>804.5999755859375</ele>
        <time>2026-08-28T03:04:06.000Z</time>
        <extensions>
          <ns3:TrackPointExtension>
            <ns3:hr>138</ns3:hr>
            <ns3:cad>91</ns3:cad>
          </ns3:TrackPointExtension>
        </extensions>
      </trkpt>
      <trkpt lat="38.7225132621824741363525390625" lon="112.7458856441080570220947265625">
        <ele>804.5999755859375</ele>
        <time>2026-08-28T03:04:07.000Z</time>
        <extensions>
          <ns3:TrackPointExtension>
            <ns3:hr>137</ns3:hr>
            <ns3:cad>92</ns3:cad>
          </ns3:TrackPointExtension>
        </extensions>
      </trkpt>
      <trkpt lat="38.72249993495643138885498046875" lon="112.745919339358806610107421875">
        <ele>804.5999755859375</ele>
        <time>2026-08-28T03:04:08.000Z</time>
        <extensions>
          <ns3:TrackPointExtension>
            <ns3:hr>137</ns3:hr>
            <ns3:cad>92</ns3:cad>
          </ns3:TrackPointExtension>
        </extensions>
      </trkpt>
      <trkpt lat="38.722493313252925872802734375" lon="112.7459412999451160430908203125">
        <ele>804.5999755859375</ele>
        <time>2026-08-28T03:04:09.000Z</time>
        <extensions>
          <ns3:TrackPointExtension>
            <ns3:hr>137</ns3:hr>
            <ns3:cad>92</ns3:cad>
          </ns3:TrackPointExtension>
        </extensions>
      </trkpt>
      <trkpt lat="38.72248099185526371002197265625" lon="112.74597055278718471527099609375">
        <ele>804.5999755859375</ele>
        <time>2026-08-28T03:04:10.000Z</time>
        <extensions>
          <ns3:TrackPointExtension>
            <ns3:hr>137</ns3:hr>
            <ns3:cad>91</ns3:cad>
          </ns3:TrackPointExtension>
        </extensions>
      </trkpt>
      <trkpt lat="38.722473196685314178466796875" lon="112.74599335156381130218505859375">
        <ele>804.5999755859375</ele>
        <time>2026-08-28T03:04:11.000Z</time>
        <extensions>
          <ns3:TrackPointExtension>
            <ns3:hr>137</ns3:hr>
            <ns3:cad>90</ns3:cad>
          </ns3:TrackPointExtension>
        </extensions>
      </trkpt>
      <trkpt lat="38.7224636413156986236572265625" lon="112.7460261248052120208740234375">
        <ele>804.5999755859375</ele>
        <time>2026-08-28T03:04:12.000Z</time>
        <extensions>
          <ns3:TrackPointExtension>
            <ns3:hr>136</ns3:hr>
            <ns3:cad>90</ns3:cad>
          </ns3:TrackPointExtension>
        </extensions>
      </trkpt>
      <trkpt lat="38.72246079146862030029296875" lon="112.74605353362858295440673828125">
        <ele>804.5999755859375</ele>
        <time>2026-08-28T03:04:13.000Z</time>
        <extensions>
          <ns3:TrackPointExtension>
            <ns3:hr>137</ns3:hr>
            <ns3:cad>91</ns3:cad>
          </ns3:TrackPointExtension>
        </extensions>
      </trkpt>
      <trkpt lat="38.72244595550000667572021484375" lon="112.746086977422237396240234375">
        <ele>804.5999755859375</ele>
        <time>2026-08-28T03:04:14.000Z</time>
        <extensions>
          <ns3:TrackPointExtension>
            <ns3:hr>137</ns3:hr>
            <ns3:cad>91</ns3:cad>
          </ns3:TrackPointExtension>
        </extensions>
      </trkpt>
      <trkpt lat="38.7224408425390720367431640625" lon="112.74611354805529117584228515625">
        <ele>804.5999755859375</ele>
        <time>2026-08-28T03:04:15.000Z</time>
        <extensions>
          <ns3:TrackPointExtension>
            <ns3:hr>137</ns3:hr>
            <ns3:cad>91</ns3:cad>
          </ns3:TrackPointExtension>
        </extensions>
      </trkpt>
      <trkpt lat="38.7224334664642810821533203125" lon="112.7461521886289119720458984375">
        <ele>804.5999755859375</ele>
        <time>2026-08-28T03:04:16.000Z</time>
        <extensions>
          <ns3:TrackPointExtension>
            <ns3:hr>137</ns3:hr>
            <ns3:cad>90</ns3:cad>
          </ns3:TrackPointExtension>
        </extensions>
      </trkpt>
      <trkpt lat="38.72242969460785388946533203125" lon="112.74617456831037998199462890625">
        <ele>804.5999755859375</ele>
        <time>2026-08-28T03:04:17.000Z</time>
        <extensions>
          <ns3:TrackPointExtension>
            <ns3:hr>137</ns3:hr>
            <ns3:cad>90</ns3:cad>
          </ns3:TrackPointExtension>
        </extensions>
      </trkpt>
      <trkpt lat="38.72241863049566745758056640625" lon="112.74621178396046161651611328125">
        <ele>804.5999755859375</ele>
        <time>2026-08-28T03:04:18.000Z</time>
        <extensions>
          <ns3:TrackPointExtension>
            <ns3:hr>136</ns3:hr>
            <ns3:cad>90</ns3:cad>
          </ns3:TrackPointExtension>
        </extensions>
      </trkpt>
      <trkpt lat="38.7224120087921619415283203125" lon="112.74623282253742218017578125">
        <ele>804.5999755859375</ele>
        <time>2026-08-28T03:04:19.000Z</time>
        <extensions>
          <ns3:TrackPointExtension>
            <ns3:hr>137</ns3:hr>
            <ns3:cad>90</ns3:cad>
          </ns3:TrackPointExtension>
        </extensions>
      </trkpt>
      <trkpt lat="38.72240924276411533355712890625" lon="112.74627196602523326873779296875">
        <ele>804.5999755859375</ele>
        <time>2026-08-28T03:04:20.000Z</time>
        <extensions>
          <ns3:TrackPointExtension>
            <ns3:hr>137</ns3:hr>
            <ns3:cad>90</ns3:cad>
          </ns3:TrackPointExtension>
        </extensions>
      </trkpt>
      <trkpt lat="38.722405470907688140869140625" lon="112.74629292078316211700439453125">
        <ele>804.5999755859375</ele>
        <time>2026-08-28T03:04:21.000Z</time>
        <extensions>
          <ns3:TrackPointExtension>
            <ns3:hr>137</ns3:hr>
            <ns3:cad>90</ns3:cad>
          </ns3:TrackPointExtension>
        </extensions>
      </trkpt>
      <trkpt lat="38.72239750809967517852783203125" lon="112.74633147753775119781494140625">
        <ele>804.5999755859375</ele>
        <time>2026-08-28T03:04:22.000Z</time>
        <extensions>
          <ns3:TrackPointExtension>
            <ns3:hr>138</ns3:hr>
            <ns3:cad>90</ns3:cad>
          </ns3:TrackPointExtension>
        </extensions>
      </trkpt>
      <trkpt lat="38.72238778509199619293212890625" lon="112.74636198766529560089111328125">
        <ele>804.5999755859375</ele>
        <time>2026-08-28T03:04:23.000Z</time>
        <extensions>
          <ns3:TrackPointExtension>
            <ns3:hr>138</ns3:hr>
            <ns3:cad>90</ns3:cad>
          </ns3:TrackPointExtension>
        </extensions>
      </trkpt>
      <trkpt lat="38.7223796546459197998046875" lon="112.746398113667964935302734375">
        <ele>804.5999755859375</ele>
        <time>2026-08-28T03:04:24.000Z</time>
        <extensions>
          <ns3:TrackPointExtension>
            <ns3:hr>138</ns3:hr>
            <ns3:cad>90</ns3:cad>
          </ns3:TrackPointExtension>
        </extensions>
      </trkpt>
      <trkpt lat="38.722369261085987091064453125" lon="112.74643423967063426971435546875">
        <ele>804.5999755859375</ele>
        <time>2026-08-28T03:04:25.000Z</time>
        <extensions>
          <ns3:TrackPointExtension>
            <ns3:hr>137</ns3:hr>
            <ns3:cad>90</ns3:cad>
          </ns3:TrackPointExtension>
        </extensions>
      </trkpt>
      <trkpt lat="38.722357861697673797607421875" lon="112.7464700303971767425537109375">
        <ele>804.4000244140625</ele>
        <time>2026-08-28T03:04:26.000Z</time>
        <extensions>
          <ns3:TrackPointExtension>
            <ns3:hr>137</ns3:hr>
            <ns3:cad>90</ns3:cad>
          </ns3:TrackPointExtension>
        </extensions>
      </trkpt>
      <trkpt lat="38.72234805487096309661865234375" lon="112.74648771621286869049072265625">
        <ele>804.5999755859375</ele>
        <time>2026-08-28T03:04:27.000Z</time>
        <extensions>
          <ns3:TrackPointExtension>
            <ns3:hr>137</ns3:hr>
            <ns3:cad>91</ns3:cad>
          </ns3:TrackPointExtension>
        </extensions>
      </trkpt>
      <trkpt lat="38.7223359011113643646240234375" lon="112.7465226687490940093994140625">
        <ele>804.5999755859375</ele>
        <time>2026-08-28T03:04:28.000Z</time>
        <extensions>
          <ns3:TrackPointExtension>
            <ns3:hr>138</ns3:hr>
            <ns3:cad>91</ns3:cad>
          </ns3:TrackPointExtension>
        </extensions>
      </trkpt>
      <trkpt lat="38.72232374735176563262939453125" lon="112.74655125103890895843505859375">
        <ele>804.5999755859375</ele>
        <time>2026-08-28T03:04:29.000Z</time>
        <extensions>
          <ns3:TrackPointExtension>
            <ns3:hr>138</ns3:hr>
            <ns3:cad>90</ns3:cad>
          </ns3:TrackPointExtension>
        </extensions>
      </trkpt>
      <trkpt lat="38.7223147787153720855712890625" lon="112.746581174433231353759765625">
        <ele>804.5999755859375</ele>
        <time>2026-08-28T03:04:30.000Z</time>
        <extensions>
          <ns3:TrackPointExtension>
            <ns3:hr>138</ns3:hr>
            <ns3:cad>90</ns3:cad>
          </ns3:TrackPointExtension>
        </extensions>
      </trkpt>
      <trkpt lat="38.72230899520218372344970703125" lon="112.746609337627887725830078125">
        <ele>804.5999755859375</ele>
        <time>2026-08-28T03:04:31.000Z</time>
        <extensions>
          <ns3:TrackPointExtension>
            <ns3:hr>138</ns3:hr>
            <ns3:cad>89</ns3:cad>
          </ns3:TrackPointExtension>
        </extensions>
      </trkpt>
      <trkpt lat="38.72229508124291896820068359375" lon="112.74663984775543212890625">
        <ele>804.5999755859375</ele>
        <time>2026-08-28T03:04:32.000Z</time>
        <extensions>
          <ns3:TrackPointExtension>
            <ns3:hr>138</ns3:hr>
            <ns3:cad>89</ns3:cad>
          </ns3:TrackPointExtension>
        </extensions>
      </trkpt>
      <trkpt lat="38.722292818129062652587890625" lon="112.746653594076633453369140625">
        <ele>804.5999755859375</ele>
        <time>2026-08-28T03:04:33.000Z</time>
        <extensions>
          <ns3:TrackPointExtension>
            <ns3:hr>138</ns3:hr>
            <ns3:cad>90</ns3:cad>
          </ns3:TrackPointExtension>
        </extensions>
      </trkpt>
      <trkpt lat="38.72228736989200115203857421875" lon="112.74668251164257526397705078125">
        <ele>804.5999755859375</ele>
        <time>2026-08-28T03:04:34.000Z</time>
        <extensions>
          <ns3:TrackPointExtension>
            <ns3:hr>138</ns3:hr>
            <ns3:cad>91</ns3:cad>
          </ns3:TrackPointExtension>
        </extensions>
      </trkpt>
      <trkpt lat="38.7222856096923351287841796875" lon="112.74670044891536235809326171875">
        <ele>804.5999755859375</ele>
        <time>2026-08-28T03:04:35.000Z</time>
        <extensions>
          <ns3:TrackPointExtension>
            <ns3:hr>139</ns3:hr>
            <ns3:cad>91</ns3:cad>
          </ns3:TrackPointExtension>
        </extensions>
      </trkpt>
      <trkpt lat="38.72228150255978107452392578125" lon="112.74673799984157085418701171875">
        <ele>804.5999755859375</ele>
        <time>2026-08-28T03:04:36.000Z</time>
        <extensions>
          <ns3:TrackPointExtension>
            <ns3:hr>139</ns3:hr>
            <ns3:cad>90</ns3:cad>
          </ns3:TrackPointExtension>
        </extensions>
      </trkpt>
      <trkpt lat="38.722281418740749359130859375" lon="112.74676566012203693389892578125">
        <ele>804.79998779296875</ele>
        <time>2026-08-28T03:04:37.000Z</time>
        <extensions>
          <ns3:TrackPointExtension>
            <ns3:hr>139</ns3:hr>
            <ns3:cad>90</ns3:cad>
          </ns3:TrackPointExtension>
        </extensions>
      </trkpt>
      <trkpt lat="38.7222728691995143890380859375" lon="112.74680010974407196044921875">
        <ele>804.79998779296875</ele>
        <time>2026-08-28T03:04:38.000Z</time>
        <extensions>
          <ns3:TrackPointExtension>
            <ns3:hr>139</ns3:hr>
            <ns3:cad>90</ns3:cad>
          </ns3:TrackPointExtension>
        </extensions>
      </trkpt>
      <trkpt lat="38.72226960025727748870849609375" lon="112.74683204479515552520751953125">
        <ele>804.79998779296875</ele>
        <time>2026-08-28T03:04:39.000Z</time>
        <extensions>
          <ns3:TrackPointExtension>
            <ns3:hr>140</ns3:hr>
            <ns3:cad>90</ns3:cad>
          </ns3:TrackPointExtension>
        </extensions>
      </trkpt>
      <trkpt lat="38.72226272709667682647705078125" lon="112.74686942808330059051513671875">
        <ele>804.79998779296875</ele>
        <time>2026-08-28T03:04:40.000Z</time>
        <extensions>
          <ns3:TrackPointExtension>
            <ns3:hr>140</ns3:hr>
            <ns3:cad>91</ns3:cad>
          </ns3:TrackPointExtension>
        </extensions>
      </trkpt>
      <trkpt lat="38.7222631461918354034423828125" lon="112.7468985132873058319091796875">
        <ele>804.79998779296875</ele>
        <time>2026-08-28T03:04:41.000Z</time>
        <extensions>
          <ns3:TrackPointExtension>
            <ns3:hr>140</ns3:hr>
            <ns3:cad>91</ns3:cad>
          </ns3:TrackPointExtension>
        </extensions>
      </trkpt>
      <trkpt lat="38.72225887142121791839599609375" lon="112.746932208538055419921875">
        <ele>804.79998779296875</ele>
        <time>2026-08-28T03:04:42.000Z</time>
        <extensions>
          <ns3:TrackPointExtension>
            <ns3:hr>140</ns3:hr>
            <ns3:cad>92</ns3:cad>
          </ns3:TrackPointExtension>
        </extensions>
      </trkpt>
      <trkpt lat="38.72226138599216938018798828125" lon="112.74696297012269496917724609375">
        <ele>804.79998779296875</ele>
        <time>2026-08-28T03:04:43.000Z</time>
        <extensions>
          <ns3:TrackPointExtension>
            <ns3:hr>141</ns3:hr>
            <ns3:cad>92</ns3:cad>
          </ns3:TrackPointExtension>
        </extensions>
      </trkpt>
      <trkpt lat="38.7222581170499324798583984375" lon="112.74699532426893711090087890625">
        <ele>804.5999755859375</ele>
        <time>2026-08-28T03:04:44.000Z</time>
        <extensions>
          <ns3:TrackPointExtension>
            <ns3:hr>141</ns3:hr>
            <ns3:cad>92</ns3:cad>
          </ns3:TrackPointExtension>
        </extensions>
      </trkpt>
      <trkpt lat="38.7222567759454250335693359375" lon="112.74702273309230804443359375">
        <ele>804.5999755859375</ele>
        <time>2026-08-28T03:04:45.000Z</time>
        <extensions>
          <ns3:TrackPointExtension>
            <ns3:hr>141</ns3:hr>
            <ns3:cad>91</ns3:cad>
          </ns3:TrackPointExtension>
        </extensions>
      </trkpt>
      <trkpt lat="38.7222520820796489715576171875" lon="112.74705491960048675537109375">
        <ele>804.79998779296875</ele>
        <time>2026-08-28T03:04:46.000Z</time>
        <extensions>
          <ns3:TrackPointExtension>
            <ns3:hr>141</ns3:hr>
            <ns3:cad>91</ns3:cad>
          </ns3:TrackPointExtension>
        </extensions>
      </trkpt>
      <trkpt lat="38.72225367464125156402587890625" lon="112.747084759175777435302734375">
        <ele>804.5999755859375</ele>
        <time>2026-08-28T03:04:47.000Z</time>
        <extensions>
          <ns3:TrackPointExtension>
            <ns3:hr>141</ns3:hr>
            <ns3:cad>91</ns3:cad>
          </ns3:TrackPointExtension>
        </extensions>
      </trkpt>
      <trkpt lat="38.722248561680316925048828125" lon="112.74711736477911472320556640625">
        <ele>804.5999755859375</ele>
        <time>2026-08-28T03:04:48.000Z</time>
        <extensions>
          <ns3:TrackPointExtension>
            <ns3:hr>141</ns3:hr>
            <ns3:cad>91</ns3:cad>
          </ns3:TrackPointExtension>
        </extensions>
      </trkpt>
      <trkpt lat="38.7222426943480968475341796875" lon="112.7471469528973102569580078125">
        <ele>804.5999755859375</ele>
        <time>2026-08-28T03:04:49.000Z</time>
        <extensions>
          <ns3:TrackPointExtension>
            <ns3:hr>141</ns3:hr>
            <ns3:cad>91</ns3:cad>
          </ns3:TrackPointExtension>
        </extensions>
      </trkpt>
      <trkpt lat="38.72223489917814731597900390625" lon="112.7471710927784442901611328125">
        <ele>804.5999755859375</ele>
        <time>2026-08-28T03:04:50.000Z</time>
        <extensions>
          <ns3:TrackPointExtension>
            <ns3:hr>140</ns3:hr>
            <ns3:cad>90</ns3:cad>
          </ns3:TrackPointExtension>
        </extensions>
      </trkpt>
      <trkpt lat="38.722228109836578369140625" lon="112.74720269255340099334716796875">
        <ele>804.4000244140625</ele>
        <time>2026-08-28T03:04:51.000Z</time>
        <extensions>
          <ns3:TrackPointExtension>
            <ns3:hr>140</ns3:hr>
            <ns3:cad>90</ns3:cad>
          </ns3:TrackPointExtension>
        </extensions>
      </trkpt>
      <trkpt lat="38.722222410142421722412109375" lon="112.74722993373870849609375">
        <ele>804.5999755859375</ele>
        <time>2026-08-28T03:04:52.000Z</time>
        <extensions>
          <ns3:TrackPointExtension>
            <ns3:hr>141</ns3:hr>
            <ns3:cad>90</ns3:cad>
          </ns3:TrackPointExtension>
        </extensions>
      </trkpt>
      <trkpt lat="38.7222202308475971221923828125" lon="112.74726103059947490692138671875">
        <ele>804.5999755859375</ele>
        <time>2026-08-28T03:04:53.000Z</time>
        <extensions>
          <ns3:TrackPointExtension>
            <ns3:hr>142</ns3:hr>
            <ns3:cad>90</ns3:cad>
          </ns3:TrackPointExtension>
        </extensions>
      </trkpt>
      <trkpt lat="38.72221914120018482208251953125" lon="112.74728852324187755584716796875">
        <ele>804.5999755859375</ele>
        <time>2026-08-28T03:04:54.000Z</time>
        <extensions>
          <ns3:TrackPointExtension>
            <ns3:hr>143</ns3:hr>
            <ns3:cad>91</ns3:cad>
          </ns3:TrackPointExtension>
        </extensions>
      </trkpt>
      <trkpt lat="38.72221092693507671356201171875" lon="112.74732339195907115936279296875">
        <ele>804.79998779296875</ele>
        <time>2026-08-28T03:04:55.000Z</time>
        <extensions>
          <ns3:TrackPointExtension>
            <ns3:hr>143</ns3:hr>
            <ns3:cad>92</ns3:cad>
          </ns3:TrackPointExtension>
        </extensions>
      </trkpt>
      <trkpt lat="38.72220522724092006683349609375" lon="112.74734971113502979278564453125">
        <ele>804.79998779296875</ele>
        <time>2026-08-28T03:04:56.000Z</time>
        <extensions>
          <ns3:TrackPointExtension>
            <ns3:hr>143</ns3:hr>
            <ns3:cad>92</ns3:cad>
          </ns3:TrackPointExtension>
        </extensions>
      </trkpt>
      <trkpt lat="38.72219500131905078887939453125" lon="112.74738323874771595001220703125">
        <ele>804.79998779296875</ele>
        <time>2026-08-28T03:04:57.000Z</time>
        <extensions>
          <ns3:TrackPointExtension>
            <ns3:hr>144</ns3:hr>
            <ns3:cad>92</ns3:cad>
          </ns3:TrackPointExtension>
        </extensions>
      </trkpt>
      <trkpt lat="38.72218787670135498046875" lon="112.74740763008594512939453125">
        <ele>804.79998779296875</ele>
        <time>2026-08-28T03:04:58.000Z</time>
        <extensions>
          <ns3:TrackPointExtension>
            <ns3:hr>145</ns3:hr>
            <ns3:cad>92</ns3:cad>
          </ns3:TrackPointExtension>
        </extensions>
      </trkpt>
      <trkpt lat="38.7221769802272319793701171875" lon="112.7474352903664112091064453125">
        <ele>804.79998779296875</ele>
        <time>2026-08-28T03:04:59.000Z</time>
        <extensions>
          <ns3:TrackPointExtension>
            <ns3:hr>145</ns3:hr>
            <ns3:cad>92</ns3:cad>
          </ns3:TrackPointExtension>
        </extensions>
      </trkpt>
      <trkpt lat="38.72216935269534587860107421875" lon="112.74745590984821319580078125">
        <ele>804.79998779296875</ele>
        <time>2026-08-28T03:05:00.000Z</time>
        <extensions>
          <ns3:TrackPointExtension>
            <ns3:hr>146</ns3:hr>
            <ns3:cad>91</ns3:cad>
          </ns3:TrackPointExtension>
        </extensions>
      </trkpt>
      <trkpt lat="38.72216080315411090850830078125" lon="112.74749371223151683807373046875">
        <ele>804.5999755859375</ele>
        <time>2026-08-28T03:05:01.000Z</time>
        <extensions>
          <ns3:TrackPointExtension>
            <ns3:hr>146</ns3:hr>
            <ns3:cad>91</ns3:cad>
          </ns3:TrackPointExtension>
        </extensions>
      </trkpt>
      <trkpt lat="38.72215795330703258514404296875" lon="112.7475155889987945556640625">
        <ele>804.5999755859375</ele>
        <time>2026-08-28T03:05:02.000Z</time>
        <extensions>
          <ns3:TrackPointExtension>
            <ns3:hr>146</ns3:hr>
            <ns3:cad>91</ns3:cad>
          </ns3:TrackPointExtension>
        </extensions>
      </trkpt>
      <trkpt lat="38.7221489846706390380859375" lon="112.7475506253540515899658203125">
        <ele>804.5999755859375</ele>
        <time>2026-08-28T03:05:03.000Z</time>
        <extensions>
          <ns3:TrackPointExtension>
            <ns3:hr>146</ns3:hr>
            <ns3:cad>92</ns3:cad>
          </ns3:TrackPointExtension>
        </extensions>
      </trkpt>
      <trkpt lat="38.7221437878906726837158203125" lon="112.7475745975971221923828125">
        <ele>804.5999755859375</ele>
        <time>2026-08-28T03:05:04.000Z</time>
        <extensions>
          <ns3:TrackPointExtension>
            <ns3:hr>147</ns3:hr>
            <ns3:cad>92</ns3:cad>
          </ns3:TrackPointExtension>
        </extensions>
      </trkpt>
      <trkpt lat="38.722137920558452606201171875" lon="112.74761105887591838836669921875">
        <ele>804.5999755859375</ele>
        <time>2026-08-28T03:05:05.000Z</time>
        <extensions>
          <ns3:TrackPointExtension>
            <ns3:hr>146</ns3:hr>
            <ns3:cad>92</ns3:cad>
          </ns3:TrackPointExtension>
        </extensions>
      </trkpt>
      <trkpt lat="38.72213481925427913665771484375" lon="112.74763285182416439056396484375">
        <ele>804.5999755859375</ele>
        <time>2026-08-28T03:05:06.000Z</time>
        <extensions>
          <ns3:TrackPointExtension>
            <ns3:hr>146</ns3:hr>
            <ns3:cad>92</ns3:cad>
          </ns3:TrackPointExtension>
        </extensions>
      </trkpt>
      <trkpt lat="38.72212492860853672027587890625" lon="112.7476649545133113861083984375">
        <ele>804.5999755859375</ele>
        <time>2026-08-28T03:05:07.000Z</time>
        <extensions>
          <ns3:TrackPointExtension>
            <ns3:hr>146</ns3:hr>
            <ns3:cad>92</ns3:cad>
          </ns3:TrackPointExtension>
        </extensions>
      </trkpt>
      <trkpt lat="38.72212308458983898162841796875" lon="112.7476867474615573883056640625">
        <ele>804.5999755859375</ele>
        <time>2026-08-28T03:05:08.000Z</time>
        <extensions>
          <ns3:TrackPointExtension>
            <ns3:hr>146</ns3:hr>
            <ns3:cad>91</ns3:cad>
          </ns3:TrackPointExtension>
        </extensions>
      </trkpt>
      <trkpt lat="38.7221141159534454345703125" lon="112.74772144854068756103515625">
        <ele>804.5999755859375</ele>
        <time>2026-08-28T03:05:09.000Z</time>
        <extensions>
          <ns3:TrackPointExtension>
            <ns3:hr>145</ns3:hr>
            <ns3:cad>91</ns3:cad>
          </ns3:TrackPointExtension>
        </extensions>
      </trkpt>
      <trkpt lat="38.7221141159534454345703125" lon="112.74774868972599506378173828125">
        <ele>804.5999755859375</ele>
        <time>2026-08-28T03:05:10.000Z</time>
        <extensions>
          <ns3:TrackPointExtension>
            <ns3:hr>145</ns3:hr>
            <ns3:cad>91</ns3:cad>
          </ns3:TrackPointExtension>
        </extensions>
      </trkpt>
      <trkpt lat="38.72210137546062469482421875" lon="112.74777970276772975921630859375">
        <ele>804.5999755859375</ele>
        <time>2026-08-28T03:05:11.000Z</time>
        <extensions>
          <ns3:TrackPointExtension>
            <ns3:hr>145</ns3:hr>
            <ns3:cad>90</ns3:cad>
          </ns3:TrackPointExtension>
        </extensions>
      </trkpt>
      <trkpt lat="38.72209676541388034820556640625" lon="112.74780652485787868499755859375">
        <ele>804.5999755859375</ele>
        <time>2026-08-28T03:05:12.000Z</time>
        <extensions>
          <ns3:TrackPointExtension>
            <ns3:hr>146</ns3:hr>
            <ns3:cad>90</ns3:cad>
          </ns3:TrackPointExtension>
        </extensions>
      </trkpt>
      <trkpt lat="38.7220831029117107391357421875" lon="112.74783938191831111907958984375">
        <ele>804.5999755859375</ele>
        <time>2026-08-28T03:05:13.000Z</time>
        <extensions>
          <ns3:TrackPointExtension>
            <ns3:hr>145</ns3:hr>
            <ns3:cad>90</ns3:cad>
          </ns3:TrackPointExtension>
        </extensions>
      </trkpt>
      <trkpt lat="38.7220790795981884002685546875" lon="112.747867964208126068115234375">
        <ele>804.5999755859375</ele>
        <time>2026-08-28T03:05:14.000Z</time>
        <extensions>
          <ns3:TrackPointExtension>
            <ns3:hr>146</ns3:hr>
            <ns3:cad>90</ns3:cad>
          </ns3:TrackPointExtension>
        </extensions>
      </trkpt>
      <trkpt lat="38.72207094915211200714111328125" lon="112.74789956398308277130126953125">
        <ele>804.5999755859375</ele>
        <time>2026-08-28T03:05:15.000Z</time>
        <extensions>
          <ns3:TrackPointExtension>
            <ns3:hr>145</ns3:hr>
            <ns3:cad>91</ns3:cad>
          </ns3:TrackPointExtension>
        </extensions>
      </trkpt>
      <trkpt lat="38.72206592001020908355712890625" lon="112.747927643358707427978515625">
        <ele>804.5999755859375</ele>
        <time>2026-08-28T03:05:16.000Z</time>
        <extensions>
          <ns3:TrackPointExtension>
            <ns3:hr>145</ns3:hr>
            <ns3:cad>92</ns3:cad>
          </ns3:TrackPointExtension>
        </extensions>
      </trkpt>
      <trkpt lat="38.72205711901187896728515625" lon="112.7479559741914272308349609375">
        <ele>804.5999755859375</ele>
        <time>2026-08-28T03:05:17.000Z</time>
        <extensions>
          <ns3:TrackPointExtension>
            <ns3:hr>145</ns3:hr>
            <ns3:cad>92</ns3:cad>
          </ns3:TrackPointExtension>
        </extensions>
      </trkpt>
      <trkpt lat="38.722052760422229766845703125" lon="112.74798371829092502593994140625">
        <ele>804.5999755859375</ele>
        <time>2026-08-28T03:05:18.000Z</time>
        <extensions>
          <ns3:TrackPointExtension>
            <ns3:hr>145</ns3:hr>
            <ns3:cad>90</ns3:cad>
          </ns3:TrackPointExtension>
        </extensions>
      </trkpt>
      <trkpt lat="38.72204328887164592742919921875" lon="112.74801313877105712890625">
        <ele>804.5999755859375</ele>
        <time>2026-08-28T03:05:19.000Z</time>
        <extensions>
          <ns3:TrackPointExtension>
            <ns3:hr>145</ns3:hr>
            <ns3:cad>90</ns3:cad>
          </ns3:TrackPointExtension>
        </extensions>
      </trkpt>
      <trkpt lat="38.7220385111868381500244140625" lon="112.74804197251796722412109375">
        <ele>804.5999755859375</ele>
        <time>2026-08-28T03:05:20.000Z</time>
        <extensions>
          <ns3:TrackPointExtension>
            <ns3:hr>144</ns3:hr>
            <ns3:cad>90</ns3:cad>
          </ns3:TrackPointExtension>
        </extensions>
      </trkpt>
      <trkpt lat="38.72202937491238117218017578125" lon="112.74806879460811614990234375">
        <ele>804.5999755859375</ele>
        <time>2026-08-28T03:05:21.000Z</time>
        <extensions>
          <ns3:TrackPointExtension>
            <ns3:hr>144</ns3:hr>
            <ns3:cad>90</ns3:cad>
          </ns3:TrackPointExtension>
        </extensions>
      </trkpt>
      <trkpt lat="38.722024597227573394775390625" lon="112.7480977959930896759033203125">
        <ele>804.5999755859375</ele>
        <time>2026-08-28T03:05:22.000Z</time>
        <extensions>
          <ns3:TrackPointExtension>
            <ns3:hr>144</ns3:hr>
            <ns3:cad>91</ns3:cad>
          </ns3:TrackPointExtension>
        </extensions>
      </trkpt>
      <trkpt lat="38.72201546095311641693115234375" lon="112.74812503717839717864990234375">
        <ele>804.5999755859375</ele>
        <time>2026-08-28T03:05:23.000Z</time>
        <extensions>
          <ns3:TrackPointExtension>
            <ns3:hr>145</ns3:hr>
            <ns3:cad>92</ns3:cad>
          </ns3:TrackPointExtension>
        </extensions>
      </trkpt>
      <trkpt lat="38.72201093472540378570556640625" lon="112.748153619468212127685546875">
        <ele>804.5999755859375</ele>
        <time>2026-08-28T03:05:24.000Z</time>
        <extensions>
          <ns3:TrackPointExtension>
            <ns3:hr>145</ns3:hr>
            <ns3:cad>92</ns3:cad>
          </ns3:TrackPointExtension>
        </extensions>
      </trkpt>
      <trkpt lat="38.72200422920286655426025390625" lon="112.74817683733999729156494140625">
        <ele>804.5999755859375</ele>
        <time>2026-08-28T03:05:25.000Z</time>
        <extensions>
          <ns3:TrackPointExtension>
            <ns3:hr>144</ns3:hr>
            <ns3:cad>90</ns3:cad>
          </ns3:TrackPointExtension>
        </extensions>
      </trkpt>
      <trkpt lat="38.7219982780516147613525390625" lon="112.74820785038173198699951171875">
        <ele>804.5999755859375</ele>
        <time>2026-08-28T03:05:26.000Z</time>
        <extensions>
          <ns3:TrackPointExtension>
            <ns3:hr>144</ns3:hr>
            <ns3:cad>90</ns3:cad>
          </ns3:TrackPointExtension>
        </extensions>
      </trkpt>
      <trkpt lat="38.72199350036680698394775390625" lon="112.74823240935802459716796875">
        <ele>804.5999755859375</ele>
        <time>2026-08-28T03:05:27.000Z</time>
        <extensions>
          <ns3:TrackPointExtension>
            <ns3:hr>144</ns3:hr>
            <ns3:cad>90</ns3:cad>
          </ns3:TrackPointExtension>
        </extensions>
      </trkpt>
      <trkpt lat="38.7219875492155551910400390625" lon="112.7482630871236324310302734375">
        <ele>804.5999755859375</ele>
        <time>2026-08-28T03:05:28.000Z</time>
        <extensions>
          <ns3:TrackPointExtension>
            <ns3:hr>143</ns3:hr>
            <ns3:cad>90</ns3:cad>
          </ns3:TrackPointExtension>
        </extensions>
      </trkpt>
      <trkpt lat="38.721983693540096282958984375" lon="112.7482853829860687255859375">
        <ele>804.5999755859375</ele>
        <time>2026-08-28T03:05:29.000Z</time>
        <extensions>
          <ns3:TrackPointExtension>
            <ns3:hr>143</ns3:hr>
            <ns3:cad>91</ns3:cad>
          </ns3:TrackPointExtension>
        </extensions>
      </trkpt>
      <trkpt lat="38.72197656892240047454833984375" lon="112.7483180724084377288818359375">
        <ele>804.5999755859375</ele>
        <time>2026-08-28T03:05:30.000Z</time>
        <extensions>
          <ns3:TrackPointExtension>
            <ns3:hr>142</ns3:hr>
            <ns3:cad>92</ns3:cad>
          </ns3:TrackPointExtension>
        </extensions>
      </trkpt>
      <trkpt lat="38.72197573073208332061767578125" lon="112.7483388595283031463623046875">
        <ele>804.5999755859375</ele>
        <time>2026-08-28T03:05:31.000Z</time>
        <extensions>
          <ns3:TrackPointExtension>
            <ns3:hr>141</ns3:hr>
            <ns3:cad>92</ns3:cad>
          </ns3:TrackPointExtension>
        </extensions>
      </trkpt>
      <trkpt lat="38.72196818701922893524169921875" lon="112.74837112985551357269287109375">
        <ele>804.5999755859375</ele>
        <time>2026-08-28T03:05:32.000Z</time>
        <extensions>
          <ns3:TrackPointExtension>
            <ns3:hr>140</ns3:hr>
            <ns3:cad>92</ns3:cad>
          </ns3:TrackPointExtension>
        </extensions>
      </trkpt>
      <trkpt lat="38.72196315787732601165771484375" lon="112.748395018279552459716796875">
        <ele>804.79998779296875</ele>
        <time>2026-08-28T03:05:33.000Z</time>
        <extensions>
          <ns3:TrackPointExtension>
            <ns3:hr>140</ns3:hr>
            <ns3:cad>92</ns3:cad>
          </ns3:TrackPointExtension>
        </extensions>
      </trkpt>
      <trkpt lat="38.72195527888834476470947265625" lon="112.74842795915901660919189453125">
        <ele>804.79998779296875</ele>
        <time>2026-08-28T03:05:34.000Z</time>
        <extensions>
          <ns3:TrackPointExtension>
            <ns3:hr>139</ns3:hr>
            <ns3:cad>92</ns3:cad>
          </ns3:TrackPointExtension>
        </extensions>
      </trkpt>
      <trkpt lat="38.721955530345439910888671875" lon="112.74845377542078495025634765625">
        <ele>804.79998779296875</ele>
        <time>2026-08-28T03:05:35.000Z</time>
        <extensions>
          <ns3:TrackPointExtension>
            <ns3:hr>139</ns3:hr>
            <ns3:cad>91</ns3:cad>
          </ns3:TrackPointExtension>
        </extensions>
      </trkpt>
      <trkpt lat="38.72194580733776092529296875" lon="112.74848244152963161468505859375">
        <ele>804.79998779296875</ele>
        <time>2026-08-28T03:05:36.000Z</time>
        <extensions>
          <ns3:TrackPointExtension>
            <ns3:hr>138</ns3:hr>
            <ns3:cad>91</ns3:cad>
          </ns3:TrackPointExtension>
        </extensions>
      </trkpt>
      <trkpt lat="38.721942789852619171142578125" lon="112.748508341610431671142578125">
        <ele>804.79998779296875</ele>
        <time>2026-08-28T03:05:37.000Z</time>
        <extensions>
          <ns3:TrackPointExtension>
            <ns3:hr>138</ns3:hr>
            <ns3:cad>92</ns3:cad>
          </ns3:TrackPointExtension>
        </extensions>
      </trkpt>
      <trkpt lat="38.721932731568813323974609375" lon="112.74854488670825958251953125">
        <ele>804.79998779296875</ele>
        <time>2026-08-28T03:05:38.000Z</time>
        <extensions>
          <ns3:TrackPointExtension>
            <ns3:hr>138</ns3:hr>
            <ns3:cad>92</ns3:cad>
          </ns3:TrackPointExtension>
        </extensions>
      </trkpt>
      <trkpt lat="38.721932061016559600830078125" lon="112.74856768548488616943359375">
        <ele>804.5999755859375</ele>
        <time>2026-08-28T03:05:39.000Z</time>
        <extensions>
          <ns3:TrackPointExtension>
            <ns3:hr>138</ns3:hr>
            <ns3:cad>92</ns3:cad>
          </ns3:TrackPointExtension>
        </extensions>
      </trkpt>
      <trkpt lat="38.721921332180500030517578125" lon="112.74859945289790630340576171875">
        <ele>804.79998779296875</ele>
        <time>2026-08-28T03:05:40.000Z</time>
        <extensions>
          <ns3:TrackPointExtension>
            <ns3:hr>137</ns3:hr>
            <ns3:cad>92</ns3:cad>
          </ns3:TrackPointExtension>
        </extensions>
      </trkpt>
      <trkpt lat="38.72191605158150196075439453125" lon="112.74862107820808887481689453125">
        <ele>804.5999755859375</ele>
        <time>2026-08-28T03:05:41.000Z</time>
        <extensions>
          <ns3:TrackPointExtension>
            <ns3:hr>137</ns3:hr>
            <ns3:cad>92</ns3:cad>
          </ns3:TrackPointExtension>
        </extensions>
      </trkpt>
      <trkpt lat="38.72190465219318866729736328125" lon="112.7486550249159336090087890625">
        <ele>804.5999755859375</ele>
        <time>2026-08-28T03:05:42.000Z</time>
        <extensions>
          <ns3:TrackPointExtension>
            <ns3:hr>137</ns3:hr>
            <ns3:cad>91</ns3:cad>
          </ns3:TrackPointExtension>
        </extensions>
      </trkpt>
      <trkpt lat="38.7218995392322540283203125" lon="112.748678661882877349853515625">
        <ele>804.5999755859375</ele>
        <time>2026-08-28T03:05:43.000Z</time>
        <extensions>
          <ns3:TrackPointExtension>
            <ns3:hr>138</ns3:hr>
            <ns3:cad>91</ns3:cad>
          </ns3:TrackPointExtension>
        </extensions>
      </trkpt>
      <trkpt lat="38.72189090587198734283447265625" lon="112.7487113513052463531494140625">
        <ele>804.5999755859375</ele>
        <time>2026-08-28T03:05:44.000Z</time>
        <extensions>
          <ns3:TrackPointExtension>
            <ns3:hr>138</ns3:hr>
            <ns3:cad>91</ns3:cad>
          </ns3:TrackPointExtension>
        </extensions>
      </trkpt>
      <trkpt lat="38.72188788838684558868408203125" lon="112.748735658824443817138671875">
        <ele>804.5999755859375</ele>
        <time>2026-08-28T03:05:45.000Z</time>
        <extensions>
          <ns3:TrackPointExtension>
            <ns3:hr>138</ns3:hr>
            <ns3:cad>90</ns3:cad>
          </ns3:TrackPointExtension>
        </extensions>
      </trkpt>
      <trkpt lat="38.72187799774110317230224609375" lon="112.748763822019100189208984375">
        <ele>804.79998779296875</ele>
        <time>2026-08-28T03:05:46.000Z</time>
        <extensions>
          <ns3:TrackPointExtension>
            <ns3:hr>139</ns3:hr>
            <ns3:cad>90</ns3:cad>
          </ns3:TrackPointExtension>
        </extensions>
      </trkpt>
      <trkpt lat="38.72187606990337371826171875" lon="112.748788297176361083984375">
        <ele>804.79998779296875</ele>
        <time>2026-08-28T03:05:47.000Z</time>
        <extensions>
          <ns3:TrackPointExtension>
            <ns3:hr>140</ns3:hr>
            <ns3:cad>90</ns3:cad>
          </ns3:TrackPointExtension>
        </extensions>
      </trkpt>
      <trkpt lat="38.72187062166631221771240234375" lon="112.748815119266510009765625">
        <ele>804.79998779296875</ele>
        <time>2026-08-28T03:05:48.000Z</time>
        <extensions>
          <ns3:TrackPointExtension>
            <ns3:hr>141</ns3:hr>
            <ns3:cad>90</ns3:cad>
          </ns3:TrackPointExtension>
        </extensions>
      </trkpt>
      <trkpt lat="38.7218661792576313018798828125" lon="112.7488437853753566741943359375">
        <ele>804.79998779296875</ele>
        <time>2026-08-28T03:05:49.000Z</time>
        <extensions>
          <ns3:TrackPointExtension>
            <ns3:hr>141</ns3:hr>
            <ns3:cad>90</ns3:cad>
          </ns3:TrackPointExtension>
        </extensions>
      </trkpt>
      <trkpt lat="38.72185972519218921661376953125" lon="112.74887186475098133087158203125">
        <ele>804.79998779296875</ele>
        <time>2026-08-28T03:05:50.000Z</time>
        <extensions>
          <ns3:TrackPointExtension>
            <ns3:hr>143</ns3:hr>
            <ns3:cad>91</ns3:cad>
          </ns3:TrackPointExtension>
        </extensions>
      </trkpt>
      <trkpt lat="38.72185000218451023101806640625" lon="112.7489017881453037261962890625">
        <ele>804.79998779296875</ele>
        <time>2026-08-28T03:05:51.000Z</time>
        <extensions>
          <ns3:TrackPointExtension>
            <ns3:hr>144</ns3:hr>
            <ns3:cad>93</ns3:cad>
          </ns3:TrackPointExtension>
        </extensions>
      </trkpt>
      <trkpt lat="38.7218406982719898223876953125" lon="112.74892785586416721343994140625">
        <ele>804.79998779296875</ele>
        <time>2026-08-28T03:05:52.000Z</time>
        <extensions>
          <ns3:TrackPointExtension>
            <ns3:hr>144</ns3:hr>
            <ns3:cad>93</ns3:cad>
          </ns3:TrackPointExtension>
        </extensions>
      </trkpt>
      <trkpt lat="38.72183307074010372161865234375" lon="112.74895685724914073944091796875">
        <ele>804.79998779296875</ele>
        <time>2026-08-28T03:05:53.000Z</time>
        <extensions>
          <ns3:TrackPointExtension>
            <ns3:hr>144</ns3:hr>
            <ns3:cad>93</ns3:cad>
          </ns3:TrackPointExtension>
        </extensions>
      </trkpt>
      <trkpt lat="38.72182602994143962860107421875" lon="112.7489805780351161956787109375">
        <ele>804.5999755859375</ele>
        <time>2026-08-28T03:05:54.000Z</time>
        <extensions>
          <ns3:TrackPointExtension>
            <ns3:hr>144</ns3:hr>
            <ns3:cad>93</ns3:cad>
          </ns3:TrackPointExtension>
        </extensions>
      </trkpt>
      <trkpt lat="38.721818067133426666259765625" lon="112.7490097470581531524658203125">
        <ele>804.5999755859375</ele>
        <time>2026-08-28T03:05:55.000Z</time>
        <extensions>
          <ns3:TrackPointExtension>
            <ns3:hr>143</ns3:hr>
            <ns3:cad>92</ns3:cad>
          </ns3:TrackPointExtension>
        </extensions>
      </trkpt>
      <trkpt lat="38.72181211598217487335205078125" lon="112.74903212673962116241455078125">
        <ele>804.5999755859375</ele>
        <time>2026-08-28T03:05:56.000Z</time>
        <extensions>
          <ns3:TrackPointExtension>
            <ns3:hr>143</ns3:hr>
            <ns3:cad>92</ns3:cad>
          </ns3:TrackPointExtension>
        </extensions>
      </trkpt>
      <trkpt lat="38.72180339880287647247314453125" lon="112.749062217772006988525390625">
        <ele>804.5999755859375</ele>
        <time>2026-08-28T03:05:57.000Z</time>
        <extensions>
          <ns3:TrackPointExtension>
            <ns3:hr>143</ns3:hr>
            <ns3:cad>92</ns3:cad>
          </ns3:TrackPointExtension>
        </extensions>
      </trkpt>
      <trkpt lat="38.72180021367967128753662109375" lon="112.74908510036766529083251953125">
        <ele>804.5999755859375</ele>
        <time>2026-08-28T03:05:58.000Z</time>
        <extensions>
          <ns3:TrackPointExtension>
            <ns3:hr>142</ns3:hr>
            <ns3:cad>92</ns3:cad>
          </ns3:TrackPointExtension>
        </extensions>
      </trkpt>
      <trkpt lat="38.72179090976715087890625" lon="112.7491183765232563018798828125">
        <ele>804.5999755859375</ele>
        <time>2026-08-28T03:05:59.000Z</time>
        <extensions>
          <ns3:TrackPointExtension>
            <ns3:hr>142</ns3:hr>
            <ns3:cad>92</ns3:cad>
          </ns3:TrackPointExtension>
        </extensions>
      </trkpt>
      <trkpt lat="38.721787221729755401611328125" lon="112.74914343841373920440673828125">
        <ele>804.5999755859375</ele>
        <time>2026-08-28T03:06:00.000Z</time>
        <extensions>
          <ns3:TrackPointExtension>
            <ns3:hr>142</ns3:hr>
            <ns3:cad>92</ns3:cad>
          </ns3:TrackPointExtension>
        </extensions>
      </trkpt>
      <trkpt lat="38.72177691198885440826416015625" lon="112.74917981587350368499755859375">
        <ele>804.5999755859375</ele>
        <time>2026-08-28T03:06:01.000Z</time>
        <extensions>
          <ns3:TrackPointExtension>
            <ns3:hr>142</ns3:hr>
            <ns3:cad>92</ns3:cad>
          </ns3:TrackPointExtension>
        </extensions>
      </trkpt>
      <trkpt lat="38.72177557088434696197509765625" lon="112.74920579977333545684814453125">
        <ele>804.5999755859375</ele>
        <time>2026-08-28T03:06:02.000Z</time>
        <extensions>
          <ns3:TrackPointExtension>
            <ns3:hr>141</ns3:hr>
            <ns3:cad>92</ns3:cad>
          </ns3:TrackPointExtension>
        </extensions>
      </trkpt>
      <trkpt lat="38.72177003882825374603271484375" lon="112.749239243566989898681640625">
        <ele>804.5999755859375</ele>
        <time>2026-08-28T03:06:03.000Z</time>
        <extensions>
          <ns3:TrackPointExtension>
            <ns3:hr>141</ns3:hr>
            <ns3:cad>92</ns3:cad>
          </ns3:TrackPointExtension>
        </extensions>
      </trkpt>
      <trkpt lat="38.7217749841511249542236328125" lon="112.7492632158100605010986328125">
        <ele>804.5999755859375</ele>
        <time>2026-08-28T03:06:04.000Z</time>
        <extensions>
          <ns3:TrackPointExtension>
            <ns3:hr>140</ns3:hr>
            <ns3:cad>92</ns3:cad>
          </ns3:TrackPointExtension>
        </extensions>
      </trkpt>
      <trkpt lat="38.721765764057636260986328125" lon="112.7492964081466197967529296875">
        <ele>804.5999755859375</ele>
        <time>2026-08-28T03:06:05.000Z</time>
        <extensions>
          <ns3:TrackPointExtension>
            <ns3:hr>140</ns3:hr>
            <ns3:cad>92</ns3:cad>
          </ns3:TrackPointExtension>
        </extensions>
      </trkpt>
      <trkpt lat="38.72176400385797023773193359375" lon="112.74931962601840496063232421875">
        <ele>804.5999755859375</ele>
        <time>2026-08-28T03:06:06.000Z</time>
        <extensions>
          <ns3:TrackPointExtension>
            <ns3:hr>140</ns3:hr>
            <ns3:cad>92</ns3:cad>
          </ns3:TrackPointExtension>
        </extensions>
      </trkpt>
      <trkpt lat="38.72175092808902263641357421875" lon="112.74935164488852024078369140625">
        <ele>804.5999755859375</ele>
        <time>2026-08-28T03:06:07.000Z</time>
        <extensions>
          <ns3:TrackPointExtension>
            <ns3:hr>140</ns3:hr>
            <ns3:cad>92</ns3:cad>
          </ns3:TrackPointExtension>
        </extensions>
      </trkpt>
      <trkpt lat="38.721749000251293182373046875" lon="112.74937662295997142791748046875">
        <ele>804.5999755859375</ele>
        <time>2026-08-28T03:06:08.000Z</time>
        <extensions>
          <ns3:TrackPointExtension>
            <ns3:hr>139</ns3:hr>
            <ns3:cad>92</ns3:cad>
          </ns3:TrackPointExtension>
        </extensions>
      </trkpt>
      <trkpt lat="38.72174237854778766632080078125" lon="112.7494067139923572540283203125">
        <ele>804.5999755859375</ele>
        <time>2026-08-28T03:06:09.000Z</time>
        <extensions>
          <ns3:TrackPointExtension>
            <ns3:hr>139</ns3:hr>
            <ns3:cad>92</ns3:cad>
          </ns3:TrackPointExtension>
        </extensions>
      </trkpt>
      <trkpt lat="38.72173902578651905059814453125" lon="112.74943026714026927947998046875">
        <ele>804.5999755859375</ele>
        <time>2026-08-28T03:06:10.000Z</time>
        <extensions>
          <ns3:TrackPointExtension>
            <ns3:hr>139</ns3:hr>
            <ns3:cad>91</ns3:cad>
          </ns3:TrackPointExtension>
        </extensions>
      </trkpt>
      <trkpt lat="38.7217324040830135345458984375" lon="112.74945692159235477447509765625">
        <ele>804.5999755859375</ele>
        <time>2026-08-28T03:06:11.000Z</time>
        <extensions>
          <ns3:TrackPointExtension>
            <ns3:hr>139</ns3:hr>
            <ns3:cad>91</ns3:cad>
          </ns3:TrackPointExtension>
        </extensions>
      </trkpt>
      <trkpt lat="38.721726872026920318603515625" lon="112.74948558770120143890380859375">
        <ele>804.5999755859375</ele>
        <time>2026-08-28T03:06:12.000Z</time>
        <extensions>
          <ns3:TrackPointExtension>
            <ns3:hr>139</ns3:hr>
            <ns3:cad>91</ns3:cad>
          </ns3:TrackPointExtension>
        </extensions>
      </trkpt>
      <trkpt lat="38.7217199988663196563720703125" lon="112.74951173923909664154052734375">
        <ele>804.5999755859375</ele>
        <time>2026-08-28T03:06:13.000Z</time>
        <extensions>
          <ns3:TrackPointExtension>
            <ns3:hr>138</ns3:hr>
            <ns3:cad>91</ns3:cad>
          </ns3:TrackPointExtension>
        </extensions>
      </trkpt>
      <trkpt lat="38.72171186842024326324462890625" lon="112.7495408244431018829345703125">
        <ele>804.5999755859375</ele>
        <time>2026-08-28T03:06:14.000Z</time>
        <extensions>
          <ns3:TrackPointExtension>
            <ns3:hr>136</ns3:hr>
            <ns3:cad>92</ns3:cad>
          </ns3:TrackPointExtension>
        </extensions>
      </trkpt>
      <trkpt lat="38.7217064201831817626953125" lon="112.7495674788951873779296875">
        <ele>804.5999755859375</ele>
        <time>2026-08-28T03:06:15.000Z</time>
        <extensions>
          <ns3:TrackPointExtension>
            <ns3:hr>136</ns3:hr>
            <ns3:cad>92</ns3:cad>
          </ns3:TrackPointExtension>
        </extensions>
      </trkpt>
      <trkpt lat="38.72169929556548595428466796875" lon="112.74959840811789035797119140625">
        <ele>804.5999755859375</ele>
        <time>2026-08-28T03:06:16.000Z</time>
        <extensions>
          <ns3:TrackPointExtension>
            <ns3:hr>135</ns3:hr>
            <ns3:cad>92</ns3:cad>
          </ns3:TrackPointExtension>
        </extensions>
      </trkpt>
      <trkpt lat="38.72169795446097850799560546875" lon="112.7496243081986904144287109375">
        <ele>804.5999755859375</ele>
        <time>2026-08-28T03:06:17.000Z</time>
        <extensions>
          <ns3:TrackPointExtension>
            <ns3:hr>135</ns3:hr>
            <ns3:cad>92</ns3:cad>
          </ns3:TrackPointExtension>
        </extensions>
      </trkpt>
      <trkpt lat="38.7216911651194095611572265625" lon="112.74965255521237850189208984375">
        <ele>804.4000244140625</ele>
        <time>2026-08-28T03:06:18.000Z</time>
        <extensions>
          <ns3:TrackPointExtension>
            <ns3:hr>135</ns3:hr>
            <ns3:cad>93</ns3:cad>
          </ns3:TrackPointExtension>
        </extensions>
      </trkpt>
      <trkpt lat="38.72168831527233123779296875" lon="112.749677784740924835205078125">
        <ele>804.4000244140625</ele>
        <time>2026-08-28T03:06:19.000Z</time>
        <extensions>
          <ns3:TrackPointExtension>
            <ns3:hr>135</ns3:hr>
            <ns3:cad>93</ns3:cad>
          </ns3:TrackPointExtension>
        </extensions>
      </trkpt>
      <trkpt lat="38.72168135829269886016845703125" lon="112.7497124858200550079345703125">
        <ele>804.5999755859375</ele>
        <time>2026-08-28T03:06:20.000Z</time>
        <extensions>
          <ns3:TrackPointExtension>
            <ns3:hr>136</ns3:hr>
            <ns3:cad>92</ns3:cad>
          </ns3:TrackPointExtension>
        </extensions>
      </trkpt>
      <trkpt lat="38.72167767025530338287353515625" lon="112.74973620660603046417236328125">
        <ele>804.5999755859375</ele>
        <time>2026-08-28T03:06:21.000Z</time>
        <extensions>
          <ns3:TrackPointExtension>
            <ns3:hr>136</ns3:hr>
            <ns3:cad>92</ns3:cad>
          </ns3:TrackPointExtension>
        </extensions>
      </trkpt>
      <trkpt lat="38.72166895307600498199462890625" lon="112.74977074004709720611572265625">
        <ele>804.5999755859375</ele>
        <time>2026-08-28T03:06:22.000Z</time>
        <extensions>
          <ns3:TrackPointExtension>
            <ns3:hr>136</ns3:hr>
            <ns3:cad>92</ns3:cad>
          </ns3:TrackPointExtension>
        </extensions>
      </trkpt>
      <trkpt lat="38.7216616608202457427978515625" lon="112.7497929520905017852783203125">
        <ele>804.5999755859375</ele>
        <time>2026-08-28T03:06:23.000Z</time>
        <extensions>
          <ns3:TrackPointExtension>
            <ns3:hr>136</ns3:hr>
            <ns3:cad>90</ns3:cad>
          </ns3:TrackPointExtension>
        </extensions>
      </trkpt>
      <trkpt lat="38.72165202163159847259521484375" lon="112.74982891045510768890380859375">
        <ele>804.5999755859375</ele>
        <time>2026-08-28T03:06:24.000Z</time>
        <extensions>
          <ns3:TrackPointExtension>
            <ns3:hr>137</ns3:hr>
            <ns3:cad>90</ns3:cad>
          </ns3:TrackPointExtension>
        </extensions>
      </trkpt>
      <trkpt lat="38.7216465733945369720458984375" lon="112.749850787222385406494140625">
        <ele>804.5999755859375</ele>
        <time>2026-08-28T03:06:25.000Z</time>
        <extensions>
          <ns3:TrackPointExtension>
            <ns3:hr>137</ns3:hr>
            <ns3:cad>90</ns3:cad>
          </ns3:TrackPointExtension>
        </extensions>
      </trkpt>
      <trkpt lat="38.721638023853302001953125" lon="112.749886326491832733154296875">
        <ele>804.5999755859375</ele>
        <time>2026-08-28T03:06:26.000Z</time>
        <extensions>
          <ns3:TrackPointExtension>
            <ns3:hr>137</ns3:hr>
            <ns3:cad>90</ns3:cad>
          </ns3:TrackPointExtension>
        </extensions>
      </trkpt>
      <trkpt lat="38.72163391672074794769287109375" lon="112.7499139867722988128662109375">
        <ele>804.5999755859375</ele>
        <time>2026-08-28T03:06:27.000Z</time>
        <extensions>
          <ns3:TrackPointExtension>
            <ns3:hr>137</ns3:hr>
            <ns3:cad>90</ns3:cad>
          </ns3:TrackPointExtension>
        </extensions>
      </trkpt>
      <trkpt lat="38.7216224335134029388427734375" lon="112.74994810111820697784423828125">
        <ele>804.4000244140625</ele>
        <time>2026-08-28T03:06:28.000Z</time>
        <extensions>
          <ns3:TrackPointExtension>
            <ns3:hr>136</ns3:hr>
            <ns3:cad>91</ns3:cad>
          </ns3:TrackPointExtension>
        </extensions>
      </trkpt>
      <trkpt lat="38.721621930599212646484375" lon="112.74997307918965816497802734375">
        <ele>804.5999755859375</ele>
        <time>2026-08-28T03:06:29.000Z</time>
        <extensions>
          <ns3:TrackPointExtension>
            <ns3:hr>137</ns3:hr>
            <ns3:cad>91</ns3:cad>
          </ns3:TrackPointExtension>
        </extensions>
      </trkpt>
      <trkpt lat="38.72161178849637508392333984375" lon="112.75000576861202716827392578125">
        <ele>804.5999755859375</ele>
        <time>2026-08-28T03:06:30.000Z</time>
        <extensions>
          <ns3:TrackPointExtension>
            <ns3:hr>137</ns3:hr>
            <ns3:cad>91</ns3:cad>
          </ns3:TrackPointExtension>
        </extensions>
      </trkpt>
      <trkpt lat="38.721613548696041107177734375" lon="112.75003217160701751708984375">
        <ele>804.5999755859375</ele>
        <time>2026-08-28T03:06:31.000Z</time>
        <extensions>
          <ns3:TrackPointExtension>
            <ns3:hr>136</ns3:hr>
            <ns3:cad>91</ns3:cad>
          </ns3:TrackPointExtension>
        </extensions>
      </trkpt>
      <trkpt lat="38.72160273604094982147216796875" lon="112.75006435811519622802734375">
        <ele>804.5999755859375</ele>
        <time>2026-08-28T03:06:32.000Z</time>
        <extensions>
          <ns3:TrackPointExtension>
            <ns3:hr>137</ns3:hr>
            <ns3:cad>91</ns3:cad>
          </ns3:TrackPointExtension>
        </extensions>
      </trkpt>
      <trkpt lat="38.72160139493644237518310546875" lon="112.75009327568113803863525390625">
        <ele>804.5999755859375</ele>
        <time>2026-08-28T03:06:33.000Z</time>
        <extensions>
          <ns3:TrackPointExtension>
            <ns3:hr>137</ns3:hr>
            <ns3:cad>92</ns3:cad>
          </ns3:TrackPointExtension>
        </extensions>
      </trkpt>
      <trkpt lat="38.72158781625330448150634765625" lon="112.75012345053255558013916015625">
        <ele>804.4000244140625</ele>
        <time>2026-08-28T03:06:34.000Z</time>
        <extensions>
          <ns3:TrackPointExtension>
            <ns3:hr>136</ns3:hr>
            <ns3:cad>92</ns3:cad>
          </ns3:TrackPointExtension>
        </extensions>
      </trkpt>
      <trkpt lat="38.7215857207775115966796875" lon="112.75015027262270450592041015625">
        <ele>804.4000244140625</ele>
        <time>2026-08-28T03:06:35.000Z</time>
        <extensions>
          <ns3:TrackPointExtension>
            <ns3:hr>137</ns3:hr>
            <ns3:cad>92</ns3:cad>
          </ns3:TrackPointExtension>
        </extensions>
      </trkpt>
      <trkpt lat="38.7215751595795154571533203125" lon="112.75017969310283660888671875">
        <ele>804.4000244140625</ele>
        <time>2026-08-28T03:06:36.000Z</time>
        <extensions>
          <ns3:TrackPointExtension>
            <ns3:hr>137</ns3:hr>
            <ns3:cad>92</ns3:cad>
          </ns3:TrackPointExtension>
        </extensions>
      </trkpt>
      <trkpt lat="38.72156761586666107177734375" lon="112.75020978413522243499755859375">
        <ele>804.4000244140625</ele>
        <time>2026-08-28T03:06:37.000Z</time>
        <extensions>
          <ns3:TrackPointExtension>
            <ns3:hr>136</ns3:hr>
            <ns3:cad>92</ns3:cad>
          </ns3:TrackPointExtension>
        </extensions>
      </trkpt>
      <trkpt lat="38.72155948542058467864990234375" lon="112.75023593567311763763427734375">
        <ele>804.4000244140625</ele>
        <time>2026-08-28T03:06:38.000Z</time>
        <extensions>
          <ns3:TrackPointExtension>
            <ns3:hr>137</ns3:hr>
            <ns3:cad>91</ns3:cad>
          </ns3:TrackPointExtension>
        </extensions>
      </trkpt>
      <trkpt lat="38.72155554592609405517578125" lon="112.75026619434356689453125">
        <ele>804.4000244140625</ele>
        <time>2026-08-28T03:06:39.000Z</time>
        <extensions>
          <ns3:TrackPointExtension>
            <ns3:hr>139</ns3:hr>
            <ns3:cad>91</ns3:cad>
          </ns3:TrackPointExtension>
        </extensions>
      </trkpt>
      <trkpt lat="38.72154615819454193115234375" lon="112.75029293261468410491943359375">
        <ele>804.4000244140625</ele>
        <time>2026-08-28T03:06:40.000Z</time>
        <extensions>
          <ns3:TrackPointExtension>
            <ns3:hr>140</ns3:hr>
            <ns3:cad>91</ns3:cad>
          </ns3:TrackPointExtension>
        </extensions>
      </trkpt>
      <trkpt lat="38.721539787948131561279296875" lon="112.750322856009006500244140625">
        <ele>804.4000244140625</ele>
        <time>2026-08-28T03:06:41.000Z</time>
        <extensions>
          <ns3:TrackPointExtension>
            <ns3:hr>142</ns3:hr>
            <ns3:cad>91</ns3:cad>
          </ns3:TrackPointExtension>
        </extensions>
      </trkpt>
      <trkpt lat="38.7215335853397846221923828125" lon="112.75034909136593341827392578125">
        <ele>804.4000244140625</ele>
        <time>2026-08-28T03:06:42.000Z</time>
        <extensions>
          <ns3:TrackPointExtension>
            <ns3:hr>143</ns3:hr>
            <ns3:cad>91</ns3:cad>
          </ns3:TrackPointExtension>
        </extensions>
      </trkpt>
      <trkpt lat="38.7215293943881988525390625" lon="112.750383205711841583251953125">
        <ele>804.4000244140625</ele>
        <time>2026-08-28T03:06:43.000Z</time>
        <extensions>
          <ns3:TrackPointExtension>
            <ns3:hr>143</ns3:hr>
            <ns3:cad>91</ns3:cad>
          </ns3:TrackPointExtension>
        </extensions>
      </trkpt>
      <trkpt lat="38.72152511961758136749267578125" lon="112.7504096925258636474609375">
        <ele>804.4000244140625</ele>
        <time>2026-08-28T03:06:44.000Z</time>
        <extensions>
          <ns3:TrackPointExtension>
            <ns3:hr>144</ns3:hr>
            <ns3:cad>91</ns3:cad>
          </ns3:TrackPointExtension>
        </extensions>
      </trkpt>
      <trkpt lat="38.721518330276012420654296875" lon="112.75044447742402553558349609375">
        <ele>804.4000244140625</ele>
        <time>2026-08-28T03:06:45.000Z</time>
        <extensions>
          <ns3:TrackPointExtension>
            <ns3:hr>144</ns3:hr>
            <ns3:cad>91</ns3:cad>
          </ns3:TrackPointExtension>
        </extensions>
      </trkpt>
      <trkpt lat="38.7215131334960460662841796875" lon="112.75046979077160358428955078125">
        <ele>804.4000244140625</ele>
        <time>2026-08-28T03:06:46.000Z</time>
        <extensions>
          <ns3:TrackPointExtension>
            <ns3:hr>144</ns3:hr>
            <ns3:cad>91</ns3:cad>
          </ns3:TrackPointExtension>
        </extensions>
      </trkpt>
      <trkpt lat="38.72150533832609653472900390625" lon="112.750506587326526641845703125">
        <ele>804.4000244140625</ele>
        <time>2026-08-28T03:06:47.000Z</time>
        <extensions>
          <ns3:TrackPointExtension>
            <ns3:hr>144</ns3:hr>
            <ns3:cad>92</ns3:cad>
          </ns3:TrackPointExtension>
        </extensions>
      </trkpt>
      <trkpt lat="38.721500895917415618896484375" lon="112.7505298890173435211181640625">
        <ele>804.4000244140625</ele>
        <time>2026-08-28T03:06:48.000Z</time>
        <extensions>
          <ns3:TrackPointExtension>
            <ns3:hr>145</ns3:hr>
            <ns3:cad>92</ns3:cad>
          </ns3:TrackPointExtension>
        </extensions>
      </trkpt>
      <trkpt lat="38.72149611823260784149169921875" lon="112.75056132115423679351806640625">
        <ele>804.4000244140625</ele>
        <time>2026-08-28T03:06:49.000Z</time>
        <extensions>
          <ns3:TrackPointExtension>
            <ns3:hr>145</ns3:hr>
            <ns3:cad>92</ns3:cad>
          </ns3:TrackPointExtension>
        </extensions>
      </trkpt>
      <trkpt lat="38.72149293310940265655517578125" lon="112.750582359731197357177734375">
        <ele>804.4000244140625</ele>
        <time>2026-08-28T03:06:50.000Z</time>
        <extensions>
          <ns3:TrackPointExtension>
            <ns3:hr>144</ns3:hr>
            <ns3:cad>92</ns3:cad>
          </ns3:TrackPointExtension>
        </extensions>
      </trkpt>
      <trkpt lat="38.72148304246366024017333984375" lon="112.75061463005840778350830078125">
        <ele>804.4000244140625</ele>
        <time>2026-08-28T03:06:51.000Z</time>
        <extensions>
          <ns3:TrackPointExtension>
            <ns3:hr>144</ns3:hr>
            <ns3:cad>92</ns3:cad>
          </ns3:TrackPointExtension>
        </extensions>
      </trkpt>
      <trkpt lat="38.7214812822639942169189453125" lon="112.75063742883503437042236328125">
        <ele>804.4000244140625</ele>
        <time>2026-08-28T03:06:52.000Z</time>
        <extensions>
          <ns3:TrackPointExtension>
            <ns3:hr>144</ns3:hr>
            <ns3:cad>92</ns3:cad>
          </ns3:TrackPointExtension>
        </extensions>
      </trkpt>
      <trkpt lat="38.72147030197083950042724609375" lon="112.75066978298127651214599609375">
        <ele>804.5999755859375</ele>
        <time>2026-08-28T03:06:53.000Z</time>
        <extensions>
          <ns3:TrackPointExtension>
            <ns3:hr>144</ns3:hr>
            <ns3:cad>92</ns3:cad>
          </ns3:TrackPointExtension>
        </extensions>
      </trkpt>
      <trkpt lat="38.72146745212376117706298828125" lon="112.7506918273866176605224609375">
        <ele>804.4000244140625</ele>
        <time>2026-08-28T03:06:54.000Z</time>
        <extensions>
          <ns3:TrackPointExtension>
            <ns3:hr>144</ns3:hr>
            <ns3:cad>92</ns3:cad>
          </ns3:TrackPointExtension>
        </extensions>
      </trkpt>
      <trkpt lat="38.7214541248977184295654296875" lon="112.75072158314287662506103515625">
        <ele>804.4000244140625</ele>
        <time>2026-08-28T03:06:55.000Z</time>
        <extensions>
          <ns3:TrackPointExtension>
            <ns3:hr>144</ns3:hr>
            <ns3:cad>92</ns3:cad>
          </ns3:TrackPointExtension>
        </extensions>
      </trkpt>
      <trkpt lat="38.721451275050640106201171875" lon="112.7507444657385349273681640625">
        <ele>804.4000244140625</ele>
        <time>2026-08-28T03:06:56.000Z</time>
        <extensions>
          <ns3:TrackPointExtension>
            <ns3:hr>144</ns3:hr>
            <ns3:cad>92</ns3:cad>
          </ns3:TrackPointExtension>
        </extensions>
      </trkpt>
      <trkpt lat="38.72143895365297794342041015625" lon="112.75077807717025279998779296875">
        <ele>804.4000244140625</ele>
        <time>2026-08-28T03:06:57.000Z</time>
        <extensions>
          <ns3:TrackPointExtension>
            <ns3:hr>144</ns3:hr>
            <ns3:cad>92</ns3:cad>
          </ns3:TrackPointExtension>
        </extensions>
      </trkpt>
      <trkpt lat="38.7214373610913753509521484375" lon="112.7508078329265117645263671875">
        <ele>804.4000244140625</ele>
        <time>2026-08-28T03:06:58.000Z</time>
        <extensions>
          <ns3:TrackPointExtension>
            <ns3:hr>144</ns3:hr>
            <ns3:cad>92</ns3:cad>
          </ns3:TrackPointExtension>
        </extensions>
      </trkpt>
      <trkpt lat="38.721427805721759796142578125" lon="112.750838510692119598388671875">
        <ele>804.4000244140625</ele>
        <time>2026-08-28T03:06:59.000Z</time>
        <extensions>
          <ns3:TrackPointExtension>
            <ns3:hr>144</ns3:hr>
            <ns3:cad>92</ns3:cad>
          </ns3:TrackPointExtension>
        </extensions>
      </trkpt>
      <trkpt lat="38.7214239500463008880615234375" lon="112.75086524896323680877685546875">
        <ele>804.4000244140625</ele>
        <time>2026-08-28T03:07:00.000Z</time>
        <extensions>
          <ns3:TrackPointExtension>
            <ns3:hr>144</ns3:hr>
            <ns3:cad>92</ns3:cad>
          </ns3:TrackPointExtension>
        </extensions>
      </trkpt>
      <trkpt lat="38.72141749598085880279541015625" lon="112.75089592672884464263916015625">
        <ele>804.4000244140625</ele>
        <time>2026-08-28T03:07:01.000Z</time>
        <extensions>
          <ns3:TrackPointExtension>
            <ns3:hr>143</ns3:hr>
            <ns3:cad>92</ns3:cad>
          </ns3:TrackPointExtension>
        </extensions>
      </trkpt>
      <trkpt lat="38.721415065228939056396484375" lon="112.75092358700931072235107421875">
        <ele>804.4000244140625</ele>
        <time>2026-08-28T03:07:02.000Z</time>
        <extensions>
          <ns3:TrackPointExtension>
            <ns3:hr>143</ns3:hr>
            <ns3:cad>92</ns3:cad>
          </ns3:TrackPointExtension>
        </extensions>
      </trkpt>
      <trkpt lat="38.721412718296051025390625" lon="112.7509499900043010711669921875">
        <ele>804.4000244140625</ele>
        <time>2026-08-28T03:07:03.000Z</time>
        <extensions>
          <ns3:TrackPointExtension>
            <ns3:hr>143</ns3:hr>
            <ns3:cad>92</ns3:cad>
          </ns3:TrackPointExtension>
        </extensions>
      </trkpt>
      <trkpt lat="38.72140559367835521697998046875" lon="112.75098167359828948974609375">
        <ele>804.4000244140625</ele>
        <time>2026-08-28T03:07:04.000Z</time>
        <extensions>
          <ns3:TrackPointExtension>
            <ns3:hr>143</ns3:hr>
            <ns3:cad>90</ns3:cad>
          </ns3:TrackPointExtension>
        </extensions>
      </trkpt>
      <trkpt lat="38.72140073217451572418212890625" lon="112.7510046400129795074462890625">
        <ele>804.4000244140625</ele>
        <time>2026-08-28T03:07:05.000Z</time>
        <extensions>
          <ns3:TrackPointExtension>
            <ns3:hr>142</ns3:hr>
            <ns3:cad>90</ns3:cad>
          </ns3:TrackPointExtension>
        </extensions>
      </trkpt>
      <trkpt lat="38.721391260623931884765625" lon="112.751038335263729095458984375">
        <ele>804.4000244140625</ele>
        <time>2026-08-28T03:07:06.000Z</time>
        <extensions>
          <ns3:TrackPointExtension>
            <ns3:hr>142</ns3:hr>
            <ns3:cad>90</ns3:cad>
          </ns3:TrackPointExtension>
        </extensions>
      </trkpt>
      <trkpt lat="38.721386231482028961181640625" lon="112.75106289424002170562744140625">
        <ele>804.4000244140625</ele>
        <time>2026-08-28T03:07:07.000Z</time>
        <extensions>
          <ns3:TrackPointExtension>
            <ns3:hr>142</ns3:hr>
            <ns3:cad>90</ns3:cad>
          </ns3:TrackPointExtension>
        </extensions>
      </trkpt>
      <trkpt lat="38.72137726284563541412353515625" lon="112.7510971762239933013916015625">
        <ele>804.4000244140625</ele>
        <time>2026-08-28T03:07:08.000Z</time>
        <extensions>
          <ns3:TrackPointExtension>
            <ns3:hr>142</ns3:hr>
            <ns3:cad>90</ns3:cad>
          </ns3:TrackPointExtension>
        </extensions>
      </trkpt>
      <trkpt lat="38.7213793583214282989501953125" lon="112.75112223811447620391845703125">
        <ele>804.4000244140625</ele>
        <time>2026-08-28T03:07:09.000Z</time>
        <extensions>
          <ns3:TrackPointExtension>
            <ns3:hr>141</ns3:hr>
            <ns3:cad>92</ns3:cad>
          </ns3:TrackPointExtension>
        </extensions>
      </trkpt>
      <trkpt lat="38.72137047350406646728515625" lon="112.75115333497524261474609375">
        <ele>804.20001220703125</ele>
        <time>2026-08-28T03:07:10.000Z</time>
        <extensions>
          <ns3:TrackPointExtension>
            <ns3:hr>141</ns3:hr>
            <ns3:cad>93</ns3:cad>
          </ns3:TrackPointExtension>
        </extensions>
      </trkpt>
      <trkpt lat="38.72137047350406646728515625" lon="112.7511768043041229248046875">
        <ele>804.4000244140625</ele>
        <time>2026-08-28T03:07:11.000Z</time>
        <extensions>
          <ns3:TrackPointExtension>
            <ns3:hr>141</ns3:hr>
            <ns3:cad>92</ns3:cad>
          </ns3:TrackPointExtension>
        </extensions>
      </trkpt>
      <trkpt lat="38.72135899029672145843505859375" lon="112.7512108348309993743896484375">
        <ele>804.4000244140625</ele>
        <time>2026-08-28T03:07:12.000Z</time>
        <extensions>
          <ns3:TrackPointExtension>
            <ns3:hr>141</ns3:hr>
            <ns3:cad>92</ns3:cad>
          </ns3:TrackPointExtension>
        </extensions>
      </trkpt>
      <trkpt lat="38.72135429643094539642333984375" lon="112.75123782455921173095703125">
        <ele>804.4000244140625</ele>
        <time>2026-08-28T03:07:13.000Z</time>
        <extensions>
          <ns3:TrackPointExtension>
            <ns3:hr>141</ns3:hr>
            <ns3:cad>92</ns3:cad>
          </ns3:TrackPointExtension>
        </extensions>
      </trkpt>
      <trkpt lat="38.721343316137790679931640625" lon="112.7512661553919315338134765625">
        <ele>804.4000244140625</ele>
        <time>2026-08-28T03:07:14.000Z</time>
        <extensions>
          <ns3:TrackPointExtension>
            <ns3:hr>141</ns3:hr>
            <ns3:cad>92</ns3:cad>
          </ns3:TrackPointExtension>
        </extensions>
      </trkpt>
      <trkpt lat="38.72134373523294925689697265625" lon="112.7512899599969387054443359375">
        <ele>804.4000244140625</ele>
        <time>2026-08-28T03:07:15.000Z</time>
        <extensions>
          <ns3:TrackPointExtension>
            <ns3:hr>140</ns3:hr>
            <ns3:cad>92</ns3:cad>
          </ns3:TrackPointExtension>
        </extensions>
      </trkpt>
      <trkpt lat="38.7213297374546527862548828125" lon="112.75131870992481708526611328125">
        <ele>804.4000244140625</ele>
        <time>2026-08-28T03:07:16.000Z</time>
        <extensions>
          <ns3:TrackPointExtension>
            <ns3:hr>140</ns3:hr>
            <ns3:cad>92</ns3:cad>
          </ns3:TrackPointExtension>
        </extensions>
      </trkpt>
      <trkpt lat="38.72132353484630584716796875" lon="112.75134536437690258026123046875">
        <ele>804.4000244140625</ele>
        <time>2026-08-28T03:07:17.000Z</time>
        <extensions>
          <ns3:TrackPointExtension>
            <ns3:hr>140</ns3:hr>
            <ns3:cad>92</ns3:cad>
          </ns3:TrackPointExtension>
        </extensions>
      </trkpt>
      <trkpt lat="38.7213109619915485382080078125" lon="112.7513754554092884063720703125">
        <ele>804.20001220703125</ele>
        <time>2026-08-28T03:07:18.000Z</time>
        <extensions>
          <ns3:TrackPointExtension>
            <ns3:hr>140</ns3:hr>
            <ns3:cad>92</ns3:cad>
          </ns3:TrackPointExtension>
        </extensions>
      </trkpt>
      <trkpt lat="38.72130802832543849945068359375" lon="112.75140638463199138641357421875">
        <ele>804.20001220703125</ele>
        <time>2026-08-28T03:07:19.000Z</time>
        <extensions>
          <ns3:TrackPointExtension>
            <ns3:hr>140</ns3:hr>
            <ns3:cad>92</ns3:cad>
          </ns3:TrackPointExtension>
        </extensions>
      </trkpt>
      <trkpt lat="38.7213002331554889678955078125" lon="112.75143454782664775848388671875">
        <ele>804.20001220703125</ele>
        <time>2026-08-28T03:07:20.000Z</time>
        <extensions>
          <ns3:TrackPointExtension>
            <ns3:hr>140</ns3:hr>
            <ns3:cad>92</ns3:cad>
          </ns3:TrackPointExtension>
        </extensions>
      </trkpt>
      <trkpt lat="38.7212941981852054595947265625" lon="112.7514643035829067230224609375">
        <ele>804.20001220703125</ele>
        <time>2026-08-28T03:07:21.000Z</time>
        <extensions>
          <ns3:TrackPointExtension>
            <ns3:hr>141</ns3:hr>
            <ns3:cad>92</ns3:cad>
          </ns3:TrackPointExtension>
        </extensions>
      </trkpt>
      <trkpt lat="38.721288330852985382080078125" lon="112.751493640244007110595703125">
        <ele>804.20001220703125</ele>
        <time>2026-08-28T03:07:22.000Z</time>
        <extensions>
          <ns3:TrackPointExtension>
            <ns3:hr>140</ns3:hr>
            <ns3:cad>92</ns3:cad>
          </ns3:TrackPointExtension>
        </extensions>
      </trkpt>
      <trkpt lat="38.7212826311588287353515625" lon="112.7515239827334880828857421875">
        <ele>804.20001220703125</ele>
        <time>2026-08-28T03:07:23.000Z</time>
        <extensions>
          <ns3:TrackPointExtension>
            <ns3:hr>140</ns3:hr>
            <ns3:cad>92</ns3:cad>
          </ns3:TrackPointExtension>
        </extensions>
      </trkpt>
      <trkpt lat="38.72127517126500606536865234375" lon="112.75155189447104930877685546875">
        <ele>804.20001220703125</ele>
        <time>2026-08-28T03:07:24.000Z</time>
        <extensions>
          <ns3:TrackPointExtension>
            <ns3:hr>140</ns3:hr>
            <ns3:cad>92</ns3:cad>
          </ns3:TrackPointExtension>
        </extensions>
      </trkpt>
      <trkpt lat="38.72126519680023193359375" lon="112.751584164798259735107421875">
        <ele>804.20001220703125</ele>
        <time>2026-08-28T03:07:25.000Z</time>
        <extensions>
          <ns3:TrackPointExtension>
            <ns3:hr>140</ns3:hr>
            <ns3:cad>92</ns3:cad>
          </ns3:TrackPointExtension>
        </extensions>
      </trkpt>
      <trkpt lat="38.721262179315090179443359375" lon="112.7516081370413303375244140625">
        <ele>804.20001220703125</ele>
        <time>2026-08-28T03:07:26.000Z</time>
        <extensions>
          <ns3:TrackPointExtension>
            <ns3:hr>140</ns3:hr>
            <ns3:cad>91</ns3:cad>
          </ns3:TrackPointExtension>
        </extensions>
      </trkpt>
      <trkpt lat="38.72125513851642608642578125" lon="112.751640491187572479248046875">
        <ele>804.4000244140625</ele>
        <time>2026-08-28T03:07:27.000Z</time>
        <extensions>
          <ns3:TrackPointExtension>
            <ns3:hr>141</ns3:hr>
            <ns3:cad>91</ns3:cad>
          </ns3:TrackPointExtension>
        </extensions>
      </trkpt>
      <trkpt lat="38.72125254012644290924072265625" lon="112.751664631068706512451171875">
        <ele>804.4000244140625</ele>
        <time>2026-08-28T03:07:28.000Z</time>
        <extensions>
          <ns3:TrackPointExtension>
            <ns3:hr>140</ns3:hr>
            <ns3:cad>92</ns3:cad>
          </ns3:TrackPointExtension>
        </extensions>
      </trkpt>
      <trkpt lat="38.721242733299732208251953125" lon="112.7516989968717098236083984375">
        <ele>804.4000244140625</ele>
        <time>2026-08-28T03:07:29.000Z</time>
        <extensions>
          <ns3:TrackPointExtension>
            <ns3:hr>141</ns3:hr>
            <ns3:cad>92</ns3:cad>
          </ns3:TrackPointExtension>
        </extensions>
      </trkpt>
      <trkpt lat="38.7212388776242733001708984375" lon="112.7517228014767169952392578125">
        <ele>804.4000244140625</ele>
        <time>2026-08-28T03:07:30.000Z</time>
        <extensions>
          <ns3:TrackPointExtension>
            <ns3:hr>140</ns3:hr>
            <ns3:cad>92</ns3:cad>
          </ns3:TrackPointExtension>
        </extensions>
      </trkpt>
      <trkpt lat="38.7212261371314525604248046875" lon="112.75175959803164005279541015625">
        <ele>804.4000244140625</ele>
        <time>2026-08-28T03:07:31.000Z</time>
        <extensions>
          <ns3:TrackPointExtension>
            <ns3:hr>140</ns3:hr>
            <ns3:cad>92</ns3:cad>
          </ns3:TrackPointExtension>
        </extensions>
      </trkpt>
      <trkpt lat="38.7212281487882137298583984375" lon="112.75178491137921810150146484375">
        <ele>804.4000244140625</ele>
        <time>2026-08-28T03:07:32.000Z</time>
        <extensions>
          <ns3:TrackPointExtension>
            <ns3:hr>139</ns3:hr>
            <ns3:cad>92</ns3:cad>
          </ns3:TrackPointExtension>
        </extensions>
      </trkpt>
      <trkpt lat="38.7212224490940570831298828125" lon="112.7518193610012531280517578125">
        <ele>804.4000244140625</ele>
        <time>2026-08-28T03:07:33.000Z</time>
        <extensions>
          <ns3:TrackPointExtension>
            <ns3:hr>139</ns3:hr>
            <ns3:cad>92</ns3:cad>
          </ns3:TrackPointExtension>
        </extensions>
      </trkpt>
      <trkpt lat="38.72121884487569332122802734375" lon="112.7518414892256259918212890625">
        <ele>804.4000244140625</ele>
        <time>2026-08-28T03:07:34.000Z</time>
        <extensions>
          <ns3:TrackPointExtension>
            <ns3:hr>139</ns3:hr>
            <ns3:cad>92</ns3:cad>
          </ns3:TrackPointExtension>
        </extensions>
      </trkpt>
      <trkpt lat="38.72120459564030170440673828125" lon="112.7518699876964092254638671875">
        <ele>804.4000244140625</ele>
        <time>2026-08-28T03:07:35.000Z</time>
        <extensions>
          <ns3:TrackPointExtension>
            <ns3:hr>139</ns3:hr>
            <ns3:cad>93</ns3:cad>
          </ns3:TrackPointExtension>
        </extensions>
      </trkpt>
      <trkpt lat="38.72120149433612823486328125" lon="112.75189572013914585113525390625">
        <ele>804.4000244140625</ele>
        <time>2026-08-28T03:07:36.000Z</time>
        <extensions>
          <ns3:TrackPointExtension>
            <ns3:hr>140</ns3:hr>
            <ns3:cad>93</ns3:cad>
          </ns3:TrackPointExtension>
        </extensions>
      </trkpt>
      <trkpt lat="38.72118942439556121826171875" lon="112.75192371569573879241943359375">
        <ele>804.4000244140625</ele>
        <time>2026-08-28T03:07:37.000Z</time>
        <extensions>
          <ns3:TrackPointExtension>
            <ns3:hr>139</ns3:hr>
            <ns3:cad>92</ns3:cad>
          </ns3:TrackPointExtension>
        </extensions>
      </trkpt>
      <trkpt lat="38.721185736358165740966796875" lon="112.751949615776538848876953125">
        <ele>804.4000244140625</ele>
        <time>2026-08-28T03:07:38.000Z</time>
        <extensions>
          <ns3:TrackPointExtension>
            <ns3:hr>139</ns3:hr>
            <ns3:cad>92</ns3:cad>
          </ns3:TrackPointExtension>
        </extensions>
      </trkpt>
      <trkpt lat="38.72117844410240650177001953125" lon="112.7519776113331317901611328125">
        <ele>804.4000244140625</ele>
        <time>2026-08-28T03:07:39.000Z</time>
        <extensions>
          <ns3:TrackPointExtension>
            <ns3:hr>140</ns3:hr>
            <ns3:cad>92</ns3:cad>
          </ns3:TrackPointExtension>
        </extensions>
      </trkpt>
      <trkpt lat="38.7211738340556621551513671875" lon="112.75200703181326389312744140625">
        <ele>804.4000244140625</ele>
        <time>2026-08-28T03:07:40.000Z</time>
        <extensions>
          <ns3:TrackPointExtension>
            <ns3:hr>140</ns3:hr>
            <ns3:cad>92</ns3:cad>
          </ns3:TrackPointExtension>
        </extensions>
      </trkpt>
      <trkpt lat="38.72116603888571262359619140625" lon="112.75203603319823741912841796875">
        <ele>804.4000244140625</ele>
        <time>2026-08-28T03:07:41.000Z</time>
        <extensions>
          <ns3:TrackPointExtension>
            <ns3:hr>140</ns3:hr>
            <ns3:cad>92</ns3:cad>
          </ns3:TrackPointExtension>
        </extensions>
      </trkpt>
      <trkpt lat="38.721158914268016815185546875" lon="112.75206872262060642242431640625">
        <ele>804.20001220703125</ele>
        <time>2026-08-28T03:07:42.000Z</time>
        <extensions>
          <ns3:TrackPointExtension>
            <ns3:hr>140</ns3:hr>
            <ns3:cad>92</ns3:cad>
          </ns3:TrackPointExtension>
        </extensions>
      </trkpt>
      <trkpt lat="38.72115514241158962249755859375" lon="112.752096466720104217529296875">
        <ele>804.4000244140625</ele>
        <time>2026-08-28T03:07:43.000Z</time>
        <extensions>
          <ns3:TrackPointExtension>
            <ns3:hr>140</ns3:hr>
            <ns3:cad>92</ns3:cad>
          </ns3:TrackPointExtension>
        </extensions>
      </trkpt>
      <trkpt lat="38.7211507000029087066650390625" lon="112.75212890468537807464599609375">
        <ele>804.20001220703125</ele>
        <time>2026-08-28T03:07:44.000Z</time>
        <extensions>
          <ns3:TrackPointExtension>
            <ns3:hr>140</ns3:hr>
            <ns3:cad>92</ns3:cad>
          </ns3:TrackPointExtension>
        </extensions>
      </trkpt>
      <trkpt lat="38.72114458121359348297119140625" lon="112.7521543018519878387451171875">
        <ele>804.20001220703125</ele>
        <time>2026-08-28T03:07:45.000Z</time>
        <extensions>
          <ns3:TrackPointExtension>
            <ns3:hr>140</ns3:hr>
            <ns3:cad>92</ns3:cad>
          </ns3:TrackPointExtension>
        </extensions>
      </trkpt>
      <trkpt lat="38.72113552875816822052001953125" lon="112.75218523107469081878662109375">
        <ele>804.4000244140625</ele>
        <time>2026-08-28T03:07:46.000Z</time>
        <extensions>
          <ns3:TrackPointExtension>
            <ns3:hr>139</ns3:hr>
            <ns3:cad>92</ns3:cad>
          </ns3:TrackPointExtension>
        </extensions>
      </trkpt>
      <trkpt lat="38.721133433282375335693359375" lon="112.7522119693458080291748046875">
        <ele>804.4000244140625</ele>
        <time>2026-08-28T03:07:47.000Z</time>
        <extensions>
          <ns3:TrackPointExtension>
            <ns3:hr>140</ns3:hr>
            <ns3:cad>92</ns3:cad>
          </ns3:TrackPointExtension>
        </extensions>
      </trkpt>
      <trkpt lat="38.72112848795950412750244140625" lon="112.75223971344530582427978515625">
        <ele>804.20001220703125</ele>
        <time>2026-08-28T03:07:48.000Z</time>
        <extensions>
          <ns3:TrackPointExtension>
            <ns3:hr>140</ns3:hr>
            <ns3:cad>92</ns3:cad>
          </ns3:TrackPointExtension>
        </extensions>
      </trkpt>
      <trkpt lat="38.72112597338855266571044921875" lon="112.75226217694580554962158203125">
        <ele>804.20001220703125</ele>
        <time>2026-08-28T03:07:49.000Z</time>
        <extensions>
          <ns3:TrackPointExtension>
            <ns3:hr>140</ns3:hr>
            <ns3:cad>92</ns3:cad>
          </ns3:TrackPointExtension>
        </extensions>
      </trkpt>
      <trkpt lat="38.72111340053379535675048828125" lon="112.752297632396221160888671875">
        <ele>804.20001220703125</ele>
        <time>2026-08-28T03:07:50.000Z</time>
        <extensions>
          <ns3:TrackPointExtension>
            <ns3:hr>139</ns3:hr>
            <ns3:cad>92</ns3:cad>
          </ns3:TrackPointExtension>
        </extensions>
      </trkpt>
      <trkpt lat="38.72111038304865360260009765625" lon="112.75232118554413318634033203125">
        <ele>804.20001220703125</ele>
        <time>2026-08-28T03:07:51.000Z</time>
        <extensions>
          <ns3:TrackPointExtension>
            <ns3:hr>140</ns3:hr>
            <ns3:cad>91</ns3:cad>
          </ns3:TrackPointExtension>
        </extensions>
      </trkpt>
      <trkpt lat="38.7210975587368011474609375" lon="112.75235454551875591278076171875">
        <ele>804.20001220703125</ele>
        <time>2026-08-28T03:07:52.000Z</time>
        <extensions>
          <ns3:TrackPointExtension>
            <ns3:hr>141</ns3:hr>
            <ns3:cad>91</ns3:cad>
          </ns3:TrackPointExtension>
        </extensions>
      </trkpt>
      <trkpt lat="38.721095882356166839599609375" lon="112.75237734429538249969482421875">
        <ele>804.20001220703125</ele>
        <time>2026-08-28T03:07:53.000Z</time>
        <extensions>
          <ns3:TrackPointExtension>
            <ns3:hr>142</ns3:hr>
            <ns3:cad>92</ns3:cad>
          </ns3:TrackPointExtension>
        </extensions>
      </trkpt>
      <trkpt lat="38.7210849858820438385009765625" lon="112.75241036899387836456298828125">
        <ele>804.20001220703125</ele>
        <time>2026-08-28T03:07:54.000Z</time>
        <extensions>
          <ns3:TrackPointExtension>
            <ns3:hr>142</ns3:hr>
            <ns3:cad>92</ns3:cad>
          </ns3:TrackPointExtension>
        </extensions>
      </trkpt>
      <trkpt lat="38.72108523733913898468017578125" lon="112.75243685580790042877197265625">
        <ele>804.20001220703125</ele>
        <time>2026-08-28T03:07:55.000Z</time>
        <extensions>
          <ns3:TrackPointExtension>
            <ns3:hr>142</ns3:hr>
            <ns3:cad>92</ns3:cad>
          </ns3:TrackPointExtension>
        </extensions>
      </trkpt>
      <trkpt lat="38.72107316739857196807861328125" lon="112.75246652774512767791748046875">
        <ele>804.20001220703125</ele>
        <time>2026-08-28T03:07:56.000Z</time>
        <extensions>
          <ns3:TrackPointExtension>
            <ns3:hr>142</ns3:hr>
            <ns3:cad>92</ns3:cad>
          </ns3:TrackPointExtension>
        </extensions>
      </trkpt>
      <trkpt lat="38.72107031755149364471435546875" lon="112.752494104206562042236328125">
        <ele>804.20001220703125</ele>
        <time>2026-08-28T03:07:57.000Z</time>
        <extensions>
          <ns3:TrackPointExtension>
            <ns3:hr>143</ns3:hr>
            <ns3:cad>92</ns3:cad>
          </ns3:TrackPointExtension>
        </extensions>
      </trkpt>
      <trkpt lat="38.72106025926768779754638671875" lon="112.75252486579120159149169921875">
        <ele>804.20001220703125</ele>
        <time>2026-08-28T03:07:58.000Z</time>
        <extensions>
          <ns3:TrackPointExtension>
            <ns3:hr>143</ns3:hr>
            <ns3:cad>92</ns3:cad>
          </ns3:TrackPointExtension>
        </extensions>
      </trkpt>
      <trkpt lat="38.72105724178254604339599609375" lon="112.7525552920997142791748046875">
        <ele>804.20001220703125</ele>
        <time>2026-08-28T03:07:59.000Z</time>
        <extensions>
          <ns3:TrackPointExtension>
            <ns3:hr>143</ns3:hr>
            <ns3:cad>92</ns3:cad>
          </ns3:TrackPointExtension>
        </extensions>
      </trkpt>
      <trkpt lat="38.72104567475616931915283203125" lon="112.75258236564695835113525390625">
        <ele>804.20001220703125</ele>
        <time>2026-08-28T03:08:00.000Z</time>
        <extensions>
          <ns3:TrackPointExtension>
            <ns3:hr>143</ns3:hr>
            <ns3:cad>91</ns3:cad>
          </ns3:TrackPointExtension>
        </extensions>
      </trkpt>
      <trkpt lat="38.72103863395750522613525390625" lon="112.75261371396481990814208984375">
        <ele>804.20001220703125</ele>
        <time>2026-08-28T03:08:01.000Z</time>
        <extensions>
          <ns3:TrackPointExtension>
            <ns3:hr>143</ns3:hr>
            <ns3:cad>91</ns3:cad>
          </ns3:TrackPointExtension>
        </extensions>
      </trkpt>
      <trkpt lat="38.72103025205433368682861328125" lon="112.75264070369303226470947265625">
        <ele>804.20001220703125</ele>
        <time>2026-08-28T03:08:02.000Z</time>
        <extensions>
          <ns3:TrackPointExtension>
            <ns3:hr>143</ns3:hr>
            <ns3:cad>91</ns3:cad>
          </ns3:TrackPointExtension>
        </extensions>
      </trkpt>
      <trkpt lat="38.72102052904665470123291015625" lon="112.7526748180389404296875">
        <ele>804.20001220703125</ele>
        <time>2026-08-28T03:08:03.000Z</time>
        <extensions>
          <ns3:TrackPointExtension>
            <ns3:hr>143</ns3:hr>
            <ns3:cad>93</ns3:cad>
          </ns3:TrackPointExtension>
        </extensions>
      </trkpt>
      <trkpt lat="38.72101508080959320068359375" lon="112.75269887410104274749755859375">
        <ele>804.20001220703125</ele>
        <time>2026-08-28T03:08:04.000Z</time>
        <extensions>
          <ns3:TrackPointExtension>
            <ns3:hr>143</ns3:hr>
            <ns3:cad>93</ns3:cad>
          </ns3:TrackPointExtension>
        </extensions>
      </trkpt>
      <trkpt lat="38.7210061959922313690185546875" lon="112.75273491628468036651611328125">
        <ele>804.20001220703125</ele>
        <time>2026-08-28T03:08:05.000Z</time>
        <extensions>
          <ns3:TrackPointExtension>
            <ns3:hr>143</ns3:hr>
            <ns3:cad>93</ns3:cad>
          </ns3:TrackPointExtension>
        </extensions>
      </trkpt>
      <trkpt lat="38.721000663936138153076171875" lon="112.75275939144194126129150390625">
        <ele>804</ele>
        <time>2026-08-28T03:08:06.000Z</time>
        <extensions>
          <ns3:TrackPointExtension>
            <ns3:hr>143</ns3:hr>
            <ns3:cad>92</ns3:cad>
          </ns3:TrackPointExtension>
        </extensions>
      </trkpt>
      <trkpt lat="38.72099303640425205230712890625" lon="112.7527943439781665802001953125">
        <ele>804</ele>
        <time>2026-08-28T03:08:07.000Z</time>
        <extensions>
          <ns3:TrackPointExtension>
            <ns3:hr>142</ns3:hr>
            <ns3:cad>92</ns3:cad>
          </ns3:TrackPointExtension>
        </extensions>
      </trkpt>
      <trkpt lat="38.72098867781460285186767578125" lon="112.7528183162212371826171875">
        <ele>804</ele>
        <time>2026-08-28T03:08:08.000Z</time>
        <extensions>
          <ns3:TrackPointExtension>
            <ns3:hr>142</ns3:hr>
            <ns3:cad>92</ns3:cad>
          </ns3:TrackPointExtension>
        </extensions>
      </trkpt>
      <trkpt lat="38.72097509913146495819091796875" lon="112.7528543584048748016357421875">
        <ele>804</ele>
        <time>2026-08-28T03:08:09.000Z</time>
        <extensions>
          <ns3:TrackPointExtension>
            <ns3:hr>143</ns3:hr>
            <ns3:cad>92</ns3:cad>
          </ns3:TrackPointExtension>
        </extensions>
      </trkpt>
      <trkpt lat="38.72096587903797626495361328125" lon="112.752879001200199127197265625">
        <ele>804</ele>
        <time>2026-08-28T03:08:10.000Z</time>
        <extensions>
          <ns3:TrackPointExtension>
            <ns3:hr>143</ns3:hr>
            <ns3:cad>92</ns3:cad>
          </ns3:TrackPointExtension>
        </extensions>
      </trkpt>
      <trkpt lat="38.72095867060124874114990234375" lon="112.7529160492122173309326171875">
        <ele>804</ele>
        <time>2026-08-28T03:08:11.000Z</time>
        <extensions>
          <ns3:TrackPointExtension>
            <ns3:hr>142</ns3:hr>
            <ns3:cad>92</ns3:cad>
          </ns3:TrackPointExtension>
        </extensions>
      </trkpt>
      <trkpt lat="38.72095548547804355621337890625" lon="112.7529425360262393951416015625">
        <ele>804</ele>
        <time>2026-08-28T03:08:12.000Z</time>
        <extensions>
          <ns3:TrackPointExtension>
            <ns3:hr>142</ns3:hr>
            <ns3:cad>92</ns3:cad>
          </ns3:TrackPointExtension>
        </extensions>
      </trkpt>
      <trkpt lat="38.72095146216452121734619140625" lon="112.75297866202890872955322265625">
        <ele>804</ele>
        <time>2026-08-28T03:08:13.000Z</time>
        <extensions>
          <ns3:TrackPointExtension>
            <ns3:hr>142</ns3:hr>
            <ns3:cad>92</ns3:cad>
          </ns3:TrackPointExtension>
        </extensions>
      </trkpt>
      <trkpt lat="38.72094978578388690948486328125" lon="112.75300397537648677825927734375">
        <ele>804</ele>
        <time>2026-08-28T03:08:14.000Z</time>
        <extensions>
          <ns3:TrackPointExtension>
            <ns3:hr>142</ns3:hr>
            <ns3:cad>89</ns3:cad>
          </ns3:TrackPointExtension>
        </extensions>
      </trkpt>
      <trkpt lat="38.72094341553747653961181640625" lon="112.75303934700787067413330078125">
        <ele>804</ele>
        <time>2026-08-28T03:08:15.000Z</time>
        <extensions>
          <ns3:TrackPointExtension>
            <ns3:hr>142</ns3:hr>
            <ns3:cad>89</ns3:cad>
          </ns3:TrackPointExtension>
        </extensions>
      </trkpt>
      <trkpt lat="38.7209374643862247467041015625" lon="112.7530639059841632843017578125">
        <ele>804</ele>
        <time>2026-08-28T03:08:16.000Z</time>
        <extensions>
          <ns3:TrackPointExtension>
            <ns3:hr>141</ns3:hr>
            <ns3:cad>89</ns3:cad>
          </ns3:TrackPointExtension>
        </extensions>
      </trkpt>
      <trkpt lat="38.72093033976852893829345703125" lon="112.75309718213975429534912109375">
        <ele>804</ele>
        <time>2026-08-28T03:08:17.000Z</time>
        <extensions>
          <ns3:TrackPointExtension>
            <ns3:hr>141</ns3:hr>
            <ns3:cad>89</ns3:cad>
          </ns3:TrackPointExtension>
        </extensions>
      </trkpt>
      <trkpt lat="38.72092782519757747650146484375" lon="112.75311947800219058990478515625">
        <ele>804</ele>
        <time>2026-08-28T03:08:18.000Z</time>
        <extensions>
          <ns3:TrackPointExtension>
            <ns3:hr>141</ns3:hr>
            <ns3:cad>90</ns3:cad>
          </ns3:TrackPointExtension>
        </extensions>
      </trkpt>
      <trkpt lat="38.72091676108539104461669921875" lon="112.753149569034576416015625">
        <ele>804</ele>
        <time>2026-08-28T03:08:19.000Z</time>
        <extensions>
          <ns3:TrackPointExtension>
            <ns3:hr>141</ns3:hr>
            <ns3:cad>90</ns3:cad>
          </ns3:TrackPointExtension>
        </extensions>
      </trkpt>
      <trkpt lat="38.72091307304799556732177734375" lon="112.753170691430568695068359375">
        <ele>804</ele>
        <time>2026-08-28T03:08:20.000Z</time>
        <extensions>
          <ns3:TrackPointExtension>
            <ns3:hr>142</ns3:hr>
            <ns3:cad>90</ns3:cad>
          </ns3:TrackPointExtension>
        </extensions>
      </trkpt>
      <trkpt lat="38.7209019251167774200439453125" lon="112.7532040514051914215087890625">
        <ele>804</ele>
        <time>2026-08-28T03:08:21.000Z</time>
        <extensions>
          <ns3:TrackPointExtension>
            <ns3:hr>142</ns3:hr>
            <ns3:cad>90</ns3:cad>
          </ns3:TrackPointExtension>
        </extensions>
      </trkpt>
      <trkpt lat="38.72089614160358905792236328125" lon="112.7532248385250568389892578125">
        <ele>804</ele>
        <time>2026-08-28T03:08:22.000Z</time>
        <extensions>
          <ns3:TrackPointExtension>
            <ns3:hr>142</ns3:hr>
            <ns3:cad>90</ns3:cad>
          </ns3:TrackPointExtension>
        </extensions>
      </trkpt>
      <trkpt lat="38.7208764441311359405517578125" lon="112.75325442664325237274169921875">
        <ele>804</ele>
        <time>2026-08-28T03:08:23.000Z</time>
        <extensions>
          <ns3:TrackPointExtension>
            <ns3:hr>142</ns3:hr>
            <ns3:cad>90</ns3:cad>
          </ns3:TrackPointExtension>
        </extensions>
      </trkpt>
      <trkpt lat="38.7208714149892330169677734375" lon="112.75328166782855987548828125">
        <ele>804</ele>
        <time>2026-08-28T03:08:24.000Z</time>
        <extensions>
          <ns3:TrackPointExtension>
            <ns3:hr>142</ns3:hr>
            <ns3:cad>92</ns3:cad>
          </ns3:TrackPointExtension>
        </extensions>
      </trkpt>
      <trkpt lat="38.7208586744964122772216796875" lon="112.75331444106996059417724609375">
        <ele>803.79998779296875</ele>
        <time>2026-08-28T03:08:25.000Z</time>
        <extensions>
          <ns3:TrackPointExtension>
            <ns3:hr>141</ns3:hr>
            <ns3:cad>92</ns3:cad>
          </ns3:TrackPointExtension>
        </extensions>
      </trkpt>
      <trkpt lat="38.7208576686680316925048828125" lon="112.75333690457046031951904296875">
        <ele>803.79998779296875</ele>
        <time>2026-08-28T03:08:26.000Z</time>
        <extensions>
          <ns3:TrackPointExtension>
            <ns3:hr>141</ns3:hr>
            <ns3:cad>92</ns3:cad>
          </ns3:TrackPointExtension>
        </extensions>
      </trkpt>
      <trkpt lat="38.72084115631878376007080078125" lon="112.753369510173797607421875">
        <ele>803.79998779296875</ele>
        <time>2026-08-28T03:08:27.000Z</time>
        <extensions>
          <ns3:TrackPointExtension>
            <ns3:hr>141</ns3:hr>
            <ns3:cad>92</ns3:cad>
          </ns3:TrackPointExtension>
        </extensions>
      </trkpt>
      <trkpt lat="38.72083595953881740570068359375" lon="112.75339641608297824859619140625">
        <ele>803.79998779296875</ele>
        <time>2026-08-28T03:08:28.000Z</time>
        <extensions>
          <ns3:TrackPointExtension>
            <ns3:hr>141</ns3:hr>
            <ns3:cad>92</ns3:cad>
          </ns3:TrackPointExtension>
        </extensions>
      </trkpt>
      <trkpt lat="38.72082330286502838134765625" lon="112.75342726148664951324462890625">
        <ele>803.79998779296875</ele>
        <time>2026-08-28T03:08:29.000Z</time>
        <extensions>
          <ns3:TrackPointExtension>
            <ns3:hr>141</ns3:hr>
            <ns3:cad>91</ns3:cad>
          </ns3:TrackPointExtension>
        </extensions>
      </trkpt>
      <trkpt lat="38.720817603170871734619140625" lon="112.75345559231936931610107421875">
        <ele>803.79998779296875</ele>
        <time>2026-08-28T03:08:30.000Z</time>
        <extensions>
          <ns3:TrackPointExtension>
            <ns3:hr>142</ns3:hr>
            <ns3:cad>91</ns3:cad>
          </ns3:TrackPointExtension>
        </extensions>
      </trkpt>
      <trkpt lat="38.720805533230304718017578125" lon="112.75348417460918426513671875">
        <ele>803.79998779296875</ele>
        <time>2026-08-28T03:08:31.000Z</time>
        <extensions>
          <ns3:TrackPointExtension>
            <ns3:hr>143</ns3:hr>
            <ns3:cad>91</ns3:cad>
          </ns3:TrackPointExtension>
        </extensions>
      </trkpt>
      <trkpt lat="38.72080327011644840240478515625" lon="112.75351367890834808349609375">
        <ele>803.79998779296875</ele>
        <time>2026-08-28T03:08:32.000Z</time>
        <extensions>
          <ns3:TrackPointExtension>
            <ns3:hr>144</ns3:hr>
            <ns3:cad>92</ns3:cad>
          </ns3:TrackPointExtension>
        </extensions>
      </trkpt>
      <trkpt lat="38.720795474946498870849609375" lon="112.7535416744649410247802734375">
        <ele>803.79998779296875</ele>
        <time>2026-08-28T03:08:33.000Z</time>
        <extensions>
          <ns3:TrackPointExtension>
            <ns3:hr>144</ns3:hr>
            <ns3:cad>92</ns3:cad>
          </ns3:TrackPointExtension>
        </extensions>
      </trkpt>
      <trkpt lat="38.7207906134426593780517578125" lon="112.7535711787641048431396484375">
        <ele>803.79998779296875</ele>
        <time>2026-08-28T03:08:34.000Z</time>
        <extensions>
          <ns3:TrackPointExtension>
            <ns3:hr>144</ns3:hr>
            <ns3:cad>92</ns3:cad>
          </ns3:TrackPointExtension>
        </extensions>
      </trkpt>
      <trkpt lat="38.72078348882496356964111328125" lon="112.75360076688230037689208984375">
        <ele>803.79998779296875</ele>
        <time>2026-08-28T03:08:35.000Z</time>
        <extensions>
          <ns3:TrackPointExtension>
            <ns3:hr>145</ns3:hr>
            <ns3:cad>91</ns3:cad>
          </ns3:TrackPointExtension>
        </extensions>
      </trkpt>
      <trkpt lat="38.72077628038823604583740234375" lon="112.753632031381130218505859375">
        <ele>803.5999755859375</ele>
        <time>2026-08-28T03:08:36.000Z</time>
        <extensions>
          <ns3:TrackPointExtension>
            <ns3:hr>144</ns3:hr>
            <ns3:cad>91</ns3:cad>
          </ns3:TrackPointExtension>
        </extensions>
      </trkpt>
      <trkpt lat="38.72077141888439655303955078125" lon="112.75365876965224742889404296875">
        <ele>803.5999755859375</ele>
        <time>2026-08-28T03:08:37.000Z</time>
        <extensions>
          <ns3:TrackPointExtension>
            <ns3:hr>145</ns3:hr>
            <ns3:cad>92</ns3:cad>
          </ns3:TrackPointExtension>
        </extensions>
      </trkpt>
      <trkpt lat="38.7207641266286373138427734375" lon="112.753690369427204132080078125">
        <ele>803.5999755859375</ele>
        <time>2026-08-28T03:08:38.000Z</time>
        <extensions>
          <ns3:TrackPointExtension>
            <ns3:hr>145</ns3:hr>
            <ns3:cad>92</ns3:cad>
          </ns3:TrackPointExtension>
        </extensions>
      </trkpt>
      <trkpt lat="38.72075834311544895172119140625" lon="112.75372020900249481201171875">
        <ele>803.5999755859375</ele>
        <time>2026-08-28T03:08:39.000Z</time>
        <extensions>
          <ns3:TrackPointExtension>
            <ns3:hr>145</ns3:hr>
            <ns3:cad>92</ns3:cad>
          </ns3:TrackPointExtension>
        </extensions>
      </trkpt>
      <trkpt lat="38.72075331397354602813720703125" lon="112.75375239551067352294921875">
        <ele>803.5999755859375</ele>
        <time>2026-08-28T03:08:40.000Z</time>
        <extensions>
          <ns3:TrackPointExtension>
            <ns3:hr>145</ns3:hr>
            <ns3:cad>92</ns3:cad>
          </ns3:TrackPointExtension>
        </extensions>
      </trkpt>
      <trkpt lat="38.72075046412646770477294921875" lon="112.75377645157277584075927734375">
        <ele>803.5999755859375</ele>
        <time>2026-08-28T03:08:41.000Z</time>
        <extensions>
          <ns3:TrackPointExtension>
            <ns3:hr>145</ns3:hr>
            <ns3:cad>91</ns3:cad>
          </ns3:TrackPointExtension>
        </extensions>
      </trkpt>
      <trkpt lat="38.7207450158894062042236328125" lon="112.75380629114806652069091796875">
        <ele>803.5999755859375</ele>
        <time>2026-08-28T03:08:42.000Z</time>
        <extensions>
          <ns3:TrackPointExtension>
            <ns3:hr>145</ns3:hr>
            <ns3:cad>91</ns3:cad>
          </ns3:TrackPointExtension>
        </extensions>
      </trkpt>
      <trkpt lat="38.720742501318454742431640625" lon="112.7538303472101688385009765625">
        <ele>803.5999755859375</ele>
        <time>2026-08-28T03:08:43.000Z</time>
        <extensions>
          <ns3:TrackPointExtension>
            <ns3:hr>145</ns3:hr>
            <ns3:cad>92</ns3:cad>
          </ns3:TrackPointExtension>
        </extensions>
      </trkpt>
      <trkpt lat="38.72073554433882236480712890625" lon="112.75386379100382328033447265625">
        <ele>803.5999755859375</ele>
        <time>2026-08-28T03:08:44.000Z</time>
        <extensions>
          <ns3:TrackPointExtension>
            <ns3:hr>145</ns3:hr>
            <ns3:cad>92</ns3:cad>
          </ns3:TrackPointExtension>
        </extensions>
      </trkpt>
      <trkpt lat="38.72073604725301265716552734375" lon="112.75388793088495731353759765625">
        <ele>803.5999755859375</ele>
        <time>2026-08-28T03:08:45.000Z</time>
        <extensions>
          <ns3:TrackPointExtension>
            <ns3:hr>144</ns3:hr>
            <ns3:cad>91</ns3:cad>
          </ns3:TrackPointExtension>
        </extensions>
      </trkpt>
      <trkpt lat="38.72072850354015827178955078125" lon="112.75392078794538974761962890625">
        <ele>803.5999755859375</ele>
        <time>2026-08-28T03:08:46.000Z</time>
        <extensions>
          <ns3:TrackPointExtension>
            <ns3:hr>143</ns3:hr>
            <ns3:cad>91</ns3:cad>
          </ns3:TrackPointExtension>
        </extensions>
      </trkpt>
      <trkpt lat="38.72072406113147735595703125" lon="112.75394643656909465789794921875">
        <ele>803.5999755859375</ele>
        <time>2026-08-28T03:08:47.000Z</time>
        <extensions>
          <ns3:TrackPointExtension>
            <ns3:hr>142</ns3:hr>
            <ns3:cad>91</ns3:cad>
          </ns3:TrackPointExtension>
        </extensions>
      </trkpt>
      <trkpt lat="38.7207145057618618011474609375" lon="112.75398172438144683837890625">
        <ele>803.5999755859375</ele>
        <time>2026-08-28T03:08:48.000Z</time>
        <extensions>
          <ns3:TrackPointExtension>
            <ns3:hr>141</ns3:hr>
            <ns3:cad>91</ns3:cad>
          </ns3:TrackPointExtension>
        </extensions>
      </trkpt>
      <trkpt lat="38.7207081355154514312744140625" lon="112.75400695390999317169189453125">
        <ele>803.5999755859375</ele>
        <time>2026-08-28T03:08:49.000Z</time>
        <extensions>
          <ns3:TrackPointExtension>
            <ns3:hr>141</ns3:hr>
            <ns3:cad>91</ns3:cad>
          </ns3:TrackPointExtension>
        </extensions>
      </trkpt>
      <trkpt lat="38.72069631703197956085205078125" lon="112.7540395595133304595947265625">
        <ele>803.4000244140625</ele>
        <time>2026-08-28T03:08:50.000Z</time>
        <extensions>
          <ns3:TrackPointExtension>
            <ns3:hr>140</ns3:hr>
            <ns3:cad>91</ns3:cad>
          </ns3:TrackPointExtension>
        </extensions>
      </trkpt>
      <trkpt lat="38.7206933833658695220947265625" lon="112.75406487286090850830078125">
        <ele>803.4000244140625</ele>
        <time>2026-08-28T03:08:51.000Z</time>
        <extensions>
          <ns3:TrackPointExtension>
            <ns3:hr>140</ns3:hr>
            <ns3:cad>91</ns3:cad>
          </ns3:TrackPointExtension>
        </extensions>
      </trkpt>
      <trkpt lat="38.72068424709141254425048828125" lon="112.7540968917310237884521484375">
        <ele>803.4000244140625</ele>
        <time>2026-08-28T03:08:52.000Z</time>
        <extensions>
          <ns3:TrackPointExtension>
            <ns3:hr>139</ns3:hr>
            <ns3:cad>90</ns3:cad>
          </ns3:TrackPointExtension>
        </extensions>
      </trkpt>
      <trkpt lat="38.72068089433014392852783203125" lon="112.754119522869586944580078125">
        <ele>803.4000244140625</ele>
        <time>2026-08-28T03:08:53.000Z</time>
        <extensions>
          <ns3:TrackPointExtension>
            <ns3:hr>139</ns3:hr>
            <ns3:cad>90</ns3:cad>
          </ns3:TrackPointExtension>
        </extensions>
      </trkpt>
      <trkpt lat="38.72066798619925975799560546875" lon="112.75414944626390933990478515625">
        <ele>803.4000244140625</ele>
        <time>2026-08-28T03:08:54.000Z</time>
        <extensions>
          <ns3:TrackPointExtension>
            <ns3:hr>138</ns3:hr>
            <ns3:cad>90</ns3:cad>
          </ns3:TrackPointExtension>
        </extensions>
      </trkpt>
      <trkpt lat="38.72066371142864227294921875" lon="112.75417425669729709625244140625">
        <ele>803.4000244140625</ele>
        <time>2026-08-28T03:08:55.000Z</time>
        <extensions>
          <ns3:TrackPointExtension>
            <ns3:hr>138</ns3:hr>
            <ns3:cad>90</ns3:cad>
          </ns3:TrackPointExtension>
        </extensions>
      </trkpt>
      <trkpt lat="38.72065373696386814117431640625" lon="112.75420476682484149932861328125">
        <ele>803.4000244140625</ele>
        <time>2026-08-28T03:08:56.000Z</time>
        <extensions>
          <ns3:TrackPointExtension>
            <ns3:hr>138</ns3:hr>
            <ns3:cad>90</ns3:cad>
          </ns3:TrackPointExtension>
        </extensions>
      </trkpt>
      <trkpt lat="38.72065139003098011016845703125" lon="112.75423259474337100982666015625">
        <ele>803.5999755859375</ele>
        <time>2026-08-28T03:08:57.000Z</time>
        <extensions>
          <ns3:TrackPointExtension>
            <ns3:hr>139</ns3:hr>
            <ns3:cad>91</ns3:cad>
          </ns3:TrackPointExtension>
        </extensions>
      </trkpt>
      <trkpt lat="38.72064585797488689422607421875" lon="112.7542578242719173431396484375">
        <ele>803.5999755859375</ele>
        <time>2026-08-28T03:08:58.000Z</time>
        <extensions>
          <ns3:TrackPointExtension>
            <ns3:hr>138</ns3:hr>
            <ns3:cad>93</ns3:cad>
          </ns3:TrackPointExtension>
        </extensions>
      </trkpt>
      <trkpt lat="38.720636554062366485595703125" lon="112.75428506545722484588623046875">
        <ele>803.5999755859375</ele>
        <time>2026-08-28T03:08:59.000Z</time>
        <extensions>
          <ns3:TrackPointExtension>
            <ns3:hr>139</ns3:hr>
            <ns3:cad>93</ns3:cad>
          </ns3:TrackPointExtension>
        </extensions>
      </trkpt>
      <trkpt lat="38.720629848539829254150390625" lon="112.75430920533835887908935546875">
        <ele>803.5999755859375</ele>
        <time>2026-08-28T03:09:00.000Z</time>
        <extensions>
          <ns3:TrackPointExtension>
            <ns3:hr>139</ns3:hr>
            <ns3:cad>92</ns3:cad>
          </ns3:TrackPointExtension>
        </extensions>
      </trkpt>
      <trkpt lat="38.7206186167895793914794921875" lon="112.75434105657041072845458984375">
        <ele>803.5999755859375</ele>
        <time>2026-08-28T03:09:01.000Z</time>
        <extensions>
          <ns3:TrackPointExtension>
            <ns3:hr>139</ns3:hr>
            <ns3:cad>92</ns3:cad>
          </ns3:TrackPointExtension>
        </extensions>
      </trkpt>
      <trkpt lat="38.720611073076725006103515625" lon="112.7543671242892742156982421875">
        <ele>803.4000244140625</ele>
        <time>2026-08-28T03:09:02.000Z</time>
        <extensions>
          <ns3:TrackPointExtension>
            <ns3:hr>140</ns3:hr>
            <ns3:cad>92</ns3:cad>
          </ns3:TrackPointExtension>
        </extensions>
      </trkpt>
      <trkpt lat="38.7206045351922512054443359375" lon="112.7544050104916095733642578125">
        <ele>803.20001220703125</ele>
        <time>2026-08-28T03:09:03.000Z</time>
        <extensions>
          <ns3:TrackPointExtension>
            <ns3:hr>140</ns3:hr>
            <ns3:cad>92</ns3:cad>
          </ns3:TrackPointExtension>
        </extensions>
      </trkpt>
      <trkpt lat="38.720601685345172882080078125" lon="112.754428647458553314208984375">
        <ele>803.20001220703125</ele>
        <time>2026-08-28T03:09:04.000Z</time>
        <extensions>
          <ns3:TrackPointExtension>
            <ns3:hr>139</ns3:hr>
            <ns3:cad>92</ns3:cad>
          </ns3:TrackPointExtension>
        </extensions>
      </trkpt>
      <trkpt lat="38.72059573419392108917236328125" lon="112.7544620074331760406494140625">
        <ele>803</ele>
        <time>2026-08-28T03:09:05.000Z</time>
        <extensions>
          <ns3:TrackPointExtension>
            <ns3:hr>139</ns3:hr>
            <ns3:cad>92</ns3:cad>
          </ns3:TrackPointExtension>
        </extensions>
      </trkpt>
      <trkpt lat="38.72059665620326995849609375" lon="112.75448639877140522003173828125">
        <ele>803</ele>
        <time>2026-08-28T03:09:06.000Z</time>
        <extensions>
          <ns3:TrackPointExtension>
            <ns3:hr>139</ns3:hr>
            <ns3:cad>92</ns3:cad>
          </ns3:TrackPointExtension>
        </extensions>
      </trkpt>
      <trkpt lat="38.72059397399425506591796875" lon="112.754522860050201416015625">
        <ele>803</ele>
        <time>2026-08-28T03:09:07.000Z</time>
        <extensions>
          <ns3:TrackPointExtension>
            <ns3:hr>139</ns3:hr>
            <ns3:cad>92</ns3:cad>
          </ns3:TrackPointExtension>
        </extensions>
      </trkpt>
      <trkpt lat="38.7205961532890796661376953125" lon="112.75454859249293804168701171875">
        <ele>803</ele>
        <time>2026-08-28T03:09:08.000Z</time>
        <extensions>
          <ns3:TrackPointExtension>
            <ns3:hr>139</ns3:hr>
            <ns3:cad>90</ns3:cad>
          </ns3:TrackPointExtension>
        </extensions>
      </trkpt>
      <trkpt lat="38.720597662031650543212890625" lon="112.75458178482949733734130859375">
        <ele>803</ele>
        <time>2026-08-28T03:09:09.000Z</time>
        <extensions>
          <ns3:TrackPointExtension>
            <ns3:hr>140</ns3:hr>
            <ns3:cad>90</ns3:cad>
          </ns3:TrackPointExtension>
        </extensions>
      </trkpt>
      <trkpt lat="38.7205974943935871124267578125" lon="112.754606343805789947509765625">
        <ele>803</ele>
        <time>2026-08-28T03:09:10.000Z</time>
        <extensions>
          <ns3:TrackPointExtension>
            <ns3:hr>142</ns3:hr>
            <ns3:cad>90</ns3:cad>
          </ns3:TrackPointExtension>
        </extensions>
      </trkpt>
      <trkpt lat="38.72058785520493984222412109375" lon="112.7546413801610469818115234375">
        <ele>803</ele>
        <time>2026-08-28T03:09:11.000Z</time>
        <extensions>
          <ns3:TrackPointExtension>
            <ns3:hr>143</ns3:hr>
            <ns3:cad>91</ns3:cad>
          </ns3:TrackPointExtension>
        </extensions>
      </trkpt>
      <trkpt lat="38.72058182023465633392333984375" lon="112.75466543622314929962158203125">
        <ele>803</ele>
        <time>2026-08-28T03:09:12.000Z</time>
        <extensions>
          <ns3:TrackPointExtension>
            <ns3:hr>144</ns3:hr>
            <ns3:cad>91</ns3:cad>
          </ns3:TrackPointExtension>
        </extensions>
      </trkpt>
      <trkpt lat="38.72056723572313785552978515625" lon="112.7546973712742328643798828125">
        <ele>803</ele>
        <time>2026-08-28T03:09:13.000Z</time>
        <extensions>
          <ns3:TrackPointExtension>
            <ns3:hr>144</ns3:hr>
            <ns3:cad>90</ns3:cad>
          </ns3:TrackPointExtension>
        </extensions>
      </trkpt>
      <trkpt lat="38.72056446969509124755859375" lon="112.7547201700508594512939453125">
        <ele>803</ele>
        <time>2026-08-28T03:09:14.000Z</time>
        <extensions>
          <ns3:TrackPointExtension>
            <ns3:hr>145</ns3:hr>
            <ns3:cad>90</ns3:cad>
          </ns3:TrackPointExtension>
        </extensions>
      </trkpt>
      <trkpt lat="38.7205515615642070770263671875" lon="112.75475361384451389312744140625">
        <ele>803</ele>
        <time>2026-08-28T03:09:15.000Z</time>
        <extensions>
          <ns3:TrackPointExtension>
            <ns3:hr>145</ns3:hr>
            <ns3:cad>90</ns3:cad>
          </ns3:TrackPointExtension>
        </extensions>
      </trkpt>
      <trkpt lat="38.72054837644100189208984375" lon="112.75477708317339420318603515625">
        <ele>803.20001220703125</ele>
        <time>2026-08-28T03:09:16.000Z</time>
        <extensions>
          <ns3:TrackPointExtension>
            <ns3:hr>145</ns3:hr>
            <ns3:cad>91</ns3:cad>
          </ns3:TrackPointExtension>
        </extensions>
      </trkpt>
      <trkpt lat="38.720535971224308013916015625" lon="112.75480558164417743682861328125">
        <ele>803</ele>
        <time>2026-08-28T03:09:17.000Z</time>
        <extensions>
          <ns3:TrackPointExtension>
            <ns3:hr>145</ns3:hr>
            <ns3:cad>91</ns3:cad>
          </ns3:TrackPointExtension>
        </extensions>
      </trkpt>
      <trkpt lat="38.72053337283432483673095703125" lon="112.754828967154026031494140625">
        <ele>803.20001220703125</ele>
        <time>2026-08-28T03:09:18.000Z</time>
        <extensions>
          <ns3:TrackPointExtension>
            <ns3:hr>145</ns3:hr>
            <ns3:cad>92</ns3:cad>
          </ns3:TrackPointExtension>
        </extensions>
      </trkpt>
      <trkpt lat="38.72052021324634552001953125" lon="112.75485972873866558074951171875">
        <ele>803.20001220703125</ele>
        <time>2026-08-28T03:09:19.000Z</time>
        <extensions>
          <ns3:TrackPointExtension>
            <ns3:hr>145</ns3:hr>
            <ns3:cad>92</ns3:cad>
          </ns3:TrackPointExtension>
        </extensions>
      </trkpt>
      <trkpt lat="38.720519542694091796875" lon="112.75488453917205333709716796875">
        <ele>803.20001220703125</ele>
        <time>2026-08-28T03:09:20.000Z</time>
        <extensions>
          <ns3:TrackPointExtension>
            <ns3:hr>144</ns3:hr>
            <ns3:cad>92</ns3:cad>
          </ns3:TrackPointExtension>
        </extensions>
      </trkpt>
      <trkpt lat="38.7205069698393344879150390625" lon="112.75491840206086635589599609375">
        <ele>803.20001220703125</ele>
        <time>2026-08-28T03:09:21.000Z</time>
        <extensions>
          <ns3:TrackPointExtension>
            <ns3:hr>144</ns3:hr>
            <ns3:cad>91</ns3:cad>
          </ns3:TrackPointExtension>
        </extensions>
      </trkpt>
      <trkpt lat="38.72050336562097072601318359375" lon="112.75494405068457126617431640625">
        <ele>803.20001220703125</ele>
        <time>2026-08-28T03:09:22.000Z</time>
        <extensions>
          <ns3:TrackPointExtension>
            <ns3:hr>144</ns3:hr>
            <ns3:cad>91</ns3:cad>
          </ns3:TrackPointExtension>
        </extensions>
      </trkpt>
      <trkpt lat="38.7204918824136257171630859375" lon="112.75497816503047943115234375">
        <ele>803</ele>
        <time>2026-08-28T03:09:23.000Z</time>
        <extensions>
          <ns3:TrackPointExtension>
            <ns3:hr>144</ns3:hr>
            <ns3:cad>91</ns3:cad>
          </ns3:TrackPointExtension>
        </extensions>
      </trkpt>
      <trkpt lat="38.72049070894718170166015625" lon="112.75500406511127948760986328125">
        <ele>803</ele>
        <time>2026-08-28T03:09:24.000Z</time>
        <extensions>
          <ns3:TrackPointExtension>
            <ns3:hr>143</ns3:hr>
            <ns3:cad>91</ns3:cad>
          </ns3:TrackPointExtension>
        </extensions>
      </trkpt>
      <trkpt lat="38.72047754935920238494873046875" lon="112.755034156143665313720703125">
        <ele>803</ele>
        <time>2026-08-28T03:09:25.000Z</time>
        <extensions>
          <ns3:TrackPointExtension>
            <ns3:hr>143</ns3:hr>
            <ns3:cad>91</ns3:cad>
          </ns3:TrackPointExtension>
        </extensions>
      </trkpt>
      <trkpt lat="38.720474950969219207763671875" lon="112.755060307681560516357421875">
        <ele>803</ele>
        <time>2026-08-28T03:09:26.000Z</time>
        <extensions>
          <ns3:TrackPointExtension>
            <ns3:hr>143</ns3:hr>
            <ns3:cad>91</ns3:cad>
          </ns3:TrackPointExtension>
        </extensions>
      </trkpt>
      <trkpt lat="38.72046120464801788330078125" lon="112.7550859563052654266357421875">
        <ele>803</ele>
        <time>2026-08-28T03:09:27.000Z</time>
        <extensions>
          <ns3:TrackPointExtension>
            <ns3:hr>143</ns3:hr>
            <ns3:cad>90</ns3:cad>
          </ns3:TrackPointExtension>
        </extensions>
      </trkpt>
      <trkpt lat="38.72045592404901981353759765625" lon="112.7551141194999217987060546875">
        <ele>803</ele>
        <time>2026-08-28T03:09:28.000Z</time>
        <extensions>
          <ns3:TrackPointExtension>
            <ns3:hr>143</ns3:hr>
            <ns3:cad>90</ns3:cad>
          </ns3:TrackPointExtension>
        </extensions>
      </trkpt>
      <trkpt lat="38.720444776117801666259765625" lon="112.755139768123626708984375">
        <ele>803</ele>
        <time>2026-08-28T03:09:29.000Z</time>
        <extensions>
          <ns3:TrackPointExtension>
            <ns3:hr>143</ns3:hr>
            <ns3:cad>90</ns3:cad>
          </ns3:TrackPointExtension>
        </extensions>
      </trkpt>
      <trkpt lat="38.72043865732848644256591796875" lon="112.7551707811653614044189453125">
        <ele>803</ele>
        <time>2026-08-28T03:09:30.000Z</time>
        <extensions>
          <ns3:TrackPointExtension>
            <ns3:hr>143</ns3:hr>
            <ns3:cad>90</ns3:cad>
          </ns3:TrackPointExtension>
        </extensions>
      </trkpt>
      <trkpt lat="38.72042876668274402618408203125" lon="112.75519668124616146087646484375">
        <ele>803</ele>
        <time>2026-08-28T03:09:31.000Z</time>
        <extensions>
          <ns3:TrackPointExtension>
            <ns3:hr>143</ns3:hr>
            <ns3:cad>90</ns3:cad>
          </ns3:TrackPointExtension>
        </extensions>
      </trkpt>
      <trkpt lat="38.72042222879827022552490234375" lon="112.7552264370024204254150390625">
        <ele>803</ele>
        <time>2026-08-28T03:09:32.000Z</time>
        <extensions>
          <ns3:TrackPointExtension>
            <ns3:hr>144</ns3:hr>
            <ns3:cad>92</ns3:cad>
          </ns3:TrackPointExtension>
        </extensions>
      </trkpt>
      <trkpt lat="38.72041569091379642486572265625" lon="112.75525334291160106658935546875">
        <ele>802.79998779296875</ele>
        <time>2026-08-28T03:09:33.000Z</time>
        <extensions>
          <ns3:TrackPointExtension>
            <ns3:hr>144</ns3:hr>
            <ns3:cad>92</ns3:cad>
          </ns3:TrackPointExtension>
        </extensions>
      </trkpt>
      <trkpt lat="38.7204083986580371856689453125" lon="112.75528318248689174652099609375">
        <ele>802.79998779296875</ele>
        <time>2026-08-28T03:09:34.000Z</time>
        <extensions>
          <ns3:TrackPointExtension>
            <ns3:hr>144</ns3:hr>
            <ns3:cad>92</ns3:cad>
          </ns3:TrackPointExtension>
        </extensions>
      </trkpt>
      <trkpt lat="38.7204023636877536773681640625" lon="112.755308412015438079833984375">
        <ele>802.79998779296875</ele>
        <time>2026-08-28T03:09:35.000Z</time>
        <extensions>
          <ns3:TrackPointExtension>
            <ns3:hr>144</ns3:hr>
            <ns3:cad>91</ns3:cad>
          </ns3:TrackPointExtension>
        </extensions>
      </trkpt>
      <trkpt lat="38.72039440087974071502685546875" lon="112.75533967651426792144775390625">
        <ele>802.79998779296875</ele>
        <time>2026-08-28T03:09:36.000Z</time>
        <extensions>
          <ns3:TrackPointExtension>
            <ns3:hr>145</ns3:hr>
            <ns3:cad>91</ns3:cad>
          </ns3:TrackPointExtension>
        </extensions>
      </trkpt>
      <trkpt lat="38.720388449728488922119140625" lon="112.75536431930959224700927734375">
        <ele>802.79998779296875</ele>
        <time>2026-08-28T03:09:37.000Z</time>
        <extensions>
          <ns3:TrackPointExtension>
            <ns3:hr>145</ns3:hr>
            <ns3:cad>91</ns3:cad>
          </ns3:TrackPointExtension>
        </extensions>
      </trkpt>
      <trkpt lat="38.72038015164434909820556640625" lon="112.75539667345583438873291015625">
        <ele>802.79998779296875</ele>
        <time>2026-08-28T03:09:38.000Z</time>
        <extensions>
          <ns3:TrackPointExtension>
            <ns3:hr>146</ns3:hr>
            <ns3:cad>91</ns3:cad>
          </ns3:TrackPointExtension>
        </extensions>
      </trkpt>
      <trkpt lat="38.72037176974117755889892578125" lon="112.7554214000701904296875">
        <ele>802.79998779296875</ele>
        <time>2026-08-28T03:09:39.000Z</time>
        <extensions>
          <ns3:TrackPointExtension>
            <ns3:hr>146</ns3:hr>
            <ns3:cad>91</ns3:cad>
          </ns3:TrackPointExtension>
        </extensions>
      </trkpt>
      <trkpt lat="38.720366656780242919921875" lon="112.7554557658731937408447265625">
        <ele>802.79998779296875</ele>
        <time>2026-08-28T03:09:40.000Z</time>
        <extensions>
          <ns3:TrackPointExtension>
            <ns3:hr>146</ns3:hr>
            <ns3:cad>91</ns3:cad>
          </ns3:TrackPointExtension>
        </extensions>
      </trkpt>
      <trkpt lat="38.72036464512348175048828125" lon="112.7554802410304546356201171875">
        <ele>802.79998779296875</ele>
        <time>2026-08-28T03:09:41.000Z</time>
        <extensions>
          <ns3:TrackPointExtension>
            <ns3:hr>146</ns3:hr>
            <ns3:cad>90</ns3:cad>
          </ns3:TrackPointExtension>
        </extensions>
      </trkpt>
      <trkpt lat="38.7203591130673885345458984375" lon="112.75551452301442623138427734375">
        <ele>802.79998779296875</ele>
        <time>2026-08-28T03:09:42.000Z</time>
        <extensions>
          <ns3:TrackPointExtension>
            <ns3:hr>146</ns3:hr>
            <ns3:cad>90</ns3:cad>
          </ns3:TrackPointExtension>
        </extensions>
      </trkpt>
      <trkpt lat="38.720356933772563934326171875" lon="112.755537740886211395263671875">
        <ele>802.79998779296875</ele>
        <time>2026-08-28T03:09:43.000Z</time>
        <extensions>
          <ns3:TrackPointExtension>
            <ns3:hr>146</ns3:hr>
            <ns3:cad>91</ns3:cad>
          </ns3:TrackPointExtension>
        </extensions>
      </trkpt>
      <trkpt lat="38.72034545056521892547607421875" lon="112.7555700950324535369873046875">
        <ele>802.5999755859375</ele>
        <time>2026-08-28T03:09:44.000Z</time>
        <extensions>
          <ns3:TrackPointExtension>
            <ns3:hr>145</ns3:hr>
            <ns3:cad>91</ns3:cad>
          </ns3:TrackPointExtension>
        </extensions>
      </trkpt>
      <trkpt lat="38.72034276835620403289794921875" lon="112.75559096597135066986083984375">
        <ele>802.5999755859375</ele>
        <time>2026-08-28T03:09:45.000Z</time>
        <extensions>
          <ns3:TrackPointExtension>
            <ns3:hr>145</ns3:hr>
            <ns3:cad>91</ns3:cad>
          </ns3:TrackPointExtension>
        </extensions>
      </trkpt>
      <trkpt lat="38.720330111682415008544921875" lon="112.75562164373695850372314453125">
        <ele>802.5999755859375</ele>
        <time>2026-08-28T03:09:46.000Z</time>
        <extensions>
          <ns3:TrackPointExtension>
            <ns3:hr>145</ns3:hr>
            <ns3:cad>91</ns3:cad>
          </ns3:TrackPointExtension>
        </extensions>
      </trkpt>
      <trkpt lat="38.720328770577907562255859375" lon="112.75564335286617279052734375">
        <ele>802.5999755859375</ele>
        <time>2026-08-28T03:09:47.000Z</time>
        <extensions>
          <ns3:TrackPointExtension>
            <ns3:hr>145</ns3:hr>
            <ns3:cad>92</ns3:cad>
          </ns3:TrackPointExtension>
        </extensions>
      </trkpt>
      <trkpt lat="38.7203168682754039764404296875" lon="112.7556743659079074859619140625">
        <ele>802.5999755859375</ele>
        <time>2026-08-28T03:09:48.000Z</time>
        <extensions>
          <ns3:TrackPointExtension>
            <ns3:hr>145</ns3:hr>
            <ns3:cad>93</ns3:cad>
          </ns3:TrackPointExtension>
        </extensions>
      </trkpt>
      <trkpt lat="38.72031426988542079925537109375" lon="112.75569976307451725006103515625">
        <ele>802.5999755859375</ele>
        <time>2026-08-28T03:09:49.000Z</time>
        <extensions>
          <ns3:TrackPointExtension>
            <ns3:hr>144</ns3:hr>
            <ns3:cad>92</ns3:cad>
          </ns3:TrackPointExtension>
        </extensions>
      </trkpt>
      <trkpt lat="38.720302283763885498046875" lon="112.755729854106903076171875">
        <ele>802.5999755859375</ele>
        <time>2026-08-28T03:09:50.000Z</time>
        <extensions>
          <ns3:TrackPointExtension>
            <ns3:hr>144</ns3:hr>
            <ns3:cad>92</ns3:cad>
          </ns3:TrackPointExtension>
        </extensions>
      </trkpt>
      <trkpt lat="38.72029700316488742828369140625" lon="112.75575642473995685577392578125">
        <ele>802.5999755859375</ele>
        <time>2026-08-28T03:09:51.000Z</time>
        <extensions>
          <ns3:TrackPointExtension>
            <ns3:hr>143</ns3:hr>
            <ns3:cad>92</ns3:cad>
          </ns3:TrackPointExtension>
        </extensions>
      </trkpt>
      <trkpt lat="38.720286525785923004150390625" lon="112.7557829953730106353759765625">
        <ele>802.5999755859375</ele>
        <time>2026-08-28T03:09:52.000Z</time>
        <extensions>
          <ns3:TrackPointExtension>
            <ns3:hr>143</ns3:hr>
            <ns3:cad>92</ns3:cad>
          </ns3:TrackPointExtension>
        </extensions>
      </trkpt>
      <trkpt lat="38.720284514129161834716796875" lon="112.7558143436908721923828125">
        <ele>802.5999755859375</ele>
        <time>2026-08-28T03:09:53.000Z</time>
        <extensions>
          <ns3:TrackPointExtension>
            <ns3:hr>143</ns3:hr>
            <ns3:cad>93</ns3:cad>
          </ns3:TrackPointExtension>
        </extensions>
      </trkpt>
      <trkpt lat="38.72027571313083171844482421875" lon="112.755840159952640533447265625">
        <ele>802.4000244140625</ele>
        <time>2026-08-28T03:09:54.000Z</time>
        <extensions>
          <ns3:TrackPointExtension>
            <ns3:hr>143</ns3:hr>
            <ns3:cad>93</ns3:cad>
          </ns3:TrackPointExtension>
        </extensions>
      </trkpt>
      <trkpt lat="38.7202699296176433563232421875" lon="112.75587175972759723663330078125">
        <ele>802.4000244140625</ele>
        <time>2026-08-28T03:09:55.000Z</time>
        <extensions>
          <ns3:TrackPointExtension>
            <ns3:hr>142</ns3:hr>
            <ns3:cad>93</ns3:cad>
          </ns3:TrackPointExtension>
        </extensions>
      </trkpt>
      <trkpt lat="38.72026297263801097869873046875" lon="112.75589740835130214691162109375">
        <ele>802.4000244140625</ele>
        <time>2026-08-28T03:09:56.000Z</time>
        <extensions>
          <ns3:TrackPointExtension>
            <ns3:hr>142</ns3:hr>
            <ns3:cad>92</ns3:cad>
          </ns3:TrackPointExtension>
        </extensions>
      </trkpt>
      <trkpt lat="38.720254339277744293212890625" lon="112.755928002297878265380859375">
        <ele>802.4000244140625</ele>
        <time>2026-08-28T03:09:57.000Z</time>
        <extensions>
          <ns3:TrackPointExtension>
            <ns3:hr>141</ns3:hr>
            <ns3:cad>92</ns3:cad>
          </ns3:TrackPointExtension>
        </extensions>
      </trkpt>
      <trkpt lat="38.7202518247067928314208984375" lon="112.75595289655029773712158203125">
        <ele>802.4000244140625</ele>
        <time>2026-08-28T03:09:58.000Z</time>
        <extensions>
          <ns3:TrackPointExtension>
            <ns3:hr>140</ns3:hr>
            <ns3:cad>92</ns3:cad>
          </ns3:TrackPointExtension>
        </extensions>
      </trkpt>
      <trkpt lat="38.720245622098445892333984375" lon="112.755984999239444732666015625">
        <ele>802.5999755859375</ele>
        <time>2026-08-28T03:09:59.000Z</time>
        <extensions>
          <ns3:TrackPointExtension>
            <ns3:hr>139</ns3:hr>
            <ns3:cad>92</ns3:cad>
          </ns3:TrackPointExtension>
        </extensions>
      </trkpt>
      <trkpt lat="38.72024050913751125335693359375" lon="112.756012491881847381591796875">
        <ele>802.5999755859375</ele>
        <time>2026-08-28T03:10:00.000Z</time>
        <extensions>
          <ns3:TrackPointExtension>
            <ns3:hr>139</ns3:hr>
            <ns3:cad>92</ns3:cad>
          </ns3:TrackPointExtension>
        </extensions>
      </trkpt>
      <trkpt lat="38.72023397125303745269775390625" lon="112.756046690046787261962890625">
        <ele>802.5999755859375</ele>
        <time>2026-08-28T03:10:01.000Z</time>
        <extensions>
          <ns3:TrackPointExtension>
            <ns3:hr>138</ns3:hr>
            <ns3:cad>92</ns3:cad>
          </ns3:TrackPointExtension>
        </extensions>
      </trkpt>
      <trkpt lat="38.720227181911468505859375" lon="112.75607057847082614898681640625">
        <ele>802.5999755859375</ele>
        <time>2026-08-28T03:10:02.000Z</time>
        <extensions>
          <ns3:TrackPointExtension>
            <ns3:hr>137</ns3:hr>
            <ns3:cad>92</ns3:cad>
          </ns3:TrackPointExtension>
        </extensions>
      </trkpt>
      <trkpt lat="38.720213435590267181396484375" lon="112.7561001665890216827392578125">
        <ele>802.5999755859375</ele>
        <time>2026-08-28T03:10:03.000Z</time>
        <extensions>
          <ns3:TrackPointExtension>
            <ns3:hr>137</ns3:hr>
            <ns3:cad>92</ns3:cad>
          </ns3:TrackPointExtension>
        </extensions>
      </trkpt>
      <trkpt lat="38.720211088657379150390625" lon="112.7561222948133945465087890625">
        <ele>802.5999755859375</ele>
        <time>2026-08-28T03:10:04.000Z</time>
        <extensions>
          <ns3:TrackPointExtension>
            <ns3:hr>137</ns3:hr>
            <ns3:cad>91</ns3:cad>
          </ns3:TrackPointExtension>
        </extensions>
      </trkpt>
      <trkpt lat="38.72020371258258819580078125" lon="112.7561554871499538421630859375">
        <ele>802.5999755859375</ele>
        <time>2026-08-28T03:10:05.000Z</time>
        <extensions>
          <ns3:TrackPointExtension>
            <ns3:hr>137</ns3:hr>
            <ns3:cad>91</ns3:cad>
          </ns3:TrackPointExtension>
        </extensions>
      </trkpt>
      <trkpt lat="38.72019893489778041839599609375" lon="112.756180800497531890869140625">
        <ele>802.5999755859375</ele>
        <time>2026-08-28T03:10:06.000Z</time>
        <extensions>
          <ns3:TrackPointExtension>
            <ns3:hr>138</ns3:hr>
            <ns3:cad>91</ns3:cad>
          </ns3:TrackPointExtension>
        </extensions>
      </trkpt>
      <trkpt lat="38.72018870897591114044189453125" lon="112.7562134899199008941650390625">
        <ele>802.5999755859375</ele>
        <time>2026-08-28T03:10:07.000Z</time>
        <extensions>
          <ns3:TrackPointExtension>
            <ns3:hr>138</ns3:hr>
            <ns3:cad>91</ns3:cad>
          </ns3:TrackPointExtension>
        </extensions>
      </trkpt>
      <trkpt lat="38.7201861105859279632568359375" lon="112.75623737834393978118896484375">
        <ele>802.5999755859375</ele>
        <time>2026-08-28T03:10:08.000Z</time>
        <extensions>
          <ns3:TrackPointExtension>
            <ns3:hr>138</ns3:hr>
            <ns3:cad>91</ns3:cad>
          </ns3:TrackPointExtension>
        </extensions>
      </trkpt>
      <trkpt lat="38.720175884664058685302734375" lon="112.756267972290515899658203125">
        <ele>802.4000244140625</ele>
        <time>2026-08-28T03:10:09.000Z</time>
        <extensions>
          <ns3:TrackPointExtension>
            <ns3:hr>138</ns3:hr>
            <ns3:cad>90</ns3:cad>
          </ns3:TrackPointExtension>
        </extensions>
      </trkpt>
      <trkpt lat="38.7201743759214878082275390625" lon="112.75629286654293537139892578125">
        <ele>802.4000244140625</ele>
        <time>2026-08-28T03:10:10.000Z</time>
        <extensions>
          <ns3:TrackPointExtension>
            <ns3:hr>138</ns3:hr>
            <ns3:cad>90</ns3:cad>
          </ns3:TrackPointExtension>
        </extensions>
      </trkpt>
      <trkpt lat="38.720163144171237945556640625" lon="112.756325639784336090087890625">
        <ele>802.4000244140625</ele>
        <time>2026-08-28T03:10:11.000Z</time>
        <extensions>
          <ns3:TrackPointExtension>
            <ns3:hr>138</ns3:hr>
            <ns3:cad>90</ns3:cad>
          </ns3:TrackPointExtension>
        </extensions>
      </trkpt>
      <trkpt lat="38.72016037814319133758544921875" lon="112.75635011494159698486328125">
        <ele>802.4000244140625</ele>
        <time>2026-08-28T03:10:12.000Z</time>
        <extensions>
          <ns3:TrackPointExtension>
            <ns3:hr>138</ns3:hr>
            <ns3:cad>90</ns3:cad>
          </ns3:TrackPointExtension>
        </extensions>
      </trkpt>
      <trkpt lat="38.72014545835554599761962890625" lon="112.7563829720020294189453125">
        <ele>802.4000244140625</ele>
        <time>2026-08-28T03:10:13.000Z</time>
        <extensions>
          <ns3:TrackPointExtension>
            <ns3:hr>138</ns3:hr>
            <ns3:cad>90</ns3:cad>
          </ns3:TrackPointExtension>
        </extensions>
      </trkpt>
      <trkpt lat="38.72014411725103855133056640625" lon="112.75640644133090972900390625">
        <ele>802.4000244140625</ele>
        <time>2026-08-28T03:10:14.000Z</time>
        <extensions>
          <ns3:TrackPointExtension>
            <ns3:hr>139</ns3:hr>
            <ns3:cad>92</ns3:cad>
          </ns3:TrackPointExtension>
        </extensions>
      </trkpt>
      <trkpt lat="38.72013154439628124237060546875" lon="112.756434269249439239501953125">
        <ele>802.4000244140625</ele>
        <time>2026-08-28T03:10:15.000Z</time>
        <extensions>
          <ns3:TrackPointExtension>
            <ns3:hr>139</ns3:hr>
            <ns3:cad>92</ns3:cad>
          </ns3:TrackPointExtension>
        </extensions>
      </trkpt>
      <trkpt lat="38.720129616558551788330078125" lon="112.75645740330219268798828125">
        <ele>802.4000244140625</ele>
        <time>2026-08-28T03:10:16.000Z</time>
        <extensions>
          <ns3:TrackPointExtension>
            <ns3:hr>139</ns3:hr>
            <ns3:cad>92</ns3:cad>
          </ns3:TrackPointExtension>
        </extensions>
      </trkpt>
      <trkpt lat="38.72011846862733364105224609375" lon="112.7564867399632930755615234375">
        <ele>802.4000244140625</ele>
        <time>2026-08-28T03:10:17.000Z</time>
        <extensions>
          <ns3:TrackPointExtension>
            <ns3:hr>139</ns3:hr>
            <ns3:cad>92</ns3:cad>
          </ns3:TrackPointExtension>
        </extensions>
      </trkpt>
      <trkpt lat="38.72011561878025531768798828125" lon="112.7565144002437591552734375">
        <ele>802.4000244140625</ele>
        <time>2026-08-28T03:10:18.000Z</time>
        <extensions>
          <ns3:TrackPointExtension>
            <ns3:hr>140</ns3:hr>
            <ns3:cad>92</ns3:cad>
          </ns3:TrackPointExtension>
        </extensions>
      </trkpt>
      <trkpt lat="38.720100112259387969970703125" lon="112.75654097087681293487548828125">
        <ele>802.4000244140625</ele>
        <time>2026-08-28T03:10:19.000Z</time>
        <extensions>
          <ns3:TrackPointExtension>
            <ns3:hr>139</ns3:hr>
            <ns3:cad>91</ns3:cad>
          </ns3:TrackPointExtension>
        </extensions>
      </trkpt>
      <trkpt lat="38.72009650804102420806884765625" lon="112.75657047517597675323486328125">
        <ele>802.4000244140625</ele>
        <time>2026-08-28T03:10:20.000Z</time>
        <extensions>
          <ns3:TrackPointExtension>
            <ns3:hr>139</ns3:hr>
            <ns3:cad>91</ns3:cad>
          </ns3:TrackPointExtension>
        </extensions>
      </trkpt>
      <trkpt lat="38.72008510865271091461181640625" lon="112.75659964419901371002197265625">
        <ele>802.4000244140625</ele>
        <time>2026-08-28T03:10:21.000Z</time>
        <extensions>
          <ns3:TrackPointExtension>
            <ns3:hr>140</ns3:hr>
            <ns3:cad>92</ns3:cad>
          </ns3:TrackPointExtension>
        </extensions>
      </trkpt>
      <trkpt lat="38.72008167207241058349609375" lon="112.7566270530223846435546875">
        <ele>802.4000244140625</ele>
        <time>2026-08-28T03:10:22.000Z</time>
        <extensions>
          <ns3:TrackPointExtension>
            <ns3:hr>139</ns3:hr>
            <ns3:cad>92</ns3:cad>
          </ns3:TrackPointExtension>
        </extensions>
      </trkpt>
      <trkpt lat="38.72007370926439762115478515625" lon="112.756654210388660430908203125">
        <ele>802.4000244140625</ele>
        <time>2026-08-28T03:10:23.000Z</time>
        <extensions>
          <ns3:TrackPointExtension>
            <ns3:hr>139</ns3:hr>
            <ns3:cad>90</ns3:cad>
          </ns3:TrackPointExtension>
        </extensions>
      </trkpt>
      <trkpt lat="38.72006868012249469757080078125" lon="112.75668228976428508758544921875">
        <ele>802.4000244140625</ele>
        <time>2026-08-28T03:10:24.000Z</time>
        <extensions>
          <ns3:TrackPointExtension>
            <ns3:hr>139</ns3:hr>
            <ns3:cad>90</ns3:cad>
          </ns3:TrackPointExtension>
        </extensions>
      </trkpt>
      <trkpt lat="38.720060884952545166015625" lon="112.7567075192928314208984375">
        <ele>802.20001220703125</ele>
        <time>2026-08-28T03:10:25.000Z</time>
        <extensions>
          <ns3:TrackPointExtension>
            <ns3:hr>140</ns3:hr>
            <ns3:cad>90</ns3:cad>
          </ns3:TrackPointExtension>
        </extensions>
      </trkpt>
      <trkpt lat="38.72005577199161052703857421875" lon="112.756738364696502685546875">
        <ele>802.20001220703125</ele>
        <time>2026-08-28T03:10:26.000Z</time>
        <extensions>
          <ns3:TrackPointExtension>
            <ns3:hr>139</ns3:hr>
            <ns3:cad>91</ns3:cad>
          </ns3:TrackPointExtension>
        </extensions>
      </trkpt>
      <trkpt lat="38.7200489826500415802001953125" lon="112.7567638456821441650390625">
        <ele>802.20001220703125</ele>
        <time>2026-08-28T03:10:27.000Z</time>
        <extensions>
          <ns3:TrackPointExtension>
            <ns3:hr>139</ns3:hr>
            <ns3:cad>91</ns3:cad>
          </ns3:TrackPointExtension>
        </extensions>
      </trkpt>
      <trkpt lat="38.7200416065752506256103515625" lon="112.75679544545710086822509765625">
        <ele>802.20001220703125</ele>
        <time>2026-08-28T03:10:28.000Z</time>
        <extensions>
          <ns3:TrackPointExtension>
            <ns3:hr>140</ns3:hr>
            <ns3:cad>91</ns3:cad>
          </ns3:TrackPointExtension>
        </extensions>
      </trkpt>
      <trkpt lat="38.7200362421572208404541015625" lon="112.7568196691572666168212890625">
        <ele>802.20001220703125</ele>
        <time>2026-08-28T03:10:29.000Z</time>
        <extensions>
          <ns3:TrackPointExtension>
            <ns3:hr>139</ns3:hr>
            <ns3:cad>92</ns3:cad>
          </ns3:TrackPointExtension>
        </extensions>
      </trkpt>
      <trkpt lat="38.72003138065338134765625" lon="112.75685395114123821258544921875">
        <ele>802.20001220703125</ele>
        <time>2026-08-28T03:10:30.000Z</time>
        <extensions>
          <ns3:TrackPointExtension>
            <ns3:hr>139</ns3:hr>
            <ns3:cad>92</ns3:cad>
          </ns3:TrackPointExtension>
        </extensions>
      </trkpt>
      <trkpt lat="38.720027692615985870361328125" lon="112.756877504289150238037109375">
        <ele>802.20001220703125</ele>
        <time>2026-08-28T03:10:31.000Z</time>
        <extensions>
          <ns3:TrackPointExtension>
            <ns3:hr>140</ns3:hr>
            <ns3:cad>92</ns3:cad>
          </ns3:TrackPointExtension>
        </extensions>
      </trkpt>
      <trkpt lat="38.7200157903134822845458984375" lon="112.7569098584353923797607421875">
        <ele>802.20001220703125</ele>
        <time>2026-08-28T03:10:32.000Z</time>
        <extensions>
          <ns3:TrackPointExtension>
            <ns3:hr>139</ns3:hr>
            <ns3:cad>92</ns3:cad>
          </ns3:TrackPointExtension>
        </extensions>
      </trkpt>
      <trkpt lat="38.7200107611715793609619140625" lon="112.7569346688687801361083984375">
        <ele>802.20001220703125</ele>
        <time>2026-08-28T03:10:33.000Z</time>
        <extensions>
          <ns3:TrackPointExtension>
            <ns3:hr>139</ns3:hr>
            <ns3:cad>92</ns3:cad>
          </ns3:TrackPointExtension>
        </extensions>
      </trkpt>
      <trkpt lat="38.72000212781131267547607421875" lon="112.756968699395656585693359375">
        <ele>802.20001220703125</ele>
        <time>2026-08-28T03:10:34.000Z</time>
        <extensions>
          <ns3:TrackPointExtension>
            <ns3:hr>139</ns3:hr>
            <ns3:cad>92</ns3:cad>
          </ns3:TrackPointExtension>
        </extensions>
      </trkpt>
      <trkpt lat="38.7200007028877735137939453125" lon="112.75699317455291748046875">
        <ele>802.20001220703125</ele>
        <time>2026-08-28T03:10:35.000Z</time>
        <extensions>
          <ns3:TrackPointExtension>
            <ns3:hr>140</ns3:hr>
            <ns3:cad>92</ns3:cad>
          </ns3:TrackPointExtension>
        </extensions>
      </trkpt>
      <trkpt lat="38.7199872918426990509033203125" lon="112.7570221759378910064697265625">
        <ele>802.20001220703125</ele>
        <time>2026-08-28T03:10:36.000Z</time>
        <extensions>
          <ns3:TrackPointExtension>
            <ns3:hr>140</ns3:hr>
            <ns3:cad>92</ns3:cad>
          </ns3:TrackPointExtension>
        </extensions>
      </trkpt>
      <trkpt lat="38.71998419053852558135986328125" lon="112.7570469863712787628173828125">
        <ele>802.20001220703125</ele>
        <time>2026-08-28T03:10:37.000Z</time>
        <extensions>
          <ns3:TrackPointExtension>
            <ns3:hr>140</ns3:hr>
            <ns3:cad>92</ns3:cad>
          </ns3:TrackPointExtension>
        </extensions>
      </trkpt>
      <trkpt lat="38.71997178532183170318603515625" lon="112.75707808323204517364501953125">
        <ele>802.20001220703125</ele>
        <time>2026-08-28T03:10:38.000Z</time>
        <extensions>
          <ns3:TrackPointExtension>
            <ns3:hr>140</ns3:hr>
            <ns3:cad>92</ns3:cad>
          </ns3:TrackPointExtension>
        </extensions>
      </trkpt>
      <trkpt lat="38.7199695222079753875732421875" lon="112.7571029774844646453857421875">
        <ele>802.20001220703125</ele>
        <time>2026-08-28T03:10:39.000Z</time>
        <extensions>
          <ns3:TrackPointExtension>
            <ns3:hr>141</ns3:hr>
            <ns3:cad>91</ns3:cad>
          </ns3:TrackPointExtension>
        </extensions>
      </trkpt>
      <trkpt lat="38.7199601344764232635498046875" lon="112.75713038630783557891845703125">
        <ele>802.20001220703125</ele>
        <time>2026-08-28T03:10:40.000Z</time>
        <extensions>
          <ns3:TrackPointExtension>
            <ns3:hr>141</ns3:hr>
            <ns3:cad>91</ns3:cad>
          </ns3:TrackPointExtension>
        </extensions>
      </trkpt>
      <trkpt lat="38.7199564464390277862548828125" lon="112.75715620256960391998291015625">
        <ele>802.20001220703125</ele>
        <time>2026-08-28T03:10:41.000Z</time>
        <extensions>
          <ns3:TrackPointExtension>
            <ns3:hr>141</ns3:hr>
            <ns3:cad>91</ns3:cad>
          </ns3:TrackPointExtension>
        </extensions>
      </trkpt>
      <trkpt lat="38.71994697488844394683837890625" lon="112.75718369521200656890869140625">
        <ele>802.20001220703125</ele>
        <time>2026-08-28T03:10:42.000Z</time>
        <extensions>
          <ns3:TrackPointExtension>
            <ns3:hr>141</ns3:hr>
            <ns3:cad>91</ns3:cad>
          </ns3:TrackPointExtension>
        </extensions>
      </trkpt>
      <trkpt lat="38.71994060464203357696533203125" lon="112.75721387006342411041259765625">
        <ele>802</ele>
        <time>2026-08-28T03:10:43.000Z</time>
        <extensions>
          <ns3:TrackPointExtension>
            <ns3:hr>142</ns3:hr>
            <ns3:cad>91</ns3:cad>
          </ns3:TrackPointExtension>
        </extensions>
      </trkpt>
      <trkpt lat="38.71993188746273517608642578125" lon="112.75724018923938274383544921875">
        <ele>802</ele>
        <time>2026-08-28T03:10:44.000Z</time>
        <extensions>
          <ns3:TrackPointExtension>
            <ns3:hr>142</ns3:hr>
            <ns3:cad>91</ns3:cad>
          </ns3:TrackPointExtension>
        </extensions>
      </trkpt>
      <trkpt lat="38.71992166154086589813232421875" lon="112.75727413594722747802734375">
        <ele>802</ele>
        <time>2026-08-28T03:10:45.000Z</time>
        <extensions>
          <ns3:TrackPointExtension>
            <ns3:hr>142</ns3:hr>
            <ns3:cad>91</ns3:cad>
          </ns3:TrackPointExtension>
        </extensions>
      </trkpt>
      <trkpt lat="38.71991545893251895904541015625" lon="112.757298611104488372802734375">
        <ele>802</ele>
        <time>2026-08-28T03:10:46.000Z</time>
        <extensions>
          <ns3:TrackPointExtension>
            <ns3:hr>142</ns3:hr>
            <ns3:cad>92</ns3:cad>
          </ns3:TrackPointExtension>
        </extensions>
      </trkpt>
      <trkpt lat="38.7199079990386962890625" lon="112.757333815097808837890625">
        <ele>802</ele>
        <time>2026-08-28T03:10:47.000Z</time>
        <extensions>
          <ns3:TrackPointExtension>
            <ns3:hr>142</ns3:hr>
            <ns3:cad>93</ns3:cad>
          </ns3:TrackPointExtension>
        </extensions>
      </trkpt>
      <trkpt lat="38.7199054844677448272705078125" lon="112.75735921226441860198974609375">
        <ele>802.20001220703125</ele>
        <time>2026-08-28T03:10:48.000Z</time>
        <extensions>
          <ns3:TrackPointExtension>
            <ns3:hr>142</ns3:hr>
            <ns3:cad>93</ns3:cad>
          </ns3:TrackPointExtension>
        </extensions>
      </trkpt>
      <trkpt lat="38.71989391744136810302734375" lon="112.75739139877259731292724609375">
        <ele>802.20001220703125</ele>
        <time>2026-08-28T03:10:49.000Z</time>
        <extensions>
          <ns3:TrackPointExtension>
            <ns3:hr>141</ns3:hr>
            <ns3:cad>93</ns3:cad>
          </ns3:TrackPointExtension>
        </extensions>
      </trkpt>
      <trkpt lat="38.71988863684237003326416015625" lon="112.75741335935890674591064453125">
        <ele>802.20001220703125</ele>
        <time>2026-08-28T03:10:50.000Z</time>
        <extensions>
          <ns3:TrackPointExtension>
            <ns3:hr>141</ns3:hr>
            <ns3:cad>93</ns3:cad>
          </ns3:TrackPointExtension>
        </extensions>
      </trkpt>
      <trkpt lat="38.71987706981599330902099609375" lon="112.7574469707906246185302734375">
        <ele>802.20001220703125</ele>
        <time>2026-08-28T03:10:51.000Z</time>
        <extensions>
          <ns3:TrackPointExtension>
            <ns3:hr>141</ns3:hr>
            <ns3:cad>93</ns3:cad>
          </ns3:TrackPointExtension>
        </extensions>
      </trkpt>
      <trkpt lat="38.7198779918253421783447265625" lon="112.75747261941432952880859375">
        <ele>802.20001220703125</ele>
        <time>2026-08-28T03:10:52.000Z</time>
        <extensions>
          <ns3:TrackPointExtension>
            <ns3:hr>141</ns3:hr>
            <ns3:cad>93</ns3:cad>
          </ns3:TrackPointExtension>
        </extensions>
      </trkpt>
      <trkpt lat="38.71986617334187030792236328125" lon="112.7575068175792694091796875">
        <ele>802</ele>
        <time>2026-08-28T03:10:53.000Z</time>
        <extensions>
          <ns3:TrackPointExtension>
            <ns3:hr>141</ns3:hr>
            <ns3:cad>92</ns3:cad>
          </ns3:TrackPointExtension>
        </extensions>
      </trkpt>
      <trkpt lat="38.71985980309545993804931640625" lon="112.7575336396694183349609375">
        <ele>802</ele>
        <time>2026-08-28T03:10:54.000Z</time>
        <extensions>
          <ns3:TrackPointExtension>
            <ns3:hr>141</ns3:hr>
            <ns3:cad>91</ns3:cad>
          </ns3:TrackPointExtension>
        </extensions>
      </trkpt>
      <trkpt lat="38.71984924189746379852294921875" lon="112.7575623057782649993896484375">
        <ele>802</ele>
        <time>2026-08-28T03:10:55.000Z</time>
        <extensions>
          <ns3:TrackPointExtension>
            <ns3:hr>140</ns3:hr>
            <ns3:cad>91</ns3:cad>
          </ns3:TrackPointExtension>
        </extensions>
      </trkpt>
      <trkpt lat="38.7198481522500514984130859375" lon="112.757590971887111663818359375">
        <ele>802</ele>
        <time>2026-08-28T03:10:56.000Z</time>
        <extensions>
          <ns3:TrackPointExtension>
            <ns3:hr>140</ns3:hr>
            <ns3:cad>91</ns3:cad>
          </ns3:TrackPointExtension>
        </extensions>
      </trkpt>
      <trkpt lat="38.71983599849045276641845703125" lon="112.75761879980564117431640625">
        <ele>802</ele>
        <time>2026-08-28T03:10:57.000Z</time>
        <extensions>
          <ns3:TrackPointExtension>
            <ns3:hr>140</ns3:hr>
            <ns3:cad>91</ns3:cad>
          </ns3:TrackPointExtension>
        </extensions>
      </trkpt>
      <trkpt lat="38.71982895769178867340087890625" lon="112.75764520280063152313232421875">
        <ele>802</ele>
        <time>2026-08-28T03:10:58.000Z</time>
        <extensions>
          <ns3:TrackPointExtension>
            <ns3:hr>140</ns3:hr>
            <ns3:cad>91</ns3:cad>
          </ns3:TrackPointExtension>
        </extensions>
      </trkpt>
      <trkpt lat="38.719819150865077972412109375" lon="112.757672779262065887451171875">
        <ele>802</ele>
        <time>2026-08-28T03:10:59.000Z</time>
        <extensions>
          <ns3:TrackPointExtension>
            <ns3:hr>140</ns3:hr>
            <ns3:cad>91</ns3:cad>
          </ns3:TrackPointExtension>
        </extensions>
      </trkpt>
      <trkpt lat="38.7198109365999698638916015625" lon="112.75770337320864200592041015625">
        <ele>802</ele>
        <time>2026-08-28T03:11:00.000Z</time>
        <extensions>
          <ns3:TrackPointExtension>
            <ns3:hr>140</ns3:hr>
            <ns3:cad>92</ns3:cad>
          </ns3:TrackPointExtension>
        </extensions>
      </trkpt>
      <trkpt lat="38.71980196796357631683349609375" lon="112.75772734545171260833740234375">
        <ele>802</ele>
        <time>2026-08-28T03:11:01.000Z</time>
        <extensions>
          <ns3:TrackPointExtension>
            <ns3:hr>140</ns3:hr>
            <ns3:cad>92</ns3:cad>
          </ns3:TrackPointExtension>
        </extensions>
      </trkpt>
      <trkpt lat="38.7197940051555633544921875" lon="112.75775827467441558837890625">
        <ele>801.79998779296875</ele>
        <time>2026-08-28T03:11:02.000Z</time>
        <extensions>
          <ns3:TrackPointExtension>
            <ns3:hr>140</ns3:hr>
            <ns3:cad>92</ns3:cad>
          </ns3:TrackPointExtension>
        </extensions>
      </trkpt>
      <trkpt lat="38.71978654526174068450927734375" lon="112.75778149254620075225830078125">
        <ele>801.79998779296875</ele>
        <time>2026-08-28T03:11:03.000Z</time>
        <extensions>
          <ns3:TrackPointExtension>
            <ns3:hr>140</ns3:hr>
            <ns3:cad>93</ns3:cad>
          </ns3:TrackPointExtension>
        </extensions>
      </trkpt>
      <trkpt lat="38.71978017501533031463623046875" lon="112.75781652890145778656005859375">
        <ele>801.79998779296875</ele>
        <time>2026-08-28T03:11:04.000Z</time>
        <extensions>
          <ns3:TrackPointExtension>
            <ns3:hr>140</ns3:hr>
            <ns3:cad>93</ns3:cad>
          </ns3:TrackPointExtension>
        </extensions>
      </trkpt>
      <trkpt lat="38.71977900154888629913330078125" lon="112.75784485973417758941650390625">
        <ele>801.79998779296875</ele>
        <time>2026-08-28T03:11:05.000Z</time>
        <extensions>
          <ns3:TrackPointExtension>
            <ns3:hr>139</ns3:hr>
            <ns3:cad>93</ns3:cad>
          </ns3:TrackPointExtension>
        </extensions>
      </trkpt>
      <trkpt lat="38.719768524169921875" lon="112.75787721388041973114013671875">
        <ele>801.79998779296875</ele>
        <time>2026-08-28T03:11:06.000Z</time>
        <extensions>
          <ns3:TrackPointExtension>
            <ns3:hr>139</ns3:hr>
            <ns3:cad>91</ns3:cad>
          </ns3:TrackPointExtension>
        </extensions>
      </trkpt>
      <trkpt lat="38.71976659633219242095947265625" lon="112.7579009346663951873779296875">
        <ele>801.79998779296875</ele>
        <time>2026-08-28T03:11:07.000Z</time>
        <extensions>
          <ns3:TrackPointExtension>
            <ns3:hr>139</ns3:hr>
            <ns3:cad>91</ns3:cad>
          </ns3:TrackPointExtension>
        </extensions>
      </trkpt>
      <trkpt lat="38.71975704096257686614990234375" lon="112.7579334564507007598876953125">
        <ele>801.79998779296875</ele>
        <time>2026-08-28T03:11:08.000Z</time>
        <extensions>
          <ns3:TrackPointExtension>
            <ns3:hr>139</ns3:hr>
            <ns3:cad>91</ns3:cad>
          </ns3:TrackPointExtension>
        </extensions>
      </trkpt>
      <trkpt lat="38.7197559513151645660400390625" lon="112.75795902125537395477294921875">
        <ele>802</ele>
        <time>2026-08-28T03:11:09.000Z</time>
        <extensions>
          <ns3:TrackPointExtension>
            <ns3:hr>139</ns3:hr>
            <ns3:cad>91</ns3:cad>
          </ns3:TrackPointExtension>
        </extensions>
      </trkpt>
      <trkpt lat="38.71974346227943897247314453125" lon="112.75799087248742580413818359375">
        <ele>802</ele>
        <time>2026-08-28T03:11:10.000Z</time>
        <extensions>
          <ns3:TrackPointExtension>
            <ns3:hr>139</ns3:hr>
            <ns3:cad>93</ns3:cad>
          </ns3:TrackPointExtension>
        </extensions>
      </trkpt>
      <trkpt lat="38.71974145062267780303955078125" lon="112.7580159343779087066650390625">
        <ele>802</ele>
        <time>2026-08-28T03:11:11.000Z</time>
        <extensions>
          <ns3:TrackPointExtension>
            <ns3:hr>140</ns3:hr>
            <ns3:cad>93</ns3:cad>
          </ns3:TrackPointExtension>
        </extensions>
      </trkpt>
      <trkpt lat="38.71972787193953990936279296875" lon="112.75804300792515277862548828125">
        <ele>801.79998779296875</ele>
        <time>2026-08-28T03:11:12.000Z</time>
        <extensions>
          <ns3:TrackPointExtension>
            <ns3:hr>140</ns3:hr>
            <ns3:cad>93</ns3:cad>
          </ns3:TrackPointExtension>
        </extensions>
      </trkpt>
      <trkpt lat="38.719722591340541839599609375" lon="112.75807016529142856597900390625">
        <ele>801.79998779296875</ele>
        <time>2026-08-28T03:11:13.000Z</time>
        <extensions>
          <ns3:TrackPointExtension>
            <ns3:hr>140</ns3:hr>
            <ns3:cad>93</ns3:cad>
          </ns3:TrackPointExtension>
        </extensions>
      </trkpt>
      <trkpt lat="38.71971446089446544647216796875" lon="112.7580950595438480377197265625">
        <ele>801.79998779296875</ele>
        <time>2026-08-28T03:11:14.000Z</time>
        <extensions>
          <ns3:TrackPointExtension>
            <ns3:hr>140</ns3:hr>
            <ns3:cad>91</ns3:cad>
          </ns3:TrackPointExtension>
        </extensions>
      </trkpt>
      <trkpt lat="38.71970909647643566131591796875" lon="112.758127413690090179443359375">
        <ele>801.79998779296875</ele>
        <time>2026-08-28T03:11:15.000Z</time>
        <extensions>
          <ns3:TrackPointExtension>
            <ns3:hr>139</ns3:hr>
            <ns3:cad>90</ns3:cad>
          </ns3:TrackPointExtension>
        </extensions>
      </trkpt>
      <trkpt lat="38.7197013013064861297607421875" lon="112.7581527270376682281494140625">
        <ele>801.79998779296875</ele>
        <time>2026-08-28T03:11:16.000Z</time>
        <extensions>
          <ns3:TrackPointExtension>
            <ns3:hr>140</ns3:hr>
            <ns3:cad>90</ns3:cad>
          </ns3:TrackPointExtension>
        </extensions>
      </trkpt>
      <trkpt lat="38.7196956016123294830322265625" lon="112.75818516500294208526611328125">
        <ele>801.79998779296875</ele>
        <time>2026-08-28T03:11:17.000Z</time>
        <extensions>
          <ns3:TrackPointExtension>
            <ns3:hr>140</ns3:hr>
            <ns3:cad>93</ns3:cad>
          </ns3:TrackPointExtension>
        </extensions>
      </trkpt>
      <trkpt lat="38.7196902371942996978759765625" lon="112.758210562169551849365234375">
        <ele>801.79998779296875</ele>
        <time>2026-08-28T03:11:18.000Z</time>
        <extensions>
          <ns3:TrackPointExtension>
            <ns3:hr>140</ns3:hr>
            <ns3:cad>93</ns3:cad>
          </ns3:TrackPointExtension>
        </extensions>
      </trkpt>
      <trkpt lat="38.71968328021466732025146484375" lon="112.7582439221441745758056640625">
        <ele>801.79998779296875</ele>
        <time>2026-08-28T03:11:19.000Z</time>
        <extensions>
          <ns3:TrackPointExtension>
            <ns3:hr>140</ns3:hr>
            <ns3:cad>93</ns3:cad>
          </ns3:TrackPointExtension>
        </extensions>
      </trkpt>
      <trkpt lat="38.7196801789104938507080078125" lon="112.75826848112046718597412109375">
        <ele>801.79998779296875</ele>
        <time>2026-08-28T03:11:20.000Z</time>
        <extensions>
          <ns3:TrackPointExtension>
            <ns3:hr>140</ns3:hr>
            <ns3:cad>92</ns3:cad>
          </ns3:TrackPointExtension>
        </extensions>
      </trkpt>
      <trkpt lat="38.71967338956892490386962890625" lon="112.75830368511378765106201171875">
        <ele>801.79998779296875</ele>
        <time>2026-08-28T03:11:21.000Z</time>
        <extensions>
          <ns3:TrackPointExtension>
            <ns3:hr>140</ns3:hr>
            <ns3:cad>92</ns3:cad>
          </ns3:TrackPointExtension>
        </extensions>
      </trkpt>
      <trkpt lat="38.7196714617311954498291015625" lon="112.75832933373749256134033203125">
        <ele>801.79998779296875</ele>
        <time>2026-08-28T03:11:22.000Z</time>
        <extensions>
          <ns3:TrackPointExtension>
            <ns3:hr>140</ns3:hr>
            <ns3:cad>92</ns3:cad>
          </ns3:TrackPointExtension>
        </extensions>
      </trkpt>
      <trkpt lat="38.71966534294188022613525390625" lon="112.758363783359527587890625">
        <ele>801.79998779296875</ele>
        <time>2026-08-28T03:11:23.000Z</time>
        <extensions>
          <ns3:TrackPointExtension>
            <ns3:hr>140</ns3:hr>
            <ns3:cad>92</ns3:cad>
          </ns3:TrackPointExtension>
        </extensions>
      </trkpt>
      <trkpt lat="38.719658553600311279296875" lon="112.75839102454483509063720703125">
        <ele>801.79998779296875</ele>
        <time>2026-08-28T03:11:24.000Z</time>
        <extensions>
          <ns3:TrackPointExtension>
            <ns3:hr>140</ns3:hr>
            <ns3:cad>91</ns3:cad>
          </ns3:TrackPointExtension>
        </extensions>
      </trkpt>
      <trkpt lat="38.71964908204972743988037109375" lon="112.75842689909040927886962890625">
        <ele>801.79998779296875</ele>
        <time>2026-08-28T03:11:25.000Z</time>
        <extensions>
          <ns3:TrackPointExtension>
            <ns3:hr>140</ns3:hr>
            <ns3:cad>91</ns3:cad>
          </ns3:TrackPointExtension>
        </extensions>
      </trkpt>
      <trkpt lat="38.71964371763169765472412109375" lon="112.75845187716186046600341796875">
        <ele>801.79998779296875</ele>
        <time>2026-08-28T03:11:26.000Z</time>
        <extensions>
          <ns3:TrackPointExtension>
            <ns3:hr>140</ns3:hr>
            <ns3:cad>90</ns3:cad>
          </ns3:TrackPointExtension>
        </extensions>
      </trkpt>
      <trkpt lat="38.71963215060532093048095703125" lon="112.75848406367003917694091796875">
        <ele>801.79998779296875</ele>
        <time>2026-08-28T03:11:27.000Z</time>
        <extensions>
          <ns3:TrackPointExtension>
            <ns3:hr>140</ns3:hr>
            <ns3:cad>90</ns3:cad>
          </ns3:TrackPointExtension>
        </extensions>
      </trkpt>
      <trkpt lat="38.7196302227675914764404296875" lon="112.7585074491798877716064453125">
        <ele>801.79998779296875</ele>
        <time>2026-08-28T03:11:28.000Z</time>
        <extensions>
          <ns3:TrackPointExtension>
            <ns3:hr>141</ns3:hr>
            <ns3:cad>90</ns3:cad>
          </ns3:TrackPointExtension>
        </extensions>
      </trkpt>
      <trkpt lat="38.7196194939315319061279296875" lon="112.75854206643998622894287109375">
        <ele>801.79998779296875</ele>
        <time>2026-08-28T03:11:29.000Z</time>
        <extensions>
          <ns3:TrackPointExtension>
            <ns3:hr>141</ns3:hr>
            <ns3:cad>92</ns3:cad>
          </ns3:TrackPointExtension>
        </extensions>
      </trkpt>
      <trkpt lat="38.71961899101734161376953125" lon="112.75856561958789825439453125">
        <ele>801.79998779296875</ele>
        <time>2026-08-28T03:11:30.000Z</time>
        <extensions>
          <ns3:TrackPointExtension>
            <ns3:hr>142</ns3:hr>
            <ns3:cad>92</ns3:cad>
          </ns3:TrackPointExtension>
        </extensions>
      </trkpt>
      <trkpt lat="38.7196057476103305816650390625" lon="112.75859738700091838836669921875">
        <ele>801.79998779296875</ele>
        <time>2026-08-28T03:11:31.000Z</time>
        <extensions>
          <ns3:TrackPointExtension>
            <ns3:hr>143</ns3:hr>
            <ns3:cad>93</ns3:cad>
          </ns3:TrackPointExtension>
        </extensions>
      </trkpt>
      <trkpt lat="38.7196017242968082427978515625" lon="112.75862253271043300628662109375">
        <ele>801.79998779296875</ele>
        <time>2026-08-28T03:11:32.000Z</time>
        <extensions>
          <ns3:TrackPointExtension>
            <ns3:hr>143</ns3:hr>
            <ns3:cad>93</ns3:cad>
          </ns3:TrackPointExtension>
        </extensions>
      </trkpt>
      <trkpt lat="38.7195886485278606414794921875" lon="112.75865145027637481689453125">
        <ele>801.5999755859375</ele>
        <time>2026-08-28T03:11:33.000Z</time>
        <extensions>
          <ns3:TrackPointExtension>
            <ns3:hr>142</ns3:hr>
            <ns3:cad>93</ns3:cad>
          </ns3:TrackPointExtension>
        </extensions>
      </trkpt>
      <trkpt lat="38.7195873074233531951904296875" lon="112.75867827236652374267578125">
        <ele>801.5999755859375</ele>
        <time>2026-08-28T03:11:34.000Z</time>
        <extensions>
          <ns3:TrackPointExtension>
            <ns3:hr>142</ns3:hr>
            <ns3:cad>92</ns3:cad>
          </ns3:TrackPointExtension>
        </extensions>
      </trkpt>
      <trkpt lat="38.71958001516759395599365234375" lon="112.75870819576084613800048828125">
        <ele>801.5999755859375</ele>
        <time>2026-08-28T03:11:35.000Z</time>
        <extensions>
          <ns3:TrackPointExtension>
            <ns3:hr>142</ns3:hr>
            <ns3:cad>92</ns3:cad>
          </ns3:TrackPointExtension>
        </extensions>
      </trkpt>
      <trkpt lat="38.719578087329864501953125" lon="112.7587381191551685333251953125">
        <ele>801.5999755859375</ele>
        <time>2026-08-28T03:11:36.000Z</time>
        <extensions>
          <ns3:TrackPointExtension>
            <ns3:hr>142</ns3:hr>
            <ns3:cad>92</ns3:cad>
          </ns3:TrackPointExtension>
        </extensions>
      </trkpt>
      <trkpt lat="38.719568364322185516357421875" lon="112.7587647736072540283203125">
        <ele>801.5999755859375</ele>
        <time>2026-08-28T03:11:37.000Z</time>
        <extensions>
          <ns3:TrackPointExtension>
            <ns3:hr>142</ns3:hr>
            <ns3:cad>92</ns3:cad>
          </ns3:TrackPointExtension>
        </extensions>
      </trkpt>
      <trkpt lat="38.7195658497512340545654296875" lon="112.758799307048320770263671875">
        <ele>801.5999755859375</ele>
        <time>2026-08-28T03:11:38.000Z</time>
        <extensions>
          <ns3:TrackPointExtension>
            <ns3:hr>141</ns3:hr>
            <ns3:cad>93</ns3:cad>
          </ns3:TrackPointExtension>
        </extensions>
      </trkpt>
      <trkpt lat="38.719556629657745361328125" lon="112.758826129138469696044921875">
        <ele>801.5999755859375</ele>
        <time>2026-08-28T03:11:39.000Z</time>
        <extensions>
          <ns3:TrackPointExtension>
            <ns3:hr>141</ns3:hr>
            <ns3:cad>93</ns3:cad>
          </ns3:TrackPointExtension>
        </extensions>
      </trkpt>
      <trkpt lat="38.7195477448403835296630859375" lon="112.75886158458888530731201171875">
        <ele>801.5999755859375</ele>
        <time>2026-08-28T03:11:40.000Z</time>
        <extensions>
          <ns3:TrackPointExtension>
            <ns3:hr>139</ns3:hr>
            <ns3:cad>91</ns3:cad>
          </ns3:TrackPointExtension>
        </extensions>
      </trkpt>
      <trkpt lat="38.7195433862507343292236328125" lon="112.758889161050319671630859375">
        <ele>801.5999755859375</ele>
        <time>2026-08-28T03:11:41.000Z</time>
        <extensions>
          <ns3:TrackPointExtension>
            <ns3:hr>139</ns3:hr>
            <ns3:cad>91</ns3:cad>
          </ns3:TrackPointExtension>
        </extensions>
      </trkpt>
      <trkpt lat="38.719529472291469573974609375" lon="112.75892511941492557525634765625">
        <ele>801.5999755859375</ele>
        <time>2026-08-28T03:11:42.000Z</time>
        <extensions>
          <ns3:TrackPointExtension>
            <ns3:hr>138</ns3:hr>
            <ns3:cad>92</ns3:cad>
          </ns3:TrackPointExtension>
        </extensions>
      </trkpt>
      <trkpt lat="38.71952670626342296600341796875" lon="112.7589516900479793548583984375">
        <ele>801.4000244140625</ele>
        <time>2026-08-28T03:11:43.000Z</time>
        <extensions>
          <ns3:TrackPointExtension>
            <ns3:hr>138</ns3:hr>
            <ns3:cad>92</ns3:cad>
          </ns3:TrackPointExtension>
        </extensions>
      </trkpt>
      <trkpt lat="38.719518072903156280517578125" lon="112.75899167172610759735107421875">
        <ele>801.4000244140625</ele>
        <time>2026-08-28T03:11:44.000Z</time>
        <extensions>
          <ns3:TrackPointExtension>
            <ns3:hr>138</ns3:hr>
            <ns3:cad>93</ns3:cad>
          </ns3:TrackPointExtension>
        </extensions>
      </trkpt>
      <trkpt lat="38.71951513923704624176025390625" lon="112.75901966728270053863525390625">
        <ele>801.4000244140625</ele>
        <time>2026-08-28T03:11:45.000Z</time>
        <extensions>
          <ns3:TrackPointExtension>
            <ns3:hr>139</ns3:hr>
            <ns3:cad>93</ns3:cad>
          </ns3:TrackPointExtension>
        </extensions>
      </trkpt>
      <trkpt lat="38.71950323693454265594482421875" lon="112.75905420072376728057861328125">
        <ele>801.4000244140625</ele>
        <time>2026-08-28T03:11:46.000Z</time>
        <extensions>
          <ns3:TrackPointExtension>
            <ns3:hr>139</ns3:hr>
            <ns3:cad>93</ns3:cad>
          </ns3:TrackPointExtension>
        </extensions>
      </trkpt>
      <trkpt lat="38.71949770487844944000244140625" lon="112.7590834535658359527587890625">
        <ele>801.4000244140625</ele>
        <time>2026-08-28T03:11:47.000Z</time>
        <extensions>
          <ns3:TrackPointExtension>
            <ns3:hr>140</ns3:hr>
            <ns3:cad>91</ns3:cad>
          </ns3:TrackPointExtension>
        </extensions>
      </trkpt>
      <trkpt lat="38.71948353946208953857421875" lon="112.75911555625498294830322265625">
        <ele>801.4000244140625</ele>
        <time>2026-08-28T03:11:48.000Z</time>
        <extensions>
          <ns3:TrackPointExtension>
            <ns3:hr>140</ns3:hr>
            <ns3:cad>91</ns3:cad>
          </ns3:TrackPointExtension>
        </extensions>
      </trkpt>
      <trkpt lat="38.719477839767932891845703125" lon="112.7591456472873687744140625">
        <ele>801.4000244140625</ele>
        <time>2026-08-28T03:11:49.000Z</time>
        <extensions>
          <ns3:TrackPointExtension>
            <ns3:hr>140</ns3:hr>
            <ns3:cad>92</ns3:cad>
          </ns3:TrackPointExtension>
        </extensions>
      </trkpt>
      <trkpt lat="38.71946266852319240570068359375" lon="112.75917590595781803131103515625">
        <ele>801.4000244140625</ele>
        <time>2026-08-28T03:11:50.000Z</time>
        <extensions>
          <ns3:TrackPointExtension>
            <ns3:hr>139</ns3:hr>
            <ns3:cad>92</ns3:cad>
          </ns3:TrackPointExtension>
        </extensions>
      </trkpt>
      <trkpt lat="38.7194575555622577667236328125" lon="112.75920658372342586517333984375">
        <ele>801.4000244140625</ele>
        <time>2026-08-28T03:11:51.000Z</time>
        <extensions>
          <ns3:TrackPointExtension>
            <ns3:hr>139</ns3:hr>
            <ns3:cad>94</ns3:cad>
          </ns3:TrackPointExtension>
        </extensions>
      </trkpt>
      <trkpt lat="38.7194471620023250579833984375" lon="112.75923642329871654510498046875">
        <ele>801.4000244140625</ele>
        <time>2026-08-28T03:11:52.000Z</time>
        <extensions>
          <ns3:TrackPointExtension>
            <ns3:hr>139</ns3:hr>
            <ns3:cad>94</ns3:cad>
          </ns3:TrackPointExtension>
        </extensions>
      </trkpt>
      <trkpt lat="38.7194404564797878265380859375" lon="112.75926693342626094818115234375">
        <ele>801.4000244140625</ele>
        <time>2026-08-28T03:11:53.000Z</time>
        <extensions>
          <ns3:TrackPointExtension>
            <ns3:hr>140</ns3:hr>
            <ns3:cad>94</ns3:cad>
          </ns3:TrackPointExtension>
        </extensions>
      </trkpt>
      <trkpt lat="38.71942897327244281768798828125" lon="112.7592963539063930511474609375">
        <ele>801.4000244140625</ele>
        <time>2026-08-28T03:11:54.000Z</time>
        <extensions>
          <ns3:TrackPointExtension>
            <ns3:hr>139</ns3:hr>
            <ns3:cad>92</ns3:cad>
          </ns3:TrackPointExtension>
        </extensions>
      </trkpt>
      <trkpt lat="38.7194196693599224090576171875" lon="112.75932996533811092376708984375">
        <ele>801.4000244140625</ele>
        <time>2026-08-28T03:11:55.000Z</time>
        <extensions>
          <ns3:TrackPointExtension>
            <ns3:hr>140</ns3:hr>
            <ns3:cad>92</ns3:cad>
          </ns3:TrackPointExtension>
        </extensions>
      </trkpt>
      <trkpt lat="38.71941187418997287750244140625" lon="112.7593577094376087188720703125">
        <ele>801.20001220703125</ele>
        <time>2026-08-28T03:11:56.000Z</time>
        <extensions>
          <ns3:TrackPointExtension>
            <ns3:hr>140</ns3:hr>
            <ns3:cad>92</ns3:cad>
          </ns3:TrackPointExtension>
        </extensions>
      </trkpt>
      <trkpt lat="38.7194035761058330535888671875" lon="112.75938260369002819061279296875">
        <ele>801.20001220703125</ele>
        <time>2026-08-28T03:11:57.000Z</time>
        <extensions>
          <ns3:TrackPointExtension>
            <ns3:hr>140</ns3:hr>
            <ns3:cad>92</ns3:cad>
          </ns3:TrackPointExtension>
        </extensions>
      </trkpt>
      <trkpt lat="38.71940164826810359954833984375" lon="112.75940959341824054718017578125">
        <ele>801.20001220703125</ele>
        <time>2026-08-28T03:11:58.000Z</time>
        <extensions>
          <ns3:TrackPointExtension>
            <ns3:hr>140</ns3:hr>
            <ns3:cad>92</ns3:cad>
          </ns3:TrackPointExtension>
        </extensions>
      </trkpt>
      <trkpt lat="38.7193889915943145751953125" lon="112.75943867862224578857421875">
        <ele>801.20001220703125</ele>
        <time>2026-08-28T03:11:59.000Z</time>
        <extensions>
          <ns3:TrackPointExtension>
            <ns3:hr>139</ns3:hr>
            <ns3:cad>93</ns3:cad>
          </ns3:TrackPointExtension>
        </extensions>
      </trkpt>
      <trkpt lat="38.71937952004373073577880859375" lon="112.75946239940822124481201171875">
        <ele>801.20001220703125</ele>
        <time>2026-08-28T03:12:00.000Z</time>
        <extensions>
          <ns3:TrackPointExtension>
            <ns3:hr>140</ns3:hr>
            <ns3:cad>93</ns3:cad>
          </ns3:TrackPointExtension>
        </extensions>
      </trkpt>
      <trkpt lat="38.7193630076944828033447265625" lon="112.759495675563812255859375">
        <ele>801.20001220703125</ele>
        <time>2026-08-28T03:12:01.000Z</time>
        <extensions>
          <ns3:TrackPointExtension>
            <ns3:hr>140</ns3:hr>
            <ns3:cad>91</ns3:cad>
          </ns3:TrackPointExtension>
        </extensions>
      </trkpt>
      <trkpt lat="38.7193559668958187103271484375" lon="112.7595199830830097198486328125">
        <ele>801.20001220703125</ele>
        <time>2026-08-28T03:12:02.000Z</time>
        <extensions>
          <ns3:TrackPointExtension>
            <ns3:hr>140</ns3:hr>
            <ns3:cad>91</ns3:cad>
          </ns3:TrackPointExtension>
        </extensions>
      </trkpt>
      <trkpt lat="38.71933978982269763946533203125" lon="112.759551666676998138427734375">
        <ele>801.4000244140625</ele>
        <time>2026-08-28T03:12:03.000Z</time>
        <extensions>
          <ns3:TrackPointExtension>
            <ns3:hr>139</ns3:hr>
            <ns3:cad>91</ns3:cad>
          </ns3:TrackPointExtension>
        </extensions>
      </trkpt>
      <trkpt lat="38.7193358503282070159912109375" lon="112.7595763094723224639892578125">
        <ele>801.4000244140625</ele>
        <time>2026-08-28T03:12:04.000Z</time>
        <extensions>
          <ns3:TrackPointExtension>
            <ns3:hr>140</ns3:hr>
            <ns3:cad>93</ns3:cad>
          </ns3:TrackPointExtension>
        </extensions>
      </trkpt>
      <trkpt lat="38.7193207629024982452392578125" lon="112.75960992090404033660888671875">
        <ele>801.4000244140625</ele>
        <time>2026-08-28T03:12:05.000Z</time>
        <extensions>
          <ns3:TrackPointExtension>
            <ns3:hr>140</ns3:hr>
            <ns3:cad>93</ns3:cad>
          </ns3:TrackPointExtension>
        </extensions>
      </trkpt>
      <trkpt lat="38.71932051144540309906005859375" lon="112.75963640771806240081787109375">
        <ele>801.4000244140625</ele>
        <time>2026-08-28T03:12:06.000Z</time>
        <extensions>
          <ns3:TrackPointExtension>
            <ns3:hr>140</ns3:hr>
            <ns3:cad>93</ns3:cad>
          </ns3:TrackPointExtension>
        </extensions>
      </trkpt>
      <trkpt lat="38.71930710040032863616943359375" lon="112.75966440327465534210205078125">
        <ele>801.4000244140625</ele>
        <time>2026-08-28T03:12:07.000Z</time>
        <extensions>
          <ns3:TrackPointExtension>
            <ns3:hr>140</ns3:hr>
            <ns3:cad>93</ns3:cad>
          </ns3:TrackPointExtension>
        </extensions>
      </trkpt>
      <trkpt lat="38.71930307708680629730224609375" lon="112.75969290174543857574462890625">
        <ele>801.4000244140625</ele>
        <time>2026-08-28T03:12:08.000Z</time>
        <extensions>
          <ns3:TrackPointExtension>
            <ns3:hr>141</ns3:hr>
            <ns3:cad>93</ns3:cad>
          </ns3:TrackPointExtension>
        </extensions>
      </trkpt>
      <trkpt lat="38.719294108450412750244140625" lon="112.7597208134829998016357421875">
        <ele>801.20001220703125</ele>
        <time>2026-08-28T03:12:09.000Z</time>
        <extensions>
          <ns3:TrackPointExtension>
            <ns3:hr>141</ns3:hr>
            <ns3:cad>93</ns3:cad>
          </ns3:TrackPointExtension>
        </extensions>
      </trkpt>
      <trkpt lat="38.71928832493722438812255859375" lon="112.75975274853408336639404296875">
        <ele>801.20001220703125</ele>
        <time>2026-08-28T03:12:10.000Z</time>
        <extensions>
          <ns3:TrackPointExtension>
            <ns3:hr>141</ns3:hr>
            <ns3:cad>91</ns3:cad>
          </ns3:TrackPointExtension>
        </extensions>
      </trkpt>
      <trkpt lat="38.71928648091852664947509765625" lon="112.759782336652278900146484375">
        <ele>801.20001220703125</ele>
        <time>2026-08-28T03:12:11.000Z</time>
        <extensions>
          <ns3:TrackPointExtension>
            <ns3:hr>141</ns3:hr>
            <ns3:cad>91</ns3:cad>
          </ns3:TrackPointExtension>
        </extensions>
      </trkpt>
      <trkpt lat="38.7192815355956554412841796875" lon="112.7598183788359165191650390625">
        <ele>801.20001220703125</ele>
        <time>2026-08-28T03:12:12.000Z</time>
        <extensions>
          <ns3:TrackPointExtension>
            <ns3:hr>141</ns3:hr>
            <ns3:cad>93</ns3:cad>
          </ns3:TrackPointExtension>
        </extensions>
      </trkpt>
      <trkpt lat="38.71927793137729167938232421875" lon="112.75984461419284343719482421875">
        <ele>801.20001220703125</ele>
        <time>2026-08-28T03:12:13.000Z</time>
        <extensions>
          <ns3:TrackPointExtension>
            <ns3:hr>141</ns3:hr>
            <ns3:cad>94</ns3:cad>
          </ns3:TrackPointExtension>
        </extensions>
      </trkpt>
      <trkpt lat="38.7192664481699466705322265625" lon="112.75987897999584674835205078125">
        <ele>801.20001220703125</ele>
        <time>2026-08-28T03:12:14.000Z</time>
        <extensions>
          <ns3:TrackPointExtension>
            <ns3:hr>141</ns3:hr>
            <ns3:cad>94</ns3:cad>
          </ns3:TrackPointExtension>
        </extensions>
      </trkpt>
      <trkpt lat="38.7192630954086780548095703125" lon="112.75990412570536136627197265625">
        <ele>801.20001220703125</ele>
        <time>2026-08-28T03:12:15.000Z</time>
        <extensions>
          <ns3:TrackPointExtension>
            <ns3:hr>141</ns3:hr>
            <ns3:cad>92</ns3:cad>
          </ns3:TrackPointExtension>
        </extensions>
      </trkpt>
      <trkpt lat="38.719250522553920745849609375" lon="112.75993614457547664642333984375">
        <ele>801.20001220703125</ele>
        <time>2026-08-28T03:12:16.000Z</time>
        <extensions>
          <ns3:TrackPointExtension>
            <ns3:hr>141</ns3:hr>
            <ns3:cad>91</ns3:cad>
          </ns3:TrackPointExtension>
        </extensions>
      </trkpt>
      <trkpt lat="38.71924473904073238372802734375" lon="112.75996170938014984130859375">
        <ele>801.20001220703125</ele>
        <time>2026-08-28T03:12:17.000Z</time>
        <extensions>
          <ns3:TrackPointExtension>
            <ns3:hr>141</ns3:hr>
            <ns3:cad>91</ns3:cad>
          </ns3:TrackPointExtension>
        </extensions>
      </trkpt>
      <trkpt lat="38.71923015452921390533447265625" lon="112.75999196805059909820556640625">
        <ele>801.20001220703125</ele>
        <time>2026-08-28T03:12:18.000Z</time>
        <extensions>
          <ns3:TrackPointExtension>
            <ns3:hr>141</ns3:hr>
            <ns3:cad>92</ns3:cad>
          </ns3:TrackPointExtension>
        </extensions>
      </trkpt>
      <trkpt lat="38.7192280590534210205078125" lon="112.76002013124525547027587890625">
        <ele>801.20001220703125</ele>
        <time>2026-08-28T03:12:19.000Z</time>
        <extensions>
          <ns3:TrackPointExtension>
            <ns3:hr>141</ns3:hr>
            <ns3:cad>93</ns3:cad>
          </ns3:TrackPointExtension>
        </extensions>
      </trkpt>
      <trkpt lat="38.71921875514090061187744140625" lon="112.7600503899157047271728515625">
        <ele>801.20001220703125</ele>
        <time>2026-08-28T03:12:20.000Z</time>
        <extensions>
          <ns3:TrackPointExtension>
            <ns3:hr>141</ns3:hr>
            <ns3:cad>93</ns3:cad>
          </ns3:TrackPointExtension>
        </extensions>
      </trkpt>
      <trkpt lat="38.71921238489449024200439453125" lon="112.760083414614200592041015625">
        <ele>801.20001220703125</ele>
        <time>2026-08-28T03:12:21.000Z</time>
        <extensions>
          <ns3:TrackPointExtension>
            <ns3:hr>141</ns3:hr>
            <ns3:cad>93</ns3:cad>
          </ns3:TrackPointExtension>
        </extensions>
      </trkpt>
      <trkpt lat="38.719205595552921295166015625" lon="112.7601137571036815643310546875">
        <ele>801.20001220703125</ele>
        <time>2026-08-28T03:12:22.000Z</time>
        <extensions>
          <ns3:TrackPointExtension>
            <ns3:hr>142</ns3:hr>
            <ns3:cad>92</ns3:cad>
          </ns3:TrackPointExtension>
        </extensions>
      </trkpt>
      <trkpt lat="38.71919997967779636383056640625" lon="112.7601492963731288909912109375">
        <ele>801.20001220703125</ele>
        <time>2026-08-28T03:12:23.000Z</time>
        <extensions>
          <ns3:TrackPointExtension>
            <ns3:hr>141</ns3:hr>
            <ns3:cad>92</ns3:cad>
          </ns3:TrackPointExtension>
        </extensions>
      </trkpt>
      <trkpt lat="38.71919461525976657867431640625" lon="112.76017754338681697845458984375">
        <ele>801.20001220703125</ele>
        <time>2026-08-28T03:12:24.000Z</time>
        <extensions>
          <ns3:TrackPointExtension>
            <ns3:hr>141</ns3:hr>
            <ns3:cad>92</ns3:cad>
          </ns3:TrackPointExtension>
        </extensions>
      </trkpt>
      <trkpt lat="38.71918707154691219329833984375" lon="112.7602119930088520050048828125">
        <ele>801.20001220703125</ele>
        <time>2026-08-28T03:12:25.000Z</time>
        <extensions>
          <ns3:TrackPointExtension>
            <ns3:hr>142</ns3:hr>
            <ns3:cad>92</ns3:cad>
          </ns3:TrackPointExtension>
        </extensions>
      </trkpt>
      <trkpt lat="38.71918447315692901611328125" lon="112.76023722253739833831787109375">
        <ele>801.20001220703125</ele>
        <time>2026-08-28T03:12:26.000Z</time>
        <extensions>
          <ns3:TrackPointExtension>
            <ns3:hr>142</ns3:hr>
            <ns3:cad>93</ns3:cad>
          </ns3:TrackPointExtension>
        </extensions>
      </trkpt>
      <trkpt lat="38.719184808433055877685546875" lon="112.7602756954729557037353515625">
        <ele>801.20001220703125</ele>
        <time>2026-08-28T03:12:27.000Z</time>
        <extensions>
          <ns3:TrackPointExtension>
            <ns3:hr>143</ns3:hr>
            <ns3:cad>93</ns3:cad>
          </ns3:TrackPointExtension>
        </extensions>
      </trkpt>
      <trkpt lat="38.71918690390884876251220703125" lon="112.76030234992504119873046875">
        <ele>801</ele>
        <time>2026-08-28T03:12:28.000Z</time>
        <extensions>
          <ns3:TrackPointExtension>
            <ns3:hr>144</ns3:hr>
            <ns3:cad>93</ns3:cad>
          </ns3:TrackPointExtension>
        </extensions>
      </trkpt>
      <trkpt lat="38.71918338350951671600341796875" lon="112.76034057140350341796875">
        <ele>801</ele>
        <time>2026-08-28T03:12:29.000Z</time>
        <extensions>
          <ns3:TrackPointExtension>
            <ns3:hr>144</ns3:hr>
            <ns3:cad>92</ns3:cad>
          </ns3:TrackPointExtension>
        </extensions>
      </trkpt>
      <trkpt lat="38.71917986311018466949462890625" lon="112.76036747731268405914306640625">
        <ele>801</ele>
        <time>2026-08-28T03:12:30.000Z</time>
        <extensions>
          <ns3:TrackPointExtension>
            <ns3:hr>145</ns3:hr>
            <ns3:cad>92</ns3:cad>
          </ns3:TrackPointExtension>
        </extensions>
      </trkpt>
      <trkpt lat="38.71916578151285648345947265625" lon="112.760400585830211639404296875">
        <ele>801</ele>
        <time>2026-08-28T03:12:31.000Z</time>
        <extensions>
          <ns3:TrackPointExtension>
            <ns3:hr>146</ns3:hr>
            <ns3:cad>92</ns3:cad>
          </ns3:TrackPointExtension>
        </extensions>
      </trkpt>
      <trkpt lat="38.71915874071419239044189453125" lon="112.7604272402822971343994140625">
        <ele>801.20001220703125</ele>
        <time>2026-08-28T03:12:32.000Z</time>
        <extensions>
          <ns3:TrackPointExtension>
            <ns3:hr>146</ns3:hr>
            <ns3:cad>92</ns3:cad>
          </ns3:TrackPointExtension>
        </extensions>
      </trkpt>
      <trkpt lat="38.719148933887481689453125" lon="112.76045925915241241455078125">
        <ele>801.20001220703125</ele>
        <time>2026-08-28T03:12:33.000Z</time>
        <extensions>
          <ns3:TrackPointExtension>
            <ns3:hr>146</ns3:hr>
            <ns3:cad>92</ns3:cad>
          </ns3:TrackPointExtension>
        </extensions>
      </trkpt>
      <trkpt lat="38.71914717368781566619873046875" lon="112.76048348285257816314697265625">
        <ele>801.20001220703125</ele>
        <time>2026-08-28T03:12:34.000Z</time>
        <extensions>
          <ns3:TrackPointExtension>
            <ns3:hr>145</ns3:hr>
            <ns3:cad>93</ns3:cad>
          </ns3:TrackPointExtension>
        </extensions>
      </trkpt>
      <trkpt lat="38.7191320024430751800537109375" lon="112.76051147840917110443115234375">
        <ele>801.20001220703125</ele>
        <time>2026-08-28T03:12:35.000Z</time>
        <extensions>
          <ns3:TrackPointExtension>
            <ns3:hr>145</ns3:hr>
            <ns3:cad>93</ns3:cad>
          </ns3:TrackPointExtension>
        </extensions>
      </trkpt>
      <trkpt lat="38.71912806294858455657958984375" lon="112.76054148562252521514892578125">
        <ele>801.20001220703125</ele>
        <time>2026-08-28T03:12:36.000Z</time>
        <extensions>
          <ns3:TrackPointExtension>
            <ns3:hr>144</ns3:hr>
            <ns3:cad>91</ns3:cad>
          </ns3:TrackPointExtension>
        </extensions>
      </trkpt>
      <trkpt lat="38.71912605129182338714599609375" lon="112.76057501323521137237548828125">
        <ele>801.20001220703125</ele>
        <time>2026-08-28T03:12:37.000Z</time>
        <extensions>
          <ns3:TrackPointExtension>
            <ns3:hr>144</ns3:hr>
            <ns3:cad>91</ns3:cad>
          </ns3:TrackPointExtension>
        </extensions>
      </trkpt>
      <trkpt lat="38.719118423759937286376953125" lon="112.76060418225824832916259765625">
        <ele>801.20001220703125</ele>
        <time>2026-08-28T03:12:38.000Z</time>
        <extensions>
          <ns3:TrackPointExtension>
            <ns3:hr>144</ns3:hr>
            <ns3:cad>91</ns3:cad>
          </ns3:TrackPointExtension>
        </extensions>
      </trkpt>
      <trkpt lat="38.719107024371623992919921875" lon="112.760633267462253570556640625">
        <ele>801.20001220703125</ele>
        <time>2026-08-28T03:12:39.000Z</time>
        <extensions>
          <ns3:TrackPointExtension>
            <ns3:hr>145</ns3:hr>
            <ns3:cad>91</ns3:cad>
          </ns3:TrackPointExtension>
        </extensions>
      </trkpt>
      <trkpt lat="38.71909772045910358428955078125" lon="112.76066319085657596588134765625">
        <ele>801.20001220703125</ele>
        <time>2026-08-28T03:12:40.000Z</time>
        <extensions>
          <ns3:TrackPointExtension>
            <ns3:hr>144</ns3:hr>
            <ns3:cad>91</ns3:cad>
          </ns3:TrackPointExtension>
        </extensions>
      </trkpt>
      <trkpt lat="38.71909218840301036834716796875" lon="112.7606887556612491607666015625">
        <ele>801.20001220703125</ele>
        <time>2026-08-28T03:12:41.000Z</time>
        <extensions>
          <ns3:TrackPointExtension>
            <ns3:hr>144</ns3:hr>
            <ns3:cad>91</ns3:cad>
          </ns3:TrackPointExtension>
        </extensions>
      </trkpt>
      <trkpt lat="38.7190843932330608367919921875" lon="112.76072236709296703338623046875">
        <ele>801</ele>
        <time>2026-08-28T03:12:42.000Z</time>
        <extensions>
          <ns3:TrackPointExtension>
            <ns3:hr>144</ns3:hr>
            <ns3:cad>91</ns3:cad>
          </ns3:TrackPointExtension>
        </extensions>
      </trkpt>
      <trkpt lat="38.71907726861536502838134765625" lon="112.760748602449893951416015625">
        <ele>801</ele>
        <time>2026-08-28T03:12:43.000Z</time>
        <extensions>
          <ns3:TrackPointExtension>
            <ns3:hr>144</ns3:hr>
            <ns3:cad>91</ns3:cad>
          </ns3:TrackPointExtension>
        </extensions>
      </trkpt>
      <trkpt lat="38.719068132340908050537109375" lon="112.760784812271595001220703125">
        <ele>801</ele>
        <time>2026-08-28T03:12:44.000Z</time>
        <extensions>
          <ns3:TrackPointExtension>
            <ns3:hr>144</ns3:hr>
            <ns3:cad>91</ns3:cad>
          </ns3:TrackPointExtension>
        </extensions>
      </trkpt>
      <trkpt lat="38.71906553395092487335205078125" lon="112.7608104608952999114990234375">
        <ele>801</ele>
        <time>2026-08-28T03:12:45.000Z</time>
        <extensions>
          <ns3:TrackPointExtension>
            <ns3:hr>144</ns3:hr>
            <ns3:cad>91</ns3:cad>
          </ns3:TrackPointExtension>
        </extensions>
      </trkpt>
      <trkpt lat="38.71905564330518245697021484375" lon="112.76084776036441326141357421875">
        <ele>801</ele>
        <time>2026-08-28T03:12:46.000Z</time>
        <extensions>
          <ns3:TrackPointExtension>
            <ns3:hr>144</ns3:hr>
            <ns3:cad>91</ns3:cad>
          </ns3:TrackPointExtension>
        </extensions>
      </trkpt>
      <trkpt lat="38.71905312873423099517822265625" lon="112.7608728222548961639404296875">
        <ele>801</ele>
        <time>2026-08-28T03:12:47.000Z</time>
        <extensions>
          <ns3:TrackPointExtension>
            <ns3:hr>144</ns3:hr>
            <ns3:cad>91</ns3:cad>
          </ns3:TrackPointExtension>
        </extensions>
      </trkpt>
      <trkpt lat="38.7190421484410762786865234375" lon="112.7609033323824405670166015625">
        <ele>801</ele>
        <time>2026-08-28T03:12:48.000Z</time>
        <extensions>
          <ns3:TrackPointExtension>
            <ns3:hr>144</ns3:hr>
            <ns3:cad>91</ns3:cad>
          </ns3:TrackPointExtension>
        </extensions>
      </trkpt>
      <trkpt lat="38.7190428189933300018310546875" lon="112.76092789135873317718505859375">
        <ele>801</ele>
        <time>2026-08-28T03:12:49.000Z</time>
        <extensions>
          <ns3:TrackPointExtension>
            <ns3:hr>143</ns3:hr>
            <ns3:cad>91</ns3:cad>
          </ns3:TrackPointExtension>
        </extensions>
      </trkpt>
      <trkpt lat="38.719028569757938385009765625" lon="112.7609586529433727264404296875">
        <ele>801</ele>
        <time>2026-08-28T03:12:50.000Z</time>
        <extensions>
          <ns3:TrackPointExtension>
            <ns3:hr>143</ns3:hr>
            <ns3:cad>91</ns3:cad>
          </ns3:TrackPointExtension>
        </extensions>
      </trkpt>
      <trkpt lat="38.71902530081570148468017578125" lon="112.7609858103096485137939453125">
        <ele>801</ele>
        <time>2026-08-28T03:12:51.000Z</time>
        <extensions>
          <ns3:TrackPointExtension>
            <ns3:hr>143</ns3:hr>
            <ns3:cad>91</ns3:cad>
          </ns3:TrackPointExtension>
        </extensions>
      </trkpt>
      <trkpt lat="38.71901205740869045257568359375" lon="112.7610149793326854705810546875">
        <ele>801</ele>
        <time>2026-08-28T03:12:52.000Z</time>
        <extensions>
          <ns3:TrackPointExtension>
            <ns3:hr>143</ns3:hr>
            <ns3:cad>92</ns3:cad>
          </ns3:TrackPointExtension>
        </extensions>
      </trkpt>
      <trkpt lat="38.719007112085819244384765625" lon="112.7610471658408641815185546875">
        <ele>801</ele>
        <time>2026-08-28T03:12:53.000Z</time>
        <extensions>
          <ns3:TrackPointExtension>
            <ns3:hr>143</ns3:hr>
            <ns3:cad>92</ns3:cad>
          </ns3:TrackPointExtension>
        </extensions>
      </trkpt>
      <trkpt lat="38.7189972214400768280029296875" lon="112.761076502501964569091796875">
        <ele>800.79998779296875</ele>
        <time>2026-08-28T03:12:54.000Z</time>
        <extensions>
          <ns3:TrackPointExtension>
            <ns3:hr>143</ns3:hr>
            <ns3:cad>93</ns3:cad>
          </ns3:TrackPointExtension>
        </extensions>
      </trkpt>
      <trkpt lat="38.71898875571787357330322265625" lon="112.7611078508198261260986328125">
        <ele>800.79998779296875</ele>
        <time>2026-08-28T03:12:55.000Z</time>
        <extensions>
          <ns3:TrackPointExtension>
            <ns3:hr>143</ns3:hr>
            <ns3:cad>93</ns3:cad>
          </ns3:TrackPointExtension>
        </extensions>
      </trkpt>
      <trkpt lat="38.7189804576337337493896484375" lon="112.76113274507224559783935546875">
        <ele>800.79998779296875</ele>
        <time>2026-08-28T03:12:56.000Z</time>
        <extensions>
          <ns3:TrackPointExtension>
            <ns3:hr>143</ns3:hr>
            <ns3:cad>93</ns3:cad>
          </ns3:TrackPointExtension>
        </extensions>
      </trkpt>
      <trkpt lat="38.71897123754024505615234375" lon="112.76116342283785343170166015625">
        <ele>800.79998779296875</ele>
        <time>2026-08-28T03:12:57.000Z</time>
        <extensions>
          <ns3:TrackPointExtension>
            <ns3:hr>143</ns3:hr>
            <ns3:cad>93</ns3:cad>
          </ns3:TrackPointExtension>
        </extensions>
      </trkpt>
      <trkpt lat="38.718966878950595855712890625" lon="112.761187814176082611083984375">
        <ele>800.79998779296875</ele>
        <time>2026-08-28T03:12:58.000Z</time>
        <extensions>
          <ns3:TrackPointExtension>
            <ns3:hr>143</ns3:hr>
            <ns3:cad>92</ns3:cad>
          </ns3:TrackPointExtension>
        </extensions>
      </trkpt>
      <trkpt lat="38.71895908378064632415771484375" lon="112.76122243143618106842041015625">
        <ele>800.79998779296875</ele>
        <time>2026-08-28T03:12:59.000Z</time>
        <extensions>
          <ns3:TrackPointExtension>
            <ns3:hr>143</ns3:hr>
            <ns3:cad>92</ns3:cad>
          </ns3:TrackPointExtension>
        </extensions>
      </trkpt>
      <trkpt lat="38.7189536355435848236083984375" lon="112.76124648749828338623046875">
        <ele>800.79998779296875</ele>
        <time>2026-08-28T03:13:00.000Z</time>
        <extensions>
          <ns3:TrackPointExtension>
            <ns3:hr>142</ns3:hr>
            <ns3:cad>92</ns3:cad>
          </ns3:TrackPointExtension>
        </extensions>
      </trkpt>
      <trkpt lat="38.718937374651432037353515625" lon="112.761276327073574066162109375">
        <ele>800.5999755859375</ele>
        <time>2026-08-28T03:13:01.000Z</time>
        <extensions>
          <ns3:TrackPointExtension>
            <ns3:hr>143</ns3:hr>
            <ns3:cad>93</ns3:cad>
          </ns3:TrackPointExtension>
        </extensions>
      </trkpt>
      <trkpt lat="38.71894047595560550689697265625" lon="112.7613076753914356231689453125">
        <ele>800.5999755859375</ele>
        <time>2026-08-28T03:13:02.000Z</time>
        <extensions>
          <ns3:TrackPointExtension>
            <ns3:hr>142</ns3:hr>
            <ns3:cad>93</ns3:cad>
          </ns3:TrackPointExtension>
        </extensions>
      </trkpt>
      <trkpt lat="38.718926645815372467041015625" lon="112.76134028099477291107177734375">
        <ele>800.5999755859375</ele>
        <time>2026-08-28T03:13:03.000Z</time>
        <extensions>
          <ns3:TrackPointExtension>
            <ns3:hr>142</ns3:hr>
            <ns3:cad>93</ns3:cad>
          </ns3:TrackPointExtension>
        </extensions>
      </trkpt>
      <trkpt lat="38.7189244665205478668212890625" lon="112.761363498866558074951171875">
        <ele>800.5999755859375</ele>
        <time>2026-08-28T03:13:04.000Z</time>
        <extensions>
          <ns3:TrackPointExtension>
            <ns3:hr>142</ns3:hr>
            <ns3:cad>93</ns3:cad>
          </ns3:TrackPointExtension>
        </extensions>
      </trkpt>
      <trkpt lat="38.71891650371253490447998046875" lon="112.761394679546356201171875">
        <ele>800.5999755859375</ele>
        <time>2026-08-28T03:13:05.000Z</time>
        <extensions>
          <ns3:TrackPointExtension>
            <ns3:hr>141</ns3:hr>
            <ns3:cad>91</ns3:cad>
          </ns3:TrackPointExtension>
        </extensions>
      </trkpt>
      <trkpt lat="38.71891281567513942718505859375" lon="112.76142242364585399627685546875">
        <ele>800.5999755859375</ele>
        <time>2026-08-28T03:13:06.000Z</time>
        <extensions>
          <ns3:TrackPointExtension>
            <ns3:hr>141</ns3:hr>
            <ns3:cad>91</ns3:cad>
          </ns3:TrackPointExtension>
        </extensions>
      </trkpt>
      <trkpt lat="38.718903847038745880126953125" lon="112.76145192794501781463623046875">
        <ele>800.79998779296875</ele>
        <time>2026-08-28T03:13:07.000Z</time>
        <extensions>
          <ns3:TrackPointExtension>
            <ns3:hr>140</ns3:hr>
            <ns3:cad>92</ns3:cad>
          </ns3:TrackPointExtension>
        </extensions>
      </trkpt>
      <trkpt lat="38.7188993208110332489013671875" lon="112.7614820189774036407470703125">
        <ele>800.79998779296875</ele>
        <time>2026-08-28T03:13:08.000Z</time>
        <extensions>
          <ns3:TrackPointExtension>
            <ns3:hr>140</ns3:hr>
            <ns3:cad>94</ns3:cad>
          </ns3:TrackPointExtension>
        </extensions>
      </trkpt>
      <trkpt lat="38.71889957226812839508056640625" lon="112.761506326496601104736328125">
        <ele>800.5999755859375</ele>
        <time>2026-08-28T03:13:09.000Z</time>
        <extensions>
          <ns3:TrackPointExtension>
            <ns3:hr>140</ns3:hr>
            <ns3:cad>94</ns3:cad>
          </ns3:TrackPointExtension>
        </extensions>
      </trkpt>
      <trkpt lat="38.71889638714492321014404296875" lon="112.76153842918574810028076171875">
        <ele>800.5999755859375</ele>
        <time>2026-08-28T03:13:10.000Z</time>
        <extensions>
          <ns3:TrackPointExtension>
            <ns3:hr>141</ns3:hr>
            <ns3:cad>92</ns3:cad>
          </ns3:TrackPointExtension>
        </extensions>
      </trkpt>
      <trkpt lat="38.71889001689851284027099609375" lon="112.76156391017138957977294921875">
        <ele>800.5999755859375</ele>
        <time>2026-08-28T03:13:11.000Z</time>
        <extensions>
          <ns3:TrackPointExtension>
            <ns3:hr>140</ns3:hr>
            <ns3:cad>92</ns3:cad>
          </ns3:TrackPointExtension>
        </extensions>
      </trkpt>
      <trkpt lat="38.71888230554759502410888671875" lon="112.76159894652664661407470703125">
        <ele>800.5999755859375</ele>
        <time>2026-08-28T03:13:12.000Z</time>
        <extensions>
          <ns3:TrackPointExtension>
            <ns3:hr>140</ns3:hr>
            <ns3:cad>92</ns3:cad>
          </ns3:TrackPointExtension>
        </extensions>
      </trkpt>
      <trkpt lat="38.71887375600636005401611328125" lon="112.76162157766520977020263671875">
        <ele>800.5999755859375</ele>
        <time>2026-08-28T03:13:13.000Z</time>
        <extensions>
          <ns3:TrackPointExtension>
            <ns3:hr>140</ns3:hr>
            <ns3:cad>93</ns3:cad>
          </ns3:TrackPointExtension>
        </extensions>
      </trkpt>
      <trkpt lat="38.7188605964183807373046875" lon="112.76165661402046680450439453125">
        <ele>800.5999755859375</ele>
        <time>2026-08-28T03:13:14.000Z</time>
        <extensions>
          <ns3:TrackPointExtension>
            <ns3:hr>140</ns3:hr>
            <ns3:cad>93</ns3:cad>
          </ns3:TrackPointExtension>
        </extensions>
      </trkpt>
      <trkpt lat="38.7188530527055263519287109375" lon="112.76168108917772769927978515625">
        <ele>800.5999755859375</ele>
        <time>2026-08-28T03:13:15.000Z</time>
        <extensions>
          <ns3:TrackPointExtension>
            <ns3:hr>141</ns3:hr>
            <ns3:cad>93</ns3:cad>
          </ns3:TrackPointExtension>
        </extensions>
      </trkpt>
      <trkpt lat="38.71884207241237163543701171875" lon="112.7617173828184604644775390625">
        <ele>800.5999755859375</ele>
        <time>2026-08-28T03:13:16.000Z</time>
        <extensions>
          <ns3:TrackPointExtension>
            <ns3:hr>141</ns3:hr>
            <ns3:cad>93</ns3:cad>
          </ns3:TrackPointExtension>
        </extensions>
      </trkpt>
      <trkpt lat="38.7188372947275638580322265625" lon="112.76174378581345081329345703125">
        <ele>800.5999755859375</ele>
        <time>2026-08-28T03:13:17.000Z</time>
        <extensions>
          <ns3:TrackPointExtension>
            <ns3:hr>141</ns3:hr>
            <ns3:cad>92</ns3:cad>
          </ns3:TrackPointExtension>
        </extensions>
      </trkpt>
      <trkpt lat="38.71882765553891658782958984375" lon="112.7617807500064373016357421875">
        <ele>800.5999755859375</ele>
        <time>2026-08-28T03:13:18.000Z</time>
        <extensions>
          <ns3:TrackPointExtension>
            <ns3:hr>141</ns3:hr>
            <ns3:cad>92</ns3:cad>
          </ns3:TrackPointExtension>
        </extensions>
      </trkpt>
      <trkpt lat="38.71882430277764797210693359375" lon="112.7618082426488399505615234375">
        <ele>800.5999755859375</ele>
        <time>2026-08-28T03:13:19.000Z</time>
        <extensions>
          <ns3:TrackPointExtension>
            <ns3:hr>142</ns3:hr>
            <ns3:cad>92</ns3:cad>
          </ns3:TrackPointExtension>
        </extensions>
      </trkpt>
      <trkpt lat="38.71881164610385894775390625" lon="112.76184168644249439239501953125">
        <ele>800.5999755859375</ele>
        <time>2026-08-28T03:13:20.000Z</time>
        <extensions>
          <ns3:TrackPointExtension>
            <ns3:hr>142</ns3:hr>
            <ns3:cad>91</ns3:cad>
          </ns3:TrackPointExtension>
        </extensions>
      </trkpt>
      <trkpt lat="38.71881022118031978607177734375" lon="112.76186482049524784088134765625">
        <ele>800.5999755859375</ele>
        <time>2026-08-28T03:13:21.000Z</time>
        <extensions>
          <ns3:TrackPointExtension>
            <ns3:hr>142</ns3:hr>
            <ns3:cad>91</ns3:cad>
          </ns3:TrackPointExtension>
        </extensions>
      </trkpt>
      <trkpt lat="38.7187973968684673309326171875" lon="112.76189625263214111328125">
        <ele>800.5999755859375</ele>
        <time>2026-08-28T03:13:22.000Z</time>
        <extensions>
          <ns3:TrackPointExtension>
            <ns3:hr>142</ns3:hr>
            <ns3:cad>92</ns3:cad>
          </ns3:TrackPointExtension>
        </extensions>
      </trkpt>
      <trkpt lat="38.7187947146594524383544921875" lon="112.76192240417003631591796875">
        <ele>800.4000244140625</ele>
        <time>2026-08-28T03:13:23.000Z</time>
        <extensions>
          <ns3:TrackPointExtension>
            <ns3:hr>142</ns3:hr>
            <ns3:cad>92</ns3:cad>
          </ns3:TrackPointExtension>
        </extensions>
      </trkpt>
      <trkpt lat="38.71878054924309253692626953125" lon="112.7619512379169464111328125">
        <ele>800.4000244140625</ele>
        <time>2026-08-28T03:13:24.000Z</time>
        <extensions>
          <ns3:TrackPointExtension>
            <ns3:hr>142</ns3:hr>
            <ns3:cad>92</ns3:cad>
          </ns3:TrackPointExtension>
        </extensions>
      </trkpt>
      <trkpt lat="38.71877543628215789794921875" lon="112.76198049075901508331298828125">
        <ele>800.5999755859375</ele>
        <time>2026-08-28T03:13:25.000Z</time>
        <extensions>
          <ns3:TrackPointExtension>
            <ns3:hr>143</ns3:hr>
            <ns3:cad>92</ns3:cad>
          </ns3:TrackPointExtension>
        </extensions>
      </trkpt>
      <trkpt lat="38.71876244433224201202392578125" lon="112.7620094083249568939208984375">
        <ele>800.5999755859375</ele>
        <time>2026-08-28T03:13:26.000Z</time>
        <extensions>
          <ns3:TrackPointExtension>
            <ns3:hr>142</ns3:hr>
            <ns3:cad>91</ns3:cad>
          </ns3:TrackPointExtension>
        </extensions>
      </trkpt>
      <trkpt lat="38.71875666081905364990234375" lon="112.76203983463346958160400390625">
        <ele>800.4000244140625</ele>
        <time>2026-08-28T03:13:27.000Z</time>
        <extensions>
          <ns3:TrackPointExtension>
            <ns3:hr>142</ns3:hr>
            <ns3:cad>91</ns3:cad>
          </ns3:TrackPointExtension>
        </extensions>
      </trkpt>
      <trkpt lat="38.718747608363628387451171875" lon="112.7620660699903964996337890625">
        <ele>800.4000244140625</ele>
        <time>2026-08-28T03:13:28.000Z</time>
        <extensions>
          <ns3:TrackPointExtension>
            <ns3:hr>142</ns3:hr>
            <ns3:cad>92</ns3:cad>
          </ns3:TrackPointExtension>
        </extensions>
      </trkpt>
      <trkpt lat="38.7187390588223934173583984375" lon="112.76209481991827487945556640625">
        <ele>800.4000244140625</ele>
        <time>2026-08-28T03:13:29.000Z</time>
        <extensions>
          <ns3:TrackPointExtension>
            <ns3:hr>143</ns3:hr>
            <ns3:cad>92</ns3:cad>
          </ns3:TrackPointExtension>
        </extensions>
      </trkpt>
      <trkpt lat="38.71872983872890472412109375" lon="112.76211879216134548187255859375">
        <ele>800.4000244140625</ele>
        <time>2026-08-28T03:13:30.000Z</time>
        <extensions>
          <ns3:TrackPointExtension>
            <ns3:hr>143</ns3:hr>
            <ns3:cad>92</ns3:cad>
          </ns3:TrackPointExtension>
        </extensions>
      </trkpt>
      <trkpt lat="38.71872204355895519256591796875" lon="112.762150056660175323486328125">
        <ele>800.4000244140625</ele>
        <time>2026-08-28T03:13:31.000Z</time>
        <extensions>
          <ns3:TrackPointExtension>
            <ns3:hr>143</ns3:hr>
            <ns3:cad>92</ns3:cad>
          </ns3:TrackPointExtension>
        </extensions>
      </trkpt>
      <trkpt lat="38.71871751733124256134033203125" lon="112.7621767111122608184814453125">
        <ele>800.4000244140625</ele>
        <time>2026-08-28T03:13:32.000Z</time>
        <extensions>
          <ns3:TrackPointExtension>
            <ns3:hr>144</ns3:hr>
            <ns3:cad>92</ns3:cad>
          </ns3:TrackPointExtension>
        </extensions>
      </trkpt>
      <trkpt lat="38.71870997361838817596435546875" lon="112.76221116073429584503173828125">
        <ele>800.4000244140625</ele>
        <time>2026-08-28T03:13:33.000Z</time>
        <extensions>
          <ns3:TrackPointExtension>
            <ns3:hr>144</ns3:hr>
            <ns3:cad>91</ns3:cad>
          </ns3:TrackPointExtension>
        </extensions>
      </trkpt>
      <trkpt lat="38.71870435774326324462890625" lon="112.7622380666434764862060546875">
        <ele>800.4000244140625</ele>
        <time>2026-08-28T03:13:34.000Z</time>
        <extensions>
          <ns3:TrackPointExtension>
            <ns3:hr>145</ns3:hr>
            <ns3:cad>91</ns3:cad>
          </ns3:TrackPointExtension>
        </extensions>
      </trkpt>
      <trkpt lat="38.71869488619267940521240234375" lon="112.7622702531516551971435546875">
        <ele>800.4000244140625</ele>
        <time>2026-08-28T03:13:35.000Z</time>
        <extensions>
          <ns3:TrackPointExtension>
            <ns3:hr>145</ns3:hr>
            <ns3:cad>92</ns3:cad>
          </ns3:TrackPointExtension>
        </extensions>
      </trkpt>
      <trkpt lat="38.71869237162172794342041015625" lon="112.76229732669889926910400390625">
        <ele>800.4000244140625</ele>
        <time>2026-08-28T03:13:36.000Z</time>
        <extensions>
          <ns3:TrackPointExtension>
            <ns3:hr>145</ns3:hr>
            <ns3:cad>92</ns3:cad>
          </ns3:TrackPointExtension>
        </extensions>
      </trkpt>
      <trkpt lat="38.7186830677092075347900390625" lon="112.7623295970261096954345703125">
        <ele>800.4000244140625</ele>
        <time>2026-08-28T03:13:37.000Z</time>
        <extensions>
          <ns3:TrackPointExtension>
            <ns3:hr>145</ns3:hr>
            <ns3:cad>92</ns3:cad>
          </ns3:TrackPointExtension>
        </extensions>
      </trkpt>
      <trkpt lat="38.718679882586002349853515625" lon="112.7623534016311168670654296875">
        <ele>800.4000244140625</ele>
        <time>2026-08-28T03:13:38.000Z</time>
        <extensions>
          <ns3:TrackPointExtension>
            <ns3:hr>144</ns3:hr>
            <ns3:cad>92</ns3:cad>
          </ns3:TrackPointExtension>
        </extensions>
      </trkpt>
      <trkpt lat="38.71867393143475055694580078125" lon="112.76238667778670787811279296875">
        <ele>800.4000244140625</ele>
        <time>2026-08-28T03:13:39.000Z</time>
        <extensions>
          <ns3:TrackPointExtension>
            <ns3:hr>144</ns3:hr>
            <ns3:cad>92</ns3:cad>
          </ns3:TrackPointExtension>
        </extensions>
      </trkpt>
      <trkpt lat="38.71867041103541851043701171875" lon="112.76241232641041278839111328125">
        <ele>800.4000244140625</ele>
        <time>2026-08-28T03:13:40.000Z</time>
        <extensions>
          <ns3:TrackPointExtension>
            <ns3:hr>144</ns3:hr>
            <ns3:cad>90</ns3:cad>
          </ns3:TrackPointExtension>
        </extensions>
      </trkpt>
      <trkpt lat="38.718661107122898101806640625" lon="112.7624499611556529998779296875">
        <ele>800.4000244140625</ele>
        <time>2026-08-28T03:13:41.000Z</time>
        <extensions>
          <ns3:TrackPointExtension>
            <ns3:hr>144</ns3:hr>
            <ns3:cad>90</ns3:cad>
          </ns3:TrackPointExtension>
        </extensions>
      </trkpt>
      <trkpt lat="38.71866068802773952484130859375" lon="112.762476615607738494873046875">
        <ele>800.4000244140625</ele>
        <time>2026-08-28T03:13:42.000Z</time>
        <extensions>
          <ns3:TrackPointExtension>
            <ns3:hr>144</ns3:hr>
            <ns3:cad>92</ns3:cad>
          </ns3:TrackPointExtension>
        </extensions>
      </trkpt>
      <trkpt lat="38.7186502106487751007080078125" lon="112.7625093050301074981689453125">
        <ele>800.4000244140625</ele>
        <time>2026-08-28T03:13:43.000Z</time>
        <extensions>
          <ns3:TrackPointExtension>
            <ns3:hr>144</ns3:hr>
            <ns3:cad>92</ns3:cad>
          </ns3:TrackPointExtension>
        </extensions>
      </trkpt>
      <trkpt lat="38.718649037182331085205078125" lon="112.76253319345414638519287109375">
        <ele>800.4000244140625</ele>
        <time>2026-08-28T03:13:44.000Z</time>
        <extensions>
          <ns3:TrackPointExtension>
            <ns3:hr>144</ns3:hr>
            <ns3:cad>92</ns3:cad>
          </ns3:TrackPointExtension>
        </extensions>
      </trkpt>
      <trkpt lat="38.71863420121371746063232421875" lon="112.76256437413394451141357421875">
        <ele>800.4000244140625</ele>
        <time>2026-08-28T03:13:45.000Z</time>
        <extensions>
          <ns3:TrackPointExtension>
            <ns3:hr>145</ns3:hr>
            <ns3:cad>92</ns3:cad>
          </ns3:TrackPointExtension>
        </extensions>
      </trkpt>
      <trkpt lat="38.718628920614719390869140625" lon="112.7625914476811885833740234375">
        <ele>800.4000244140625</ele>
        <time>2026-08-28T03:13:46.000Z</time>
        <extensions>
          <ns3:TrackPointExtension>
            <ns3:hr>144</ns3:hr>
            <ns3:cad>92</ns3:cad>
          </ns3:TrackPointExtension>
        </extensions>
      </trkpt>
      <trkpt lat="38.7186129949986934661865234375" lon="112.762621454894542694091796875">
        <ele>800.20001220703125</ele>
        <time>2026-08-28T03:13:47.000Z</time>
        <extensions>
          <ns3:TrackPointExtension>
            <ns3:hr>144</ns3:hr>
            <ns3:cad>92</ns3:cad>
          </ns3:TrackPointExtension>
        </extensions>
      </trkpt>
      <trkpt lat="38.7186089716851711273193359375" lon="112.7626512944698333740234375">
        <ele>800.20001220703125</ele>
        <time>2026-08-28T03:13:48.000Z</time>
        <extensions>
          <ns3:TrackPointExtension>
            <ns3:hr>144</ns3:hr>
            <ns3:cad>92</ns3:cad>
          </ns3:TrackPointExtension>
        </extensions>
      </trkpt>
      <trkpt lat="38.7185969017446041107177734375" lon="112.7626807987689971923828125">
        <ele>800.4000244140625</ele>
        <time>2026-08-28T03:13:49.000Z</time>
        <extensions>
          <ns3:TrackPointExtension>
            <ns3:hr>144</ns3:hr>
            <ns3:cad>92</ns3:cad>
          </ns3:TrackPointExtension>
        </extensions>
      </trkpt>
      <trkpt lat="38.718592710793018341064453125" lon="112.76271164417266845703125">
        <ele>800.4000244140625</ele>
        <time>2026-08-28T03:13:50.000Z</time>
        <extensions>
          <ns3:TrackPointExtension>
            <ns3:hr>144</ns3:hr>
            <ns3:cad>92</ns3:cad>
          </ns3:TrackPointExtension>
        </extensions>
      </trkpt>
      <trkpt lat="38.71858525089919567108154296875" lon="112.76274139992892742156982421875">
        <ele>800.4000244140625</ele>
        <time>2026-08-28T03:13:51.000Z</time>
        <extensions>
          <ns3:TrackPointExtension>
            <ns3:hr>145</ns3:hr>
            <ns3:cad>92</ns3:cad>
          </ns3:TrackPointExtension>
        </extensions>
      </trkpt>
      <trkpt lat="38.71857888065278530120849609375" lon="112.7627735026180744171142578125">
        <ele>800.4000244140625</ele>
        <time>2026-08-28T03:13:52.000Z</time>
        <extensions>
          <ns3:TrackPointExtension>
            <ns3:hr>144</ns3:hr>
            <ns3:cad>92</ns3:cad>
          </ns3:TrackPointExtension>
        </extensions>
      </trkpt>
      <trkpt lat="38.718573264777660369873046875" lon="112.76280040852725505828857421875">
        <ele>800.20001220703125</ele>
        <time>2026-08-28T03:13:53.000Z</time>
        <extensions>
          <ns3:TrackPointExtension>
            <ns3:hr>145</ns3:hr>
            <ns3:cad>92</ns3:cad>
          </ns3:TrackPointExtension>
        </extensions>
      </trkpt>
      <trkpt lat="38.71856614015996456146240234375" lon="112.76283276267349720001220703125">
        <ele>800.20001220703125</ele>
        <time>2026-08-28T03:13:54.000Z</time>
        <extensions>
          <ns3:TrackPointExtension>
            <ns3:hr>145</ns3:hr>
            <ns3:cad>90</ns3:cad>
          </ns3:TrackPointExtension>
        </extensions>
      </trkpt>
      <trkpt lat="38.71856153011322021484375" lon="112.76285715401172637939453125">
        <ele>800.20001220703125</ele>
        <time>2026-08-28T03:13:55.000Z</time>
        <extensions>
          <ns3:TrackPointExtension>
            <ns3:hr>145</ns3:hr>
            <ns3:cad>90</ns3:cad>
          </ns3:TrackPointExtension>
        </extensions>
      </trkpt>
      <trkpt lat="38.7185526452958583831787109375" lon="112.7628898434340953826904296875">
        <ele>800.20001220703125</ele>
        <time>2026-08-28T03:13:56.000Z</time>
        <extensions>
          <ns3:TrackPointExtension>
            <ns3:hr>144</ns3:hr>
            <ns3:cad>93</ns3:cad>
          </ns3:TrackPointExtension>
        </extensions>
      </trkpt>
      <trkpt lat="38.7185509689152240753173828125" lon="112.76291616261005401611328125">
        <ele>800.20001220703125</ele>
        <time>2026-08-28T03:13:57.000Z</time>
        <extensions>
          <ns3:TrackPointExtension>
            <ns3:hr>144</ns3:hr>
            <ns3:cad>93</ns3:cad>
          </ns3:TrackPointExtension>
        </extensions>
      </trkpt>
      <trkpt lat="38.718539737164974212646484375" lon="112.76294692419469356536865234375">
        <ele>800.20001220703125</ele>
        <time>2026-08-28T03:13:58.000Z</time>
        <extensions>
          <ns3:TrackPointExtension>
            <ns3:hr>144</ns3:hr>
            <ns3:cad>92</ns3:cad>
          </ns3:TrackPointExtension>
        </extensions>
      </trkpt>
      <trkpt lat="38.7185392342507839202880859375" lon="112.76297005824744701385498046875">
        <ele>800.20001220703125</ele>
        <time>2026-08-28T03:13:59.000Z</time>
        <extensions>
          <ns3:TrackPointExtension>
            <ns3:hr>144</ns3:hr>
            <ns3:cad>92</ns3:cad>
          </ns3:TrackPointExtension>
        </extensions>
      </trkpt>
      <trkpt lat="38.7185280025005340576171875" lon="112.763002999126911163330078125">
        <ele>800.20001220703125</ele>
        <time>2026-08-28T03:14:00.000Z</time>
        <extensions>
          <ns3:TrackPointExtension>
            <ns3:hr>144</ns3:hr>
            <ns3:cad>91</ns3:cad>
          </ns3:TrackPointExtension>
        </extensions>
      </trkpt>
      <trkpt lat="38.718524314463138580322265625" lon="112.76303024031221866607666015625">
        <ele>800.20001220703125</ele>
        <time>2026-08-28T03:14:01.000Z</time>
        <extensions>
          <ns3:TrackPointExtension>
            <ns3:hr>144</ns3:hr>
            <ns3:cad>91</ns3:cad>
          </ns3:TrackPointExtension>
        </extensions>
      </trkpt>
      <trkpt lat="38.71850998140871524810791015625" lon="112.7630608342587947845458984375">
        <ele>800.20001220703125</ele>
        <time>2026-08-28T03:14:02.000Z</time>
        <extensions>
          <ns3:TrackPointExtension>
            <ns3:hr>144</ns3:hr>
            <ns3:cad>92</ns3:cad>
          </ns3:TrackPointExtension>
        </extensions>
      </trkpt>
      <trkpt lat="38.71850478462874889373779296875" lon="112.76308941654860973358154296875">
        <ele>800.20001220703125</ele>
        <time>2026-08-28T03:14:03.000Z</time>
        <extensions>
          <ns3:TrackPointExtension>
            <ns3:hr>144</ns3:hr>
            <ns3:cad>93</ns3:cad>
          </ns3:TrackPointExtension>
        </extensions>
      </trkpt>
      <trkpt lat="38.71850009076297283172607421875" lon="112.7631188370287418365478515625">
        <ele>800.20001220703125</ele>
        <time>2026-08-28T03:14:04.000Z</time>
        <extensions>
          <ns3:TrackPointExtension>
            <ns3:hr>144</ns3:hr>
            <ns3:cad>93</ns3:cad>
          </ns3:TrackPointExtension>
        </extensions>
      </trkpt>
      <trkpt lat="38.718494139611721038818359375" lon="112.76315161027014255523681640625">
        <ele>800.20001220703125</ele>
        <time>2026-08-28T03:14:05.000Z</time>
        <extensions>
          <ns3:TrackPointExtension>
            <ns3:hr>145</ns3:hr>
            <ns3:cad>93</ns3:cad>
          </ns3:TrackPointExtension>
        </extensions>
      </trkpt>
      <trkpt lat="38.71848366223275661468505859375" lon="112.7631796896457672119140625">
        <ele>800.20001220703125</ele>
        <time>2026-08-28T03:14:06.000Z</time>
        <extensions>
          <ns3:TrackPointExtension>
            <ns3:hr>146</ns3:hr>
            <ns3:cad>92</ns3:cad>
          </ns3:TrackPointExtension>
        </extensions>
      </trkpt>
      <trkpt lat="38.7184782139956951141357421875" lon="112.76321112178266048431396484375">
        <ele>800.20001220703125</ele>
        <time>2026-08-28T03:14:07.000Z</time>
        <extensions>
          <ns3:TrackPointExtension>
            <ns3:hr>146</ns3:hr>
            <ns3:cad>91</ns3:cad>
          </ns3:TrackPointExtension>
        </extensions>
      </trkpt>
      <trkpt lat="38.718469999730587005615234375" lon="112.7632405422627925872802734375">
        <ele>800.20001220703125</ele>
        <time>2026-08-28T03:14:08.000Z</time>
        <extensions>
          <ns3:TrackPointExtension>
            <ns3:hr>146</ns3:hr>
            <ns3:cad>91</ns3:cad>
          </ns3:TrackPointExtension>
        </extensions>
      </trkpt>
      <trkpt lat="38.71846371330320835113525390625" lon="112.76327557861804962158203125">
        <ele>800.20001220703125</ele>
        <time>2026-08-28T03:14:09.000Z</time>
        <extensions>
          <ns3:TrackPointExtension>
            <ns3:hr>145</ns3:hr>
            <ns3:cad>92</ns3:cad>
          </ns3:TrackPointExtension>
        </extensions>
      </trkpt>
      <trkpt lat="38.71845533140003681182861328125" lon="112.76330147869884967803955078125">
        <ele>800.20001220703125</ele>
        <time>2026-08-28T03:14:10.000Z</time>
        <extensions>
          <ns3:TrackPointExtension>
            <ns3:hr>146</ns3:hr>
            <ns3:cad>92</ns3:cad>
          </ns3:TrackPointExtension>
        </extensions>
      </trkpt>
      <trkpt lat="38.7184473685920238494873046875" lon="112.7633367665112018585205078125">
        <ele>800.20001220703125</ele>
        <time>2026-08-28T03:14:11.000Z</time>
        <extensions>
          <ns3:TrackPointExtension>
            <ns3:hr>146</ns3:hr>
            <ns3:cad>92</ns3:cad>
          </ns3:TrackPointExtension>
        </extensions>
      </trkpt>
      <trkpt lat="38.71844292618334293365478515625" lon="112.763363085687160491943359375">
        <ele>800.20001220703125</ele>
        <time>2026-08-28T03:14:12.000Z</time>
        <extensions>
          <ns3:TrackPointExtension>
            <ns3:hr>145</ns3:hr>
            <ns3:cad>92</ns3:cad>
          </ns3:TrackPointExtension>
        </extensions>
      </trkpt>
      <trkpt lat="38.71843437664210796356201171875" lon="112.76339736767113208770751953125">
        <ele>800.20001220703125</ele>
        <time>2026-08-28T03:14:13.000Z</time>
        <extensions>
          <ns3:TrackPointExtension>
            <ns3:hr>146</ns3:hr>
            <ns3:cad>92</ns3:cad>
          </ns3:TrackPointExtension>
        </extensions>
      </trkpt>
      <trkpt lat="38.71842666529119014739990234375" lon="112.7634210884571075439453125">
        <ele>800</ele>
        <time>2026-08-28T03:14:14.000Z</time>
        <extensions>
          <ns3:TrackPointExtension>
            <ns3:hr>146</ns3:hr>
            <ns3:cad>92</ns3:cad>
          </ns3:TrackPointExtension>
        </extensions>
      </trkpt>
      <trkpt lat="38.718417696654796600341796875" lon="112.763456292450428009033203125">
        <ele>800</ele>
        <time>2026-08-28T03:14:15.000Z</time>
        <extensions>
          <ns3:TrackPointExtension>
            <ns3:hr>146</ns3:hr>
            <ns3:cad>92</ns3:cad>
          </ns3:TrackPointExtension>
        </extensions>
      </trkpt>
      <trkpt lat="38.71841291896998882293701171875" lon="112.763479761779308319091796875">
        <ele>800</ele>
        <time>2026-08-28T03:14:16.000Z</time>
        <extensions>
          <ns3:TrackPointExtension>
            <ns3:hr>147</ns3:hr>
            <ns3:cad>92</ns3:cad>
          </ns3:TrackPointExtension>
        </extensions>
      </trkpt>
      <trkpt lat="38.71839699335396289825439453125" lon="112.763508260250091552734375">
        <ele>800</ele>
        <time>2026-08-28T03:14:17.000Z</time>
        <extensions>
          <ns3:TrackPointExtension>
            <ns3:hr>147</ns3:hr>
            <ns3:cad>92</ns3:cad>
          </ns3:TrackPointExtension>
        </extensions>
      </trkpt>
      <trkpt lat="38.71839246712625026702880859375" lon="112.7635335735976696014404296875">
        <ele>800.20001220703125</ele>
        <time>2026-08-28T03:14:18.000Z</time>
        <extensions>
          <ns3:TrackPointExtension>
            <ns3:hr>148</ns3:hr>
            <ns3:cad>93</ns3:cad>
          </ns3:TrackPointExtension>
        </extensions>
      </trkpt>
      <trkpt lat="38.7183776311576366424560546875" lon="112.76356517337262630462646484375">
        <ele>800.20001220703125</ele>
        <time>2026-08-28T03:14:19.000Z</time>
        <extensions>
          <ns3:TrackPointExtension>
            <ns3:hr>149</ns3:hr>
            <ns3:cad>93</ns3:cad>
          </ns3:TrackPointExtension>
        </extensions>
      </trkpt>
      <trkpt lat="38.71837603859603404998779296875" lon="112.76359031908214092254638671875">
        <ele>800</ele>
        <time>2026-08-28T03:14:20.000Z</time>
        <extensions>
          <ns3:TrackPointExtension>
            <ns3:hr>149</ns3:hr>
            <ns3:cad>93</ns3:cad>
          </ns3:TrackPointExtension>
        </extensions>
      </trkpt>
      <trkpt lat="38.7183652259409427642822265625" lon="112.7636194042861461639404296875">
        <ele>800</ele>
        <time>2026-08-28T03:14:21.000Z</time>
        <extensions>
          <ns3:TrackPointExtension>
            <ns3:hr>148</ns3:hr>
            <ns3:cad>92</ns3:cad>
          </ns3:TrackPointExtension>
        </extensions>
      </trkpt>
      <trkpt lat="38.71835835278034210205078125" lon="112.7636475674808025360107421875">
        <ele>800.20001220703125</ele>
        <time>2026-08-28T03:14:22.000Z</time>
        <extensions>
          <ns3:TrackPointExtension>
            <ns3:hr>148</ns3:hr>
            <ns3:cad>92</ns3:cad>
          </ns3:TrackPointExtension>
        </extensions>
      </trkpt>
      <trkpt lat="38.71834762394428253173828125" lon="112.76367447338998317718505859375">
        <ele>800</ele>
        <time>2026-08-28T03:14:23.000Z</time>
        <extensions>
          <ns3:TrackPointExtension>
            <ns3:hr>148</ns3:hr>
            <ns3:cad>93</ns3:cad>
          </ns3:TrackPointExtension>
        </extensions>
      </trkpt>
      <trkpt lat="38.71834091842174530029296875" lon="112.76370381005108356475830078125">
        <ele>800</ele>
        <time>2026-08-28T03:14:24.000Z</time>
        <extensions>
          <ns3:TrackPointExtension>
            <ns3:hr>147</ns3:hr>
            <ns3:cad>93</ns3:cad>
          </ns3:TrackPointExtension>
        </extensions>
      </trkpt>
      <trkpt lat="38.7183327041566371917724609375" lon="112.76373180560767650604248046875">
        <ele>800.20001220703125</ele>
        <time>2026-08-28T03:14:25.000Z</time>
        <extensions>
          <ns3:TrackPointExtension>
            <ns3:hr>147</ns3:hr>
            <ns3:cad>93</ns3:cad>
          </ns3:TrackPointExtension>
        </extensions>
      </trkpt>
      <trkpt lat="38.71832373552024364471435546875" lon="112.76376164518296718597412109375">
        <ele>800</ele>
        <time>2026-08-28T03:14:26.000Z</time>
        <extensions>
          <ns3:TrackPointExtension>
            <ns3:hr>147</ns3:hr>
            <ns3:cad>93</ns3:cad>
          </ns3:TrackPointExtension>
        </extensions>
      </trkpt>
      <trkpt lat="38.71832189150154590606689453125" lon="112.763789556920528411865234375">
        <ele>800</ele>
        <time>2026-08-28T03:14:27.000Z</time>
        <extensions>
          <ns3:TrackPointExtension>
            <ns3:hr>147</ns3:hr>
            <ns3:cad>93</ns3:cad>
          </ns3:TrackPointExtension>
        </extensions>
      </trkpt>
      <trkpt lat="38.718317113816738128662109375" lon="112.76382543146610260009765625">
        <ele>800</ele>
        <time>2026-08-28T03:14:28.000Z</time>
        <extensions>
          <ns3:TrackPointExtension>
            <ns3:hr>148</ns3:hr>
            <ns3:cad>93</ns3:cad>
          </ns3:TrackPointExtension>
        </extensions>
      </trkpt>
      <trkpt lat="38.7183162756264209747314453125" lon="112.76385066099464893341064453125">
        <ele>800</ele>
        <time>2026-08-28T03:14:29.000Z</time>
        <extensions>
          <ns3:TrackPointExtension>
            <ns3:hr>148</ns3:hr>
            <ns3:cad>91</ns3:cad>
          </ns3:TrackPointExtension>
        </extensions>
      </trkpt>
      <trkpt lat="38.71830814518034458160400390625" lon="112.7638856135308742523193359375">
        <ele>800</ele>
        <time>2026-08-28T03:14:30.000Z</time>
        <extensions>
          <ns3:TrackPointExtension>
            <ns3:hr>147</ns3:hr>
            <ns3:cad>91</ns3:cad>
          </ns3:TrackPointExtension>
        </extensions>
      </trkpt>
      <trkpt lat="38.7183135934174060821533203125" lon="112.76391251944005489349365234375">
        <ele>800</ele>
        <time>2026-08-28T03:14:31.000Z</time>
        <extensions>
          <ns3:TrackPointExtension>
            <ns3:hr>147</ns3:hr>
            <ns3:cad>91</ns3:cad>
          </ns3:TrackPointExtension>
        </extensions>
      </trkpt>
      <trkpt lat="38.718307726085186004638671875" lon="112.76395149528980255126953125">
        <ele>800</ele>
        <time>2026-08-28T03:14:32.000Z</time>
        <extensions>
          <ns3:TrackPointExtension>
            <ns3:hr>147</ns3:hr>
            <ns3:cad>94</ns3:cad>
          </ns3:TrackPointExtension>
        </extensions>
      </trkpt>
      <trkpt lat="38.718305714428424835205078125" lon="112.763977311551570892333984375">
        <ele>800</ele>
        <time>2026-08-28T03:14:33.000Z</time>
        <extensions>
          <ns3:TrackPointExtension>
            <ns3:hr>145</ns3:hr>
            <ns3:cad>94</ns3:cad>
          </ns3:TrackPointExtension>
        </extensions>
      </trkpt>
      <trkpt lat="38.71829808689653873443603515625" lon="112.76400924660265445709228515625">
        <ele>800</ele>
        <time>2026-08-28T03:14:34.000Z</time>
        <extensions>
          <ns3:TrackPointExtension>
            <ns3:hr>141</ns3:hr>
            <ns3:cad>94</ns3:cad>
          </ns3:TrackPointExtension>
        </extensions>
      </trkpt>
      <trkpt lat="38.71829532086849212646484375" lon="112.76403405703604221343994140625">
        <ele>800</ele>
        <time>2026-08-28T03:14:35.000Z</time>
        <extensions>
          <ns3:TrackPointExtension>
            <ns3:hr>140</ns3:hr>
            <ns3:cad>94</ns3:cad>
          </ns3:TrackPointExtension>
        </extensions>
      </trkpt>
      <trkpt lat="38.7182847596704959869384765625" lon="112.76406490243971347808837890625">
        <ele>800</ele>
        <time>2026-08-28T03:14:36.000Z</time>
        <extensions>
          <ns3:TrackPointExtension>
            <ns3:hr>140</ns3:hr>
            <ns3:cad>92</ns3:cad>
          </ns3:TrackPointExtension>
        </extensions>
      </trkpt>
      <trkpt lat="38.718279898166656494140625" lon="112.76408384554088115692138671875">
        <ele>800</ele>
        <time>2026-08-28T03:14:37.000Z</time>
        <extensions>
          <ns3:TrackPointExtension>
            <ns3:hr>140</ns3:hr>
            <ns3:cad>92</ns3:cad>
          </ns3:TrackPointExtension>
        </extensions>
      </trkpt>
      <trkpt lat="38.71827545575797557830810546875" lon="112.7641095779836177825927734375">
        <ele>800</ele>
        <time>2026-08-28T03:14:38.000Z</time>
        <extensions>
          <ns3:TrackPointExtension>
            <ns3:hr>140</ns3:hr>
            <ns3:cad>92</ns3:cad>
          </ns3:TrackPointExtension>
        </extensions>
      </trkpt>
      <trkpt lat="38.7182723544538021087646484375" lon="112.76413631625473499298095703125">
        <ele>800</ele>
        <time>2026-08-28T03:14:39.000Z</time>
        <extensions>
          <ns3:TrackPointExtension>
            <ns3:hr>140</ns3:hr>
            <ns3:cad>92</ns3:cad>
          </ns3:TrackPointExtension>
        </extensions>
      </trkpt>
      <trkpt lat="38.71826690621674060821533203125" lon="112.764165736734867095947265625">
        <ele>799.79998779296875</ele>
        <time>2026-08-28T03:14:40.000Z</time>
        <extensions>
          <ns3:TrackPointExtension>
            <ns3:hr>140</ns3:hr>
            <ns3:cad>92</ns3:cad>
          </ns3:TrackPointExtension>
        </extensions>
      </trkpt>
      <trkpt lat="38.7182616256177425384521484375" lon="112.76419934816658496856689453125">
        <ele>799.79998779296875</ele>
        <time>2026-08-28T03:14:41.000Z</time>
        <extensions>
          <ns3:TrackPointExtension>
            <ns3:hr>140</ns3:hr>
            <ns3:cad>90</ns3:cad>
          </ns3:TrackPointExtension>
        </extensions>
      </trkpt>
      <trkpt lat="38.7182557582855224609375" lon="112.764228098094463348388671875">
        <ele>799.79998779296875</ele>
        <time>2026-08-28T03:14:42.000Z</time>
        <extensions>
          <ns3:TrackPointExtension>
            <ns3:hr>141</ns3:hr>
            <ns3:cad>90</ns3:cad>
          </ns3:TrackPointExtension>
        </extensions>
      </trkpt>
      <trkpt lat="38.7182462029159069061279296875" lon="112.76426070369780063629150390625">
        <ele>799.79998779296875</ele>
        <time>2026-08-28T03:14:43.000Z</time>
        <extensions>
          <ns3:TrackPointExtension>
            <ns3:hr>141</ns3:hr>
            <ns3:cad>91</ns3:cad>
          </ns3:TrackPointExtension>
        </extensions>
      </trkpt>
      <trkpt lat="38.71823874302208423614501953125" lon="112.76428819634020328521728515625">
        <ele>799.79998779296875</ele>
        <time>2026-08-28T03:14:44.000Z</time>
        <extensions>
          <ns3:TrackPointExtension>
            <ns3:hr>142</ns3:hr>
            <ns3:cad>93</ns3:cad>
          </ns3:TrackPointExtension>
        </extensions>
      </trkpt>
      <trkpt lat="38.71822751127183437347412109375" lon="112.764322645962238311767578125">
        <ele>799.79998779296875</ele>
        <time>2026-08-28T03:14:45.000Z</time>
        <extensions>
          <ns3:TrackPointExtension>
            <ns3:hr>143</ns3:hr>
            <ns3:cad>93</ns3:cad>
          </ns3:TrackPointExtension>
        </extensions>
      </trkpt>
      <trkpt lat="38.7182220630347728729248046875" lon="112.76435189880430698394775390625">
        <ele>800</ele>
        <time>2026-08-28T03:14:46.000Z</time>
        <extensions>
          <ns3:TrackPointExtension>
            <ns3:hr>143</ns3:hr>
            <ns3:cad>93</ns3:cad>
          </ns3:TrackPointExtension>
        </extensions>
      </trkpt>
      <trkpt lat="38.7182113341987133026123046875" lon="112.7643821574747562408447265625">
        <ele>800</ele>
        <time>2026-08-28T03:14:47.000Z</time>
        <extensions>
          <ns3:TrackPointExtension>
            <ns3:hr>143</ns3:hr>
            <ns3:cad>93</ns3:cad>
          </ns3:TrackPointExtension>
        </extensions>
      </trkpt>
      <trkpt lat="38.71820923872292041778564453125" lon="112.76440872810781002044677734375">
        <ele>800</ele>
        <time>2026-08-28T03:14:48.000Z</time>
        <extensions>
          <ns3:TrackPointExtension>
            <ns3:hr>144</ns3:hr>
            <ns3:cad>92</ns3:cad>
          </ns3:TrackPointExtension>
        </extensions>
      </trkpt>
      <trkpt lat="38.7181928940117359161376953125" lon="112.7644398249685764312744140625">
        <ele>800</ele>
        <time>2026-08-28T03:14:49.000Z</time>
        <extensions>
          <ns3:TrackPointExtension>
            <ns3:hr>145</ns3:hr>
            <ns3:cad>91</ns3:cad>
          </ns3:TrackPointExtension>
        </extensions>
      </trkpt>
      <trkpt lat="38.7181915529072284698486328125" lon="112.7644663117825984954833984375">
        <ele>799.79998779296875</ele>
        <time>2026-08-28T03:14:50.000Z</time>
        <extensions>
          <ns3:TrackPointExtension>
            <ns3:hr>145</ns3:hr>
            <ns3:cad>91</ns3:cad>
          </ns3:TrackPointExtension>
        </extensions>
      </trkpt>
      <trkpt lat="38.7181788124144077301025390625" lon="112.76449807919561862945556640625">
        <ele>799.79998779296875</ele>
        <time>2026-08-28T03:14:51.000Z</time>
        <extensions>
          <ns3:TrackPointExtension>
            <ns3:hr>145</ns3:hr>
            <ns3:cad>91</ns3:cad>
          </ns3:TrackPointExtension>
        </extensions>
      </trkpt>
      <trkpt lat="38.71817302890121936798095703125" lon="112.76452959515154361724853515625">
        <ele>799.79998779296875</ele>
        <time>2026-08-28T03:14:52.000Z</time>
        <extensions>
          <ns3:TrackPointExtension>
            <ns3:hr>145</ns3:hr>
            <ns3:cad>94</ns3:cad>
          </ns3:TrackPointExtension>
        </extensions>
      </trkpt>
      <trkpt lat="38.71816246770322322845458984375" lon="112.7645578421652317047119140625">
        <ele>799.79998779296875</ele>
        <time>2026-08-28T03:14:53.000Z</time>
        <extensions>
          <ns3:TrackPointExtension>
            <ns3:hr>145</ns3:hr>
            <ns3:cad>94</ns3:cad>
          </ns3:TrackPointExtension>
        </extensions>
      </trkpt>
      <trkpt lat="38.7181566841900348663330078125" lon="112.76459044776856899261474609375">
        <ele>799.79998779296875</ele>
        <time>2026-08-28T03:14:54.000Z</time>
        <extensions>
          <ns3:TrackPointExtension>
            <ns3:hr>145</ns3:hr>
            <ns3:cad>94</ns3:cad>
          </ns3:TrackPointExtension>
        </extensions>
      </trkpt>
      <trkpt lat="38.71814637444913387298583984375" lon="112.7646168507635593414306640625">
        <ele>799.79998779296875</ele>
        <time>2026-08-28T03:14:55.000Z</time>
        <extensions>
          <ns3:TrackPointExtension>
            <ns3:hr>145</ns3:hr>
            <ns3:cad>93</ns3:cad>
          </ns3:TrackPointExtension>
        </extensions>
      </trkpt>
      <trkpt lat="38.71813648380339145660400390625" lon="112.7646510489284992218017578125">
        <ele>799.79998779296875</ele>
        <time>2026-08-28T03:14:56.000Z</time>
        <extensions>
          <ns3:TrackPointExtension>
            <ns3:hr>145</ns3:hr>
            <ns3:cad>93</ns3:cad>
          </ns3:TrackPointExtension>
        </extensions>
      </trkpt>
      <trkpt lat="38.71812793426215648651123046875" lon="112.764678038656711578369140625">
        <ele>799.79998779296875</ele>
        <time>2026-08-28T03:14:57.000Z</time>
        <extensions>
          <ns3:TrackPointExtension>
            <ns3:hr>145</ns3:hr>
            <ns3:cad>93</ns3:cad>
          </ns3:TrackPointExtension>
        </extensions>
      </trkpt>
      <trkpt lat="38.7181203067302703857421875" lon="112.76471248827874660491943359375">
        <ele>799.79998779296875</ele>
        <time>2026-08-28T03:14:58.000Z</time>
        <extensions>
          <ns3:TrackPointExtension>
            <ns3:hr>145</ns3:hr>
            <ns3:cad>93</ns3:cad>
          </ns3:TrackPointExtension>
        </extensions>
      </trkpt>
      <trkpt lat="38.71811829507350921630859375" lon="112.76473662815988063812255859375">
        <ele>799.79998779296875</ele>
        <time>2026-08-28T03:14:59.000Z</time>
        <extensions>
          <ns3:TrackPointExtension>
            <ns3:hr>145</ns3:hr>
            <ns3:cad>93</ns3:cad>
          </ns3:TrackPointExtension>
        </extensions>
      </trkpt>
      <trkpt lat="38.71811368502676486968994140625" lon="112.76477417908608913421630859375">
        <ele>799.79998779296875</ele>
        <time>2026-08-28T03:15:00.000Z</time>
        <extensions>
          <ns3:TrackPointExtension>
            <ns3:hr>145</ns3:hr>
            <ns3:cad>93</ns3:cad>
          </ns3:TrackPointExtension>
        </extensions>
      </trkpt>
      <trkpt lat="38.71811301447451114654541015625" lon="112.764796726405620574951171875">
        <ele>799.79998779296875</ele>
        <time>2026-08-28T03:15:01.000Z</time>
        <extensions>
          <ns3:TrackPointExtension>
            <ns3:hr>145</ns3:hr>
            <ns3:cad>91</ns3:cad>
          </ns3:TrackPointExtension>
        </extensions>
      </trkpt>
      <trkpt lat="38.71810597367584705352783203125" lon="112.7648265659809112548828125">
        <ele>799.5999755859375</ele>
        <time>2026-08-28T03:15:02.000Z</time>
        <extensions>
          <ns3:TrackPointExtension>
            <ns3:hr>145</ns3:hr>
            <ns3:cad>91</ns3:cad>
          </ns3:TrackPointExtension>
        </extensions>
      </trkpt>
      <trkpt lat="38.718102872371673583984375" lon="112.7648502029478549957275390625">
        <ele>799.5999755859375</ele>
        <time>2026-08-28T03:15:03.000Z</time>
        <extensions>
          <ns3:TrackPointExtension>
            <ns3:hr>144</ns3:hr>
            <ns3:cad>91</ns3:cad>
          </ns3:TrackPointExtension>
        </extensions>
      </trkpt>
      <trkpt lat="38.71809088625013828277587890625" lon="112.76488364674150943756103515625">
        <ele>799.5999755859375</ele>
        <time>2026-08-28T03:15:04.000Z</time>
        <extensions>
          <ns3:TrackPointExtension>
            <ns3:hr>144</ns3:hr>
            <ns3:cad>92</ns3:cad>
          </ns3:TrackPointExtension>
        </extensions>
      </trkpt>
      <trkpt lat="38.7180896289646625518798828125" lon="112.76490904390811920166015625">
        <ele>799.5999755859375</ele>
        <time>2026-08-28T03:15:05.000Z</time>
        <extensions>
          <ns3:TrackPointExtension>
            <ns3:hr>145</ns3:hr>
            <ns3:cad>92</ns3:cad>
          </ns3:TrackPointExtension>
        </extensions>
      </trkpt>
      <trkpt lat="38.718081414699554443359375" lon="112.7649457566440105438232421875">
        <ele>799.5999755859375</ele>
        <time>2026-08-28T03:15:06.000Z</time>
        <extensions>
          <ns3:TrackPointExtension>
            <ns3:hr>145</ns3:hr>
            <ns3:cad>92</ns3:cad>
          </ns3:TrackPointExtension>
        </extensions>
      </trkpt>
      <trkpt lat="38.71807797811925411224365234375" lon="112.7649702318012714385986328125">
        <ele>799.5999755859375</ele>
        <time>2026-08-28T03:15:07.000Z</time>
        <extensions>
          <ns3:TrackPointExtension>
            <ns3:hr>145</ns3:hr>
            <ns3:cad>92</ns3:cad>
          </ns3:TrackPointExtension>
        </extensions>
      </trkpt>
      <trkpt lat="38.71806875802576541900634765625" lon="112.76499613188207149505615234375">
        <ele>799.5999755859375</ele>
        <time>2026-08-28T03:15:08.000Z</time>
        <extensions>
          <ns3:TrackPointExtension>
            <ns3:hr>144</ns3:hr>
            <ns3:cad>92</ns3:cad>
          </ns3:TrackPointExtension>
        </extensions>
      </trkpt>
      <trkpt lat="38.71806356124579906463623046875" lon="112.7650225348770618438720703125">
        <ele>799.5999755859375</ele>
        <time>2026-08-28T03:15:09.000Z</time>
        <extensions>
          <ns3:TrackPointExtension>
            <ns3:hr>144</ns3:hr>
            <ns3:cad>92</ns3:cad>
          </ns3:TrackPointExtension>
        </extensions>
      </trkpt>
      <trkpt lat="38.71805266477167606353759765625" lon="112.765048183500766754150390625">
        <ele>799.5999755859375</ele>
        <time>2026-08-28T03:15:10.000Z</time>
        <extensions>
          <ns3:TrackPointExtension>
            <ns3:hr>144</ns3:hr>
            <ns3:cad>91</ns3:cad>
          </ns3:TrackPointExtension>
        </extensions>
      </trkpt>
      <trkpt lat="38.71804528869688510894775390625" lon="112.76507760398089885711669921875">
        <ele>799.5999755859375</ele>
        <time>2026-08-28T03:15:11.000Z</time>
        <extensions>
          <ns3:TrackPointExtension>
            <ns3:hr>144</ns3:hr>
            <ns3:cad>91</ns3:cad>
          </ns3:TrackPointExtension>
        </extensions>
      </trkpt>
      <trkpt lat="38.718038164079189300537109375" lon="112.76511046104133129119873046875">
        <ele>799.5999755859375</ele>
        <time>2026-08-28T03:15:12.000Z</time>
        <extensions>
          <ns3:TrackPointExtension>
            <ns3:hr>143</ns3:hr>
            <ns3:cad>91</ns3:cad>
          </ns3:TrackPointExtension>
        </extensions>
      </trkpt>
      <trkpt lat="38.71802953071892261505126953125" lon="112.76514063589274883270263671875">
        <ele>799.5999755859375</ele>
        <time>2026-08-28T03:15:13.000Z</time>
        <extensions>
          <ns3:TrackPointExtension>
            <ns3:hr>143</ns3:hr>
            <ns3:cad>92</ns3:cad>
          </ns3:TrackPointExtension>
        </extensions>
      </trkpt>
      <trkpt lat="38.71802114881575107574462890625" lon="112.765165865421295166015625">
        <ele>799.5999755859375</ele>
        <time>2026-08-28T03:15:14.000Z</time>
        <extensions>
          <ns3:TrackPointExtension>
            <ns3:hr>144</ns3:hr>
            <ns3:cad>92</ns3:cad>
          </ns3:TrackPointExtension>
        </extensions>
      </trkpt>
      <trkpt lat="38.71801075525581836700439453125" lon="112.765199057757854461669921875">
        <ele>799.5999755859375</ele>
        <time>2026-08-28T03:15:15.000Z</time>
        <extensions>
          <ns3:TrackPointExtension>
            <ns3:hr>144</ns3:hr>
            <ns3:cad>92</ns3:cad>
          </ns3:TrackPointExtension>
        </extensions>
      </trkpt>
      <trkpt lat="38.71800706721842288970947265625" lon="112.76522277854382991790771484375">
        <ele>799.5999755859375</ele>
        <time>2026-08-28T03:15:16.000Z</time>
        <extensions>
          <ns3:TrackPointExtension>
            <ns3:hr>144</ns3:hr>
            <ns3:cad>92</ns3:cad>
          </ns3:TrackPointExtension>
        </extensions>
      </trkpt>
      <trkpt lat="38.71799784712493419647216796875" lon="112.7652584016323089599609375">
        <ele>799.5999755859375</ele>
        <time>2026-08-28T03:15:17.000Z</time>
        <extensions>
          <ns3:TrackPointExtension>
            <ns3:hr>144</ns3:hr>
            <ns3:cad>91</ns3:cad>
          </ns3:TrackPointExtension>
        </extensions>
      </trkpt>
      <trkpt lat="38.71799466200172901153564453125" lon="112.765282876789569854736328125">
        <ele>799.5999755859375</ele>
        <time>2026-08-28T03:15:18.000Z</time>
        <extensions>
          <ns3:TrackPointExtension>
            <ns3:hr>144</ns3:hr>
            <ns3:cad>92</ns3:cad>
          </ns3:TrackPointExtension>
        </extensions>
      </trkpt>
      <trkpt lat="38.717981837689876556396484375" lon="112.76531732641160488128662109375">
        <ele>799.5999755859375</ele>
        <time>2026-08-28T03:15:19.000Z</time>
        <extensions>
          <ns3:TrackPointExtension>
            <ns3:hr>144</ns3:hr>
            <ns3:cad>93</ns3:cad>
          </ns3:TrackPointExtension>
        </extensions>
      </trkpt>
      <trkpt lat="38.7179789878427982330322265625" lon="112.76534280739724636077880859375">
        <ele>799.4000244140625</ele>
        <time>2026-08-28T03:15:20.000Z</time>
        <extensions>
          <ns3:TrackPointExtension>
            <ns3:hr>144</ns3:hr>
            <ns3:cad>93</ns3:cad>
          </ns3:TrackPointExtension>
        </extensions>
      </trkpt>
      <trkpt lat="38.71796582825481891632080078125" lon="112.76537574827671051025390625">
        <ele>799.4000244140625</ele>
        <time>2026-08-28T03:15:21.000Z</time>
        <extensions>
          <ns3:TrackPointExtension>
            <ns3:hr>144</ns3:hr>
            <ns3:cad>93</ns3:cad>
          </ns3:TrackPointExtension>
        </extensions>
      </trkpt>
      <trkpt lat="38.71796197257936000823974609375" lon="112.76540215127170085906982421875">
        <ele>799.4000244140625</ele>
        <time>2026-08-28T03:15:22.000Z</time>
        <extensions>
          <ns3:TrackPointExtension>
            <ns3:hr>144</ns3:hr>
            <ns3:cad>93</ns3:cad>
          </ns3:TrackPointExtension>
        </extensions>
      </trkpt>
      <trkpt lat="38.71794839389622211456298828125" lon="112.76543299667537212371826171875">
        <ele>799.4000244140625</ele>
        <time>2026-08-28T03:15:23.000Z</time>
        <extensions>
          <ns3:TrackPointExtension>
            <ns3:hr>144</ns3:hr>
            <ns3:cad>93</ns3:cad>
          </ns3:TrackPointExtension>
        </extensions>
      </trkpt>
      <trkpt lat="38.717942945659160614013671875" lon="112.76546023786067962646484375">
        <ele>799.4000244140625</ele>
        <time>2026-08-28T03:15:24.000Z</time>
        <extensions>
          <ns3:TrackPointExtension>
            <ns3:hr>145</ns3:hr>
            <ns3:cad>93</ns3:cad>
          </ns3:TrackPointExtension>
        </extensions>
      </trkpt>
      <trkpt lat="38.717931546270847320556640625" lon="112.76548915542662143707275390625">
        <ele>799.4000244140625</ele>
        <time>2026-08-28T03:15:25.000Z</time>
        <extensions>
          <ns3:TrackPointExtension>
            <ns3:hr>145</ns3:hr>
            <ns3:cad>93</ns3:cad>
          </ns3:TrackPointExtension>
        </extensions>
      </trkpt>
      <trkpt lat="38.71792475692927837371826171875" lon="112.76552201248705387115478515625">
        <ele>799.5999755859375</ele>
        <time>2026-08-28T03:15:26.000Z</time>
        <extensions>
          <ns3:TrackPointExtension>
            <ns3:hr>145</ns3:hr>
            <ns3:cad>93</ns3:cad>
          </ns3:TrackPointExtension>
        </extensions>
      </trkpt>
      <trkpt lat="38.7179142795503139495849609375" lon="112.7655492536723613739013671875">
        <ele>799.4000244140625</ele>
        <time>2026-08-28T03:15:27.000Z</time>
        <extensions>
          <ns3:TrackPointExtension>
            <ns3:hr>145</ns3:hr>
            <ns3:cad>93</ns3:cad>
          </ns3:TrackPointExtension>
        </extensions>
      </trkpt>
      <trkpt lat="38.71790497563779354095458984375" lon="112.76557959616184234619140625">
        <ele>799.4000244140625</ele>
        <time>2026-08-28T03:15:28.000Z</time>
        <extensions>
          <ns3:TrackPointExtension>
            <ns3:hr>146</ns3:hr>
            <ns3:cad>93</ns3:cad>
          </ns3:TrackPointExtension>
        </extensions>
      </trkpt>
      <trkpt lat="38.71789977885782718658447265625" lon="112.76560499332845211029052734375">
        <ele>799.4000244140625</ele>
        <time>2026-08-28T03:15:29.000Z</time>
        <extensions>
          <ns3:TrackPointExtension>
            <ns3:hr>146</ns3:hr>
            <ns3:cad>93</ns3:cad>
          </ns3:TrackPointExtension>
        </extensions>
      </trkpt>
      <trkpt lat="38.71789357624948024749755859375" lon="112.7656381018459796905517578125">
        <ele>799.4000244140625</ele>
        <time>2026-08-28T03:15:30.000Z</time>
        <extensions>
          <ns3:TrackPointExtension>
            <ns3:hr>146</ns3:hr>
            <ns3:cad>92</ns3:cad>
          </ns3:TrackPointExtension>
        </extensions>
      </trkpt>
      <trkpt lat="38.7178861163556575775146484375" lon="112.76566182263195514678955078125">
        <ele>799.20001220703125</ele>
        <time>2026-08-28T03:15:31.000Z</time>
        <extensions>
          <ns3:TrackPointExtension>
            <ns3:hr>147</ns3:hr>
            <ns3:cad>92</ns3:cad>
          </ns3:TrackPointExtension>
        </extensions>
      </trkpt>
      <trkpt lat="38.7178730405867099761962890625" lon="112.76569568552076816558837890625">
        <ele>799.20001220703125</ele>
        <time>2026-08-28T03:15:32.000Z</time>
        <extensions>
          <ns3:TrackPointExtension>
            <ns3:hr>147</ns3:hr>
            <ns3:cad>92</ns3:cad>
          </ns3:TrackPointExtension>
        </extensions>
      </trkpt>
      <trkpt lat="38.71786507777869701385498046875" lon="112.76572183705866336822509765625">
        <ele>799.20001220703125</ele>
        <time>2026-08-28T03:15:33.000Z</time>
        <extensions>
          <ns3:TrackPointExtension>
            <ns3:hr>147</ns3:hr>
            <ns3:cad>94</ns3:cad>
          </ns3:TrackPointExtension>
        </extensions>
      </trkpt>
      <trkpt lat="38.7178467214107513427734375" lon="112.76575435884296894073486328125">
        <ele>799.20001220703125</ele>
        <time>2026-08-28T03:15:34.000Z</time>
        <extensions>
          <ns3:TrackPointExtension>
            <ns3:hr>147</ns3:hr>
            <ns3:cad>94</ns3:cad>
          </ns3:TrackPointExtension>
        </extensions>
      </trkpt>
      <trkpt lat="38.7178413569927215576171875" lon="112.7657772414386272430419921875">
        <ele>799.20001220703125</ele>
        <time>2026-08-28T03:15:35.000Z</time>
        <extensions>
          <ns3:TrackPointExtension>
            <ns3:hr>146</ns3:hr>
            <ns3:cad>93</ns3:cad>
          </ns3:TrackPointExtension>
        </extensions>
      </trkpt>
      <trkpt lat="38.7178234197199344635009765625" lon="112.76580951176583766937255859375">
        <ele>799</ele>
        <time>2026-08-28T03:15:36.000Z</time>
        <extensions>
          <ns3:TrackPointExtension>
            <ns3:hr>146</ns3:hr>
            <ns3:cad>91</ns3:cad>
          </ns3:TrackPointExtension>
        </extensions>
      </trkpt>
      <trkpt lat="38.71781922876834869384765625" lon="112.7658325619995594024658203125">
        <ele>799</ele>
        <time>2026-08-28T03:15:37.000Z</time>
        <extensions>
          <ns3:TrackPointExtension>
            <ns3:hr>145</ns3:hr>
            <ns3:cad>91</ns3:cad>
          </ns3:TrackPointExtension>
        </extensions>
      </trkpt>
      <trkpt lat="38.71780313551425933837890625" lon="112.76586449705064296722412109375">
        <ele>799</ele>
        <time>2026-08-28T03:15:38.000Z</time>
        <extensions>
          <ns3:TrackPointExtension>
            <ns3:hr>145</ns3:hr>
            <ns3:cad>92</ns3:cad>
          </ns3:TrackPointExtension>
        </extensions>
      </trkpt>
      <trkpt lat="38.71779567562043666839599609375" lon="112.76589048095047473907470703125">
        <ele>799</ele>
        <time>2026-08-28T03:15:39.000Z</time>
        <extensions>
          <ns3:TrackPointExtension>
            <ns3:hr>145</ns3:hr>
            <ns3:cad>92</ns3:cad>
          </ns3:TrackPointExtension>
        </extensions>
      </trkpt>
      <trkpt lat="38.7177808396518230438232421875" lon="112.7659190632402896881103515625">
        <ele>799</ele>
        <time>2026-08-28T03:15:40.000Z</time>
        <extensions>
          <ns3:TrackPointExtension>
            <ns3:hr>145</ns3:hr>
            <ns3:cad>93</ns3:cad>
          </ns3:TrackPointExtension>
        </extensions>
      </trkpt>
      <trkpt lat="38.7177744694054126739501953125" lon="112.76594839990139007568359375">
        <ele>799</ele>
        <time>2026-08-28T03:15:41.000Z</time>
        <extensions>
          <ns3:TrackPointExtension>
            <ns3:hr>145</ns3:hr>
            <ns3:cad>93</ns3:cad>
          </ns3:TrackPointExtension>
        </extensions>
      </trkpt>
      <trkpt lat="38.7177610583603382110595703125" lon="112.76597882620990276336669921875">
        <ele>799</ele>
        <time>2026-08-28T03:15:42.000Z</time>
        <extensions>
          <ns3:TrackPointExtension>
            <ns3:hr>144</ns3:hr>
            <ns3:cad>92</ns3:cad>
          </ns3:TrackPointExtension>
        </extensions>
      </trkpt>
      <trkpt lat="38.71775376610457897186279296875" lon="112.76600866578519344329833984375">
        <ele>799</ele>
        <time>2026-08-28T03:15:43.000Z</time>
        <extensions>
          <ns3:TrackPointExtension>
            <ns3:hr>144</ns3:hr>
            <ns3:cad>92</ns3:cad>
          </ns3:TrackPointExtension>
        </extensions>
      </trkpt>
      <trkpt lat="38.71774387545883655548095703125" lon="112.7660364098846912384033203125">
        <ele>798.79998779296875</ele>
        <time>2026-08-28T03:15:44.000Z</time>
        <extensions>
          <ns3:TrackPointExtension>
            <ns3:hr>144</ns3:hr>
            <ns3:cad>92</ns3:cad>
          </ns3:TrackPointExtension>
        </extensions>
      </trkpt>
      <trkpt lat="38.7177359126508235931396484375" lon="112.76606733910739421844482421875">
        <ele>798.79998779296875</ele>
        <time>2026-08-28T03:15:45.000Z</time>
        <extensions>
          <ns3:TrackPointExtension>
            <ns3:hr>144</ns3:hr>
            <ns3:cad>91</ns3:cad>
          </ns3:TrackPointExtension>
        </extensions>
      </trkpt>
      <trkpt lat="38.71772811748087406158447265625" lon="112.7660957537591457366943359375">
        <ele>798.79998779296875</ele>
        <time>2026-08-28T03:15:46.000Z</time>
        <extensions>
          <ns3:TrackPointExtension>
            <ns3:hr>144</ns3:hr>
            <ns3:cad>91</ns3:cad>
          </ns3:TrackPointExtension>
        </extensions>
      </trkpt>
      <trkpt lat="38.71771864593029022216796875" lon="112.76612852700054645538330078125">
        <ele>798.79998779296875</ele>
        <time>2026-08-28T03:15:47.000Z</time>
        <extensions>
          <ns3:TrackPointExtension>
            <ns3:hr>143</ns3:hr>
            <ns3:cad>91</ns3:cad>
          </ns3:TrackPointExtension>
        </extensions>
      </trkpt>
      <trkpt lat="38.71771537698805332183837890625" lon="112.766152918338775634765625">
        <ele>798.79998779296875</ele>
        <time>2026-08-28T03:15:48.000Z</time>
        <extensions>
          <ns3:TrackPointExtension>
            <ns3:hr>144</ns3:hr>
            <ns3:cad>92</ns3:cad>
          </ns3:TrackPointExtension>
        </extensions>
      </trkpt>
      <trkpt lat="38.71770733036100864410400390625" lon="112.76618518866598606109619140625">
        <ele>798.79998779296875</ele>
        <time>2026-08-28T03:15:49.000Z</time>
        <extensions>
          <ns3:TrackPointExtension>
            <ns3:hr>144</ns3:hr>
            <ns3:cad>93</ns3:cad>
          </ns3:TrackPointExtension>
        </extensions>
      </trkpt>
      <trkpt lat="38.7177030555903911590576171875" lon="112.76620924472808837890625">
        <ele>798.79998779296875</ele>
        <time>2026-08-28T03:15:50.000Z</time>
        <extensions>
          <ns3:TrackPointExtension>
            <ns3:hr>144</ns3:hr>
            <ns3:cad>93</ns3:cad>
          </ns3:TrackPointExtension>
        </extensions>
      </trkpt>
      <trkpt lat="38.71769106946885585784912109375" lon="112.766244448721408843994140625">
        <ele>798.79998779296875</ele>
        <time>2026-08-28T03:15:51.000Z</time>
        <extensions>
          <ns3:TrackPointExtension>
            <ns3:hr>144</ns3:hr>
            <ns3:cad>93</ns3:cad>
          </ns3:TrackPointExtension>
        </extensions>
      </trkpt>
      <trkpt lat="38.7176852859556674957275390625" lon="112.76627034880220890045166015625">
        <ele>798.79998779296875</ele>
        <time>2026-08-28T03:15:52.000Z</time>
        <extensions>
          <ns3:TrackPointExtension>
            <ns3:hr>144</ns3:hr>
            <ns3:cad>92</ns3:cad>
          </ns3:TrackPointExtension>
        </extensions>
      </trkpt>
      <trkpt lat="38.71767028234899044036865234375" lon="112.76630572043359279632568359375">
        <ele>798.79998779296875</ele>
        <time>2026-08-28T03:15:53.000Z</time>
        <extensions>
          <ns3:TrackPointExtension>
            <ns3:hr>144</ns3:hr>
            <ns3:cad>92</ns3:cad>
          </ns3:TrackPointExtension>
        </extensions>
      </trkpt>
      <trkpt lat="38.7176665104925632476806640625" lon="112.766331620514392852783203125">
        <ele>798.79998779296875</ele>
        <time>2026-08-28T03:15:54.000Z</time>
        <extensions>
          <ns3:TrackPointExtension>
            <ns3:hr>144</ns3:hr>
            <ns3:cad>92</ns3:cad>
          </ns3:TrackPointExtension>
        </extensions>
      </trkpt>
      <trkpt lat="38.7176514230668544769287109375" lon="112.7663633041083812713623046875">
        <ele>798.79998779296875</ele>
        <time>2026-08-28T03:15:55.000Z</time>
        <extensions>
          <ns3:TrackPointExtension>
            <ns3:hr>145</ns3:hr>
            <ns3:cad>92</ns3:cad>
          </ns3:TrackPointExtension>
        </extensions>
      </trkpt>
      <trkpt lat="38.7176484055817127227783203125" lon="112.7663864381611347198486328125">
        <ele>798.79998779296875</ele>
        <time>2026-08-28T03:15:56.000Z</time>
        <extensions>
          <ns3:TrackPointExtension>
            <ns3:hr>144</ns3:hr>
            <ns3:cad>92</ns3:cad>
          </ns3:TrackPointExtension>
        </extensions>
      </trkpt>
      <trkpt lat="38.71763574890792369842529296875" lon="112.766421139240264892578125">
        <ele>798.79998779296875</ele>
        <time>2026-08-28T03:15:57.000Z</time>
        <extensions>
          <ns3:TrackPointExtension>
            <ns3:hr>144</ns3:hr>
            <ns3:cad>92</ns3:cad>
          </ns3:TrackPointExtension>
        </extensions>
      </trkpt>
      <trkpt lat="38.71763641946017742156982421875" lon="112.7664481289684772491455078125">
        <ele>798.79998779296875</ele>
        <time>2026-08-28T03:15:58.000Z</time>
        <extensions>
          <ns3:TrackPointExtension>
            <ns3:hr>144</ns3:hr>
            <ns3:cad>92</ns3:cad>
          </ns3:TrackPointExtension>
        </extensions>
      </trkpt>
      <trkpt lat="38.71762451715767383575439453125" lon="112.7664803154766559600830078125">
        <ele>798.79998779296875</ele>
        <time>2026-08-28T03:15:59.000Z</time>
        <extensions>
          <ns3:TrackPointExtension>
            <ns3:hr>145</ns3:hr>
            <ns3:cad>92</ns3:cad>
          </ns3:TrackPointExtension>
        </extensions>
      </trkpt>
      <trkpt lat="38.7176225893199443817138671875" lon="112.7665101550519466400146484375">
        <ele>798.79998779296875</ele>
        <time>2026-08-28T03:16:00.000Z</time>
        <extensions>
          <ns3:TrackPointExtension>
            <ns3:hr>145</ns3:hr>
            <ns3:cad>92</ns3:cad>
          </ns3:TrackPointExtension>
        </extensions>
      </trkpt>
      <trkpt lat="38.7176108546555042266845703125" lon="112.7665406651794910430908203125">
        <ele>798.79998779296875</ele>
        <time>2026-08-28T03:16:01.000Z</time>
        <extensions>
          <ns3:TrackPointExtension>
            <ns3:hr>145</ns3:hr>
            <ns3:cad>92</ns3:cad>
          </ns3:TrackPointExtension>
        </extensions>
      </trkpt>
      <trkpt lat="38.71760599315166473388671875" lon="112.7665718458592891693115234375">
        <ele>798.79998779296875</ele>
        <time>2026-08-28T03:16:02.000Z</time>
        <extensions>
          <ns3:TrackPointExtension>
            <ns3:hr>145</ns3:hr>
            <ns3:cad>92</ns3:cad>
          </ns3:TrackPointExtension>
        </extensions>
      </trkpt>
      <trkpt lat="38.71759300120174884796142578125" lon="112.7666003443300724029541015625">
        <ele>798.79998779296875</ele>
        <time>2026-08-28T03:16:03.000Z</time>
        <extensions>
          <ns3:TrackPointExtension>
            <ns3:hr>146</ns3:hr>
            <ns3:cad>92</ns3:cad>
          </ns3:TrackPointExtension>
        </extensions>
      </trkpt>
      <trkpt lat="38.717588223516941070556640625" lon="112.76662792079150676727294921875">
        <ele>798.79998779296875</ele>
        <time>2026-08-28T03:16:04.000Z</time>
        <extensions>
          <ns3:TrackPointExtension>
            <ns3:hr>146</ns3:hr>
            <ns3:cad>92</ns3:cad>
          </ns3:TrackPointExtension>
        </extensions>
      </trkpt>
      <trkpt lat="38.71757875196635723114013671875" lon="112.7666553296148777008056640625">
        <ele>799</ele>
        <time>2026-08-28T03:16:05.000Z</time>
        <extensions>
          <ns3:TrackPointExtension>
            <ns3:hr>146</ns3:hr>
            <ns3:cad>92</ns3:cad>
          </ns3:TrackPointExtension>
        </extensions>
      </trkpt>
      <trkpt lat="38.71757254935801029205322265625" lon="112.76668332517147064208984375">
        <ele>799</ele>
        <time>2026-08-28T03:16:06.000Z</time>
        <extensions>
          <ns3:TrackPointExtension>
            <ns3:hr>145</ns3:hr>
            <ns3:cad>92</ns3:cad>
          </ns3:TrackPointExtension>
        </extensions>
      </trkpt>
      <trkpt lat="38.71756215579807758331298828125" lon="112.766707129776477813720703125">
        <ele>799</ele>
        <time>2026-08-28T03:16:07.000Z</time>
        <extensions>
          <ns3:TrackPointExtension>
            <ns3:hr>145</ns3:hr>
            <ns3:cad>92</ns3:cad>
          </ns3:TrackPointExtension>
        </extensions>
      </trkpt>
      <trkpt lat="38.717558719217777252197265625" lon="112.76673973537981510162353515625">
        <ele>799</ele>
        <time>2026-08-28T03:16:08.000Z</time>
        <extensions>
          <ns3:TrackPointExtension>
            <ns3:hr>145</ns3:hr>
            <ns3:cad>92</ns3:cad>
          </ns3:TrackPointExtension>
        </extensions>
      </trkpt>
      <trkpt lat="38.71755327098071575164794921875" lon="112.7667683176696300506591796875">
        <ele>799</ele>
        <time>2026-08-28T03:16:09.000Z</time>
        <extensions>
          <ns3:TrackPointExtension>
            <ns3:hr>145</ns3:hr>
            <ns3:cad>92</ns3:cad>
          </ns3:TrackPointExtension>
        </extensions>
      </trkpt>
      <trkpt lat="38.71754539199173450469970703125" lon="112.76680025272071361541748046875">
        <ele>799</ele>
        <time>2026-08-28T03:16:10.000Z</time>
        <extensions>
          <ns3:TrackPointExtension>
            <ns3:hr>145</ns3:hr>
            <ns3:cad>92</ns3:cad>
          </ns3:TrackPointExtension>
        </extensions>
      </trkpt>
      <trkpt lat="38.71753969229757785797119140625" lon="112.76682422496378421783447265625">
        <ele>799</ele>
        <time>2026-08-28T03:16:11.000Z</time>
        <extensions>
          <ns3:TrackPointExtension>
            <ns3:hr>145</ns3:hr>
            <ns3:cad>92</ns3:cad>
          </ns3:TrackPointExtension>
        </extensions>
      </trkpt>
      <trkpt lat="38.71753089129924774169921875" lon="112.76685490272939205169677734375">
        <ele>799</ele>
        <time>2026-08-28T03:16:12.000Z</time>
        <extensions>
          <ns3:TrackPointExtension>
            <ns3:hr>145</ns3:hr>
            <ns3:cad>92</ns3:cad>
          </ns3:TrackPointExtension>
        </extensions>
      </trkpt>
      <trkpt lat="38.71752661652863025665283203125" lon="112.766882814466953277587890625">
        <ele>799</ele>
        <time>2026-08-28T03:16:13.000Z</time>
        <extensions>
          <ns3:TrackPointExtension>
            <ns3:hr>146</ns3:hr>
            <ns3:cad>92</ns3:cad>
          </ns3:TrackPointExtension>
        </extensions>
      </trkpt>
      <trkpt lat="38.71751555241644382476806640625" lon="112.76691575534641742706298828125">
        <ele>799</ele>
        <time>2026-08-28T03:16:14.000Z</time>
        <extensions>
          <ns3:TrackPointExtension>
            <ns3:hr>145</ns3:hr>
            <ns3:cad>91</ns3:cad>
          </ns3:TrackPointExtension>
        </extensions>
      </trkpt>
      <trkpt lat="38.71751572005450725555419921875" lon="112.76694006286561489105224609375">
        <ele>798.79998779296875</ele>
        <time>2026-08-28T03:16:15.000Z</time>
        <extensions>
          <ns3:TrackPointExtension>
            <ns3:hr>146</ns3:hr>
            <ns3:cad>91</ns3:cad>
          </ns3:TrackPointExtension>
        </extensions>
      </trkpt>
      <trkpt lat="38.717503063380718231201171875" lon="112.76697124354541301727294921875">
        <ele>798.79998779296875</ele>
        <time>2026-08-28T03:16:16.000Z</time>
        <extensions>
          <ns3:TrackPointExtension>
            <ns3:hr>146</ns3:hr>
            <ns3:cad>93</ns3:cad>
          </ns3:TrackPointExtension>
        </extensions>
      </trkpt>
      <trkpt lat="38.71749996207654476165771484375" lon="112.7669973112642765045166015625">
        <ele>798.79998779296875</ele>
        <time>2026-08-28T03:16:17.000Z</time>
        <extensions>
          <ns3:TrackPointExtension>
            <ns3:hr>146</ns3:hr>
            <ns3:cad>93</ns3:cad>
          </ns3:TrackPointExtension>
        </extensions>
      </trkpt>
      <trkpt lat="38.7174873054027557373046875" lon="112.767028994858264923095703125">
        <ele>798.79998779296875</ele>
        <time>2026-08-28T03:16:18.000Z</time>
        <extensions>
          <ns3:TrackPointExtension>
            <ns3:hr>145</ns3:hr>
            <ns3:cad>91</ns3:cad>
          </ns3:TrackPointExtension>
        </extensions>
      </trkpt>
      <trkpt lat="38.717485629022121429443359375" lon="112.7670559845864772796630859375">
        <ele>799</ele>
        <time>2026-08-28T03:16:19.000Z</time>
        <extensions>
          <ns3:TrackPointExtension>
            <ns3:hr>146</ns3:hr>
            <ns3:cad>90</ns3:cad>
          </ns3:TrackPointExtension>
        </extensions>
      </trkpt>
      <trkpt lat="38.7174733914434909820556640625" lon="112.76708724908530712127685546875">
        <ele>799</ele>
        <time>2026-08-28T03:16:20.000Z</time>
        <extensions>
          <ns3:TrackPointExtension>
            <ns3:hr>146</ns3:hr>
            <ns3:cad>90</ns3:cad>
          </ns3:TrackPointExtension>
        </extensions>
      </trkpt>
      <trkpt lat="38.71747029013931751251220703125" lon="112.76711516082286834716796875">
        <ele>799</ele>
        <time>2026-08-28T03:16:21.000Z</time>
        <extensions>
          <ns3:TrackPointExtension>
            <ns3:hr>146</ns3:hr>
            <ns3:cad>92</ns3:cad>
          </ns3:TrackPointExtension>
        </extensions>
      </trkpt>
      <trkpt lat="38.71745721437036991119384765625" lon="112.76714508421719074249267578125">
        <ele>799</ele>
        <time>2026-08-28T03:16:22.000Z</time>
        <extensions>
          <ns3:TrackPointExtension>
            <ns3:hr>147</ns3:hr>
            <ns3:cad>93</ns3:cad>
          </ns3:TrackPointExtension>
        </extensions>
      </trkpt>
      <trkpt lat="38.7174519337713718414306640625" lon="112.767177186906337738037109375">
        <ele>799</ele>
        <time>2026-08-28T03:16:23.000Z</time>
        <extensions>
          <ns3:TrackPointExtension>
            <ns3:hr>147</ns3:hr>
            <ns3:cad>93</ns3:cad>
          </ns3:TrackPointExtension>
        </extensions>
      </trkpt>
      <trkpt lat="38.71744547970592975616455078125" lon="112.76720694266259670257568359375">
        <ele>799</ele>
        <time>2026-08-28T03:16:24.000Z</time>
        <extensions>
          <ns3:TrackPointExtension>
            <ns3:hr>147</ns3:hr>
            <ns3:cad>93</ns3:cad>
          </ns3:TrackPointExtension>
        </extensions>
      </trkpt>
      <trkpt lat="38.71744061820209026336669921875" lon="112.76723812334239482879638671875">
        <ele>799</ele>
        <time>2026-08-28T03:16:25.000Z</time>
        <extensions>
          <ns3:TrackPointExtension>
            <ns3:hr>147</ns3:hr>
            <ns3:cad>92</ns3:cad>
          </ns3:TrackPointExtension>
        </extensions>
      </trkpt>
      <trkpt lat="38.71743508614599704742431640625" lon="112.7672628499567508697509765625">
        <ele>799.20001220703125</ele>
        <time>2026-08-28T03:16:26.000Z</time>
        <extensions>
          <ns3:TrackPointExtension>
            <ns3:hr>147</ns3:hr>
            <ns3:cad>92</ns3:cad>
          </ns3:TrackPointExtension>
        </extensions>
      </trkpt>
      <trkpt lat="38.71742896735668182373046875" lon="112.76729294098913669586181640625">
        <ele>799.20001220703125</ele>
        <time>2026-08-28T03:16:27.000Z</time>
        <extensions>
          <ns3:TrackPointExtension>
            <ns3:hr>147</ns3:hr>
            <ns3:cad>92</ns3:cad>
          </ns3:TrackPointExtension>
        </extensions>
      </trkpt>
      <trkpt lat="38.7174210883677005767822265625" lon="112.76731875725090503692626953125">
        <ele>799.20001220703125</ele>
        <time>2026-08-28T03:16:28.000Z</time>
        <extensions>
          <ns3:TrackPointExtension>
            <ns3:hr>147</ns3:hr>
            <ns3:cad>91</ns3:cad>
          </ns3:TrackPointExtension>
        </extensions>
      </trkpt>
      <trkpt lat="38.71741463430225849151611328125" lon="112.76735060848295688629150390625">
        <ele>799.20001220703125</ele>
        <time>2026-08-28T03:16:29.000Z</time>
        <extensions>
          <ns3:TrackPointExtension>
            <ns3:hr>147</ns3:hr>
            <ns3:cad>91</ns3:cad>
          </ns3:TrackPointExtension>
        </extensions>
      </trkpt>
      <trkpt lat="38.7174110300838947296142578125" lon="112.767374999821186065673828125">
        <ele>799.20001220703125</ele>
        <time>2026-08-28T03:16:30.000Z</time>
        <extensions>
          <ns3:TrackPointExtension>
            <ns3:hr>147</ns3:hr>
            <ns3:cad>92</ns3:cad>
          </ns3:TrackPointExtension>
        </extensions>
      </trkpt>
      <trkpt lat="38.71740239672362804412841796875" lon="112.76740911416709423065185546875">
        <ele>799.20001220703125</ele>
        <time>2026-08-28T03:16:31.000Z</time>
        <extensions>
          <ns3:TrackPointExtension>
            <ns3:hr>148</ns3:hr>
            <ns3:cad>93</ns3:cad>
          </ns3:TrackPointExtension>
        </extensions>
      </trkpt>
      <trkpt lat="38.71739904396235942840576171875" lon="112.76743392460048198699951171875">
        <ele>799.20001220703125</ele>
        <time>2026-08-28T03:16:32.000Z</time>
        <extensions>
          <ns3:TrackPointExtension>
            <ns3:hr>147</ns3:hr>
            <ns3:cad>93</ns3:cad>
          </ns3:TrackPointExtension>
        </extensions>
      </trkpt>
      <trkpt lat="38.717389069497585296630859375" lon="112.76746829040348529815673828125">
        <ele>799</ele>
        <time>2026-08-28T03:16:33.000Z</time>
        <extensions>
          <ns3:TrackPointExtension>
            <ns3:hr>147</ns3:hr>
            <ns3:cad>91</ns3:cad>
          </ns3:TrackPointExtension>
        </extensions>
      </trkpt>
      <trkpt lat="38.717386722564697265625" lon="112.76749075390398502349853515625">
        <ele>799</ele>
        <time>2026-08-28T03:16:34.000Z</time>
        <extensions>
          <ns3:TrackPointExtension>
            <ns3:hr>148</ns3:hr>
            <ns3:cad>91</ns3:cad>
          </ns3:TrackPointExtension>
        </extensions>
      </trkpt>
      <trkpt lat="38.7173728086054325103759765625" lon="112.76752344332635402679443359375">
        <ele>799</ele>
        <time>2026-08-28T03:16:35.000Z</time>
        <extensions>
          <ns3:TrackPointExtension>
            <ns3:hr>147</ns3:hr>
            <ns3:cad>92</ns3:cad>
          </ns3:TrackPointExtension>
        </extensions>
      </trkpt>
      <trkpt lat="38.7173691205680370330810546875" lon="112.7675488404929637908935546875">
        <ele>799.20001220703125</ele>
        <time>2026-08-28T03:16:36.000Z</time>
        <extensions>
          <ns3:TrackPointExtension>
            <ns3:hr>147</ns3:hr>
            <ns3:cad>94</ns3:cad>
          </ns3:TrackPointExtension>
        </extensions>
      </trkpt>
      <trkpt lat="38.717354200780391693115234375" lon="112.76757691986858844757080078125">
        <ele>799.20001220703125</ele>
        <time>2026-08-28T03:16:37.000Z</time>
        <extensions>
          <ns3:TrackPointExtension>
            <ns3:hr>147</ns3:hr>
            <ns3:cad>94</ns3:cad>
          </ns3:TrackPointExtension>
        </extensions>
      </trkpt>
      <trkpt lat="38.7173479981720447540283203125" lon="112.767606340348720550537109375">
        <ele>799.20001220703125</ele>
        <time>2026-08-28T03:16:38.000Z</time>
        <extensions>
          <ns3:TrackPointExtension>
            <ns3:hr>147</ns3:hr>
            <ns3:cad>94</ns3:cad>
          </ns3:TrackPointExtension>
        </extensions>
      </trkpt>
      <trkpt lat="38.7173365987837314605712890625" lon="112.7676343359053134918212890625">
        <ele>799.20001220703125</ele>
        <time>2026-08-28T03:16:39.000Z</time>
        <extensions>
          <ns3:TrackPointExtension>
            <ns3:hr>148</ns3:hr>
            <ns3:cad>94</ns3:cad>
          </ns3:TrackPointExtension>
        </extensions>
      </trkpt>
      <trkpt lat="38.71733299456536769866943359375" lon="112.76766442693769931793212890625">
        <ele>799.20001220703125</ele>
        <time>2026-08-28T03:16:40.000Z</time>
        <extensions>
          <ns3:TrackPointExtension>
            <ns3:hr>148</ns3:hr>
            <ns3:cad>94</ns3:cad>
          </ns3:TrackPointExtension>
        </extensions>
      </trkpt>
      <trkpt lat="38.71732377447187900543212890625" lon="112.76769317686557769775390625">
        <ele>799.20001220703125</ele>
        <time>2026-08-28T03:16:41.000Z</time>
        <extensions>
          <ns3:TrackPointExtension>
            <ns3:hr>149</ns3:hr>
            <ns3:cad>92</ns3:cad>
          </ns3:TrackPointExtension>
        </extensions>
      </trkpt>
      <trkpt lat="38.71731606312096118927001953125" lon="112.76772427372634410858154296875">
        <ele>799.20001220703125</ele>
        <time>2026-08-28T03:16:42.000Z</time>
        <extensions>
          <ns3:TrackPointExtension>
            <ns3:hr>149</ns3:hr>
            <ns3:cad>92</ns3:cad>
          </ns3:TrackPointExtension>
        </extensions>
      </trkpt>
      <trkpt lat="38.71731187216937541961669921875" lon="112.76774858124554157257080078125">
        <ele>799.20001220703125</ele>
        <time>2026-08-28T03:16:43.000Z</time>
        <extensions>
          <ns3:TrackPointExtension>
            <ns3:hr>149</ns3:hr>
            <ns3:cad>92</ns3:cad>
          </ns3:TrackPointExtension>
        </extensions>
      </trkpt>
      <trkpt lat="38.7173050828278064727783203125" lon="112.76778303086757659912109375">
        <ele>799.20001220703125</ele>
        <time>2026-08-28T03:16:44.000Z</time>
        <extensions>
          <ns3:TrackPointExtension>
            <ns3:hr>149</ns3:hr>
            <ns3:cad>93</ns3:cad>
          </ns3:TrackPointExtension>
        </extensions>
      </trkpt>
      <trkpt lat="38.71729829348623752593994140625" lon="112.7678073383867740631103515625">
        <ele>799.20001220703125</ele>
        <time>2026-08-28T03:16:45.000Z</time>
        <extensions>
          <ns3:TrackPointExtension>
            <ns3:hr>149</ns3:hr>
            <ns3:cad>93</ns3:cad>
          </ns3:TrackPointExtension>
        </extensions>
      </trkpt>
      <trkpt lat="38.717288486659526824951171875" lon="112.767842710018157958984375">
        <ele>799.4000244140625</ele>
        <time>2026-08-28T03:16:46.000Z</time>
        <extensions>
          <ns3:TrackPointExtension>
            <ns3:hr>149</ns3:hr>
            <ns3:cad>93</ns3:cad>
          </ns3:TrackPointExtension>
        </extensions>
      </trkpt>
      <trkpt lat="38.71728488244116306304931640625" lon="112.76786752045154571533203125">
        <ele>799.4000244140625</ele>
        <time>2026-08-28T03:16:47.000Z</time>
        <extensions>
          <ns3:TrackPointExtension>
            <ns3:hr>150</ns3:hr>
            <ns3:cad>92</ns3:cad>
          </ns3:TrackPointExtension>
        </extensions>
      </trkpt>
      <trkpt lat="38.7172749079763889312744140625" lon="112.767902053892612457275390625">
        <ele>799.4000244140625</ele>
        <time>2026-08-28T03:16:48.000Z</time>
        <extensions>
          <ns3:TrackPointExtension>
            <ns3:hr>150</ns3:hr>
            <ns3:cad>91</ns3:cad>
          </ns3:TrackPointExtension>
        </extensions>
      </trkpt>
      <trkpt lat="38.71727096848189830780029296875" lon="112.76792761869728565216064453125">
        <ele>799.4000244140625</ele>
        <time>2026-08-28T03:16:49.000Z</time>
        <extensions>
          <ns3:TrackPointExtension>
            <ns3:hr>150</ns3:hr>
            <ns3:cad>91</ns3:cad>
          </ns3:TrackPointExtension>
        </extensions>
      </trkpt>
      <trkpt lat="38.71725470758974552154541015625" lon="112.76795980520546436309814453125">
        <ele>799.4000244140625</ele>
        <time>2026-08-28T03:16:50.000Z</time>
        <extensions>
          <ns3:TrackPointExtension>
            <ns3:hr>150</ns3:hr>
            <ns3:cad>91</ns3:cad>
          </ns3:TrackPointExtension>
        </extensions>
      </trkpt>
      <trkpt lat="38.71724967844784259796142578125" lon="112.76798687875270843505859375">
        <ele>799.4000244140625</ele>
        <time>2026-08-28T03:16:51.000Z</time>
        <extensions>
          <ns3:TrackPointExtension>
            <ns3:hr>150</ns3:hr>
            <ns3:cad>93</ns3:cad>
          </ns3:TrackPointExtension>
        </extensions>
      </trkpt>
      <trkpt lat="38.71723777614533901214599609375" lon="112.76801898144185543060302734375">
        <ele>799.4000244140625</ele>
        <time>2026-08-28T03:16:52.000Z</time>
        <extensions>
          <ns3:TrackPointExtension>
            <ns3:hr>150</ns3:hr>
            <ns3:cad>93</ns3:cad>
          </ns3:TrackPointExtension>
        </extensions>
      </trkpt>
      <trkpt lat="38.717232160270214080810546875" lon="112.76805016212165355682373046875">
        <ele>799.4000244140625</ele>
        <time>2026-08-28T03:16:53.000Z</time>
        <extensions>
          <ns3:TrackPointExtension>
            <ns3:hr>150</ns3:hr>
            <ns3:cad>92</ns3:cad>
          </ns3:TrackPointExtension>
        </extensions>
      </trkpt>
      <trkpt lat="38.717222772538661956787109375" lon="112.7680792473256587982177734375">
        <ele>799.4000244140625</ele>
        <time>2026-08-28T03:16:54.000Z</time>
        <extensions>
          <ns3:TrackPointExtension>
            <ns3:hr>150</ns3:hr>
            <ns3:cad>91</ns3:cad>
          </ns3:TrackPointExtension>
        </extensions>
      </trkpt>
      <trkpt lat="38.71721883304417133331298828125" lon="112.76811252348124980926513671875">
        <ele>799.4000244140625</ele>
        <time>2026-08-28T03:16:55.000Z</time>
        <extensions>
          <ns3:TrackPointExtension>
            <ns3:hr>150</ns3:hr>
            <ns3:cad>92</ns3:cad>
          </ns3:TrackPointExtension>
        </extensions>
      </trkpt>
      <trkpt lat="38.7172101996839046478271484375" lon="112.7681382559239864349365234375">
        <ele>799.4000244140625</ele>
        <time>2026-08-28T03:16:56.000Z</time>
        <extensions>
          <ns3:TrackPointExtension>
            <ns3:hr>150</ns3:hr>
            <ns3:cad>93</ns3:cad>
          </ns3:TrackPointExtension>
        </extensions>
      </trkpt>
      <trkpt lat="38.7172024883329868316650390625" lon="112.76817186735570430755615234375">
        <ele>799.4000244140625</ele>
        <time>2026-08-28T03:16:57.000Z</time>
        <extensions>
          <ns3:TrackPointExtension>
            <ns3:hr>150</ns3:hr>
            <ns3:cad>93</ns3:cad>
          </ns3:TrackPointExtension>
        </extensions>
      </trkpt>
      <trkpt lat="38.717195950448513031005859375" lon="112.76819718070328235626220703125">
        <ele>799.4000244140625</ele>
        <time>2026-08-28T03:16:58.000Z</time>
        <extensions>
          <ns3:TrackPointExtension>
            <ns3:hr>150</ns3:hr>
            <ns3:cad>93</ns3:cad>
          </ns3:TrackPointExtension>
        </extensions>
      </trkpt>
      <trkpt lat="38.71718631125986576080322265625" lon="112.768229953944683074951171875">
        <ele>799.4000244140625</ele>
        <time>2026-08-28T03:16:59.000Z</time>
        <extensions>
          <ns3:TrackPointExtension>
            <ns3:hr>150</ns3:hr>
            <ns3:cad>93</ns3:cad>
          </ns3:TrackPointExtension>
        </extensions>
      </trkpt>
      <trkpt lat="38.7171853892505168914794921875" lon="112.7682571113109588623046875">
        <ele>799.4000244140625</ele>
        <time>2026-08-28T03:17:00.000Z</time>
        <extensions>
          <ns3:TrackPointExtension>
            <ns3:hr>150</ns3:hr>
            <ns3:cad>92</ns3:cad>
          </ns3:TrackPointExtension>
        </extensions>
      </trkpt>
      <trkpt lat="38.71718044392764568328857421875" lon="112.76829809881746768951416015625">
        <ele>799.4000244140625</ele>
        <time>2026-08-28T03:17:01.000Z</time>
        <extensions>
          <ns3:TrackPointExtension>
            <ns3:hr>150</ns3:hr>
            <ns3:cad>91</ns3:cad>
          </ns3:TrackPointExtension>
        </extensions>
      </trkpt>
      <trkpt lat="38.71717876754701137542724609375" lon="112.76832274161279201507568359375">
        <ele>799.4000244140625</ele>
        <time>2026-08-28T03:17:02.000Z</time>
        <extensions>
          <ns3:TrackPointExtension>
            <ns3:hr>150</ns3:hr>
            <ns3:cad>91</ns3:cad>
          </ns3:TrackPointExtension>
        </extensions>
      </trkpt>
      <trkpt lat="38.71717055328190326690673828125" lon="112.768360041081905364990234375">
        <ele>799.4000244140625</ele>
        <time>2026-08-28T03:17:03.000Z</time>
        <extensions>
          <ns3:TrackPointExtension>
            <ns3:hr>150</ns3:hr>
            <ns3:cad>93</ns3:cad>
          </ns3:TrackPointExtension>
        </extensions>
      </trkpt>
      <trkpt lat="38.71717088855803012847900390625" lon="112.7683858573436737060546875">
        <ele>799.4000244140625</ele>
        <time>2026-08-28T03:17:04.000Z</time>
        <extensions>
          <ns3:TrackPointExtension>
            <ns3:hr>150</ns3:hr>
            <ns3:cad>93</ns3:cad>
          </ns3:TrackPointExtension>
        </extensions>
      </trkpt>
      <trkpt lat="38.7171562202274799346923828125" lon="112.76841334998607635498046875">
        <ele>799.5999755859375</ele>
        <time>2026-08-28T03:17:05.000Z</time>
        <extensions>
          <ns3:TrackPointExtension>
            <ns3:hr>150</ns3:hr>
            <ns3:cad>93</ns3:cad>
          </ns3:TrackPointExtension>
        </extensions>
      </trkpt>
      <trkpt lat="38.7171538732945919036865234375" lon="112.7684420160949230194091796875">
        <ele>799.5999755859375</ele>
        <time>2026-08-28T03:17:06.000Z</time>
        <extensions>
          <ns3:TrackPointExtension>
            <ns3:hr>150</ns3:hr>
            <ns3:cad>92</ns3:cad>
          </ns3:TrackPointExtension>
        </extensions>
      </trkpt>
      <trkpt lat="38.71713660657405853271484375" lon="112.76847093366086483001708984375">
        <ele>799.5999755859375</ele>
        <time>2026-08-28T03:17:07.000Z</time>
        <extensions>
          <ns3:TrackPointExtension>
            <ns3:hr>151</ns3:hr>
            <ns3:cad>92</ns3:cad>
          </ns3:TrackPointExtension>
        </extensions>
      </trkpt>
      <trkpt lat="38.7171273864805698394775390625" lon="112.768497169017791748046875">
        <ele>799.5999755859375</ele>
        <time>2026-08-28T03:17:08.000Z</time>
        <extensions>
          <ns3:TrackPointExtension>
            <ns3:hr>150</ns3:hr>
            <ns3:cad>92</ns3:cad>
          </ns3:TrackPointExtension>
        </extensions>
      </trkpt>
      <trkpt lat="38.7171156518161296844482421875" lon="112.76852491311728954315185546875">
        <ele>799.4000244140625</ele>
        <time>2026-08-28T03:17:09.000Z</time>
        <extensions>
          <ns3:TrackPointExtension>
            <ns3:hr>150</ns3:hr>
            <ns3:cad>92</ns3:cad>
          </ns3:TrackPointExtension>
        </extensions>
      </trkpt>
      <trkpt lat="38.717108108103275299072265625" lon="112.76855894364416599273681640625">
        <ele>799.4000244140625</ele>
        <time>2026-08-28T03:17:10.000Z</time>
        <extensions>
          <ns3:TrackPointExtension>
            <ns3:hr>150</ns3:hr>
            <ns3:cad>93</ns3:cad>
          </ns3:TrackPointExtension>
        </extensions>
      </trkpt>
      <trkpt lat="38.7170988880097866058349609375" lon="112.76858626864850521087646484375">
        <ele>799.4000244140625</ele>
        <time>2026-08-28T03:17:11.000Z</time>
        <extensions>
          <ns3:TrackPointExtension>
            <ns3:hr>151</ns3:hr>
            <ns3:cad>94</ns3:cad>
          </ns3:TrackPointExtension>
        </extensions>
      </trkpt>
      <trkpt lat="38.71709343977272510528564453125" lon="112.76862113736569881439208984375">
        <ele>799.4000244140625</ele>
        <time>2026-08-28T03:17:12.000Z</time>
        <extensions>
          <ns3:TrackPointExtension>
            <ns3:hr>151</ns3:hr>
            <ns3:cad>94</ns3:cad>
          </ns3:TrackPointExtension>
        </extensions>
      </trkpt>
      <trkpt lat="38.71708774007856845855712890625" lon="112.76865215040743350982666015625">
        <ele>799.4000244140625</ele>
        <time>2026-08-28T03:17:13.000Z</time>
        <extensions>
          <ns3:TrackPointExtension>
            <ns3:hr>151</ns3:hr>
            <ns3:cad>93</ns3:cad>
          </ns3:TrackPointExtension>
        </extensions>
      </trkpt>
      <trkpt lat="38.717077262699604034423828125" lon="112.76868852786719799041748046875">
        <ele>799.4000244140625</ele>
        <time>2026-08-28T03:17:14.000Z</time>
        <extensions>
          <ns3:TrackPointExtension>
            <ns3:hr>151</ns3:hr>
            <ns3:cad>93</ns3:cad>
          </ns3:TrackPointExtension>
        </extensions>
      </trkpt>
      <trkpt lat="38.71707064099609851837158203125" lon="112.7687172777950763702392578125">
        <ele>799.4000244140625</ele>
        <time>2026-08-28T03:17:15.000Z</time>
        <extensions>
          <ns3:TrackPointExtension>
            <ns3:hr>150</ns3:hr>
            <ns3:cad>93</ns3:cad>
          </ns3:TrackPointExtension>
        </extensions>
      </trkpt>
      <trkpt lat="38.7170640192925930023193359375" lon="112.7687548287212848663330078125">
        <ele>799.4000244140625</ele>
        <time>2026-08-28T03:17:16.000Z</time>
        <extensions>
          <ns3:TrackPointExtension>
            <ns3:hr>150</ns3:hr>
            <ns3:cad>92</ns3:cad>
          </ns3:TrackPointExtension>
        </extensions>
      </trkpt>
      <trkpt lat="38.71705974452197551727294921875" lon="112.76878190226852893829345703125">
        <ele>799.20001220703125</ele>
        <time>2026-08-28T03:17:17.000Z</time>
        <extensions>
          <ns3:TrackPointExtension>
            <ns3:hr>150</ns3:hr>
            <ns3:cad>92</ns3:cad>
          </ns3:TrackPointExtension>
        </extensions>
      </trkpt>
      <trkpt lat="38.71705077588558197021484375" lon="112.7688198722898960113525390625">
        <ele>799.20001220703125</ele>
        <time>2026-08-28T03:17:18.000Z</time>
        <extensions>
          <ns3:TrackPointExtension>
            <ns3:hr>151</ns3:hr>
            <ns3:cad>92</ns3:cad>
          </ns3:TrackPointExtension>
        </extensions>
      </trkpt>
      <trkpt lat="38.7170469202101230621337890625" lon="112.76884694583714008331298828125">
        <ele>799.20001220703125</ele>
        <time>2026-08-28T03:17:19.000Z</time>
        <extensions>
          <ns3:TrackPointExtension>
            <ns3:hr>150</ns3:hr>
            <ns3:cad>92</ns3:cad>
          </ns3:TrackPointExtension>
        </extensions>
      </trkpt>
      <trkpt lat="38.7170351855456829071044921875" lon="112.7688815630972385406494140625">
        <ele>799.20001220703125</ele>
        <time>2026-08-28T03:17:20.000Z</time>
        <extensions>
          <ns3:TrackPointExtension>
            <ns3:hr>150</ns3:hr>
            <ns3:cad>92</ns3:cad>
          </ns3:TrackPointExtension>
        </extensions>
      </trkpt>
      <trkpt lat="38.71703258715569972991943359375" lon="112.768903858959674835205078125">
        <ele>799.20001220703125</ele>
        <time>2026-08-28T03:17:21.000Z</time>
        <extensions>
          <ns3:TrackPointExtension>
            <ns3:hr>150</ns3:hr>
            <ns3:cad>92</ns3:cad>
          </ns3:TrackPointExtension>
        </extensions>
      </trkpt>
      <trkpt lat="38.7170224450528621673583984375" lon="112.768936045467853546142578125">
        <ele>799.20001220703125</ele>
        <time>2026-08-28T03:17:22.000Z</time>
        <extensions>
          <ns3:TrackPointExtension>
            <ns3:hr>150</ns3:hr>
            <ns3:cad>90</ns3:cad>
          </ns3:TrackPointExtension>
        </extensions>
      </trkpt>
      <trkpt lat="38.71701858937740325927734375" lon="112.76896730996668338775634765625">
        <ele>799</ele>
        <time>2026-08-28T03:17:23.000Z</time>
        <extensions>
          <ns3:TrackPointExtension>
            <ns3:hr>150</ns3:hr>
            <ns3:cad>90</ns3:cad>
          </ns3:TrackPointExtension>
        </extensions>
      </trkpt>
      <trkpt lat="38.7170060165226459503173828125" lon="112.768997736275196075439453125">
        <ele>799</ele>
        <time>2026-08-28T03:17:24.000Z</time>
        <extensions>
          <ns3:TrackPointExtension>
            <ns3:hr>150</ns3:hr>
            <ns3:cad>93</ns3:cad>
          </ns3:TrackPointExtension>
        </extensions>
      </trkpt>
      <trkpt lat="38.717003501951694488525390625" lon="112.76902816258370876312255859375">
        <ele>799</ele>
        <time>2026-08-28T03:17:25.000Z</time>
        <extensions>
          <ns3:TrackPointExtension>
            <ns3:hr>150</ns3:hr>
            <ns3:cad>94</ns3:cad>
          </ns3:TrackPointExtension>
        </extensions>
      </trkpt>
      <trkpt lat="38.7169922702014446258544921875" lon="112.76905708014965057373046875">
        <ele>799</ele>
        <time>2026-08-28T03:17:26.000Z</time>
        <extensions>
          <ns3:TrackPointExtension>
            <ns3:hr>149</ns3:hr>
            <ns3:cad>94</ns3:cad>
          </ns3:TrackPointExtension>
        </extensions>
      </trkpt>
      <trkpt lat="38.71698363684117794036865234375" lon="112.7690890990197658538818359375">
        <ele>798.79998779296875</ele>
        <time>2026-08-28T03:17:27.000Z</time>
        <extensions>
          <ns3:TrackPointExtension>
            <ns3:hr>149</ns3:hr>
            <ns3:cad>93</ns3:cad>
          </ns3:TrackPointExtension>
        </extensions>
      </trkpt>
      <trkpt lat="38.71697542257606983184814453125" lon="112.76911742985248565673828125">
        <ele>798.79998779296875</ele>
        <time>2026-08-28T03:17:28.000Z</time>
        <extensions>
          <ns3:TrackPointExtension>
            <ns3:hr>149</ns3:hr>
            <ns3:cad>92</ns3:cad>
          </ns3:TrackPointExtension>
        </extensions>
      </trkpt>
      <trkpt lat="38.71696905232965946197509765625" lon="112.769151963293552398681640625">
        <ele>798.79998779296875</ele>
        <time>2026-08-28T03:17:29.000Z</time>
        <extensions>
          <ns3:TrackPointExtension>
            <ns3:hr>149</ns3:hr>
            <ns3:cad>92</ns3:cad>
          </ns3:TrackPointExtension>
        </extensions>
      </trkpt>
      <trkpt lat="38.71696402318775653839111328125" lon="112.7691823057830333709716796875">
        <ele>798.79998779296875</ele>
        <time>2026-08-28T03:17:30.000Z</time>
        <extensions>
          <ns3:TrackPointExtension>
            <ns3:hr>149</ns3:hr>
            <ns3:cad>92</ns3:cad>
          </ns3:TrackPointExtension>
        </extensions>
      </trkpt>
      <trkpt lat="38.71695731766521930694580078125" lon="112.76922094635665416717529296875">
        <ele>798.79998779296875</ele>
        <time>2026-08-28T03:17:31.000Z</time>
        <extensions>
          <ns3:TrackPointExtension>
            <ns3:hr>149</ns3:hr>
            <ns3:cad>92</ns3:cad>
          </ns3:TrackPointExtension>
        </extensions>
      </trkpt>
      <trkpt lat="38.7169513665139675140380859375" lon="112.7692466787993907928466796875">
        <ele>798.79998779296875</ele>
        <time>2026-08-28T03:17:32.000Z</time>
        <extensions>
          <ns3:TrackPointExtension>
            <ns3:hr>150</ns3:hr>
            <ns3:cad>93</ns3:cad>
          </ns3:TrackPointExtension>
        </extensions>
      </trkpt>
      <trkpt lat="38.71694440953433513641357421875" lon="112.769285738468170166015625">
        <ele>798.79998779296875</ele>
        <time>2026-08-28T03:17:33.000Z</time>
        <extensions>
          <ns3:TrackPointExtension>
            <ns3:hr>150</ns3:hr>
            <ns3:cad>93</ns3:cad>
          </ns3:TrackPointExtension>
        </extensions>
      </trkpt>
      <trkpt lat="38.71694080531597137451171875" lon="112.769312225282192230224609375">
        <ele>798.5999755859375</ele>
        <time>2026-08-28T03:17:34.000Z</time>
        <extensions>
          <ns3:TrackPointExtension>
            <ns3:hr>151</ns3:hr>
            <ns3:cad>93</ns3:cad>
          </ns3:TrackPointExtension>
        </extensions>
      </trkpt>
      <trkpt lat="38.7169335968792438507080078125" lon="112.76934885419905185699462890625">
        <ele>798.5999755859375</ele>
        <time>2026-08-28T03:17:35.000Z</time>
        <extensions>
          <ns3:TrackPointExtension>
            <ns3:hr>151</ns3:hr>
            <ns3:cad>92</ns3:cad>
          </ns3:TrackPointExtension>
        </extensions>
      </trkpt>
      <trkpt lat="38.71693368069827556610107421875" lon="112.76937467046082019805908203125">
        <ele>798.5999755859375</ele>
        <time>2026-08-28T03:17:36.000Z</time>
        <extensions>
          <ns3:TrackPointExtension>
            <ns3:hr>152</ns3:hr>
            <ns3:cad>92</ns3:cad>
          </ns3:TrackPointExtension>
        </extensions>
      </trkpt>
      <trkpt lat="38.71692647226154804229736328125" lon="112.76941054500639438629150390625">
        <ele>798.5999755859375</ele>
        <time>2026-08-28T03:17:37.000Z</time>
        <extensions>
          <ns3:TrackPointExtension>
            <ns3:hr>152</ns3:hr>
            <ns3:cad>92</ns3:cad>
          </ns3:TrackPointExtension>
        </extensions>
      </trkpt>
      <trkpt lat="38.7169228680431842803955078125" lon="112.76943502016365528106689453125">
        <ele>798.5999755859375</ele>
        <time>2026-08-28T03:17:38.000Z</time>
        <extensions>
          <ns3:TrackPointExtension>
            <ns3:hr>153</ns3:hr>
            <ns3:cad>92</ns3:cad>
          </ns3:TrackPointExtension>
        </extensions>
      </trkpt>
      <trkpt lat="38.71690685860812664031982421875" lon="112.76946804486215114593505859375">
        <ele>798.4000244140625</ele>
        <time>2026-08-28T03:17:39.000Z</time>
        <extensions>
          <ns3:TrackPointExtension>
            <ns3:hr>153</ns3:hr>
            <ns3:cad>92</ns3:cad>
          </ns3:TrackPointExtension>
        </extensions>
      </trkpt>
      <trkpt lat="38.716903589665889739990234375" lon="112.76949469931423664093017578125">
        <ele>798.4000244140625</ele>
        <time>2026-08-28T03:17:40.000Z</time>
        <extensions>
          <ns3:TrackPointExtension>
            <ns3:hr>153</ns3:hr>
            <ns3:cad>92</ns3:cad>
          </ns3:TrackPointExtension>
        </extensions>
      </trkpt>
      <trkpt lat="38.71689663268625736236572265625" lon="112.7695296518504619598388671875">
        <ele>798.4000244140625</ele>
        <time>2026-08-28T03:17:41.000Z</time>
        <extensions>
          <ns3:TrackPointExtension>
            <ns3:hr>153</ns3:hr>
            <ns3:cad>92</ns3:cad>
          </ns3:TrackPointExtension>
        </extensions>
      </trkpt>
      <trkpt lat="38.716897554695606231689453125" lon="112.76955907233059406280517578125">
        <ele>798.20001220703125</ele>
        <time>2026-08-28T03:17:42.000Z</time>
        <extensions>
          <ns3:TrackPointExtension>
            <ns3:hr>153</ns3:hr>
            <ns3:cad>92</ns3:cad>
          </ns3:TrackPointExtension>
        </extensions>
      </trkpt>
      <trkpt lat="38.7168910168111324310302734375" lon="112.76959410868585109710693359375">
        <ele>798.20001220703125</ele>
        <time>2026-08-28T03:17:43.000Z</time>
        <extensions>
          <ns3:TrackPointExtension>
            <ns3:hr>153</ns3:hr>
            <ns3:cad>92</ns3:cad>
          </ns3:TrackPointExtension>
        </extensions>
      </trkpt>
      <trkpt lat="38.7168869934976100921630859375" lon="112.76962076313793659210205078125">
        <ele>798.20001220703125</ele>
        <time>2026-08-28T03:17:44.000Z</time>
        <extensions>
          <ns3:TrackPointExtension>
            <ns3:hr>152</ns3:hr>
            <ns3:cad>92</ns3:cad>
          </ns3:TrackPointExtension>
        </extensions>
      </trkpt>
      <trkpt lat="38.716877438127994537353515625" lon="112.76965118944644927978515625">
        <ele>798.20001220703125</ele>
        <time>2026-08-28T03:17:45.000Z</time>
        <extensions>
          <ns3:TrackPointExtension>
            <ns3:hr>152</ns3:hr>
            <ns3:cad>92</ns3:cad>
          </ns3:TrackPointExtension>
        </extensions>
      </trkpt>
      <trkpt lat="38.71687131933867931365966796875" lon="112.76968278922140598297119140625">
        <ele>798.20001220703125</ele>
        <time>2026-08-28T03:17:46.000Z</time>
        <extensions>
          <ns3:TrackPointExtension>
            <ns3:hr>151</ns3:hr>
            <ns3:cad>93</ns3:cad>
          </ns3:TrackPointExtension>
        </extensions>
      </trkpt>
      <trkpt lat="38.71686109341681003570556640625" lon="112.76971179060637950897216796875">
        <ele>798.20001220703125</ele>
        <time>2026-08-28T03:17:47.000Z</time>
        <extensions>
          <ns3:TrackPointExtension>
            <ns3:hr>151</ns3:hr>
            <ns3:cad>93</ns3:cad>
          </ns3:TrackPointExtension>
        </extensions>
      </trkpt>
      <trkpt lat="38.7168524600565433502197265625" lon="112.769749425351619720458984375">
        <ele>798.20001220703125</ele>
        <time>2026-08-28T03:17:48.000Z</time>
        <extensions>
          <ns3:TrackPointExtension>
            <ns3:hr>150</ns3:hr>
            <ns3:cad>93</ns3:cad>
          </ns3:TrackPointExtension>
        </extensions>
      </trkpt>
      <trkpt lat="38.716850616037845611572265625" lon="112.7697787620127201080322265625">
        <ele>798.20001220703125</ele>
        <time>2026-08-28T03:17:49.000Z</time>
        <extensions>
          <ns3:TrackPointExtension>
            <ns3:hr>149</ns3:hr>
            <ns3:cad>91</ns3:cad>
          </ns3:TrackPointExtension>
        </extensions>
      </trkpt>
      <trkpt lat="38.7168481014668941497802734375" lon="112.76981689967215061187744140625">
        <ele>798</ele>
        <time>2026-08-28T03:17:50.000Z</time>
        <extensions>
          <ns3:TrackPointExtension>
            <ns3:hr>148</ns3:hr>
            <ns3:cad>91</ns3:cad>
          </ns3:TrackPointExtension>
        </extensions>
      </trkpt>
      <trkpt lat="38.71684491634368896484375" lon="112.76984606869518756866455078125">
        <ele>798</ele>
        <time>2026-08-28T03:17:51.000Z</time>
        <extensions>
          <ns3:TrackPointExtension>
            <ns3:hr>148</ns3:hr>
            <ns3:cad>92</ns3:cad>
          </ns3:TrackPointExtension>
        </extensions>
      </trkpt>
      <trkpt lat="38.7168350256979465484619140625" lon="112.76988211087882518768310546875">
        <ele>798</ele>
        <time>2026-08-28T03:17:52.000Z</time>
        <extensions>
          <ns3:TrackPointExtension>
            <ns3:hr>147</ns3:hr>
            <ns3:cad>92</ns3:cad>
          </ns3:TrackPointExtension>
        </extensions>
      </trkpt>
      <trkpt lat="38.716831170022487640380859375" lon="112.7699095197021961212158203125">
        <ele>797.79998779296875</ele>
        <time>2026-08-28T03:17:53.000Z</time>
        <extensions>
          <ns3:TrackPointExtension>
            <ns3:hr>147</ns3:hr>
            <ns3:cad>93</ns3:cad>
          </ns3:TrackPointExtension>
        </extensions>
      </trkpt>
      <trkpt lat="38.7168192677199840545654296875" lon="112.76994950138032436370849609375">
        <ele>797.79998779296875</ele>
        <time>2026-08-28T03:17:54.000Z</time>
        <extensions>
          <ns3:TrackPointExtension>
            <ns3:hr>148</ns3:hr>
            <ns3:cad>93</ns3:cad>
          </ns3:TrackPointExtension>
        </extensions>
      </trkpt>
      <trkpt lat="38.71681868098676204681396484375" lon="112.76997330598533153533935546875">
        <ele>797.79998779296875</ele>
        <time>2026-08-28T03:17:55.000Z</time>
        <extensions>
          <ns3:TrackPointExtension>
            <ns3:hr>148</ns3:hr>
            <ns3:cad>92</ns3:cad>
          </ns3:TrackPointExtension>
        </extensions>
      </trkpt>
      <trkpt lat="38.7168105505406856536865234375" lon="112.77001270093023777008056640625">
        <ele>797.79998779296875</ele>
        <time>2026-08-28T03:17:56.000Z</time>
        <extensions>
          <ns3:TrackPointExtension>
            <ns3:hr>148</ns3:hr>
            <ns3:cad>92</ns3:cad>
          </ns3:TrackPointExtension>
        </extensions>
      </trkpt>
      <trkpt lat="38.7168149091303348541259765625" lon="112.77003617025911808013916015625">
        <ele>797.79998779296875</ele>
        <time>2026-08-28T03:17:57.000Z</time>
        <extensions>
          <ns3:TrackPointExtension>
            <ns3:hr>148</ns3:hr>
            <ns3:cad>91</ns3:cad>
          </ns3:TrackPointExtension>
        </extensions>
      </trkpt>
      <trkpt lat="38.716815412044525146484375" lon="112.77007506228983402252197265625">
        <ele>797.79998779296875</ele>
        <time>2026-08-28T03:17:58.000Z</time>
        <extensions>
          <ns3:TrackPointExtension>
            <ns3:hr>148</ns3:hr>
            <ns3:cad>91</ns3:cad>
          </ns3:TrackPointExtension>
        </extensions>
      </trkpt>
      <trkpt lat="38.71682153083384037017822265625" lon="112.77009802870452404022216796875">
        <ele>797.5999755859375</ele>
        <time>2026-08-28T03:17:59.000Z</time>
        <extensions>
          <ns3:TrackPointExtension>
            <ns3:hr>147</ns3:hr>
            <ns3:cad>92</ns3:cad>
          </ns3:TrackPointExtension>
        </extensions>
      </trkpt>
      <trkpt lat="38.7168247997760772705078125" lon="112.77013507671654224395751953125">
        <ele>797.5999755859375</ele>
        <time>2026-08-28T03:18:00.000Z</time>
        <extensions>
          <ns3:TrackPointExtension>
            <ns3:hr>147</ns3:hr>
            <ns3:cad>93</ns3:cad>
          </ns3:TrackPointExtension>
        </extensions>
      </trkpt>
      <trkpt lat="38.7168316729366779327392578125" lon="112.770160473883152008056640625">
        <ele>797.5999755859375</ele>
        <time>2026-08-28T03:18:01.000Z</time>
        <extensions>
          <ns3:TrackPointExtension>
            <ns3:hr>147</ns3:hr>
            <ns3:cad>93</ns3:cad>
          </ns3:TrackPointExtension>
        </extensions>
      </trkpt>
      <trkpt lat="38.71684701181948184967041015625" lon="112.7701888047158718109130859375">
        <ele>797.5999755859375</ele>
        <time>2026-08-28T03:18:02.000Z</time>
        <extensions>
          <ns3:TrackPointExtension>
            <ns3:hr>147</ns3:hr>
            <ns3:cad>93</ns3:cad>
          </ns3:TrackPointExtension>
        </extensions>
      </trkpt>
      <trkpt lat="38.71686511673033237457275390625" lon="112.77020397596061229705810546875">
        <ele>797.5999755859375</ele>
        <time>2026-08-28T03:18:03.000Z</time>
        <extensions>
          <ns3:TrackPointExtension>
            <ns3:hr>146</ns3:hr>
            <ns3:cad>92</ns3:cad>
          </ns3:TrackPointExtension>
        </extensions>
      </trkpt>
      <trkpt lat="38.71688783168792724609375" lon="112.77020908892154693603515625">
        <ele>797.4000244140625</ele>
        <time>2026-08-28T03:18:04.000Z</time>
        <extensions>
          <ns3:TrackPointExtension>
            <ns3:hr>146</ns3:hr>
            <ns3:cad>92</ns3:cad>
          </ns3:TrackPointExtension>
        </extensions>
      </trkpt>
      <trkpt lat="38.7169101275503635406494140625" lon="112.7702112682163715362548828125">
        <ele>797.4000244140625</ele>
        <time>2026-08-28T03:18:05.000Z</time>
        <extensions>
          <ns3:TrackPointExtension>
            <ns3:hr>145</ns3:hr>
            <ns3:cad>92</ns3:cad>
          </ns3:TrackPointExtension>
        </extensions>
      </trkpt>
      <trkpt lat="38.7169423140585422515869140625" lon="112.77021420188248157501220703125">
        <ele>797.4000244140625</ele>
        <time>2026-08-28T03:18:06.000Z</time>
        <extensions>
          <ns3:TrackPointExtension>
            <ns3:hr>145</ns3:hr>
            <ns3:cad>92</ns3:cad>
          </ns3:TrackPointExtension>
        </extensions>
      </trkpt>
      <trkpt lat="38.71696385554969310760498046875" lon="112.770216464996337890625">
        <ele>797.4000244140625</ele>
        <time>2026-08-28T03:18:07.000Z</time>
        <extensions>
          <ns3:TrackPointExtension>
            <ns3:hr>145</ns3:hr>
            <ns3:cad>92</ns3:cad>
          </ns3:TrackPointExtension>
        </extensions>
      </trkpt>
      <trkpt lat="38.7169875763356685638427734375" lon="112.77022115886211395263671875">
        <ele>797.4000244140625</ele>
        <time>2026-08-28T03:18:08.000Z</time>
        <extensions>
          <ns3:TrackPointExtension>
            <ns3:hr>145</ns3:hr>
            <ns3:cad>92</ns3:cad>
          </ns3:TrackPointExtension>
        </extensions>
      </trkpt>
      <trkpt lat="38.7170050106942653656005859375" lon="112.77022593654692173004150390625">
        <ele>797.5999755859375</ele>
        <time>2026-08-28T03:18:09.000Z</time>
        <extensions>
          <ns3:TrackPointExtension>
            <ns3:hr>145</ns3:hr>
            <ns3:cad>90</ns3:cad>
          </ns3:TrackPointExtension>
        </extensions>
      </trkpt>
      <trkpt lat="38.71702269650995731353759765625" lon="112.77022677473723888397216796875">
        <ele>797.5999755859375</ele>
        <time>2026-08-28T03:18:10.000Z</time>
        <extensions>
          <ns3:TrackPointExtension>
            <ns3:hr>145</ns3:hr>
            <ns3:cad>90</ns3:cad>
          </ns3:TrackPointExtension>
        </extensions>
      </trkpt>
      <trkpt lat="38.71703803539276123046875" lon="112.77023063041269779205322265625">
        <ele>797.5999755859375</ele>
        <time>2026-08-28T03:18:11.000Z</time>
        <extensions>
          <ns3:TrackPointExtension>
            <ns3:hr>145</ns3:hr>
            <ns3:cad>90</ns3:cad>
          </ns3:TrackPointExtension>
        </extensions>
      </trkpt>
      <trkpt lat="38.7170635163784027099609375" lon="112.77023532427847385406494140625">
        <ele>797.5999755859375</ele>
        <time>2026-08-28T03:18:12.000Z</time>
        <extensions>
          <ns3:TrackPointExtension>
            <ns3:hr>145</ns3:hr>
            <ns3:cad>91</ns3:cad>
          </ns3:TrackPointExtension>
        </extensions>
      </trkpt>
      <trkpt lat="38.71709100902080535888671875" lon="112.7702380903065204620361328125">
        <ele>797.4000244140625</ele>
        <time>2026-08-28T03:18:13.000Z</time>
        <extensions>
          <ns3:TrackPointExtension>
            <ns3:hr>144</ns3:hr>
            <ns3:cad>93</ns3:cad>
          </ns3:TrackPointExtension>
        </extensions>
      </trkpt>
      <trkpt lat="38.71711514890193939208984375" lon="112.77023188769817352294921875">
        <ele>797.4000244140625</ele>
        <time>2026-08-28T03:18:14.000Z</time>
        <extensions>
          <ns3:TrackPointExtension>
            <ns3:hr>144</ns3:hr>
            <ns3:cad>93</ns3:cad>
          </ns3:TrackPointExtension>
        </extensions>
      </trkpt>
      <trkpt lat="38.71714171953499317169189453125" lon="112.77022828347980976104736328125">
        <ele>797.4000244140625</ele>
        <time>2026-08-28T03:18:15.000Z</time>
        <extensions>
          <ns3:TrackPointExtension>
            <ns3:hr>144</ns3:hr>
            <ns3:cad>93</ns3:cad>
          </ns3:TrackPointExtension>
        </extensions>
      </trkpt>
      <trkpt lat="38.71716552414000034332275390625" lon="112.7702193148434162139892578125">
        <ele>797.4000244140625</ele>
        <time>2026-08-28T03:18:16.000Z</time>
        <extensions>
          <ns3:TrackPointExtension>
            <ns3:hr>144</ns3:hr>
            <ns3:cad>92</ns3:cad>
          </ns3:TrackPointExtension>
        </extensions>
      </trkpt>
      <trkpt lat="38.7171974591910839080810546875" lon="112.770216464996337890625">
        <ele>797.5999755859375</ele>
        <time>2026-08-28T03:18:17.000Z</time>
        <extensions>
          <ns3:TrackPointExtension>
            <ns3:hr>144</ns3:hr>
            <ns3:cad>92</ns3:cad>
          </ns3:TrackPointExtension>
        </extensions>
      </trkpt>
      <trkpt lat="38.71721631847321987152099609375" lon="112.77020380832254886627197265625">
        <ele>797.5999755859375</ele>
        <time>2026-08-28T03:18:18.000Z</time>
        <extensions>
          <ns3:TrackPointExtension>
            <ns3:hr>144</ns3:hr>
            <ns3:cad>92</ns3:cad>
          </ns3:TrackPointExtension>
        </extensions>
      </trkpt>
      <trkpt lat="38.717240877449512481689453125" lon="112.7701804228127002716064453125">
        <ele>797.5999755859375</ele>
        <time>2026-08-28T03:18:19.000Z</time>
        <extensions>
          <ns3:TrackPointExtension>
            <ns3:hr>144</ns3:hr>
            <ns3:cad>92</ns3:cad>
          </ns3:TrackPointExtension>
        </extensions>
      </trkpt>
      <trkpt lat="38.71725236065685749053955078125" lon="112.77015745639801025390625">
        <ele>797.5999755859375</ele>
        <time>2026-08-28T03:18:20.000Z</time>
        <extensions>
          <ns3:TrackPointExtension>
            <ns3:hr>144</ns3:hr>
            <ns3:cad>92</ns3:cad>
          </ns3:TrackPointExtension>
        </extensions>
      </trkpt>
      <trkpt lat="38.717266023159027099609375" lon="112.77012384496629238128662109375">
        <ele>797.5999755859375</ele>
        <time>2026-08-28T03:18:21.000Z</time>
        <extensions>
          <ns3:TrackPointExtension>
            <ns3:hr>144</ns3:hr>
            <ns3:cad>92</ns3:cad>
          </ns3:TrackPointExtension>
        </extensions>
      </trkpt>
      <trkpt lat="38.717265687882900238037109375" lon="112.770100794732570648193359375">
        <ele>797.5999755859375</ele>
        <time>2026-08-28T03:18:22.000Z</time>
        <extensions>
          <ns3:TrackPointExtension>
            <ns3:hr>144</ns3:hr>
            <ns3:cad>92</ns3:cad>
          </ns3:TrackPointExtension>
        </extensions>
      </trkpt>
      <trkpt lat="38.71727515943348407745361328125" lon="112.770066596567630767822265625">
        <ele>797.5999755859375</ele>
        <time>2026-08-28T03:18:23.000Z</time>
        <extensions>
          <ns3:TrackPointExtension>
            <ns3:hr>144</ns3:hr>
            <ns3:cad>92</ns3:cad>
          </ns3:TrackPointExtension>
        </extensions>
      </trkpt>
      <trkpt lat="38.71727608144283294677734375" lon="112.77004170231521129608154296875">
        <ele>797.5999755859375</ele>
        <time>2026-08-28T03:18:24.000Z</time>
        <extensions>
          <ns3:TrackPointExtension>
            <ns3:hr>144</ns3:hr>
            <ns3:cad>92</ns3:cad>
          </ns3:TrackPointExtension>
        </extensions>
      </trkpt>
      <trkpt lat="38.7172859720885753631591796875" lon="112.77001253329217433929443359375">
        <ele>797.79998779296875</ele>
        <time>2026-08-28T03:18:25.000Z</time>
        <extensions>
          <ns3:TrackPointExtension>
            <ns3:hr>145</ns3:hr>
            <ns3:cad>92</ns3:cad>
          </ns3:TrackPointExtension>
        </extensions>
      </trkpt>
      <trkpt lat="38.71729091741144657135009765625" lon="112.76998336426913738250732421875">
        <ele>797.79998779296875</ele>
        <time>2026-08-28T03:18:26.000Z</time>
        <extensions>
          <ns3:TrackPointExtension>
            <ns3:hr>145</ns3:hr>
            <ns3:cad>92</ns3:cad>
          </ns3:TrackPointExtension>
        </extensions>
      </trkpt>
      <trkpt lat="38.717298544943332672119140625" lon="112.7699544467031955718994140625">
        <ele>797.79998779296875</ele>
        <time>2026-08-28T03:18:27.000Z</time>
        <extensions>
          <ns3:TrackPointExtension>
            <ns3:hr>146</ns3:hr>
            <ns3:cad>91</ns3:cad>
          </ns3:TrackPointExtension>
        </extensions>
      </trkpt>
      <trkpt lat="38.7173017300665378570556640625" lon="112.76992402039468288421630859375">
        <ele>798</ele>
        <time>2026-08-28T03:18:28.000Z</time>
        <extensions>
          <ns3:TrackPointExtension>
            <ns3:hr>147</ns3:hr>
            <ns3:cad>91</ns3:cad>
          </ns3:TrackPointExtension>
        </extensions>
      </trkpt>
      <trkpt lat="38.71730851940810680389404296875" lon="112.76989904232323169708251953125">
        <ele>798</ele>
        <time>2026-08-28T03:18:29.000Z</time>
        <extensions>
          <ns3:TrackPointExtension>
            <ns3:hr>147</ns3:hr>
            <ns3:cad>90</ns3:cad>
          </ns3:TrackPointExtension>
        </extensions>
      </trkpt>
      <trkpt lat="38.717314638197422027587890625" lon="112.769865430891513824462890625">
        <ele>798</ele>
        <time>2026-08-28T03:18:30.000Z</time>
        <extensions>
          <ns3:TrackPointExtension>
            <ns3:hr>147</ns3:hr>
            <ns3:cad>90</ns3:cad>
          </ns3:TrackPointExtension>
        </extensions>
      </trkpt>
      <trkpt lat="38.71731991879642009735107421875" lon="112.76983986608684062957763671875">
        <ele>798</ele>
        <time>2026-08-28T03:18:31.000Z</time>
        <extensions>
          <ns3:TrackPointExtension>
            <ns3:hr>148</ns3:hr>
            <ns3:cad>90</ns3:cad>
          </ns3:TrackPointExtension>
        </extensions>
      </trkpt>
      <trkpt lat="38.7173288874328136444091796875" lon="112.7698069252073764801025390625">
        <ele>798</ele>
        <time>2026-08-28T03:18:32.000Z</time>
        <extensions>
          <ns3:TrackPointExtension>
            <ns3:hr>147</ns3:hr>
            <ns3:cad>92</ns3:cad>
          </ns3:TrackPointExtension>
        </extensions>
      </trkpt>
      <trkpt lat="38.717334754765033721923828125" lon="112.76978169567883014678955078125">
        <ele>798.20001220703125</ele>
        <time>2026-08-28T03:18:33.000Z</time>
        <extensions>
          <ns3:TrackPointExtension>
            <ns3:hr>147</ns3:hr>
            <ns3:cad>93</ns3:cad>
          </ns3:TrackPointExtension>
        </extensions>
      </trkpt>
      <trkpt lat="38.71734405867755413055419921875" lon="112.76974699459969997406005859375">
        <ele>798.20001220703125</ele>
        <time>2026-08-28T03:18:34.000Z</time>
        <extensions>
          <ns3:TrackPointExtension>
            <ns3:hr>147</ns3:hr>
            <ns3:cad>93</ns3:cad>
          </ns3:TrackPointExtension>
        </extensions>
      </trkpt>
      <trkpt lat="38.71734875254333019256591796875" lon="112.7697194181382656097412109375">
        <ele>798.4000244140625</ele>
        <time>2026-08-28T03:18:35.000Z</time>
        <extensions>
          <ns3:TrackPointExtension>
            <ns3:hr>147</ns3:hr>
            <ns3:cad>93</ns3:cad>
          </ns3:TrackPointExtension>
        </extensions>
      </trkpt>
      <trkpt lat="38.71735788881778717041015625" lon="112.76968614198267459869384765625">
        <ele>798.4000244140625</ele>
        <time>2026-08-28T03:18:36.000Z</time>
        <extensions>
          <ns3:TrackPointExtension>
            <ns3:hr>147</ns3:hr>
            <ns3:cad>91</ns3:cad>
          </ns3:TrackPointExtension>
        </extensions>
      </trkpt>
      <trkpt lat="38.717356212437152862548828125" lon="112.7696620859205722808837890625">
        <ele>798.4000244140625</ele>
        <time>2026-08-28T03:18:37.000Z</time>
        <extensions>
          <ns3:TrackPointExtension>
            <ns3:hr>148</ns3:hr>
            <ns3:cad>91</ns3:cad>
          </ns3:TrackPointExtension>
        </extensions>
      </trkpt>
      <trkpt lat="38.71736249886453151702880859375" lon="112.7696262113749980926513671875">
        <ele>798.4000244140625</ele>
        <time>2026-08-28T03:18:38.000Z</time>
        <extensions>
          <ns3:TrackPointExtension>
            <ns3:hr>148</ns3:hr>
            <ns3:cad>91</ns3:cad>
          </ns3:TrackPointExtension>
        </extensions>
      </trkpt>
      <trkpt lat="38.7173647619783878326416015625" lon="112.76959779672324657440185546875">
        <ele>798.4000244140625</ele>
        <time>2026-08-28T03:18:39.000Z</time>
        <extensions>
          <ns3:TrackPointExtension>
            <ns3:hr>149</ns3:hr>
            <ns3:cad>91</ns3:cad>
          </ns3:TrackPointExtension>
        </extensions>
      </trkpt>
      <trkpt lat="38.71737129986286163330078125" lon="112.76956795714795589447021484375">
        <ele>798.4000244140625</ele>
        <time>2026-08-28T03:18:40.000Z</time>
        <extensions>
          <ns3:TrackPointExtension>
            <ns3:hr>150</ns3:hr>
            <ns3:cad>91</ns3:cad>
          </ns3:TrackPointExtension>
        </extensions>
      </trkpt>
      <trkpt lat="38.7173781730234622955322265625" lon="112.76954130269587039947509765625">
        <ele>798.5999755859375</ele>
        <time>2026-08-28T03:18:41.000Z</time>
        <extensions>
          <ns3:TrackPointExtension>
            <ns3:hr>151</ns3:hr>
            <ns3:cad>93</ns3:cad>
          </ns3:TrackPointExtension>
        </extensions>
      </trkpt>
      <trkpt lat="38.71739015914499759674072265625" lon="112.76951397769153118133544921875">
        <ele>798.5999755859375</ele>
        <time>2026-08-28T03:18:42.000Z</time>
        <extensions>
          <ns3:TrackPointExtension>
            <ns3:hr>152</ns3:hr>
            <ns3:cad>93</ns3:cad>
          </ns3:TrackPointExtension>
        </extensions>
      </trkpt>
      <trkpt lat="38.71739535592496395111083984375" lon="112.7694850601255893707275390625">
        <ele>798.79998779296875</ele>
        <time>2026-08-28T03:18:43.000Z</time>
        <extensions>
          <ns3:TrackPointExtension>
            <ns3:hr>153</ns3:hr>
            <ns3:cad>91</ns3:cad>
          </ns3:TrackPointExtension>
        </extensions>
      </trkpt>
      <trkpt lat="38.71740373782813549041748046875" lon="112.769458405673503875732421875">
        <ele>798.79998779296875</ele>
        <time>2026-08-28T03:18:44.000Z</time>
        <extensions>
          <ns3:TrackPointExtension>
            <ns3:hr>153</ns3:hr>
            <ns3:cad>91</ns3:cad>
          </ns3:TrackPointExtension>
        </extensions>
      </trkpt>
      <trkpt lat="38.71741195209324359893798828125" lon="112.769427560269832611083984375">
        <ele>798.5999755859375</ele>
        <time>2026-08-28T03:18:45.000Z</time>
        <extensions>
          <ns3:TrackPointExtension>
            <ns3:hr>154</ns3:hr>
            <ns3:cad>91</ns3:cad>
          </ns3:TrackPointExtension>
        </extensions>
      </trkpt>
      <trkpt lat="38.7174167297780513763427734375" lon="112.76940383948385715484619140625">
        <ele>798.5999755859375</ele>
        <time>2026-08-28T03:18:46.000Z</time>
        <extensions>
          <ns3:TrackPointExtension>
            <ns3:hr>155</ns3:hr>
            <ns3:cad>92</ns3:cad>
          </ns3:TrackPointExtension>
        </extensions>
      </trkpt>
      <trkpt lat="38.7174274586141109466552734375" lon="112.769373245537281036376953125">
        <ele>798.5999755859375</ele>
        <time>2026-08-28T03:18:47.000Z</time>
        <extensions>
          <ns3:TrackPointExtension>
            <ns3:hr>155</ns3:hr>
            <ns3:cad>94</ns3:cad>
          </ns3:TrackPointExtension>
        </extensions>
      </trkpt>
      <trkpt lat="38.71743307448923587799072265625" lon="112.7693489380180835723876953125">
        <ele>798.5999755859375</ele>
        <time>2026-08-28T03:18:48.000Z</time>
        <extensions>
          <ns3:TrackPointExtension>
            <ns3:hr>156</ns3:hr>
            <ns3:cad>94</ns3:cad>
          </ns3:TrackPointExtension>
        </extensions>
      </trkpt>
      <trkpt lat="38.7174422107636928558349609375" lon="112.769315578043460845947265625">
        <ele>798.79998779296875</ele>
        <time>2026-08-28T03:18:49.000Z</time>
        <extensions>
          <ns3:TrackPointExtension>
            <ns3:hr>156</ns3:hr>
            <ns3:cad>94</ns3:cad>
          </ns3:TrackPointExtension>
        </extensions>
      </trkpt>
      <trkpt lat="38.7174469046294689178466796875" lon="112.7692882530391216278076171875">
        <ele>798.79998779296875</ele>
        <time>2026-08-28T03:18:50.000Z</time>
        <extensions>
          <ns3:TrackPointExtension>
            <ns3:hr>156</ns3:hr>
            <ns3:cad>92</ns3:cad>
          </ns3:TrackPointExtension>
        </extensions>
      </trkpt>
      <trkpt lat="38.71745436452329158782958984375" lon="112.7692537195980548858642578125">
        <ele>798.79998779296875</ele>
        <time>2026-08-28T03:18:51.000Z</time>
        <extensions>
          <ns3:TrackPointExtension>
            <ns3:hr>157</ns3:hr>
            <ns3:cad>92</ns3:cad>
          </ns3:TrackPointExtension>
        </extensions>
      </trkpt>
      <trkpt lat="38.71745704673230648040771484375" lon="112.769226729869842529296875">
        <ele>798.79998779296875</ele>
        <time>2026-08-28T03:18:52.000Z</time>
        <extensions>
          <ns3:TrackPointExtension>
            <ns3:hr>157</ns3:hr>
            <ns3:cad>92</ns3:cad>
          </ns3:TrackPointExtension>
        </extensions>
      </trkpt>
      <trkpt lat="38.717466183006763458251953125" lon="112.7691926993429660797119140625">
        <ele>799</ele>
        <time>2026-08-28T03:18:53.000Z</time>
        <extensions>
          <ns3:TrackPointExtension>
            <ns3:hr>157</ns3:hr>
            <ns3:cad>92</ns3:cad>
          </ns3:TrackPointExtension>
        </extensions>
      </trkpt>
      <trkpt lat="38.71746978722512722015380859375" lon="112.76916746981441974639892578125">
        <ele>799</ele>
        <time>2026-08-28T03:18:54.000Z</time>
        <extensions>
          <ns3:TrackPointExtension>
            <ns3:hr>157</ns3:hr>
            <ns3:cad>93</ns3:cad>
          </ns3:TrackPointExtension>
        </extensions>
      </trkpt>
      <trkpt lat="38.717482946813106536865234375" lon="112.76913444511592388153076171875">
        <ele>799</ele>
        <time>2026-08-28T03:18:55.000Z</time>
        <extensions>
          <ns3:TrackPointExtension>
            <ns3:hr>157</ns3:hr>
            <ns3:cad>93</ns3:cad>
          </ns3:TrackPointExtension>
        </extensions>
      </trkpt>
      <trkpt lat="38.717485629022121429443359375" lon="112.76911147870123386383056640625">
        <ele>799</ele>
        <time>2026-08-28T03:18:56.000Z</time>
        <extensions>
          <ns3:TrackPointExtension>
            <ns3:hr>157</ns3:hr>
            <ns3:cad>93</ns3:cad>
          </ns3:TrackPointExtension>
        </extensions>
      </trkpt>
      <trkpt lat="38.71749610640108585357666015625" lon="112.7690793760120868682861328125">
        <ele>799</ele>
        <time>2026-08-28T03:18:57.000Z</time>
        <extensions>
          <ns3:TrackPointExtension>
            <ns3:hr>156</ns3:hr>
            <ns3:cad>93</ns3:cad>
          </ns3:TrackPointExtension>
        </extensions>
      </trkpt>
      <trkpt lat="38.7174982018768787384033203125" lon="112.76905213482677936553955078125">
        <ele>799.20001220703125</ele>
        <time>2026-08-28T03:18:58.000Z</time>
        <extensions>
          <ns3:TrackPointExtension>
            <ns3:hr>155</ns3:hr>
            <ns3:cad>92</ns3:cad>
          </ns3:TrackPointExtension>
        </extensions>
      </trkpt>
      <trkpt lat="38.71751069091260433197021484375" lon="112.7690240554511547088623046875">
        <ele>799.20001220703125</ele>
        <time>2026-08-28T03:18:59.000Z</time>
        <extensions>
          <ns3:TrackPointExtension>
            <ns3:hr>155</ns3:hr>
            <ns3:cad>92</ns3:cad>
          </ns3:TrackPointExtension>
        </extensions>
      </trkpt>
      <trkpt lat="38.71751588769257068634033203125" lon="112.768998406827449798583984375">
        <ele>799.20001220703125</ele>
        <time>2026-08-28T03:19:00.000Z</time>
        <extensions>
          <ns3:TrackPointExtension>
            <ns3:hr>155</ns3:hr>
            <ns3:cad>92</ns3:cad>
          </ns3:TrackPointExtension>
        </extensions>
      </trkpt>
      <trkpt lat="38.71752460487186908721923828125" lon="112.76896982453763484954833984375">
        <ele>799.20001220703125</ele>
        <time>2026-08-28T03:19:01.000Z</time>
        <extensions>
          <ns3:TrackPointExtension>
            <ns3:hr>155</ns3:hr>
            <ns3:cad>92</ns3:cad>
          </ns3:TrackPointExtension>
        </extensions>
      </trkpt>
      <trkpt lat="38.71752996928989887237548828125" lon="112.7689415775239467620849609375">
        <ele>799.20001220703125</ele>
        <time>2026-08-28T03:19:02.000Z</time>
        <extensions>
          <ns3:TrackPointExtension>
            <ns3:hr>154</ns3:hr>
            <ns3:cad>92</ns3:cad>
          </ns3:TrackPointExtension>
        </extensions>
      </trkpt>
      <trkpt lat="38.71753893792629241943359375" lon="112.7689127437770366668701171875">
        <ele>799.4000244140625</ele>
        <time>2026-08-28T03:19:03.000Z</time>
        <extensions>
          <ns3:TrackPointExtension>
            <ns3:hr>154</ns3:hr>
            <ns3:cad>92</ns3:cad>
          </ns3:TrackPointExtension>
        </extensions>
      </trkpt>
      <trkpt lat="38.71754505671560764312744140625" lon="112.7688782103359699249267578125">
        <ele>799.4000244140625</ele>
        <time>2026-08-28T03:19:04.000Z</time>
        <extensions>
          <ns3:TrackPointExtension>
            <ns3:hr>153</ns3:hr>
            <ns3:cad>92</ns3:cad>
          </ns3:TrackPointExtension>
        </extensions>
      </trkpt>
      <trkpt lat="38.71754773892462253570556640625" lon="112.7688507176935672760009765625">
        <ele>799.4000244140625</ele>
        <time>2026-08-28T03:19:05.000Z</time>
        <extensions>
          <ns3:TrackPointExtension>
            <ns3:hr>153</ns3:hr>
            <ns3:cad>92</ns3:cad>
          </ns3:TrackPointExtension>
        </extensions>
      </trkpt>
      <trkpt lat="38.71755679138004779815673828125" lon="112.76881635189056396484375">
        <ele>799.4000244140625</ele>
        <time>2026-08-28T03:19:06.000Z</time>
        <extensions>
          <ns3:TrackPointExtension>
            <ns3:hr>152</ns3:hr>
            <ns3:cad>91</ns3:cad>
          </ns3:TrackPointExtension>
        </extensions>
      </trkpt>
      <trkpt lat="38.71756249107420444488525390625" lon="112.768789865076541900634765625">
        <ele>799.4000244140625</ele>
        <time>2026-08-28T03:19:07.000Z</time>
        <extensions>
          <ns3:TrackPointExtension>
            <ns3:hr>152</ns3:hr>
            <ns3:cad>91</ns3:cad>
          </ns3:TrackPointExtension>
        </extensions>
      </trkpt>
      <trkpt lat="38.7175709567964076995849609375" lon="112.7687554992735385894775390625">
        <ele>799.4000244140625</ele>
        <time>2026-08-28T03:19:08.000Z</time>
        <extensions>
          <ns3:TrackPointExtension>
            <ns3:hr>151</ns3:hr>
            <ns3:cad>91</ns3:cad>
          </ns3:TrackPointExtension>
        </extensions>
      </trkpt>
      <trkpt lat="38.71757556684315204620361328125" lon="112.76873052120208740234375">
        <ele>799.4000244140625</ele>
        <time>2026-08-28T03:19:09.000Z</time>
        <extensions>
          <ns3:TrackPointExtension>
            <ns3:hr>151</ns3:hr>
            <ns3:cad>92</ns3:cad>
          </ns3:TrackPointExtension>
        </extensions>
      </trkpt>
      <trkpt lat="38.717587552964687347412109375" lon="112.76869841851294040679931640625">
        <ele>799.20001220703125</ele>
        <time>2026-08-28T03:19:10.000Z</time>
        <extensions>
          <ns3:TrackPointExtension>
            <ns3:hr>151</ns3:hr>
            <ns3:cad>92</ns3:cad>
          </ns3:TrackPointExtension>
        </extensions>
      </trkpt>
      <trkpt lat="38.717587552964687347412109375" lon="112.76867494918406009674072265625">
        <ele>799.20001220703125</ele>
        <time>2026-08-28T03:19:11.000Z</time>
        <extensions>
          <ns3:TrackPointExtension>
            <ns3:hr>151</ns3:hr>
            <ns3:cad>92</ns3:cad>
          </ns3:TrackPointExtension>
        </extensions>
      </trkpt>
      <trkpt lat="38.71759870089590549468994140625" lon="112.7686406672000885009765625">
        <ele>799.20001220703125</ele>
        <time>2026-08-28T03:19:12.000Z</time>
        <extensions>
          <ns3:TrackPointExtension>
            <ns3:hr>151</ns3:hr>
            <ns3:cad>92</ns3:cad>
          </ns3:TrackPointExtension>
        </extensions>
      </trkpt>
      <trkpt lat="38.71760171838104724884033203125" lon="112.768616192042827606201171875">
        <ele>799.20001220703125</ele>
        <time>2026-08-28T03:19:13.000Z</time>
        <extensions>
          <ns3:TrackPointExtension>
            <ns3:hr>151</ns3:hr>
            <ns3:cad>92</ns3:cad>
          </ns3:TrackPointExtension>
        </extensions>
      </trkpt>
      <trkpt lat="38.717613704502582550048828125" lon="112.76857838965952396392822265625">
        <ele>799.20001220703125</ele>
        <time>2026-08-28T03:19:14.000Z</time>
        <extensions>
          <ns3:TrackPointExtension>
            <ns3:hr>152</ns3:hr>
            <ns3:cad>92</ns3:cad>
          </ns3:TrackPointExtension>
        </extensions>
      </trkpt>
      <trkpt lat="38.71761764399707317352294921875" lon="112.7685494720935821533203125">
        <ele>799.20001220703125</ele>
        <time>2026-08-28T03:19:15.000Z</time>
        <extensions>
          <ns3:TrackPointExtension>
            <ns3:hr>151</ns3:hr>
            <ns3:cad>92</ns3:cad>
          </ns3:TrackPointExtension>
        </extensions>
      </trkpt>
      <trkpt lat="38.717631138861179351806640625" lon="112.768514938652515411376953125">
        <ele>799.20001220703125</ele>
        <time>2026-08-28T03:19:16.000Z</time>
        <extensions>
          <ns3:TrackPointExtension>
            <ns3:hr>151</ns3:hr>
            <ns3:cad>92</ns3:cad>
          </ns3:TrackPointExtension>
        </extensions>
      </trkpt>
      <trkpt lat="38.71763407252728939056396484375" lon="112.76848669163882732391357421875">
        <ele>799.20001220703125</ele>
        <time>2026-08-28T03:19:17.000Z</time>
        <extensions>
          <ns3:TrackPointExtension>
            <ns3:hr>152</ns3:hr>
            <ns3:cad>92</ns3:cad>
          </ns3:TrackPointExtension>
        </extensions>
      </trkpt>
      <trkpt lat="38.71764731593430042266845703125" lon="112.7684560976922512054443359375">
        <ele>799.20001220703125</ele>
        <time>2026-08-28T03:19:18.000Z</time>
        <extensions>
          <ns3:TrackPointExtension>
            <ns3:hr>152</ns3:hr>
            <ns3:cad>92</ns3:cad>
          </ns3:TrackPointExtension>
        </extensions>
      </trkpt>
      <trkpt lat="38.71764932759106159210205078125" lon="112.76842718012630939483642578125">
        <ele>799.20001220703125</ele>
        <time>2026-08-28T03:19:19.000Z</time>
        <extensions>
          <ns3:TrackPointExtension>
            <ns3:hr>152</ns3:hr>
            <ns3:cad>92</ns3:cad>
          </ns3:TrackPointExtension>
        </extensions>
      </trkpt>
      <trkpt lat="38.71766357682645320892333984375" lon="112.7683947421610355377197265625">
        <ele>799.20001220703125</ele>
        <time>2026-08-28T03:19:20.000Z</time>
        <extensions>
          <ns3:TrackPointExtension>
            <ns3:hr>152</ns3:hr>
            <ns3:cad>91</ns3:cad>
          </ns3:TrackPointExtension>
        </extensions>
      </trkpt>
      <trkpt lat="38.71766793541610240936279296875" lon="112.7683635614812374114990234375">
        <ele>799.20001220703125</ele>
        <time>2026-08-28T03:19:21.000Z</time>
        <extensions>
          <ns3:TrackPointExtension>
            <ns3:hr>153</ns3:hr>
            <ns3:cad>91</ns3:cad>
          </ns3:TrackPointExtension>
        </extensions>
      </trkpt>
      <trkpt lat="38.7176758982241153717041015625" lon="112.76833665557205677032470703125">
        <ele>799.20001220703125</ele>
        <time>2026-08-28T03:19:22.000Z</time>
        <extensions>
          <ns3:TrackPointExtension>
            <ns3:hr>154</ns3:hr>
            <ns3:cad>91</ns3:cad>
          </ns3:TrackPointExtension>
        </extensions>
      </trkpt>
      <trkpt lat="38.717680759727954864501953125" lon="112.76830581016838550567626953125">
        <ele>799.20001220703125</ele>
        <time>2026-08-28T03:19:23.000Z</time>
        <extensions>
          <ns3:TrackPointExtension>
            <ns3:hr>155</ns3:hr>
            <ns3:cad>92</ns3:cad>
          </ns3:TrackPointExtension>
        </extensions>
      </trkpt>
      <trkpt lat="38.7176876328885555267333984375" lon="112.76827789843082427978515625">
        <ele>799</ele>
        <time>2026-08-28T03:19:24.000Z</time>
        <extensions>
          <ns3:TrackPointExtension>
            <ns3:hr>156</ns3:hr>
            <ns3:cad>92</ns3:cad>
          </ns3:TrackPointExtension>
        </extensions>
      </trkpt>
      <trkpt lat="38.7176943384110927581787109375" lon="112.76824395172297954559326171875">
        <ele>799</ele>
        <time>2026-08-28T03:19:25.000Z</time>
        <extensions>
          <ns3:TrackPointExtension>
            <ns3:hr>156</ns3:hr>
            <ns3:cad>92</ns3:cad>
          </ns3:TrackPointExtension>
        </extensions>
      </trkpt>
      <trkpt lat="38.71770112775266170501708984375" lon="112.7682177163660526275634765625">
        <ele>799</ele>
        <time>2026-08-28T03:19:26.000Z</time>
        <extensions>
          <ns3:TrackPointExtension>
            <ns3:hr>157</ns3:hr>
            <ns3:cad>89</ns3:cad>
          </ns3:TrackPointExtension>
        </extensions>
      </trkpt>
      <trkpt lat="38.71771059930324554443359375" lon="112.76818209327757358551025390625">
        <ele>799</ele>
        <time>2026-08-28T03:19:27.000Z</time>
        <extensions>
          <ns3:TrackPointExtension>
            <ns3:hr>157</ns3:hr>
            <ns3:cad>89</ns3:cad>
          </ns3:TrackPointExtension>
        </extensions>
      </trkpt>
      <trkpt lat="38.7177141197025775909423828125" lon="112.7681560255587100982666015625">
        <ele>799</ele>
        <time>2026-08-28T03:19:28.000Z</time>
        <extensions>
          <ns3:TrackPointExtension>
            <ns3:hr>158</ns3:hr>
            <ns3:cad>89</ns3:cad>
          </ns3:TrackPointExtension>
        </extensions>
      </trkpt>
      <trkpt lat="38.71772543527185916900634765625" lon="112.76811989955604076385498046875">
        <ele>799</ele>
        <time>2026-08-28T03:19:29.000Z</time>
        <extensions>
          <ns3:TrackPointExtension>
            <ns3:hr>158</ns3:hr>
            <ns3:cad>89</ns3:cad>
          </ns3:TrackPointExtension>
        </extensions>
      </trkpt>
      <trkpt lat="38.71772727929055690765380859375" lon="112.7680956758558750152587890625">
        <ele>799</ele>
        <time>2026-08-28T03:19:30.000Z</time>
        <extensions>
          <ns3:TrackPointExtension>
            <ns3:hr>158</ns3:hr>
            <ns3:cad>89</ns3:cad>
          </ns3:TrackPointExtension>
        </extensions>
      </trkpt>
      <trkpt lat="38.7177379243075847625732421875" lon="112.768062315881252288818359375">
        <ele>799</ele>
        <time>2026-08-28T03:19:31.000Z</time>
        <extensions>
          <ns3:TrackPointExtension>
            <ns3:hr>157</ns3:hr>
            <ns3:cad>92</ns3:cad>
          </ns3:TrackPointExtension>
        </extensions>
      </trkpt>
      <trkpt lat="38.71774035505950450897216796875" lon="112.768038846552371978759765625">
        <ele>799</ele>
        <time>2026-08-28T03:19:32.000Z</time>
        <extensions>
          <ns3:TrackPointExtension>
            <ns3:hr>157</ns3:hr>
            <ns3:cad>92</ns3:cad>
          </ns3:TrackPointExtension>
        </extensions>
      </trkpt>
      <trkpt lat="38.71775058098137378692626953125" lon="112.76800573803484439849853515625">
        <ele>798.79998779296875</ele>
        <time>2026-08-28T03:19:33.000Z</time>
        <extensions>
          <ns3:TrackPointExtension>
            <ns3:hr>158</ns3:hr>
            <ns3:cad>92</ns3:cad>
          </ns3:TrackPointExtension>
        </extensions>
      </trkpt>
      <trkpt lat="38.71775276027619838714599609375" lon="112.767982184886932373046875">
        <ele>798.79998779296875</ele>
        <time>2026-08-28T03:19:34.000Z</time>
        <extensions>
          <ns3:TrackPointExtension>
            <ns3:hr>158</ns3:hr>
            <ns3:cad>92</ns3:cad>
          </ns3:TrackPointExtension>
        </extensions>
      </trkpt>
      <trkpt lat="38.71776483021676540374755859375" lon="112.76795226149260997772216796875">
        <ele>798.79998779296875</ele>
        <time>2026-08-28T03:19:35.000Z</time>
        <extensions>
          <ns3:TrackPointExtension>
            <ns3:hr>159</ns3:hr>
            <ns3:cad>92</ns3:cad>
          </ns3:TrackPointExtension>
        </extensions>
      </trkpt>
      <trkpt lat="38.71777036227285861968994140625" lon="112.76792518794536590576171875">
        <ele>798.79998779296875</ele>
        <time>2026-08-28T03:19:36.000Z</time>
        <extensions>
          <ns3:TrackPointExtension>
            <ns3:hr>159</ns3:hr>
            <ns3:cad>92</ns3:cad>
          </ns3:TrackPointExtension>
        </extensions>
      </trkpt>
      <trkpt lat="38.7177808396518230438232421875" lon="112.76789727620780467987060546875">
        <ele>798.79998779296875</ele>
        <time>2026-08-28T03:19:37.000Z</time>
        <extensions>
          <ns3:TrackPointExtension>
            <ns3:hr>159</ns3:hr>
            <ns3:cad>92</ns3:cad>
          </ns3:TrackPointExtension>
        </extensions>
      </trkpt>
      <trkpt lat="38.7177877128124237060546875" lon="112.767865844070911407470703125">
        <ele>798.79998779296875</ele>
        <time>2026-08-28T03:19:38.000Z</time>
        <extensions>
          <ns3:TrackPointExtension>
            <ns3:hr>158</ns3:hr>
            <ns3:cad>92</ns3:cad>
          </ns3:TrackPointExtension>
        </extensions>
      </trkpt>
      <trkpt lat="38.717798106372356414794921875" lon="112.76783659122884273529052734375">
        <ele>798.5999755859375</ele>
        <time>2026-08-28T03:19:39.000Z</time>
        <extensions>
          <ns3:TrackPointExtension>
            <ns3:hr>159</ns3:hr>
            <ns3:cad>92</ns3:cad>
          </ns3:TrackPointExtension>
        </extensions>
      </trkpt>
      <trkpt lat="38.717802800238132476806640625" lon="112.76780473999679088592529296875">
        <ele>798.5999755859375</ele>
        <time>2026-08-28T03:19:40.000Z</time>
        <extensions>
          <ns3:TrackPointExtension>
            <ns3:hr>159</ns3:hr>
            <ns3:cad>92</ns3:cad>
          </ns3:TrackPointExtension>
        </extensions>
      </trkpt>
      <trkpt lat="38.7178090028464794158935546875" lon="112.7677748166024684906005859375">
        <ele>798.5999755859375</ele>
        <time>2026-08-28T03:19:41.000Z</time>
        <extensions>
          <ns3:TrackPointExtension>
            <ns3:hr>158</ns3:hr>
            <ns3:cad>92</ns3:cad>
          </ns3:TrackPointExtension>
        </extensions>
      </trkpt>
      <trkpt lat="38.71781595982611179351806640625" lon="112.7677448093891143798828125">
        <ele>798.5999755859375</ele>
        <time>2026-08-28T03:19:42.000Z</time>
        <extensions>
          <ns3:TrackPointExtension>
            <ns3:hr>158</ns3:hr>
            <ns3:cad>92</ns3:cad>
          </ns3:TrackPointExtension>
        </extensions>
      </trkpt>
      <trkpt lat="38.7178204022347927093505859375" lon="112.76771924458444118499755859375">
        <ele>798.5999755859375</ele>
        <time>2026-08-28T03:19:43.000Z</time>
        <extensions>
          <ns3:TrackPointExtension>
            <ns3:hr>158</ns3:hr>
            <ns3:cad>92</ns3:cad>
          </ns3:TrackPointExtension>
        </extensions>
      </trkpt>
      <trkpt lat="38.71782727539539337158203125" lon="112.76768957264721393585205078125">
        <ele>798.5999755859375</ele>
        <time>2026-08-28T03:19:44.000Z</time>
        <extensions>
          <ns3:TrackPointExtension>
            <ns3:hr>158</ns3:hr>
            <ns3:cad>92</ns3:cad>
          </ns3:TrackPointExtension>
        </extensions>
      </trkpt>
      <trkpt lat="38.717833645641803741455078125" lon="112.76766157709062099456787109375">
        <ele>798.5999755859375</ele>
        <time>2026-08-28T03:19:45.000Z</time>
        <extensions>
          <ns3:TrackPointExtension>
            <ns3:hr>158</ns3:hr>
            <ns3:cad>91</ns3:cad>
          </ns3:TrackPointExtension>
        </extensions>
      </trkpt>
      <trkpt lat="38.71783993206918239593505859375" lon="112.76763156987726688385009765625">
        <ele>798.5999755859375</ele>
        <time>2026-08-28T03:19:46.000Z</time>
        <extensions>
          <ns3:TrackPointExtension>
            <ns3:hr>158</ns3:hr>
            <ns3:cad>91</ns3:cad>
          </ns3:TrackPointExtension>
        </extensions>
      </trkpt>
      <trkpt lat="38.71784613467752933502197265625" lon="112.7676041610538959503173828125">
        <ele>798.5999755859375</ele>
        <time>2026-08-28T03:19:47.000Z</time>
        <extensions>
          <ns3:TrackPointExtension>
            <ns3:hr>158</ns3:hr>
            <ns3:cad>91</ns3:cad>
          </ns3:TrackPointExtension>
        </extensions>
      </trkpt>
      <trkpt lat="38.717855773866176605224609375" lon="112.767572812736034393310546875">
        <ele>798.5999755859375</ele>
        <time>2026-08-28T03:19:48.000Z</time>
        <extensions>
          <ns3:TrackPointExtension>
            <ns3:hr>158</ns3:hr>
            <ns3:cad>92</ns3:cad>
          </ns3:TrackPointExtension>
        </extensions>
      </trkpt>
      <trkpt lat="38.717861138284206390380859375" lon="112.76754607446491718292236328125">
        <ele>798.5999755859375</ele>
        <time>2026-08-28T03:19:49.000Z</time>
        <extensions>
          <ns3:TrackPointExtension>
            <ns3:hr>158</ns3:hr>
            <ns3:cad>93</ns3:cad>
          </ns3:TrackPointExtension>
        </extensions>
      </trkpt>
      <trkpt lat="38.71787153184413909912109375" lon="112.7675102837383747100830078125">
        <ele>798.5999755859375</ele>
        <time>2026-08-28T03:19:50.000Z</time>
        <extensions>
          <ns3:TrackPointExtension>
            <ns3:hr>157</ns3:hr>
            <ns3:cad>94</ns3:cad>
          </ns3:TrackPointExtension>
        </extensions>
      </trkpt>
      <trkpt lat="38.7178743816912174224853515625" lon="112.767480276525020599365234375">
        <ele>798.5999755859375</ele>
        <time>2026-08-28T03:19:51.000Z</time>
        <extensions>
          <ns3:TrackPointExtension>
            <ns3:hr>157</ns3:hr>
            <ns3:cad>94</ns3:cad>
          </ns3:TrackPointExtension>
        </extensions>
      </trkpt>
      <trkpt lat="38.71788385324180126190185546875" lon="112.767448760569095611572265625">
        <ele>798.5999755859375</ele>
        <time>2026-08-28T03:19:52.000Z</time>
        <extensions>
          <ns3:TrackPointExtension>
            <ns3:hr>156</ns3:hr>
            <ns3:cad>93</ns3:cad>
          </ns3:TrackPointExtension>
        </extensions>
      </trkpt>
      <trkpt lat="38.71789005585014820098876953125" lon="112.76741833426058292388916015625">
        <ele>798.5999755859375</ele>
        <time>2026-08-28T03:19:53.000Z</time>
        <extensions>
          <ns3:TrackPointExtension>
            <ns3:hr>156</ns3:hr>
            <ns3:cad>93</ns3:cad>
          </ns3:TrackPointExtension>
        </extensions>
      </trkpt>
      <trkpt lat="38.71790371835231781005859375" lon="112.76739117689430713653564453125">
        <ele>798.5999755859375</ele>
        <time>2026-08-28T03:19:54.000Z</time>
        <extensions>
          <ns3:TrackPointExtension>
            <ns3:hr>155</ns3:hr>
            <ns3:cad>92</ns3:cad>
          </ns3:TrackPointExtension>
        </extensions>
      </trkpt>
      <trkpt lat="38.7179092504084110260009765625" lon="112.76736083440482616424560546875">
        <ele>798.4000244140625</ele>
        <time>2026-08-28T03:19:55.000Z</time>
        <extensions>
          <ns3:TrackPointExtension>
            <ns3:hr>156</ns3:hr>
            <ns3:cad>92</ns3:cad>
          </ns3:TrackPointExtension>
        </extensions>
      </trkpt>
      <trkpt lat="38.71791981160640716552734375" lon="112.7673315815627574920654296875">
        <ele>798.4000244140625</ele>
        <time>2026-08-28T03:19:56.000Z</time>
        <extensions>
          <ns3:TrackPointExtension>
            <ns3:hr>155</ns3:hr>
            <ns3:cad>92</ns3:cad>
          </ns3:TrackPointExtension>
        </extensions>
      </trkpt>
      <trkpt lat="38.71792710386216640472412109375" lon="112.76730115525424480438232421875">
        <ele>798.4000244140625</ele>
        <time>2026-08-28T03:19:57.000Z</time>
        <extensions>
          <ns3:TrackPointExtension>
            <ns3:hr>155</ns3:hr>
            <ns3:cad>93</ns3:cad>
          </ns3:TrackPointExtension>
        </extensions>
      </trkpt>
      <trkpt lat="38.7179325520992279052734375" lon="112.76727550663053989410400390625">
        <ele>798.4000244140625</ele>
        <time>2026-08-28T03:19:58.000Z</time>
        <extensions>
          <ns3:TrackPointExtension>
            <ns3:hr>155</ns3:hr>
            <ns3:cad>93</ns3:cad>
          </ns3:TrackPointExtension>
        </extensions>
      </trkpt>
      <trkpt lat="38.71794101782143115997314453125" lon="112.76724164374172687530517578125">
        <ele>798.20001220703125</ele>
        <time>2026-08-28T03:19:59.000Z</time>
        <extensions>
          <ns3:TrackPointExtension>
            <ns3:hr>156</ns3:hr>
            <ns3:cad>93</ns3:cad>
          </ns3:TrackPointExtension>
        </extensions>
      </trkpt>
      <trkpt lat="38.717942945659160614013671875" lon="112.7672189287841320037841796875">
        <ele>798.20001220703125</ele>
        <time>2026-08-28T03:20:00.000Z</time>
        <extensions>
          <ns3:TrackPointExtension>
            <ns3:hr>156</ns3:hr>
            <ns3:cad>93</ns3:cad>
          </ns3:TrackPointExtension>
        </extensions>
      </trkpt>
      <trkpt lat="38.71795224957168102264404296875" lon="112.76718489825725555419921875">
        <ele>798.20001220703125</ele>
        <time>2026-08-28T03:20:01.000Z</time>
        <extensions>
          <ns3:TrackPointExtension>
            <ns3:hr>155</ns3:hr>
            <ns3:cad>92</ns3:cad>
          </ns3:TrackPointExtension>
        </extensions>
      </trkpt>
      <trkpt lat="38.7179565243422985076904296875" lon="112.7671612612903118133544921875">
        <ele>798.20001220703125</ele>
        <time>2026-08-28T03:20:02.000Z</time>
        <extensions>
          <ns3:TrackPointExtension>
            <ns3:hr>155</ns3:hr>
            <ns3:cad>92</ns3:cad>
          </ns3:TrackPointExtension>
        </extensions>
      </trkpt>
      <trkpt lat="38.71796834282577037811279296875" lon="112.76712329126894474029541015625">
        <ele>798.20001220703125</ele>
        <time>2026-08-28T03:20:03.000Z</time>
        <extensions>
          <ns3:TrackPointExtension>
            <ns3:hr>155</ns3:hr>
            <ns3:cad>92</ns3:cad>
          </ns3:TrackPointExtension>
        </extensions>
      </trkpt>
      <trkpt lat="38.717969767749309539794921875" lon="112.7670992352068424224853515625">
        <ele>798.20001220703125</ele>
        <time>2026-08-28T03:20:04.000Z</time>
        <extensions>
          <ns3:TrackPointExtension>
            <ns3:hr>155</ns3:hr>
            <ns3:cad>92</ns3:cad>
          </ns3:TrackPointExtension>
        </extensions>
      </trkpt>
      <trkpt lat="38.717979490756988525390625" lon="112.7670606784522533416748046875">
        <ele>798.20001220703125</ele>
        <time>2026-08-28T03:20:05.000Z</time>
        <extensions>
          <ns3:TrackPointExtension>
            <ns3:hr>155</ns3:hr>
            <ns3:cad>92</ns3:cad>
          </ns3:TrackPointExtension>
        </extensions>
      </trkpt>
      <trkpt lat="38.71798217296600341796875" lon="112.76703461073338985443115234375">
        <ele>798.20001220703125</ele>
        <time>2026-08-28T03:20:06.000Z</time>
        <extensions>
          <ns3:TrackPointExtension>
            <ns3:hr>155</ns3:hr>
            <ns3:cad>92</ns3:cad>
          </ns3:TrackPointExtension>
        </extensions>
      </trkpt>
      <trkpt lat="38.71799516491591930389404296875" lon="112.7669952996075153350830078125">
        <ele>798.4000244140625</ele>
        <time>2026-08-28T03:20:07.000Z</time>
        <extensions>
          <ns3:TrackPointExtension>
            <ns3:hr>154</ns3:hr>
            <ns3:cad>92</ns3:cad>
          </ns3:TrackPointExtension>
        </extensions>
      </trkpt>
      <trkpt lat="38.7179960869252681732177734375" lon="112.76697208173573017120361328125">
        <ele>798.4000244140625</ele>
        <time>2026-08-28T03:20:08.000Z</time>
        <extensions>
          <ns3:TrackPointExtension>
            <ns3:hr>154</ns3:hr>
            <ns3:cad>92</ns3:cad>
          </ns3:TrackPointExtension>
        </extensions>
      </trkpt>
      <trkpt lat="38.7180049717426300048828125" lon="112.76694257743656635284423828125">
        <ele>798.20001220703125</ele>
        <time>2026-08-28T03:20:09.000Z</time>
        <extensions>
          <ns3:TrackPointExtension>
            <ns3:hr>154</ns3:hr>
            <ns3:cad>91</ns3:cad>
          </ns3:TrackPointExtension>
        </extensions>
      </trkpt>
      <trkpt lat="38.71800773777067661285400390625" lon="112.7669175155460834503173828125">
        <ele>798.20001220703125</ele>
        <time>2026-08-28T03:20:10.000Z</time>
        <extensions>
          <ns3:TrackPointExtension>
            <ns3:hr>153</ns3:hr>
            <ns3:cad>91</ns3:cad>
          </ns3:TrackPointExtension>
        </extensions>
      </trkpt>
      <trkpt lat="38.71801997534930706024169921875" lon="112.7668896876275539398193359375">
        <ele>798.20001220703125</ele>
        <time>2026-08-28T03:20:11.000Z</time>
        <extensions>
          <ns3:TrackPointExtension>
            <ns3:hr>151</ns3:hr>
            <ns3:cad>92</ns3:cad>
          </ns3:TrackPointExtension>
        </extensions>
      </trkpt>
      <trkpt lat="38.718022406101226806640625" lon="112.76686211116611957550048828125">
        <ele>798</ele>
        <time>2026-08-28T03:20:12.000Z</time>
        <extensions>
          <ns3:TrackPointExtension>
            <ns3:hr>151</ns3:hr>
            <ns3:cad>92</ns3:cad>
          </ns3:TrackPointExtension>
        </extensions>
      </trkpt>
      <trkpt lat="38.71802986599504947662353515625" lon="112.7668326906859874725341796875">
        <ele>798</ele>
        <time>2026-08-28T03:20:13.000Z</time>
        <extensions>
          <ns3:TrackPointExtension>
            <ns3:hr>151</ns3:hr>
            <ns3:cad>90</ns3:cad>
          </ns3:TrackPointExtension>
        </extensions>
      </trkpt>
      <trkpt lat="38.71803321875631809234619140625" lon="112.76680058799684047698974609375">
        <ele>798</ele>
        <time>2026-08-28T03:20:14.000Z</time>
        <extensions>
          <ns3:TrackPointExtension>
            <ns3:hr>150</ns3:hr>
            <ns3:cad>90</ns3:cad>
          </ns3:TrackPointExtension>
        </extensions>
      </trkpt>
      <trkpt lat="38.718036822974681854248046875" lon="112.76677376590669155120849609375">
        <ele>798</ele>
        <time>2026-08-28T03:20:15.000Z</time>
        <extensions>
          <ns3:TrackPointExtension>
            <ns3:hr>150</ns3:hr>
            <ns3:cad>90</ns3:cad>
          </ns3:TrackPointExtension>
        </extensions>
      </trkpt>
      <trkpt lat="38.71804361231625080108642578125" lon="112.76673772372305393218994140625">
        <ele>798</ele>
        <time>2026-08-28T03:20:16.000Z</time>
        <extensions>
          <ns3:TrackPointExtension>
            <ns3:hr>151</ns3:hr>
            <ns3:cad>92</ns3:cad>
          </ns3:TrackPointExtension>
        </extensions>
      </trkpt>
      <trkpt lat="38.7180457077920436859130859375" lon="112.76671324856579303741455078125">
        <ele>798</ele>
        <time>2026-08-28T03:20:17.000Z</time>
        <extensions>
          <ns3:TrackPointExtension>
            <ns3:hr>151</ns3:hr>
            <ns3:cad>92</ns3:cad>
          </ns3:TrackPointExtension>
        </extensions>
      </trkpt>
      <trkpt lat="38.718056268990039825439453125" lon="112.76668374426662921905517578125">
        <ele>798</ele>
        <time>2026-08-28T03:20:18.000Z</time>
        <extensions>
          <ns3:TrackPointExtension>
            <ns3:hr>151</ns3:hr>
            <ns3:cad>93</ns3:cad>
          </ns3:TrackPointExtension>
        </extensions>
      </trkpt>
      <trkpt lat="38.71805886738002300262451171875" lon="112.766659520566463470458984375">
        <ele>798</ele>
        <time>2026-08-28T03:20:19.000Z</time>
        <extensions>
          <ns3:TrackPointExtension>
            <ns3:hr>151</ns3:hr>
            <ns3:cad>93</ns3:cad>
          </ns3:TrackPointExtension>
        </extensions>
      </trkpt>
      <trkpt lat="38.7180691771209239959716796875" lon="112.7666241489350795745849609375">
        <ele>797.79998779296875</ele>
        <time>2026-08-28T03:20:20.000Z</time>
        <extensions>
          <ns3:TrackPointExtension>
            <ns3:hr>151</ns3:hr>
            <ns3:cad>93</ns3:cad>
          </ns3:TrackPointExtension>
        </extensions>
      </trkpt>
      <trkpt lat="38.71807211078703403472900390625" lon="112.76659891940653324127197265625">
        <ele>797.79998779296875</ele>
        <time>2026-08-28T03:20:21.000Z</time>
        <extensions>
          <ns3:TrackPointExtension>
            <ns3:hr>151</ns3:hr>
            <ns3:cad>92</ns3:cad>
          </ns3:TrackPointExtension>
        </extensions>
      </trkpt>
      <trkpt lat="38.71808317489922046661376953125" lon="112.766565978527069091796875">
        <ele>797.79998779296875</ele>
        <time>2026-08-28T03:20:22.000Z</time>
        <extensions>
          <ns3:TrackPointExtension>
            <ns3:hr>152</ns3:hr>
            <ns3:cad>92</ns3:cad>
          </ns3:TrackPointExtension>
        </extensions>
      </trkpt>
      <trkpt lat="38.7180849350988864898681640625" lon="112.7665399946272373199462890625">
        <ele>797.79998779296875</ele>
        <time>2026-08-28T03:20:23.000Z</time>
        <extensions>
          <ns3:TrackPointExtension>
            <ns3:hr>152</ns3:hr>
            <ns3:cad>92</ns3:cad>
          </ns3:TrackPointExtension>
        </extensions>
      </trkpt>
      <trkpt lat="38.71809725649654865264892578125" lon="112.766509987413883209228515625">
        <ele>797.79998779296875</ele>
        <time>2026-08-28T03:20:24.000Z</time>
        <extensions>
          <ns3:TrackPointExtension>
            <ns3:hr>152</ns3:hr>
            <ns3:cad>93</ns3:cad>
          </ns3:TrackPointExtension>
        </extensions>
      </trkpt>
      <trkpt lat="38.7181020341813564300537109375" lon="112.76648140512406826019287109375">
        <ele>797.79998779296875</ele>
        <time>2026-08-28T03:20:25.000Z</time>
        <extensions>
          <ns3:TrackPointExtension>
            <ns3:hr>152</ns3:hr>
            <ns3:cad>93</ns3:cad>
          </ns3:TrackPointExtension>
        </extensions>
      </trkpt>
      <trkpt lat="38.71811670251190662384033203125" lon="112.766452990472316741943359375">
        <ele>797.79998779296875</ele>
        <time>2026-08-28T03:20:26.000Z</time>
        <extensions>
          <ns3:TrackPointExtension>
            <ns3:hr>153</ns3:hr>
            <ns3:cad>93</ns3:cad>
          </ns3:TrackPointExtension>
        </extensions>
      </trkpt>
      <trkpt lat="38.718123994767665863037109375" lon="112.76642306707799434661865234375">
        <ele>797.79998779296875</ele>
        <time>2026-08-28T03:20:27.000Z</time>
        <extensions>
          <ns3:TrackPointExtension>
            <ns3:hr>153</ns3:hr>
            <ns3:cad>93</ns3:cad>
          </ns3:TrackPointExtension>
        </extensions>
      </trkpt>
      <trkpt lat="38.71813246048986911773681640625" lon="112.766395322978496551513671875">
        <ele>797.79998779296875</ele>
        <time>2026-08-28T03:20:28.000Z</time>
        <extensions>
          <ns3:TrackPointExtension>
            <ns3:hr>154</ns3:hr>
            <ns3:cad>92</ns3:cad>
          </ns3:TrackPointExtension>
        </extensions>
      </trkpt>
      <trkpt lat="38.71813816018402576446533203125" lon="112.76636506430804729461669921875">
        <ele>797.79998779296875</ele>
        <time>2026-08-28T03:20:29.000Z</time>
        <extensions>
          <ns3:TrackPointExtension>
            <ns3:hr>154</ns3:hr>
            <ns3:cad>92</ns3:cad>
          </ns3:TrackPointExtension>
        </extensions>
      </trkpt>
      <trkpt lat="38.71814687736332416534423828125" lon="112.76634058915078639984130859375">
        <ele>797.79998779296875</ele>
        <time>2026-08-28T03:20:30.000Z</time>
        <extensions>
          <ns3:TrackPointExtension>
            <ns3:hr>154</ns3:hr>
            <ns3:cad>91</ns3:cad>
          </ns3:TrackPointExtension>
        </extensions>
      </trkpt>
      <trkpt lat="38.71815492399036884307861328125" lon="112.76630957610905170440673828125">
        <ele>797.79998779296875</ele>
        <time>2026-08-28T03:20:31.000Z</time>
        <extensions>
          <ns3:TrackPointExtension>
            <ns3:hr>154</ns3:hr>
            <ns3:cad>91</ns3:cad>
          </ns3:TrackPointExtension>
        </extensions>
      </trkpt>
      <trkpt lat="38.71816213242709636688232421875" lon="112.766285352408885955810546875">
        <ele>797.79998779296875</ele>
        <time>2026-08-28T03:20:32.000Z</time>
        <extensions>
          <ns3:TrackPointExtension>
            <ns3:hr>155</ns3:hr>
            <ns3:cad>92</ns3:cad>
          </ns3:TrackPointExtension>
        </extensions>
      </trkpt>
      <trkpt lat="38.718167580664157867431640625" lon="112.76624989695847034454345703125">
        <ele>797.79998779296875</ele>
        <time>2026-08-28T03:20:33.000Z</time>
        <extensions>
          <ns3:TrackPointExtension>
            <ns3:hr>155</ns3:hr>
            <ns3:cad>92</ns3:cad>
          </ns3:TrackPointExtension>
        </extensions>
      </trkpt>
      <trkpt lat="38.71816984377801418304443359375" lon="112.76622625999152660369873046875">
        <ele>797.79998779296875</ele>
        <time>2026-08-28T03:20:34.000Z</time>
        <extensions>
          <ns3:TrackPointExtension>
            <ns3:hr>155</ns3:hr>
            <ns3:cad>91</ns3:cad>
          </ns3:TrackPointExtension>
        </extensions>
      </trkpt>
      <trkpt lat="38.71817730367183685302734375" lon="112.766190133988857269287109375">
        <ele>797.79998779296875</ele>
        <time>2026-08-28T03:20:35.000Z</time>
        <extensions>
          <ns3:TrackPointExtension>
            <ns3:hr>155</ns3:hr>
            <ns3:cad>91</ns3:cad>
          </ns3:TrackPointExtension>
        </extensions>
      </trkpt>
      <trkpt lat="38.7181768007576465606689453125" lon="112.76616540737450122833251953125">
        <ele>797.79998779296875</ele>
        <time>2026-08-28T03:20:36.000Z</time>
        <extensions>
          <ns3:TrackPointExtension>
            <ns3:hr>154</ns3:hr>
            <ns3:cad>91</ns3:cad>
          </ns3:TrackPointExtension>
        </extensions>
      </trkpt>
      <trkpt lat="38.71818359009921550750732421875" lon="112.76612936519086360931396484375">
        <ele>797.79998779296875</ele>
        <time>2026-08-28T03:20:37.000Z</time>
        <extensions>
          <ns3:TrackPointExtension>
            <ns3:hr>155</ns3:hr>
            <ns3:cad>91</ns3:cad>
          </ns3:TrackPointExtension>
        </extensions>
      </trkpt>
      <trkpt lat="38.7181811593472957611083984375" lon="112.7661064825952053070068359375">
        <ele>797.79998779296875</ele>
        <time>2026-08-28T03:20:38.000Z</time>
        <extensions>
          <ns3:TrackPointExtension>
            <ns3:hr>155</ns3:hr>
            <ns3:cad>91</ns3:cad>
          </ns3:TrackPointExtension>
        </extensions>
      </trkpt>
      <trkpt lat="38.71819063089787960052490234375" lon="112.766070775687694549560546875">
        <ele>797.79998779296875</ele>
        <time>2026-08-28T03:20:39.000Z</time>
        <extensions>
          <ns3:TrackPointExtension>
            <ns3:hr>155</ns3:hr>
            <ns3:cad>91</ns3:cad>
          </ns3:TrackPointExtension>
        </extensions>
      </trkpt>
      <trkpt lat="38.7181922234594821929931640625" lon="112.766043283045291900634765625">
        <ele>798</ele>
        <time>2026-08-28T03:20:40.000Z</time>
        <extensions>
          <ns3:TrackPointExtension>
            <ns3:hr>156</ns3:hr>
            <ns3:cad>93</ns3:cad>
          </ns3:TrackPointExtension>
        </extensions>
      </trkpt>
      <trkpt lat="38.7182019464671611785888671875" lon="112.76601352728903293609619140625">
        <ele>798</ele>
        <time>2026-08-28T03:20:41.000Z</time>
        <extensions>
          <ns3:TrackPointExtension>
            <ns3:hr>155</ns3:hr>
            <ns3:cad>93</ns3:cad>
          </ns3:TrackPointExtension>
        </extensions>
      </trkpt>
      <trkpt lat="38.71820144355297088623046875" lon="112.76598754338920116424560546875">
        <ele>798</ele>
        <time>2026-08-28T03:20:42.000Z</time>
        <extensions>
          <ns3:TrackPointExtension>
            <ns3:hr>155</ns3:hr>
            <ns3:cad>93</ns3:cad>
          </ns3:TrackPointExtension>
        </extensions>
      </trkpt>
      <trkpt lat="38.71820840053260326385498046875" lon="112.76595887728035449981689453125">
        <ele>798</ele>
        <time>2026-08-28T03:20:43.000Z</time>
        <extensions>
          <ns3:TrackPointExtension>
            <ns3:hr>155</ns3:hr>
            <ns3:cad>92</ns3:cad>
          </ns3:TrackPointExtension>
        </extensions>
      </trkpt>
      <trkpt lat="38.7182096578180789947509765625" lon="112.76592970825731754302978515625">
        <ele>798</ele>
        <time>2026-08-28T03:20:44.000Z</time>
        <extensions>
          <ns3:TrackPointExtension>
            <ns3:hr>155</ns3:hr>
            <ns3:cad>92</ns3:cad>
          </ns3:TrackPointExtension>
        </extensions>
      </trkpt>
      <trkpt lat="38.71821544133126735687255859375" lon="112.765905149281024932861328125">
        <ele>798</ele>
        <time>2026-08-28T03:20:45.000Z</time>
        <extensions>
          <ns3:TrackPointExtension>
            <ns3:hr>154</ns3:hr>
            <ns3:cad>92</ns3:cad>
          </ns3:TrackPointExtension>
        </extensions>
      </trkpt>
      <trkpt lat="38.7182237394154071807861328125" lon="112.765872962772846221923828125">
        <ele>798</ele>
        <time>2026-08-28T03:20:46.000Z</time>
        <extensions>
          <ns3:TrackPointExtension>
            <ns3:hr>155</ns3:hr>
            <ns3:cad>93</ns3:cad>
          </ns3:TrackPointExtension>
        </extensions>
      </trkpt>
      <trkpt lat="38.7182264216244220733642578125" lon="112.76584873907268047332763671875">
        <ele>798.20001220703125</ele>
        <time>2026-08-28T03:20:47.000Z</time>
        <extensions>
          <ns3:TrackPointExtension>
            <ns3:hr>156</ns3:hr>
            <ns3:cad>93</ns3:cad>
          </ns3:TrackPointExtension>
        </extensions>
      </trkpt>
      <trkpt lat="38.718236647546291351318359375" lon="112.7658127807080745697021484375">
        <ele>798.20001220703125</ele>
        <time>2026-08-28T03:20:48.000Z</time>
        <extensions>
          <ns3:TrackPointExtension>
            <ns3:hr>156</ns3:hr>
            <ns3:cad>91</ns3:cad>
          </ns3:TrackPointExtension>
        </extensions>
      </trkpt>
      <trkpt lat="38.718240670859813690185546875" lon="112.7657852880656719207763671875">
        <ele>798</ele>
        <time>2026-08-28T03:20:49.000Z</time>
        <extensions>
          <ns3:TrackPointExtension>
            <ns3:hr>156</ns3:hr>
            <ns3:cad>91</ns3:cad>
          </ns3:TrackPointExtension>
        </extensions>
      </trkpt>
      <trkpt lat="38.7182502262294292449951171875" lon="112.76575033552944660186767578125">
        <ele>798.20001220703125</ele>
        <time>2026-08-28T03:20:50.000Z</time>
        <extensions>
          <ns3:TrackPointExtension>
            <ns3:hr>156</ns3:hr>
            <ns3:cad>92</ns3:cad>
          </ns3:TrackPointExtension>
        </extensions>
      </trkpt>
      <trkpt lat="38.718256764113903045654296875" lon="112.76572686620056629180908203125">
        <ele>798.20001220703125</ele>
        <time>2026-08-28T03:20:51.000Z</time>
        <extensions>
          <ns3:TrackPointExtension>
            <ns3:hr>156</ns3:hr>
            <ns3:cad>92</ns3:cad>
          </ns3:TrackPointExtension>
        </extensions>
      </trkpt>
      <trkpt lat="38.71827076189219951629638671875" lon="112.76569434441626071929931640625">
        <ele>798.20001220703125</ele>
        <time>2026-08-28T03:20:52.000Z</time>
        <extensions>
          <ns3:TrackPointExtension>
            <ns3:hr>155</ns3:hr>
            <ns3:cad>92</ns3:cad>
          </ns3:TrackPointExtension>
        </extensions>
      </trkpt>
      <trkpt lat="38.7182767130434513092041015625" lon="112.76566852815449237823486328125">
        <ele>798.4000244140625</ele>
        <time>2026-08-28T03:20:53.000Z</time>
        <extensions>
          <ns3:TrackPointExtension>
            <ns3:hr>156</ns3:hr>
            <ns3:cad>93</ns3:cad>
          </ns3:TrackPointExtension>
        </extensions>
      </trkpt>
      <trkpt lat="38.71828970499336719512939453125" lon="112.765637934207916259765625">
        <ele>798.4000244140625</ele>
        <time>2026-08-28T03:20:54.000Z</time>
        <extensions>
          <ns3:TrackPointExtension>
            <ns3:hr>156</ns3:hr>
            <ns3:cad>93</ns3:cad>
          </ns3:TrackPointExtension>
        </extensions>
      </trkpt>
      <trkpt lat="38.71829456649720668792724609375" lon="112.76561178267002105712890625">
        <ele>798.4000244140625</ele>
        <time>2026-08-28T03:20:55.000Z</time>
        <extensions>
          <ns3:TrackPointExtension>
            <ns3:hr>155</ns3:hr>
            <ns3:cad>91</ns3:cad>
          </ns3:TrackPointExtension>
        </extensions>
      </trkpt>
      <trkpt lat="38.718306384980678558349609375" lon="112.76558621786534786224365234375">
        <ele>798.4000244140625</ele>
        <time>2026-08-28T03:20:56.000Z</time>
        <extensions>
          <ns3:TrackPointExtension>
            <ns3:hr>155</ns3:hr>
            <ns3:cad>91</ns3:cad>
          </ns3:TrackPointExtension>
        </extensions>
      </trkpt>
      <trkpt lat="38.71831434778869152069091796875" lon="112.76555771939456462860107421875">
        <ele>798.4000244140625</ele>
        <time>2026-08-28T03:20:57.000Z</time>
        <extensions>
          <ns3:TrackPointExtension>
            <ns3:hr>155</ns3:hr>
            <ns3:cad>91</ns3:cad>
          </ns3:TrackPointExtension>
        </extensions>
      </trkpt>
      <trkpt lat="38.7183186225593090057373046875" lon="112.76553173549473285675048828125">
        <ele>798.4000244140625</ele>
        <time>2026-08-28T03:20:58.000Z</time>
        <extensions>
          <ns3:TrackPointExtension>
            <ns3:hr>155</ns3:hr>
            <ns3:cad>92</ns3:cad>
          </ns3:TrackPointExtension>
        </extensions>
      </trkpt>
      <trkpt lat="38.71832373552024364471435546875" lon="112.7654999680817127227783203125">
        <ele>798.4000244140625</ele>
        <time>2026-08-28T03:20:59.000Z</time>
        <extensions>
          <ns3:TrackPointExtension>
            <ns3:hr>154</ns3:hr>
            <ns3:cad>92</ns3:cad>
          </ns3:TrackPointExtension>
        </extensions>
      </trkpt>
      <trkpt lat="38.71832457371056079864501953125" lon="112.7654741518199443817138671875">
        <ele>798.4000244140625</ele>
        <time>2026-08-28T03:21:00.000Z</time>
        <extensions>
          <ns3:TrackPointExtension>
            <ns3:hr>154</ns3:hr>
            <ns3:cad>94</ns3:cad>
          </ns3:TrackPointExtension>
        </extensions>
      </trkpt>
      <trkpt lat="38.71833228506147861480712890625" lon="112.76543986983597278594970703125">
        <ele>798.4000244140625</ele>
        <time>2026-08-28T03:21:01.000Z</time>
        <extensions>
          <ns3:TrackPointExtension>
            <ns3:hr>154</ns3:hr>
            <ns3:cad>94</ns3:cad>
          </ns3:TrackPointExtension>
        </extensions>
      </trkpt>
      <trkpt lat="38.71833262033760547637939453125" lon="112.765413634479045867919921875">
        <ele>798.4000244140625</ele>
        <time>2026-08-28T03:21:02.000Z</time>
        <extensions>
          <ns3:TrackPointExtension>
            <ns3:hr>153</ns3:hr>
            <ns3:cad>92</ns3:cad>
          </ns3:TrackPointExtension>
        </extensions>
      </trkpt>
      <trkpt lat="38.718339912593364715576171875" lon="112.7653791010379791259765625">
        <ele>798.4000244140625</ele>
        <time>2026-08-28T03:21:03.000Z</time>
        <extensions>
          <ns3:TrackPointExtension>
            <ns3:hr>153</ns3:hr>
            <ns3:cad>91</ns3:cad>
          </ns3:TrackPointExtension>
        </extensions>
      </trkpt>
      <trkpt lat="38.71833957731723785400390625" lon="112.76534800417721271514892578125">
        <ele>798.4000244140625</ele>
        <time>2026-08-28T03:21:04.000Z</time>
        <extensions>
          <ns3:TrackPointExtension>
            <ns3:hr>153</ns3:hr>
            <ns3:cad>91</ns3:cad>
          </ns3:TrackPointExtension>
        </extensions>
      </trkpt>
      <trkpt lat="38.71835273690521717071533203125" lon="112.76531045325100421905517578125">
        <ele>798.20001220703125</ele>
        <time>2026-08-28T03:21:05.000Z</time>
        <extensions>
          <ns3:TrackPointExtension>
            <ns3:hr>153</ns3:hr>
            <ns3:cad>93</ns3:cad>
          </ns3:TrackPointExtension>
        </extensions>
      </trkpt>
      <trkpt lat="38.71835558675229549407958984375" lon="112.7652840502560138702392578125">
        <ele>798.20001220703125</ele>
        <time>2026-08-28T03:21:06.000Z</time>
        <extensions>
          <ns3:TrackPointExtension>
            <ns3:hr>152</ns3:hr>
            <ns3:cad>93</ns3:cad>
          </ns3:TrackPointExtension>
        </extensions>
      </trkpt>
      <trkpt lat="38.71836866252124309539794921875" lon="112.7652521990239620208740234375">
        <ele>798.4000244140625</ele>
        <time>2026-08-28T03:21:07.000Z</time>
        <extensions>
          <ns3:TrackPointExtension>
            <ns3:hr>152</ns3:hr>
            <ns3:cad>93</ns3:cad>
          </ns3:TrackPointExtension>
        </extensions>
      </trkpt>
      <trkpt lat="38.7183729372918605804443359375" lon="112.76522881351411342620849609375">
        <ele>798.4000244140625</ele>
        <time>2026-08-28T03:21:08.000Z</time>
        <extensions>
          <ns3:TrackPointExtension>
            <ns3:hr>153</ns3:hr>
            <ns3:cad>93</ns3:cad>
          </ns3:TrackPointExtension>
        </extensions>
      </trkpt>
      <trkpt lat="38.71838743798434734344482421875" lon="112.7652022428810596466064453125">
        <ele>798.4000244140625</ele>
        <time>2026-08-28T03:21:09.000Z</time>
        <extensions>
          <ns3:TrackPointExtension>
            <ns3:hr>153</ns3:hr>
            <ns3:cad>93</ns3:cad>
          </ns3:TrackPointExtension>
        </extensions>
      </trkpt>
      <trkpt lat="38.71839213185012340545654296875" lon="112.765177600085735321044921875">
        <ele>798.4000244140625</ele>
        <time>2026-08-28T03:21:10.000Z</time>
        <extensions>
          <ns3:TrackPointExtension>
            <ns3:hr>153</ns3:hr>
            <ns3:cad>92</ns3:cad>
          </ns3:TrackPointExtension>
        </extensions>
      </trkpt>
      <trkpt lat="38.7184044532477855682373046875" lon="112.76515035890042781829833984375">
        <ele>798.4000244140625</ele>
        <time>2026-08-28T03:21:11.000Z</time>
        <extensions>
          <ns3:TrackPointExtension>
            <ns3:hr>153</ns3:hr>
            <ns3:cad>92</ns3:cad>
          </ns3:TrackPointExtension>
        </extensions>
      </trkpt>
      <trkpt lat="38.71840705163776874542236328125" lon="112.76512387208640575408935546875">
        <ele>798.4000244140625</ele>
        <time>2026-08-28T03:21:12.000Z</time>
        <extensions>
          <ns3:TrackPointExtension>
            <ns3:hr>153</ns3:hr>
            <ns3:cad>92</ns3:cad>
          </ns3:TrackPointExtension>
        </extensions>
      </trkpt>
      <trkpt lat="38.7184111587703227996826171875" lon="112.7650976367294788360595703125">
        <ele>798.4000244140625</ele>
        <time>2026-08-28T03:21:13.000Z</time>
        <extensions>
          <ns3:TrackPointExtension>
            <ns3:hr>153</ns3:hr>
            <ns3:cad>93</ns3:cad>
          </ns3:TrackPointExtension>
        </extensions>
      </trkpt>
      <trkpt lat="38.71841526590287685394287109375" lon="112.7650664560496807098388671875">
        <ele>798.4000244140625</ele>
        <time>2026-08-28T03:21:14.000Z</time>
        <extensions>
          <ns3:TrackPointExtension>
            <ns3:hr>153</ns3:hr>
            <ns3:cad>93</ns3:cad>
          </ns3:TrackPointExtension>
        </extensions>
      </trkpt>
      <trkpt lat="38.718419708311557769775390625" lon="112.7650384604930877685546875">
        <ele>798.4000244140625</ele>
        <time>2026-08-28T03:21:15.000Z</time>
        <extensions>
          <ns3:TrackPointExtension>
            <ns3:hr>153</ns3:hr>
            <ns3:cad>93</ns3:cad>
          </ns3:TrackPointExtension>
        </extensions>
      </trkpt>
      <trkpt lat="38.71842750348150730133056640625" lon="112.76500669308006763458251953125">
        <ele>798.4000244140625</ele>
        <time>2026-08-28T03:21:16.000Z</time>
        <extensions>
          <ns3:TrackPointExtension>
            <ns3:hr>153</ns3:hr>
            <ns3:cad>91</ns3:cad>
          </ns3:TrackPointExtension>
        </extensions>
      </trkpt>
      <trkpt lat="38.71843270026147365570068359375" lon="112.7649796195328235626220703125">
        <ele>798.4000244140625</ele>
        <time>2026-08-28T03:21:17.000Z</time>
        <extensions>
          <ns3:TrackPointExtension>
            <ns3:hr>153</ns3:hr>
            <ns3:cad>91</ns3:cad>
          </ns3:TrackPointExtension>
        </extensions>
      </trkpt>
      <trkpt lat="38.7184440158307552337646484375" lon="112.76494852267205715179443359375">
        <ele>798.4000244140625</ele>
        <time>2026-08-28T03:21:18.000Z</time>
        <extensions>
          <ns3:TrackPointExtension>
            <ns3:hr>153</ns3:hr>
            <ns3:cad>91</ns3:cad>
          </ns3:TrackPointExtension>
        </extensions>
      </trkpt>
      <trkpt lat="38.71844812296330928802490234375" lon="112.76492320932447910308837890625">
        <ele>798.20001220703125</ele>
        <time>2026-08-28T03:21:19.000Z</time>
        <extensions>
          <ns3:TrackPointExtension>
            <ns3:hr>153</ns3:hr>
            <ns3:cad>92</ns3:cad>
          </ns3:TrackPointExtension>
        </extensions>
      </trkpt>
      <trkpt lat="38.718461282551288604736328125" lon="112.764891944825649261474609375">
        <ele>798.20001220703125</ele>
        <time>2026-08-28T03:21:20.000Z</time>
        <extensions>
          <ns3:TrackPointExtension>
            <ns3:hr>153</ns3:hr>
            <ns3:cad>94</ns3:cad>
          </ns3:TrackPointExtension>
        </extensions>
      </trkpt>
      <trkpt lat="38.71846966445446014404296875" lon="112.76486520655453205108642578125">
        <ele>798.20001220703125</ele>
        <time>2026-08-28T03:21:21.000Z</time>
        <extensions>
          <ns3:TrackPointExtension>
            <ns3:hr>154</ns3:hr>
            <ns3:cad>94</ns3:cad>
          </ns3:TrackPointExtension>
        </extensions>
      </trkpt>
      <trkpt lat="38.71848131529986858367919921875" lon="112.764838635921478271484375">
        <ele>798.20001220703125</ele>
        <time>2026-08-28T03:21:22.000Z</time>
        <extensions>
          <ns3:TrackPointExtension>
            <ns3:hr>154</ns3:hr>
            <ns3:cad>93</ns3:cad>
          </ns3:TrackPointExtension>
        </extensions>
      </trkpt>
      <trkpt lat="38.7184872664511203765869140625" lon="112.76481122709810733795166015625">
        <ele>798.20001220703125</ele>
        <time>2026-08-28T03:21:23.000Z</time>
        <extensions>
          <ns3:TrackPointExtension>
            <ns3:hr>154</ns3:hr>
            <ns3:cad>93</ns3:cad>
          </ns3:TrackPointExtension>
        </extensions>
      </trkpt>
      <trkpt lat="38.71849506162106990814208984375" lon="112.76478507556021213531494140625">
        <ele>798.4000244140625</ele>
        <time>2026-08-28T03:21:24.000Z</time>
        <extensions>
          <ns3:TrackPointExtension>
            <ns3:hr>154</ns3:hr>
            <ns3:cad>93</ns3:cad>
          </ns3:TrackPointExtension>
        </extensions>
      </trkpt>
      <trkpt lat="38.71849975548684597015380859375" lon="112.7647556550800800323486328125">
        <ele>798.4000244140625</ele>
        <time>2026-08-28T03:21:25.000Z</time>
        <extensions>
          <ns3:TrackPointExtension>
            <ns3:hr>155</ns3:hr>
            <ns3:cad>93</ns3:cad>
          </ns3:TrackPointExtension>
        </extensions>
      </trkpt>
      <trkpt lat="38.7185077182948589324951171875" lon="112.76473025791347026824951171875">
        <ele>798.4000244140625</ele>
        <time>2026-08-28T03:21:26.000Z</time>
        <extensions>
          <ns3:TrackPointExtension>
            <ns3:hr>154</ns3:hr>
            <ns3:cad>93</ns3:cad>
          </ns3:TrackPointExtension>
        </extensions>
      </trkpt>
      <trkpt lat="38.71851517818868160247802734375" lon="112.7646989934146404266357421875">
        <ele>798.4000244140625</ele>
        <time>2026-08-28T03:21:27.000Z</time>
        <extensions>
          <ns3:TrackPointExtension>
            <ns3:hr>154</ns3:hr>
            <ns3:cad>93</ns3:cad>
          </ns3:TrackPointExtension>
        </extensions>
      </trkpt>
      <trkpt lat="38.71851584874093532562255859375" lon="112.76467426680028438568115234375">
        <ele>798.4000244140625</ele>
        <time>2026-08-28T03:21:28.000Z</time>
        <extensions>
          <ns3:TrackPointExtension>
            <ns3:hr>154</ns3:hr>
            <ns3:cad>93</ns3:cad>
          </ns3:TrackPointExtension>
        </extensions>
      </trkpt>
      <trkpt lat="38.71852272190153598785400390625" lon="112.76463990099728107452392578125">
        <ele>798.4000244140625</ele>
        <time>2026-08-28T03:21:29.000Z</time>
        <extensions>
          <ns3:TrackPointExtension>
            <ns3:hr>154</ns3:hr>
            <ns3:cad>93</ns3:cad>
          </ns3:TrackPointExtension>
        </extensions>
      </trkpt>
      <trkpt lat="38.7185254879295825958251953125" lon="112.76461760513484477996826171875">
        <ele>798.4000244140625</ele>
        <time>2026-08-28T03:21:30.000Z</time>
        <extensions>
          <ns3:TrackPointExtension>
            <ns3:hr>154</ns3:hr>
            <ns3:cad>91</ns3:cad>
          </ns3:TrackPointExtension>
        </extensions>
      </trkpt>
      <trkpt lat="38.71853403747081756591796875" lon="112.76458357460796833038330078125">
        <ele>798.4000244140625</ele>
        <time>2026-08-28T03:21:31.000Z</time>
        <extensions>
          <ns3:TrackPointExtension>
            <ns3:hr>154</ns3:hr>
            <ns3:cad>91</ns3:cad>
          </ns3:TrackPointExtension>
        </extensions>
      </trkpt>
      <trkpt lat="38.71853747405111789703369140625" lon="112.7645583450794219970703125">
        <ele>798.4000244140625</ele>
        <time>2026-08-28T03:21:32.000Z</time>
        <extensions>
          <ns3:TrackPointExtension>
            <ns3:hr>153</ns3:hr>
            <ns3:cad>92</ns3:cad>
          </ns3:TrackPointExtension>
        </extensions>
      </trkpt>
      <trkpt lat="38.71854803524911403656005859375" lon="112.76452154852449893951416015625">
        <ele>798.4000244140625</ele>
        <time>2026-08-28T03:21:33.000Z</time>
        <extensions>
          <ns3:TrackPointExtension>
            <ns3:hr>153</ns3:hr>
            <ns3:cad>92</ns3:cad>
          </ns3:TrackPointExtension>
        </extensions>
      </trkpt>
      <trkpt lat="38.7185489572584629058837890625" lon="112.76449237950146198272705078125">
        <ele>798.4000244140625</ele>
        <time>2026-08-28T03:21:34.000Z</time>
        <extensions>
          <ns3:TrackPointExtension>
            <ns3:hr>153</ns3:hr>
            <ns3:cad>93</ns3:cad>
          </ns3:TrackPointExtension>
        </extensions>
      </trkpt>
      <trkpt lat="38.7185627035796642303466796875" lon="112.76445918716490268707275390625">
        <ele>798.4000244140625</ele>
        <time>2026-08-28T03:21:35.000Z</time>
        <extensions>
          <ns3:TrackPointExtension>
            <ns3:hr>153</ns3:hr>
            <ns3:cad>93</ns3:cad>
          </ns3:TrackPointExtension>
        </extensions>
      </trkpt>
      <trkpt lat="38.71856530196964740753173828125" lon="112.764430940151214599609375">
        <ele>798.4000244140625</ele>
        <time>2026-08-28T03:21:36.000Z</time>
        <extensions>
          <ns3:TrackPointExtension>
            <ns3:hr>152</ns3:hr>
            <ns3:cad>93</ns3:cad>
          </ns3:TrackPointExtension>
        </extensions>
      </trkpt>
      <trkpt lat="38.7185777910053730010986328125" lon="112.76439934037625789642333984375">
        <ele>798.4000244140625</ele>
        <time>2026-08-28T03:21:37.000Z</time>
        <extensions>
          <ns3:TrackPointExtension>
            <ns3:hr>152</ns3:hr>
            <ns3:cad>93</ns3:cad>
          </ns3:TrackPointExtension>
        </extensions>
      </trkpt>
      <trkpt lat="38.7185843288898468017578125" lon="112.764370925724506378173828125">
        <ele>798.4000244140625</ele>
        <time>2026-08-28T03:21:38.000Z</time>
        <extensions>
          <ns3:TrackPointExtension>
            <ns3:hr>152</ns3:hr>
            <ns3:cad>92</ns3:cad>
          </ns3:TrackPointExtension>
        </extensions>
      </trkpt>
      <trkpt lat="38.71859447099268436431884765625" lon="112.76433949358761310577392578125">
        <ele>798.4000244140625</ele>
        <time>2026-08-28T03:21:39.000Z</time>
        <extensions>
          <ns3:TrackPointExtension>
            <ns3:hr>152</ns3:hr>
            <ns3:cad>92</ns3:cad>
          </ns3:TrackPointExtension>
        </extensions>
      </trkpt>
      <trkpt lat="38.7186009250581264495849609375" lon="112.76430831290781497955322265625">
        <ele>798.4000244140625</ele>
        <time>2026-08-28T03:21:40.000Z</time>
        <extensions>
          <ns3:TrackPointExtension>
            <ns3:hr>152</ns3:hr>
            <ns3:cad>92</ns3:cad>
          </ns3:TrackPointExtension>
        </extensions>
      </trkpt>
      <trkpt lat="38.7186083011329174041748046875" lon="112.7642792277038097381591796875">
        <ele>798.4000244140625</ele>
        <time>2026-08-28T03:21:41.000Z</time>
        <extensions>
          <ns3:TrackPointExtension>
            <ns3:hr>151</ns3:hr>
            <ns3:cad>92</ns3:cad>
          </ns3:TrackPointExtension>
        </extensions>
      </trkpt>
      <trkpt lat="38.71861475519835948944091796875" lon="112.76424653828144073486328125">
        <ele>798.4000244140625</ele>
        <time>2026-08-28T03:21:42.000Z</time>
        <extensions>
          <ns3:TrackPointExtension>
            <ns3:hr>151</ns3:hr>
            <ns3:cad>93</ns3:cad>
          </ns3:TrackPointExtension>
        </extensions>
      </trkpt>
      <trkpt lat="38.7186233885586261749267578125" lon="112.764219380915164947509765625">
        <ele>798.4000244140625</ele>
        <time>2026-08-28T03:21:43.000Z</time>
        <extensions>
          <ns3:TrackPointExtension>
            <ns3:hr>151</ns3:hr>
            <ns3:cad>92</ns3:cad>
          </ns3:TrackPointExtension>
        </extensions>
      </trkpt>
      <trkpt lat="38.71863663196563720703125" lon="112.764185182750225067138671875">
        <ele>798.4000244140625</ele>
        <time>2026-08-28T03:21:44.000Z</time>
        <extensions>
          <ns3:TrackPointExtension>
            <ns3:hr>152</ns3:hr>
            <ns3:cad>91</ns3:cad>
          </ns3:TrackPointExtension>
        </extensions>
      </trkpt>
      <trkpt lat="38.718639314174652099609375" lon="112.76415911503136157989501953125">
        <ele>798.4000244140625</ele>
        <time>2026-08-28T03:21:45.000Z</time>
        <extensions>
          <ns3:TrackPointExtension>
            <ns3:hr>152</ns3:hr>
            <ns3:cad>91</ns3:cad>
          </ns3:TrackPointExtension>
        </extensions>
      </trkpt>
      <trkpt lat="38.71864777989685535430908203125" lon="112.76412726379930973052978515625">
        <ele>798.4000244140625</ele>
        <time>2026-08-28T03:21:46.000Z</time>
        <extensions>
          <ns3:TrackPointExtension>
            <ns3:hr>152</ns3:hr>
            <ns3:cad>91</ns3:cad>
          </ns3:TrackPointExtension>
        </extensions>
      </trkpt>
      <trkpt lat="38.71865130029618740081787109375" lon="112.764100022614002227783203125">
        <ele>798.4000244140625</ele>
        <time>2026-08-28T03:21:47.000Z</time>
        <extensions>
          <ns3:TrackPointExtension>
            <ns3:hr>152</ns3:hr>
            <ns3:cad>93</ns3:cad>
          </ns3:TrackPointExtension>
        </extensions>
      </trkpt>
      <trkpt lat="38.7186594307422637939453125" lon="112.764071859419345855712890625">
        <ele>798.4000244140625</ele>
        <time>2026-08-28T03:21:48.000Z</time>
        <extensions>
          <ns3:TrackPointExtension>
            <ns3:hr>152</ns3:hr>
            <ns3:cad>94</ns3:cad>
          </ns3:TrackPointExtension>
        </extensions>
      </trkpt>
      <trkpt lat="38.7186646275222301483154296875" lon="112.76404880918562412261962890625">
        <ele>798.4000244140625</ele>
        <time>2026-08-28T03:21:49.000Z</time>
        <extensions>
          <ns3:TrackPointExtension>
            <ns3:hr>153</ns3:hr>
            <ns3:cad>94</ns3:cad>
          </ns3:TrackPointExtension>
        </extensions>
      </trkpt>
      <trkpt lat="38.7186777032911777496337890625" lon="112.76402181945741176605224609375">
        <ele>798.5999755859375</ele>
        <time>2026-08-28T03:21:50.000Z</time>
        <extensions>
          <ns3:TrackPointExtension>
            <ns3:hr>153</ns3:hr>
            <ns3:cad>93</ns3:cad>
          </ns3:TrackPointExtension>
        </extensions>
      </trkpt>
      <trkpt lat="38.71868063695728778839111328125" lon="112.7639918960630893707275390625">
        <ele>798.5999755859375</ele>
        <time>2026-08-28T03:21:51.000Z</time>
        <extensions>
          <ns3:TrackPointExtension>
            <ns3:hr>154</ns3:hr>
            <ns3:cad>91</ns3:cad>
          </ns3:TrackPointExtension>
        </extensions>
      </trkpt>
      <trkpt lat="38.71868717484176158905029296875" lon="112.7639630623161792755126953125">
        <ele>798.5999755859375</ele>
        <time>2026-08-28T03:21:52.000Z</time>
        <extensions>
          <ns3:TrackPointExtension>
            <ns3:hr>155</ns3:hr>
            <ns3:cad>91</ns3:cad>
          </ns3:TrackPointExtension>
        </extensions>
      </trkpt>
      <trkpt lat="38.71869497001171112060546875" lon="112.76393380947411060333251953125">
        <ele>798.5999755859375</ele>
        <time>2026-08-28T03:21:53.000Z</time>
        <extensions>
          <ns3:TrackPointExtension>
            <ns3:hr>155</ns3:hr>
            <ns3:cad>92</ns3:cad>
          </ns3:TrackPointExtension>
        </extensions>
      </trkpt>
      <trkpt lat="38.71870192699134349822998046875" lon="112.7639060653746128082275390625">
        <ele>798.5999755859375</ele>
        <time>2026-08-28T03:21:54.000Z</time>
        <extensions>
          <ns3:TrackPointExtension>
            <ns3:hr>155</ns3:hr>
            <ns3:cad>94</ns3:cad>
          </ns3:TrackPointExtension>
        </extensions>
      </trkpt>
      <trkpt lat="38.71870972216129302978515625" lon="112.76388117112219333648681640625">
        <ele>798.5999755859375</ele>
        <time>2026-08-28T03:21:55.000Z</time>
        <extensions>
          <ns3:TrackPointExtension>
            <ns3:hr>155</ns3:hr>
            <ns3:cad>94</ns3:cad>
          </ns3:TrackPointExtension>
        </extensions>
      </trkpt>
      <trkpt lat="38.71871433220803737640380859375" lon="112.7638554386794567108154296875">
        <ele>798.5999755859375</ele>
        <time>2026-08-28T03:21:56.000Z</time>
        <extensions>
          <ns3:TrackPointExtension>
            <ns3:hr>155</ns3:hr>
            <ns3:cad>93</ns3:cad>
          </ns3:TrackPointExtension>
        </extensions>
      </trkpt>
      <trkpt lat="38.7187256477773189544677734375" lon="112.763815708458423614501953125">
        <ele>798.5999755859375</ele>
        <time>2026-08-28T03:21:57.000Z</time>
        <extensions>
          <ns3:TrackPointExtension>
            <ns3:hr>155</ns3:hr>
            <ns3:cad>91</ns3:cad>
          </ns3:TrackPointExtension>
        </extensions>
      </trkpt>
      <trkpt lat="38.7187303416430950164794921875" lon="112.76377706788480281829833984375">
        <ele>798.5999755859375</ele>
        <time>2026-08-28T03:21:58.000Z</time>
        <extensions>
          <ns3:TrackPointExtension>
            <ns3:hr>155</ns3:hr>
            <ns3:cad>91</ns3:cad>
          </ns3:TrackPointExtension>
        </extensions>
      </trkpt>
      <trkpt lat="38.71874593198299407958984375" lon="112.7637263573706150054931640625">
        <ele>798.5999755859375</ele>
        <time>2026-08-28T03:21:59.000Z</time>
        <extensions>
          <ns3:TrackPointExtension>
            <ns3:hr>154</ns3:hr>
            <ns3:cad>92</ns3:cad>
          </ns3:TrackPointExtension>
        </extensions>
      </trkpt>
      <trkpt lat="38.71875624172389507293701171875" lon="112.763677574694156646728515625">
        <ele>798.5999755859375</ele>
        <time>2026-08-28T03:22:00.000Z</time>
        <extensions>
          <ns3:TrackPointExtension>
            <ns3:hr>154</ns3:hr>
            <ns3:cad>92</ns3:cad>
          </ns3:TrackPointExtension>
        </extensions>
      </trkpt>
      <trkpt lat="38.71877275407314300537109375" lon="112.76363038457930088043212890625">
        <ele>798.5999755859375</ele>
        <time>2026-08-28T03:22:01.000Z</time>
        <extensions>
          <ns3:TrackPointExtension>
            <ns3:hr>154</ns3:hr>
            <ns3:cad>92</ns3:cad>
          </ns3:TrackPointExtension>
        </extensions>
      </trkpt>
      <trkpt lat="38.7187896855175495147705078125" lon="112.7635741420090198516845703125">
        <ele>798.5999755859375</ele>
        <time>2026-08-28T03:22:02.000Z</time>
        <extensions>
          <ns3:TrackPointExtension>
            <ns3:hr>155</ns3:hr>
            <ns3:cad>94</ns3:cad>
          </ns3:TrackPointExtension>
        </extensions>
      </trkpt>
      <trkpt lat="38.71880049817264080047607421875" lon="112.7635305561125278472900390625">
        <ele>798.5999755859375</ele>
        <time>2026-08-28T03:22:03.000Z</time>
        <extensions>
          <ns3:TrackPointExtension>
            <ns3:hr>155</ns3:hr>
            <ns3:cad>94</ns3:cad>
          </ns3:TrackPointExtension>
        </extensions>
      </trkpt>
      <trkpt lat="38.7188205309212207794189453125" lon="112.76347883976995944976806640625">
        <ele>798.5999755859375</ele>
        <time>2026-08-28T03:22:04.000Z</time>
        <extensions>
          <ns3:TrackPointExtension>
            <ns3:hr>156</ns3:hr>
            <ns3:cad>95</ns3:cad>
          </ns3:TrackPointExtension>
        </extensions>
      </trkpt>
      <trkpt lat="38.71883234940469264984130859375" lon="112.76343324221670627593994140625">
        <ele>798.5999755859375</ele>
        <time>2026-08-28T03:22:05.000Z</time>
        <extensions>
          <ns3:TrackPointExtension>
            <ns3:hr>157</ns3:hr>
            <ns3:cad>95</ns3:cad>
          </ns3:TrackPointExtension>
        </extensions>
      </trkpt>
      <trkpt lat="38.7188446708023548126220703125" lon="112.76338714174926280975341796875">
        <ele>798.4000244140625</ele>
        <time>2026-08-28T03:22:06.000Z</time>
        <extensions>
          <ns3:TrackPointExtension>
            <ns3:hr>158</ns3:hr>
            <ns3:cad>95</ns3:cad>
          </ns3:TrackPointExtension>
        </extensions>
      </trkpt>
      <trkpt lat="38.71885665692389011383056640625" lon="112.76332997716963291168212890625">
        <ele>798.4000244140625</ele>
        <time>2026-08-28T03:22:07.000Z</time>
        <extensions>
          <ns3:TrackPointExtension>
            <ns3:hr>159</ns3:hr>
            <ns3:cad>95</ns3:cad>
          </ns3:TrackPointExtension>
        </extensions>
      </trkpt>
      <trkpt lat="38.71885816566646099090576171875" lon="112.76328588835895061492919921875">
        <ele>798.4000244140625</ele>
        <time>2026-08-28T03:22:08.000Z</time>
        <extensions>
          <ns3:TrackPointExtension>
            <ns3:hr>160</ns3:hr>
            <ns3:cad>95</ns3:cad>
          </ns3:TrackPointExtension>
        </extensions>
      </trkpt>
      <trkpt lat="38.7188738398253917694091796875" lon="112.7632321603596210479736328125">
        <ele>798.4000244140625</ele>
        <time>2026-08-28T03:22:09.000Z</time>
        <extensions>
          <ns3:TrackPointExtension>
            <ns3:hr>162</ns3:hr>
            <ns3:cad>95</ns3:cad>
          </ns3:TrackPointExtension>
        </extensions>
      </trkpt>
      <trkpt lat="38.7188828922808170318603515625" lon="112.7631879039108753204345703125">
        <ele>798.5999755859375</ele>
        <time>2026-08-28T03:22:10.000Z</time>
        <extensions>
          <ns3:TrackPointExtension>
            <ns3:hr>163</ns3:hr>
            <ns3:cad>96</ns3:cad>
          </ns3:TrackPointExtension>
        </extensions>
      </trkpt>
      <trkpt lat="38.718898482620716094970703125" lon="112.7631443180143833160400390625">
        <ele>798.5999755859375</ele>
        <time>2026-08-28T03:22:11.000Z</time>
        <extensions>
          <ns3:TrackPointExtension>
            <ns3:hr>164</ns3:hr>
            <ns3:cad>96</ns3:cad>
          </ns3:TrackPointExtension>
        </extensions>
      </trkpt>
      <trkpt lat="38.71891180984675884246826171875" lon="112.76309880428016185760498046875">
        <ele>798.5999755859375</ele>
        <time>2026-08-28T03:22:12.000Z</time>
        <extensions>
          <ns3:TrackPointExtension>
            <ns3:hr>165</ns3:hr>
            <ns3:cad>95</ns3:cad>
          </ns3:TrackPointExtension>
        </extensions>
      </trkpt>
      <trkpt lat="38.718920610845088958740234375" lon="112.76305153034627437591552734375">
        <ele>798.5999755859375</ele>
        <time>2026-08-28T03:22:13.000Z</time>
        <extensions>
          <ns3:TrackPointExtension>
            <ns3:hr>167</ns3:hr>
            <ns3:cad>95</ns3:cad>
          </ns3:TrackPointExtension>
        </extensions>
      </trkpt>
      <trkpt lat="38.71893678791821002960205078125" lon="112.76299553923308849334716796875">
        <ele>798.5999755859375</ele>
        <time>2026-08-28T03:22:14.000Z</time>
        <extensions>
          <ns3:TrackPointExtension>
            <ns3:hr>168</ns3:hr>
            <ns3:cad>96</ns3:cad>
          </ns3:TrackPointExtension>
        </extensions>
      </trkpt>
      <trkpt lat="38.71894349344074726104736328125" lon="112.76295681484043598175048828125">
        <ele>798.79998779296875</ele>
        <time>2026-08-28T03:22:15.000Z</time>
        <extensions>
          <ns3:TrackPointExtension>
            <ns3:hr>169</ns3:hr>
            <ns3:cad>96</ns3:cad>
          </ns3:TrackPointExtension>
        </extensions>
      </trkpt>
      <trkpt lat="38.7189589999616146087646484375" lon="112.7629042603075504302978515625">
        <ele>798.79998779296875</ele>
        <time>2026-08-28T03:22:16.000Z</time>
        <extensions>
          <ns3:TrackPointExtension>
            <ns3:hr>170</ns3:hr>
            <ns3:cad>96</ns3:cad>
          </ns3:TrackPointExtension>
        </extensions>
      </trkpt>
      <trkpt lat="38.7189673818647861480712890625" lon="112.76285790838301181793212890625">
        <ele>798.79998779296875</ele>
        <time>2026-08-28T03:22:17.000Z</time>
        <extensions>
          <ns3:TrackPointExtension>
            <ns3:hr>170</ns3:hr>
            <ns3:cad>95</ns3:cad>
          </ns3:TrackPointExtension>
        </extensions>
      </trkpt>
      <trkpt lat="38.718975596129894256591796875" lon="112.76281549595296382904052734375">
        <ele>798.79998779296875</ele>
        <time>2026-08-28T03:22:18.000Z</time>
        <extensions>
          <ns3:TrackPointExtension>
            <ns3:hr>171</ns3:hr>
            <ns3:cad>95</ns3:cad>
          </ns3:TrackPointExtension>
        </extensions>
      </trkpt>
      <trkpt lat="38.71898774988949298858642578125" lon="112.76275925338268280029296875">
        <ele>798.79998779296875</ele>
        <time>2026-08-28T03:22:19.000Z</time>
        <extensions>
          <ns3:TrackPointExtension>
            <ns3:hr>172</ns3:hr>
            <ns3:cad>95</ns3:cad>
          </ns3:TrackPointExtension>
        </extensions>
      </trkpt>
      <trkpt lat="38.71899001300334930419921875" lon="112.7627148292958736419677734375">
        <ele>798.79998779296875</ele>
        <time>2026-08-28T03:22:20.000Z</time>
        <extensions>
          <ns3:TrackPointExtension>
            <ns3:hr>173</ns3:hr>
            <ns3:cad>95</ns3:cad>
          </ns3:TrackPointExtension>
        </extensions>
      </trkpt>
      <trkpt lat="38.71900836937129497528076171875" lon="112.7626618556678295135498046875">
        <ele>798.79998779296875</ele>
        <time>2026-08-28T03:22:21.000Z</time>
        <extensions>
          <ns3:TrackPointExtension>
            <ns3:hr>173</ns3:hr>
            <ns3:cad>95</ns3:cad>
          </ns3:TrackPointExtension>
        </extensions>
      </trkpt>
      <trkpt lat="38.71901859529316425323486328125" lon="112.762613408267498016357421875">
        <ele>798.79998779296875</ele>
        <time>2026-08-28T03:22:22.000Z</time>
        <extensions>
          <ns3:TrackPointExtension>
            <ns3:hr>174</ns3:hr>
            <ns3:cad>96</ns3:cad>
          </ns3:TrackPointExtension>
        </extensions>
      </trkpt>
      <trkpt lat="38.7190243788063526153564453125" lon="112.7625735104084014892578125">
        <ele>798.79998779296875</ele>
        <time>2026-08-28T03:22:23.000Z</time>
        <extensions>
          <ns3:TrackPointExtension>
            <ns3:hr>175</ns3:hr>
            <ns3:cad>96</ns3:cad>
          </ns3:TrackPointExtension>
        </extensions>
      </trkpt>
      <trkpt lat="38.71904022060334682464599609375" lon="112.7625210396945476531982421875">
        <ele>798.79998779296875</ele>
        <time>2026-08-28T03:22:24.000Z</time>
        <extensions>
          <ns3:TrackPointExtension>
            <ns3:hr>175</ns3:hr>
            <ns3:cad>96</ns3:cad>
          </ns3:TrackPointExtension>
        </extensions>
      </trkpt>
      <trkpt lat="38.7190510332584381103515625" lon="112.762476615607738494873046875">
        <ele>798.79998779296875</ele>
        <time>2026-08-28T03:22:25.000Z</time>
        <extensions>
          <ns3:TrackPointExtension>
            <ns3:hr>176</ns3:hr>
            <ns3:cad>95</ns3:cad>
          </ns3:TrackPointExtension>
        </extensions>
      </trkpt>
      <trkpt lat="38.71906905435025691986083984375" lon="112.7624268271028995513916015625">
        <ele>798.79998779296875</ele>
        <time>2026-08-28T03:22:26.000Z</time>
        <extensions>
          <ns3:TrackPointExtension>
            <ns3:hr>177</ns3:hr>
            <ns3:cad>95</ns3:cad>
          </ns3:TrackPointExtension>
        </extensions>
      </trkpt>
      <trkpt lat="38.71907743625342845916748046875" lon="112.76238449849188327789306640625">
        <ele>798.79998779296875</ele>
        <time>2026-08-28T03:22:27.000Z</time>
        <extensions>
          <ns3:TrackPointExtension>
            <ns3:hr>177</ns3:hr>
            <ns3:cad>96</ns3:cad>
          </ns3:TrackPointExtension>
        </extensions>
      </trkpt>
      <trkpt lat="38.71909168548882007598876953125" lon="112.7623389847576618194580078125">
        <ele>798.79998779296875</ele>
        <time>2026-08-28T03:22:28.000Z</time>
        <extensions>
          <ns3:TrackPointExtension>
            <ns3:hr>178</ns3:hr>
            <ns3:cad>96</ns3:cad>
          </ns3:TrackPointExtension>
        </extensions>
      </trkpt>
      <trkpt lat="38.719106353819370269775390625" lon="112.76229129172861576080322265625">
        <ele>798.79998779296875</ele>
        <time>2026-08-28T03:22:29.000Z</time>
        <extensions>
          <ns3:TrackPointExtension>
            <ns3:hr>179</ns3:hr>
            <ns3:cad>96</ns3:cad>
          </ns3:TrackPointExtension>
        </extensions>
      </trkpt>
      <trkpt lat="38.7191132269799709320068359375" lon="112.762254662811756134033203125">
        <ele>798.5999755859375</ele>
        <time>2026-08-28T03:22:30.000Z</time>
        <extensions>
          <ns3:TrackPointExtension>
            <ns3:hr>181</ns3:hr>
            <ns3:cad>96</ns3:cad>
          </ns3:TrackPointExtension>
        </extensions>
      </trkpt>
      <trkpt lat="38.7191296555101871490478515625" lon="112.762196995317935943603515625">
        <ele>798.79998779296875</ele>
        <time>2026-08-28T03:22:31.000Z</time>
        <extensions>
          <ns3:TrackPointExtension>
            <ns3:hr>182</ns3:hr>
            <ns3:cad>96</ns3:cad>
          </ns3:TrackPointExtension>
        </extensions>
      </trkpt>
      <trkpt lat="38.71913577429950237274169921875" lon="112.7621572650969028472900390625">
        <ele>798.79998779296875</ele>
        <time>2026-08-28T03:22:32.000Z</time>
        <extensions>
          <ns3:TrackPointExtension>
            <ns3:hr>182</ns3:hr>
            <ns3:cad>95</ns3:cad>
          </ns3:TrackPointExtension>
        </extensions>
      </trkpt>
      <trkpt lat="38.71915169991552829742431640625" lon="112.76210772804915904998779296875">
        <ele>798.79998779296875</ele>
        <time>2026-08-28T03:22:33.000Z</time>
        <extensions>
          <ns3:TrackPointExtension>
            <ns3:hr>182</ns3:hr>
            <ns3:cad>93</ns3:cad>
          </ns3:TrackPointExtension>
        </extensions>
      </trkpt>
      <trkpt lat="38.719162009656429290771484375" lon="112.76206196285784244537353515625">
        <ele>798.79998779296875</ele>
        <time>2026-08-28T03:22:34.000Z</time>
        <extensions>
          <ns3:TrackPointExtension>
            <ns3:hr>182</ns3:hr>
            <ns3:cad>93</ns3:cad>
          </ns3:TrackPointExtension>
        </extensions>
      </trkpt>
      <trkpt lat="38.7191749177873134613037109375" lon="112.762016952037811279296875">
        <ele>798.79998779296875</ele>
        <time>2026-08-28T03:22:35.000Z</time>
        <extensions>
          <ns3:TrackPointExtension>
            <ns3:hr>181</ns3:hr>
            <ns3:cad>94</ns3:cad>
          </ns3:TrackPointExtension>
        </extensions>
      </trkpt>
      <trkpt lat="38.71918841265141963958740234375" lon="112.7619628049433231353759765625">
        <ele>798.79998779296875</ele>
        <time>2026-08-28T03:22:36.000Z</time>
        <extensions>
          <ns3:TrackPointExtension>
            <ns3:hr>182</ns3:hr>
            <ns3:cad>95</ns3:cad>
          </ns3:TrackPointExtension>
        </extensions>
      </trkpt>
      <trkpt lat="38.7191905081272125244140625" lon="112.7619175426661968231201171875">
        <ele>798.79998779296875</ele>
        <time>2026-08-28T03:22:37.000Z</time>
        <extensions>
          <ns3:TrackPointExtension>
            <ns3:hr>182</ns3:hr>
            <ns3:cad>95</ns3:cad>
          </ns3:TrackPointExtension>
        </extensions>
      </trkpt>
      <trkpt lat="38.719204254448413848876953125" lon="112.7618608810007572174072265625">
        <ele>799</ele>
        <time>2026-08-28T03:22:38.000Z</time>
        <extensions>
          <ns3:TrackPointExtension>
            <ns3:hr>182</ns3:hr>
            <ns3:cad>95</ns3:cad>
          </ns3:TrackPointExtension>
        </extensions>
      </trkpt>
      <trkpt lat="38.7192117981612682342529296875" lon="112.76181369088590145111083984375">
        <ele>799</ele>
        <time>2026-08-28T03:22:39.000Z</time>
        <extensions>
          <ns3:TrackPointExtension>
            <ns3:hr>182</ns3:hr>
            <ns3:cad>95</ns3:cad>
          </ns3:TrackPointExtension>
        </extensions>
      </trkpt>
      <trkpt lat="38.71921590529382228851318359375" lon="112.76176943443715572357177734375">
        <ele>799</ele>
        <time>2026-08-28T03:22:40.000Z</time>
        <extensions>
          <ns3:TrackPointExtension>
            <ns3:hr>182</ns3:hr>
            <ns3:cad>95</ns3:cad>
          </ns3:TrackPointExtension>
        </extensions>
      </trkpt>
      <trkpt lat="38.71922931633889675140380859375" lon="112.761713527143001556396484375">
        <ele>799</ele>
        <time>2026-08-28T03:22:41.000Z</time>
        <extensions>
          <ns3:TrackPointExtension>
            <ns3:hr>182</ns3:hr>
            <ns3:cad>95</ns3:cad>
          </ns3:TrackPointExtension>
        </extensions>
      </trkpt>
      <trkpt lat="38.71923434548079967498779296875" lon="112.7616734616458415985107421875">
        <ele>799</ele>
        <time>2026-08-28T03:22:42.000Z</time>
        <extensions>
          <ns3:TrackPointExtension>
            <ns3:hr>183</ns3:hr>
            <ns3:cad>95</ns3:cad>
          </ns3:TrackPointExtension>
        </extensions>
      </trkpt>
      <trkpt lat="38.71924792416393756866455078125" lon="112.76162761263549327850341796875">
        <ele>799</ele>
        <time>2026-08-28T03:22:43.000Z</time>
        <extensions>
          <ns3:TrackPointExtension>
            <ns3:hr>183</ns3:hr>
            <ns3:cad>95</ns3:cad>
          </ns3:TrackPointExtension>
        </extensions>
      </trkpt>
      <trkpt lat="38.719249852001667022705078125" lon="112.7615946717560291290283203125">
        <ele>799</ele>
        <time>2026-08-28T03:22:44.000Z</time>
        <extensions>
          <ns3:TrackPointExtension>
            <ns3:hr>183</ns3:hr>
            <ns3:cad>95</ns3:cad>
          </ns3:TrackPointExtension>
        </extensions>
      </trkpt>
      <trkpt lat="38.719259910285472869873046875" lon="112.7615601383149623870849609375">
        <ele>799</ele>
        <time>2026-08-28T03:22:45.000Z</time>
        <extensions>
          <ns3:TrackPointExtension>
            <ns3:hr>183</ns3:hr>
            <ns3:cad>95</ns3:cad>
          </ns3:TrackPointExtension>
        </extensions>
      </trkpt>
      <trkpt lat="38.7192637659609317779541015625" lon="112.76153222657740116119384765625">
        <ele>799</ele>
        <time>2026-08-28T03:22:46.000Z</time>
        <extensions>
          <ns3:TrackPointExtension>
            <ns3:hr>182</ns3:hr>
            <ns3:cad>95</ns3:cad>
          </ns3:TrackPointExtension>
        </extensions>
      </trkpt>
      <trkpt lat="38.71927876956760883331298828125" lon="112.76150138117372989654541015625">
        <ele>799</ele>
        <time>2026-08-28T03:22:47.000Z</time>
        <extensions>
          <ns3:TrackPointExtension>
            <ns3:hr>183</ns3:hr>
            <ns3:cad>95</ns3:cad>
          </ns3:TrackPointExtension>
        </extensions>
      </trkpt>
      <trkpt lat="38.71928312815725803375244140625" lon="112.76147757656872272491455078125">
        <ele>799</ele>
        <time>2026-08-28T03:22:48.000Z</time>
        <extensions>
          <ns3:TrackPointExtension>
            <ns3:hr>183</ns3:hr>
            <ns3:cad>95</ns3:cad>
          </ns3:TrackPointExtension>
        </extensions>
      </trkpt>
      <trkpt lat="38.71929519809782505035400390625" lon="112.7614494971930980682373046875">
        <ele>799</ele>
        <time>2026-08-28T03:22:49.000Z</time>
        <extensions>
          <ns3:TrackPointExtension>
            <ns3:hr>183</ns3:hr>
            <ns3:cad>95</ns3:cad>
          </ns3:TrackPointExtension>
        </extensions>
      </trkpt>
      <trkpt lat="38.71929754503071308135986328125" lon="112.7614293806254863739013671875">
        <ele>799</ele>
        <time>2026-08-28T03:22:50.000Z</time>
        <extensions>
          <ns3:TrackPointExtension>
            <ns3:hr>183</ns3:hr>
            <ns3:cad>95</ns3:cad>
          </ns3:TrackPointExtension>
        </extensions>
      </trkpt>
      <trkpt lat="38.71930760331451892852783203125" lon="112.76140272617340087890625">
        <ele>799</ele>
        <time>2026-08-28T03:22:51.000Z</time>
        <extensions>
          <ns3:TrackPointExtension>
            <ns3:hr>182</ns3:hr>
            <ns3:cad>95</ns3:cad>
          </ns3:TrackPointExtension>
        </extensions>
      </trkpt>
      <trkpt lat="38.7193071842193603515625" lon="112.76138252578675746917724609375">
        <ele>799</ele>
        <time>2026-08-28T03:22:52.000Z</time>
        <extensions>
          <ns3:TrackPointExtension>
            <ns3:hr>181</ns3:hr>
            <ns3:cad>90</ns3:cad>
          </ns3:TrackPointExtension>
        </extensions>
      </trkpt>
      <trkpt lat="38.7193160690367221832275390625" lon="112.7613557875156402587890625">
        <ele>799</ele>
        <time>2026-08-28T03:22:53.000Z</time>
        <extensions>
          <ns3:TrackPointExtension>
            <ns3:hr>181</ns3:hr>
            <ns3:cad>89</ns3:cad>
          </ns3:TrackPointExtension>
        </extensions>
      </trkpt>
      <trkpt lat="38.71931682340800762176513671875" lon="112.7613355033099651336669921875">
        <ele>799</ele>
        <time>2026-08-28T03:22:54.000Z</time>
        <extensions>
          <ns3:TrackPointExtension>
            <ns3:hr>180</ns3:hr>
            <ns3:cad>89</ns3:cad>
          </ns3:TrackPointExtension>
        </extensions>
      </trkpt>
      <trkpt lat="38.719328306615352630615234375" lon="112.761309184134006500244140625">
        <ele>799</ele>
        <time>2026-08-28T03:22:55.000Z</time>
        <extensions>
          <ns3:TrackPointExtension>
            <ns3:hr>180</ns3:hr>
            <ns3:cad>89</ns3:cad>
          </ns3:TrackPointExtension>
        </extensions>
      </trkpt>
      <trkpt lat="38.7193298153579235076904296875" lon="112.76128781028091907501220703125">
        <ele>799</ele>
        <time>2026-08-28T03:22:56.000Z</time>
        <extensions>
          <ns3:TrackPointExtension>
            <ns3:hr>179</ns3:hr>
            <ns3:cad>91</ns3:cad>
          </ns3:TrackPointExtension>
        </extensions>
      </trkpt>
      <trkpt lat="38.71933962218463420867919921875" lon="112.76126031763851642608642578125">
        <ele>799</ele>
        <time>2026-08-28T03:22:57.000Z</time>
        <extensions>
          <ns3:TrackPointExtension>
            <ns3:hr>179</ns3:hr>
            <ns3:cad>91</ns3:cad>
          </ns3:TrackPointExtension>
        </extensions>
      </trkpt>
      <trkpt lat="38.7193405441939830780029296875" lon="112.761237435042858123779296875">
        <ele>799</ele>
        <time>2026-08-28T03:22:58.000Z</time>
        <extensions>
          <ns3:TrackPointExtension>
            <ns3:hr>178</ns3:hr>
            <ns3:cad>91</ns3:cad>
          </ns3:TrackPointExtension>
        </extensions>
      </trkpt>
      <trkpt lat="38.71935085393488407135009765625" lon="112.7612109482288360595703125">
        <ele>799</ele>
        <time>2026-08-28T03:22:59.000Z</time>
        <extensions>
          <ns3:TrackPointExtension>
            <ns3:hr>177</ns3:hr>
            <ns3:cad>90</ns3:cad>
          </ns3:TrackPointExtension>
        </extensions>
      </trkpt>
      <trkpt lat="38.71935211122035980224609375" lon="112.7611842937767505645751953125">
        <ele>799.20001220703125</ele>
        <time>2026-08-28T03:23:00.000Z</time>
        <extensions>
          <ns3:TrackPointExtension>
            <ns3:hr>177</ns3:hr>
            <ns3:cad>90</ns3:cad>
          </ns3:TrackPointExtension>
        </extensions>
      </trkpt>
      <trkpt lat="38.71935923583805561065673828125" lon="112.76115939952433109283447265625">
        <ele>799</ele>
        <time>2026-08-28T03:23:01.000Z</time>
        <extensions>
          <ns3:TrackPointExtension>
            <ns3:hr>176</ns3:hr>
            <ns3:cad>91</ns3:cad>
          </ns3:TrackPointExtension>
        </extensions>
      </trkpt>
      <trkpt lat="38.71936426497995853424072265625" lon="112.76113190688192844390869140625">
        <ele>799.20001220703125</ele>
        <time>2026-08-28T03:23:02.000Z</time>
        <extensions>
          <ns3:TrackPointExtension>
            <ns3:hr>175</ns3:hr>
            <ns3:cad>92</ns3:cad>
          </ns3:TrackPointExtension>
        </extensions>
      </trkpt>
      <trkpt lat="38.719370551407337188720703125" lon="112.76110944338142871856689453125">
        <ele>799.20001220703125</ele>
        <time>2026-08-28T03:23:03.000Z</time>
        <extensions>
          <ns3:TrackPointExtension>
            <ns3:hr>175</ns3:hr>
            <ns3:cad>93</ns3:cad>
          </ns3:TrackPointExtension>
        </extensions>
      </trkpt>
      <trkpt lat="38.71937767602503299713134765625" lon="112.7610830403864383697509765625">
        <ele>799.20001220703125</ele>
        <time>2026-08-28T03:23:04.000Z</time>
        <extensions>
          <ns3:TrackPointExtension>
            <ns3:hr>174</ns3:hr>
            <ns3:cad>93</ns3:cad>
          </ns3:TrackPointExtension>
        </extensions>
      </trkpt>
      <trkpt lat="38.7193801067769527435302734375" lon="112.76106409728527069091796875">
        <ele>799</ele>
        <time>2026-08-28T03:23:05.000Z</time>
        <extensions>
          <ns3:TrackPointExtension>
            <ns3:hr>174</ns3:hr>
            <ns3:cad>93</ns3:cad>
          </ns3:TrackPointExtension>
        </extensions>
      </trkpt>
      <trkpt lat="38.7193868122994899749755859375" lon="112.761038951575756072998046875">
        <ele>799</ele>
        <time>2026-08-28T03:23:06.000Z</time>
        <extensions>
          <ns3:TrackPointExtension>
            <ns3:hr>173</ns3:hr>
            <ns3:cad>93</ns3:cad>
          </ns3:TrackPointExtension>
        </extensions>
      </trkpt>
      <trkpt lat="38.71938907541334629058837890625" lon="112.7610196731984615325927734375">
        <ele>799</ele>
        <time>2026-08-28T03:23:07.000Z</time>
        <extensions>
          <ns3:TrackPointExtension>
            <ns3:hr>173</ns3:hr>
            <ns3:cad>91</ns3:cad>
          </ns3:TrackPointExtension>
        </extensions>
      </trkpt>
      <trkpt lat="38.719396702945232391357421875" lon="112.7609948627650737762451171875">
        <ele>799</ele>
        <time>2026-08-28T03:23:08.000Z</time>
        <extensions>
          <ns3:TrackPointExtension>
            <ns3:hr>173</ns3:hr>
            <ns3:cad>91</ns3:cad>
          </ns3:TrackPointExtension>
        </extensions>
      </trkpt>
      <trkpt lat="38.719398714601993560791015625" lon="112.760975919663906097412109375">
        <ele>799.20001220703125</ele>
        <time>2026-08-28T03:23:09.000Z</time>
        <extensions>
          <ns3:TrackPointExtension>
            <ns3:hr>173</ns3:hr>
            <ns3:cad>92</ns3:cad>
          </ns3:TrackPointExtension>
        </extensions>
      </trkpt>
      <trkpt lat="38.71940718032419681549072265625" lon="112.760947756469249725341796875">
        <ele>799.20001220703125</ele>
        <time>2026-08-28T03:23:10.000Z</time>
        <extensions>
          <ns3:TrackPointExtension>
            <ns3:hr>172</ns3:hr>
            <ns3:cad>92</ns3:cad>
          </ns3:TrackPointExtension>
        </extensions>
      </trkpt>
      <trkpt lat="38.71940902434289455413818359375" lon="112.76092655025422573089599609375">
        <ele>799.20001220703125</ele>
        <time>2026-08-28T03:23:11.000Z</time>
        <extensions>
          <ns3:TrackPointExtension>
            <ns3:hr>172</ns3:hr>
            <ns3:cad>92</ns3:cad>
          </ns3:TrackPointExtension>
        </extensions>
      </trkpt>
      <trkpt lat="38.7194186635315418243408203125" lon="112.76089872233569622039794921875">
        <ele>799.20001220703125</ele>
        <time>2026-08-28T03:23:12.000Z</time>
        <extensions>
          <ns3:TrackPointExtension>
            <ns3:hr>172</ns3:hr>
            <ns3:cad>92</ns3:cad>
          </ns3:TrackPointExtension>
        </extensions>
      </trkpt>
      <trkpt lat="38.7194213457405567169189453125" lon="112.76087810285389423370361328125">
        <ele>799.20001220703125</ele>
        <time>2026-08-28T03:23:13.000Z</time>
        <extensions>
          <ns3:TrackPointExtension>
            <ns3:hr>172</ns3:hr>
            <ns3:cad>92</ns3:cad>
          </ns3:TrackPointExtension>
        </extensions>
      </trkpt>
      <trkpt lat="38.71943182311952114105224609375" lon="112.760853879153728485107421875">
        <ele>799.20001220703125</ele>
        <time>2026-08-28T03:23:14.000Z</time>
        <extensions>
          <ns3:TrackPointExtension>
            <ns3:hr>171</ns3:hr>
            <ns3:cad>90</ns3:cad>
          </ns3:TrackPointExtension>
        </extensions>
      </trkpt>
      <trkpt lat="38.71943484060466289520263671875" lon="112.76083233766257762908935546875">
        <ele>799.20001220703125</ele>
        <time>2026-08-28T03:23:15.000Z</time>
        <extensions>
          <ns3:TrackPointExtension>
            <ns3:hr>172</ns3:hr>
            <ns3:cad>90</ns3:cad>
          </ns3:TrackPointExtension>
        </extensions>
      </trkpt>
      <trkpt lat="38.71944129467010498046875" lon="112.76080987416207790374755859375">
        <ele>799.20001220703125</ele>
        <time>2026-08-28T03:23:16.000Z</time>
        <extensions>
          <ns3:TrackPointExtension>
            <ns3:hr>172</ns3:hr>
            <ns3:cad>91</ns3:cad>
          </ns3:TrackPointExtension>
        </extensions>
      </trkpt>
      <trkpt lat="38.71944255195558071136474609375" lon="112.76078908704221248626708984375">
        <ele>799.20001220703125</ele>
        <time>2026-08-28T03:23:17.000Z</time>
        <extensions>
          <ns3:TrackPointExtension>
            <ns3:hr>173</ns3:hr>
            <ns3:cad>93</ns3:cad>
          </ns3:TrackPointExtension>
        </extensions>
      </trkpt>
      <trkpt lat="38.719451017677783966064453125" lon="112.7607665397226810455322265625">
        <ele>799.20001220703125</ele>
        <time>2026-08-28T03:23:18.000Z</time>
        <extensions>
          <ns3:TrackPointExtension>
            <ns3:hr>173</ns3:hr>
            <ns3:cad>93</ns3:cad>
          </ns3:TrackPointExtension>
        </extensions>
      </trkpt>
      <trkpt lat="38.719455040991306304931640625" lon="112.760746590793132781982421875">
        <ele>799.20001220703125</ele>
        <time>2026-08-28T03:23:19.000Z</time>
        <extensions>
          <ns3:TrackPointExtension>
            <ns3:hr>172</ns3:hr>
            <ns3:cad>93</ns3:cad>
          </ns3:TrackPointExtension>
        </extensions>
      </trkpt>
      <trkpt lat="38.719465434551239013671875" lon="112.76072404347360134124755859375">
        <ele>799.20001220703125</ele>
        <time>2026-08-28T03:23:20.000Z</time>
        <extensions>
          <ns3:TrackPointExtension>
            <ns3:hr>171</ns3:hr>
            <ns3:cad>92</ns3:cad>
          </ns3:TrackPointExtension>
        </extensions>
      </trkpt>
      <trkpt lat="38.719468452036380767822265625" lon="112.760703004896640777587890625">
        <ele>799.20001220703125</ele>
        <time>2026-08-28T03:23:21.000Z</time>
        <extensions>
          <ns3:TrackPointExtension>
            <ns3:hr>171</ns3:hr>
            <ns3:cad>92</ns3:cad>
          </ns3:TrackPointExtension>
        </extensions>
      </trkpt>
      <trkpt lat="38.71947691775858402252197265625" lon="112.76068045757710933685302734375">
        <ele>799.20001220703125</ele>
        <time>2026-08-28T03:23:22.000Z</time>
        <extensions>
          <ns3:TrackPointExtension>
            <ns3:hr>171</ns3:hr>
            <ns3:cad>91</ns3:cad>
          </ns3:TrackPointExtension>
        </extensions>
      </trkpt>
      <trkpt lat="38.71947892941534519195556640625" lon="112.76065640151500701904296875">
        <ele>799.20001220703125</ele>
        <time>2026-08-28T03:23:23.000Z</time>
        <extensions>
          <ns3:TrackPointExtension>
            <ns3:hr>170</ns3:hr>
            <ns3:cad>91</ns3:cad>
          </ns3:TrackPointExtension>
        </extensions>
      </trkpt>
      <trkpt lat="38.71948488056659698486328125" lon="112.76063318364322185516357421875">
        <ele>799.20001220703125</ele>
        <time>2026-08-28T03:23:24.000Z</time>
        <extensions>
          <ns3:TrackPointExtension>
            <ns3:hr>171</ns3:hr>
            <ns3:cad>92</ns3:cad>
          </ns3:TrackPointExtension>
        </extensions>
      </trkpt>
      <trkpt lat="38.71948898769915103912353515625" lon="112.7606092952191829681396484375">
        <ele>799.20001220703125</ele>
        <time>2026-08-28T03:23:25.000Z</time>
        <extensions>
          <ns3:TrackPointExtension>
            <ns3:hr>171</ns3:hr>
            <ns3:cad>92</ns3:cad>
          </ns3:TrackPointExtension>
        </extensions>
      </trkpt>
      <trkpt lat="38.719494603574275970458984375" lon="112.76058934628963470458984375">
        <ele>799.20001220703125</ele>
        <time>2026-08-28T03:23:26.000Z</time>
        <extensions>
          <ns3:TrackPointExtension>
            <ns3:hr>170</ns3:hr>
            <ns3:cad>92</ns3:cad>
          </ns3:TrackPointExtension>
        </extensions>
      </trkpt>
      <trkpt lat="38.71950206346809864044189453125" lon="112.76056277565658092498779296875">
        <ele>799.20001220703125</ele>
        <time>2026-08-28T03:23:27.000Z</time>
        <extensions>
          <ns3:TrackPointExtension>
            <ns3:hr>170</ns3:hr>
            <ns3:cad>90</ns3:cad>
          </ns3:TrackPointExtension>
        </extensions>
      </trkpt>
      <trkpt lat="38.71950323693454265594482421875" lon="112.7605403959751129150390625">
        <ele>799.20001220703125</ele>
        <time>2026-08-28T03:23:28.000Z</time>
        <extensions>
          <ns3:TrackPointExtension>
            <ns3:hr>170</ns3:hr>
            <ns3:cad>90</ns3:cad>
          </ns3:TrackPointExtension>
        </extensions>
      </trkpt>
      <trkpt lat="38.71951094828546047210693359375" lon="112.7605181001126766204833984375">
        <ele>799.20001220703125</ele>
        <time>2026-08-28T03:23:29.000Z</time>
        <extensions>
          <ns3:TrackPointExtension>
            <ns3:hr>168</ns3:hr>
            <ns3:cad>91</ns3:cad>
          </ns3:TrackPointExtension>
        </extensions>
      </trkpt>
      <trkpt lat="38.719514720141887664794921875" lon="112.7604973129928112030029296875">
        <ele>799.20001220703125</ele>
        <time>2026-08-28T03:23:30.000Z</time>
        <extensions>
          <ns3:TrackPointExtension>
            <ns3:hr>167</ns3:hr>
            <ns3:cad>93</ns3:cad>
          </ns3:TrackPointExtension>
        </extensions>
      </trkpt>
      <trkpt lat="38.71952243149280548095703125" lon="112.7604760229587554931640625">
        <ele>799.4000244140625</ele>
        <time>2026-08-28T03:23:31.000Z</time>
        <extensions>
          <ns3:TrackPointExtension>
            <ns3:hr>166</ns3:hr>
            <ns3:cad>93</ns3:cad>
          </ns3:TrackPointExtension>
        </extensions>
      </trkpt>
      <trkpt lat="38.7195272929966449737548828125" lon="112.76045615784823894500732421875">
        <ele>799.4000244140625</ele>
        <time>2026-08-28T03:23:32.000Z</time>
        <extensions>
          <ns3:TrackPointExtension>
            <ns3:hr>165</ns3:hr>
            <ns3:cad>93</ns3:cad>
          </ns3:TrackPointExtension>
        </extensions>
      </trkpt>
      <trkpt lat="38.71953408233821392059326171875" lon="112.76043537072837352752685546875">
        <ele>799.4000244140625</ele>
        <time>2026-08-28T03:23:33.000Z</time>
        <extensions>
          <ns3:TrackPointExtension>
            <ns3:hr>165</ns3:hr>
            <ns3:cad>93</ns3:cad>
          </ns3:TrackPointExtension>
        </extensions>
      </trkpt>
      <trkpt lat="38.71953458525240421295166015625" lon="112.760413326323032379150390625">
        <ele>799.4000244140625</ele>
        <time>2026-08-28T03:23:34.000Z</time>
        <extensions>
          <ns3:TrackPointExtension>
            <ns3:hr>164</ns3:hr>
            <ns3:cad>93</ns3:cad>
          </ns3:TrackPointExtension>
        </extensions>
      </trkpt>
      <trkpt lat="38.71954397298395633697509765625" lon="112.760385833680629730224609375">
        <ele>799.4000244140625</ele>
        <time>2026-08-28T03:23:35.000Z</time>
        <extensions>
          <ns3:TrackPointExtension>
            <ns3:hr>164</ns3:hr>
            <ns3:cad>92</ns3:cad>
          </ns3:TrackPointExtension>
        </extensions>
      </trkpt>
      <trkpt lat="38.71954581700265407562255859375" lon="112.760362364351749420166015625">
        <ele>799.4000244140625</ele>
        <time>2026-08-28T03:23:36.000Z</time>
        <extensions>
          <ns3:TrackPointExtension>
            <ns3:hr>164</ns3:hr>
            <ns3:cad>92</ns3:cad>
          </ns3:TrackPointExtension>
        </extensions>
      </trkpt>
      <trkpt lat="38.71955394744873046875" lon="112.7603417448699474334716796875">
        <ele>799.4000244140625</ele>
        <time>2026-08-28T03:23:37.000Z</time>
        <extensions>
          <ns3:TrackPointExtension>
            <ns3:hr>164</ns3:hr>
            <ns3:cad>92</ns3:cad>
          </ns3:TrackPointExtension>
        </extensions>
      </trkpt>
      <trkpt lat="38.71955688111484050750732421875" lon="112.7603199519217014312744140625">
        <ele>799.4000244140625</ele>
        <time>2026-08-28T03:23:38.000Z</time>
        <extensions>
          <ns3:TrackPointExtension>
            <ns3:hr>164</ns3:hr>
            <ns3:cad>92</ns3:cad>
          </ns3:TrackPointExtension>
        </extensions>
      </trkpt>
      <trkpt lat="38.7195658497512340545654296875" lon="112.7602981589734554290771484375">
        <ele>799.4000244140625</ele>
        <time>2026-08-28T03:23:39.000Z</time>
        <extensions>
          <ns3:TrackPointExtension>
            <ns3:hr>165</ns3:hr>
            <ns3:cad>92</ns3:cad>
          </ns3:TrackPointExtension>
        </extensions>
      </trkpt>
      <trkpt lat="38.71957071125507354736328125" lon="112.76027225889265537261962890625">
        <ele>799.4000244140625</ele>
        <time>2026-08-28T03:23:40.000Z</time>
        <extensions>
          <ns3:TrackPointExtension>
            <ns3:hr>164</ns3:hr>
            <ns3:cad>92</ns3:cad>
          </ns3:TrackPointExtension>
        </extensions>
      </trkpt>
      <trkpt lat="38.71957951225340366363525390625" lon="112.76024878956377506256103515625">
        <ele>799.4000244140625</ele>
        <time>2026-08-28T03:23:41.000Z</time>
        <extensions>
          <ns3:TrackPointExtension>
            <ns3:hr>164</ns3:hr>
            <ns3:cad>92</ns3:cad>
          </ns3:TrackPointExtension>
        </extensions>
      </trkpt>
      <trkpt lat="38.71958554722368717193603515625" lon="112.7602247335016727447509765625">
        <ele>799.4000244140625</ele>
        <time>2026-08-28T03:23:42.000Z</time>
        <extensions>
          <ns3:TrackPointExtension>
            <ns3:hr>164</ns3:hr>
            <ns3:cad>90</ns3:cad>
          </ns3:TrackPointExtension>
        </extensions>
      </trkpt>
      <trkpt lat="38.7195928394794464111328125" lon="112.76020553894340991973876953125">
        <ele>799.4000244140625</ele>
        <time>2026-08-28T03:23:43.000Z</time>
        <extensions>
          <ns3:TrackPointExtension>
            <ns3:hr>164</ns3:hr>
            <ns3:cad>90</ns3:cad>
          </ns3:TrackPointExtension>
        </extensions>
      </trkpt>
      <trkpt lat="38.71959895826876163482666015625" lon="112.76018190197646617889404296875">
        <ele>799.4000244140625</ele>
        <time>2026-08-28T03:23:44.000Z</time>
        <extensions>
          <ns3:TrackPointExtension>
            <ns3:hr>163</ns3:hr>
            <ns3:cad>91</ns3:cad>
          </ns3:TrackPointExtension>
        </extensions>
      </trkpt>
      <trkpt lat="38.7196035683155059814453125" lon="112.7601622045040130615234375">
        <ele>799.4000244140625</ele>
        <time>2026-08-28T03:23:45.000Z</time>
        <extensions>
          <ns3:TrackPointExtension>
            <ns3:hr>163</ns3:hr>
            <ns3:cad>92</ns3:cad>
          </ns3:TrackPointExtension>
        </extensions>
      </trkpt>
      <trkpt lat="38.719610273838043212890625" lon="112.76013747788965702056884765625">
        <ele>799.4000244140625</ele>
        <time>2026-08-28T03:23:46.000Z</time>
        <extensions>
          <ns3:TrackPointExtension>
            <ns3:hr>163</ns3:hr>
            <ns3:cad>92</ns3:cad>
          </ns3:TrackPointExtension>
        </extensions>
      </trkpt>
      <trkpt lat="38.71961303986608982086181640625" lon="112.76011593639850616455078125">
        <ele>799.20001220703125</ele>
        <time>2026-08-28T03:23:47.000Z</time>
        <extensions>
          <ns3:TrackPointExtension>
            <ns3:hr>163</ns3:hr>
            <ns3:cad>92</ns3:cad>
          </ns3:TrackPointExtension>
        </extensions>
      </trkpt>
      <trkpt lat="38.719621337950229644775390625" lon="112.7600899524986743927001953125">
        <ele>799.20001220703125</ele>
        <time>2026-08-28T03:23:48.000Z</time>
        <extensions>
          <ns3:TrackPointExtension>
            <ns3:hr>162</ns3:hr>
            <ns3:cad>91</ns3:cad>
          </ns3:TrackPointExtension>
        </extensions>
      </trkpt>
      <trkpt lat="38.71962477453052997589111328125" lon="112.76007008738815784454345703125">
        <ele>799.20001220703125</ele>
        <time>2026-08-28T03:23:49.000Z</time>
        <extensions>
          <ns3:TrackPointExtension>
            <ns3:hr>162</ns3:hr>
            <ns3:cad>91</ns3:cad>
          </ns3:TrackPointExtension>
        </extensions>
      </trkpt>
      <trkpt lat="38.719632066786289215087890625" lon="112.76004762388765811920166015625">
        <ele>799.4000244140625</ele>
        <time>2026-08-28T03:23:50.000Z</time>
        <extensions>
          <ns3:TrackPointExtension>
            <ns3:hr>161</ns3:hr>
            <ns3:cad>92</ns3:cad>
          </ns3:TrackPointExtension>
        </extensions>
      </trkpt>
      <trkpt lat="38.719634078443050384521484375" lon="112.7600265853106975555419921875">
        <ele>799.4000244140625</ele>
        <time>2026-08-28T03:23:51.000Z</time>
        <extensions>
          <ns3:TrackPointExtension>
            <ns3:hr>161</ns3:hr>
            <ns3:cad>92</ns3:cad>
          </ns3:TrackPointExtension>
        </extensions>
      </trkpt>
      <trkpt lat="38.71964455582201480865478515625" lon="112.7600021101534366607666015625">
        <ele>799.4000244140625</ele>
        <time>2026-08-28T03:23:52.000Z</time>
        <extensions>
          <ns3:TrackPointExtension>
            <ns3:hr>161</ns3:hr>
            <ns3:cad>93</ns3:cad>
          </ns3:TrackPointExtension>
        </extensions>
      </trkpt>
      <trkpt lat="38.7196483276784420013427734375" lon="112.7599824965000152587890625">
        <ele>799.4000244140625</ele>
        <time>2026-08-28T03:23:53.000Z</time>
        <extensions>
          <ns3:TrackPointExtension>
            <ns3:hr>160</ns3:hr>
            <ns3:cad>93</ns3:cad>
          </ns3:TrackPointExtension>
        </extensions>
      </trkpt>
      <trkpt lat="38.7196583859622478485107421875" lon="112.7599598653614521026611328125">
        <ele>799.4000244140625</ele>
        <time>2026-08-28T03:23:54.000Z</time>
        <extensions>
          <ns3:TrackPointExtension>
            <ns3:hr>160</ns3:hr>
            <ns3:cad>93</ns3:cad>
          </ns3:TrackPointExtension>
        </extensions>
      </trkpt>
      <trkpt lat="38.719658888876438140869140625" lon="112.759937904775142669677734375">
        <ele>799.20001220703125</ele>
        <time>2026-08-28T03:23:55.000Z</time>
        <extensions>
          <ns3:TrackPointExtension>
            <ns3:hr>160</ns3:hr>
            <ns3:cad>92</ns3:cad>
          </ns3:TrackPointExtension>
        </extensions>
      </trkpt>
      <trkpt lat="38.719664923846721649169921875" lon="112.7599152736365795135498046875">
        <ele>799.20001220703125</ele>
        <time>2026-08-28T03:23:56.000Z</time>
        <extensions>
          <ns3:TrackPointExtension>
            <ns3:hr>160</ns3:hr>
            <ns3:cad>92</ns3:cad>
          </ns3:TrackPointExtension>
        </extensions>
      </trkpt>
      <trkpt lat="38.7196711264550685882568359375" lon="112.7598884515464305877685546875">
        <ele>799.4000244140625</ele>
        <time>2026-08-28T03:23:57.000Z</time>
        <extensions>
          <ns3:TrackPointExtension>
            <ns3:hr>159</ns3:hr>
            <ns3:cad>92</ns3:cad>
          </ns3:TrackPointExtension>
        </extensions>
      </trkpt>
      <trkpt lat="38.71967825107276439666748046875" lon="112.75986741296947002410888671875">
        <ele>799.4000244140625</ele>
        <time>2026-08-28T03:23:58.000Z</time>
        <extensions>
          <ns3:TrackPointExtension>
            <ns3:hr>158</ns3:hr>
            <ns3:cad>92</ns3:cad>
          </ns3:TrackPointExtension>
        </extensions>
      </trkpt>
      <trkpt lat="38.719685040414333343505859375" lon="112.7598398365080356597900390625">
        <ele>799.4000244140625</ele>
        <time>2026-08-28T03:23:59.000Z</time>
        <extensions>
          <ns3:TrackPointExtension>
            <ns3:hr>158</ns3:hr>
            <ns3:cad>93</ns3:cad>
          </ns3:TrackPointExtension>
        </extensions>
      </trkpt>
      <trkpt lat="38.71969115920364856719970703125" lon="112.7598193846642971038818359375">
        <ele>799.4000244140625</ele>
        <time>2026-08-28T03:24:00.000Z</time>
        <extensions>
          <ns3:TrackPointExtension>
            <ns3:hr>157</ns3:hr>
            <ns3:cad>93</ns3:cad>
          </ns3:TrackPointExtension>
        </extensions>
      </trkpt>
      <trkpt lat="38.7196992896497249603271484375" lon="112.75979398749768733978271484375">
        <ele>799.4000244140625</ele>
        <time>2026-08-28T03:24:01.000Z</time>
        <extensions>
          <ns3:TrackPointExtension>
            <ns3:hr>157</ns3:hr>
            <ns3:cad>93</ns3:cad>
          </ns3:TrackPointExtension>
        </extensions>
      </trkpt>
      <trkpt lat="38.71970213949680328369140625" lon="112.759772278368473052978515625">
        <ele>799.4000244140625</ele>
        <time>2026-08-28T03:24:02.000Z</time>
        <extensions>
          <ns3:TrackPointExtension>
            <ns3:hr>156</ns3:hr>
            <ns3:cad>92</ns3:cad>
          </ns3:TrackPointExtension>
        </extensions>
      </trkpt>
      <trkpt lat="38.7197080068290233612060546875" lon="112.7597491443157196044921875">
        <ele>799.4000244140625</ele>
        <time>2026-08-28T03:24:03.000Z</time>
        <extensions>
          <ns3:TrackPointExtension>
            <ns3:hr>156</ns3:hr>
            <ns3:cad>92</ns3:cad>
          </ns3:TrackPointExtension>
        </extensions>
      </trkpt>
      <trkpt lat="38.71970708481967449188232421875" lon="112.75972567498683929443359375">
        <ele>799.4000244140625</ele>
        <time>2026-08-28T03:24:04.000Z</time>
        <extensions>
          <ns3:TrackPointExtension>
            <ns3:hr>155</ns3:hr>
            <ns3:cad>92</ns3:cad>
          </ns3:TrackPointExtension>
        </extensions>
      </trkpt>
      <trkpt lat="38.71971731074154376983642578125" lon="112.75970631279051303863525390625">
        <ele>799.4000244140625</ele>
        <time>2026-08-28T03:24:05.000Z</time>
        <extensions>
          <ns3:TrackPointExtension>
            <ns3:hr>155</ns3:hr>
            <ns3:cad>92</ns3:cad>
          </ns3:TrackPointExtension>
        </extensions>
      </trkpt>
      <trkpt lat="38.71971714310348033905029296875" lon="112.75968301109969615936279296875">
        <ele>799.4000244140625</ele>
        <time>2026-08-28T03:24:06.000Z</time>
        <extensions>
          <ns3:TrackPointExtension>
            <ns3:hr>154</ns3:hr>
            <ns3:cad>93</ns3:cad>
          </ns3:TrackPointExtension>
        </extensions>
      </trkpt>
      <trkpt lat="38.71972560882568359375" lon="112.75966071523725986480712890625">
        <ele>799.4000244140625</ele>
        <time>2026-08-28T03:24:07.000Z</time>
        <extensions>
          <ns3:TrackPointExtension>
            <ns3:hr>154</ns3:hr>
            <ns3:cad>93</ns3:cad>
          </ns3:TrackPointExtension>
        </extensions>
      </trkpt>
      <trkpt lat="38.7197287939488887786865234375" lon="112.75963841937482357025146484375">
        <ele>799.4000244140625</ele>
        <time>2026-08-28T03:24:08.000Z</time>
        <extensions>
          <ns3:TrackPointExtension>
            <ns3:hr>154</ns3:hr>
            <ns3:cad>91</ns3:cad>
          </ns3:TrackPointExtension>
        </extensions>
      </trkpt>
      <trkpt lat="38.71973508037626743316650390625" lon="112.75961528532207012176513671875">
        <ele>799.4000244140625</ele>
        <time>2026-08-28T03:24:09.000Z</time>
        <extensions>
          <ns3:TrackPointExtension>
            <ns3:hr>154</ns3:hr>
            <ns3:cad>91</ns3:cad>
          </ns3:TrackPointExtension>
        </extensions>
      </trkpt>
      <trkpt lat="38.7197376787662506103515625" lon="112.7595927380025386810302734375">
        <ele>799.4000244140625</ele>
        <time>2026-08-28T03:24:10.000Z</time>
        <extensions>
          <ns3:TrackPointExtension>
            <ns3:hr>154</ns3:hr>
            <ns3:cad>91</ns3:cad>
          </ns3:TrackPointExtension>
        </extensions>
      </trkpt>
      <trkpt lat="38.71974329464137554168701171875" lon="112.75956876575946807861328125">
        <ele>799.4000244140625</ele>
        <time>2026-08-28T03:24:11.000Z</time>
        <extensions>
          <ns3:TrackPointExtension>
            <ns3:hr>154</ns3:hr>
            <ns3:cad>93</ns3:cad>
          </ns3:TrackPointExtension>
        </extensions>
      </trkpt>
      <trkpt lat="38.7197495810687541961669921875" lon="112.75954504497349262237548828125">
        <ele>799.4000244140625</ele>
        <time>2026-08-28T03:24:12.000Z</time>
        <extensions>
          <ns3:TrackPointExtension>
            <ns3:hr>154</ns3:hr>
            <ns3:cad>94</ns3:cad>
          </ns3:TrackPointExtension>
        </extensions>
      </trkpt>
      <trkpt lat="38.71974882669746875762939453125" lon="112.7595206536352634429931640625">
        <ele>799.4000244140625</ele>
        <time>2026-08-28T03:24:13.000Z</time>
        <extensions>
          <ns3:TrackPointExtension>
            <ns3:hr>154</ns3:hr>
            <ns3:cad>94</ns3:cad>
          </ns3:TrackPointExtension>
        </extensions>
      </trkpt>
      <trkpt lat="38.7197683565318584442138671875" lon="112.75947086513042449951171875">
        <ele>799.4000244140625</ele>
        <time>2026-08-28T03:24:14.000Z</time>
        <extensions>
          <ns3:TrackPointExtension>
            <ns3:hr>153</ns3:hr>
            <ns3:cad>93</ns3:cad>
          </ns3:TrackPointExtension>
        </extensions>
      </trkpt>
      <trkpt lat="38.71978118084371089935302734375" lon="112.7594261057674884796142578125">
        <ele>799.4000244140625</ele>
        <time>2026-08-28T03:24:15.000Z</time>
        <extensions>
          <ns3:TrackPointExtension>
            <ns3:hr>153</ns3:hr>
            <ns3:cad>93</ns3:cad>
          </ns3:TrackPointExtension>
        </extensions>
      </trkpt>
      <trkpt lat="38.71979601681232452392578125" lon="112.75937564671039581298828125">
        <ele>799.4000244140625</ele>
        <time>2026-08-28T03:24:16.000Z</time>
        <extensions>
          <ns3:TrackPointExtension>
            <ns3:hr>153</ns3:hr>
            <ns3:cad>91</ns3:cad>
          </ns3:TrackPointExtension>
        </extensions>
      </trkpt>
      <trkpt lat="38.71981034986674785614013671875" lon="112.7593218348920345306396484375">
        <ele>799.4000244140625</ele>
        <time>2026-08-28T03:24:17.000Z</time>
        <extensions>
          <ns3:TrackPointExtension>
            <ns3:hr>153</ns3:hr>
            <ns3:cad>91</ns3:cad>
          </ns3:TrackPointExtension>
        </extensions>
      </trkpt>
      <trkpt lat="38.7198179773986339569091796875" lon="112.75928420014679431915283203125">
        <ele>799.4000244140625</ele>
        <time>2026-08-28T03:24:18.000Z</time>
        <extensions>
          <ns3:TrackPointExtension>
            <ns3:hr>153</ns3:hr>
            <ns3:cad>91</ns3:cad>
          </ns3:TrackPointExtension>
        </extensions>
      </trkpt>
      <trkpt lat="38.7198374234139919281005859375" lon="112.759222425520420074462890625">
        <ele>799.4000244140625</ele>
        <time>2026-08-28T03:24:19.000Z</time>
        <extensions>
          <ns3:TrackPointExtension>
            <ns3:hr>155</ns3:hr>
            <ns3:cad>96</ns3:cad>
          </ns3:TrackPointExtension>
        </extensions>
      </trkpt>
      <trkpt lat="38.719843290746212005615234375" lon="112.75918059982359409332275390625">
        <ele>799.4000244140625</ele>
        <time>2026-08-28T03:24:20.000Z</time>
        <extensions>
          <ns3:TrackPointExtension>
            <ns3:hr>155</ns3:hr>
            <ns3:cad>96</ns3:cad>
          </ns3:TrackPointExtension>
        </extensions>
      </trkpt>
      <trkpt lat="38.71985971927642822265625" lon="112.75913064368069171905517578125">
        <ele>799.4000244140625</ele>
        <time>2026-08-28T03:24:21.000Z</time>
        <extensions>
          <ns3:TrackPointExtension>
            <ns3:hr>156</ns3:hr>
            <ns3:cad>96</ns3:cad>
          </ns3:TrackPointExtension>
        </extensions>
      </trkpt>
      <trkpt lat="38.71987237595021724700927734375" lon="112.75907398201525211334228515625">
        <ele>799.4000244140625</ele>
        <time>2026-08-28T03:24:22.000Z</time>
        <extensions>
          <ns3:TrackPointExtension>
            <ns3:hr>156</ns3:hr>
            <ns3:cad>96</ns3:cad>
          </ns3:TrackPointExtension>
        </extensions>
      </trkpt>
      <trkpt lat="38.719878494739532470703125" lon="112.7590304799377918243408203125">
        <ele>799.4000244140625</ele>
        <time>2026-08-28T03:24:23.000Z</time>
        <extensions>
          <ns3:TrackPointExtension>
            <ns3:hr>156</ns3:hr>
            <ns3:cad>96</ns3:cad>
          </ns3:TrackPointExtension>
        </extensions>
      </trkpt>
      <trkpt lat="38.71989651583135128021240234375" lon="112.75897088460624217987060546875">
        <ele>799.4000244140625</ele>
        <time>2026-08-28T03:24:24.000Z</time>
        <extensions>
          <ns3:TrackPointExtension>
            <ns3:hr>157</ns3:hr>
            <ns3:cad>95</ns3:cad>
          </ns3:TrackPointExtension>
        </extensions>
      </trkpt>
      <trkpt lat="38.719903640449047088623046875" lon="112.7589257061481475830078125">
        <ele>799.5999755859375</ele>
        <time>2026-08-28T03:24:25.000Z</time>
        <extensions>
          <ns3:TrackPointExtension>
            <ns3:hr>158</ns3:hr>
            <ns3:cad>95</ns3:cad>
          </ns3:TrackPointExtension>
        </extensions>
      </trkpt>
      <trkpt lat="38.7199252657592296600341796875" lon="112.75887231342494487762451171875">
        <ele>799.4000244140625</ele>
        <time>2026-08-28T03:24:26.000Z</time>
        <extensions>
          <ns3:TrackPointExtension>
            <ns3:hr>159</ns3:hr>
            <ns3:cad>96</ns3:cad>
          </ns3:TrackPointExtension>
        </extensions>
      </trkpt>
      <trkpt lat="38.719937503337860107421875" lon="112.7588237822055816650390625">
        <ele>799.4000244140625</ele>
        <time>2026-08-28T03:24:27.000Z</time>
        <extensions>
          <ns3:TrackPointExtension>
            <ns3:hr>160</ns3:hr>
            <ns3:cad>96</ns3:cad>
          </ns3:TrackPointExtension>
        </extensions>
      </trkpt>
      <trkpt lat="38.71994848363101482391357421875" lon="112.758778519928455352783203125">
        <ele>799.4000244140625</ele>
        <time>2026-08-28T03:24:28.000Z</time>
        <extensions>
          <ns3:TrackPointExtension>
            <ns3:hr>162</ns3:hr>
            <ns3:cad>96</ns3:cad>
          </ns3:TrackPointExtension>
        </extensions>
      </trkpt>
      <trkpt lat="38.719965331256389617919921875" lon="112.75871523655951023101806640625">
        <ele>799.4000244140625</ele>
        <time>2026-08-28T03:24:29.000Z</time>
        <extensions>
          <ns3:TrackPointExtension>
            <ns3:hr>163</ns3:hr>
            <ns3:cad>96</ns3:cad>
          </ns3:TrackPointExtension>
        </extensions>
      </trkpt>
      <trkpt lat="38.71997212059795856475830078125" lon="112.7586737461388111114501953125">
        <ele>799.4000244140625</ele>
        <time>2026-08-28T03:24:30.000Z</time>
        <extensions>
          <ns3:TrackPointExtension>
            <ns3:hr>164</ns3:hr>
            <ns3:cad>96</ns3:cad>
          </ns3:TrackPointExtension>
        </extensions>
      </trkpt>
      <trkpt lat="38.71998653747141361236572265625" lon="112.7586227841675281524658203125">
        <ele>799.5999755859375</ele>
        <time>2026-08-28T03:24:31.000Z</time>
        <extensions>
          <ns3:TrackPointExtension>
            <ns3:hr>165</ns3:hr>
            <ns3:cad>95</ns3:cad>
          </ns3:TrackPointExtension>
        </extensions>
      </trkpt>
      <trkpt lat="38.7200005352497100830078125" lon="112.75856939144432544708251953125">
        <ele>799.5999755859375</ele>
        <time>2026-08-28T03:24:32.000Z</time>
        <extensions>
          <ns3:TrackPointExtension>
            <ns3:hr>166</ns3:hr>
            <ns3:cad>95</ns3:cad>
          </ns3:TrackPointExtension>
        </extensions>
      </trkpt>
      <trkpt lat="38.7200110964477062225341796875" lon="112.7585228718817234039306640625">
        <ele>799.5999755859375</ele>
        <time>2026-08-28T03:24:33.000Z</time>
        <extensions>
          <ns3:TrackPointExtension>
            <ns3:hr>168</ns3:hr>
            <ns3:cad>95</ns3:cad>
          </ns3:TrackPointExtension>
        </extensions>
      </trkpt>
      <trkpt lat="38.72002760879695415496826171875" lon="112.758462689816951751708984375">
        <ele>799.5999755859375</ele>
        <time>2026-08-28T03:24:34.000Z</time>
        <extensions>
          <ns3:TrackPointExtension>
            <ns3:hr>169</ns3:hr>
            <ns3:cad>96</ns3:cad>
          </ns3:TrackPointExtension>
        </extensions>
      </trkpt>
      <trkpt lat="38.7200327217578887939453125" lon="112.7584212832152843475341796875">
        <ele>799.5999755859375</ele>
        <time>2026-08-28T03:24:35.000Z</time>
        <extensions>
          <ns3:TrackPointExtension>
            <ns3:hr>170</ns3:hr>
            <ns3:cad>96</ns3:cad>
          </ns3:TrackPointExtension>
        </extensions>
      </trkpt>
      <trkpt lat="38.720047138631343841552734375" lon="112.75837359018623828887939453125">
        <ele>799.5999755859375</ele>
        <time>2026-08-28T03:24:36.000Z</time>
        <extensions>
          <ns3:TrackPointExtension>
            <ns3:hr>171</ns3:hr>
            <ns3:cad>95</ns3:cad>
          </ns3:TrackPointExtension>
        </extensions>
      </trkpt>
      <trkpt lat="38.7200563587248325347900390625" lon="112.75832966901361942291259765625">
        <ele>799.5999755859375</ele>
        <time>2026-08-28T03:24:37.000Z</time>
        <extensions>
          <ns3:TrackPointExtension>
            <ns3:hr>172</ns3:hr>
            <ns3:cad>95</ns3:cad>
          </ns3:TrackPointExtension>
        </extensions>
      </trkpt>
      <trkpt lat="38.720068596303462982177734375" lon="112.7582865022122859954833984375">
        <ele>799.5999755859375</ele>
        <time>2026-08-28T03:24:38.000Z</time>
        <extensions>
          <ns3:TrackPointExtension>
            <ns3:hr>173</ns3:hr>
            <ns3:cad>96</ns3:cad>
          </ns3:TrackPointExtension>
        </extensions>
      </trkpt>
      <trkpt lat="38.72008494101464748382568359375" lon="112.75823009200394153594970703125">
        <ele>799.5999755859375</ele>
        <time>2026-08-28T03:24:39.000Z</time>
        <extensions>
          <ns3:TrackPointExtension>
            <ns3:hr>174</ns3:hr>
            <ns3:cad>96</ns3:cad>
          </ns3:TrackPointExtension>
        </extensions>
      </trkpt>
      <trkpt lat="38.7200935743749141693115234375" lon="112.7581869252026081085205078125">
        <ele>799.5999755859375</ele>
        <time>2026-08-28T03:24:40.000Z</time>
        <extensions>
          <ns3:TrackPointExtension>
            <ns3:hr>175</ns3:hr>
            <ns3:cad>96</ns3:cad>
          </ns3:TrackPointExtension>
        </extensions>
      </trkpt>
      <trkpt lat="38.72011209838092327117919921875" lon="112.75813554413616657257080078125">
        <ele>799.5999755859375</ele>
        <time>2026-08-28T03:24:41.000Z</time>
        <extensions>
          <ns3:TrackPointExtension>
            <ns3:hr>176</ns3:hr>
            <ns3:cad>96</ns3:cad>
          </ns3:TrackPointExtension>
        </extensions>
      </trkpt>
      <trkpt lat="38.72012148611247539520263671875" lon="112.7580829896032810211181640625">
        <ele>799.5999755859375</ele>
        <time>2026-08-28T03:24:42.000Z</time>
        <extensions>
          <ns3:TrackPointExtension>
            <ns3:hr>177</ns3:hr>
            <ns3:cad>95</ns3:cad>
          </ns3:TrackPointExtension>
        </extensions>
      </trkpt>
      <trkpt lat="38.7201331369578838348388671875" lon="112.75803630240261554718017578125">
        <ele>799.5999755859375</ele>
        <time>2026-08-28T03:24:43.000Z</time>
        <extensions>
          <ns3:TrackPointExtension>
            <ns3:hr>177</ns3:hr>
            <ns3:cad>95</ns3:cad>
          </ns3:TrackPointExtension>
        </extensions>
      </trkpt>
      <trkpt lat="38.720152415335178375244140625" lon="112.75797645561397075653076171875">
        <ele>799.5999755859375</ele>
        <time>2026-08-28T03:24:44.000Z</time>
        <extensions>
          <ns3:TrackPointExtension>
            <ns3:hr>178</ns3:hr>
            <ns3:cad>95</ns3:cad>
          </ns3:TrackPointExtension>
        </extensions>
      </trkpt>
      <trkpt lat="38.72016741894185543060302734375" lon="112.75792733766138553619384765625">
        <ele>799.5999755859375</ele>
        <time>2026-08-28T03:24:45.000Z</time>
        <extensions>
          <ns3:TrackPointExtension>
            <ns3:hr>178</ns3:hr>
            <ns3:cad>95</ns3:cad>
          </ns3:TrackPointExtension>
        </extensions>
      </trkpt>
      <trkpt lat="38.72018569149076938629150390625" lon="112.75787453167140483856201171875">
        <ele>799.5999755859375</ele>
        <time>2026-08-28T03:24:46.000Z</time>
        <extensions>
          <ns3:TrackPointExtension>
            <ns3:hr>179</ns3:hr>
            <ns3:cad>95</ns3:cad>
          </ns3:TrackPointExtension>
        </extensions>
      </trkpt>
      <trkpt lat="38.72019474394619464874267578125" lon="112.75782532989978790283203125">
        <ele>799.5999755859375</ele>
        <time>2026-08-28T03:24:47.000Z</time>
        <extensions>
          <ns3:TrackPointExtension>
            <ns3:hr>180</ns3:hr>
            <ns3:cad>95</ns3:cad>
          </ns3:TrackPointExtension>
        </extensions>
      </trkpt>
      <trkpt lat="38.7202042154967784881591796875" lon="112.75778367184102535247802734375">
        <ele>799.5999755859375</ele>
        <time>2026-08-28T03:24:48.000Z</time>
        <extensions>
          <ns3:TrackPointExtension>
            <ns3:hr>180</ns3:hr>
            <ns3:cad>97</ns3:cad>
          </ns3:TrackPointExtension>
        </extensions>
      </trkpt>
      <trkpt lat="38.7202193029224872589111328125" lon="112.7577272616326808929443359375">
        <ele>799.5999755859375</ele>
        <time>2026-08-28T03:24:49.000Z</time>
        <extensions>
          <ns3:TrackPointExtension>
            <ns3:hr>180</ns3:hr>
            <ns3:cad>97</ns3:cad>
          </ns3:TrackPointExtension>
        </extensions>
      </trkpt>
      <trkpt lat="38.72022592462599277496337890625" lon="112.7576809935271739959716796875">
        <ele>799.5999755859375</ele>
        <time>2026-08-28T03:24:50.000Z</time>
        <extensions>
          <ns3:TrackPointExtension>
            <ns3:hr>181</ns3:hr>
            <ns3:cad>97</ns3:cad>
          </ns3:TrackPointExtension>
        </extensions>
      </trkpt>
      <trkpt lat="38.72023933567106723785400390625" lon="112.757630534470081329345703125">
        <ele>799.79998779296875</ele>
        <time>2026-08-28T03:24:51.000Z</time>
        <extensions>
          <ns3:TrackPointExtension>
            <ns3:hr>181</ns3:hr>
            <ns3:cad>97</ns3:cad>
          </ns3:TrackPointExtension>
        </extensions>
      </trkpt>
      <trkpt lat="38.72024805285036563873291015625" lon="112.7575834281742572784423828125">
        <ele>799.79998779296875</ele>
        <time>2026-08-28T03:24:52.000Z</time>
        <extensions>
          <ns3:TrackPointExtension>
            <ns3:hr>182</ns3:hr>
            <ns3:cad>97</ns3:cad>
          </ns3:TrackPointExtension>
        </extensions>
      </trkpt>
      <trkpt lat="38.72026163153350353240966796875" lon="112.75754026137292385101318359375">
        <ele>799.79998779296875</ele>
        <time>2026-08-28T03:24:53.000Z</time>
        <extensions>
          <ns3:TrackPointExtension>
            <ns3:hr>183</ns3:hr>
            <ns3:cad>97</ns3:cad>
          </ns3:TrackPointExtension>
        </extensions>
      </trkpt>
      <trkpt lat="38.7202768027782440185546875" lon="112.7574811689555644989013671875">
        <ele>799.79998779296875</ele>
        <time>2026-08-28T03:24:54.000Z</time>
        <extensions>
          <ns3:TrackPointExtension>
            <ns3:hr>184</ns3:hr>
            <ns3:cad>97</ns3:cad>
          </ns3:TrackPointExtension>
        </extensions>
      </trkpt>
      <trkpt lat="38.72028417885303497314453125" lon="112.75743850506842136383056640625">
        <ele>799.79998779296875</ele>
        <time>2026-08-28T03:24:55.000Z</time>
        <extensions>
          <ns3:TrackPointExtension>
            <ns3:hr>184</ns3:hr>
            <ns3:cad>96</ns3:cad>
          </ns3:TrackPointExtension>
        </extensions>
      </trkpt>
      <trkpt lat="38.720301948487758636474609375" lon="112.757384777069091796875">
        <ele>799.79998779296875</ele>
        <time>2026-08-28T03:24:56.000Z</time>
        <extensions>
          <ns3:TrackPointExtension>
            <ns3:hr>185</ns3:hr>
            <ns3:cad>96</ns3:cad>
          </ns3:TrackPointExtension>
        </extensions>
      </trkpt>
      <trkpt lat="38.720312677323818206787109375" lon="112.75733842514455318450927734375">
        <ele>799.79998779296875</ele>
        <time>2026-08-28T03:24:57.000Z</time>
        <extensions>
          <ns3:TrackPointExtension>
            <ns3:hr>185</ns3:hr>
            <ns3:cad>96</ns3:cad>
          </ns3:TrackPointExtension>
        </extensions>
      </trkpt>
      <trkpt lat="38.720328770577907562255859375" lon="112.75729316286742687225341796875">
        <ele>799.79998779296875</ele>
        <time>2026-08-28T03:24:58.000Z</time>
        <extensions>
          <ns3:TrackPointExtension>
            <ns3:hr>185</ns3:hr>
            <ns3:cad>95</ns3:cad>
          </ns3:TrackPointExtension>
        </extensions>
      </trkpt>
      <trkpt lat="38.72033824212849140167236328125" lon="112.75724203325808048248291015625">
        <ele>799.79998779296875</ele>
        <time>2026-08-28T03:24:59.000Z</time>
        <extensions>
          <ns3:TrackPointExtension>
            <ns3:hr>186</ns3:hr>
            <ns3:cad>95</ns3:cad>
          </ns3:TrackPointExtension>
        </extensions>
      </trkpt>
      <trkpt lat="38.7203430198132991790771484375" lon="112.75720247067511081695556640625">
        <ele>799.79998779296875</ele>
        <time>2026-08-28T03:25:00.000Z</time>
        <extensions>
          <ns3:TrackPointExtension>
            <ns3:hr>186</ns3:hr>
            <ns3:cad>95</ns3:cad>
          </ns3:TrackPointExtension>
        </extensions>
      </trkpt>
      <trkpt lat="38.7203594483435153961181640625" lon="112.75714430026710033416748046875">
        <ele>799.79998779296875</ele>
        <time>2026-08-28T03:25:01.000Z</time>
        <extensions>
          <ns3:TrackPointExtension>
            <ns3:hr>186</ns3:hr>
            <ns3:cad>95</ns3:cad>
          </ns3:TrackPointExtension>
        </extensions>
      </trkpt>
      <trkpt lat="38.720365650951862335205078125" lon="112.75709803216159343719482421875">
        <ele>799.79998779296875</ele>
        <time>2026-08-28T03:25:02.000Z</time>
        <extensions>
          <ns3:TrackPointExtension>
            <ns3:hr>185</ns3:hr>
            <ns3:cad>95</ns3:cad>
          </ns3:TrackPointExtension>
        </extensions>
      </trkpt>
      <trkpt lat="38.7203792296350002288818359375" lon="112.75705193169414997100830078125">
        <ele>799.79998779296875</ele>
        <time>2026-08-28T03:25:03.000Z</time>
        <extensions>
          <ns3:TrackPointExtension>
            <ns3:hr>186</ns3:hr>
            <ns3:cad>96</ns3:cad>
          </ns3:TrackPointExtension>
        </extensions>
      </trkpt>
      <trkpt lat="38.72039138339459896087646484375" lon="112.75700231082737445831298828125">
        <ele>799.79998779296875</ele>
        <time>2026-08-28T03:25:04.000Z</time>
        <extensions>
          <ns3:TrackPointExtension>
            <ns3:hr>185</ns3:hr>
            <ns3:cad>96</ns3:cad>
          </ns3:TrackPointExtension>
        </extensions>
      </trkpt>
      <trkpt lat="38.7204023636877536773681640625" lon="112.75696056894958019256591796875">
        <ele>799.79998779296875</ele>
        <time>2026-08-28T03:25:05.000Z</time>
        <extensions>
          <ns3:TrackPointExtension>
            <ns3:hr>185</ns3:hr>
            <ns3:cad>96</ns3:cad>
          </ns3:TrackPointExtension>
        </extensions>
      </trkpt>
      <trkpt lat="38.72042189352214336395263671875" lon="112.75690692476928234100341796875">
        <ele>800</ele>
        <time>2026-08-28T03:25:06.000Z</time>
        <extensions>
          <ns3:TrackPointExtension>
            <ns3:hr>186</ns3:hr>
            <ns3:cad>96</ns3:cad>
          </ns3:TrackPointExtension>
        </extensions>
      </trkpt>
      <trkpt lat="38.72042843140661716461181640625" lon="112.75686509907245635986328125">
        <ele>800</ele>
        <time>2026-08-28T03:25:07.000Z</time>
        <extensions>
          <ns3:TrackPointExtension>
            <ns3:hr>186</ns3:hr>
            <ns3:cad>96</ns3:cad>
          </ns3:TrackPointExtension>
        </extensions>
      </trkpt>
      <trkpt lat="38.72044821269810199737548828125" lon="112.75681455619633197784423828125">
        <ele>800</ele>
        <time>2026-08-28T03:25:08.000Z</time>
        <extensions>
          <ns3:TrackPointExtension>
            <ns3:hr>186</ns3:hr>
            <ns3:cad>96</ns3:cad>
          </ns3:TrackPointExtension>
        </extensions>
      </trkpt>
      <trkpt lat="38.72045609168708324432373046875" lon="112.75676560588181018829345703125">
        <ele>799.79998779296875</ele>
        <time>2026-08-28T03:25:09.000Z</time>
        <extensions>
          <ns3:TrackPointExtension>
            <ns3:hr>186</ns3:hr>
            <ns3:cad>95</ns3:cad>
          </ns3:TrackPointExtension>
        </extensions>
      </trkpt>
      <trkpt lat="38.72046765871345996856689453125" lon="112.75671891868114471435546875">
        <ele>799.79998779296875</ele>
        <time>2026-08-28T03:25:10.000Z</time>
        <extensions>
          <ns3:TrackPointExtension>
            <ns3:hr>186</ns3:hr>
            <ns3:cad>95</ns3:cad>
          </ns3:TrackPointExtension>
        </extensions>
      </trkpt>
      <trkpt lat="38.72047654353082180023193359375" lon="112.7566637657582759857177734375">
        <ele>799.5999755859375</ele>
        <time>2026-08-28T03:25:11.000Z</time>
        <extensions>
          <ns3:TrackPointExtension>
            <ns3:hr>186</ns3:hr>
            <ns3:cad>95</ns3:cad>
          </ns3:TrackPointExtension>
        </extensions>
      </trkpt>
      <trkpt lat="38.72048123739659786224365234375" lon="112.756620682775974273681640625">
        <ele>799.5999755859375</ele>
        <time>2026-08-28T03:25:12.000Z</time>
        <extensions>
          <ns3:TrackPointExtension>
            <ns3:hr>186</ns3:hr>
            <ns3:cad>95</ns3:cad>
          </ns3:TrackPointExtension>
        </extensions>
      </trkpt>
      <trkpt lat="38.7204972468316555023193359375" lon="112.75657047517597675323486328125">
        <ele>799.5999755859375</ele>
        <time>2026-08-28T03:25:13.000Z</time>
        <extensions>
          <ns3:TrackPointExtension>
            <ns3:hr>187</ns3:hr>
            <ns3:cad>95</ns3:cad>
          </ns3:TrackPointExtension>
        </extensions>
      </trkpt>
      <trkpt lat="38.72051007114350795745849609375" lon="112.75652102194726467132568359375">
        <ele>799.79998779296875</ele>
        <time>2026-08-28T03:25:14.000Z</time>
        <extensions>
          <ns3:TrackPointExtension>
            <ns3:hr>187</ns3:hr>
            <ns3:cad>95</ns3:cad>
          </ns3:TrackPointExtension>
        </extensions>
      </trkpt>
      <trkpt lat="38.72052130289375782012939453125" lon="112.75647223927080631256103515625">
        <ele>799.79998779296875</ele>
        <time>2026-08-28T03:25:15.000Z</time>
        <extensions>
          <ns3:TrackPointExtension>
            <ns3:hr>187</ns3:hr>
            <ns3:cad>95</ns3:cad>
          </ns3:TrackPointExtension>
        </extensions>
      </trkpt>
      <trkpt lat="38.72053203172981739044189453125" lon="112.75641717016696929931640625">
        <ele>799.79998779296875</ele>
        <time>2026-08-28T03:25:16.000Z</time>
        <extensions>
          <ns3:TrackPointExtension>
            <ns3:hr>187</ns3:hr>
            <ns3:cad>95</ns3:cad>
          </ns3:TrackPointExtension>
        </extensions>
      </trkpt>
      <trkpt lat="38.7205342948436737060546875" lon="112.75637668557465076446533203125">
        <ele>799.79998779296875</ele>
        <time>2026-08-28T03:25:17.000Z</time>
        <extensions>
          <ns3:TrackPointExtension>
            <ns3:hr>186</ns3:hr>
            <ns3:cad>95</ns3:cad>
          </ns3:TrackPointExtension>
        </extensions>
      </trkpt>
      <trkpt lat="38.7205475382506847381591796875" lon="112.75631901808083057403564453125">
        <ele>800</ele>
        <time>2026-08-28T03:25:18.000Z</time>
        <extensions>
          <ns3:TrackPointExtension>
            <ns3:hr>187</ns3:hr>
            <ns3:cad>95</ns3:cad>
          </ns3:TrackPointExtension>
        </extensions>
      </trkpt>
      <trkpt lat="38.720552064478397369384765625" lon="112.7562832273542881011962890625">
        <ele>800</ele>
        <time>2026-08-28T03:25:19.000Z</time>
        <extensions>
          <ns3:TrackPointExtension>
            <ns3:hr>187</ns3:hr>
            <ns3:cad>95</ns3:cad>
          </ns3:TrackPointExtension>
        </extensions>
      </trkpt>
      <trkpt lat="38.7205718457698822021484375" lon="112.75622916407883167266845703125">
        <ele>800</ele>
        <time>2026-08-28T03:25:20.000Z</time>
        <extensions>
          <ns3:TrackPointExtension>
            <ns3:hr>186</ns3:hr>
            <ns3:cad>95</ns3:cad>
          </ns3:TrackPointExtension>
        </extensions>
      </trkpt>
      <trkpt lat="38.72058198787271976470947265625" lon="112.75618306361138820648193359375">
        <ele>800</ele>
        <time>2026-08-28T03:25:21.000Z</time>
        <extensions>
          <ns3:TrackPointExtension>
            <ns3:hr>187</ns3:hr>
            <ns3:cad>95</ns3:cad>
          </ns3:TrackPointExtension>
        </extensions>
      </trkpt>
      <trkpt lat="38.72059707529842853546142578125" lon="112.756136544048786163330078125">
        <ele>800.20001220703125</ele>
        <time>2026-08-28T03:25:22.000Z</time>
        <extensions>
          <ns3:TrackPointExtension>
            <ns3:hr>187</ns3:hr>
            <ns3:cad>95</ns3:cad>
          </ns3:TrackPointExtension>
        </extensions>
      </trkpt>
      <trkpt lat="38.72061140835285186767578125" lon="112.7560797147452831268310546875">
        <ele>800.20001220703125</ele>
        <time>2026-08-28T03:25:23.000Z</time>
        <extensions>
          <ns3:TrackPointExtension>
            <ns3:hr>187</ns3:hr>
            <ns3:cad>95</ns3:cad>
          </ns3:TrackPointExtension>
        </extensions>
      </trkpt>
      <trkpt lat="38.7206246517598628997802734375" lon="112.75603353045880794525146484375">
        <ele>800.20001220703125</ele>
        <time>2026-08-28T03:25:24.000Z</time>
        <extensions>
          <ns3:TrackPointExtension>
            <ns3:hr>187</ns3:hr>
            <ns3:cad>94</ns3:cad>
          </ns3:TrackPointExtension>
        </extensions>
      </trkpt>
      <trkpt lat="38.72064091265201568603515625" lon="112.75598508305847644805908203125">
        <ele>800.20001220703125</ele>
        <time>2026-08-28T03:25:25.000Z</time>
        <extensions>
          <ns3:TrackPointExtension>
            <ns3:hr>187</ns3:hr>
            <ns3:cad>94</ns3:cad>
          </ns3:TrackPointExtension>
        </extensions>
      </trkpt>
      <trkpt lat="38.72064770199358463287353515625" lon="112.75593847967684268951416015625">
        <ele>800.4000244140625</ele>
        <time>2026-08-28T03:25:26.000Z</time>
        <extensions>
          <ns3:TrackPointExtension>
            <ns3:hr>188</ns3:hr>
            <ns3:cad>94</ns3:cad>
          </ns3:TrackPointExtension>
        </extensions>
      </trkpt>
      <trkpt lat="38.72066438198089599609375" lon="112.75588936172425746917724609375">
        <ele>800.4000244140625</ele>
        <time>2026-08-28T03:25:27.000Z</time>
        <extensions>
          <ns3:TrackPointExtension>
            <ns3:hr>188</ns3:hr>
            <ns3:cad>94</ns3:cad>
          </ns3:TrackPointExtension>
        </extensions>
      </trkpt>
      <trkpt lat="38.7206806428730487823486328125" lon="112.75583353824913501739501953125">
        <ele>800.4000244140625</ele>
        <time>2026-08-28T03:25:28.000Z</time>
        <extensions>
          <ns3:TrackPointExtension>
            <ns3:hr>188</ns3:hr>
            <ns3:cad>95</ns3:cad>
          </ns3:TrackPointExtension>
        </extensions>
      </trkpt>
      <trkpt lat="38.7206900306046009063720703125" lon="112.755791880190372467041015625">
        <ele>800.4000244140625</ele>
        <time>2026-08-28T03:25:29.000Z</time>
        <extensions>
          <ns3:TrackPointExtension>
            <ns3:hr>188</ns3:hr>
            <ns3:cad>95</ns3:cad>
          </ns3:TrackPointExtension>
        </extensions>
      </trkpt>
      <trkpt lat="38.720702938735485076904296875" lon="112.7557400800287723541259765625">
        <ele>800.4000244140625</ele>
        <time>2026-08-28T03:25:30.000Z</time>
        <extensions>
          <ns3:TrackPointExtension>
            <ns3:hr>188</ns3:hr>
            <ns3:cad>95</ns3:cad>
          </ns3:TrackPointExtension>
        </extensions>
      </trkpt>
      <trkpt lat="38.72070872224867343902587890625" lon="112.755695991218090057373046875">
        <ele>800.4000244140625</ele>
        <time>2026-08-28T03:25:31.000Z</time>
        <extensions>
          <ns3:TrackPointExtension>
            <ns3:hr>188</ns3:hr>
            <ns3:cad>95</ns3:cad>
          </ns3:TrackPointExtension>
        </extensions>
      </trkpt>
      <trkpt lat="38.720725737512111663818359375" lon="112.75564896874129772186279296875">
        <ele>800.4000244140625</ele>
        <time>2026-08-28T03:25:32.000Z</time>
        <extensions>
          <ns3:TrackPointExtension>
            <ns3:hr>189</ns3:hr>
            <ns3:cad>95</ns3:cad>
          </ns3:TrackPointExtension>
        </extensions>
      </trkpt>
      <trkpt lat="38.72073872946202754974365234375" lon="112.7556029520928859710693359375">
        <ele>800.4000244140625</ele>
        <time>2026-08-28T03:25:33.000Z</time>
        <extensions>
          <ns3:TrackPointExtension>
            <ns3:hr>189</ns3:hr>
            <ns3:cad>95</ns3:cad>
          </ns3:TrackPointExtension>
        </extensions>
      </trkpt>
      <trkpt lat="38.72075356543064117431640625" lon="112.75555760599672794342041015625">
        <ele>800.4000244140625</ele>
        <time>2026-08-28T03:25:34.000Z</time>
        <extensions>
          <ns3:TrackPointExtension>
            <ns3:hr>189</ns3:hr>
            <ns3:cad>95</ns3:cad>
          </ns3:TrackPointExtension>
        </extensions>
      </trkpt>
      <trkpt lat="38.720768988132476806640625" lon="112.75549910031259059906005859375">
        <ele>800.4000244140625</ele>
        <time>2026-08-28T03:25:35.000Z</time>
        <extensions>
          <ns3:TrackPointExtension>
            <ns3:hr>189</ns3:hr>
            <ns3:cad>96</ns3:cad>
          </ns3:TrackPointExtension>
        </extensions>
      </trkpt>
      <trkpt lat="38.720779716968536376953125" lon="112.75545786134898662567138671875">
        <ele>800.4000244140625</ele>
        <time>2026-08-28T03:25:36.000Z</time>
        <extensions>
          <ns3:TrackPointExtension>
            <ns3:hr>189</ns3:hr>
            <ns3:cad>96</ns3:cad>
          </ns3:TrackPointExtension>
        </extensions>
      </trkpt>
      <trkpt lat="38.7207973189651966094970703125" lon="112.75541259907186031341552734375">
        <ele>800.4000244140625</ele>
        <time>2026-08-28T03:25:37.000Z</time>
        <extensions>
          <ns3:TrackPointExtension>
            <ns3:hr>189</ns3:hr>
            <ns3:cad>96</ns3:cad>
          </ns3:TrackPointExtension>
        </extensions>
      </trkpt>
      <trkpt lat="38.72080427594482898712158203125" lon="112.7553665824234485626220703125">
        <ele>800.4000244140625</ele>
        <time>2026-08-28T03:25:38.000Z</time>
        <extensions>
          <ns3:TrackPointExtension>
            <ns3:hr>189</ns3:hr>
            <ns3:cad>96</ns3:cad>
          </ns3:TrackPointExtension>
        </extensions>
      </trkpt>
      <trkpt lat="38.72081391513347625732421875" lon="112.75532274506986141204833984375">
        <ele>800.5999755859375</ele>
        <time>2026-08-28T03:25:39.000Z</time>
        <extensions>
          <ns3:TrackPointExtension>
            <ns3:hr>190</ns3:hr>
            <ns3:cad>96</ns3:cad>
          </ns3:TrackPointExtension>
        </extensions>
      </trkpt>
      <trkpt lat="38.7208298407495021820068359375" lon="112.75527010671794414520263671875">
        <ele>800.5999755859375</ele>
        <time>2026-08-28T03:25:40.000Z</time>
        <extensions>
          <ns3:TrackPointExtension>
            <ns3:hr>190</ns3:hr>
            <ns3:cad>96</ns3:cad>
          </ns3:TrackPointExtension>
        </extensions>
      </trkpt>
      <trkpt lat="38.7208400666713714599609375" lon="112.75522802956402301788330078125">
        <ele>800.5999755859375</ele>
        <time>2026-08-28T03:25:41.000Z</time>
        <extensions>
          <ns3:TrackPointExtension>
            <ns3:hr>190</ns3:hr>
            <ns3:cad>96</ns3:cad>
          </ns3:TrackPointExtension>
        </extensions>
      </trkpt>
      <trkpt lat="38.720858506858348846435546875" lon="112.755170278251171112060546875">
        <ele>800.79998779296875</ele>
        <time>2026-08-28T03:25:42.000Z</time>
        <extensions>
          <ns3:TrackPointExtension>
            <ns3:hr>191</ns3:hr>
            <ns3:cad>96</ns3:cad>
          </ns3:TrackPointExtension>
        </extensions>
      </trkpt>
      <trkpt lat="38.72086412273347377777099609375" lon="112.7551278658211231231689453125">
        <ele>800.79998779296875</ele>
        <time>2026-08-28T03:25:43.000Z</time>
        <extensions>
          <ns3:TrackPointExtension>
            <ns3:hr>193</ns3:hr>
            <ns3:cad>96</ns3:cad>
          </ns3:TrackPointExtension>
        </extensions>
      </trkpt>
      <trkpt lat="38.72087988071143627166748046875" lon="112.75508344173431396484375">
        <ele>801</ele>
        <time>2026-08-28T03:25:44.000Z</time>
        <extensions>
          <ns3:TrackPointExtension>
            <ns3:hr>196</ns3:hr>
            <ns3:cad>96</ns3:cad>
          </ns3:TrackPointExtension>
        </extensions>
      </trkpt>
      <trkpt lat="38.72088021598756313323974609375" lon="112.7550453878939151763916015625">
        <ele>801</ele>
        <time>2026-08-28T03:25:45.000Z</time>
        <extensions>
          <ns3:TrackPointExtension>
            <ns3:hr>197</ns3:hr>
            <ns3:cad>96</ns3:cad>
          </ns3:TrackPointExtension>
        </extensions>
      </trkpt>
      <trkpt lat="38.72088759206235408782958984375" lon="112.75501680560410022735595703125">
        <ele>801.20001220703125</ele>
        <time>2026-08-28T03:25:46.000Z</time>
        <extensions>
          <ns3:TrackPointExtension>
            <ns3:hr>198</ns3:hr>
            <ns3:cad>96</ns3:cad>
          </ns3:TrackPointExtension>
        </extensions>
      </trkpt>
      <trkpt lat="38.720888011157512664794921875" lon="112.75499132461845874786376953125">
        <ele>801.20001220703125</ele>
        <time>2026-08-28T03:25:47.000Z</time>
        <extensions>
          <ns3:TrackPointExtension>
            <ns3:hr>198</ns3:hr>
            <ns3:cad>96</ns3:cad>
          </ns3:TrackPointExtension>
        </extensions>
      </trkpt>
      <trkpt lat="38.7208962254226207733154296875" lon="112.754965089261531829833984375">
        <ele>801.20001220703125</ele>
        <time>2026-08-28T03:25:48.000Z</time>
        <extensions>
          <ns3:TrackPointExtension>
            <ns3:hr>198</ns3:hr>
            <ns3:cad>96</ns3:cad>
          </ns3:TrackPointExtension>
        </extensions>
      </trkpt>
      <trkpt lat="38.72090041637420654296875" lon="112.7549458108842372894287109375">
        <ele>801.20001220703125</ele>
        <time>2026-08-28T03:25:49.000Z</time>
        <extensions>
          <ns3:TrackPointExtension>
            <ns3:hr>198</ns3:hr>
            <ns3:cad>91</ns3:cad>
          </ns3:TrackPointExtension>
        </extensions>
      </trkpt>
      <trkpt lat="38.720908798277378082275390625" lon="112.7549163065850734710693359375">
        <ele>801.20001220703125</ele>
        <time>2026-08-28T03:25:50.000Z</time>
        <extensions>
          <ns3:TrackPointExtension>
            <ns3:hr>197</ns3:hr>
            <ns3:cad>91</ns3:cad>
          </ns3:TrackPointExtension>
        </extensions>
      </trkpt>
      <trkpt lat="38.72091290540993213653564453125" lon="112.75489493273198604583740234375">
        <ele>801.20001220703125</ele>
        <time>2026-08-28T03:25:51.000Z</time>
        <extensions>
          <ns3:TrackPointExtension>
            <ns3:hr>196</ns3:hr>
            <ns3:cad>91</ns3:cad>
          </ns3:TrackPointExtension>
        </extensions>
      </trkpt>
      <trkpt lat="38.72091944329440593719482421875" lon="112.7548663504421710968017578125">
        <ele>801.20001220703125</ele>
        <time>2026-08-28T03:25:52.000Z</time>
        <extensions>
          <ns3:TrackPointExtension>
            <ns3:hr>196</ns3:hr>
            <ns3:cad>91</ns3:cad>
          </ns3:TrackPointExtension>
        </extensions>
      </trkpt>
      <trkpt lat="38.72092514298856258392333984375" lon="112.75484363548457622528076171875">
        <ele>801.20001220703125</ele>
        <time>2026-08-28T03:25:53.000Z</time>
        <extensions>
          <ns3:TrackPointExtension>
            <ns3:hr>195</ns3:hr>
            <ns3:cad>88</ns3:cad>
          </ns3:TrackPointExtension>
        </extensions>
      </trkpt>
      <trkpt lat="38.72093654237687587738037109375" lon="112.75481698103249073028564453125">
        <ele>801.20001220703125</ele>
        <time>2026-08-28T03:25:54.000Z</time>
        <extensions>
          <ns3:TrackPointExtension>
            <ns3:hr>195</ns3:hr>
            <ns3:cad>88</ns3:cad>
          </ns3:TrackPointExtension>
        </extensions>
      </trkpt>
      <trkpt lat="38.72095028869807720184326171875" lon="112.7547959424555301666259765625">
        <ele>801.20001220703125</ele>
        <time>2026-08-28T03:25:55.000Z</time>
        <extensions>
          <ns3:TrackPointExtension>
            <ns3:hr>194</ns3:hr>
            <ns3:cad>88</ns3:cad>
          </ns3:TrackPointExtension>
        </extensions>
      </trkpt>
      <trkpt lat="38.720962107181549072265625" lon="112.75476903654634952545166015625">
        <ele>801.20001220703125</ele>
        <time>2026-08-28T03:25:56.000Z</time>
        <extensions>
          <ns3:TrackPointExtension>
            <ns3:hr>193</ns3:hr>
            <ns3:cad>90</ns3:cad>
          </ns3:TrackPointExtension>
        </extensions>
      </trkpt>
      <trkpt lat="38.7209713272750377655029296875" lon="112.754746489226818084716796875">
        <ele>801.20001220703125</ele>
        <time>2026-08-28T03:25:57.000Z</time>
        <extensions>
          <ns3:TrackPointExtension>
            <ns3:hr>190</ns3:hr>
            <ns3:cad>90</ns3:cad>
          </ns3:TrackPointExtension>
        </extensions>
      </trkpt>
      <trkpt lat="38.72097677551209926605224609375" lon="112.75472201406955718994140625">
        <ele>801.20001220703125</ele>
        <time>2026-08-28T03:25:58.000Z</time>
        <extensions>
          <ns3:TrackPointExtension>
            <ns3:hr>188</ns3:hr>
            <ns3:cad>89</ns3:cad>
          </ns3:TrackPointExtension>
        </extensions>
      </trkpt>
      <trkpt lat="38.720983564853668212890625" lon="112.75470449589192867279052734375">
        <ele>801.20001220703125</ele>
        <time>2026-08-28T03:25:59.000Z</time>
        <extensions>
          <ns3:TrackPointExtension>
            <ns3:hr>187</ns3:hr>
            <ns3:cad>88</ns3:cad>
          </ns3:TrackPointExtension>
        </extensions>
      </trkpt>
      <trkpt lat="38.72098666615784168243408203125" lon="112.75468136183917522430419921875">
        <ele>801.20001220703125</ele>
        <time>2026-08-28T03:26:00.000Z</time>
        <extensions>
          <ns3:TrackPointExtension>
            <ns3:hr>186</ns3:hr>
            <ns3:cad>88</ns3:cad>
          </ns3:TrackPointExtension>
        </extensions>
      </trkpt>
      <trkpt lat="38.720997311174869537353515625" lon="112.75466208346188068389892578125">
        <ele>801.20001220703125</ele>
        <time>2026-08-28T03:26:01.000Z</time>
        <extensions>
          <ns3:TrackPointExtension>
            <ns3:hr>186</ns3:hr>
            <ns3:cad>88</ns3:cad>
          </ns3:TrackPointExtension>
        </extensions>
      </trkpt>
      <trkpt lat="38.7210031785070896148681640625" lon="112.75463811121881008148193359375">
        <ele>801.4000244140625</ele>
        <time>2026-08-28T03:26:02.000Z</time>
        <extensions>
          <ns3:TrackPointExtension>
            <ns3:hr>185</ns3:hr>
            <ns3:cad>89</ns3:cad>
          </ns3:TrackPointExtension>
        </extensions>
      </trkpt>
      <trkpt lat="38.7210125662386417388916015625" lon="112.75462151505053043365478515625">
        <ele>801.20001220703125</ele>
        <time>2026-08-28T03:26:03.000Z</time>
        <extensions>
          <ns3:TrackPointExtension>
            <ns3:hr>184</ns3:hr>
            <ns3:cad>90</ns3:cad>
          </ns3:TrackPointExtension>
        </extensions>
      </trkpt>
      <trkpt lat="38.721016086637973785400390625" lon="112.754607014358043670654296875">
        <ele>801.20001220703125</ele>
        <time>2026-08-28T03:26:04.000Z</time>
        <extensions>
          <ns3:TrackPointExtension>
            <ns3:hr>184</ns3:hr>
            <ns3:cad>90</ns3:cad>
          </ns3:TrackPointExtension>
        </extensions>
      </trkpt>
      <trkpt lat="38.7210209481418132781982421875" lon="112.75458463467657566070556640625">
        <ele>801.20001220703125</ele>
        <time>2026-08-28T03:26:05.000Z</time>
        <extensions>
          <ns3:TrackPointExtension>
            <ns3:hr>183</ns3:hr>
            <ns3:cad>89</ns3:cad>
          </ns3:TrackPointExtension>
        </extensions>
      </trkpt>
      <trkpt lat="38.7210219539701938629150390625" lon="112.75456585921347141265869140625">
        <ele>801.20001220703125</ele>
        <time>2026-08-28T03:26:06.000Z</time>
        <extensions>
          <ns3:TrackPointExtension>
            <ns3:hr>183</ns3:hr>
            <ns3:cad>88</ns3:cad>
          </ns3:TrackPointExtension>
        </extensions>
      </trkpt>
      <trkpt lat="38.7210286594927310943603515625" lon="112.75453853420913219451904296875">
        <ele>801.20001220703125</ele>
        <time>2026-08-28T03:26:07.000Z</time>
        <extensions>
          <ns3:TrackPointExtension>
            <ns3:hr>182</ns3:hr>
            <ns3:cad>88</ns3:cad>
          </ns3:TrackPointExtension>
        </extensions>
      </trkpt>
      <trkpt lat="38.72103461064398288726806640625" lon="112.7545190043747425079345703125">
        <ele>801.20001220703125</ele>
        <time>2026-08-28T03:26:08.000Z</time>
        <extensions>
          <ns3:TrackPointExtension>
            <ns3:hr>182</ns3:hr>
            <ns3:cad>88</ns3:cad>
          </ns3:TrackPointExtension>
        </extensions>
      </trkpt>
      <trkpt lat="38.7210407294332981109619140625" lon="112.754493020474910736083984375">
        <ele>801.20001220703125</ele>
        <time>2026-08-28T03:26:09.000Z</time>
        <extensions>
          <ns3:TrackPointExtension>
            <ns3:hr>182</ns3:hr>
            <ns3:cad>87</ns3:cad>
          </ns3:TrackPointExtension>
        </extensions>
      </trkpt>
      <trkpt lat="38.72104592621326446533203125" lon="112.75447198189795017242431640625">
        <ele>801.20001220703125</ele>
        <time>2026-08-28T03:26:10.000Z</time>
        <extensions>
          <ns3:TrackPointExtension>
            <ns3:hr>181</ns3:hr>
            <ns3:cad>87</ns3:cad>
          </ns3:TrackPointExtension>
        </extensions>
      </trkpt>
      <trkpt lat="38.721050955355167388916015625" lon="112.7544472552835941314697265625">
        <ele>801.20001220703125</ele>
        <time>2026-08-28T03:26:11.000Z</time>
        <extensions>
          <ns3:TrackPointExtension>
            <ns3:hr>181</ns3:hr>
            <ns3:cad>87</ns3:cad>
          </ns3:TrackPointExtension>
        </extensions>
      </trkpt>
      <trkpt lat="38.7210548110306262969970703125" lon="112.75442621670663356781005859375">
        <ele>801.4000244140625</ele>
        <time>2026-08-28T03:26:12.000Z</time>
        <extensions>
          <ns3:TrackPointExtension>
            <ns3:hr>180</ns3:hr>
            <ns3:cad>87</ns3:cad>
          </ns3:TrackPointExtension>
        </extensions>
      </trkpt>
      <trkpt lat="38.7210591696202754974365234375" lon="112.75440375320613384246826171875">
        <ele>801.4000244140625</ele>
        <time>2026-08-28T03:26:13.000Z</time>
        <extensions>
          <ns3:TrackPointExtension>
            <ns3:hr>180</ns3:hr>
            <ns3:cad>88</ns3:cad>
          </ns3:TrackPointExtension>
        </extensions>
      </trkpt>
      <trkpt lat="38.72106143273413181304931640625" lon="112.7543828822672367095947265625">
        <ele>801.4000244140625</ele>
        <time>2026-08-28T03:26:14.000Z</time>
        <extensions>
          <ns3:TrackPointExtension>
            <ns3:hr>179</ns3:hr>
            <ns3:cad>89</ns3:cad>
          </ns3:TrackPointExtension>
        </extensions>
      </trkpt>
      <trkpt lat="38.7210707366466522216796875" lon="112.75435857474803924560546875">
        <ele>801.4000244140625</ele>
        <time>2026-08-28T03:26:15.000Z</time>
        <extensions>
          <ns3:TrackPointExtension>
            <ns3:hr>179</ns3:hr>
            <ns3:cad>89</ns3:cad>
          </ns3:TrackPointExtension>
        </extensions>
      </trkpt>
      <trkpt lat="38.721074424684047698974609375" lon="112.7543362788856029510498046875">
        <ele>801.4000244140625</ele>
        <time>2026-08-28T03:26:16.000Z</time>
        <extensions>
          <ns3:TrackPointExtension>
            <ns3:hr>178</ns3:hr>
            <ns3:cad>90</ns3:cad>
          </ns3:TrackPointExtension>
        </extensions>
      </trkpt>
      <trkpt lat="38.721082471311092376708984375" lon="112.75431004352867603302001953125">
        <ele>801.4000244140625</ele>
        <time>2026-08-28T03:26:17.000Z</time>
        <extensions>
          <ns3:TrackPointExtension>
            <ns3:hr>178</ns3:hr>
            <ns3:cad>91</ns3:cad>
          </ns3:TrackPointExtension>
        </extensions>
      </trkpt>
      <trkpt lat="38.72108439914882183074951171875" lon="112.754288502037525177001953125">
        <ele>801.4000244140625</ele>
        <time>2026-08-28T03:26:18.000Z</time>
        <extensions>
          <ns3:TrackPointExtension>
            <ns3:hr>177</ns3:hr>
            <ns3:cad>91</ns3:cad>
          </ns3:TrackPointExtension>
        </extensions>
      </trkpt>
      <trkpt lat="38.72109143994748592376708984375" lon="112.75426201522350311279296875">
        <ele>801.4000244140625</ele>
        <time>2026-08-28T03:26:19.000Z</time>
        <extensions>
          <ns3:TrackPointExtension>
            <ns3:hr>176</ns3:hr>
            <ns3:cad>91</ns3:cad>
          </ns3:TrackPointExtension>
        </extensions>
      </trkpt>
      <trkpt lat="38.7210923619568347930908203125" lon="112.75424013845622539520263671875">
        <ele>801.4000244140625</ele>
        <time>2026-08-28T03:26:20.000Z</time>
        <extensions>
          <ns3:TrackPointExtension>
            <ns3:hr>176</ns3:hr>
            <ns3:cad>90</ns3:cad>
          </ns3:TrackPointExtension>
        </extensions>
      </trkpt>
      <trkpt lat="38.721099905669689178466796875" lon="112.7542098797857761383056640625">
        <ele>801.5999755859375</ele>
        <time>2026-08-28T03:26:21.000Z</time>
        <extensions>
          <ns3:TrackPointExtension>
            <ns3:hr>175</ns3:hr>
            <ns3:cad>90</ns3:cad>
          </ns3:TrackPointExtension>
        </extensions>
      </trkpt>
      <trkpt lat="38.7211004085838794708251953125" lon="112.75418850593268871307373046875">
        <ele>801.5999755859375</ele>
        <time>2026-08-28T03:26:22.000Z</time>
        <extensions>
          <ns3:TrackPointExtension>
            <ns3:hr>175</ns3:hr>
            <ns3:cad>90</ns3:cad>
          </ns3:TrackPointExtension>
        </extensions>
      </trkpt>
      <trkpt lat="38.721109963953495025634765625" lon="112.75416218675673007965087890625">
        <ele>801.5999755859375</ele>
        <time>2026-08-28T03:26:23.000Z</time>
        <extensions>
          <ns3:TrackPointExtension>
            <ns3:hr>175</ns3:hr>
            <ns3:cad>90</ns3:cad>
          </ns3:TrackPointExtension>
        </extensions>
      </trkpt>
      <trkpt lat="38.72111105360090732574462890625" lon="112.754138968884944915771484375">
        <ele>801.5999755859375</ele>
        <time>2026-08-28T03:26:24.000Z</time>
        <extensions>
          <ns3:TrackPointExtension>
            <ns3:hr>174</ns3:hr>
            <ns3:cad>92</ns3:cad>
          </ns3:TrackPointExtension>
        </extensions>
      </trkpt>
      <trkpt lat="38.72112077660858631134033203125" lon="112.75411172769963741302490234375">
        <ele>801.5999755859375</ele>
        <time>2026-08-28T03:26:25.000Z</time>
        <extensions>
          <ns3:TrackPointExtension>
            <ns3:hr>174</ns3:hr>
            <ns3:cad>92</ns3:cad>
          </ns3:TrackPointExtension>
        </extensions>
      </trkpt>
      <trkpt lat="38.721118681132793426513671875" lon="112.7540888451039791107177734375">
        <ele>801.5999755859375</ele>
        <time>2026-08-28T03:26:26.000Z</time>
        <extensions>
          <ns3:TrackPointExtension>
            <ns3:hr>174</ns3:hr>
            <ns3:cad>92</ns3:cad>
          </ns3:TrackPointExtension>
        </extensions>
      </trkpt>
      <trkpt lat="38.72112647630274295806884765625" lon="112.75406160391867160797119140625">
        <ele>801.5999755859375</ele>
        <time>2026-08-28T03:26:27.000Z</time>
        <extensions>
          <ns3:TrackPointExtension>
            <ns3:hr>174</ns3:hr>
            <ns3:cad>91</ns3:cad>
          </ns3:TrackPointExtension>
        </extensions>
      </trkpt>
      <trkpt lat="38.7211211957037448883056640625" lon="112.7540372125804424285888671875">
        <ele>801.5999755859375</ele>
        <time>2026-08-28T03:26:28.000Z</time>
        <extensions>
          <ns3:TrackPointExtension>
            <ns3:hr>175</ns3:hr>
            <ns3:cad>91</ns3:cad>
          </ns3:TrackPointExtension>
        </extensions>
      </trkpt>
      <trkpt lat="38.72112597338855266571044921875" lon="112.75400695390999317169189453125">
        <ele>801.5999755859375</ele>
        <time>2026-08-28T03:26:29.000Z</time>
        <extensions>
          <ns3:TrackPointExtension>
            <ns3:hr>175</ns3:hr>
            <ns3:cad>91</ns3:cad>
          </ns3:TrackPointExtension>
        </extensions>
      </trkpt>
      <trkpt lat="38.7211242131888866424560546875" lon="112.75398440659046173095703125">
        <ele>801.5999755859375</ele>
        <time>2026-08-28T03:26:30.000Z</time>
        <extensions>
          <ns3:TrackPointExtension>
            <ns3:hr>174</ns3:hr>
            <ns3:cad>91</ns3:cad>
          </ns3:TrackPointExtension>
        </extensions>
      </trkpt>
      <trkpt lat="38.7211319245398044586181640625" lon="112.75395599193871021270751953125">
        <ele>801.5999755859375</ele>
        <time>2026-08-28T03:26:31.000Z</time>
        <extensions>
          <ns3:TrackPointExtension>
            <ns3:hr>174</ns3:hr>
            <ns3:cad>92</ns3:cad>
          </ns3:TrackPointExtension>
        </extensions>
      </trkpt>
      <trkpt lat="38.7211339361965656280517578125" lon="112.75392942130565643310546875">
        <ele>801.5999755859375</ele>
        <time>2026-08-28T03:26:32.000Z</time>
        <extensions>
          <ns3:TrackPointExtension>
            <ns3:hr>174</ns3:hr>
            <ns3:cad>92</ns3:cad>
          </ns3:TrackPointExtension>
        </extensions>
      </trkpt>
      <trkpt lat="38.7211416475474834442138671875" lon="112.7539057843387126922607421875">
        <ele>801.5999755859375</ele>
        <time>2026-08-28T03:26:33.000Z</time>
        <extensions>
          <ns3:TrackPointExtension>
            <ns3:hr>173</ns3:hr>
            <ns3:cad>92</ns3:cad>
          </ns3:TrackPointExtension>
        </extensions>
      </trkpt>
      <trkpt lat="38.7211458384990692138671875" lon="112.75387988425791263580322265625">
        <ele>801.5999755859375</ele>
        <time>2026-08-28T03:26:34.000Z</time>
        <extensions>
          <ns3:TrackPointExtension>
            <ns3:hr>173</ns3:hr>
            <ns3:cad>92</ns3:cad>
          </ns3:TrackPointExtension>
        </extensions>
      </trkpt>
      <trkpt lat="38.72115053236484527587890625" lon="112.7538585104048252105712890625">
        <ele>801.5999755859375</ele>
        <time>2026-08-28T03:26:35.000Z</time>
        <extensions>
          <ns3:TrackPointExtension>
            <ns3:hr>173</ns3:hr>
            <ns3:cad>92</ns3:cad>
          </ns3:TrackPointExtension>
        </extensions>
      </trkpt>
      <trkpt lat="38.72115631587803363800048828125" lon="112.7538333646953105926513671875">
        <ele>801.79998779296875</ele>
        <time>2026-08-28T03:26:36.000Z</time>
        <extensions>
          <ns3:TrackPointExtension>
            <ns3:hr>173</ns3:hr>
            <ns3:cad>90</ns3:cad>
          </ns3:TrackPointExtension>
        </extensions>
      </trkpt>
      <trkpt lat="38.72116134501993656158447265625" lon="112.75381266139447689056396484375">
        <ele>801.79998779296875</ele>
        <time>2026-08-28T03:26:37.000Z</time>
        <extensions>
          <ns3:TrackPointExtension>
            <ns3:hr>172</ns3:hr>
            <ns3:cad>90</ns3:cad>
          </ns3:TrackPointExtension>
        </extensions>
      </trkpt>
      <trkpt lat="38.72116930782794952392578125" lon="112.75378718040883541107177734375">
        <ele>801.79998779296875</ele>
        <time>2026-08-28T03:26:38.000Z</time>
        <extensions>
          <ns3:TrackPointExtension>
            <ns3:hr>173</ns3:hr>
            <ns3:cad>92</ns3:cad>
          </ns3:TrackPointExtension>
        </extensions>
      </trkpt>
      <trkpt lat="38.72117643244564533233642578125" lon="112.753762789070606231689453125">
        <ele>801.79998779296875</ele>
        <time>2026-08-28T03:26:39.000Z</time>
        <extensions>
          <ns3:TrackPointExtension>
            <ns3:hr>173</ns3:hr>
            <ns3:cad>93</ns3:cad>
          </ns3:TrackPointExtension>
        </extensions>
      </trkpt>
      <trkpt lat="38.7211852334439754486083984375" lon="112.75373504497110843658447265625">
        <ele>801.79998779296875</ele>
        <time>2026-08-28T03:26:40.000Z</time>
        <extensions>
          <ns3:TrackPointExtension>
            <ns3:hr>173</ns3:hr>
            <ns3:cad>93</ns3:cad>
          </ns3:TrackPointExtension>
        </extensions>
      </trkpt>
      <trkpt lat="38.7211889214813709259033203125" lon="112.7537096478044986724853515625">
        <ele>802</ele>
        <time>2026-08-28T03:26:41.000Z</time>
        <extensions>
          <ns3:TrackPointExtension>
            <ns3:hr>173</ns3:hr>
            <ns3:cad>92</ns3:cad>
          </ns3:TrackPointExtension>
        </extensions>
      </trkpt>
      <trkpt lat="38.7211983092129230499267578125" lon="112.75367955677211284637451171875">
        <ele>802</ele>
        <time>2026-08-28T03:26:42.000Z</time>
        <extensions>
          <ns3:TrackPointExtension>
            <ns3:hr>173</ns3:hr>
            <ns3:cad>92</ns3:cad>
          </ns3:TrackPointExtension>
        </extensions>
      </trkpt>
      <trkpt lat="38.7212009914219379425048828125" lon="112.7536580152809619903564453125">
        <ele>802</ele>
        <time>2026-08-28T03:26:43.000Z</time>
        <extensions>
          <ns3:TrackPointExtension>
            <ns3:hr>173</ns3:hr>
            <ns3:cad>92</ns3:cad>
          </ns3:TrackPointExtension>
        </extensions>
      </trkpt>
      <trkpt lat="38.72121079824864864349365234375" lon="112.7536310255527496337890625">
        <ele>802</ele>
        <time>2026-08-28T03:26:44.000Z</time>
        <extensions>
          <ns3:TrackPointExtension>
            <ns3:hr>172</ns3:hr>
            <ns3:cad>92</ns3:cad>
          </ns3:TrackPointExtension>
        </extensions>
      </trkpt>
      <trkpt lat="38.72121314518153667449951171875" lon="112.75360889732837677001953125">
        <ele>802.20001220703125</ele>
        <time>2026-08-28T03:26:45.000Z</time>
        <extensions>
          <ns3:TrackPointExtension>
            <ns3:hr>172</ns3:hr>
            <ns3:cad>91</ns3:cad>
          </ns3:TrackPointExtension>
        </extensions>
      </trkpt>
      <trkpt lat="38.7212207727134227752685546875" lon="112.75358417071402072906494140625">
        <ele>802.20001220703125</ele>
        <time>2026-08-28T03:26:46.000Z</time>
        <extensions>
          <ns3:TrackPointExtension>
            <ns3:hr>172</ns3:hr>
            <ns3:cad>91</ns3:cad>
          </ns3:TrackPointExtension>
        </extensions>
      </trkpt>
      <trkpt lat="38.72122202999889850616455078125" lon="112.7535614557564258575439453125">
        <ele>802.20001220703125</ele>
        <time>2026-08-28T03:26:47.000Z</time>
        <extensions>
          <ns3:TrackPointExtension>
            <ns3:hr>172</ns3:hr>
            <ns3:cad>90</ns3:cad>
          </ns3:TrackPointExtension>
        </extensions>
      </trkpt>
      <trkpt lat="38.72122965753078460693359375" lon="112.7535356394946575164794921875">
        <ele>802.20001220703125</ele>
        <time>2026-08-28T03:26:48.000Z</time>
        <extensions>
          <ns3:TrackPointExtension>
            <ns3:hr>171</ns3:hr>
            <ns3:cad>90</ns3:cad>
          </ns3:TrackPointExtension>
        </extensions>
      </trkpt>
      <trkpt lat="38.72123141773045063018798828125" lon="112.7535130083560943603515625">
        <ele>802.20001220703125</ele>
        <time>2026-08-28T03:26:49.000Z</time>
        <extensions>
          <ns3:TrackPointExtension>
            <ns3:hr>170</ns3:hr>
            <ns3:cad>90</ns3:cad>
          </ns3:TrackPointExtension>
        </extensions>
      </trkpt>
      <trkpt lat="38.72123996727168560028076171875" lon="112.753486521542072296142578125">
        <ele>802.20001220703125</ele>
        <time>2026-08-28T03:26:50.000Z</time>
        <extensions>
          <ns3:TrackPointExtension>
            <ns3:hr>170</ns3:hr>
            <ns3:cad>90</ns3:cad>
          </ns3:TrackPointExtension>
        </extensions>
      </trkpt>
      <trkpt lat="38.7212432362139225006103515625" lon="112.75346866808831691741943359375">
        <ele>802</ele>
        <time>2026-08-28T03:26:51.000Z</time>
        <extensions>
          <ns3:TrackPointExtension>
            <ns3:hr>170</ns3:hr>
            <ns3:cad>92</ns3:cad>
          </ns3:TrackPointExtension>
        </extensions>
      </trkpt>
      <trkpt lat="38.72124977409839630126953125" lon="112.75344704277813434600830078125">
        <ele>802</ele>
        <time>2026-08-28T03:26:52.000Z</time>
        <extensions>
          <ns3:TrackPointExtension>
            <ns3:hr>171</ns3:hr>
            <ns3:cad>92</ns3:cad>
          </ns3:TrackPointExtension>
        </extensions>
      </trkpt>
      <trkpt lat="38.72125119902193546295166015625" lon="112.75342793203890323638916015625">
        <ele>802.20001220703125</ele>
        <time>2026-08-28T03:26:53.000Z</time>
        <extensions>
          <ns3:TrackPointExtension>
            <ns3:hr>170</ns3:hr>
            <ns3:cad>90</ns3:cad>
          </ns3:TrackPointExtension>
        </extensions>
      </trkpt>
      <trkpt lat="38.7212598323822021484375" lon="112.75340446271002292633056640625">
        <ele>802.20001220703125</ele>
        <time>2026-08-28T03:26:54.000Z</time>
        <extensions>
          <ns3:TrackPointExtension>
            <ns3:hr>170</ns3:hr>
            <ns3:cad>90</ns3:cad>
          </ns3:TrackPointExtension>
        </extensions>
      </trkpt>
      <trkpt lat="38.7212603352963924407958984375" lon="112.75337965227663516998291015625">
        <ele>802.20001220703125</ele>
        <time>2026-08-28T03:26:55.000Z</time>
        <extensions>
          <ns3:TrackPointExtension>
            <ns3:hr>169</ns3:hr>
            <ns3:cad>90</ns3:cad>
          </ns3:TrackPointExtension>
        </extensions>
      </trkpt>
      <trkpt lat="38.72126963920891284942626953125" lon="112.75335551239550113677978515625">
        <ele>802.20001220703125</ele>
        <time>2026-08-28T03:26:56.000Z</time>
        <extensions>
          <ns3:TrackPointExtension>
            <ns3:hr>169</ns3:hr>
            <ns3:cad>90</ns3:cad>
          </ns3:TrackPointExtension>
        </extensions>
      </trkpt>
      <trkpt lat="38.7212707288563251495361328125" lon="112.75333455763757228851318359375">
        <ele>802.20001220703125</ele>
        <time>2026-08-28T03:26:57.000Z</time>
        <extensions>
          <ns3:TrackPointExtension>
            <ns3:hr>169</ns3:hr>
            <ns3:cad>91</ns3:cad>
          </ns3:TrackPointExtension>
        </extensions>
      </trkpt>
      <trkpt lat="38.72128036804497241973876953125" lon="112.75330773554742336273193359375">
        <ele>802.20001220703125</ele>
        <time>2026-08-28T03:26:58.000Z</time>
        <extensions>
          <ns3:TrackPointExtension>
            <ns3:hr>169</ns3:hr>
            <ns3:cad>91</ns3:cad>
          </ns3:TrackPointExtension>
        </extensions>
      </trkpt>
      <trkpt lat="38.72128103859722614288330078125" lon="112.75328703224658966064453125">
        <ele>802.20001220703125</ele>
        <time>2026-08-28T03:26:59.000Z</time>
        <extensions>
          <ns3:TrackPointExtension>
            <ns3:hr>168</ns3:hr>
            <ns3:cad>91</ns3:cad>
          </ns3:TrackPointExtension>
        </extensions>
      </trkpt>
      <trkpt lat="38.7212921865284442901611328125" lon="112.7532630600035190582275390625">
        <ele>802.20001220703125</ele>
        <time>2026-08-28T03:27:00.000Z</time>
        <extensions>
          <ns3:TrackPointExtension>
            <ns3:hr>168</ns3:hr>
            <ns3:cad>90</ns3:cad>
          </ns3:TrackPointExtension>
        </extensions>
      </trkpt>
      <trkpt lat="38.72129361145198345184326171875" lon="112.753241769969463348388671875">
        <ele>802.20001220703125</ele>
        <time>2026-08-28T03:27:01.000Z</time>
        <extensions>
          <ns3:TrackPointExtension>
            <ns3:hr>168</ns3:hr>
            <ns3:cad>90</ns3:cad>
          </ns3:TrackPointExtension>
        </extensions>
      </trkpt>
      <trkpt lat="38.721302412450313568115234375" lon="112.7532164566218852996826171875">
        <ele>802.20001220703125</ele>
        <time>2026-08-28T03:27:02.000Z</time>
        <extensions>
          <ns3:TrackPointExtension>
            <ns3:hr>167</ns3:hr>
            <ns3:cad>90</ns3:cad>
          </ns3:TrackPointExtension>
        </extensions>
      </trkpt>
      <trkpt lat="38.72130316682159900665283203125" lon="112.753195501863956451416015625">
        <ele>802.20001220703125</ele>
        <time>2026-08-28T03:27:03.000Z</time>
        <extensions>
          <ns3:TrackPointExtension>
            <ns3:hr>167</ns3:hr>
            <ns3:cad>90</ns3:cad>
          </ns3:TrackPointExtension>
        </extensions>
      </trkpt>
      <trkpt lat="38.72130903415381908416748046875" lon="112.75317010469734668731689453125">
        <ele>802.20001220703125</ele>
        <time>2026-08-28T03:27:04.000Z</time>
        <extensions>
          <ns3:TrackPointExtension>
            <ns3:hr>167</ns3:hr>
            <ns3:cad>90</ns3:cad>
          </ns3:TrackPointExtension>
        </extensions>
      </trkpt>
      <trkpt lat="38.72130802832543849945068359375" lon="112.7531463839113712310791015625">
        <ele>802.20001220703125</ele>
        <time>2026-08-28T03:27:05.000Z</time>
        <extensions>
          <ns3:TrackPointExtension>
            <ns3:hr>166</ns3:hr>
            <ns3:cad>91</ns3:cad>
          </ns3:TrackPointExtension>
        </extensions>
      </trkpt>
      <trkpt lat="38.72131473384797573089599609375" lon="112.75312484242022037506103515625">
        <ele>802.20001220703125</ele>
        <time>2026-08-28T03:27:06.000Z</time>
        <extensions>
          <ns3:TrackPointExtension>
            <ns3:hr>166</ns3:hr>
            <ns3:cad>91</ns3:cad>
          </ns3:TrackPointExtension>
        </extensions>
      </trkpt>
      <trkpt lat="38.72131557203829288482666015625" lon="112.75310355238616466522216796875">
        <ele>802.4000244140625</ele>
        <time>2026-08-28T03:27:07.000Z</time>
        <extensions>
          <ns3:TrackPointExtension>
            <ns3:hr>166</ns3:hr>
            <ns3:cad>91</ns3:cad>
          </ns3:TrackPointExtension>
        </extensions>
      </trkpt>
      <trkpt lat="38.72132127173244953155517578125" lon="112.75308142416179180145263671875">
        <ele>802.4000244140625</ele>
        <time>2026-08-28T03:27:08.000Z</time>
        <extensions>
          <ns3:TrackPointExtension>
            <ns3:hr>166</ns3:hr>
            <ns3:cad>90</ns3:cad>
          </ns3:TrackPointExtension>
        </extensions>
      </trkpt>
      <trkpt lat="38.7213283963501453399658203125" lon="112.75305368006229400634765625">
        <ele>802.4000244140625</ele>
        <time>2026-08-28T03:27:09.000Z</time>
        <extensions>
          <ns3:TrackPointExtension>
            <ns3:hr>166</ns3:hr>
            <ns3:cad>90</ns3:cad>
          </ns3:TrackPointExtension>
        </extensions>
      </trkpt>
      <trkpt lat="38.7213327549397945404052734375" lon="112.753029875457286834716796875">
        <ele>802.4000244140625</ele>
        <time>2026-08-28T03:27:10.000Z</time>
        <extensions>
          <ns3:TrackPointExtension>
            <ns3:hr>165</ns3:hr>
            <ns3:cad>91</ns3:cad>
          </ns3:TrackPointExtension>
        </extensions>
      </trkpt>
      <trkpt lat="38.7213397957384586334228515625" lon="112.75300674140453338623046875">
        <ele>802.4000244140625</ele>
        <time>2026-08-28T03:27:11.000Z</time>
        <extensions>
          <ns3:TrackPointExtension>
            <ns3:hr>165</ns3:hr>
            <ns3:cad>92</ns3:cad>
          </ns3:TrackPointExtension>
        </extensions>
      </trkpt>
      <trkpt lat="38.721339963376522064208984375" lon="112.7529837749898433685302734375">
        <ele>802.4000244140625</ele>
        <time>2026-08-28T03:27:12.000Z</time>
        <extensions>
          <ns3:TrackPointExtension>
            <ns3:hr>165</ns3:hr>
            <ns3:cad>93</ns3:cad>
          </ns3:TrackPointExtension>
        </extensions>
      </trkpt>
      <trkpt lat="38.721346668899059295654296875" lon="112.75295334868133068084716796875">
        <ele>802.4000244140625</ele>
        <time>2026-08-28T03:27:13.000Z</time>
        <extensions>
          <ns3:TrackPointExtension>
            <ns3:hr>165</ns3:hr>
            <ns3:cad>93</ns3:cad>
          </ns3:TrackPointExtension>
        </extensions>
      </trkpt>
      <trkpt lat="38.721349351108074188232421875" lon="112.75292954407632350921630859375">
        <ele>802.4000244140625</ele>
        <time>2026-08-28T03:27:14.000Z</time>
        <extensions>
          <ns3:TrackPointExtension>
            <ns3:hr>165</ns3:hr>
            <ns3:cad>93</ns3:cad>
          </ns3:TrackPointExtension>
        </extensions>
      </trkpt>
      <trkpt lat="38.72135572135448455810546875" lon="112.75290389545261859893798828125">
        <ele>802.5999755859375</ele>
        <time>2026-08-28T03:27:15.000Z</time>
        <extensions>
          <ns3:TrackPointExtension>
            <ns3:hr>166</ns3:hr>
            <ns3:cad>92</ns3:cad>
          </ns3:TrackPointExtension>
        </extensions>
      </trkpt>
      <trkpt lat="38.72135438024997711181640625" lon="112.75287799537181854248046875">
        <ele>802.5999755859375</ele>
        <time>2026-08-28T03:27:16.000Z</time>
        <extensions>
          <ns3:TrackPointExtension>
            <ns3:hr>165</ns3:hr>
            <ns3:cad>91</ns3:cad>
          </ns3:TrackPointExtension>
        </extensions>
      </trkpt>
      <trkpt lat="38.72136452235281467437744140625" lon="112.75284555740654468536376953125">
        <ele>802.5999755859375</ele>
        <time>2026-08-28T03:27:17.000Z</time>
        <extensions>
          <ns3:TrackPointExtension>
            <ns3:hr>165</ns3:hr>
            <ns3:cad>91</ns3:cad>
          </ns3:TrackPointExtension>
        </extensions>
      </trkpt>
      <trkpt lat="38.72136510908603668212890625" lon="112.7528154663741588592529296875">
        <ele>802.5999755859375</ele>
        <time>2026-08-28T03:27:18.000Z</time>
        <extensions>
          <ns3:TrackPointExtension>
            <ns3:hr>166</ns3:hr>
            <ns3:cad>92</ns3:cad>
          </ns3:TrackPointExtension>
        </extensions>
      </trkpt>
      <trkpt lat="38.72137910686433315277099609375" lon="112.75276576168835163116455078125">
        <ele>802.5999755859375</ele>
        <time>2026-08-28T03:27:19.000Z</time>
        <extensions>
          <ns3:TrackPointExtension>
            <ns3:hr>165</ns3:hr>
            <ns3:cad>92</ns3:cad>
          </ns3:TrackPointExtension>
        </extensions>
      </trkpt>
      <trkpt lat="38.72138413600623607635498046875" lon="112.75272552855312824249267578125">
        <ele>802.4000244140625</ele>
        <time>2026-08-28T03:27:20.000Z</time>
        <extensions>
          <ns3:TrackPointExtension>
            <ns3:hr>165</ns3:hr>
            <ns3:cad>92</ns3:cad>
          </ns3:TrackPointExtension>
        </extensions>
      </trkpt>
      <trkpt lat="38.72140140272676944732666015625" lon="112.7526820264756679534912109375">
        <ele>802.4000244140625</ele>
        <time>2026-08-28T03:27:21.000Z</time>
        <extensions>
          <ns3:TrackPointExtension>
            <ns3:hr>165</ns3:hr>
            <ns3:cad>91</ns3:cad>
          </ns3:TrackPointExtension>
        </extensions>
      </trkpt>
      <trkpt lat="38.7214081920683383941650390625" lon="112.7526370994746685028076171875">
        <ele>802.4000244140625</ele>
        <time>2026-08-28T03:27:22.000Z</time>
        <extensions>
          <ns3:TrackPointExtension>
            <ns3:hr>165</ns3:hr>
            <ns3:cad>91</ns3:cad>
          </ns3:TrackPointExtension>
        </extensions>
      </trkpt>
      <trkpt lat="38.72141598723828792572021484375" lon="112.7526037395000457763671875">
        <ele>802.4000244140625</ele>
        <time>2026-08-28T03:27:23.000Z</time>
        <extensions>
          <ns3:TrackPointExtension>
            <ns3:hr>164</ns3:hr>
            <ns3:cad>91</ns3:cad>
          </ns3:TrackPointExtension>
        </extensions>
      </trkpt>
      <trkpt lat="38.721427805721759796142578125" lon="112.7525562979280948638916015625">
        <ele>802.4000244140625</ele>
        <time>2026-08-28T03:27:24.000Z</time>
        <extensions>
          <ns3:TrackPointExtension>
            <ns3:hr>165</ns3:hr>
            <ns3:cad>91</ns3:cad>
          </ns3:TrackPointExtension>
        </extensions>
      </trkpt>
      <trkpt lat="38.7214333377778530120849609375" lon="112.75252050720155239105224609375">
        <ele>802.4000244140625</ele>
        <time>2026-08-28T03:27:25.000Z</time>
        <extensions>
          <ns3:TrackPointExtension>
            <ns3:hr>165</ns3:hr>
            <ns3:cad>91</ns3:cad>
          </ns3:TrackPointExtension>
        </extensions>
      </trkpt>
      <trkpt lat="38.72144532389938831329345703125" lon="112.75246686302125453948974609375">
        <ele>802.5999755859375</ele>
        <time>2026-08-28T03:27:26.000Z</time>
        <extensions>
          <ns3:TrackPointExtension>
            <ns3:hr>166</ns3:hr>
            <ns3:cad>94</ns3:cad>
          </ns3:TrackPointExtension>
        </extensions>
      </trkpt>
      <trkpt lat="38.72144733555614948272705078125" lon="112.75242914445698261260986328125">
        <ele>802.5999755859375</ele>
        <time>2026-08-28T03:27:27.000Z</time>
        <extensions>
          <ns3:TrackPointExtension>
            <ns3:hr>166</ns3:hr>
            <ns3:cad>94</ns3:cad>
          </ns3:TrackPointExtension>
        </extensions>
      </trkpt>
      <trkpt lat="38.72146376408636569976806640625" lon="112.752375416457653045654296875">
        <ele>802.79998779296875</ele>
        <time>2026-08-28T03:27:28.000Z</time>
        <extensions>
          <ns3:TrackPointExtension>
            <ns3:hr>167</ns3:hr>
            <ns3:cad>94</ns3:cad>
          </ns3:TrackPointExtension>
        </extensions>
      </trkpt>
      <trkpt lat="38.721468038856983184814453125" lon="112.7523336745798587799072265625">
        <ele>802.79998779296875</ele>
        <time>2026-08-28T03:27:29.000Z</time>
        <extensions>
          <ns3:TrackPointExtension>
            <ns3:hr>168</ns3:hr>
            <ns3:cad>92</ns3:cad>
          </ns3:TrackPointExtension>
        </extensions>
      </trkpt>
      <trkpt lat="38.72148186899721622467041015625" lon="112.75228715501725673675537109375">
        <ele>802.79998779296875</ele>
        <time>2026-08-28T03:27:30.000Z</time>
        <extensions>
          <ns3:TrackPointExtension>
            <ns3:hr>170</ns3:hr>
            <ns3:cad>92</ns3:cad>
          </ns3:TrackPointExtension>
        </extensions>
      </trkpt>
      <trkpt lat="38.721486143767833709716796875" lon="112.75224239565432071685791015625">
        <ele>802.79998779296875</ele>
        <time>2026-08-28T03:27:31.000Z</time>
        <extensions>
          <ns3:TrackPointExtension>
            <ns3:hr>171</ns3:hr>
            <ns3:cad>92</ns3:cad>
          </ns3:TrackPointExtension>
        </extensions>
      </trkpt>
      <trkpt lat="38.7214990518987178802490234375" lon="112.75219813920557498931884765625">
        <ele>802.79998779296875</ele>
        <time>2026-08-28T03:27:32.000Z</time>
        <extensions>
          <ns3:TrackPointExtension>
            <ns3:hr>171</ns3:hr>
            <ns3:cad>92</ns3:cad>
          </ns3:TrackPointExtension>
        </extensions>
      </trkpt>
      <trkpt lat="38.721509613096714019775390625" lon="112.7521504461765289306640625">
        <ele>802.79998779296875</ele>
        <time>2026-08-28T03:27:33.000Z</time>
        <extensions>
          <ns3:TrackPointExtension>
            <ns3:hr>171</ns3:hr>
            <ns3:cad>92</ns3:cad>
          </ns3:TrackPointExtension>
        </extensions>
      </trkpt>
      <trkpt lat="38.7215181626379489898681640625" lon="112.7521110512316226959228515625">
        <ele>802.79998779296875</ele>
        <time>2026-08-28T03:27:34.000Z</time>
        <extensions>
          <ns3:TrackPointExtension>
            <ns3:hr>172</ns3:hr>
            <ns3:cad>94</ns3:cad>
          </ns3:TrackPointExtension>
        </extensions>
      </trkpt>
      <trkpt lat="38.721530400216579437255859375" lon="112.752059586346149444580078125">
        <ele>802.79998779296875</ele>
        <time>2026-08-28T03:27:35.000Z</time>
        <extensions>
          <ns3:TrackPointExtension>
            <ns3:hr>173</ns3:hr>
            <ns3:cad>94</ns3:cad>
          </ns3:TrackPointExtension>
        </extensions>
      </trkpt>
      <trkpt lat="38.72154070995748043060302734375" lon="112.7520205266773700714111328125">
        <ele>802.79998779296875</ele>
        <time>2026-08-28T03:27:36.000Z</time>
        <extensions>
          <ns3:TrackPointExtension>
            <ns3:hr>173</ns3:hr>
            <ns3:cad>94</ns3:cad>
          </ns3:TrackPointExtension>
        </extensions>
      </trkpt>
      <trkpt lat="38.7215456552803516387939453125" lon="112.751980461180210113525390625">
        <ele>803</ele>
        <time>2026-08-28T03:27:37.000Z</time>
        <extensions>
          <ns3:TrackPointExtension>
            <ns3:hr>174</ns3:hr>
            <ns3:cad>92</ns3:cad>
          </ns3:TrackPointExtension>
        </extensions>
      </trkpt>
      <trkpt lat="38.721550516784191131591796875" lon="112.751939557492733001708984375">
        <ele>803</ele>
        <time>2026-08-28T03:27:38.000Z</time>
        <extensions>
          <ns3:TrackPointExtension>
            <ns3:hr>175</ns3:hr>
            <ns3:cad>92</ns3:cad>
          </ns3:TrackPointExtension>
        </extensions>
      </trkpt>
      <trkpt lat="38.72156585566699504852294921875" lon="112.751893959939479827880859375">
        <ele>803</ele>
        <time>2026-08-28T03:27:39.000Z</time>
        <extensions>
          <ns3:TrackPointExtension>
            <ns3:hr>176</ns3:hr>
            <ns3:cad>94</ns3:cad>
          </ns3:TrackPointExtension>
        </extensions>
      </trkpt>
      <trkpt lat="38.72157775796949863433837890625" lon="112.75185045786201953887939453125">
        <ele>803</ele>
        <time>2026-08-28T03:27:40.000Z</time>
        <extensions>
          <ns3:TrackPointExtension>
            <ns3:hr>176</ns3:hr>
            <ns3:cad>94</ns3:cad>
          </ns3:TrackPointExtension>
        </extensions>
      </trkpt>
      <trkpt lat="38.7215879000723361968994140625" lon="112.75180955417454242706298828125">
        <ele>803</ele>
        <time>2026-08-28T03:27:41.000Z</time>
        <extensions>
          <ns3:TrackPointExtension>
            <ns3:hr>177</ns3:hr>
            <ns3:cad>94</ns3:cad>
          </ns3:TrackPointExtension>
        </extensions>
      </trkpt>
      <trkpt lat="38.72159988619387149810791015625" lon="112.75175339542329311370849609375">
        <ele>803</ele>
        <time>2026-08-28T03:27:42.000Z</time>
        <extensions>
          <ns3:TrackPointExtension>
            <ns3:hr>177</ns3:hr>
            <ns3:cad>93</ns3:cad>
          </ns3:TrackPointExtension>
        </extensions>
      </trkpt>
      <trkpt lat="38.72160474769771099090576171875" lon="112.75171232409775257110595703125">
        <ele>803</ele>
        <time>2026-08-28T03:27:43.000Z</time>
        <extensions>
          <ns3:TrackPointExtension>
            <ns3:hr>178</ns3:hr>
            <ns3:cad>93</ns3:cad>
          </ns3:TrackPointExtension>
        </extensions>
      </trkpt>
      <trkpt lat="38.72161899693310260772705078125" lon="112.75165851227939128875732421875">
        <ele>803</ele>
        <time>2026-08-28T03:27:44.000Z</time>
        <extensions>
          <ns3:TrackPointExtension>
            <ns3:hr>178</ns3:hr>
            <ns3:cad>93</ns3:cad>
          </ns3:TrackPointExtension>
        </extensions>
      </trkpt>
      <trkpt lat="38.72162167914211750030517578125" lon="112.7516178600490093231201171875">
        <ele>803</ele>
        <time>2026-08-28T03:27:45.000Z</time>
        <extensions>
          <ns3:TrackPointExtension>
            <ns3:hr>180</ns3:hr>
            <ns3:cad>93</ns3:cad>
          </ns3:TrackPointExtension>
        </extensions>
      </trkpt>
      <trkpt lat="38.72163810767233371734619140625" lon="112.75156949646770954132080078125">
        <ele>803</ele>
        <time>2026-08-28T03:27:46.000Z</time>
        <extensions>
          <ns3:TrackPointExtension>
            <ns3:hr>182</ns3:hr>
            <ns3:cad>93</ns3:cad>
          </ns3:TrackPointExtension>
        </extensions>
      </trkpt>
      <trkpt lat="38.72164598666131496429443359375" lon="112.75152155198156833648681640625">
        <ele>803</ele>
        <time>2026-08-28T03:27:47.000Z</time>
        <extensions>
          <ns3:TrackPointExtension>
            <ns3:hr>183</ns3:hr>
            <ns3:cad>94</ns3:cad>
          </ns3:TrackPointExtension>
        </extensions>
      </trkpt>
      <trkpt lat="38.721659816801548004150390625" lon="112.75147964246571063995361328125">
        <ele>803</ele>
        <time>2026-08-28T03:27:48.000Z</time>
        <extensions>
          <ns3:TrackPointExtension>
            <ns3:hr>184</ns3:hr>
            <ns3:cad>94</ns3:cad>
          </ns3:TrackPointExtension>
        </extensions>
      </trkpt>
      <trkpt lat="38.72167297638952732086181640625" lon="112.7514280937612056732177734375">
        <ele>803</ele>
        <time>2026-08-28T03:27:49.000Z</time>
        <extensions>
          <ns3:TrackPointExtension>
            <ns3:hr>185</ns3:hr>
            <ns3:cad>94</ns3:cad>
          </ns3:TrackPointExtension>
        </extensions>
      </trkpt>
      <trkpt lat="38.72167758643627166748046875" lon="112.7513912133872509002685546875">
        <ele>803</ele>
        <time>2026-08-28T03:27:50.000Z</time>
        <extensions>
          <ns3:TrackPointExtension>
            <ns3:hr>185</ns3:hr>
            <ns3:cad>94</ns3:cad>
          </ns3:TrackPointExtension>
        </extensions>
      </trkpt>
      <trkpt lat="38.72169091366231441497802734375" lon="112.75133530609309673309326171875">
        <ele>803.20001220703125</ele>
        <time>2026-08-28T03:27:51.000Z</time>
        <extensions>
          <ns3:TrackPointExtension>
            <ns3:hr>186</ns3:hr>
            <ns3:cad>93</ns3:cad>
          </ns3:TrackPointExtension>
        </extensions>
      </trkpt>
      <trkpt lat="38.7216951884329319000244140625" lon="112.75129406712949275970458984375">
        <ele>803.20001220703125</ele>
        <time>2026-08-28T03:27:52.000Z</time>
        <extensions>
          <ns3:TrackPointExtension>
            <ns3:hr>187</ns3:hr>
            <ns3:cad>93</ns3:cad>
          </ns3:TrackPointExtension>
        </extensions>
      </trkpt>
      <trkpt lat="38.72171019203960895538330078125" lon="112.75124545209109783172607421875">
        <ele>803.20001220703125</ele>
        <time>2026-08-28T03:27:53.000Z</time>
        <extensions>
          <ns3:TrackPointExtension>
            <ns3:hr>187</ns3:hr>
            <ns3:cad>94</ns3:cad>
          </ns3:TrackPointExtension>
        </extensions>
      </trkpt>
      <trkpt lat="38.7217179872095584869384765625" lon="112.75120119564235210418701171875">
        <ele>803.20001220703125</ele>
        <time>2026-08-28T03:27:54.000Z</time>
        <extensions>
          <ns3:TrackPointExtension>
            <ns3:hr>188</ns3:hr>
            <ns3:cad>94</ns3:cad>
          </ns3:TrackPointExtension>
        </extensions>
      </trkpt>
      <trkpt lat="38.72172729112207889556884765625" lon="112.75116263888776302337646484375">
        <ele>803.4000244140625</ele>
        <time>2026-08-28T03:27:55.000Z</time>
        <extensions>
          <ns3:TrackPointExtension>
            <ns3:hr>188</ns3:hr>
            <ns3:cad>93</ns3:cad>
          </ns3:TrackPointExtension>
        </extensions>
      </trkpt>
      <trkpt lat="38.72174187563359737396240234375" lon="112.7511095814406871795654296875">
        <ele>803.4000244140625</ele>
        <time>2026-08-28T03:27:56.000Z</time>
        <extensions>
          <ns3:TrackPointExtension>
            <ns3:hr>188</ns3:hr>
            <ns3:cad>93</ns3:cad>
          </ns3:TrackPointExtension>
        </extensions>
      </trkpt>
      <trkpt lat="38.72175143100321292877197265625" lon="112.7510747127234935760498046875">
        <ele>803.4000244140625</ele>
        <time>2026-08-28T03:27:57.000Z</time>
        <extensions>
          <ns3:TrackPointExtension>
            <ns3:hr>189</ns3:hr>
            <ns3:cad>93</ns3:cad>
          </ns3:TrackPointExtension>
        </extensions>
      </trkpt>
      <trkpt lat="38.72176609933376312255859375" lon="112.75102199055254459381103515625">
        <ele>803.4000244140625</ele>
        <time>2026-08-28T03:27:58.000Z</time>
        <extensions>
          <ns3:TrackPointExtension>
            <ns3:hr>189</ns3:hr>
            <ns3:cad>93</ns3:cad>
          </ns3:TrackPointExtension>
        </extensions>
      </trkpt>
      <trkpt lat="38.72177037410438060760498046875" lon="112.75098259560763835906982421875">
        <ele>803.5999755859375</ele>
        <time>2026-08-28T03:27:59.000Z</time>
        <extensions>
          <ns3:TrackPointExtension>
            <ns3:hr>189</ns3:hr>
            <ns3:cad>93</ns3:cad>
          </ns3:TrackPointExtension>
        </extensions>
      </trkpt>
      <trkpt lat="38.72178244404494762420654296875" lon="112.7509355731308460235595703125">
        <ele>803.5999755859375</ele>
        <time>2026-08-28T03:28:00.000Z</time>
        <extensions>
          <ns3:TrackPointExtension>
            <ns3:hr>189</ns3:hr>
            <ns3:cad>95</ns3:cad>
          </ns3:TrackPointExtension>
        </extensions>
      </trkpt>
      <trkpt lat="38.721789903938770294189453125" lon="112.75088838301599025726318359375">
        <ele>803.5999755859375</ele>
        <time>2026-08-28T03:28:01.000Z</time>
        <extensions>
          <ns3:TrackPointExtension>
            <ns3:hr>189</ns3:hr>
            <ns3:cad>95</ns3:cad>
          </ns3:TrackPointExtension>
        </extensions>
      </trkpt>
      <trkpt lat="38.7218029797077178955078125" lon="112.75084898807108402252197265625">
        <ele>803.5999755859375</ele>
        <time>2026-08-28T03:28:02.000Z</time>
        <extensions>
          <ns3:TrackPointExtension>
            <ns3:hr>188</ns3:hr>
            <ns3:cad>95</ns3:cad>
          </ns3:TrackPointExtension>
        </extensions>
      </trkpt>
      <trkpt lat="38.721815049648284912109375" lon="112.750799618661403656005859375">
        <ele>803.5999755859375</ele>
        <time>2026-08-28T03:28:03.000Z</time>
        <extensions>
          <ns3:TrackPointExtension>
            <ns3:hr>188</ns3:hr>
            <ns3:cad>95</ns3:cad>
          </ns3:TrackPointExtension>
        </extensions>
      </trkpt>
      <trkpt lat="38.72182301245629787445068359375" lon="112.7507615648210048675537109375">
        <ele>803.5999755859375</ele>
        <time>2026-08-28T03:28:04.000Z</time>
        <extensions>
          <ns3:TrackPointExtension>
            <ns3:hr>188</ns3:hr>
            <ns3:cad>95</ns3:cad>
          </ns3:TrackPointExtension>
        </extensions>
      </trkpt>
      <trkpt lat="38.72183592058718204498291015625" lon="112.75070414878427982330322265625">
        <ele>803.5999755859375</ele>
        <time>2026-08-28T03:28:05.000Z</time>
        <extensions>
          <ns3:TrackPointExtension>
            <ns3:hr>189</ns3:hr>
            <ns3:cad>95</ns3:cad>
          </ns3:TrackPointExtension>
        </extensions>
      </trkpt>
      <trkpt lat="38.7218405306339263916015625" lon="112.75066793896257877349853515625">
        <ele>803.5999755859375</ele>
        <time>2026-08-28T03:28:06.000Z</time>
        <extensions>
          <ns3:TrackPointExtension>
            <ns3:hr>189</ns3:hr>
            <ns3:cad>95</ns3:cad>
          </ns3:TrackPointExtension>
        </extensions>
      </trkpt>
      <trkpt lat="38.72185352258384227752685546875" lon="112.7506189048290252685546875">
        <ele>803.79998779296875</ele>
        <time>2026-08-28T03:28:07.000Z</time>
        <extensions>
          <ns3:TrackPointExtension>
            <ns3:hr>190</ns3:hr>
            <ns3:cad>95</ns3:cad>
          </ns3:TrackPointExtension>
        </extensions>
      </trkpt>
      <trkpt lat="38.72185595333576202392578125" lon="112.7505731396377086639404296875">
        <ele>803.79998779296875</ele>
        <time>2026-08-28T03:28:08.000Z</time>
        <extensions>
          <ns3:TrackPointExtension>
            <ns3:hr>190</ns3:hr>
            <ns3:cad>95</ns3:cad>
          </ns3:TrackPointExtension>
        </extensions>
      </trkpt>
      <trkpt lat="38.7218695320188999176025390625" lon="112.75052946992218494415283203125">
        <ele>803.79998779296875</ele>
        <time>2026-08-28T03:28:09.000Z</time>
        <extensions>
          <ns3:TrackPointExtension>
            <ns3:hr>190</ns3:hr>
            <ns3:cad>95</ns3:cad>
          </ns3:TrackPointExtension>
        </extensions>
      </trkpt>
      <trkpt lat="38.72187917120754718780517578125" lon="112.7504799328744411468505859375">
        <ele>803.79998779296875</ele>
        <time>2026-08-28T03:28:10.000Z</time>
        <extensions>
          <ns3:TrackPointExtension>
            <ns3:hr>190</ns3:hr>
            <ns3:cad>95</ns3:cad>
          </ns3:TrackPointExtension>
        </extensions>
      </trkpt>
      <trkpt lat="38.7218889780342578887939453125" lon="112.7504430525004863739013671875">
        <ele>804</ele>
        <time>2026-08-28T03:28:11.000Z</time>
        <extensions>
          <ns3:TrackPointExtension>
            <ns3:hr>190</ns3:hr>
            <ns3:cad>95</ns3:cad>
          </ns3:TrackPointExtension>
        </extensions>
      </trkpt>
      <trkpt lat="38.721903227269649505615234375" lon="112.75038756430149078369140625">
        <ele>804</ele>
        <time>2026-08-28T03:28:12.000Z</time>
        <extensions>
          <ns3:TrackPointExtension>
            <ns3:hr>191</ns3:hr>
            <ns3:cad>94</ns3:cad>
          </ns3:TrackPointExtension>
        </extensions>
      </trkpt>
      <trkpt lat="38.72190565802156925201416015625" lon="112.7503515221178531646728515625">
        <ele>804</ele>
        <time>2026-08-28T03:28:13.000Z</time>
        <extensions>
          <ns3:TrackPointExtension>
            <ns3:hr>191</ns3:hr>
            <ns3:cad>94</ns3:cad>
          </ns3:TrackPointExtension>
        </extensions>
      </trkpt>
      <trkpt lat="38.72191839851438999176025390625" lon="112.75030667893588542938232421875">
        <ele>804</ele>
        <time>2026-08-28T03:28:14.000Z</time>
        <extensions>
          <ns3:TrackPointExtension>
            <ns3:hr>191</ns3:hr>
            <ns3:cad>94</ns3:cad>
          </ns3:TrackPointExtension>
        </extensions>
      </trkpt>
      <trkpt lat="38.7219235114753246307373046875" lon="112.75026795454323291778564453125">
        <ele>804</ele>
        <time>2026-08-28T03:28:15.000Z</time>
        <extensions>
          <ns3:TrackPointExtension>
            <ns3:hr>191</ns3:hr>
            <ns3:cad>93</ns3:cad>
          </ns3:TrackPointExtension>
        </extensions>
      </trkpt>
      <trkpt lat="38.72193734161555767059326171875" lon="112.75022520683705806732177734375">
        <ele>804</ele>
        <time>2026-08-28T03:28:16.000Z</time>
        <extensions>
          <ns3:TrackPointExtension>
            <ns3:hr>191</ns3:hr>
            <ns3:cad>93</ns3:cad>
          </ns3:TrackPointExtension>
        </extensions>
      </trkpt>
      <trkpt lat="38.72194572351872920989990234375" lon="112.7501832135021686553955078125">
        <ele>804</ele>
        <time>2026-08-28T03:28:17.000Z</time>
        <extensions>
          <ns3:TrackPointExtension>
            <ns3:hr>190</ns3:hr>
            <ns3:cad>93</ns3:cad>
          </ns3:TrackPointExtension>
        </extensions>
      </trkpt>
      <trkpt lat="38.72195829637348651885986328125" lon="112.75014759041368961334228515625">
        <ele>804</ele>
        <time>2026-08-28T03:28:18.000Z</time>
        <extensions>
          <ns3:TrackPointExtension>
            <ns3:hr>190</ns3:hr>
            <ns3:cad>93</ns3:cad>
          </ns3:TrackPointExtension>
        </extensions>
      </trkpt>
      <trkpt lat="38.72197321616113185882568359375" lon="112.75010065175592899322509765625">
        <ele>804</ele>
        <time>2026-08-28T03:28:19.000Z</time>
        <extensions>
          <ns3:TrackPointExtension>
            <ns3:hr>190</ns3:hr>
            <ns3:cad>94</ns3:cad>
          </ns3:TrackPointExtension>
        </extensions>
      </trkpt>
      <trkpt lat="38.721980340778827667236328125" lon="112.7500648610293865203857421875">
        <ele>804</ele>
        <time>2026-08-28T03:28:20.000Z</time>
        <extensions>
          <ns3:TrackPointExtension>
            <ns3:hr>189</ns3:hr>
            <ns3:cad>94</ns3:cad>
          </ns3:TrackPointExtension>
        </extensions>
      </trkpt>
      <trkpt lat="38.72199484147131443023681640625" lon="112.75001130066812038421630859375">
        <ele>804</ele>
        <time>2026-08-28T03:28:21.000Z</time>
        <extensions>
          <ns3:TrackPointExtension>
            <ns3:hr>188</ns3:hr>
            <ns3:cad>94</ns3:cad>
          </ns3:TrackPointExtension>
        </extensions>
      </trkpt>
      <trkpt lat="38.7219972722232341766357421875" lon="112.74996838532388210296630859375">
        <ele>804</ele>
        <time>2026-08-28T03:28:22.000Z</time>
        <extensions>
          <ns3:TrackPointExtension>
            <ns3:hr>186</ns3:hr>
            <ns3:cad>94</ns3:cad>
          </ns3:TrackPointExtension>
        </extensions>
      </trkpt>
      <trkpt lat="38.7220126949250698089599609375" lon="112.74991792626678943634033203125">
        <ele>804</ele>
        <time>2026-08-28T03:28:23.000Z</time>
        <extensions>
          <ns3:TrackPointExtension>
            <ns3:hr>185</ns3:hr>
            <ns3:cad>94</ns3:cad>
          </ns3:TrackPointExtension>
        </extensions>
      </trkpt>
      <trkpt lat="38.7220173887908458709716796875" lon="112.7498767711222171783447265625">
        <ele>804.20001220703125</ele>
        <time>2026-08-28T03:28:24.000Z</time>
        <extensions>
          <ns3:TrackPointExtension>
            <ns3:hr>184</ns3:hr>
            <ns3:cad>94</ns3:cad>
          </ns3:TrackPointExtension>
        </extensions>
      </trkpt>
      <trkpt lat="38.72202820144593715667724609375" lon="112.7498368732631206512451171875">
        <ele>804.20001220703125</ele>
        <time>2026-08-28T03:28:25.000Z</time>
        <extensions>
          <ns3:TrackPointExtension>
            <ns3:hr>184</ns3:hr>
            <ns3:cad>94</ns3:cad>
          </ns3:TrackPointExtension>
        </extensions>
      </trkpt>
      <trkpt lat="38.7220368348062038421630859375" lon="112.74979672394692897796630859375">
        <ele>804.4000244140625</ele>
        <time>2026-08-28T03:28:26.000Z</time>
        <extensions>
          <ns3:TrackPointExtension>
            <ns3:hr>185</ns3:hr>
            <ns3:cad>95</ns3:cad>
          </ns3:TrackPointExtension>
        </extensions>
      </trkpt>
      <trkpt lat="38.722045719623565673828125" lon="112.7497621066868305206298828125">
        <ele>804.20001220703125</ele>
        <time>2026-08-28T03:28:27.000Z</time>
        <extensions>
          <ns3:TrackPointExtension>
            <ns3:hr>185</ns3:hr>
            <ns3:cad>95</ns3:cad>
          </ns3:TrackPointExtension>
        </extensions>
      </trkpt>
      <trkpt lat="38.72205988503992557525634765625" lon="112.7497128210961818695068359375">
        <ele>804.20001220703125</ele>
        <time>2026-08-28T03:28:28.000Z</time>
        <extensions>
          <ns3:TrackPointExtension>
            <ns3:hr>185</ns3:hr>
            <ns3:cad>95</ns3:cad>
          </ns3:TrackPointExtension>
        </extensions>
      </trkpt>
      <trkpt lat="38.72206826694309711456298828125" lon="112.74967786855995655059814453125">
        <ele>804.20001220703125</ele>
        <time>2026-08-28T03:28:29.000Z</time>
        <extensions>
          <ns3:TrackPointExtension>
            <ns3:hr>185</ns3:hr>
            <ns3:cad>95</ns3:cad>
          </ns3:TrackPointExtension>
        </extensions>
      </trkpt>
      <trkpt lat="38.7220792472362518310546875" lon="112.749626822769641876220703125">
        <ele>804.20001220703125</ele>
        <time>2026-08-28T03:28:30.000Z</time>
        <extensions>
          <ns3:TrackPointExtension>
            <ns3:hr>185</ns3:hr>
            <ns3:cad>92</ns3:cad>
          </ns3:TrackPointExtension>
        </extensions>
      </trkpt>
      <trkpt lat="38.72208788059651851654052734375" lon="112.749584577977657318115234375">
        <ele>804.20001220703125</ele>
        <time>2026-08-28T03:28:31.000Z</time>
        <extensions>
          <ns3:TrackPointExtension>
            <ns3:hr>185</ns3:hr>
            <ns3:cad>92</ns3:cad>
          </ns3:TrackPointExtension>
        </extensions>
      </trkpt>
      <trkpt lat="38.722101040184497833251953125" lon="112.74953587912023067474365234375">
        <ele>804.20001220703125</ele>
        <time>2026-08-28T03:28:32.000Z</time>
        <extensions>
          <ns3:TrackPointExtension>
            <ns3:hr>186</ns3:hr>
            <ns3:cad>95</ns3:cad>
          </ns3:TrackPointExtension>
        </extensions>
      </trkpt>
      <trkpt lat="38.72210782952606678009033203125" lon="112.74949279613792896270751953125">
        <ele>804.20001220703125</ele>
        <time>2026-08-28T03:28:33.000Z</time>
        <extensions>
          <ns3:TrackPointExtension>
            <ns3:hr>186</ns3:hr>
            <ns3:cad>95</ns3:cad>
          </ns3:TrackPointExtension>
        </extensions>
      </trkpt>
      <trkpt lat="38.7221196480095386505126953125" lon="112.7494494616985321044921875">
        <ele>804.20001220703125</ele>
        <time>2026-08-28T03:28:34.000Z</time>
        <extensions>
          <ns3:TrackPointExtension>
            <ns3:hr>186</ns3:hr>
            <ns3:cad>95</ns3:cad>
          </ns3:TrackPointExtension>
        </extensions>
      </trkpt>
      <trkpt lat="38.72212911956012248992919921875" lon="112.749402523040771484375">
        <ele>804.4000244140625</ele>
        <time>2026-08-28T03:28:35.000Z</time>
        <extensions>
          <ns3:TrackPointExtension>
            <ns3:hr>186</ns3:hr>
            <ns3:cad>95</ns3:cad>
          </ns3:TrackPointExtension>
        </extensions>
      </trkpt>
      <trkpt lat="38.72213750146329402923583984375" lon="112.74936757050454616546630859375">
        <ele>804.4000244140625</ele>
        <time>2026-08-28T03:28:36.000Z</time>
        <extensions>
          <ns3:TrackPointExtension>
            <ns3:hr>186</ns3:hr>
            <ns3:cad>95</ns3:cad>
          </ns3:TrackPointExtension>
        </extensions>
      </trkpt>
      <trkpt lat="38.7221516668796539306640625" lon="112.74932147003710269927978515625">
        <ele>804.4000244140625</ele>
        <time>2026-08-28T03:28:37.000Z</time>
        <extensions>
          <ns3:TrackPointExtension>
            <ns3:hr>185</ns3:hr>
            <ns3:cad>95</ns3:cad>
          </ns3:TrackPointExtension>
        </extensions>
      </trkpt>
      <trkpt lat="38.72215795330703258514404296875" lon="112.7492863498628139495849609375">
        <ele>804.5999755859375</ele>
        <time>2026-08-28T03:28:38.000Z</time>
        <extensions>
          <ns3:TrackPointExtension>
            <ns3:hr>186</ns3:hr>
            <ns3:cad>95</ns3:cad>
          </ns3:TrackPointExtension>
        </extensions>
      </trkpt>
      <trkpt lat="38.7221739627420902252197265625" lon="112.74924628436565399169921875">
        <ele>804.5999755859375</ele>
        <time>2026-08-28T03:28:39.000Z</time>
        <extensions>
          <ns3:TrackPointExtension>
            <ns3:hr>186</ns3:hr>
            <ns3:cad>95</ns3:cad>
          </ns3:TrackPointExtension>
        </extensions>
      </trkpt>
      <trkpt lat="38.72218594886362552642822265625" lon="112.74920948781073093414306640625">
        <ele>804.79998779296875</ele>
        <time>2026-08-28T03:28:40.000Z</time>
        <extensions>
          <ns3:TrackPointExtension>
            <ns3:hr>186</ns3:hr>
            <ns3:cad>94</ns3:cad>
          </ns3:TrackPointExtension>
        </extensions>
      </trkpt>
      <trkpt lat="38.72219332493841648101806640625" lon="112.74916975758969783782958984375">
        <ele>804.79998779296875</ele>
        <time>2026-08-28T03:28:41.000Z</time>
        <extensions>
          <ns3:TrackPointExtension>
            <ns3:hr>186</ns3:hr>
            <ns3:cad>93</ns3:cad>
          </ns3:TrackPointExtension>
        </extensions>
      </trkpt>
      <trkpt lat="38.72219986282289028167724609375" lon="112.74912181310355663299560546875">
        <ele>804.79998779296875</ele>
        <time>2026-08-28T03:28:42.000Z</time>
        <extensions>
          <ns3:TrackPointExtension>
            <ns3:hr>186</ns3:hr>
            <ns3:cad>92</ns3:cad>
          </ns3:TrackPointExtension>
        </extensions>
      </trkpt>
      <trkpt lat="38.72221193276345729827880859375" lon="112.74907998740673065185546875">
        <ele>804.5999755859375</ele>
        <time>2026-08-28T03:28:43.000Z</time>
        <extensions>
          <ns3:TrackPointExtension>
            <ns3:hr>186</ns3:hr>
            <ns3:cad>92</ns3:cad>
          </ns3:TrackPointExtension>
        </extensions>
      </trkpt>
      <trkpt lat="38.7222245894372463226318359375" lon="112.74903036653995513916015625">
        <ele>804.5999755859375</ele>
        <time>2026-08-28T03:28:44.000Z</time>
        <extensions>
          <ns3:TrackPointExtension>
            <ns3:hr>186</ns3:hr>
            <ns3:cad>93</ns3:cad>
          </ns3:TrackPointExtension>
        </extensions>
      </trkpt>
      <trkpt lat="38.72223682701587677001953125" lon="112.7489949949085712432861328125">
        <ele>804.5999755859375</ele>
        <time>2026-08-28T03:28:45.000Z</time>
        <extensions>
          <ns3:TrackPointExtension>
            <ns3:hr>187</ns3:hr>
            <ns3:cad>94</ns3:cad>
          </ns3:TrackPointExtension>
        </extensions>
      </trkpt>
      <trkpt lat="38.722245879471302032470703125" lon="112.74895031936466693878173828125">
        <ele>804.5999755859375</ele>
        <time>2026-08-28T03:28:46.000Z</time>
        <extensions>
          <ns3:TrackPointExtension>
            <ns3:hr>187</ns3:hr>
            <ns3:cad>96</ns3:cad>
          </ns3:TrackPointExtension>
        </extensions>
      </trkpt>
      <trkpt lat="38.7222504056990146636962890625" lon="112.74890924803912639617919921875">
        <ele>804.5999755859375</ele>
        <time>2026-08-28T03:28:47.000Z</time>
        <extensions>
          <ns3:TrackPointExtension>
            <ns3:hr>187</ns3:hr>
            <ns3:cad>96</ns3:cad>
          </ns3:TrackPointExtension>
        </extensions>
      </trkpt>
      <trkpt lat="38.72225836850702762603759765625" lon="112.7488588728010654449462890625">
        <ele>804.5999755859375</ele>
        <time>2026-08-28T03:28:48.000Z</time>
        <extensions>
          <ns3:TrackPointExtension>
            <ns3:hr>186</ns3:hr>
            <ns3:cad>93</ns3:cad>
          </ns3:TrackPointExtension>
        </extensions>
      </trkpt>
      <trkpt lat="38.72226121835410594940185546875" lon="112.74882073514163494110107421875">
        <ele>804.79998779296875</ele>
        <time>2026-08-28T03:28:49.000Z</time>
        <extensions>
          <ns3:TrackPointExtension>
            <ns3:hr>186</ns3:hr>
            <ns3:cad>93</ns3:cad>
          </ns3:TrackPointExtension>
        </extensions>
      </trkpt>
      <trkpt lat="38.72227731160819530487060546875" lon="112.7487663365900516510009765625">
        <ele>804.79998779296875</ele>
        <time>2026-08-28T03:28:50.000Z</time>
        <extensions>
          <ns3:TrackPointExtension>
            <ns3:hr>186</ns3:hr>
            <ns3:cad>93</ns3:cad>
          </ns3:TrackPointExtension>
        </extensions>
      </trkpt>
      <trkpt lat="38.7222819216549396514892578125" lon="112.74872819893062114715576171875">
        <ele>804.79998779296875</ele>
        <time>2026-08-28T03:28:51.000Z</time>
        <extensions>
          <ns3:TrackPointExtension>
            <ns3:hr>187</ns3:hr>
            <ns3:cad>93</ns3:cad>
          </ns3:TrackPointExtension>
        </extensions>
      </trkpt>
      <trkpt lat="38.722294829785823822021484375" lon="112.74868427775800228118896484375">
        <ele>804.79998779296875</ele>
        <time>2026-08-28T03:28:52.000Z</time>
        <extensions>
          <ns3:TrackPointExtension>
            <ns3:hr>187</ns3:hr>
            <ns3:cad>94</ns3:cad>
          </ns3:TrackPointExtension>
        </extensions>
      </trkpt>
      <trkpt lat="38.72230463661253452301025390625" lon="112.7486407756805419921875">
        <ele>804.79998779296875</ele>
        <time>2026-08-28T03:28:53.000Z</time>
        <extensions>
          <ns3:TrackPointExtension>
            <ns3:hr>187</ns3:hr>
            <ns3:cad>94</ns3:cad>
          </ns3:TrackPointExtension>
        </extensions>
      </trkpt>
      <trkpt lat="38.72231519781053066253662109375" lon="112.74860247038304805755615234375">
        <ele>805</ele>
        <time>2026-08-28T03:28:54.000Z</time>
        <extensions>
          <ns3:TrackPointExtension>
            <ns3:hr>187</ns3:hr>
            <ns3:cad>94</ns3:cad>
          </ns3:TrackPointExtension>
        </extensions>
      </trkpt>
      <trkpt lat="38.72232735157012939453125" lon="112.74855921976268291473388671875">
        <ele>805</ele>
        <time>2026-08-28T03:28:55.000Z</time>
        <extensions>
          <ns3:TrackPointExtension>
            <ns3:hr>187</ns3:hr>
            <ns3:cad>91</ns3:cad>
          </ns3:TrackPointExtension>
        </extensions>
      </trkpt>
      <trkpt lat="38.7223302014172077178955078125" lon="112.74852083064615726470947265625">
        <ele>805</ele>
        <time>2026-08-28T03:28:56.000Z</time>
        <extensions>
          <ns3:TrackPointExtension>
            <ns3:hr>186</ns3:hr>
            <ns3:cad>91</ns3:cad>
          </ns3:TrackPointExtension>
        </extensions>
      </trkpt>
      <trkpt lat="38.722347803413867950439453125" lon="112.7484813518822193145751953125">
        <ele>805.20001220703125</ele>
        <time>2026-08-28T03:28:57.000Z</time>
        <extensions>
          <ns3:TrackPointExtension>
            <ns3:hr>187</ns3:hr>
            <ns3:cad>92</ns3:cad>
          </ns3:TrackPointExtension>
        </extensions>
      </trkpt>
      <trkpt lat="38.72235777787864208221435546875" lon="112.74844740517437458038330078125">
        <ele>805.20001220703125</ele>
        <time>2026-08-28T03:28:58.000Z</time>
        <extensions>
          <ns3:TrackPointExtension>
            <ns3:hr>187</ns3:hr>
            <ns3:cad>92</ns3:cad>
          </ns3:TrackPointExtension>
        </extensions>
      </trkpt>
      <trkpt lat="38.72236968018114566802978515625" lon="112.74841086007654666900634765625">
        <ele>805.4000244140625</ele>
        <time>2026-08-28T03:28:59.000Z</time>
        <extensions>
          <ns3:TrackPointExtension>
            <ns3:hr>187</ns3:hr>
            <ns3:cad>93</ns3:cad>
          </ns3:TrackPointExtension>
        </extensions>
      </trkpt>
      <trkpt lat="38.7223711051046848297119140625" lon="112.74838621728122234344482421875">
        <ele>805.4000244140625</ele>
        <time>2026-08-28T03:29:00.000Z</time>
        <extensions>
          <ns3:TrackPointExtension>
            <ns3:hr>187</ns3:hr>
            <ns3:cad>93</ns3:cad>
          </ns3:TrackPointExtension>
        </extensions>
      </trkpt>
      <trkpt lat="38.72238007374107837677001953125" lon="112.74835646152496337890625">
        <ele>805.4000244140625</ele>
        <time>2026-08-28T03:29:01.000Z</time>
        <extensions>
          <ns3:TrackPointExtension>
            <ns3:hr>187</ns3:hr>
            <ns3:cad>92</ns3:cad>
          </ns3:TrackPointExtension>
        </extensions>
      </trkpt>
      <trkpt lat="38.72238837182521820068359375" lon="112.74833810515701770782470703125">
        <ele>805.4000244140625</ele>
        <time>2026-08-28T03:29:02.000Z</time>
        <extensions>
          <ns3:TrackPointExtension>
            <ns3:hr>187</ns3:hr>
            <ns3:cad>90</ns3:cad>
          </ns3:TrackPointExtension>
        </extensions>
      </trkpt>
      <trkpt lat="38.72239717282354831695556640625" lon="112.74831614457070827484130859375">
        <ele>805.5999755859375</ele>
        <time>2026-08-28T03:29:03.000Z</time>
        <extensions>
          <ns3:TrackPointExtension>
            <ns3:hr>187</ns3:hr>
            <ns3:cad>89</ns3:cad>
          </ns3:TrackPointExtension>
        </extensions>
      </trkpt>
      <trkpt lat="38.72240253724157810211181640625" lon="112.7482959441840648651123046875">
        <ele>805.4000244140625</ele>
        <time>2026-08-28T03:29:04.000Z</time>
        <extensions>
          <ns3:TrackPointExtension>
            <ns3:hr>187</ns3:hr>
            <ns3:cad>89</ns3:cad>
          </ns3:TrackPointExtension>
        </extensions>
      </trkpt>
      <trkpt lat="38.7224110029637813568115234375" lon="112.74827037937939167022705078125">
        <ele>805.4000244140625</ele>
        <time>2026-08-28T03:29:05.000Z</time>
        <extensions>
          <ns3:TrackPointExtension>
            <ns3:hr>187</ns3:hr>
            <ns3:cad>89</ns3:cad>
          </ns3:TrackPointExtension>
        </extensions>
      </trkpt>
      <trkpt lat="38.72242114506661891937255859375" lon="112.7482490055263042449951171875">
        <ele>805.4000244140625</ele>
        <time>2026-08-28T03:29:06.000Z</time>
        <extensions>
          <ns3:TrackPointExtension>
            <ns3:hr>187</ns3:hr>
            <ns3:cad>89</ns3:cad>
          </ns3:TrackPointExtension>
        </extensions>
      </trkpt>
      <trkpt lat="38.72242768295109272003173828125" lon="112.74822142906486988067626953125">
        <ele>805.4000244140625</ele>
        <time>2026-08-28T03:29:07.000Z</time>
        <extensions>
          <ns3:TrackPointExtension>
            <ns3:hr>187</ns3:hr>
            <ns3:cad>88</ns3:cad>
          </ns3:TrackPointExtension>
        </extensions>
      </trkpt>
      <trkpt lat="38.72243522666394710540771484375" lon="112.74819619953632354736328125">
        <ele>805.4000244140625</ele>
        <time>2026-08-28T03:29:08.000Z</time>
        <extensions>
          <ns3:TrackPointExtension>
            <ns3:hr>187</ns3:hr>
            <ns3:cad>88</ns3:cad>
          </ns3:TrackPointExtension>
        </extensions>
      </trkpt>
      <trkpt lat="38.7224384956061840057373046875" lon="112.7481668628752231597900390625">
        <ele>805.4000244140625</ele>
        <time>2026-08-28T03:29:09.000Z</time>
        <extensions>
          <ns3:TrackPointExtension>
            <ns3:hr>187</ns3:hr>
            <ns3:cad>88</ns3:cad>
          </ns3:TrackPointExtension>
        </extensions>
      </trkpt>
      <trkpt lat="38.72244277037680149078369140625" lon="112.74814263917505741119384765625">
        <ele>805.4000244140625</ele>
        <time>2026-08-28T03:29:10.000Z</time>
        <extensions>
          <ns3:TrackPointExtension>
            <ns3:hr>186</ns3:hr>
            <ns3:cad>88</ns3:cad>
          </ns3:TrackPointExtension>
        </extensions>
      </trkpt>
      <trkpt lat="38.72244494967162609100341796875" lon="112.74812084622681140899658203125">
        <ele>805.5999755859375</ele>
        <time>2026-08-28T03:29:11.000Z</time>
        <extensions>
          <ns3:TrackPointExtension>
            <ns3:hr>186</ns3:hr>
            <ns3:cad>89</ns3:cad>
          </ns3:TrackPointExtension>
        </extensions>
      </trkpt>
      <trkpt lat="38.722449056804180145263671875" lon="112.7481004782021045684814453125">
        <ele>805.5999755859375</ele>
        <time>2026-08-28T03:29:12.000Z</time>
        <extensions>
          <ns3:TrackPointExtension>
            <ns3:hr>186</ns3:hr>
            <ns3:cad>90</ns3:cad>
          </ns3:TrackPointExtension>
        </extensions>
      </trkpt>
      <trkpt lat="38.7224555946886539459228515625" lon="112.74807306937873363494873046875">
        <ele>805.5999755859375</ele>
        <time>2026-08-28T03:29:13.000Z</time>
        <extensions>
          <ns3:TrackPointExtension>
            <ns3:hr>186</ns3:hr>
            <ns3:cad>90</ns3:cad>
          </ns3:TrackPointExtension>
        </extensions>
      </trkpt>
      <trkpt lat="38.72246188111603260040283203125" lon="112.74804733693599700927734375">
        <ele>805.5999755859375</ele>
        <time>2026-08-28T03:29:14.000Z</time>
        <extensions>
          <ns3:TrackPointExtension>
            <ns3:hr>186</ns3:hr>
            <ns3:cad>89</ns3:cad>
          </ns3:TrackPointExtension>
        </extensions>
      </trkpt>
      <trkpt lat="38.72246406041085720062255859375" lon="112.748017497360706329345703125">
        <ele>805.4000244140625</ele>
        <time>2026-08-28T03:29:15.000Z</time>
        <extensions>
          <ns3:TrackPointExtension>
            <ns3:hr>186</ns3:hr>
            <ns3:cad>89</ns3:cad>
          </ns3:TrackPointExtension>
        </extensions>
      </trkpt>
      <trkpt lat="38.72247043065726757049560546875" lon="112.74799277074635028839111328125">
        <ele>805.4000244140625</ele>
        <time>2026-08-28T03:29:16.000Z</time>
        <extensions>
          <ns3:TrackPointExtension>
            <ns3:hr>186</ns3:hr>
            <ns3:cad>89</ns3:cad>
          </ns3:TrackPointExtension>
        </extensions>
      </trkpt>
      <trkpt lat="38.7224700115621089935302734375" lon="112.7479667030274868011474609375">
        <ele>805.4000244140625</ele>
        <time>2026-08-28T03:29:17.000Z</time>
        <extensions>
          <ns3:TrackPointExtension>
            <ns3:hr>187</ns3:hr>
            <ns3:cad>90</ns3:cad>
          </ns3:TrackPointExtension>
        </extensions>
      </trkpt>
      <trkpt lat="38.7224770523607730865478515625" lon="112.7479408867657184600830078125">
        <ele>805.4000244140625</ele>
        <time>2026-08-28T03:29:18.000Z</time>
        <extensions>
          <ns3:TrackPointExtension>
            <ns3:hr>188</ns3:hr>
            <ns3:cad>91</ns3:cad>
          </ns3:TrackPointExtension>
        </extensions>
      </trkpt>
      <trkpt lat="38.7224760465323925018310546875" lon="112.74791146628558635711669921875">
        <ele>805.5999755859375</ele>
        <time>2026-08-28T03:29:19.000Z</time>
        <extensions>
          <ns3:TrackPointExtension>
            <ns3:hr>188</ns3:hr>
            <ns3:cad>91</ns3:cad>
          </ns3:TrackPointExtension>
        </extensions>
      </trkpt>
      <trkpt lat="38.722486607730388641357421875" lon="112.74788640439510345458984375">
        <ele>805.5999755859375</ele>
        <time>2026-08-28T03:29:20.000Z</time>
        <extensions>
          <ns3:TrackPointExtension>
            <ns3:hr>187</ns3:hr>
            <ns3:cad>89</ns3:cad>
          </ns3:TrackPointExtension>
        </extensions>
      </trkpt>
      <trkpt lat="38.72249054722487926483154296875" lon="112.7478594146668910980224609375">
        <ele>805.5999755859375</ele>
        <time>2026-08-28T03:29:21.000Z</time>
        <extensions>
          <ns3:TrackPointExtension>
            <ns3:hr>187</ns3:hr>
            <ns3:cad>89</ns3:cad>
          </ns3:TrackPointExtension>
        </extensions>
      </trkpt>
      <trkpt lat="38.72249943204224109649658203125" lon="112.74783167056739330291748046875">
        <ele>805.5999755859375</ele>
        <time>2026-08-28T03:29:22.000Z</time>
        <extensions>
          <ns3:TrackPointExtension>
            <ns3:hr>186</ns3:hr>
            <ns3:cad>88</ns3:cad>
          </ns3:TrackPointExtension>
        </extensions>
      </trkpt>
      <trkpt lat="38.72250194661319255828857421875" lon="112.7478004060685634613037109375">
        <ele>805.5999755859375</ele>
        <time>2026-08-28T03:29:23.000Z</time>
        <extensions>
          <ns3:TrackPointExtension>
            <ns3:hr>185</ns3:hr>
            <ns3:cad>88</ns3:cad>
          </ns3:TrackPointExtension>
        </extensions>
      </trkpt>
      <trkpt lat="38.72251099906861782073974609375" lon="112.74777165614068508148193359375">
        <ele>805.5999755859375</ele>
        <time>2026-08-28T03:29:24.000Z</time>
        <extensions>
          <ns3:TrackPointExtension>
            <ns3:hr>184</ns3:hr>
            <ns3:cad>89</ns3:cad>
          </ns3:TrackPointExtension>
        </extensions>
      </trkpt>
      <trkpt lat="38.7225162796676158905029296875" lon="112.747745253145694732666015625">
        <ele>805.5999755859375</ele>
        <time>2026-08-28T03:29:25.000Z</time>
        <extensions>
          <ns3:TrackPointExtension>
            <ns3:hr>183</ns3:hr>
            <ns3:cad>90</ns3:cad>
          </ns3:TrackPointExtension>
        </extensions>
      </trkpt>
      <trkpt lat="38.72252357192337512969970703125" lon="112.7477167546749114990234375">
        <ele>805.5999755859375</ele>
        <time>2026-08-28T03:29:26.000Z</time>
        <extensions>
          <ns3:TrackPointExtension>
            <ns3:hr>182</ns3:hr>
            <ns3:cad>90</ns3:cad>
          </ns3:TrackPointExtension>
        </extensions>
      </trkpt>
      <trkpt lat="38.722529523074626922607421875" lon="112.74768926203250885009765625">
        <ele>805.79998779296875</ele>
        <time>2026-08-28T03:29:27.000Z</time>
        <extensions>
          <ns3:TrackPointExtension>
            <ns3:hr>182</ns3:hr>
            <ns3:cad>90</ns3:cad>
          </ns3:TrackPointExtension>
        </extensions>
      </trkpt>
      <trkpt lat="38.72254192829132080078125" lon="112.7476631104946136474609375">
        <ele>805.79998779296875</ele>
        <time>2026-08-28T03:29:28.000Z</time>
        <extensions>
          <ns3:TrackPointExtension>
            <ns3:hr>181</ns3:hr>
            <ns3:cad>90</ns3:cad>
          </ns3:TrackPointExtension>
        </extensions>
      </trkpt>
      <trkpt lat="38.72255056165158748626708984375" lon="112.7476317621767520904541015625">
        <ele>805.79998779296875</ele>
        <time>2026-08-28T03:29:29.000Z</time>
        <extensions>
          <ns3:TrackPointExtension>
            <ns3:hr>181</ns3:hr>
            <ns3:cad>90</ns3:cad>
          </ns3:TrackPointExtension>
        </extensions>
      </trkpt>
      <trkpt lat="38.7225588597357273101806640625" lon="112.747604437172412872314453125">
        <ele>805.79998779296875</ele>
        <time>2026-08-28T03:29:30.000Z</time>
        <extensions>
          <ns3:TrackPointExtension>
            <ns3:hr>181</ns3:hr>
            <ns3:cad>91</ns3:cad>
          </ns3:TrackPointExtension>
        </extensions>
      </trkpt>
      <trkpt lat="38.722567074000835418701171875" lon="112.7475745975971221923828125">
        <ele>805.79998779296875</ele>
        <time>2026-08-28T03:29:31.000Z</time>
        <extensions>
          <ns3:TrackPointExtension>
            <ns3:hr>181</ns3:hr>
            <ns3:cad>92</ns3:cad>
          </ns3:TrackPointExtension>
        </extensions>
      </trkpt>
      <trkpt lat="38.722576797008514404296875" lon="112.74754886515438556671142578125">
        <ele>805.79998779296875</ele>
        <time>2026-08-28T03:29:32.000Z</time>
        <extensions>
          <ns3:TrackPointExtension>
            <ns3:hr>180</ns3:hr>
            <ns3:cad>92</ns3:cad>
          </ns3:TrackPointExtension>
        </extensions>
      </trkpt>
      <trkpt lat="38.72258207760751247406005859375" lon="112.7475182712078094482421875">
        <ele>805.79998779296875</ele>
        <time>2026-08-28T03:29:33.000Z</time>
        <extensions>
          <ns3:TrackPointExtension>
            <ns3:hr>180</ns3:hr>
            <ns3:cad>91</ns3:cad>
          </ns3:TrackPointExtension>
        </extensions>
      </trkpt>
      <trkpt lat="38.72258677147328853607177734375" lon="112.74748968891799449920654296875">
        <ele>805.79998779296875</ele>
        <time>2026-08-28T03:29:34.000Z</time>
        <extensions>
          <ns3:TrackPointExtension>
            <ns3:hr>180</ns3:hr>
            <ns3:cad>91</ns3:cad>
          </ns3:TrackPointExtension>
        </extensions>
      </trkpt>
      <trkpt lat="38.72258928604423999786376953125" lon="112.74745767004787921905517578125">
        <ele>805.79998779296875</ele>
        <time>2026-08-28T03:29:35.000Z</time>
        <extensions>
          <ns3:TrackPointExtension>
            <ns3:hr>180</ns3:hr>
            <ns3:cad>90</ns3:cad>
          </ns3:TrackPointExtension>
        </extensions>
      </trkpt>
      <trkpt lat="38.7225870229303836822509765625" lon="112.74743302725255489349365234375">
        <ele>805.79998779296875</ele>
        <time>2026-08-28T03:29:36.000Z</time>
        <extensions>
          <ns3:TrackPointExtension>
            <ns3:hr>179</ns3:hr>
            <ns3:cad>90</ns3:cad>
          </ns3:TrackPointExtension>
        </extensions>
      </trkpt>
      <trkpt lat="38.7225799821317195892333984375" lon="112.7474081330001354217529296875">
        <ele>805.79998779296875</ele>
        <time>2026-08-28T03:29:37.000Z</time>
        <extensions>
          <ns3:TrackPointExtension>
            <ns3:hr>179</ns3:hr>
            <ns3:cad>90</ns3:cad>
          </ns3:TrackPointExtension>
        </extensions>
      </trkpt>
      <trkpt lat="38.72256766073405742645263671875" lon="112.74739095009863376617431640625">
        <ele>805.5999755859375</ele>
        <time>2026-08-28T03:29:38.000Z</time>
        <extensions>
          <ns3:TrackPointExtension>
            <ns3:hr>179</ns3:hr>
            <ns3:cad>90</ns3:cad>
          </ns3:TrackPointExtension>
        </extensions>
      </trkpt>
      <trkpt lat="38.7225513160228729248046875" lon="112.74736471474170684814453125">
        <ele>805.79998779296875</ele>
        <time>2026-08-28T03:29:39.000Z</time>
        <extensions>
          <ns3:TrackPointExtension>
            <ns3:hr>179</ns3:hr>
            <ns3:cad>91</ns3:cad>
          </ns3:TrackPointExtension>
        </extensions>
      </trkpt>
      <trkpt lat="38.722536899149417877197265625" lon="112.7473444305360317230224609375">
        <ele>805.79998779296875</ele>
        <time>2026-08-28T03:29:40.000Z</time>
        <extensions>
          <ns3:TrackPointExtension>
            <ns3:hr>178</ns3:hr>
            <ns3:cad>91</ns3:cad>
          </ns3:TrackPointExtension>
        </extensions>
      </trkpt>
      <trkpt lat="38.7225233204662799835205078125" lon="112.7473202906548976898193359375">
        <ele>805.79998779296875</ele>
        <time>2026-08-28T03:29:41.000Z</time>
        <extensions>
          <ns3:TrackPointExtension>
            <ns3:hr>178</ns3:hr>
            <ns3:cad>91</ns3:cad>
          </ns3:TrackPointExtension>
        </extensions>
      </trkpt>
      <trkpt lat="38.722508735954761505126953125" lon="112.74730327539145946502685546875">
        <ele>806</ele>
        <time>2026-08-28T03:29:42.000Z</time>
        <extensions>
          <ns3:TrackPointExtension>
            <ns3:hr>178</ns3:hr>
            <ns3:cad>91</ns3:cad>
          </ns3:TrackPointExtension>
        </extensions>
      </trkpt>
      <trkpt lat="38.7225021980702877044677734375" lon="112.74726941250264644622802734375">
        <ele>806</ele>
        <time>2026-08-28T03:29:43.000Z</time>
        <extensions>
          <ns3:TrackPointExtension>
            <ns3:hr>177</ns3:hr>
            <ns3:cad>91</ns3:cad>
          </ns3:TrackPointExtension>
        </extensions>
      </trkpt>
      <trkpt lat="38.72249239124357700347900390625" lon="112.7472488768398761749267578125">
        <ele>806</ele>
        <time>2026-08-28T03:29:44.000Z</time>
        <extensions>
          <ns3:TrackPointExtension>
            <ns3:hr>177</ns3:hr>
            <ns3:cad>91</ns3:cad>
          </ns3:TrackPointExtension>
        </extensions>
      </trkpt>
      <trkpt lat="38.722481243312358856201171875" lon="112.74721928872168064117431640625">
        <ele>806</ele>
        <time>2026-08-28T03:29:45.000Z</time>
        <extensions>
          <ns3:TrackPointExtension>
            <ns3:hr>177</ns3:hr>
            <ns3:cad>92</ns3:cad>
          </ns3:TrackPointExtension>
        </extensions>
      </trkpt>
      <trkpt lat="38.72247294522821903228759765625" lon="112.7472009323537349700927734375">
        <ele>806</ele>
        <time>2026-08-28T03:29:46.000Z</time>
        <extensions>
          <ns3:TrackPointExtension>
            <ns3:hr>177</ns3:hr>
            <ns3:cad>93</ns3:cad>
          </ns3:TrackPointExtension>
        </extensions>
      </trkpt>
      <trkpt lat="38.7224626354873180389404296875" lon="112.74717654101550579071044921875">
        <ele>806</ele>
        <time>2026-08-28T03:29:47.000Z</time>
        <extensions>
          <ns3:TrackPointExtension>
            <ns3:hr>176</ns3:hr>
            <ns3:cad>93</ns3:cad>
          </ns3:TrackPointExtension>
        </extensions>
      </trkpt>
      <trkpt lat="38.7224515713751316070556640625" lon="112.74716162122786045074462890625">
        <ele>806.20001220703125</ele>
        <time>2026-08-28T03:29:48.000Z</time>
        <extensions>
          <ns3:TrackPointExtension>
            <ns3:hr>176</ns3:hr>
            <ns3:cad>93</ns3:cad>
          </ns3:TrackPointExtension>
        </extensions>
      </trkpt>
      <trkpt lat="38.72243933379650115966796875" lon="112.74712868034839630126953125">
        <ele>806.20001220703125</ele>
        <time>2026-08-28T03:29:49.000Z</time>
        <extensions>
          <ns3:TrackPointExtension>
            <ns3:hr>176</ns3:hr>
            <ns3:cad>92</ns3:cad>
          </ns3:TrackPointExtension>
        </extensions>
      </trkpt>
      <trkpt lat="38.7224240787327289581298828125" lon="112.74710185825824737548828125">
        <ele>806.20001220703125</ele>
        <time>2026-08-28T03:29:50.000Z</time>
        <extensions>
          <ns3:TrackPointExtension>
            <ns3:hr>176</ns3:hr>
            <ns3:cad>92</ns3:cad>
          </ns3:TrackPointExtension>
        </extensions>
      </trkpt>
      <trkpt lat="38.72241125442087650299072265625" lon="112.74706967175006866455078125">
        <ele>806.20001220703125</ele>
        <time>2026-08-28T03:29:51.000Z</time>
        <extensions>
          <ns3:TrackPointExtension>
            <ns3:hr>175</ns3:hr>
            <ns3:cad>93</ns3:cad>
          </ns3:TrackPointExtension>
        </extensions>
      </trkpt>
      <trkpt lat="38.72239482589066028594970703125" lon="112.74704360403120517730712890625">
        <ele>806.20001220703125</ele>
        <time>2026-08-28T03:29:52.000Z</time>
        <extensions>
          <ns3:TrackPointExtension>
            <ns3:hr>174</ns3:hr>
            <ns3:cad>93</ns3:cad>
          </ns3:TrackPointExtension>
        </extensions>
      </trkpt>
      <trkpt lat="38.72238409705460071563720703125" lon="112.7470138482749462127685546875">
        <ele>806.20001220703125</ele>
        <time>2026-08-28T03:29:53.000Z</time>
        <extensions>
          <ns3:TrackPointExtension>
            <ns3:hr>174</ns3:hr>
            <ns3:cad>92</ns3:cad>
          </ns3:TrackPointExtension>
        </extensions>
      </trkpt>
      <trkpt lat="38.722373284399509429931640625" lon="112.74699046276509761810302734375">
        <ele>806.20001220703125</ele>
        <time>2026-08-28T03:29:54.000Z</time>
        <extensions>
          <ns3:TrackPointExtension>
            <ns3:hr>173</ns3:hr>
            <ns3:cad>92</ns3:cad>
          </ns3:TrackPointExtension>
        </extensions>
      </trkpt>
      <trkpt lat="38.72236666269600391387939453125" lon="112.74696732871234416961669921875">
        <ele>806.20001220703125</ele>
        <time>2026-08-28T03:29:55.000Z</time>
        <extensions>
          <ns3:TrackPointExtension>
            <ns3:hr>173</ns3:hr>
            <ns3:cad>90</ns3:cad>
          </ns3:TrackPointExtension>
        </extensions>
      </trkpt>
      <trkpt lat="38.7223597057163715362548828125" lon="112.74694050662219524383544921875">
        <ele>806.4000244140625</ele>
        <time>2026-08-28T03:29:56.000Z</time>
        <extensions>
          <ns3:TrackPointExtension>
            <ns3:hr>173</ns3:hr>
            <ns3:cad>90</ns3:cad>
          </ns3:TrackPointExtension>
        </extensions>
      </trkpt>
      <trkpt lat="38.7223576940596103668212890625" lon="112.7469162829220294952392578125">
        <ele>806.4000244140625</ele>
        <time>2026-08-28T03:29:57.000Z</time>
        <extensions>
          <ns3:TrackPointExtension>
            <ns3:hr>173</ns3:hr>
            <ns3:cad>91</ns3:cad>
          </ns3:TrackPointExtension>
        </extensions>
      </trkpt>
      <trkpt lat="38.7223550118505954742431640625" lon="112.746883593499660491943359375">
        <ele>806.4000244140625</ele>
        <time>2026-08-28T03:29:58.000Z</time>
        <extensions>
          <ns3:TrackPointExtension>
            <ns3:hr>173</ns3:hr>
            <ns3:cad>91</ns3:cad>
          </ns3:TrackPointExtension>
        </extensions>
      </trkpt>
      <trkpt lat="38.7223486416041851043701171875" lon="112.7468502335250377655029296875">
        <ele>806.4000244140625</ele>
        <time>2026-08-28T03:29:59.000Z</time>
        <extensions>
          <ns3:TrackPointExtension>
            <ns3:hr>172</ns3:hr>
            <ns3:cad>91</ns3:cad>
          </ns3:TrackPointExtension>
        </extensions>
      </trkpt>
      <trkpt lat="38.72234051115810871124267578125" lon="112.746813856065273284912109375">
        <ele>806.4000244140625</ele>
        <time>2026-08-28T03:30:00.000Z</time>
        <extensions>
          <ns3:TrackPointExtension>
            <ns3:hr>172</ns3:hr>
            <ns3:cad>91</ns3:cad>
          </ns3:TrackPointExtension>
        </extensions>
      </trkpt>
      <trkpt lat="38.7223446182906627655029296875" lon="112.74678527377545833587646484375">
        <ele>806.4000244140625</ele>
        <time>2026-08-28T03:30:01.000Z</time>
        <extensions>
          <ns3:TrackPointExtension>
            <ns3:hr>172</ns3:hr>
            <ns3:cad>91</ns3:cad>
          </ns3:TrackPointExtension>
        </extensions>
      </trkpt>
      <trkpt lat="38.722350485622882843017578125" lon="112.74675208143889904022216796875">
        <ele>806.4000244140625</ele>
        <time>2026-08-28T03:30:02.000Z</time>
        <extensions>
          <ns3:TrackPointExtension>
            <ns3:hr>171</ns3:hr>
            <ns3:cad>90</ns3:cad>
          </ns3:TrackPointExtension>
        </extensions>
      </trkpt>
      <trkpt lat="38.72235693968832492828369140625" lon="112.74672291241586208343505859375">
        <ele>806.4000244140625</ele>
        <time>2026-08-28T03:30:03.000Z</time>
        <extensions>
          <ns3:TrackPointExtension>
            <ns3:hr>171</ns3:hr>
            <ns3:cad>89</ns3:cad>
          </ns3:TrackPointExtension>
        </extensions>
      </trkpt>
      <trkpt lat="38.72236196883022785186767578125" lon="112.74669810198247432708740234375">
        <ele>806.4000244140625</ele>
        <time>2026-08-28T03:30:04.000Z</time>
        <extensions>
          <ns3:TrackPointExtension>
            <ns3:hr>170</ns3:hr>
            <ns3:cad>89</ns3:cad>
          </ns3:TrackPointExtension>
        </extensions>
      </trkpt>
      <trkpt lat="38.7223684228956699371337890625" lon="112.7466681785881519317626953125">
        <ele>806.4000244140625</ele>
        <time>2026-08-28T03:30:05.000Z</time>
        <extensions>
          <ns3:TrackPointExtension>
            <ns3:hr>170</ns3:hr>
            <ns3:cad>90</ns3:cad>
          </ns3:TrackPointExtension>
        </extensions>
      </trkpt>
      <trkpt lat="38.72237135656177997589111328125" lon="112.7466433681547641754150390625">
        <ele>806.4000244140625</ele>
        <time>2026-08-28T03:30:06.000Z</time>
        <extensions>
          <ns3:TrackPointExtension>
            <ns3:hr>170</ns3:hr>
            <ns3:cad>90</ns3:cad>
          </ns3:TrackPointExtension>
        </extensions>
      </trkpt>
      <trkpt lat="38.72237504459917545318603515625" lon="112.7466192282736301422119140625">
        <ele>806.5999755859375</ele>
        <time>2026-08-28T03:30:07.000Z</time>
        <extensions>
          <ns3:TrackPointExtension>
            <ns3:hr>170</ns3:hr>
            <ns3:cad>89</ns3:cad>
          </ns3:TrackPointExtension>
        </extensions>
      </trkpt>
      <trkpt lat="38.7223764695227146148681640625" lon="112.74659735150635242462158203125">
        <ele>806.5999755859375</ele>
        <time>2026-08-28T03:30:08.000Z</time>
        <extensions>
          <ns3:TrackPointExtension>
            <ns3:hr>171</ns3:hr>
            <ns3:cad>89</ns3:cad>
          </ns3:TrackPointExtension>
        </extensions>
      </trkpt>
      <trkpt lat="38.72237856499850749969482421875" lon="112.74657472036778926849365234375">
        <ele>806.5999755859375</ele>
        <time>2026-08-28T03:30:09.000Z</time>
        <extensions>
          <ns3:TrackPointExtension>
            <ns3:hr>171</ns3:hr>
            <ns3:cad>89</ns3:cad>
          </ns3:TrackPointExtension>
        </extensions>
      </trkpt>
      <trkpt lat="38.72237940318882465362548828125" lon="112.7465521730482578277587890625">
        <ele>806.5999755859375</ele>
        <time>2026-08-28T03:30:10.000Z</time>
        <extensions>
          <ns3:TrackPointExtension>
            <ns3:hr>171</ns3:hr>
            <ns3:cad>90</ns3:cad>
          </ns3:TrackPointExtension>
        </extensions>
      </trkpt>
      <trkpt lat="38.722380660474300384521484375" lon="112.74652845226228237152099609375">
        <ele>806.5999755859375</ele>
        <time>2026-08-28T03:30:11.000Z</time>
        <extensions>
          <ns3:TrackPointExtension>
            <ns3:hr>171</ns3:hr>
            <ns3:cad>90</ns3:cad>
          </ns3:TrackPointExtension>
        </extensions>
      </trkpt>
      <trkpt lat="38.7223850190639495849609375" lon="112.7464981935918331146240234375">
        <ele>806.5999755859375</ele>
        <time>2026-08-28T03:30:12.000Z</time>
        <extensions>
          <ns3:TrackPointExtension>
            <ns3:hr>170</ns3:hr>
            <ns3:cad>90</ns3:cad>
          </ns3:TrackPointExtension>
        </extensions>
      </trkpt>
      <trkpt lat="38.72239683754742145538330078125" lon="112.74646994657814502716064453125">
        <ele>806.5999755859375</ele>
        <time>2026-08-28T03:30:13.000Z</time>
        <extensions>
          <ns3:TrackPointExtension>
            <ns3:hr>170</ns3:hr>
            <ns3:cad>89</ns3:cad>
          </ns3:TrackPointExtension>
        </extensions>
      </trkpt>
      <trkpt lat="38.72240773402154445648193359375" lon="112.7464319765567779541015625">
        <ele>806.5999755859375</ele>
        <time>2026-08-28T03:30:14.000Z</time>
        <extensions>
          <ns3:TrackPointExtension>
            <ns3:hr>170</ns3:hr>
            <ns3:cad>89</ns3:cad>
          </ns3:TrackPointExtension>
        </extensions>
      </trkpt>
      <trkpt lat="38.722410500049591064453125" lon="112.74640423245728015899658203125">
        <ele>806.5999755859375</ele>
        <time>2026-08-28T03:30:15.000Z</time>
        <extensions>
          <ns3:TrackPointExtension>
            <ns3:hr>170</ns3:hr>
            <ns3:cad>89</ns3:cad>
          </ns3:TrackPointExtension>
        </extensions>
      </trkpt>
      <trkpt lat="38.72241997160017490386962890625" lon="112.7463724650442600250244140625">
        <ele>806.79998779296875</ele>
        <time>2026-08-28T03:30:16.000Z</time>
        <extensions>
          <ns3:TrackPointExtension>
            <ns3:hr>170</ns3:hr>
            <ns3:cad>89</ns3:cad>
          </ns3:TrackPointExtension>
        </extensions>
      </trkpt>
      <trkpt lat="38.7224314548075199127197265625" lon="112.74633818306028842926025390625">
        <ele>806.5999755859375</ele>
        <time>2026-08-28T03:30:17.000Z</time>
        <extensions>
          <ns3:TrackPointExtension>
            <ns3:hr>170</ns3:hr>
            <ns3:cad>90</ns3:cad>
          </ns3:TrackPointExtension>
        </extensions>
      </trkpt>
      <trkpt lat="38.72244209982454776763916015625" lon="112.74629979394376277923583984375">
        <ele>806.5999755859375</ele>
        <time>2026-08-28T03:30:18.000Z</time>
        <extensions>
          <ns3:TrackPointExtension>
            <ns3:hr>170</ns3:hr>
            <ns3:cad>91</ns3:cad>
          </ns3:TrackPointExtension>
        </extensions>
      </trkpt>
      <trkpt lat="38.72245148755609989166259765625" lon="112.7462708763778209686279296875">
        <ele>806.5999755859375</ele>
        <time>2026-08-28T03:30:19.000Z</time>
        <extensions>
          <ns3:TrackPointExtension>
            <ns3:hr>170</ns3:hr>
            <ns3:cad>91</ns3:cad>
          </ns3:TrackPointExtension>
        </extensions>
      </trkpt>
      <trkpt lat="38.7224579416215419769287109375" lon="112.7462361752986907958984375">
        <ele>806.5999755859375</ele>
        <time>2026-08-28T03:30:20.000Z</time>
        <extensions>
          <ns3:TrackPointExtension>
            <ns3:hr>170</ns3:hr>
            <ns3:cad>90</ns3:cad>
          </ns3:TrackPointExtension>
        </extensions>
      </trkpt>
      <trkpt lat="38.722461797297000885009765625" lon="112.74620507843792438507080078125">
        <ele>806.5999755859375</ele>
        <time>2026-08-28T03:30:21.000Z</time>
        <extensions>
          <ns3:TrackPointExtension>
            <ns3:hr>169</ns3:hr>
            <ns3:cad>90</ns3:cad>
          </ns3:TrackPointExtension>
        </extensions>
      </trkpt>
      <trkpt lat="38.7224673293530941009521484375" lon="112.74616803042590618133544921875">
        <ele>806.5999755859375</ele>
        <time>2026-08-28T03:30:22.000Z</time>
        <extensions>
          <ns3:TrackPointExtension>
            <ns3:hr>169</ns3:hr>
            <ns3:cad>90</ns3:cad>
          </ns3:TrackPointExtension>
        </extensions>
      </trkpt>
      <trkpt lat="38.7224753759801387786865234375" lon="112.7461381070315837860107421875">
        <ele>806.5999755859375</ele>
        <time>2026-08-28T03:30:23.000Z</time>
        <extensions>
          <ns3:TrackPointExtension>
            <ns3:hr>169</ns3:hr>
            <ns3:cad>90</ns3:cad>
          </ns3:TrackPointExtension>
        </extensions>
      </trkpt>
      <trkpt lat="38.722490631043910980224609375" lon="112.74610147811472415924072265625">
        <ele>806.5999755859375</ele>
        <time>2026-08-28T03:30:24.000Z</time>
        <extensions>
          <ns3:TrackPointExtension>
            <ns3:hr>169</ns3:hr>
            <ns3:cad>90</ns3:cad>
          </ns3:TrackPointExtension>
        </extensions>
      </trkpt>
      <trkpt lat="38.72250546701252460479736328125" lon="112.74607851170003414154052734375">
        <ele>806.5999755859375</ele>
        <time>2026-08-28T03:30:25.000Z</time>
        <extensions>
          <ns3:TrackPointExtension>
            <ns3:hr>169</ns3:hr>
            <ns3:cad>90</ns3:cad>
          </ns3:TrackPointExtension>
        </extensions>
      </trkpt>
      <trkpt lat="38.72252910397946834564208984375" lon="112.74605085141956806182861328125">
        <ele>806.5999755859375</ele>
        <time>2026-08-28T03:30:26.000Z</time>
        <extensions>
          <ns3:TrackPointExtension>
            <ns3:hr>169</ns3:hr>
            <ns3:cad>90</ns3:cad>
          </ns3:TrackPointExtension>
        </extensions>
      </trkpt>
      <trkpt lat="38.72254687361419200897216796875" lon="112.7460388652980327606201171875">
        <ele>806.79998779296875</ele>
        <time>2026-08-28T03:30:27.000Z</time>
        <extensions>
          <ns3:TrackPointExtension>
            <ns3:hr>169</ns3:hr>
            <ns3:cad>90</ns3:cad>
          </ns3:TrackPointExtension>
        </extensions>
      </trkpt>
      <trkpt lat="38.72256900183856487274169921875" lon="112.74602268822491168975830078125">
        <ele>806.79998779296875</ele>
        <time>2026-08-28T03:30:28.000Z</time>
        <extensions>
          <ns3:TrackPointExtension>
            <ns3:hr>169</ns3:hr>
            <ns3:cad>90</ns3:cad>
          </ns3:TrackPointExtension>
        </extensions>
      </trkpt>
      <trkpt lat="38.722589202225208282470703125" lon="112.74601195938885211944580078125">
        <ele>806.79998779296875</ele>
        <time>2026-08-28T03:30:29.000Z</time>
        <extensions>
          <ns3:TrackPointExtension>
            <ns3:hr>169</ns3:hr>
            <ns3:cad>90</ns3:cad>
          </ns3:TrackPointExtension>
        </extensions>
      </trkpt>
      <trkpt lat="38.72261275537312030792236328125" lon="112.74600709788501262664794921875">
        <ele>807</ele>
        <time>2026-08-28T03:30:30.000Z</time>
        <extensions>
          <ns3:TrackPointExtension>
            <ns3:hr>169</ns3:hr>
            <ns3:cad>90</ns3:cad>
          </ns3:TrackPointExtension>
        </extensions>
      </trkpt>
      <trkpt lat="38.72263169847428798675537109375" lon="112.7460026554763317108154296875">
        <ele>807</ele>
        <time>2026-08-28T03:30:31.000Z</time>
        <extensions>
          <ns3:TrackPointExtension>
            <ns3:hr>169</ns3:hr>
            <ns3:cad>91</ns3:cad>
          </ns3:TrackPointExtension>
        </extensions>
      </trkpt>
      <trkpt lat="38.722656257450580596923828125" lon="112.74599502794444561004638671875">
        <ele>807</ele>
        <time>2026-08-28T03:30:32.000Z</time>
        <extensions>
          <ns3:TrackPointExtension>
            <ns3:hr>169</ns3:hr>
            <ns3:cad>91</ns3:cad>
          </ns3:TrackPointExtension>
        </extensions>
      </trkpt>
      <trkpt lat="38.7226681597530841827392578125" lon="112.74598564021289348602294921875">
        <ele>807</ele>
        <time>2026-08-28T03:30:33.000Z</time>
        <extensions>
          <ns3:TrackPointExtension>
            <ns3:hr>169</ns3:hr>
            <ns3:cad>91</ns3:cad>
          </ns3:TrackPointExtension>
        </extensions>
      </trkpt>
      <trkpt lat="38.722693137824535369873046875" lon="112.74598094634711742401123046875">
        <ele>807</ele>
        <time>2026-08-28T03:30:34.000Z</time>
        <extensions>
          <ns3:TrackPointExtension>
            <ns3:hr>170</ns3:hr>
            <ns3:cad>92</ns3:cad>
          </ns3:TrackPointExtension>
        </extensions>
      </trkpt>
      <trkpt lat="38.72271333821117877960205078125" lon="112.745969295501708984375">
        <ele>807</ele>
        <time>2026-08-28T03:30:35.000Z</time>
        <extensions>
          <ns3:TrackPointExtension>
            <ns3:hr>169</ns3:hr>
            <ns3:cad>92</ns3:cad>
          </ns3:TrackPointExtension>
        </extensions>
      </trkpt>
      <trkpt lat="38.7227348797023296356201171875" lon="112.74596267379820346832275390625">
        <ele>807.20001220703125</ele>
        <time>2026-08-28T03:30:36.000Z</time>
        <extensions>
          <ns3:TrackPointExtension>
            <ns3:hr>169</ns3:hr>
            <ns3:cad>92</ns3:cad>
          </ns3:TrackPointExtension>
        </extensions>
      </trkpt>
      <trkpt lat="38.72275558300316333770751953125" lon="112.74594641290605068206787109375">
        <ele>807.20001220703125</ele>
        <time>2026-08-28T03:30:37.000Z</time>
        <extensions>
          <ns3:TrackPointExtension>
            <ns3:hr>169</ns3:hr>
            <ns3:cad>92</ns3:cad>
          </ns3:TrackPointExtension>
        </extensions>
      </trkpt>
      <trkpt lat="38.72278257273137569427490234375" lon="112.74593350477516651153564453125">
        <ele>807.20001220703125</ele>
        <time>2026-08-28T03:30:38.000Z</time>
        <extensions>
          <ns3:TrackPointExtension>
            <ns3:hr>169</ns3:hr>
            <ns3:cad>92</ns3:cad>
          </ns3:TrackPointExtension>
        </extensions>
      </trkpt>
      <trkpt lat="38.72280671261250972747802734375" lon="112.7459144778549671173095703125">
        <ele>807.20001220703125</ele>
        <time>2026-08-28T03:30:39.000Z</time>
        <extensions>
          <ns3:TrackPointExtension>
            <ns3:hr>169</ns3:hr>
            <ns3:cad>92</ns3:cad>
          </ns3:TrackPointExtension>
        </extensions>
      </trkpt>
      <trkpt lat="38.72282900847494602203369140625" lon="112.74589880369603633880615234375">
        <ele>807.20001220703125</ele>
        <time>2026-08-28T03:30:40.000Z</time>
        <extensions>
          <ns3:TrackPointExtension>
            <ns3:hr>169</ns3:hr>
            <ns3:cad>92</ns3:cad>
          </ns3:TrackPointExtension>
        </extensions>
      </trkpt>
      <trkpt lat="38.72284979559481143951416015625" lon="112.74588069878518581390380859375">
        <ele>807.20001220703125</ele>
        <time>2026-08-28T03:30:41.000Z</time>
        <extensions>
          <ns3:TrackPointExtension>
            <ns3:hr>169</ns3:hr>
            <ns3:cad>90</ns3:cad>
          </ns3:TrackPointExtension>
        </extensions>
      </trkpt>
      <trkpt lat="38.72287108562886714935302734375" lon="112.7458638511598110198974609375">
        <ele>807.20001220703125</ele>
        <time>2026-08-28T03:30:42.000Z</time>
        <extensions>
          <ns3:TrackPointExtension>
            <ns3:hr>169</ns3:hr>
            <ns3:cad>90</ns3:cad>
          </ns3:TrackPointExtension>
        </extensions>
      </trkpt>
      <trkpt lat="38.72288885526359081268310546875" lon="112.745846919715404510498046875">
        <ele>807.20001220703125</ele>
        <time>2026-08-28T03:30:43.000Z</time>
        <extensions>
          <ns3:TrackPointExtension>
            <ns3:hr>170</ns3:hr>
            <ns3:cad>91</ns3:cad>
          </ns3:TrackPointExtension>
        </extensions>
      </trkpt>
      <trkpt lat="38.72290964238345623016357421875" lon="112.74582923389971256256103515625">
        <ele>807.20001220703125</ele>
        <time>2026-08-28T03:30:44.000Z</time>
        <extensions>
          <ns3:TrackPointExtension>
            <ns3:hr>169</ns3:hr>
            <ns3:cad>92</ns3:cad>
          </ns3:TrackPointExtension>
        </extensions>
      </trkpt>
      <trkpt lat="38.72292992658913135528564453125" lon="112.745797969400882720947265625">
        <ele>807.20001220703125</ele>
        <time>2026-08-28T03:30:45.000Z</time>
        <extensions>
          <ns3:TrackPointExtension>
            <ns3:hr>169</ns3:hr>
            <ns3:cad>93</ns3:cad>
          </ns3:TrackPointExtension>
        </extensions>
      </trkpt>
      <trkpt lat="38.72294618748128414154052734375" lon="112.74577374570071697235107421875">
        <ele>807.20001220703125</ele>
        <time>2026-08-28T03:30:46.000Z</time>
        <extensions>
          <ns3:TrackPointExtension>
            <ns3:hr>169</ns3:hr>
            <ns3:cad>93</ns3:cad>
          </ns3:TrackPointExtension>
        </extensions>
      </trkpt>
      <trkpt lat="38.7229605205357074737548828125" lon="112.74574491195380687713623046875">
        <ele>807.20001220703125</ele>
        <time>2026-08-28T03:30:47.000Z</time>
        <extensions>
          <ns3:TrackPointExtension>
            <ns3:hr>169</ns3:hr>
            <ns3:cad>93</ns3:cad>
          </ns3:TrackPointExtension>
        </extensions>
      </trkpt>
      <trkpt lat="38.72297485359013080596923828125" lon="112.74572261609137058258056640625">
        <ele>807.20001220703125</ele>
        <time>2026-08-28T03:30:48.000Z</time>
        <extensions>
          <ns3:TrackPointExtension>
            <ns3:hr>168</ns3:hr>
            <ns3:cad>93</ns3:cad>
          </ns3:TrackPointExtension>
        </extensions>
      </trkpt>
      <trkpt lat="38.72299077920615673065185546875" lon="112.7456938661634922027587890625">
        <ele>807.20001220703125</ele>
        <time>2026-08-28T03:30:49.000Z</time>
        <extensions>
          <ns3:TrackPointExtension>
            <ns3:hr>168</ns3:hr>
            <ns3:cad>92</ns3:cad>
          </ns3:TrackPointExtension>
        </extensions>
      </trkpt>
      <trkpt lat="38.72299882583320140838623046875" lon="112.7456683851778507232666015625">
        <ele>807.20001220703125</ele>
        <time>2026-08-28T03:30:50.000Z</time>
        <extensions>
          <ns3:TrackPointExtension>
            <ns3:hr>168</ns3:hr>
            <ns3:cad>92</ns3:cad>
          </ns3:TrackPointExtension>
        </extensions>
      </trkpt>
      <trkpt lat="38.72301173396408557891845703125" lon="112.74563611485064029693603515625">
        <ele>807.20001220703125</ele>
        <time>2026-08-28T03:30:51.000Z</time>
        <extensions>
          <ns3:TrackPointExtension>
            <ns3:hr>168</ns3:hr>
            <ns3:cad>92</ns3:cad>
          </ns3:TrackPointExtension>
        </extensions>
      </trkpt>
      <trkpt lat="38.72301466763019561767578125" lon="112.7456110529601573944091796875">
        <ele>807.20001220703125</ele>
        <time>2026-08-28T03:30:52.000Z</time>
        <extensions>
          <ns3:TrackPointExtension>
            <ns3:hr>168</ns3:hr>
            <ns3:cad>92</ns3:cad>
          </ns3:TrackPointExtension>
        </extensions>
      </trkpt>
      <trkpt lat="38.72302279807627201080322265625" lon="112.74558297358453273773193359375">
        <ele>807.20001220703125</ele>
        <time>2026-08-28T03:30:53.000Z</time>
        <extensions>
          <ns3:TrackPointExtension>
            <ns3:hr>168</ns3:hr>
            <ns3:cad>92</ns3:cad>
          </ns3:TrackPointExtension>
        </extensions>
      </trkpt>
      <trkpt lat="38.72301994822919368743896484375" lon="112.7455564029514789581298828125">
        <ele>807.20001220703125</ele>
        <time>2026-08-28T03:30:54.000Z</time>
        <extensions>
          <ns3:TrackPointExtension>
            <ns3:hr>168</ns3:hr>
            <ns3:cad>92</ns3:cad>
          </ns3:TrackPointExtension>
        </extensions>
      </trkpt>
      <trkpt lat="38.72302413918077945709228515625" lon="112.74552547372877597808837890625">
        <ele>807.20001220703125</ele>
        <time>2026-08-28T03:30:55.000Z</time>
        <extensions>
          <ns3:TrackPointExtension>
            <ns3:hr>168</ns3:hr>
            <ns3:cad>92</ns3:cad>
          </ns3:TrackPointExtension>
        </extensions>
      </trkpt>
      <trkpt lat="38.72301911003887653350830078125" lon="112.745499573647975921630859375">
        <ele>807.20001220703125</ele>
        <time>2026-08-28T03:30:56.000Z</time>
        <extensions>
          <ns3:TrackPointExtension>
            <ns3:hr>168</ns3:hr>
            <ns3:cad>92</ns3:cad>
          </ns3:TrackPointExtension>
        </extensions>
      </trkpt>
      <trkpt lat="38.72302330099046230316162109375" lon="112.74547015316784381866455078125">
        <ele>807.20001220703125</ele>
        <time>2026-08-28T03:30:57.000Z</time>
        <extensions>
          <ns3:TrackPointExtension>
            <ns3:hr>167</ns3:hr>
            <ns3:cad>91</ns3:cad>
          </ns3:TrackPointExtension>
        </extensions>
      </trkpt>
      <trkpt lat="38.723022043704986572265625" lon="112.7454400621354579925537109375">
        <ele>807.20001220703125</ele>
        <time>2026-08-28T03:30:58.000Z</time>
        <extensions>
          <ns3:TrackPointExtension>
            <ns3:hr>167</ns3:hr>
            <ns3:cad>91</ns3:cad>
          </ns3:TrackPointExtension>
        </extensions>
      </trkpt>
      <trkpt lat="38.72303252108395099639892578125" lon="112.74541516788303852081298828125">
        <ele>807.20001220703125</ele>
        <time>2026-08-28T03:30:59.000Z</time>
        <extensions>
          <ns3:TrackPointExtension>
            <ns3:hr>168</ns3:hr>
            <ns3:cad>91</ns3:cad>
          </ns3:TrackPointExtension>
        </extensions>
      </trkpt>
      <trkpt lat="38.723037131130695343017578125" lon="112.74538918398320674896240234375">
        <ele>807.20001220703125</ele>
        <time>2026-08-28T03:31:00.000Z</time>
        <extensions>
          <ns3:TrackPointExtension>
            <ns3:hr>167</ns3:hr>
            <ns3:cad>91</ns3:cad>
          </ns3:TrackPointExtension>
        </extensions>
      </trkpt>
      <trkpt lat="38.7230440042912960052490234375" lon="112.7453602664172649383544921875">
        <ele>807.20001220703125</ele>
        <time>2026-08-28T03:31:01.000Z</time>
        <extensions>
          <ns3:TrackPointExtension>
            <ns3:hr>167</ns3:hr>
            <ns3:cad>91</ns3:cad>
          </ns3:TrackPointExtension>
        </extensions>
      </trkpt>
      <trkpt lat="38.72304827906191349029541015625" lon="112.74533168412744998931884765625">
        <ele>807.20001220703125</ele>
        <time>2026-08-28T03:31:02.000Z</time>
        <extensions>
          <ns3:TrackPointExtension>
            <ns3:hr>167</ns3:hr>
            <ns3:cad>91</ns3:cad>
          </ns3:TrackPointExtension>
        </extensions>
      </trkpt>
      <trkpt lat="38.7230537272989749908447265625" lon="112.74530553258955478668212890625">
        <ele>807.4000244140625</ele>
        <time>2026-08-28T03:31:03.000Z</time>
        <extensions>
          <ns3:TrackPointExtension>
            <ns3:hr>167</ns3:hr>
            <ns3:cad>91</ns3:cad>
          </ns3:TrackPointExtension>
        </extensions>
      </trkpt>
      <trkpt lat="38.7230614386498928070068359375" lon="112.7452761121094226837158203125">
        <ele>807.4000244140625</ele>
        <time>2026-08-28T03:31:04.000Z</time>
        <extensions>
          <ns3:TrackPointExtension>
            <ns3:hr>167</ns3:hr>
            <ns3:cad>92</ns3:cad>
          </ns3:TrackPointExtension>
        </extensions>
      </trkpt>
      <trkpt lat="38.72307258658111095428466796875" lon="112.74525222368538379669189453125">
        <ele>807.4000244140625</ele>
        <time>2026-08-28T03:31:05.000Z</time>
        <extensions>
          <ns3:TrackPointExtension>
            <ns3:hr>166</ns3:hr>
            <ns3:cad>92</ns3:cad>
          </ns3:TrackPointExtension>
        </extensions>
      </trkpt>
      <trkpt lat="38.723082058131694793701171875" lon="112.745218612253665924072265625">
        <ele>807.4000244140625</ele>
        <time>2026-08-28T03:31:06.000Z</time>
        <extensions>
          <ns3:TrackPointExtension>
            <ns3:hr>166</ns3:hr>
            <ns3:cad>93</ns3:cad>
          </ns3:TrackPointExtension>
        </extensions>
      </trkpt>
      <trkpt lat="38.723087422549724578857421875" lon="112.74519271217286586761474609375">
        <ele>807.4000244140625</ele>
        <time>2026-08-28T03:31:07.000Z</time>
        <extensions>
          <ns3:TrackPointExtension>
            <ns3:hr>166</ns3:hr>
            <ns3:cad>93</ns3:cad>
          </ns3:TrackPointExtension>
        </extensions>
      </trkpt>
      <trkpt lat="38.72309370897710323333740234375" lon="112.74516236968338489532470703125">
        <ele>807.4000244140625</ele>
        <time>2026-08-28T03:31:08.000Z</time>
        <extensions>
          <ns3:TrackPointExtension>
            <ns3:hr>165</ns3:hr>
            <ns3:cad>93</ns3:cad>
          </ns3:TrackPointExtension>
        </extensions>
      </trkpt>
      <trkpt lat="38.72309991158545017242431640625" lon="112.74513973854482173919677734375">
        <ele>807.4000244140625</ele>
        <time>2026-08-28T03:31:09.000Z</time>
        <extensions>
          <ns3:TrackPointExtension>
            <ns3:hr>166</ns3:hr>
            <ns3:cad>92</ns3:cad>
          </ns3:TrackPointExtension>
        </extensions>
      </trkpt>
      <trkpt lat="38.72310695238411426544189453125" lon="112.7451067976653575897216796875">
        <ele>807.20001220703125</ele>
        <time>2026-08-28T03:31:10.000Z</time>
        <extensions>
          <ns3:TrackPointExtension>
            <ns3:hr>166</ns3:hr>
            <ns3:cad>91</ns3:cad>
          </ns3:TrackPointExtension>
        </extensions>
      </trkpt>
      <trkpt lat="38.72310812585055828094482421875" lon="112.74508416652679443359375">
        <ele>807.4000244140625</ele>
        <time>2026-08-28T03:31:11.000Z</time>
        <extensions>
          <ns3:TrackPointExtension>
            <ns3:hr>167</ns3:hr>
            <ns3:cad>91</ns3:cad>
          </ns3:TrackPointExtension>
        </extensions>
      </trkpt>
      <trkpt lat="38.72311617247760295867919921875" lon="112.74504854343831539154052734375">
        <ele>807.4000244140625</ele>
        <time>2026-08-28T03:31:12.000Z</time>
        <extensions>
          <ns3:TrackPointExtension>
            <ns3:hr>167</ns3:hr>
            <ns3:cad>92</ns3:cad>
          </ns3:TrackPointExtension>
        </extensions>
      </trkpt>
      <trkpt lat="38.72311751358211040496826171875" lon="112.7450253255665302276611328125">
        <ele>807.4000244140625</ele>
        <time>2026-08-28T03:31:13.000Z</time>
        <extensions>
          <ns3:TrackPointExtension>
            <ns3:hr>167</ns3:hr>
            <ns3:cad>92</ns3:cad>
          </ns3:TrackPointExtension>
        </extensions>
      </trkpt>
      <trkpt lat="38.723125644028186798095703125" lon="112.74498886428773403167724609375">
        <ele>807.4000244140625</ele>
        <time>2026-08-28T03:31:14.000Z</time>
        <extensions>
          <ns3:TrackPointExtension>
            <ns3:hr>166</ns3:hr>
            <ns3:cad>92</ns3:cad>
          </ns3:TrackPointExtension>
        </extensions>
      </trkpt>
      <trkpt lat="38.72312639839947223663330078125" lon="112.74496371857821941375732421875">
        <ele>807.5999755859375</ele>
        <time>2026-08-28T03:31:15.000Z</time>
        <extensions>
          <ns3:TrackPointExtension>
            <ns3:hr>166</ns3:hr>
            <ns3:cad>92</ns3:cad>
          </ns3:TrackPointExtension>
        </extensions>
      </trkpt>
      <trkpt lat="38.72313360683619976043701171875" lon="112.744934298098087310791015625">
        <ele>807.5999755859375</ele>
        <time>2026-08-28T03:31:16.000Z</time>
        <extensions>
          <ns3:TrackPointExtension>
            <ns3:hr>166</ns3:hr>
            <ns3:cad>91</ns3:cad>
          </ns3:TrackPointExtension>
        </extensions>
      </trkpt>
      <trkpt lat="38.7231331877410411834716796875" lon="112.7449109964072704315185546875">
        <ele>807.5999755859375</ele>
        <time>2026-08-28T03:31:17.000Z</time>
        <extensions>
          <ns3:TrackPointExtension>
            <ns3:hr>166</ns3:hr>
            <ns3:cad>91</ns3:cad>
          </ns3:TrackPointExtension>
        </extensions>
      </trkpt>
      <trkpt lat="38.723142407834529876708984375" lon="112.7448789775371551513671875">
        <ele>807.5999755859375</ele>
        <time>2026-08-28T03:31:18.000Z</time>
        <extensions>
          <ns3:TrackPointExtension>
            <ns3:hr>166</ns3:hr>
            <ns3:cad>92</ns3:cad>
          </ns3:TrackPointExtension>
        </extensions>
      </trkpt>
      <trkpt lat="38.7231442518532276153564453125" lon="112.74485257454216480255126953125">
        <ele>807.5999755859375</ele>
        <time>2026-08-28T03:31:19.000Z</time>
        <extensions>
          <ns3:TrackPointExtension>
            <ns3:hr>165</ns3:hr>
            <ns3:cad>92</ns3:cad>
          </ns3:TrackPointExtension>
        </extensions>
      </trkpt>
      <trkpt lat="38.72315171174705028533935546875" lon="112.74482357315719127655029296875">
        <ele>807.5999755859375</ele>
        <time>2026-08-28T03:31:20.000Z</time>
        <extensions>
          <ns3:TrackPointExtension>
            <ns3:hr>165</ns3:hr>
            <ns3:cad>92</ns3:cad>
          </ns3:TrackPointExtension>
        </extensions>
      </trkpt>
      <trkpt lat="38.7231553159654140472412109375" lon="112.74479247629642486572265625">
        <ele>807.5999755859375</ele>
        <time>2026-08-28T03:31:21.000Z</time>
        <extensions>
          <ns3:TrackPointExtension>
            <ns3:hr>164</ns3:hr>
            <ns3:cad>92</ns3:cad>
          </ns3:TrackPointExtension>
        </extensions>
      </trkpt>
      <trkpt lat="38.72316361404955387115478515625" lon="112.74476221762597560882568359375">
        <ele>807.5999755859375</ele>
        <time>2026-08-28T03:31:22.000Z</time>
        <extensions>
          <ns3:TrackPointExtension>
            <ns3:hr>164</ns3:hr>
            <ns3:cad>92</ns3:cad>
          </ns3:TrackPointExtension>
        </extensions>
      </trkpt>
      <trkpt lat="38.7231697328388690948486328125" lon="112.7447339706122875213623046875">
        <ele>807.5999755859375</ele>
        <time>2026-08-28T03:31:23.000Z</time>
        <extensions>
          <ns3:TrackPointExtension>
            <ns3:hr>164</ns3:hr>
            <ns3:cad>91</ns3:cad>
          </ns3:TrackPointExtension>
        </extensions>
      </trkpt>
      <trkpt lat="38.7231791205704212188720703125" lon="112.7447084896266460418701171875">
        <ele>807.5999755859375</ele>
        <time>2026-08-28T03:31:24.000Z</time>
        <extensions>
          <ns3:TrackPointExtension>
            <ns3:hr>164</ns3:hr>
            <ns3:cad>91</ns3:cad>
          </ns3:TrackPointExtension>
        </extensions>
      </trkpt>
      <trkpt lat="38.72318356297910213470458984375" lon="112.74468091316521167755126953125">
        <ele>807.5999755859375</ele>
        <time>2026-08-28T03:31:25.000Z</time>
        <extensions>
          <ns3:TrackPointExtension>
            <ns3:hr>163</ns3:hr>
            <ns3:cad>91</ns3:cad>
          </ns3:TrackPointExtension>
        </extensions>
      </trkpt>
      <trkpt lat="38.72318767011165618896484375" lon="112.7446541748940944671630859375">
        <ele>807.5999755859375</ele>
        <time>2026-08-28T03:31:26.000Z</time>
        <extensions>
          <ns3:TrackPointExtension>
            <ns3:hr>164</ns3:hr>
            <ns3:cad>93</ns3:cad>
          </ns3:TrackPointExtension>
        </extensions>
      </trkpt>
      <trkpt lat="38.72319395653903484344482421875" lon="112.744625844061374664306640625">
        <ele>807.5999755859375</ele>
        <time>2026-08-28T03:31:27.000Z</time>
        <extensions>
          <ns3:TrackPointExtension>
            <ns3:hr>164</ns3:hr>
            <ns3:cad>93</ns3:cad>
          </ns3:TrackPointExtension>
        </extensions>
      </trkpt>
      <trkpt lat="38.72319814749062061309814453125" lon="112.7446012012660503387451171875">
        <ele>807.5999755859375</ele>
        <time>2026-08-28T03:31:28.000Z</time>
        <extensions>
          <ns3:TrackPointExtension>
            <ns3:hr>163</ns3:hr>
            <ns3:cad>92</ns3:cad>
          </ns3:TrackPointExtension>
        </extensions>
      </trkpt>
      <trkpt lat="38.7232035957276821136474609375" lon="112.744574211537837982177734375">
        <ele>807.79998779296875</ele>
        <time>2026-08-28T03:31:29.000Z</time>
        <extensions>
          <ns3:TrackPointExtension>
            <ns3:hr>164</ns3:hr>
            <ns3:cad>92</ns3:cad>
          </ns3:TrackPointExtension>
        </extensions>
      </trkpt>
      <trkpt lat="38.72320736758410930633544921875" lon="112.74454730562865734100341796875">
        <ele>807.79998779296875</ele>
        <time>2026-08-28T03:31:30.000Z</time>
        <extensions>
          <ns3:TrackPointExtension>
            <ns3:hr>163</ns3:hr>
            <ns3:cad>91</ns3:cad>
          </ns3:TrackPointExtension>
        </extensions>
      </trkpt>
      <trkpt lat="38.72321139089763164520263671875" lon="112.7445180527865886688232421875">
        <ele>807.79998779296875</ele>
        <time>2026-08-28T03:31:31.000Z</time>
        <extensions>
          <ns3:TrackPointExtension>
            <ns3:hr>163</ns3:hr>
            <ns3:cad>91</ns3:cad>
          </ns3:TrackPointExtension>
        </extensions>
      </trkpt>
      <trkpt lat="38.7232149951159954071044921875" lon="112.7444925718009471893310546875">
        <ele>807.79998779296875</ele>
        <time>2026-08-28T03:31:32.000Z</time>
        <extensions>
          <ns3:TrackPointExtension>
            <ns3:hr>163</ns3:hr>
            <ns3:cad>92</ns3:cad>
          </ns3:TrackPointExtension>
        </extensions>
      </trkpt>
      <trkpt lat="38.7232227064669132232666015625" lon="112.7444660849869251251220703125">
        <ele>807.79998779296875</ele>
        <time>2026-08-28T03:31:33.000Z</time>
        <extensions>
          <ns3:TrackPointExtension>
            <ns3:hr>164</ns3:hr>
            <ns3:cad>94</ns3:cad>
          </ns3:TrackPointExtension>
        </extensions>
      </trkpt>
      <trkpt lat="38.72322463430464267730712890625" lon="112.74443800561130046844482421875">
        <ele>807.79998779296875</ele>
        <time>2026-08-28T03:31:34.000Z</time>
        <extensions>
          <ns3:TrackPointExtension>
            <ns3:hr>163</ns3:hr>
            <ns3:cad>94</ns3:cad>
          </ns3:TrackPointExtension>
        </extensions>
      </trkpt>
      <trkpt lat="38.72322966344654560089111328125" lon="112.744405902922153472900390625">
        <ele>807.79998779296875</ele>
        <time>2026-08-28T03:31:35.000Z</time>
        <extensions>
          <ns3:TrackPointExtension>
            <ns3:hr>163</ns3:hr>
            <ns3:cad>92</ns3:cad>
          </ns3:TrackPointExtension>
        </extensions>
      </trkpt>
      <trkpt lat="38.72323469258844852447509765625" lon="112.74435653351247310638427734375">
        <ele>807.79998779296875</ele>
        <time>2026-08-28T03:31:36.000Z</time>
        <extensions>
          <ns3:TrackPointExtension>
            <ns3:hr>164</ns3:hr>
            <ns3:cad>92</ns3:cad>
          </ns3:TrackPointExtension>
        </extensions>
      </trkpt>
      <trkpt lat="38.72324508614838123321533203125" lon="112.7443178929388523101806640625">
        <ele>807.79998779296875</ele>
        <time>2026-08-28T03:31:37.000Z</time>
        <extensions>
          <ns3:TrackPointExtension>
            <ns3:hr>163</ns3:hr>
            <ns3:cad>92</ns3:cad>
          </ns3:TrackPointExtension>
        </extensions>
      </trkpt>
      <trkpt lat="38.72325615026056766510009765625" lon="112.7442620694637298583984375">
        <ele>807.79998779296875</ele>
        <time>2026-08-28T03:31:38.000Z</time>
        <extensions>
          <ns3:TrackPointExtension>
            <ns3:hr>163</ns3:hr>
            <ns3:cad>92</ns3:cad>
          </ns3:TrackPointExtension>
        </extensions>
      </trkpt>
      <trkpt lat="38.7232646159827709197998046875" lon="112.74422627873718738555908203125">
        <ele>807.79998779296875</ele>
        <time>2026-08-28T03:31:39.000Z</time>
        <extensions>
          <ns3:TrackPointExtension>
            <ns3:hr>164</ns3:hr>
            <ns3:cad>94</ns3:cad>
          </ns3:TrackPointExtension>
        </extensions>
      </trkpt>
      <trkpt lat="38.7232783623039722442626953125" lon="112.7441743947565555572509765625">
        <ele>807.79998779296875</ele>
        <time>2026-08-28T03:31:40.000Z</time>
        <extensions>
          <ns3:TrackPointExtension>
            <ns3:hr>163</ns3:hr>
            <ns3:cad>95</ns3:cad>
          </ns3:TrackPointExtension>
        </extensions>
      </trkpt>
      <trkpt lat="38.7232780270278453826904296875" lon="112.7441341616213321685791015625">
        <ele>807.79998779296875</ele>
        <time>2026-08-28T03:31:41.000Z</time>
        <extensions>
          <ns3:TrackPointExtension>
            <ns3:hr>163</ns3:hr>
            <ns3:cad>95</ns3:cad>
          </ns3:TrackPointExtension>
        </extensions>
      </trkpt>
      <trkpt lat="38.723291940987110137939453125" lon="112.74408437311649322509765625">
        <ele>807.79998779296875</ele>
        <time>2026-08-28T03:31:42.000Z</time>
        <extensions>
          <ns3:TrackPointExtension>
            <ns3:hr>164</ns3:hr>
            <ns3:cad>95</ns3:cad>
          </ns3:TrackPointExtension>
        </extensions>
      </trkpt>
      <trkpt lat="38.723297975957393646240234375" lon="112.74403701536357402801513671875">
        <ele>808</ele>
        <time>2026-08-28T03:31:43.000Z</time>
        <extensions>
          <ns3:TrackPointExtension>
            <ns3:hr>164</ns3:hr>
            <ns3:cad>95</ns3:cad>
          </ns3:TrackPointExtension>
        </extensions>
      </trkpt>
      <trkpt lat="38.72330711223185062408447265625" lon="112.74399183690547943115234375">
        <ele>808</ele>
        <time>2026-08-28T03:31:44.000Z</time>
        <extensions>
          <ns3:TrackPointExtension>
            <ns3:hr>165</ns3:hr>
            <ns3:cad>93</ns3:cad>
          </ns3:TrackPointExtension>
        </extensions>
      </trkpt>
      <trkpt lat="38.7233145721256732940673828125" lon="112.74394347332417964935302734375">
        <ele>808</ele>
        <time>2026-08-28T03:31:45.000Z</time>
        <extensions>
          <ns3:TrackPointExtension>
            <ns3:hr>165</ns3:hr>
            <ns3:cad>93</ns3:cad>
          </ns3:TrackPointExtension>
        </extensions>
      </trkpt>
      <trkpt lat="38.72331985272467136383056640625" lon="112.7439038269221782684326171875">
        <ele>808</ele>
        <time>2026-08-28T03:31:46.000Z</time>
        <extensions>
          <ns3:TrackPointExtension>
            <ns3:hr>166</ns3:hr>
            <ns3:cad>93</ns3:cad>
          </ns3:TrackPointExtension>
        </extensions>
      </trkpt>
      <trkpt lat="38.72332907281816005706787109375" lon="112.74385102093219757080078125">
        <ele>808</ele>
        <time>2026-08-28T03:31:47.000Z</time>
        <extensions>
          <ns3:TrackPointExtension>
            <ns3:hr>167</ns3:hr>
            <ns3:cad>94</ns3:cad>
          </ns3:TrackPointExtension>
        </extensions>
      </trkpt>
      <trkpt lat="38.72332940809428691864013671875" lon="112.74380885995924472808837890625">
        <ele>808</ele>
        <time>2026-08-28T03:31:48.000Z</time>
        <extensions>
          <ns3:TrackPointExtension>
            <ns3:hr>168</ns3:hr>
            <ns3:cad>94</ns3:cad>
          </ns3:TrackPointExtension>
        </extensions>
      </trkpt>
      <trkpt lat="38.7233400531113147735595703125" lon="112.74375638924539089202880859375">
        <ele>808</ele>
        <time>2026-08-28T03:31:49.000Z</time>
        <extensions>
          <ns3:TrackPointExtension>
            <ns3:hr>169</ns3:hr>
            <ns3:cad>93</ns3:cad>
          </ns3:TrackPointExtension>
        </extensions>
      </trkpt>
      <trkpt lat="38.7233427353203296661376953125" lon="112.7437190897762775421142578125">
        <ele>808</ele>
        <time>2026-08-28T03:31:50.000Z</time>
        <extensions>
          <ns3:TrackPointExtension>
            <ns3:hr>169</ns3:hr>
            <ns3:cad>93</ns3:cad>
          </ns3:TrackPointExtension>
        </extensions>
      </trkpt>
      <trkpt lat="38.72335405088961124420166015625" lon="112.74367391131818294525146484375">
        <ele>808.20001220703125</ele>
        <time>2026-08-28T03:31:51.000Z</time>
        <extensions>
          <ns3:TrackPointExtension>
            <ns3:hr>170</ns3:hr>
            <ns3:cad>94</ns3:cad>
          </ns3:TrackPointExtension>
        </extensions>
      </trkpt>
      <trkpt lat="38.72336075641214847564697265625" lon="112.74362747557461261749267578125">
        <ele>808.20001220703125</ele>
        <time>2026-08-28T03:31:52.000Z</time>
        <extensions>
          <ns3:TrackPointExtension>
            <ns3:hr>170</ns3:hr>
            <ns3:cad>94</ns3:cad>
          </ns3:TrackPointExtension>
        </extensions>
      </trkpt>
      <trkpt lat="38.72336779721081256866455078125" lon="112.74358741007745265960693359375">
        <ele>808.20001220703125</ele>
        <time>2026-08-28T03:31:53.000Z</time>
        <extensions>
          <ns3:TrackPointExtension>
            <ns3:hr>170</ns3:hr>
            <ns3:cad>95</ns3:cad>
          </ns3:TrackPointExtension>
        </extensions>
      </trkpt>
      <trkpt lat="38.72338070534169673919677734375" lon="112.74353795684874057769775390625">
        <ele>808.20001220703125</ele>
        <time>2026-08-28T03:31:54.000Z</time>
        <extensions>
          <ns3:TrackPointExtension>
            <ns3:hr>171</ns3:hr>
            <ns3:cad>95</ns3:cad>
          </ns3:TrackPointExtension>
        </extensions>
      </trkpt>
      <trkpt lat="38.72338657267391681671142578125" lon="112.7435018308460712432861328125">
        <ele>808.20001220703125</ele>
        <time>2026-08-28T03:31:55.000Z</time>
        <extensions>
          <ns3:TrackPointExtension>
            <ns3:hr>171</ns3:hr>
            <ns3:cad>92</ns3:cad>
          </ns3:TrackPointExtension>
        </extensions>
      </trkpt>
      <trkpt lat="38.72339981608092784881591796875" lon="112.743449695408344268798828125">
        <ele>808.20001220703125</ele>
        <time>2026-08-28T03:31:56.000Z</time>
        <extensions>
          <ns3:TrackPointExtension>
            <ns3:hr>171</ns3:hr>
            <ns3:cad>92</ns3:cad>
          </ns3:TrackPointExtension>
        </extensions>
      </trkpt>
      <trkpt lat="38.72340065427124500274658203125" lon="112.7434144914150238037109375">
        <ele>808.20001220703125</ele>
        <time>2026-08-28T03:31:57.000Z</time>
        <extensions>
          <ns3:TrackPointExtension>
            <ns3:hr>171</ns3:hr>
            <ns3:cad>92</ns3:cad>
          </ns3:TrackPointExtension>
        </extensions>
      </trkpt>
      <trkpt lat="38.72341037727892398834228515625" lon="112.74336361326277256011962890625">
        <ele>808.20001220703125</ele>
        <time>2026-08-28T03:31:58.000Z</time>
        <extensions>
          <ns3:TrackPointExtension>
            <ns3:hr>172</ns3:hr>
            <ns3:cad>93</ns3:cad>
          </ns3:TrackPointExtension>
        </extensions>
      </trkpt>
      <trkpt lat="38.72341406531631946563720703125" lon="112.74332421831786632537841796875">
        <ele>808.20001220703125</ele>
        <time>2026-08-28T03:31:59.000Z</time>
        <extensions>
          <ns3:TrackPointExtension>
            <ns3:hr>171</ns3:hr>
            <ns3:cad>95</ns3:cad>
          </ns3:TrackPointExtension>
        </extensions>
      </trkpt>
      <trkpt lat="38.72342638671398162841796875" lon="112.74328046478331089019775390625">
        <ele>808.20001220703125</ele>
        <time>2026-08-28T03:32:00.000Z</time>
        <extensions>
          <ns3:TrackPointExtension>
            <ns3:hr>172</ns3:hr>
            <ns3:cad>95</ns3:cad>
          </ns3:TrackPointExtension>
        </extensions>
      </trkpt>
      <trkpt lat="38.723432086408138275146484375" lon="112.74323687888681888580322265625">
        <ele>808.4000244140625</ele>
        <time>2026-08-28T03:32:01.000Z</time>
        <extensions>
          <ns3:TrackPointExtension>
            <ns3:hr>172</ns3:hr>
            <ns3:cad>95</ns3:cad>
          </ns3:TrackPointExtension>
        </extensions>
      </trkpt>
      <trkpt lat="38.72343820519745349884033203125" lon="112.7431974001228809356689453125">
        <ele>808.4000244140625</ele>
        <time>2026-08-28T03:32:02.000Z</time>
        <extensions>
          <ns3:TrackPointExtension>
            <ns3:hr>173</ns3:hr>
            <ns3:cad>92</ns3:cad>
          </ns3:TrackPointExtension>
        </extensions>
      </trkpt>
      <trkpt lat="38.7234473414719104766845703125" lon="112.74315222166478633880615234375">
        <ele>808.4000244140625</ele>
        <time>2026-08-28T03:32:03.000Z</time>
        <extensions>
          <ns3:TrackPointExtension>
            <ns3:hr>174</ns3:hr>
            <ns3:cad>91</ns3:cad>
          </ns3:TrackPointExtension>
        </extensions>
      </trkpt>
      <trkpt lat="38.723450191318988800048828125" lon="112.743121124804019927978515625">
        <ele>808.4000244140625</ele>
        <time>2026-08-28T03:32:04.000Z</time>
        <extensions>
          <ns3:TrackPointExtension>
            <ns3:hr>174</ns3:hr>
            <ns3:cad>91</ns3:cad>
          </ns3:TrackPointExtension>
        </extensions>
      </trkpt>
      <trkpt lat="38.723460920155048370361328125" lon="112.7430730126798152923583984375">
        <ele>808.4000244140625</ele>
        <time>2026-08-28T03:32:05.000Z</time>
        <extensions>
          <ns3:TrackPointExtension>
            <ns3:hr>175</ns3:hr>
            <ns3:cad>91</ns3:cad>
          </ns3:TrackPointExtension>
        </extensions>
      </trkpt>
      <trkpt lat="38.72346150688827037811279296875" lon="112.743032611906528472900390625">
        <ele>808.4000244140625</ele>
        <time>2026-08-28T03:32:06.000Z</time>
        <extensions>
          <ns3:TrackPointExtension>
            <ns3:hr>175</ns3:hr>
            <ns3:cad>94</ns3:cad>
          </ns3:TrackPointExtension>
        </extensions>
      </trkpt>
      <trkpt lat="38.72347190044820308685302734375" lon="112.7429841645061969757080078125">
        <ele>808.4000244140625</ele>
        <time>2026-08-28T03:32:07.000Z</time>
        <extensions>
          <ns3:TrackPointExtension>
            <ns3:hr>175</ns3:hr>
            <ns3:cad>94</ns3:cad>
          </ns3:TrackPointExtension>
        </extensions>
      </trkpt>
      <trkpt lat="38.72347827069461345672607421875" lon="112.74293932132422924041748046875">
        <ele>808.4000244140625</ele>
        <time>2026-08-28T03:32:08.000Z</time>
        <extensions>
          <ns3:TrackPointExtension>
            <ns3:hr>175</ns3:hr>
            <ns3:cad>94</ns3:cad>
          </ns3:TrackPointExtension>
        </extensions>
      </trkpt>
      <trkpt lat="38.72348749078810214996337890625" lon="112.7428941428661346435546875">
        <ele>808.4000244140625</ele>
        <time>2026-08-28T03:32:09.000Z</time>
        <extensions>
          <ns3:TrackPointExtension>
            <ns3:hr>176</ns3:hr>
            <ns3:cad>94</ns3:cad>
          </ns3:TrackPointExtension>
        </extensions>
      </trkpt>
      <trkpt lat="38.723497129976749420166015625" lon="112.742846868932247161865234375">
        <ele>808.5999755859375</ele>
        <time>2026-08-28T03:32:10.000Z</time>
        <extensions>
          <ns3:TrackPointExtension>
            <ns3:hr>176</ns3:hr>
            <ns3:cad>94</ns3:cad>
          </ns3:TrackPointExtension>
        </extensions>
      </trkpt>
      <trkpt lat="38.7235006503760814666748046875" lon="112.7428083121776580810546875">
        <ele>808.5999755859375</ele>
        <time>2026-08-28T03:32:11.000Z</time>
        <extensions>
          <ns3:TrackPointExtension>
            <ns3:hr>176</ns3:hr>
            <ns3:cad>94</ns3:cad>
          </ns3:TrackPointExtension>
        </extensions>
      </trkpt>
      <trkpt lat="38.72350995428860187530517578125" lon="112.7427578531205654144287109375">
        <ele>808.5999755859375</ele>
        <time>2026-08-28T03:32:12.000Z</time>
        <extensions>
          <ns3:TrackPointExtension>
            <ns3:hr>176</ns3:hr>
            <ns3:cad>94</ns3:cad>
          </ns3:TrackPointExtension>
        </extensions>
      </trkpt>
      <trkpt lat="38.723512552678585052490234375" lon="112.74272524751722812652587890625">
        <ele>808.5999755859375</ele>
        <time>2026-08-28T03:32:13.000Z</time>
        <extensions>
          <ns3:TrackPointExtension>
            <ns3:hr>176</ns3:hr>
            <ns3:cad>94</ns3:cad>
          </ns3:TrackPointExtension>
        </extensions>
      </trkpt>
      <trkpt lat="38.72352403588593006134033203125" lon="112.7426757104694843292236328125">
        <ele>808.5999755859375</ele>
        <time>2026-08-28T03:32:14.000Z</time>
        <extensions>
          <ns3:TrackPointExtension>
            <ns3:hr>176</ns3:hr>
            <ns3:cad>94</ns3:cad>
          </ns3:TrackPointExtension>
        </extensions>
      </trkpt>
      <trkpt lat="38.7235234491527080535888671875" lon="112.74263841100037097930908203125">
        <ele>808.5999755859375</ele>
        <time>2026-08-28T03:32:15.000Z</time>
        <extensions>
          <ns3:TrackPointExtension>
            <ns3:hr>176</ns3:hr>
            <ns3:cad>94</ns3:cad>
          </ns3:TrackPointExtension>
        </extensions>
      </trkpt>
      <trkpt lat="38.72352831065654754638671875" lon="112.74259507656097412109375">
        <ele>808.79998779296875</ele>
        <time>2026-08-28T03:32:16.000Z</time>
        <extensions>
          <ns3:TrackPointExtension>
            <ns3:hr>177</ns3:hr>
            <ns3:cad>91</ns3:cad>
          </ns3:TrackPointExtension>
        </extensions>
      </trkpt>
      <trkpt lat="38.7235303223133087158203125" lon="112.7425519935786724090576171875">
        <ele>808.79998779296875</ele>
        <time>2026-08-28T03:32:17.000Z</time>
        <extensions>
          <ns3:TrackPointExtension>
            <ns3:hr>177</ns3:hr>
            <ns3:cad>91</ns3:cad>
          </ns3:TrackPointExtension>
        </extensions>
      </trkpt>
      <trkpt lat="38.72353845275938510894775390625" lon="112.74250765331089496612548828125">
        <ele>808.79998779296875</ele>
        <time>2026-08-28T03:32:18.000Z</time>
        <extensions>
          <ns3:TrackPointExtension>
            <ns3:hr>177</ns3:hr>
            <ns3:cad>92</ns3:cad>
          </ns3:TrackPointExtension>
        </extensions>
      </trkpt>
      <trkpt lat="38.723549433052539825439453125" lon="112.74246222339570522308349609375">
        <ele>808.79998779296875</ele>
        <time>2026-08-28T03:32:19.000Z</time>
        <extensions>
          <ns3:TrackPointExtension>
            <ns3:hr>178</ns3:hr>
            <ns3:cad>94</ns3:cad>
          </ns3:TrackPointExtension>
        </extensions>
      </trkpt>
      <trkpt lat="38.7235517799854278564453125" lon="112.74242651648819446563720703125">
        <ele>808.5999755859375</ele>
        <time>2026-08-28T03:32:20.000Z</time>
        <extensions>
          <ns3:TrackPointExtension>
            <ns3:hr>178</ns3:hr>
            <ns3:cad>94</ns3:cad>
          </ns3:TrackPointExtension>
        </extensions>
      </trkpt>
      <trkpt lat="38.723562844097614288330078125" lon="112.74237656034529209136962890625">
        <ele>808.5999755859375</ele>
        <time>2026-08-28T03:32:21.000Z</time>
        <extensions>
          <ns3:TrackPointExtension>
            <ns3:hr>178</ns3:hr>
            <ns3:cad>94</ns3:cad>
          </ns3:TrackPointExtension>
        </extensions>
      </trkpt>
      <trkpt lat="38.7235656939446926116943359375" lon="112.742338590323925018310546875">
        <ele>808.5999755859375</ele>
        <time>2026-08-28T03:32:22.000Z</time>
        <extensions>
          <ns3:TrackPointExtension>
            <ns3:hr>178</ns3:hr>
            <ns3:cad>93</ns3:cad>
          </ns3:TrackPointExtension>
        </extensions>
      </trkpt>
      <trkpt lat="38.7235794402658939361572265625" lon="112.74228821508586406707763671875">
        <ele>808.5999755859375</ele>
        <time>2026-08-28T03:32:23.000Z</time>
        <extensions>
          <ns3:TrackPointExtension>
            <ns3:hr>179</ns3:hr>
            <ns3:cad>93</ns3:cad>
          </ns3:TrackPointExtension>
        </extensions>
      </trkpt>
      <trkpt lat="38.7235821224749088287353515625" lon="112.7422509156167507171630859375">
        <ele>808.79998779296875</ele>
        <time>2026-08-28T03:32:24.000Z</time>
        <extensions>
          <ns3:TrackPointExtension>
            <ns3:hr>179</ns3:hr>
            <ns3:cad>93</ns3:cad>
          </ns3:TrackPointExtension>
        </extensions>
      </trkpt>
      <trkpt lat="38.72359645552933216094970703125" lon="112.74220556952059268951416015625">
        <ele>808.79998779296875</ele>
        <time>2026-08-28T03:32:25.000Z</time>
        <extensions>
          <ns3:TrackPointExtension>
            <ns3:hr>180</ns3:hr>
            <ns3:cad>93</ns3:cad>
          </ns3:TrackPointExtension>
        </extensions>
      </trkpt>
      <trkpt lat="38.72359729371964931488037109375" lon="112.74216483347117900848388671875">
        <ele>808.79998779296875</ele>
        <time>2026-08-28T03:32:26.000Z</time>
        <extensions>
          <ns3:TrackPointExtension>
            <ns3:hr>180</ns3:hr>
            <ns3:cad>93</ns3:cad>
          </ns3:TrackPointExtension>
        </extensions>
      </trkpt>
      <trkpt lat="38.72360517270863056182861328125" lon="112.7421248517930507659912109375">
        <ele>808.79998779296875</ele>
        <time>2026-08-28T03:32:27.000Z</time>
        <extensions>
          <ns3:TrackPointExtension>
            <ns3:hr>180</ns3:hr>
            <ns3:cad>94</ns3:cad>
          </ns3:TrackPointExtension>
        </extensions>
      </trkpt>
      <trkpt lat="38.723613806068897247314453125" lon="112.74208352901041507720947265625">
        <ele>808.79998779296875</ele>
        <time>2026-08-28T03:32:28.000Z</time>
        <extensions>
          <ns3:TrackPointExtension>
            <ns3:hr>180</ns3:hr>
            <ns3:cad>94</ns3:cad>
          </ns3:TrackPointExtension>
        </extensions>
      </trkpt>
      <trkpt lat="38.72361858375370502471923828125" lon="112.74204782210290431976318359375">
        <ele>809</ele>
        <time>2026-08-28T03:32:29.000Z</time>
        <extensions>
          <ns3:TrackPointExtension>
            <ns3:hr>181</ns3:hr>
            <ns3:cad>92</ns3:cad>
          </ns3:TrackPointExtension>
        </extensions>
      </trkpt>
      <trkpt lat="38.7236283905804157257080078125" lon="112.74199266918003559112548828125">
        <ele>808.79998779296875</ele>
        <time>2026-08-28T03:32:30.000Z</time>
        <extensions>
          <ns3:TrackPointExtension>
            <ns3:hr>181</ns3:hr>
            <ns3:cad>92</ns3:cad>
          </ns3:TrackPointExtension>
        </extensions>
      </trkpt>
      <trkpt lat="38.7236327491700649261474609375" lon="112.74195143021643161773681640625">
        <ele>809</ele>
        <time>2026-08-28T03:32:31.000Z</time>
        <extensions>
          <ns3:TrackPointExtension>
            <ns3:hr>181</ns3:hr>
            <ns3:cad>92</ns3:cad>
          </ns3:TrackPointExtension>
        </extensions>
      </trkpt>
      <trkpt lat="38.7236451543867588043212890625" lon="112.741900384426116943359375">
        <ele>809</ele>
        <time>2026-08-28T03:32:32.000Z</time>
        <extensions>
          <ns3:TrackPointExtension>
            <ns3:hr>181</ns3:hr>
            <ns3:cad>93</ns3:cad>
          </ns3:TrackPointExtension>
        </extensions>
      </trkpt>
      <trkpt lat="38.72364507056772708892822265625" lon="112.74185822345316410064697265625">
        <ele>809</ele>
        <time>2026-08-28T03:32:33.000Z</time>
        <extensions>
          <ns3:TrackPointExtension>
            <ns3:hr>181</ns3:hr>
            <ns3:cad>94</ns3:cad>
          </ns3:TrackPointExtension>
        </extensions>
      </trkpt>
      <trkpt lat="38.72365781106054782867431640625" lon="112.7418110333383083343505859375">
        <ele>809</ele>
        <time>2026-08-28T03:32:34.000Z</time>
        <extensions>
          <ns3:TrackPointExtension>
            <ns3:hr>181</ns3:hr>
            <ns3:cad>94</ns3:cad>
          </ns3:TrackPointExtension>
        </extensions>
      </trkpt>
      <trkpt lat="38.723661415278911590576171875" lon="112.7417594008147716522216796875">
        <ele>809</ele>
        <time>2026-08-28T03:32:35.000Z</time>
        <extensions>
          <ns3:TrackPointExtension>
            <ns3:hr>182</ns3:hr>
            <ns3:cad>94</ns3:cad>
          </ns3:TrackPointExtension>
        </extensions>
      </trkpt>
      <trkpt lat="38.72366636060178279876708984375" lon="112.74171791039407253265380859375">
        <ele>809</ele>
        <time>2026-08-28T03:32:36.000Z</time>
        <extensions>
          <ns3:TrackPointExtension>
            <ns3:hr>182</ns3:hr>
            <ns3:cad>94</ns3:cad>
          </ns3:TrackPointExtension>
        </extensions>
      </trkpt>
      <trkpt lat="38.723672814667224884033203125" lon="112.741662673652172088623046875">
        <ele>809</ele>
        <time>2026-08-28T03:32:37.000Z</time>
        <extensions>
          <ns3:TrackPointExtension>
            <ns3:hr>182</ns3:hr>
            <ns3:cad>94</ns3:cad>
          </ns3:TrackPointExtension>
        </extensions>
      </trkpt>
      <trkpt lat="38.72367407195270061492919921875" lon="112.7416209317743778228759765625">
        <ele>809.20001220703125</ele>
        <time>2026-08-28T03:32:38.000Z</time>
        <extensions>
          <ns3:TrackPointExtension>
            <ns3:hr>182</ns3:hr>
            <ns3:cad>94</ns3:cad>
          </ns3:TrackPointExtension>
        </extensions>
      </trkpt>
      <trkpt lat="38.72368949465453624725341796875" lon="112.7415692992508411407470703125">
        <ele>809.20001220703125</ele>
        <time>2026-08-28T03:32:39.000Z</time>
        <extensions>
          <ns3:TrackPointExtension>
            <ns3:hr>182</ns3:hr>
            <ns3:cad>94</ns3:cad>
          </ns3:TrackPointExtension>
        </extensions>
      </trkpt>
      <trkpt lat="38.72369502671062946319580078125" lon="112.7415235340595245361328125">
        <ele>809.20001220703125</ele>
        <time>2026-08-28T03:32:40.000Z</time>
        <extensions>
          <ns3:TrackPointExtension>
            <ns3:hr>183</ns3:hr>
            <ns3:cad>94</ns3:cad>
          </ns3:TrackPointExtension>
        </extensions>
      </trkpt>
      <trkpt lat="38.7237058393657207489013671875" lon="112.74147726595401763916015625">
        <ele>809.20001220703125</ele>
        <time>2026-08-28T03:32:41.000Z</time>
        <extensions>
          <ns3:TrackPointExtension>
            <ns3:hr>183</ns3:hr>
            <ns3:cad>94</ns3:cad>
          </ns3:TrackPointExtension>
        </extensions>
      </trkpt>
      <trkpt lat="38.72371816076338291168212890625" lon="112.7414227835834026336669921875">
        <ele>809.20001220703125</ele>
        <time>2026-08-28T03:32:42.000Z</time>
        <extensions>
          <ns3:TrackPointExtension>
            <ns3:hr>184</ns3:hr>
            <ns3:cad>93</ns3:cad>
          </ns3:TrackPointExtension>
        </extensions>
      </trkpt>
      <trkpt lat="38.72372419573366641998291015625" lon="112.7413812093436717987060546875">
        <ele>809.20001220703125</ele>
        <time>2026-08-28T03:32:43.000Z</time>
        <extensions>
          <ns3:TrackPointExtension>
            <ns3:hr>184</ns3:hr>
            <ns3:cad>93</ns3:cad>
          </ns3:TrackPointExtension>
        </extensions>
      </trkpt>
      <trkpt lat="38.7237309850752353668212890625" lon="112.74132706224918365478515625">
        <ele>809.20001220703125</ele>
        <time>2026-08-28T03:32:44.000Z</time>
        <extensions>
          <ns3:TrackPointExtension>
            <ns3:hr>184</ns3:hr>
            <ns3:cad>93</ns3:cad>
          </ns3:TrackPointExtension>
        </extensions>
      </trkpt>
      <trkpt lat="38.72372821904718875885009765625" lon="112.74128858931362628936767578125">
        <ele>809.20001220703125</ele>
        <time>2026-08-28T03:32:45.000Z</time>
        <extensions>
          <ns3:TrackPointExtension>
            <ns3:hr>185</ns3:hr>
            <ns3:cad>94</ns3:cad>
          </ns3:TrackPointExtension>
        </extensions>
      </trkpt>
      <trkpt lat="38.72373844496905803680419921875" lon="112.74123276583850383758544921875">
        <ele>809.4000244140625</ele>
        <time>2026-08-28T03:32:46.000Z</time>
        <extensions>
          <ns3:TrackPointExtension>
            <ns3:hr>185</ns3:hr>
            <ns3:cad>96</ns3:cad>
          </ns3:TrackPointExtension>
        </extensions>
      </trkpt>
      <trkpt lat="38.7237417139112949371337890625" lon="112.741189263761043548583984375">
        <ele>809.4000244140625</ele>
        <time>2026-08-28T03:32:47.000Z</time>
        <extensions>
          <ns3:TrackPointExtension>
            <ns3:hr>185</ns3:hr>
            <ns3:cad>96</ns3:cad>
          </ns3:TrackPointExtension>
        </extensions>
      </trkpt>
      <trkpt lat="38.72375235892832279205322265625" lon="112.7411421574652194976806640625">
        <ele>809.4000244140625</ele>
        <time>2026-08-28T03:32:48.000Z</time>
        <extensions>
          <ns3:TrackPointExtension>
            <ns3:hr>185</ns3:hr>
            <ns3:cad>96</ns3:cad>
          </ns3:TrackPointExtension>
        </extensions>
      </trkpt>
      <trkpt lat="38.723757304251194000244140625" lon="112.7410938777029514312744140625">
        <ele>809.4000244140625</ele>
        <time>2026-08-28T03:32:49.000Z</time>
        <extensions>
          <ns3:TrackPointExtension>
            <ns3:hr>186</ns3:hr>
            <ns3:cad>96</ns3:cad>
          </ns3:TrackPointExtension>
        </extensions>
      </trkpt>
      <trkpt lat="38.723759315907955169677734375" lon="112.7410549856722354888916015625">
        <ele>809.4000244140625</ele>
        <time>2026-08-28T03:32:50.000Z</time>
        <extensions>
          <ns3:TrackPointExtension>
            <ns3:hr>186</ns3:hr>
            <ns3:cad>96</ns3:cad>
          </ns3:TrackPointExtension>
        </extensions>
      </trkpt>
      <trkpt lat="38.723762668669223785400390625" lon="112.7410053648054599761962890625">
        <ele>809.4000244140625</ele>
        <time>2026-08-28T03:32:51.000Z</time>
        <extensions>
          <ns3:TrackPointExtension>
            <ns3:hr>186</ns3:hr>
            <ns3:cad>94</ns3:cad>
          </ns3:TrackPointExtension>
        </extensions>
      </trkpt>
      <trkpt lat="38.7237645126879215240478515625" lon="112.740967981517314910888671875">
        <ele>809.4000244140625</ele>
        <time>2026-08-28T03:32:52.000Z</time>
        <extensions>
          <ns3:TrackPointExtension>
            <ns3:hr>186</ns3:hr>
            <ns3:cad>94</ns3:cad>
          </ns3:TrackPointExtension>
        </extensions>
      </trkpt>
      <trkpt lat="38.72377566061913967132568359375" lon="112.7409208752214908599853515625">
        <ele>809.4000244140625</ele>
        <time>2026-08-28T03:32:53.000Z</time>
        <extensions>
          <ns3:TrackPointExtension>
            <ns3:hr>186</ns3:hr>
            <ns3:cad>95</ns3:cad>
          </ns3:TrackPointExtension>
        </extensions>
      </trkpt>
      <trkpt lat="38.7237809412181377410888671875" lon="112.74089111946523189544677734375">
        <ele>809.4000244140625</ele>
        <time>2026-08-28T03:32:54.000Z</time>
        <extensions>
          <ns3:TrackPointExtension>
            <ns3:hr>186</ns3:hr>
            <ns3:cad>95</ns3:cad>
          </ns3:TrackPointExtension>
        </extensions>
      </trkpt>
      <trkpt lat="38.7237923406064510345458984375" lon="112.74083864875137805938720703125">
        <ele>809.5999755859375</ele>
        <time>2026-08-28T03:32:55.000Z</time>
        <extensions>
          <ns3:TrackPointExtension>
            <ns3:hr>187</ns3:hr>
            <ns3:cad>95</ns3:cad>
          </ns3:TrackPointExtension>
        </extensions>
      </trkpt>
      <trkpt lat="38.72379410080611705780029296875" lon="112.7408025227487087249755859375">
        <ele>809.5999755859375</ele>
        <time>2026-08-28T03:32:56.000Z</time>
        <extensions>
          <ns3:TrackPointExtension>
            <ns3:hr>187</ns3:hr>
            <ns3:cad>93</ns3:cad>
          </ns3:TrackPointExtension>
        </extensions>
      </trkpt>
      <trkpt lat="38.7238067574799060821533203125" lon="112.74075348861515522003173828125">
        <ele>809.5999755859375</ele>
        <time>2026-08-28T03:32:57.000Z</time>
        <extensions>
          <ns3:TrackPointExtension>
            <ns3:hr>187</ns3:hr>
            <ns3:cad>93</ns3:cad>
          </ns3:TrackPointExtension>
        </extensions>
      </trkpt>
      <trkpt lat="38.72380935586988925933837890625" lon="112.74071283638477325439453125">
        <ele>809.5999755859375</ele>
        <time>2026-08-28T03:32:58.000Z</time>
        <extensions>
          <ns3:TrackPointExtension>
            <ns3:hr>187</ns3:hr>
            <ns3:cad>93</ns3:cad>
          </ns3:TrackPointExtension>
        </extensions>
      </trkpt>
      <trkpt lat="38.72382025234401226043701171875" lon="112.74066832847893238067626953125">
        <ele>809.5999755859375</ele>
        <time>2026-08-28T03:32:59.000Z</time>
        <extensions>
          <ns3:TrackPointExtension>
            <ns3:hr>187</ns3:hr>
            <ns3:cad>93</ns3:cad>
          </ns3:TrackPointExtension>
        </extensions>
      </trkpt>
      <trkpt lat="38.72382394038140773773193359375" lon="112.74061761796474456787109375">
        <ele>809.5999755859375</ele>
        <time>2026-08-28T03:33:00.000Z</time>
        <extensions>
          <ns3:TrackPointExtension>
            <ns3:hr>187</ns3:hr>
            <ns3:cad>94</ns3:cad>
          </ns3:TrackPointExtension>
        </extensions>
      </trkpt>
      <trkpt lat="38.72383064590394496917724609375" lon="112.7405812405049800872802734375">
        <ele>809.4000244140625</ele>
        <time>2026-08-28T03:33:01.000Z</time>
        <extensions>
          <ns3:TrackPointExtension>
            <ns3:hr>187</ns3:hr>
            <ns3:cad>94</ns3:cad>
          </ns3:TrackPointExtension>
        </extensions>
      </trkpt>
      <trkpt lat="38.7238372676074504852294921875" lon="112.74053237400949001312255859375">
        <ele>809.4000244140625</ele>
        <time>2026-08-28T03:33:02.000Z</time>
        <extensions>
          <ns3:TrackPointExtension>
            <ns3:hr>187</ns3:hr>
            <ns3:cad>92</ns3:cad>
          </ns3:TrackPointExtension>
        </extensions>
      </trkpt>
      <trkpt lat="38.72384137474000453948974609375" lon="112.74049968458712100982666015625">
        <ele>809.4000244140625</ele>
        <time>2026-08-28T03:33:03.000Z</time>
        <extensions>
          <ns3:TrackPointExtension>
            <ns3:hr>187</ns3:hr>
            <ns3:cad>92</ns3:cad>
          </ns3:TrackPointExtension>
        </extensions>
      </trkpt>
      <trkpt lat="38.72385093010962009429931640625" lon="112.74045534431934356689453125">
        <ele>809.5999755859375</ele>
        <time>2026-08-28T03:33:04.000Z</time>
        <extensions>
          <ns3:TrackPointExtension>
            <ns3:hr>187</ns3:hr>
            <ns3:cad>92</ns3:cad>
          </ns3:TrackPointExtension>
        </extensions>
      </trkpt>
      <trkpt lat="38.723857216536998748779296875" lon="112.74041569791734218597412109375">
        <ele>809.5999755859375</ele>
        <time>2026-08-28T03:33:05.000Z</time>
        <extensions>
          <ns3:TrackPointExtension>
            <ns3:hr>187</ns3:hr>
            <ns3:cad>92</ns3:cad>
          </ns3:TrackPointExtension>
        </extensions>
      </trkpt>
      <trkpt lat="38.72387029230594635009765625" lon="112.74036373011767864227294921875">
        <ele>809.5999755859375</ele>
        <time>2026-08-28T03:33:06.000Z</time>
        <extensions>
          <ns3:TrackPointExtension>
            <ns3:hr>187</ns3:hr>
            <ns3:cad>92</ns3:cad>
          </ns3:TrackPointExtension>
        </extensions>
      </trkpt>
      <trkpt lat="38.7238691188395023345947265625" lon="112.74031913839280605316162109375">
        <ele>809.5999755859375</ele>
        <time>2026-08-28T03:33:07.000Z</time>
        <extensions>
          <ns3:TrackPointExtension>
            <ns3:hr>187</ns3:hr>
            <ns3:cad>92</ns3:cad>
          </ns3:TrackPointExtension>
        </extensions>
      </trkpt>
      <trkpt lat="38.723878003656864166259765625" lon="112.7402778156101703643798828125">
        <ele>809.5999755859375</ele>
        <time>2026-08-28T03:33:08.000Z</time>
        <extensions>
          <ns3:TrackPointExtension>
            <ns3:hr>188</ns3:hr>
            <ns3:cad>92</ns3:cad>
          </ns3:TrackPointExtension>
        </extensions>
      </trkpt>
      <trkpt lat="38.72388160787522792816162109375" lon="112.7402342297136783599853515625">
        <ele>809.5999755859375</ele>
        <time>2026-08-28T03:33:09.000Z</time>
        <extensions>
          <ns3:TrackPointExtension>
            <ns3:hr>188</ns3:hr>
            <ns3:cad>92</ns3:cad>
          </ns3:TrackPointExtension>
        </extensions>
      </trkpt>
      <trkpt lat="38.723885379731655120849609375" lon="112.74019491858780384063720703125">
        <ele>809.5999755859375</ele>
        <time>2026-08-28T03:33:10.000Z</time>
        <extensions>
          <ns3:TrackPointExtension>
            <ns3:hr>188</ns3:hr>
            <ns3:cad>92</ns3:cad>
          </ns3:TrackPointExtension>
        </extensions>
      </trkpt>
      <trkpt lat="38.723894767463207244873046875" lon="112.7401504106819629669189453125">
        <ele>809.79998779296875</ele>
        <time>2026-08-28T03:33:11.000Z</time>
        <extensions>
          <ns3:TrackPointExtension>
            <ns3:hr>188</ns3:hr>
            <ns3:cad>92</ns3:cad>
          </ns3:TrackPointExtension>
        </extensions>
      </trkpt>
      <trkpt lat="38.72389518655836582183837890625" lon="112.7401153743267059326171875">
        <ele>809.79998779296875</ele>
        <time>2026-08-28T03:33:12.000Z</time>
        <extensions>
          <ns3:TrackPointExtension>
            <ns3:hr>188</ns3:hr>
            <ns3:cad>96</ns3:cad>
          </ns3:TrackPointExtension>
        </extensions>
      </trkpt>
      <trkpt lat="38.723905496299266815185546875" lon="112.74006181396543979644775390625">
        <ele>809.79998779296875</ele>
        <time>2026-08-28T03:33:13.000Z</time>
        <extensions>
          <ns3:TrackPointExtension>
            <ns3:hr>188</ns3:hr>
            <ns3:cad>96</ns3:cad>
          </ns3:TrackPointExtension>
        </extensions>
      </trkpt>
      <trkpt lat="38.72391211800277233123779296875" lon="112.74001822806894779205322265625">
        <ele>809.79998779296875</ele>
        <time>2026-08-28T03:33:14.000Z</time>
        <extensions>
          <ns3:TrackPointExtension>
            <ns3:hr>188</ns3:hr>
            <ns3:cad>96</ns3:cad>
          </ns3:TrackPointExtension>
        </extensions>
      </trkpt>
      <trkpt lat="38.723922260105609893798828125" lon="112.73996961303055286407470703125">
        <ele>809.79998779296875</ele>
        <time>2026-08-28T03:33:15.000Z</time>
        <extensions>
          <ns3:TrackPointExtension>
            <ns3:hr>188</ns3:hr>
            <ns3:cad>96</ns3:cad>
          </ns3:TrackPointExtension>
        </extensions>
      </trkpt>
      <trkpt lat="38.72392150573432445526123046875" lon="112.73992921225726604461669921875">
        <ele>809.79998779296875</ele>
        <time>2026-08-28T03:33:16.000Z</time>
        <extensions>
          <ns3:TrackPointExtension>
            <ns3:hr>188</ns3:hr>
            <ns3:cad>96</ns3:cad>
          </ns3:TrackPointExtension>
        </extensions>
      </trkpt>
      <trkpt lat="38.723932318389415740966796875" lon="112.7398858778178691864013671875">
        <ele>809.79998779296875</ele>
        <time>2026-08-28T03:33:17.000Z</time>
        <extensions>
          <ns3:TrackPointExtension>
            <ns3:hr>188</ns3:hr>
            <ns3:cad>96</ns3:cad>
          </ns3:TrackPointExtension>
        </extensions>
      </trkpt>
      <trkpt lat="38.72393240220844745635986328125" lon="112.73984648287296295166015625">
        <ele>810</ele>
        <time>2026-08-28T03:33:18.000Z</time>
        <extensions>
          <ns3:TrackPointExtension>
            <ns3:hr>189</ns3:hr>
            <ns3:cad>96</ns3:cad>
          </ns3:TrackPointExtension>
        </extensions>
      </trkpt>
      <trkpt lat="38.72393407858908176422119140625" lon="112.73981018923223018646240234375">
        <ele>809.79998779296875</ele>
        <time>2026-08-28T03:33:19.000Z</time>
        <extensions>
          <ns3:TrackPointExtension>
            <ns3:hr>189</ns3:hr>
            <ns3:cad>96</ns3:cad>
          </ns3:TrackPointExtension>
        </extensions>
      </trkpt>
      <trkpt lat="38.7239314801990985870361328125" lon="112.73978085257112979888916015625">
        <ele>809.79998779296875</ele>
        <time>2026-08-28T03:33:20.000Z</time>
        <extensions>
          <ns3:TrackPointExtension>
            <ns3:hr>189</ns3:hr>
            <ns3:cad>96</ns3:cad>
          </ns3:TrackPointExtension>
        </extensions>
      </trkpt>
      <trkpt lat="38.72394413687288761138916015625" lon="112.73974983952939510345458984375">
        <ele>810</ele>
        <time>2026-08-28T03:33:21.000Z</time>
        <extensions>
          <ns3:TrackPointExtension>
            <ns3:hr>189</ns3:hr>
            <ns3:cad>96</ns3:cad>
          </ns3:TrackPointExtension>
        </extensions>
      </trkpt>
      <trkpt lat="38.72394405305385589599609375" lon="112.73972620256245136260986328125">
        <ele>810</ele>
        <time>2026-08-28T03:33:22.000Z</time>
        <extensions>
          <ns3:TrackPointExtension>
            <ns3:hr>189</ns3:hr>
            <ns3:cad>96</ns3:cad>
          </ns3:TrackPointExtension>
        </extensions>
      </trkpt>
      <trkpt lat="38.7239532731473445892333984375" lon="112.73970239795744419097900390625">
        <ele>810</ele>
        <time>2026-08-28T03:33:23.000Z</time>
        <extensions>
          <ns3:TrackPointExtension>
            <ns3:hr>189</ns3:hr>
            <ns3:cad>96</ns3:cad>
          </ns3:TrackPointExtension>
        </extensions>
      </trkpt>
      <trkpt lat="38.7239556200802326202392578125" lon="112.7396793477237224578857421875">
        <ele>810</ele>
        <time>2026-08-28T03:33:24.000Z</time>
        <extensions>
          <ns3:TrackPointExtension>
            <ns3:hr>189</ns3:hr>
            <ns3:cad>96</ns3:cad>
          </ns3:TrackPointExtension>
        </extensions>
      </trkpt>
      <trkpt lat="38.7239596433937549591064453125" lon="112.739657051861286163330078125">
        <ele>810</ele>
        <time>2026-08-28T03:33:25.000Z</time>
        <extensions>
          <ns3:TrackPointExtension>
            <ns3:hr>189</ns3:hr>
            <ns3:cad>96</ns3:cad>
          </ns3:TrackPointExtension>
        </extensions>
      </trkpt>
      <trkpt lat="38.7239676900207996368408203125" lon="112.73963584564626216888427734375">
        <ele>810</ele>
        <time>2026-08-28T03:33:26.000Z</time>
        <extensions>
          <ns3:TrackPointExtension>
            <ns3:hr>190</ns3:hr>
            <ns3:cad>89</ns3:cad>
          </ns3:TrackPointExtension>
        </extensions>
      </trkpt>
      <trkpt lat="38.72398319654166698455810546875" lon="112.7396075986325740814208984375">
        <ele>810</ele>
        <time>2026-08-28T03:33:27.000Z</time>
        <extensions>
          <ns3:TrackPointExtension>
            <ns3:hr>190</ns3:hr>
            <ns3:cad>88</ns3:cad>
          </ns3:TrackPointExtension>
        </extensions>
      </trkpt>
      <trkpt lat="38.72398965060710906982421875" lon="112.73958622477948665618896484375">
        <ele>810</ele>
        <time>2026-08-28T03:33:28.000Z</time>
        <extensions>
          <ns3:TrackPointExtension>
            <ns3:hr>190</ns3:hr>
            <ns3:cad>89</ns3:cad>
          </ns3:TrackPointExtension>
        </extensions>
      </trkpt>
      <trkpt lat="38.72400666587054729461669921875" lon="112.73956158198416233062744140625">
        <ele>810</ele>
        <time>2026-08-28T03:33:29.000Z</time>
        <extensions>
          <ns3:TrackPointExtension>
            <ns3:hr>190</ns3:hr>
            <ns3:cad>88</ns3:cad>
          </ns3:TrackPointExtension>
        </extensions>
      </trkpt>
      <trkpt lat="38.72401068918406963348388671875" lon="112.7395405434072017669677734375">
        <ele>810.20001220703125</ele>
        <time>2026-08-28T03:33:30.000Z</time>
        <extensions>
          <ns3:TrackPointExtension>
            <ns3:hr>191</ns3:hr>
            <ns3:cad>89</ns3:cad>
          </ns3:TrackPointExtension>
        </extensions>
      </trkpt>
      <trkpt lat="38.724020831286907196044921875" lon="112.739514224231243133544921875">
        <ele>810.20001220703125</ele>
        <time>2026-08-28T03:33:31.000Z</time>
        <extensions>
          <ns3:TrackPointExtension>
            <ns3:hr>191</ns3:hr>
            <ns3:cad>89</ns3:cad>
          </ns3:TrackPointExtension>
        </extensions>
      </trkpt>
      <trkpt lat="38.72402208857238292694091796875" lon="112.73949486203491687774658203125">
        <ele>810.20001220703125</ele>
        <time>2026-08-28T03:33:32.000Z</time>
        <extensions>
          <ns3:TrackPointExtension>
            <ns3:hr>191</ns3:hr>
            <ns3:cad>89</ns3:cad>
          </ns3:TrackPointExtension>
        </extensions>
      </trkpt>
      <trkpt lat="38.7240318953990936279296875" lon="112.73946938104927539825439453125">
        <ele>810.20001220703125</ele>
        <time>2026-08-28T03:33:33.000Z</time>
        <extensions>
          <ns3:TrackPointExtension>
            <ns3:hr>191</ns3:hr>
            <ns3:cad>89</ns3:cad>
          </ns3:TrackPointExtension>
        </extensions>
      </trkpt>
      <trkpt lat="38.72402711771428585052490234375" lon="112.73945060558617115020751953125">
        <ele>810.20001220703125</ele>
        <time>2026-08-28T03:33:34.000Z</time>
        <extensions>
          <ns3:TrackPointExtension>
            <ns3:hr>190</ns3:hr>
            <ns3:cad>89</ns3:cad>
          </ns3:TrackPointExtension>
        </extensions>
      </trkpt>
      <trkpt lat="38.7240377627313137054443359375" lon="112.73942613042891025543212890625">
        <ele>810.20001220703125</ele>
        <time>2026-08-28T03:33:35.000Z</time>
        <extensions>
          <ns3:TrackPointExtension>
            <ns3:hr>190</ns3:hr>
            <ns3:cad>89</ns3:cad>
          </ns3:TrackPointExtension>
        </extensions>
      </trkpt>
      <trkpt lat="38.7240377627313137054443359375" lon="112.73940400220453739166259765625">
        <ele>810.20001220703125</ele>
        <time>2026-08-28T03:33:36.000Z</time>
        <extensions>
          <ns3:TrackPointExtension>
            <ns3:hr>190</ns3:hr>
            <ns3:cad>89</ns3:cad>
          </ns3:TrackPointExtension>
        </extensions>
      </trkpt>
      <trkpt lat="38.72404840774834156036376953125" lon="112.73937751539051532745361328125">
        <ele>810.4000244140625</ele>
        <time>2026-08-28T03:33:37.000Z</time>
        <extensions>
          <ns3:TrackPointExtension>
            <ns3:hr>189</ns3:hr>
            <ns3:cad>89</ns3:cad>
          </ns3:TrackPointExtension>
        </extensions>
      </trkpt>
      <trkpt lat="38.72404756955802440643310546875" lon="112.7393544651567935943603515625">
        <ele>810.4000244140625</ele>
        <time>2026-08-28T03:33:38.000Z</time>
        <extensions>
          <ns3:TrackPointExtension>
            <ns3:hr>188</ns3:hr>
            <ns3:cad>90</ns3:cad>
          </ns3:TrackPointExtension>
        </extensions>
      </trkpt>
      <trkpt lat="38.72405670583248138427734375" lon="112.7393252961337566375732421875">
        <ele>810.20001220703125</ele>
        <time>2026-08-28T03:33:39.000Z</time>
        <extensions>
          <ns3:TrackPointExtension>
            <ns3:hr>186</ns3:hr>
            <ns3:cad>90</ns3:cad>
          </ns3:TrackPointExtension>
        </extensions>
      </trkpt>
      <trkpt lat="38.72405427508056163787841796875" lon="112.73930408991873264312744140625">
        <ele>810.4000244140625</ele>
        <time>2026-08-28T03:33:40.000Z</time>
        <extensions>
          <ns3:TrackPointExtension>
            <ns3:hr>184</ns3:hr>
            <ns3:cad>90</ns3:cad>
          </ns3:TrackPointExtension>
        </extensions>
      </trkpt>
      <trkpt lat="38.72406399808824062347412109375" lon="112.7392743341624736785888671875">
        <ele>810.20001220703125</ele>
        <time>2026-08-28T03:33:41.000Z</time>
        <extensions>
          <ns3:TrackPointExtension>
            <ns3:hr>182</ns3:hr>
            <ns3:cad>89</ns3:cad>
          </ns3:TrackPointExtension>
        </extensions>
      </trkpt>
      <trkpt lat="38.72406584210693836212158203125" lon="112.73925505578517913818359375">
        <ele>810.20001220703125</ele>
        <time>2026-08-28T03:33:42.000Z</time>
        <extensions>
          <ns3:TrackPointExtension>
            <ns3:hr>181</ns3:hr>
            <ns3:cad>89</ns3:cad>
          </ns3:TrackPointExtension>
        </extensions>
      </trkpt>
      <trkpt lat="38.7240749783813953399658203125" lon="112.73922747932374477386474609375">
        <ele>810.20001220703125</ele>
        <time>2026-08-28T03:33:43.000Z</time>
        <extensions>
          <ns3:TrackPointExtension>
            <ns3:hr>181</ns3:hr>
            <ns3:cad>89</ns3:cad>
          </ns3:TrackPointExtension>
        </extensions>
      </trkpt>
      <trkpt lat="38.72407271526753902435302734375" lon="112.739208452403545379638671875">
        <ele>810.4000244140625</ele>
        <time>2026-08-28T03:33:44.000Z</time>
        <extensions>
          <ns3:TrackPointExtension>
            <ns3:hr>180</ns3:hr>
            <ns3:cad>90</ns3:cad>
          </ns3:TrackPointExtension>
        </extensions>
      </trkpt>
      <trkpt lat="38.7240796722471714019775390625" lon="112.73918104358017444610595703125">
        <ele>810.4000244140625</ele>
        <time>2026-08-28T03:33:45.000Z</time>
        <extensions>
          <ns3:TrackPointExtension>
            <ns3:hr>180</ns3:hr>
            <ns3:cad>91</ns3:cad>
          </ns3:TrackPointExtension>
        </extensions>
      </trkpt>
      <trkpt lat="38.72408352792263031005859375" lon="112.73916042409837245941162109375">
        <ele>810.4000244140625</ele>
        <time>2026-08-28T03:33:46.000Z</time>
        <extensions>
          <ns3:TrackPointExtension>
            <ns3:hr>180</ns3:hr>
            <ns3:cad>91</ns3:cad>
          </ns3:TrackPointExtension>
        </extensions>
      </trkpt>
      <trkpt lat="38.72409400530159473419189453125" lon="112.73913569748401641845703125">
        <ele>810.4000244140625</ele>
        <time>2026-08-28T03:33:47.000Z</time>
        <extensions>
          <ns3:TrackPointExtension>
            <ns3:hr>179</ns3:hr>
            <ns3:cad>90</ns3:cad>
          </ns3:TrackPointExtension>
        </extensions>
      </trkpt>
      <trkpt lat="38.7240977771580219268798828125" lon="112.73911482654511928558349609375">
        <ele>810.4000244140625</ele>
        <time>2026-08-28T03:33:48.000Z</time>
        <extensions>
          <ns3:TrackPointExtension>
            <ns3:hr>179</ns3:hr>
            <ns3:cad>89</ns3:cad>
          </ns3:TrackPointExtension>
        </extensions>
      </trkpt>
      <trkpt lat="38.72411093674600124359130859375" lon="112.73908750154078006744384765625">
        <ele>810.4000244140625</ele>
        <time>2026-08-28T03:33:49.000Z</time>
        <extensions>
          <ns3:TrackPointExtension>
            <ns3:hr>178</ns3:hr>
            <ns3:cad>89</ns3:cad>
          </ns3:TrackPointExtension>
        </extensions>
      </trkpt>
      <trkpt lat="38.72411035001277923583984375" lon="112.7390644513070583343505859375">
        <ele>810.5999755859375</ele>
        <time>2026-08-28T03:33:50.000Z</time>
        <extensions>
          <ns3:TrackPointExtension>
            <ns3:hr>177</ns3:hr>
            <ns3:cad>89</ns3:cad>
          </ns3:TrackPointExtension>
        </extensions>
      </trkpt>
      <trkpt lat="38.724120073020458221435546875" lon="112.73903251625597476959228515625">
        <ele>810.5999755859375</ele>
        <time>2026-08-28T03:33:51.000Z</time>
        <extensions>
          <ns3:TrackPointExtension>
            <ns3:hr>177</ns3:hr>
            <ns3:cad>90</ns3:cad>
          </ns3:TrackPointExtension>
        </extensions>
      </trkpt>
      <trkpt lat="38.72412116266787052154541015625" lon="112.7390091307461261749267578125">
        <ele>810.5999755859375</ele>
        <time>2026-08-28T03:33:52.000Z</time>
        <extensions>
          <ns3:TrackPointExtension>
            <ns3:hr>177</ns3:hr>
            <ns3:cad>90</ns3:cad>
          </ns3:TrackPointExtension>
        </extensions>
      </trkpt>
      <trkpt lat="38.72413172386586666107177734375" lon="112.7389779500663280487060546875">
        <ele>810.5999755859375</ele>
        <time>2026-08-28T03:33:53.000Z</time>
        <extensions>
          <ns3:TrackPointExtension>
            <ns3:hr>176</ns3:hr>
            <ns3:cad>90</ns3:cad>
          </ns3:TrackPointExtension>
        </extensions>
      </trkpt>
      <trkpt lat="38.7241296283900737762451171875" lon="112.738952971994876861572265625">
        <ele>810.5999755859375</ele>
        <time>2026-08-28T03:33:54.000Z</time>
        <extensions>
          <ns3:TrackPointExtension>
            <ns3:hr>177</ns3:hr>
            <ns3:cad>90</ns3:cad>
          </ns3:TrackPointExtension>
        </extensions>
      </trkpt>
      <trkpt lat="38.72413725592195987701416015625" lon="112.73892019875347614288330078125">
        <ele>810.5999755859375</ele>
        <time>2026-08-28T03:33:55.000Z</time>
        <extensions>
          <ns3:TrackPointExtension>
            <ns3:hr>178</ns3:hr>
            <ns3:cad>90</ns3:cad>
          </ns3:TrackPointExtension>
        </extensions>
      </trkpt>
      <trkpt lat="38.72413574717938899993896484375" lon="112.73889589123427867889404296875">
        <ele>810.4000244140625</ele>
        <time>2026-08-28T03:33:56.000Z</time>
        <extensions>
          <ns3:TrackPointExtension>
            <ns3:hr>179</ns3:hr>
            <ns3:cad>91</ns3:cad>
          </ns3:TrackPointExtension>
        </extensions>
      </trkpt>
      <trkpt lat="38.72414312325417995452880859375" lon="112.73886236362159252166748046875">
        <ele>810.4000244140625</ele>
        <time>2026-08-28T03:33:57.000Z</time>
        <extensions>
          <ns3:TrackPointExtension>
            <ns3:hr>179</ns3:hr>
            <ns3:cad>91</ns3:cad>
          </ns3:TrackPointExtension>
        </extensions>
      </trkpt>
      <trkpt lat="38.7241463921964168548583984375" lon="112.73883998394012451171875">
        <ele>810.4000244140625</ele>
        <time>2026-08-28T03:33:58.000Z</time>
        <extensions>
          <ns3:TrackPointExtension>
            <ns3:hr>178</ns3:hr>
            <ns3:cad>91</ns3:cad>
          </ns3:TrackPointExtension>
        </extensions>
      </trkpt>
      <trkpt lat="38.72415569610893726348876953125" lon="112.7388123236596584320068359375">
        <ele>810.4000244140625</ele>
        <time>2026-08-28T03:33:59.000Z</time>
        <extensions>
          <ns3:TrackPointExtension>
            <ns3:hr>178</ns3:hr>
            <ns3:cad>91</ns3:cad>
          </ns3:TrackPointExtension>
        </extensions>
      </trkpt>
      <trkpt lat="38.724155612289905548095703125" lon="112.73878835141658782958984375">
        <ele>810.4000244140625</ele>
        <time>2026-08-28T03:34:00.000Z</time>
        <extensions>
          <ns3:TrackPointExtension>
            <ns3:hr>178</ns3:hr>
            <ns3:cad>91</ns3:cad>
          </ns3:TrackPointExtension>
        </extensions>
      </trkpt>
      <trkpt lat="38.72416676022112369537353515625" lon="112.73875809274613857269287109375">
        <ele>810.4000244140625</ele>
        <time>2026-08-28T03:34:01.000Z</time>
        <extensions>
          <ns3:TrackPointExtension>
            <ns3:hr>179</ns3:hr>
            <ns3:cad>89</ns3:cad>
          </ns3:TrackPointExtension>
        </extensions>
      </trkpt>
      <trkpt lat="38.72416994534432888031005859375" lon="112.738731689751148223876953125">
        <ele>810.4000244140625</ele>
        <time>2026-08-28T03:34:02.000Z</time>
        <extensions>
          <ns3:TrackPointExtension>
            <ns3:hr>178</ns3:hr>
            <ns3:cad>89</ns3:cad>
          </ns3:TrackPointExtension>
        </extensions>
      </trkpt>
      <trkpt lat="38.72418168000876903533935546875" lon="112.738700844347476959228515625">
        <ele>810.4000244140625</ele>
        <time>2026-08-28T03:34:03.000Z</time>
        <extensions>
          <ns3:TrackPointExtension>
            <ns3:hr>178</ns3:hr>
            <ns3:cad>89</ns3:cad>
          </ns3:TrackPointExtension>
        </extensions>
      </trkpt>
      <trkpt lat="38.72418536804616451263427734375" lon="112.7386735193431377410888671875">
        <ele>810.4000244140625</ele>
        <time>2026-08-28T03:34:04.000Z</time>
        <extensions>
          <ns3:TrackPointExtension>
            <ns3:hr>178</ns3:hr>
            <ns3:cad>91</ns3:cad>
          </ns3:TrackPointExtension>
        </extensions>
      </trkpt>
      <trkpt lat="38.724195845425128936767578125" lon="112.73864778690040111541748046875">
        <ele>810.4000244140625</ele>
        <time>2026-08-28T03:34:05.000Z</time>
        <extensions>
          <ns3:TrackPointExtension>
            <ns3:hr>178</ns3:hr>
            <ns3:cad>91</ns3:cad>
          </ns3:TrackPointExtension>
        </extensions>
      </trkpt>
      <trkpt lat="38.724200539290904998779296875" lon="112.738622389733791351318359375">
        <ele>810.5999755859375</ele>
        <time>2026-08-28T03:34:06.000Z</time>
        <extensions>
          <ns3:TrackPointExtension>
            <ns3:hr>178</ns3:hr>
            <ns3:cad>92</ns3:cad>
          </ns3:TrackPointExtension>
        </extensions>
      </trkpt>
      <trkpt lat="38.7242084182798862457275390625" lon="112.73859598673880100250244140625">
        <ele>810.5999755859375</ele>
        <time>2026-08-28T03:34:07.000Z</time>
        <extensions>
          <ns3:TrackPointExtension>
            <ns3:hr>178</ns3:hr>
            <ns3:cad>92</ns3:cad>
          </ns3:TrackPointExtension>
        </extensions>
      </trkpt>
      <trkpt lat="38.72421436943113803863525390625" lon="112.73856933228671550750732421875">
        <ele>810.5999755859375</ele>
        <time>2026-08-28T03:34:08.000Z</time>
        <extensions>
          <ns3:TrackPointExtension>
            <ns3:hr>177</ns3:hr>
            <ns3:cad>92</ns3:cad>
          </ns3:TrackPointExtension>
        </extensions>
      </trkpt>
      <trkpt lat="38.724221996963024139404296875" lon="112.738547958433628082275390625">
        <ele>810.5999755859375</ele>
        <time>2026-08-28T03:34:09.000Z</time>
        <extensions>
          <ns3:TrackPointExtension>
            <ns3:hr>177</ns3:hr>
            <ns3:cad>90</ns3:cad>
          </ns3:TrackPointExtension>
        </extensions>
      </trkpt>
      <trkpt lat="38.7242338992655277252197265625" lon="112.73852155543863773345947265625">
        <ele>810.5999755859375</ele>
        <time>2026-08-28T03:34:10.000Z</time>
        <extensions>
          <ns3:TrackPointExtension>
            <ns3:hr>177</ns3:hr>
            <ns3:cad>90</ns3:cad>
          </ns3:TrackPointExtension>
        </extensions>
      </trkpt>
      <trkpt lat="38.7242382578551769256591796875" lon="112.73849624209105968475341796875">
        <ele>810.5999755859375</ele>
        <time>2026-08-28T03:34:11.000Z</time>
        <extensions>
          <ns3:TrackPointExtension>
            <ns3:hr>176</ns3:hr>
            <ns3:cad>90</ns3:cad>
          </ns3:TrackPointExtension>
        </extensions>
      </trkpt>
      <trkpt lat="38.7242518365383148193359375" lon="112.7384656481444835662841796875">
        <ele>810.5999755859375</ele>
        <time>2026-08-28T03:34:12.000Z</time>
        <extensions>
          <ns3:TrackPointExtension>
            <ns3:hr>176</ns3:hr>
            <ns3:cad>93</ns3:cad>
          </ns3:TrackPointExtension>
        </extensions>
      </trkpt>
      <trkpt lat="38.724256865680217742919921875" lon="112.73844561539590358734130859375">
        <ele>810.5999755859375</ele>
        <time>2026-08-28T03:34:13.000Z</time>
        <extensions>
          <ns3:TrackPointExtension>
            <ns3:hr>175</ns3:hr>
            <ns3:cad>93</ns3:cad>
          </ns3:TrackPointExtension>
        </extensions>
      </trkpt>
      <trkpt lat="38.72426935471594333648681640625" lon="112.738416194915771484375">
        <ele>810.5999755859375</ele>
        <time>2026-08-28T03:34:14.000Z</time>
        <extensions>
          <ns3:TrackPointExtension>
            <ns3:hr>175</ns3:hr>
            <ns3:cad>93</ns3:cad>
          </ns3:TrackPointExtension>
        </extensions>
      </trkpt>
      <trkpt lat="38.72427337802946567535400390625" lon="112.73839540779590606689453125">
        <ele>810.5999755859375</ele>
        <time>2026-08-28T03:34:15.000Z</time>
        <extensions>
          <ns3:TrackPointExtension>
            <ns3:hr>175</ns3:hr>
            <ns3:cad>93</ns3:cad>
          </ns3:TrackPointExtension>
        </extensions>
      </trkpt>
      <trkpt lat="38.7242862023413181304931640625" lon="112.73836598731577396392822265625">
        <ele>810.5999755859375</ele>
        <time>2026-08-28T03:34:16.000Z</time>
        <extensions>
          <ns3:TrackPointExtension>
            <ns3:hr>175</ns3:hr>
            <ns3:cad>92</ns3:cad>
          </ns3:TrackPointExtension>
        </extensions>
      </trkpt>
      <trkpt lat="38.72428729198873043060302734375" lon="112.7383419312536716461181640625">
        <ele>810.5999755859375</ele>
        <time>2026-08-28T03:34:17.000Z</time>
        <extensions>
          <ns3:TrackPointExtension>
            <ns3:hr>175</ns3:hr>
            <ns3:cad>92</ns3:cad>
          </ns3:TrackPointExtension>
        </extensions>
      </trkpt>
      <trkpt lat="38.72429902665317058563232421875" lon="112.738311588764190673828125">
        <ele>810.5999755859375</ele>
        <time>2026-08-28T03:34:18.000Z</time>
        <extensions>
          <ns3:TrackPointExtension>
            <ns3:hr>175</ns3:hr>
            <ns3:cad>92</ns3:cad>
          </ns3:TrackPointExtension>
        </extensions>
      </trkpt>
      <trkpt lat="38.72429902665317058563232421875" lon="112.7382845990359783172607421875">
        <ele>810.5999755859375</ele>
        <time>2026-08-28T03:34:19.000Z</time>
        <extensions>
          <ns3:TrackPointExtension>
            <ns3:hr>174</ns3:hr>
            <ns3:cad>92</ns3:cad>
          </ns3:TrackPointExtension>
        </extensions>
      </trkpt>
      <trkpt lat="38.724309168756008148193359375" lon="112.73825333453714847564697265625">
        <ele>810.5999755859375</ele>
        <time>2026-08-28T03:34:20.000Z</time>
        <extensions>
          <ns3:TrackPointExtension>
            <ns3:hr>174</ns3:hr>
            <ns3:cad>92</ns3:cad>
          </ns3:TrackPointExtension>
        </extensions>
      </trkpt>
      <trkpt lat="38.72431126423180103302001953125" lon="112.7382265962660312652587890625">
        <ele>810.5999755859375</ele>
        <time>2026-08-28T03:34:21.000Z</time>
        <extensions>
          <ns3:TrackPointExtension>
            <ns3:hr>174</ns3:hr>
            <ns3:cad>92</ns3:cad>
          </ns3:TrackPointExtension>
        </extensions>
      </trkpt>
      <trkpt lat="38.72432316653430461883544921875" lon="112.7381967566907405853271484375">
        <ele>810.5999755859375</ele>
        <time>2026-08-28T03:34:22.000Z</time>
        <extensions>
          <ns3:TrackPointExtension>
            <ns3:hr>173</ns3:hr>
            <ns3:cad>92</ns3:cad>
          </ns3:TrackPointExtension>
        </extensions>
      </trkpt>
      <trkpt lat="38.7243264354765415191650390625" lon="112.73817144334316253662109375">
        <ele>810.5999755859375</ele>
        <time>2026-08-28T03:34:23.000Z</time>
        <extensions>
          <ns3:TrackPointExtension>
            <ns3:hr>173</ns3:hr>
            <ns3:cad>92</ns3:cad>
          </ns3:TrackPointExtension>
        </extensions>
      </trkpt>
      <trkpt lat="38.72433967888355255126953125" lon="112.7381441183388233184814453125">
        <ele>810.5999755859375</ele>
        <time>2026-08-28T03:34:24.000Z</time>
        <extensions>
          <ns3:TrackPointExtension>
            <ns3:hr>173</ns3:hr>
            <ns3:cad>91</ns3:cad>
          </ns3:TrackPointExtension>
        </extensions>
      </trkpt>
      <trkpt lat="38.72434596531093120574951171875" lon="112.738113440573215484619140625">
        <ele>810.5999755859375</ele>
        <time>2026-08-28T03:34:25.000Z</time>
        <extensions>
          <ns3:TrackPointExtension>
            <ns3:hr>173</ns3:hr>
            <ns3:cad>91</ns3:cad>
          </ns3:TrackPointExtension>
        </extensions>
      </trkpt>
      <trkpt lat="38.724357448518276214599609375" lon="112.7380847744643688201904296875">
        <ele>810.5999755859375</ele>
        <time>2026-08-28T03:34:26.000Z</time>
        <extensions>
          <ns3:TrackPointExtension>
            <ns3:hr>172</ns3:hr>
            <ns3:cad>91</ns3:cad>
          </ns3:TrackPointExtension>
        </extensions>
      </trkpt>
      <trkpt lat="38.7243663333356380462646484375" lon="112.73805334232747554779052734375">
        <ele>810.79998779296875</ele>
        <time>2026-08-28T03:34:27.000Z</time>
        <extensions>
          <ns3:TrackPointExtension>
            <ns3:hr>172</ns3:hr>
            <ns3:cad>92</ns3:cad>
          </ns3:TrackPointExtension>
        </extensions>
      </trkpt>
      <trkpt lat="38.72437664307653903961181640625" lon="112.7380244247615337371826171875">
        <ele>810.79998779296875</ele>
        <time>2026-08-28T03:34:28.000Z</time>
        <extensions>
          <ns3:TrackPointExtension>
            <ns3:hr>171</ns3:hr>
            <ns3:cad>92</ns3:cad>
          </ns3:TrackPointExtension>
        </extensions>
      </trkpt>
      <trkpt lat="38.72438452206552028656005859375" lon="112.73799601010978221893310546875">
        <ele>810.79998779296875</ele>
        <time>2026-08-28T03:34:29.000Z</time>
        <extensions>
          <ns3:TrackPointExtension>
            <ns3:hr>171</ns3:hr>
            <ns3:cad>92</ns3:cad>
          </ns3:TrackPointExtension>
        </extensions>
      </trkpt>
      <trkpt lat="38.72439256869256496429443359375" lon="112.7379721216857433319091796875">
        <ele>810.79998779296875</ele>
        <time>2026-08-28T03:34:30.000Z</time>
        <extensions>
          <ns3:TrackPointExtension>
            <ns3:hr>171</ns3:hr>
            <ns3:cad>92</ns3:cad>
          </ns3:TrackPointExtension>
        </extensions>
      </trkpt>
      <trkpt lat="38.72440195642411708831787109375" lon="112.73794873617589473724365234375">
        <ele>810.79998779296875</ele>
        <time>2026-08-28T03:34:31.000Z</time>
        <extensions>
          <ns3:TrackPointExtension>
            <ns3:hr>172</ns3:hr>
            <ns3:cad>91</ns3:cad>
          </ns3:TrackPointExtension>
        </extensions>
      </trkpt>
      <trkpt lat="38.7244092486798763275146484375" lon="112.737925685942173004150390625">
        <ele>810.79998779296875</ele>
        <time>2026-08-28T03:34:32.000Z</time>
        <extensions>
          <ns3:TrackPointExtension>
            <ns3:hr>171</ns3:hr>
            <ns3:cad>91</ns3:cad>
          </ns3:TrackPointExtension>
        </extensions>
      </trkpt>
      <trkpt lat="38.72442022897303104400634765625" lon="112.73790054023265838623046875">
        <ele>810.79998779296875</ele>
        <time>2026-08-28T03:34:33.000Z</time>
        <extensions>
          <ns3:TrackPointExtension>
            <ns3:hr>171</ns3:hr>
            <ns3:cad>92</ns3:cad>
          </ns3:TrackPointExtension>
        </extensions>
      </trkpt>
      <trkpt lat="38.7244290299713611602783203125" lon="112.7378748916089534759521484375">
        <ele>810.79998779296875</ele>
        <time>2026-08-28T03:34:34.000Z</time>
        <extensions>
          <ns3:TrackPointExtension>
            <ns3:hr>171</ns3:hr>
            <ns3:cad>92</ns3:cad>
          </ns3:TrackPointExtension>
        </extensions>
      </trkpt>
      <trkpt lat="38.72443892061710357666015625" lon="112.737847901880741119384765625">
        <ele>810.79998779296875</ele>
        <time>2026-08-28T03:34:35.000Z</time>
        <extensions>
          <ns3:TrackPointExtension>
            <ns3:hr>171</ns3:hr>
            <ns3:cad>90</ns3:cad>
          </ns3:TrackPointExtension>
        </extensions>
      </trkpt>
      <trkpt lat="38.72444294393062591552734375" lon="112.737825103104114532470703125">
        <ele>810.79998779296875</ele>
        <time>2026-08-28T03:34:36.000Z</time>
        <extensions>
          <ns3:TrackPointExtension>
            <ns3:hr>170</ns3:hr>
            <ns3:cad>90</ns3:cad>
          </ns3:TrackPointExtension>
        </extensions>
      </trkpt>
      <trkpt lat="38.72445459477603435516357421875" lon="112.73780037648975849151611328125">
        <ele>810.79998779296875</ele>
        <time>2026-08-28T03:34:37.000Z</time>
        <extensions>
          <ns3:TrackPointExtension>
            <ns3:hr>170</ns3:hr>
            <ns3:cad>91</ns3:cad>
          </ns3:TrackPointExtension>
        </extensions>
      </trkpt>
      <trkpt lat="38.72446012683212757110595703125" lon="112.73777623660862445831298828125">
        <ele>810.79998779296875</ele>
        <time>2026-08-28T03:34:38.000Z</time>
        <extensions>
          <ns3:TrackPointExtension>
            <ns3:hr>170</ns3:hr>
            <ns3:cad>91</ns3:cad>
          </ns3:TrackPointExtension>
        </extensions>
      </trkpt>
      <trkpt lat="38.7244722805917263031005859375" lon="112.73774907924234867095947265625">
        <ele>810.79998779296875</ele>
        <time>2026-08-28T03:34:39.000Z</time>
        <extensions>
          <ns3:TrackPointExtension>
            <ns3:hr>170</ns3:hr>
            <ns3:cad>93</ns3:cad>
          </ns3:TrackPointExtension>
        </extensions>
      </trkpt>
      <trkpt lat="38.72447655536234378814697265625" lon="112.73772426880896091461181640625">
        <ele>810.79998779296875</ele>
        <time>2026-08-28T03:34:40.000Z</time>
        <extensions>
          <ns3:TrackPointExtension>
            <ns3:hr>170</ns3:hr>
            <ns3:cad>93</ns3:cad>
          </ns3:TrackPointExtension>
        </extensions>
      </trkpt>
      <trkpt lat="38.724487535655498504638671875" lon="112.73768336512148380279541015625">
        <ele>810.79998779296875</ele>
        <time>2026-08-28T03:34:41.000Z</time>
        <extensions>
          <ns3:TrackPointExtension>
            <ns3:hr>169</ns3:hr>
            <ns3:cad>92</ns3:cad>
          </ns3:TrackPointExtension>
        </extensions>
      </trkpt>
      <trkpt lat="38.724495582282543182373046875" lon="112.7376472391188144683837890625">
        <ele>810.79998779296875</ele>
        <time>2026-08-28T03:34:42.000Z</time>
        <extensions>
          <ns3:TrackPointExtension>
            <ns3:hr>169</ns3:hr>
            <ns3:cad>92</ns3:cad>
          </ns3:TrackPointExtension>
        </extensions>
      </trkpt>
      <trkpt lat="38.724507652223110198974609375" lon="112.7376083470880985260009765625">
        <ele>810.79998779296875</ele>
        <time>2026-08-28T03:34:43.000Z</time>
        <extensions>
          <ns3:TrackPointExtension>
            <ns3:hr>170</ns3:hr>
            <ns3:cad>92</ns3:cad>
          </ns3:TrackPointExtension>
        </extensions>
      </trkpt>
      <trkpt lat="38.7245279364287853240966796875" lon="112.7375483326613903045654296875">
        <ele>810.79998779296875</ele>
        <time>2026-08-28T03:34:44.000Z</time>
        <extensions>
          <ns3:TrackPointExtension>
            <ns3:hr>170</ns3:hr>
            <ns3:cad>91</ns3:cad>
          </ns3:TrackPointExtension>
        </extensions>
      </trkpt>
      <trkpt lat="38.7245410121977329254150390625" lon="112.7374997176229953765869140625">
        <ele>810.79998779296875</ele>
        <time>2026-08-28T03:34:45.000Z</time>
        <extensions>
          <ns3:TrackPointExtension>
            <ns3:hr>169</ns3:hr>
            <ns3:cad>91</ns3:cad>
          </ns3:TrackPointExtension>
        </extensions>
      </trkpt>
      <trkpt lat="38.72456255368888378143310546875" lon="112.73744431324303150177001953125">
        <ele>810.79998779296875</ele>
        <time>2026-08-28T03:34:46.000Z</time>
        <extensions>
          <ns3:TrackPointExtension>
            <ns3:hr>169</ns3:hr>
            <ns3:cad>91</ns3:cad>
          </ns3:TrackPointExtension>
        </extensions>
      </trkpt>
      <trkpt lat="38.72458375990390777587890625" lon="112.7373823709785938262939453125">
        <ele>810.5999755859375</ele>
        <time>2026-08-28T03:34:47.000Z</time>
        <extensions>
          <ns3:TrackPointExtension>
            <ns3:hr>170</ns3:hr>
            <ns3:cad>91</ns3:cad>
          </ns3:TrackPointExtension>
        </extensions>
      </trkpt>
      <trkpt lat="38.72459574602544307708740234375" lon="112.73733903653919696807861328125">
        <ele>810.79998779296875</ele>
        <time>2026-08-28T03:34:48.000Z</time>
        <extensions>
          <ns3:TrackPointExtension>
            <ns3:hr>171</ns3:hr>
            <ns3:cad>91</ns3:cad>
          </ns3:TrackPointExtension>
        </extensions>
      </trkpt>
      <trkpt lat="38.724618293344974517822265625" lon="112.73728363215923309326171875">
        <ele>810.79998779296875</ele>
        <time>2026-08-28T03:34:49.000Z</time>
        <extensions>
          <ns3:TrackPointExtension>
            <ns3:hr>171</ns3:hr>
            <ns3:cad>91</ns3:cad>
          </ns3:TrackPointExtension>
        </extensions>
      </trkpt>
      <trkpt lat="38.72463203966617584228515625" lon="112.73722923360764980316162109375">
        <ele>810.79998779296875</ele>
        <time>2026-08-28T03:34:50.000Z</time>
        <extensions>
          <ns3:TrackPointExtension>
            <ns3:hr>171</ns3:hr>
            <ns3:cad>97</ns3:cad>
          </ns3:TrackPointExtension>
        </extensions>
      </trkpt>
      <trkpt lat="38.7246536649763584136962890625" lon="112.7371805347502231597900390625">
        <ele>810.79998779296875</ele>
        <time>2026-08-28T03:34:51.000Z</time>
        <extensions>
          <ns3:TrackPointExtension>
            <ns3:hr>172</ns3:hr>
            <ns3:cad>97</ns3:cad>
          </ns3:TrackPointExtension>
        </extensions>
      </trkpt>
      <trkpt lat="38.72467688284814357757568359375" lon="112.737116999924182891845703125">
        <ele>810.79998779296875</ele>
        <time>2026-08-28T03:34:52.000Z</time>
        <extensions>
          <ns3:TrackPointExtension>
            <ns3:hr>172</ns3:hr>
            <ns3:cad>98</ns3:cad>
          </ns3:TrackPointExtension>
        </extensions>
      </trkpt>
      <trkpt lat="38.7246922217309474945068359375" lon="112.73706964217126369476318359375">
        <ele>811</ele>
        <time>2026-08-28T03:34:53.000Z</time>
        <extensions>
          <ns3:TrackPointExtension>
            <ns3:hr>175</ns3:hr>
            <ns3:cad>98</ns3:cad>
          </ns3:TrackPointExtension>
        </extensions>
      </trkpt>
      <trkpt lat="38.7247123382985591888427734375" lon="112.7370169200003147125244140625">
        <ele>811</ele>
        <time>2026-08-28T03:34:54.000Z</time>
        <extensions>
          <ns3:TrackPointExtension>
            <ns3:hr>176</ns3:hr>
            <ns3:cad>98</ns3:cad>
          </ns3:TrackPointExtension>
        </extensions>
      </trkpt>
      <trkpt lat="38.72472600080072879791259765625" lon="112.736959755420684814453125">
        <ele>811</ele>
        <time>2026-08-28T03:34:55.000Z</time>
        <extensions>
          <ns3:TrackPointExtension>
            <ns3:hr>177</ns3:hr>
            <ns3:cad>98</ns3:cad>
          </ns3:TrackPointExtension>
        </extensions>
      </trkpt>
      <trkpt lat="38.72474108822643756866455078125" lon="112.73691189475357532501220703125">
        <ele>811</ele>
        <time>2026-08-28T03:34:56.000Z</time>
        <extensions>
          <ns3:TrackPointExtension>
            <ns3:hr>177</ns3:hr>
            <ns3:cad>98</ns3:cad>
          </ns3:TrackPointExtension>
        </extensions>
      </trkpt>
      <trkpt lat="38.72476279735565185546875" lon="112.73685271851718425750732421875">
        <ele>811</ele>
        <time>2026-08-28T03:34:57.000Z</time>
        <extensions>
          <ns3:TrackPointExtension>
            <ns3:hr>177</ns3:hr>
            <ns3:cad>98</ns3:cad>
          </ns3:TrackPointExtension>
        </extensions>
      </trkpt>
      <trkpt lat="38.7247777171432971954345703125" lon="112.7368068695068359375">
        <ele>811.20001220703125</ele>
        <time>2026-08-28T03:34:58.000Z</time>
        <extensions>
          <ns3:TrackPointExtension>
            <ns3:hr>177</ns3:hr>
            <ns3:cad>98</ns3:cad>
          </ns3:TrackPointExtension>
        </extensions>
      </trkpt>
      <trkpt lat="38.72479976154863834381103515625" lon="112.736762277781963348388671875">
        <ele>811.20001220703125</ele>
        <time>2026-08-28T03:34:59.000Z</time>
        <extensions>
          <ns3:TrackPointExtension>
            <ns3:hr>177</ns3:hr>
            <ns3:cad>98</ns3:cad>
          </ns3:TrackPointExtension>
        </extensions>
      </trkpt>
      <trkpt lat="38.72482205741107463836669921875" lon="112.7367007546126842498779296875">
        <ele>811</ele>
        <time>2026-08-28T03:35:00.000Z</time>
        <extensions>
          <ns3:TrackPointExtension>
            <ns3:hr>178</ns3:hr>
            <ns3:cad>98</ns3:cad>
          </ns3:TrackPointExtension>
        </extensions>
      </trkpt>
      <trkpt lat="38.72483178041875362396240234375" lon="112.736654318869113922119140625">
        <ele>811</ele>
        <time>2026-08-28T03:35:01.000Z</time>
        <extensions>
          <ns3:TrackPointExtension>
            <ns3:hr>179</ns3:hr>
            <ns3:cad>98</ns3:cad>
          </ns3:TrackPointExtension>
        </extensions>
      </trkpt>
      <trkpt lat="38.72484929859638214111328125" lon="112.736605703830718994140625">
        <ele>811</ele>
        <time>2026-08-28T03:35:02.000Z</time>
        <extensions>
          <ns3:TrackPointExtension>
            <ns3:hr>180</ns3:hr>
            <ns3:cad>97</ns3:cad>
          </ns3:TrackPointExtension>
        </extensions>
      </trkpt>
      <trkpt lat="38.72486446984112262725830078125" lon="112.7365508861839771270751953125">
        <ele>811</ele>
        <time>2026-08-28T03:35:03.000Z</time>
        <extensions>
          <ns3:TrackPointExtension>
            <ns3:hr>180</ns3:hr>
            <ns3:cad>97</ns3:cad>
          </ns3:TrackPointExtension>
        </extensions>
      </trkpt>
      <trkpt lat="38.7248719297349452972412109375" lon="112.73650872521102428436279296875">
        <ele>811</ele>
        <time>2026-08-28T03:35:04.000Z</time>
        <extensions>
          <ns3:TrackPointExtension>
            <ns3:hr>181</ns3:hr>
            <ns3:cad>97</ns3:cad>
          </ns3:TrackPointExtension>
        </extensions>
      </trkpt>
      <trkpt lat="38.7248923815786838531494140625" lon="112.7364514768123626708984375">
        <ele>811</ele>
        <time>2026-08-28T03:35:05.000Z</time>
        <extensions>
          <ns3:TrackPointExtension>
            <ns3:hr>182</ns3:hr>
            <ns3:cad>97</ns3:cad>
          </ns3:TrackPointExtension>
        </extensions>
      </trkpt>
      <trkpt lat="38.72491023503243923187255859375" lon="112.73640227504074573516845703125">
        <ele>811</ele>
        <time>2026-08-28T03:35:06.000Z</time>
        <extensions>
          <ns3:TrackPointExtension>
            <ns3:hr>183</ns3:hr>
            <ns3:cad>97</ns3:cad>
          </ns3:TrackPointExtension>
        </extensions>
      </trkpt>
      <trkpt lat="38.7249292619526386260986328125" lon="112.73635416291654109954833984375">
        <ele>811.20001220703125</ele>
        <time>2026-08-28T03:35:07.000Z</time>
        <extensions>
          <ns3:TrackPointExtension>
            <ns3:hr>184</ns3:hr>
            <ns3:cad>97</ns3:cad>
          </ns3:TrackPointExtension>
        </extensions>
      </trkpt>
      <trkpt lat="38.72494812123477458953857421875" lon="112.73629398085176944732666015625">
        <ele>811.20001220703125</ele>
        <time>2026-08-28T03:35:08.000Z</time>
        <extensions>
          <ns3:TrackPointExtension>
            <ns3:hr>185</ns3:hr>
            <ns3:cad>97</ns3:cad>
          </ns3:TrackPointExtension>
        </extensions>
      </trkpt>
      <trkpt lat="38.724961616098880767822265625" lon="112.73624972440302371978759765625">
        <ele>811.4000244140625</ele>
        <time>2026-08-28T03:35:09.000Z</time>
        <extensions>
          <ns3:TrackPointExtension>
            <ns3:hr>185</ns3:hr>
            <ns3:cad>97</ns3:cad>
          </ns3:TrackPointExtension>
        </extensions>
      </trkpt>
      <trkpt lat="38.72497946955263614654541015625" lon="112.7361944876611232757568359375">
        <ele>811.4000244140625</ele>
        <time>2026-08-28T03:35:10.000Z</time>
        <extensions>
          <ns3:TrackPointExtension>
            <ns3:hr>186</ns3:hr>
            <ns3:cad>97</ns3:cad>
          </ns3:TrackPointExtension>
        </extensions>
      </trkpt>
      <trkpt lat="38.72499145567417144775390625" lon="112.73614528588950634002685546875">
        <ele>811.4000244140625</ele>
        <time>2026-08-28T03:35:11.000Z</time>
        <extensions>
          <ns3:TrackPointExtension>
            <ns3:hr>186</ns3:hr>
            <ns3:cad>97</ns3:cad>
          </ns3:TrackPointExtension>
        </extensions>
      </trkpt>
      <trkpt lat="38.7250046990811824798583984375" lon="112.736097089946269989013671875">
        <ele>811.4000244140625</ele>
        <time>2026-08-28T03:35:12.000Z</time>
        <extensions>
          <ns3:TrackPointExtension>
            <ns3:hr>186</ns3:hr>
            <ns3:cad>96</ns3:cad>
          </ns3:TrackPointExtension>
        </extensions>
      </trkpt>
      <trkpt lat="38.725020624697208404541015625" lon="112.7360422722995281219482421875">
        <ele>811.4000244140625</ele>
        <time>2026-08-28T03:35:13.000Z</time>
        <extensions>
          <ns3:TrackPointExtension>
            <ns3:hr>186</ns3:hr>
            <ns3:cad>96</ns3:cad>
          </ns3:TrackPointExtension>
        </extensions>
      </trkpt>
      <trkpt lat="38.72503009624779224395751953125" lon="112.73600195534527301788330078125">
        <ele>811.4000244140625</ele>
        <time>2026-08-28T03:35:14.000Z</time>
        <extensions>
          <ns3:TrackPointExtension>
            <ns3:hr>187</ns3:hr>
            <ns3:cad>96</ns3:cad>
          </ns3:TrackPointExtension>
        </extensions>
      </trkpt>
      <trkpt lat="38.7250564992427825927734375" lon="112.73594789206981658935546875">
        <ele>811.4000244140625</ele>
        <time>2026-08-28T03:35:15.000Z</time>
        <extensions>
          <ns3:TrackPointExtension>
            <ns3:hr>187</ns3:hr>
            <ns3:cad>96</ns3:cad>
          </ns3:TrackPointExtension>
        </extensions>
      </trkpt>
      <trkpt lat="38.72506848536431789398193359375" lon="112.73590388707816600799560546875">
        <ele>811.4000244140625</ele>
        <time>2026-08-28T03:35:16.000Z</time>
        <extensions>
          <ns3:TrackPointExtension>
            <ns3:hr>187</ns3:hr>
            <ns3:cad>95</ns3:cad>
          </ns3:TrackPointExtension>
        </extensions>
      </trkpt>
      <trkpt lat="38.725087344646453857421875" lon="112.73585426621139049530029296875">
        <ele>811.4000244140625</ele>
        <time>2026-08-28T03:35:17.000Z</time>
        <extensions>
          <ns3:TrackPointExtension>
            <ns3:hr>188</ns3:hr>
            <ns3:cad>95</ns3:cad>
          </ns3:TrackPointExtension>
        </extensions>
      </trkpt>
      <trkpt lat="38.7251022644340991973876953125" lon="112.73581302724778652191162109375">
        <ele>811.5999755859375</ele>
        <time>2026-08-28T03:35:18.000Z</time>
        <extensions>
          <ns3:TrackPointExtension>
            <ns3:hr>188</ns3:hr>
            <ns3:cad>95</ns3:cad>
          </ns3:TrackPointExtension>
        </extensions>
      </trkpt>
      <trkpt lat="38.72511508874595165252685546875" lon="112.7357763983309268951416015625">
        <ele>811.5999755859375</ele>
        <time>2026-08-28T03:35:19.000Z</time>
        <extensions>
          <ns3:TrackPointExtension>
            <ns3:hr>188</ns3:hr>
            <ns3:cad>95</ns3:cad>
          </ns3:TrackPointExtension>
        </extensions>
      </trkpt>
      <trkpt lat="38.72512246482074260711669921875" lon="112.7357435412704944610595703125">
        <ele>811.5999755859375</ele>
        <time>2026-08-28T03:35:20.000Z</time>
        <extensions>
          <ns3:TrackPointExtension>
            <ns3:hr>188</ns3:hr>
            <ns3:cad>94</ns3:cad>
          </ns3:TrackPointExtension>
        </extensions>
      </trkpt>
      <trkpt lat="38.72513302601873874664306640625" lon="112.7357096783816814422607421875">
        <ele>811.79998779296875</ele>
        <time>2026-08-28T03:35:21.000Z</time>
        <extensions>
          <ns3:TrackPointExtension>
            <ns3:hr>188</ns3:hr>
            <ns3:cad>94</ns3:cad>
          </ns3:TrackPointExtension>
        </extensions>
      </trkpt>
      <trkpt lat="38.72514224611222743988037109375" lon="112.73567958734929561614990234375">
        <ele>811.79998779296875</ele>
        <time>2026-08-28T03:35:22.000Z</time>
        <extensions>
          <ns3:TrackPointExtension>
            <ns3:hr>189</ns3:hr>
            <ns3:cad>93</ns3:cad>
          </ns3:TrackPointExtension>
        </extensions>
      </trkpt>
      <trkpt lat="38.7251512147486209869384765625" lon="112.73565226234495639801025390625">
        <ele>811.79998779296875</ele>
        <time>2026-08-28T03:35:23.000Z</time>
        <extensions>
          <ns3:TrackPointExtension>
            <ns3:hr>189</ns3:hr>
            <ns3:cad>92</ns3:cad>
          </ns3:TrackPointExtension>
        </extensions>
      </trkpt>
      <trkpt lat="38.7251606024801731109619140625" lon="112.7356241829693317413330078125">
        <ele>811.79998779296875</ele>
        <time>2026-08-28T03:35:24.000Z</time>
        <extensions>
          <ns3:TrackPointExtension>
            <ns3:hr>188</ns3:hr>
            <ns3:cad>90</ns3:cad>
          </ns3:TrackPointExtension>
        </extensions>
      </trkpt>
    </trkseg>
  </trk>
</gpx>
